arch,ll_mode,experience_sharing,share_mode,use_tutee,episode,reward,steps,mastery_mean,mastery_min,completed,flat_agent_reward,avg_agent_reward,n_ll_agents,share_enabled_eff,share_mode_eff,share_attempts,share_peer_samples,share_mean_peer_weight,share_eligible_peers_mean,share_selected_peers_mean,ll_reward_0,ll_reward_1,ll_reward_2,ll_reward_3,ll_reward_4,ll_reward_5,ll_reward_6,tutee_reward_total,avg_reward_per_learning_agent,avg_reward_per_topic_slot
flat,single,0,off,0,1,-8.464072432089619,400.0,0.6268161535263062,0.23739202320575714,0,-8.464072432089619,-8.464072432089619,1,0,off,0,0,0.0,0.0,0.0,0.0,0.0,0.0,0.0,0.0,0.0,0.0,0.0,-8.464072432089619,-8.464072432089619
flat,single,0,off,0,2,-7.380328941188069,400.0,0.7508122324943542,0.5663259029388428,0,-7.380328941188069,-7.380328941188069,1,0,off,0,0,0.0,0.0,0.0,0.0,0.0,0.0,0.0,0.0,0.0,0.0,0.0,-7.380328941188069,-7.380328941188069
flat,single,0,off,0,3,-3.409560939039794,284.0,0.8260024189949036,0.7522296905517578,1,-3.409560939039794,-3.409560939039794,1,0,off,0,0,0.0,0.0,0.0,0.0,0.0,0.0,0.0,0.0,0.0,0.0,0.0,-3.409560939039794,-3.409560939039794
flat,single,0,off,0,4,-7.5361247878987525,400.0,0.7359684705734253,0.10720279067754745,0,-7.5361247878987525,-7.5361247878987525,1,0,off,0,0,0.0,0.0,0.0,0.0,0.0,0.0,0.0,0.0,0.0,0.0,0.0,-7.5361247878987525,-7.5361247878987525
flat,single,0,off,0,5,-3.7751399274589246,312.0,0.8167456984519958,0.760073721408844,1,-3.7751399274589246,-3.7751399274589246,1,0,off,0,0,0.0,0.0,0.0,0.0,0.0,0.0,0.0,0.0,0.0,0.0,0.0,-3.7751399274589246,-3.7751399274589246
flat,single,0,off,0,6,-7.380448538489888,400.0,0.7802637815475464,0.6107253432273865,0,-7.380448538489888,-7.380448538489888,1,0,off,0,0,0.0,0.0,0.0,0.0,0.0,0.0,0.0,0.0,0.0,0.0,0.0,-7.380448538489888,-7.380448538489888
flat,single,0,off,0,7,-8.36456267917529,400.0,0.5809963941574097,0.0886199027299881,0,-8.36456267917529,-8.36456267917529,1,0,off,0,0,0.0,0.0,0.0,0.0,0.0,0.0,0.0,0.0,0.0,0.0,0.0,-8.36456267917529,-8.36456267917529
flat,single,0,off,0,8,-7.018589109263869,400.0,0.7927404046058655,0.5300400853157043,0,-7.018589109263869,-7.018589109263869,1,0,off,0,0,0.0,0.0,0.0,0.0,0.0,0.0,0.0,0.0,0.0,0.0,0.0,-7.018589109263869,-7.018589109263869
flat,single,0,off,0,9,-7.5534753328829645,400.0,0.7083539366722107,0.17261581122875214,0,-7.5534753328829645,-7.5534753328829645,1,0,off,0,0,0.0,0.0,0.0,0.0,0.0,0.0,0.0,0.0,0.0,0.0,0.0,-7.5534753328829645,-7.5534753328829645
flat,single,0,off,0,10,-6.944722333858976,400.0,0.7903293371200562,0.5955979228019714,0,-6.944722333858976,-6.944722333858976,1,0,off,0,0,0.0,0.0,0.0,0.0,0.0,0.0,0.0,0.0,0.0,0.0,0.0,-6.944722333858976,-6.944722333858976
flat,single,0,off,0,11,-9.514871509303342,400.0,0.46930211782455444,0.15992704033851624,0,-9.514871509303342,-9.514871509303342,1,0,off,0,0,0.0,0.0,0.0,0.0,0.0,0.0,0.0,0.0,0.0,0.0,0.0,-9.514871509303342,-9.514871509303342
flat,single,0,off,0,12,-5.974623967154184,370.0,0.8343327641487122,0.7577151656150818,1,-5.974623967154184,-5.974623967154184,1,0,off,0,0,0.0,0.0,0.0,0.0,0.0,0.0,0.0,0.0,0.0,0.0,0.0,-5.974623967154184,-5.974623967154184
flat,single,0,off,0,13,-7.450467362359649,400.0,0.7428085207939148,0.5002509355545044,0,-7.450467362359649,-7.450467362359649,1,0,off,0,0,0.0,0.0,0.0,0.0,0.0,0.0,0.0,0.0,0.0,0.0,0.0,-7.450467362359649,-7.450467362359649
flat,single,0,off,0,14,-4.162041415533735,323.0,0.814830482006073,0.7545334696769714,1,-4.162041415533735,-4.162041415533735,1,0,off,0,0,0.0,0.0,0.0,0.0,0.0,0.0,0.0,0.0,0.0,0.0,0.0,-4.162041415533735,-4.162041415533735
flat,single,0,off,0,15,-2.156334399530897,255.0,0.7910256385803223,0.7562766075134277,1,-2.156334399530897,-2.156334399530897,1,0,off,0,0,0.0,0.0,0.0,0.0,0.0,0.0,0.0,0.0,0.0,0.0,0.0,-2.156334399530897,-2.156334399530897
flat,single,0,off,0,16,-2.1044935675093486,254.0,0.8385794758796692,0.7530031204223633,1,-2.1044935675093486,-2.1044935675093486,1,0,off,0,0,0.0,0.0,0.0,0.0,0.0,0.0,0.0,0.0,0.0,0.0,0.0,-2.1044935675093486,-2.1044935675093486
flat,single,0,off,0,17,-3.741836413030971,295.0,0.8271175622940063,0.7502980828285217,1,-3.741836413030971,-3.741836413030971,1,0,off,0,0,0.0,0.0,0.0,0.0,0.0,0.0,0.0,0.0,0.0,0.0,0.0,-3.741836413030971,-3.741836413030971
flat,single,0,off,0,18,-6.959220776474115,400.0,0.8041278719902039,0.6300324201583862,0,-6.959220776474115,-6.959220776474115,1,0,off,0,0,0.0,0.0,0.0,0.0,0.0,0.0,0.0,0.0,0.0,0.0,0.0,-6.959220776474115,-6.959220776474115
flat,single,0,off,0,19,-4.452404623441383,333.0,0.8447684645652771,0.7571073174476624,1,-4.452404623441383,-4.452404623441383,1,0,off,0,0,0.0,0.0,0.0,0.0,0.0,0.0,0.0,0.0,0.0,0.0,0.0,-4.452404623441383,-4.452404623441383
flat,single,0,off,0,20,-2.5751377963763664,256.0,0.8149334192276001,0.757063090801239,1,-2.5751377963763664,-2.5751377963763664,1,0,off,0,0,0.0,0.0,0.0,0.0,0.0,0.0,0.0,0.0,0.0,0.0,0.0,-2.5751377963763664,-2.5751377963763664
flat,single,0,off,0,21,-2.972195422089406,269.0,0.7893614768981934,0.7566606998443604,1,-2.972195422089406,-2.972195422089406,1,0,off,0,0,0.0,0.0,0.0,0.0,0.0,0.0,0.0,0.0,0.0,0.0,0.0,-2.972195422089406,-2.972195422089406
flat,single,0,off,0,22,-6.483032906843594,387.0,0.8731892704963684,0.7523316144943237,1,-6.483032906843594,-6.483032906843594,1,0,off,0,0,0.0,0.0,0.0,0.0,0.0,0.0,0.0,0.0,0.0,0.0,0.0,-6.483032906843594,-6.483032906843594
flat,single,0,off,0,23,-2.992445882252648,270.0,0.8243235349655151,0.7569059729576111,1,-2.992445882252648,-2.992445882252648,1,0,off,0,0,0.0,0.0,0.0,0.0,0.0,0.0,0.0,0.0,0.0,0.0,0.0,-2.992445882252648,-2.992445882252648
flat,single,0,off,0,24,-2.83813370225018,278.0,0.8006680607795715,0.7531635761260986,1,-2.83813370225018,-2.83813370225018,1,0,off,0,0,0.0,0.0,0.0,0.0,0.0,0.0,0.0,0.0,0.0,0.0,0.0,-2.83813370225018,-2.83813370225018
flat,single,0,off,0,25,-6.8324293376587,400.0,0.8135648965835571,0.7412428855895996,0,-6.8324293376587,-6.8324293376587,1,0,off,0,0,0.0,0.0,0.0,0.0,0.0,0.0,0.0,0.0,0.0,0.0,0.0,-6.8324293376587,-6.8324293376587
flat,single,0,off,0,26,-2.639405230849511,258.0,0.8092944025993347,0.7519763708114624,1,-2.639405230849511,-2.639405230849511,1,0,off,0,0,0.0,0.0,0.0,0.0,0.0,0.0,0.0,0.0,0.0,0.0,0.0,-2.639405230849511,-2.639405230849511
flat,single,0,off,0,27,-6.968121030769552,400.0,0.8172035813331604,0.5895413160324097,0,-6.968121030769552,-6.968121030769552,1,0,off,0,0,0.0,0.0,0.0,0.0,0.0,0.0,0.0,0.0,0.0,0.0,0.0,-6.968121030769552,-6.968121030769552
flat,single,0,off,0,28,-3.64040049299246,309.0,0.7940322160720825,0.7587485313415527,1,-3.64040049299246,-3.64040049299246,1,0,off,0,0,0.0,0.0,0.0,0.0,0.0,0.0,0.0,0.0,0.0,0.0,0.0,-3.64040049299246,-3.64040049299246
flat,single,0,off,0,29,-3.506464016496894,301.0,0.8541461229324341,0.760597288608551,1,-3.506464016496894,-3.506464016496894,1,0,off,0,0,0.0,0.0,0.0,0.0,0.0,0.0,0.0,0.0,0.0,0.0,0.0,-3.506464016496894,-3.506464016496894
flat,single,0,off,0,30,-6.915366653143464,400.0,0.7877530455589294,0.7263769507408142,0,-6.915366653143464,-6.915366653143464,1,0,off,0,0,0.0,0.0,0.0,0.0,0.0,0.0,0.0,0.0,0.0,0.0,0.0,-6.915366653143464,-6.915366653143464
flat,single,0,off,0,31,-3.757167515218004,296.0,0.7779852151870728,0.7547025680541992,1,-3.757167515218004,-3.757167515218004,1,0,off,0,0,0.0,0.0,0.0,0.0,0.0,0.0,0.0,0.0,0.0,0.0,0.0,-3.757167515218004,-3.757167515218004
flat,single,0,off,0,32,-4.1591676572908005,309.0,0.8177112936973572,0.7568519115447998,1,-4.1591676572908005,-4.1591676572908005,1,0,off,0,0,0.0,0.0,0.0,0.0,0.0,0.0,0.0,0.0,0.0,0.0,0.0,-4.1591676572908005,-4.1591676572908005
flat,single,0,off,0,33,-3.7800685503298777,286.0,0.805884063243866,0.7583885192871094,1,-3.7800685503298777,-3.7800685503298777,1,0,off,0,0,0.0,0.0,0.0,0.0,0.0,0.0,0.0,0.0,0.0,0.0,0.0,-3.7800685503298777,-3.7800685503298777
flat,single,0,off,0,34,-5.235534511504223,358.0,0.821180522441864,0.7563117146492004,1,-5.235534511504223,-5.235534511504223,1,0,off,0,0,0.0,0.0,0.0,0.0,0.0,0.0,0.0,0.0,0.0,0.0,0.0,-5.235534511504223,-5.235534511504223
flat,single,0,off,0,35,-2.482458883806824,253.0,0.8029054999351501,0.7596830129623413,1,-2.482458883806824,-2.482458883806824,1,0,off,0,0,0.0,0.0,0.0,0.0,0.0,0.0,0.0,0.0,0.0,0.0,0.0,-2.482458883806824,-2.482458883806824
flat,single,0,off,0,36,-1.5293544357107065,234.0,0.7910872101783752,0.7542603611946106,1,-1.5293544357107065,-1.5293544357107065,1,0,off,0,0,0.0,0.0,0.0,0.0,0.0,0.0,0.0,0.0,0.0,0.0,0.0,-1.5293544357107065,-1.5293544357107065
flat,single,0,off,0,37,-1.8434075222769806,231.0,0.7803904414176941,0.7537991404533386,1,-1.8434075222769806,-1.8434075222769806,1,0,off,0,0,0.0,0.0,0.0,0.0,0.0,0.0,0.0,0.0,0.0,0.0,0.0,-1.8434075222769806,-1.8434075222769806
flat,single,0,off,0,38,-3.4131330578389942,298.0,0.8162509799003601,0.7571855783462524,1,-3.4131330578389942,-3.4131330578389942,1,0,off,0,0,0.0,0.0,0.0,0.0,0.0,0.0,0.0,0.0,0.0,0.0,0.0,-3.4131330578389942,-3.4131330578389942
flat,single,0,off,0,39,-6.485415736914724,400.0,0.8638731241226196,0.7235927581787109,0,-6.485415736914724,-6.485415736914724,1,0,off,0,0,0.0,0.0,0.0,0.0,0.0,0.0,0.0,0.0,0.0,0.0,0.0,-6.485415736914724,-6.485415736914724
flat,single,0,off,0,40,-5.004615959846398,351.0,0.8526142239570618,0.7542409300804138,1,-5.004615959846398,-5.004615959846398,1,0,off,0,0,0.0,0.0,0.0,0.0,0.0,0.0,0.0,0.0,0.0,0.0,0.0,-5.004615959846398,-5.004615959846398
flat,single,0,off,0,41,-2.38554114548955,263.0,0.8150037527084351,0.7588091492652893,1,-2.38554114548955,-2.38554114548955,1,0,off,0,0,0.0,0.0,0.0,0.0,0.0,0.0,0.0,0.0,0.0,0.0,0.0,-2.38554114548955,-2.38554114548955
flat,single,0,off,0,42,-2.832709768516936,278.0,0.8272954225540161,0.7526645660400391,1,-2.832709768516936,-2.832709768516936,1,0,off,0,0,0.0,0.0,0.0,0.0,0.0,0.0,0.0,0.0,0.0,0.0,0.0,-2.832709768516936,-2.832709768516936
flat,single,0,off,0,43,-6.53412459308516,388.0,0.8070979118347168,0.7534984350204468,1,-6.53412459308516,-6.53412459308516,1,0,off,0,0,0.0,0.0,0.0,0.0,0.0,0.0,0.0,0.0,0.0,0.0,0.0,-6.53412459308516,-6.53412459308516
flat,single,0,off,0,44,-4.942064990877387,335.0,0.8220810890197754,0.7573847770690918,1,-4.942064990877387,-4.942064990877387,1,0,off,0,0,0.0,0.0,0.0,0.0,0.0,0.0,0.0,0.0,0.0,0.0,0.0,-4.942064990877387,-4.942064990877387
flat,single,0,off,0,45,-1.4075011526525532,230.0,0.7940627336502075,0.7540583610534668,1,-1.4075011526525532,-1.4075011526525532,1,0,off,0,0,0.0,0.0,0.0,0.0,0.0,0.0,0.0,0.0,0.0,0.0,0.0,-1.4075011526525532,-1.4075011526525532
flat,single,0,off,0,46,-3.7523699550540055,295.0,0.8001895546913147,0.7580289840698242,1,-3.7523699550540055,-3.7523699550540055,1,0,off,0,0,0.0,0.0,0.0,0.0,0.0,0.0,0.0,0.0,0.0,0.0,0.0,-3.7523699550540055,-3.7523699550540055
flat,single,0,off,0,47,-3.2540177402633494,292.0,0.8085576891899109,0.7566606998443604,1,-3.2540177402633494,-3.2540177402633494,1,0,off,0,0,0.0,0.0,0.0,0.0,0.0,0.0,0.0,0.0,0.0,0.0,0.0,-3.2540177402633494,-3.2540177402633494
flat,single,0,off,0,48,-2.840343797222004,278.0,0.8119200468063354,0.7530031204223633,1,-2.840343797222004,-2.840343797222004,1,0,off,0,0,0.0,0.0,0.0,0.0,0.0,0.0,0.0,0.0,0.0,0.0,0.0,-2.840343797222004,-2.840343797222004
flat,single,0,off,0,49,-2.438276738855047,251.0,0.7918464541435242,0.7540563344955444,1,-2.438276738855047,-2.438276738855047,1,0,off,0,0,0.0,0.0,0.0,0.0,0.0,0.0,0.0,0.0,0.0,0.0,0.0,-2.438276738855047,-2.438276738855047
flat,single,0,off,0,50,-7.405795201484604,400.0,0.749973475933075,0.5618113279342651,0,-7.405795201484604,-7.405795201484604,1,0,off,0,0,0.0,0.0,0.0,0.0,0.0,0.0,0.0,0.0,0.0,0.0,0.0,-7.405795201484604,-7.405795201484604
flat,single,0,off,0,51,-2.5151837173313845,254.0,0.8201608657836914,0.7520099878311157,1,-2.5151837173313845,-2.5151837173313845,1,0,off,0,0,0.0,0.0,0.0,0.0,0.0,0.0,0.0,0.0,0.0,0.0,0.0,-2.5151837173313845,-2.5151837173313845
flat,single,0,off,0,52,-1.7237719187466478,241.0,0.8087337613105774,0.7515314817428589,1,-1.7237719187466478,-1.7237719187466478,1,0,off,0,0,0.0,0.0,0.0,0.0,0.0,0.0,0.0,0.0,0.0,0.0,0.0,-1.7237719187466478,-1.7237719187466478
flat,single,0,off,0,53,-3.60228725586201,305.0,0.8203011155128479,0.7575201988220215,1,-3.60228725586201,-3.60228725586201,1,0,off,0,0,0.0,0.0,0.0,0.0,0.0,0.0,0.0,0.0,0.0,0.0,0.0,-3.60228725586201,-3.60228725586201
flat,single,0,off,0,54,-2.269115813570098,259.0,0.8185917139053345,0.7503675222396851,1,-2.269115813570098,-2.269115813570098,1,0,off,0,0,0.0,0.0,0.0,0.0,0.0,0.0,0.0,0.0,0.0,0.0,0.0,-2.269115813570098,-2.269115813570098
flat,single,0,off,0,55,-3.7569177319842666,312.0,0.815938413143158,0.7595919370651245,1,-3.7569177319842666,-3.7569177319842666,1,0,off,0,0,0.0,0.0,0.0,0.0,0.0,0.0,0.0,0.0,0.0,0.0,0.0,-3.7569177319842666,-3.7569177319842666
flat,single,0,off,0,56,-3.2466735259594626,292.0,0.8142136335372925,0.7530031204223633,1,-3.2466735259594626,-3.2466735259594626,1,0,off,0,0,0.0,0.0,0.0,0.0,0.0,0.0,0.0,0.0,0.0,0.0,0.0,-3.2466735259594626,-3.2466735259594626
flat,single,0,off,0,57,-3.2902990160602825,293.0,0.799387514591217,0.7557886838912964,1,-3.2902990160602825,-3.2902990160602825,1,0,off,0,0,0.0,0.0,0.0,0.0,0.0,0.0,0.0,0.0,0.0,0.0,0.0,-3.2902990160602825,-3.2902990160602825
flat,single,0,off,0,58,-3.689036102456721,293.0,0.8097779154777527,0.7553867697715759,1,-3.689036102456721,-3.689036102456721,1,0,off,0,0,0.0,0.0,0.0,0.0,0.0,0.0,0.0,0.0,0.0,0.0,0.0,-3.689036102456721,-3.689036102456721
flat,single,0,off,0,59,-1.8403373782464816,245.0,0.7950037717819214,0.7561898231506348,1,-1.8403373782464816,-1.8403373782464816,1,0,off,0,0,0.0,0.0,0.0,0.0,0.0,0.0,0.0,0.0,0.0,0.0,0.0,-1.8403373782464816,-1.8403373782464816
flat,single,0,off,0,60,-6.036506886060829,372.0,0.829839825630188,0.7551378011703491,1,-6.036506886060829,-6.036506886060829,1,0,off,0,0,0.0,0.0,0.0,0.0,0.0,0.0,0.0,0.0,0.0,0.0,0.0,-6.036506886060829,-6.036506886060829
flat,single,0,off,0,61,-3.7383843890158297,295.0,0.8167772889137268,0.7545679211616516,1,-3.7383843890158297,-3.7383843890158297,1,0,off,0,0,0.0,0.0,0.0,0.0,0.0,0.0,0.0,0.0,0.0,0.0,0.0,-3.7383843890158297,-3.7383843890158297
flat,single,0,off,0,62,-2.644431439416945,272.0,0.8391484618186951,0.7552627921104431,1,-2.644431439416945,-2.644431439416945,1,0,off,0,0,0.0,0.0,0.0,0.0,0.0,0.0,0.0,0.0,0.0,0.0,0.0,-2.644431439416945,-2.644431439416945
flat,single,0,off,0,63,-3.935467531095478,315.0,0.8300202488899231,0.7545376420021057,1,-3.935467531095478,-3.935467531095478,1,0,off,0,0,0.0,0.0,0.0,0.0,0.0,0.0,0.0,0.0,0.0,0.0,0.0,-3.935467531095478,-3.935467531095478
flat,single,0,off,0,64,-3.5658603628317267,303.0,0.839589536190033,0.7530031204223633,1,-3.5658603628317267,-3.5658603628317267,1,0,off,0,0,0.0,0.0,0.0,0.0,0.0,0.0,0.0,0.0,0.0,0.0,0.0,-3.5658603628317267,-3.5658603628317267
flat,single,0,off,0,65,-5.742647144065699,381.0,0.8475185632705688,0.7576594352722168,1,-5.742647144065699,-5.742647144065699,1,0,off,0,0,0.0,0.0,0.0,0.0,0.0,0.0,0.0,0.0,0.0,0.0,0.0,-5.742647144065699,-5.742647144065699
flat,single,0,off,0,66,-2.728024609364793,261.0,0.7944416999816895,0.7510232329368591,1,-2.728024609364793,-2.728024609364793,1,0,off,0,0,0.0,0.0,0.0,0.0,0.0,0.0,0.0,0.0,0.0,0.0,0.0,-2.728024609364793,-2.728024609364793
flat,single,0,off,0,67,-2.1755083034466978,256.0,0.818638265132904,0.7539613842964172,1,-2.1755083034466978,-2.1755083034466978,1,0,off,0,0,0.0,0.0,0.0,0.0,0.0,0.0,0.0,0.0,0.0,0.0,0.0,-2.1755083034466978,-2.1755083034466978
flat,single,0,off,0,68,-6.2631571864755875,379.0,0.8202740550041199,0.758149266242981,1,-6.2631571864755875,-6.2631571864755875,1,0,off,0,0,0.0,0.0,0.0,0.0,0.0,0.0,0.0,0.0,0.0,0.0,0.0,-6.2631571864755875,-6.2631571864755875
flat,single,0,off,0,69,-2.132994272555229,241.0,0.8000434041023254,0.7506687641143799,1,-2.132994272555229,-2.132994272555229,1,0,off,0,0,0.0,0.0,0.0,0.0,0.0,0.0,0.0,0.0,0.0,0.0,0.0,-2.132994272555229,-2.132994272555229
flat,single,0,off,0,70,-3.0088364399736647,270.0,0.7850327491760254,0.7524018287658691,1,-3.0088364399736647,-3.0088364399736647,1,0,off,0,0,0.0,0.0,0.0,0.0,0.0,0.0,0.0,0.0,0.0,0.0,0.0,-3.0088364399736647,-3.0088364399736647
flat,single,0,off,0,71,-1.8657166861835912,232.0,0.7926517128944397,0.752485990524292,1,-1.8657166861835912,-1.8657166861835912,1,0,off,0,0,0.0,0.0,0.0,0.0,0.0,0.0,0.0,0.0,0.0,0.0,0.0,-1.8657166861835912,-1.8657166861835912
flat,single,0,off,0,72,-3.0936021744191997,273.0,0.8033857941627502,0.7506757974624634,1,-3.0936021744191997,-3.0936021744191997,1,0,off,0,0,0.0,0.0,0.0,0.0,0.0,0.0,0.0,0.0,0.0,0.0,0.0,-3.0936021744191997,-3.0936021744191997
flat,single,0,off,0,73,-3.163279876612336,289.0,0.8098726272583008,0.7537722587585449,1,-3.163279876612336,-3.163279876612336,1,0,off,0,0,0.0,0.0,0.0,0.0,0.0,0.0,0.0,0.0,0.0,0.0,0.0,-3.163279876612336,-3.163279876612336
flat,single,0,off,0,74,-3.9813865713635312,303.0,0.8116982579231262,0.763371467590332,1,-3.9813865713635312,-3.9813865713635312,1,0,off,0,0,0.0,0.0,0.0,0.0,0.0,0.0,0.0,0.0,0.0,0.0,0.0,-3.9813865713635312,-3.9813865713635312
flat,single,0,off,0,75,-2.1171806168789056,254.0,0.8113518953323364,0.7509591579437256,1,-2.1171806168789056,-2.1171806168789056,1,0,off,0,0,0.0,0.0,0.0,0.0,0.0,0.0,0.0,0.0,0.0,0.0,0.0,-2.1171806168789056,-2.1171806168789056
flat,single,0,off,0,76,-2.825999946945807,251.0,0.7939847707748413,0.7542702555656433,1,-2.825999946945807,-2.825999946945807,1,0,off,0,0,0.0,0.0,0.0,0.0,0.0,0.0,0.0,0.0,0.0,0.0,0.0,-2.825999946945807,-2.825999946945807
flat,single,0,off,0,77,-2.172827765370025,256.0,0.8201159238815308,0.7566606998443604,1,-2.172827765370025,-2.172827765370025,1,0,off,0,0,0.0,0.0,0.0,0.0,0.0,0.0,0.0,0.0,0.0,0.0,0.0,-2.172827765370025,-2.172827765370025
flat,single,0,off,0,78,-1.5498457597277642,235.0,0.8022193312644958,0.7503847479820251,1,-1.5498457597277642,-1.5498457597277642,1,0,off,0,0,0.0,0.0,0.0,0.0,0.0,0.0,0.0,0.0,0.0,0.0,0.0,-1.5498457597277642,-1.5498457597277642
flat,single,0,off,0,79,-1.7885119711665949,243.0,0.8060591816902161,0.7559625506401062,1,-1.7885119711665949,-1.7885119711665949,1,0,off,0,0,0.0,0.0,0.0,0.0,0.0,0.0,0.0,0.0,0.0,0.0,0.0,-1.7885119711665949,-1.7885119711665949
flat,single,0,off,0,80,-3.0472111063718286,285.0,0.8131319284439087,0.7550389766693115,1,-3.0472111063718286,-3.0472111063718286,1,0,off,0,0,0.0,0.0,0.0,0.0,0.0,0.0,0.0,0.0,0.0,0.0,0.0,-3.0472111063718286,-3.0472111063718286
flat,single,0,off,0,81,-2.7152967255550835,274.0,0.8202691078186035,0.7576594352722168,1,-2.7152967255550835,-2.7152967255550835,1,0,off,0,0,0.0,0.0,0.0,0.0,0.0,0.0,0.0,0.0,0.0,0.0,0.0,-2.7152967255550835,-2.7152967255550835
flat,single,0,off,0,82,-5.809436345789589,382.0,0.8101316094398499,0.7600464224815369,1,-5.809436345789589,-5.809436345789589,1,0,off,0,0,0.0,0.0,0.0,0.0,0.0,0.0,0.0,0.0,0.0,0.0,0.0,-5.809436345789589,-5.809436345789589
flat,single,0,off,0,83,-1.3147079311800236,227.0,0.7874462008476257,0.7512381672859192,1,-1.3147079311800236,-1.3147079311800236,1,0,off,0,0,0.0,0.0,0.0,0.0,0.0,0.0,0.0,0.0,0.0,0.0,0.0,-1.3147079311800236,-1.3147079311800236
flat,single,0,off,0,84,-4.832296179851979,345.0,0.8338786959648132,0.7551254034042358,1,-4.832296179851979,-4.832296179851979,1,0,off,0,0,0.0,0.0,0.0,0.0,0.0,0.0,0.0,0.0,0.0,0.0,0.0,-4.832296179851979,-4.832296179851979
flat,single,0,off,0,85,-1.7124235181801528,227.0,0.8067770600318909,0.7532361745834351,1,-1.7124235181801528,-1.7124235181801528,1,0,off,0,0,0.0,0.0,0.0,0.0,0.0,0.0,0.0,0.0,0.0,0.0,0.0,-1.7124235181801528,-1.7124235181801528
flat,single,0,off,0,86,-2.8096966540813346,277.0,0.801888108253479,0.7586008310317993,1,-2.8096966540813346,-2.8096966540813346,1,0,off,0,0,0.0,0.0,0.0,0.0,0.0,0.0,0.0,0.0,0.0,0.0,0.0,-2.8096966540813346,-2.8096966540813346
flat,single,0,off,0,87,-2.976182104948663,269.0,0.7945016026496887,0.7530683875083923,1,-2.976182104948663,-2.976182104948663,1,0,off,0,0,0.0,0.0,0.0,0.0,0.0,0.0,0.0,0.0,0.0,0.0,0.0,-2.976182104948663,-2.976182104948663
flat,single,0,off,0,88,-3.402606633107635,270.0,0.7889052033424377,0.7526629567146301,1,-3.402606633107635,-3.402606633107635,1,0,off,0,0,0.0,0.0,0.0,0.0,0.0,0.0,0.0,0.0,0.0,0.0,0.0,-3.402606633107635,-3.402606633107635
flat,single,0,off,0,89,-2.5267402055021324,254.0,0.7795981168746948,0.7545795440673828,1,-2.5267402055021324,-2.5267402055021324,1,0,off,0,0,0.0,0.0,0.0,0.0,0.0,0.0,0.0,0.0,0.0,0.0,0.0,-2.5267402055021324,-2.5267402055021324
flat,single,0,off,0,90,-1.9593082799855641,249.0,0.8279948830604553,0.7589829564094543,1,-1.9593082799855641,-1.9593082799855641,1,0,off,0,0,0.0,0.0,0.0,0.0,0.0,0.0,0.0,0.0,0.0,0.0,0.0,-1.9593082799855641,-1.9593082799855641
flat,single,0,off,0,91,-2.7673928195622257,276.0,0.8207520246505737,0.7586999535560608,1,-2.7673928195622257,-2.7673928195622257,1,0,off,0,0,0.0,0.0,0.0,0.0,0.0,0.0,0.0,0.0,0.0,0.0,0.0,-2.7673928195622257,-2.7673928195622257
flat,single,0,off,0,92,-2.1570335840480404,257.0,0.8062900304794312,0.755735456943512,1,-2.1570335840480404,-2.1570335840480404,1,0,off,0,0,0.0,0.0,0.0,0.0,0.0,0.0,0.0,0.0,0.0,0.0,0.0,-2.1570335840480404,-2.1570335840480404
flat,single,0,off,0,93,-4.185341673414213,310.0,0.8380533456802368,0.7558658719062805,1,-4.185341673414213,-4.185341673414213,1,0,off,0,0,0.0,0.0,0.0,0.0,0.0,0.0,0.0,0.0,0.0,0.0,0.0,-4.185341673414213,-4.185341673414213
flat,single,0,off,0,94,-1.6301155511103613,224.0,0.7811833620071411,0.7550868988037109,1,-1.6301155511103613,-1.6301155511103613,1,0,off,0,0,0.0,0.0,0.0,0.0,0.0,0.0,0.0,0.0,0.0,0.0,0.0,-1.6301155511103613,-1.6301155511103613
flat,single,0,off,0,95,-3.622646567071193,305.0,0.8611268401145935,0.7574681043624878,1,-3.622646567071193,-3.622646567071193,1,0,off,0,0,0.0,0.0,0.0,0.0,0.0,0.0,0.0,0.0,0.0,0.0,0.0,-3.622646567071193,-3.622646567071193
flat,single,0,off,0,96,-2.478121017034853,239.0,0.7737833857536316,0.7551725506782532,1,-2.478121017034853,-2.478121017034853,1,0,off,0,0,0.0,0.0,0.0,0.0,0.0,0.0,0.0,0.0,0.0,0.0,0.0,-2.478121017034853,-2.478121017034853
flat,single,0,off,0,97,-3.450584643885945,299.0,0.8247056603431702,0.7593973875045776,1,-3.450584643885945,-3.450584643885945,1,0,off,0,0,0.0,0.0,0.0,0.0,0.0,0.0,0.0,0.0,0.0,0.0,0.0,-3.450584643885945,-3.450584643885945
flat,single,0,off,0,98,-2.5104496539942898,267.0,0.8143086433410645,0.7540583610534668,1,-2.5104496539942898,-2.5104496539942898,1,0,off,0,0,0.0,0.0,0.0,0.0,0.0,0.0,0.0,0.0,0.0,0.0,0.0,-2.5104496539942898,-2.5104496539942898
flat,single,0,off,0,99,-3.56984921656431,289.0,0.7995190024375916,0.7522206902503967,1,-3.56984921656431,-3.56984921656431,1,0,off,0,0,0.0,0.0,0.0,0.0,0.0,0.0,0.0,0.0,0.0,0.0,0.0,-3.56984921656431,-3.56984921656431
flat,single,0,off,0,100,-2.806174871706151,277.0,0.8194622993469238,0.7576594352722168,1,-2.806174871706151,-2.806174871706151,1,0,off,0,0,0.0,0.0,0.0,0.0,0.0,0.0,0.0,0.0,0.0,0.0,0.0,-2.806174871706151,-2.806174871706151
flat,single,0,off,0,101,-3.4324707940639816,271.0,0.8006442189216614,0.7561628222465515,1,-3.4324707940639816,-3.4324707940639816,1,0,off,0,0,0.0,0.0,0.0,0.0,0.0,0.0,0.0,0.0,0.0,0.0,0.0,-3.4324707940639816,-3.4324707940639816
flat,single,0,off,0,102,-3.8059051457687585,311.0,0.8445372581481934,0.7600208520889282,1,-3.8059051457687585,-3.8059051457687585,1,0,off,0,0,0.0,0.0,0.0,0.0,0.0,0.0,0.0,0.0,0.0,0.0,0.0,-3.8059051457687585,-3.8059051457687585
flat,single,0,off,0,103,-3.2591638243267966,293.0,0.7949662804603577,0.7583630681037903,1,-3.2591638243267966,-3.2591638243267966,1,0,off,0,0,0.0,0.0,0.0,0.0,0.0,0.0,0.0,0.0,0.0,0.0,0.0,-3.2591638243267966,-3.2591638243267966
flat,single,0,off,0,104,-2.1719027281168333,256.0,0.8146916627883911,0.7634444236755371,1,-2.1719027281168333,-2.1719027281168333,1,0,off,0,0,0.0,0.0,0.0,0.0,0.0,0.0,0.0,0.0,0.0,0.0,0.0,-2.1719027281168333,-2.1719027281168333
flat,single,0,off,0,105,-2.345988984978751,262.0,0.8307569622993469,0.7530031204223633,1,-2.345988984978751,-2.345988984978751,1,0,off,0,0,0.0,0.0,0.0,0.0,0.0,0.0,0.0,0.0,0.0,0.0,0.0,-2.345988984978751,-2.345988984978751
flat,single,0,off,0,106,-7.41700251254955,400.0,0.7532078623771667,0.5639569163322449,0,-7.41700251254955,-7.41700251254955,1,0,off,0,0,0.0,0.0,0.0,0.0,0.0,0.0,0.0,0.0,0.0,0.0,0.0,-7.41700251254955,-7.41700251254955
flat,single,0,off,0,107,-2.373907589036974,263.0,0.8264612555503845,0.762611448764801,1,-2.373907589036974,-2.373907589036974,1,0,off,0,0,0.0,0.0,0.0,0.0,0.0,0.0,0.0,0.0,0.0,0.0,0.0,-2.373907589036974,-2.373907589036974
flat,single,0,off,0,108,-1.6410415117314594,238.0,0.7983781695365906,0.7542409300804138,1,-1.6410415117314594,-1.6410415117314594,1,0,off,0,0,0.0,0.0,0.0,0.0,0.0,0.0,0.0,0.0,0.0,0.0,0.0,-1.6410415117314594,-1.6410415117314594
flat,single,0,off,0,109,-2.012982706169134,237.0,0.8005005717277527,0.7576594352722168,1,-2.012982706169134,-2.012982706169134,1,0,off,0,0,0.0,0.0,0.0,0.0,0.0,0.0,0.0,0.0,0.0,0.0,0.0,-2.012982706169134,-2.012982706169134
flat,single,0,off,0,110,-4.5109908191557,321.0,0.8063168525695801,0.7634444236755371,1,-4.5109908191557,-4.5109908191557,1,0,off,0,0,0.0,0.0,0.0,0.0,0.0,0.0,0.0,0.0,0.0,0.0,0.0,-4.5109908191557,-4.5109908191557
flat,single,0,off,0,111,-5.894059786674343,367.0,0.8306767344474792,0.7594568729400635,1,-5.894059786674343,-5.894059786674343,1,0,off,0,0,0.0,0.0,0.0,0.0,0.0,0.0,0.0,0.0,0.0,0.0,0.0,-5.894059786674343,-5.894059786674343
flat,single,0,off,0,112,-2.1030498679436236,240.0,0.7838320732116699,0.7582238912582397,1,-2.1030498679436236,-2.1030498679436236,1,0,off,0,0,0.0,0.0,0.0,0.0,0.0,0.0,0.0,0.0,0.0,0.0,0.0,-2.1030498679436236,-2.1030498679436236
flat,single,0,off,0,113,-1.6747345990780744,239.0,0.7983132004737854,0.7509164214134216,1,-1.6747345990780744,-1.6747345990780744,1,0,off,0,0,0.0,0.0,0.0,0.0,0.0,0.0,0.0,0.0,0.0,0.0,0.0,-1.6747345990780744,-1.6747345990780744
flat,single,0,off,0,114,-1.9744496410491463,236.0,0.8123108744621277,0.7543036341667175,1,-1.9744496410491463,-1.9744496410491463,1,0,off,0,0,0.0,0.0,0.0,0.0,0.0,0.0,0.0,0.0,0.0,0.0,0.0,-1.9744496410491463,-1.9744496410491463
flat,single,0,off,0,115,-2.0049042805412367,237.0,0.805834174156189,0.7548405528068542,1,-2.0049042805412367,-2.0049042805412367,1,0,off,0,0,0.0,0.0,0.0,0.0,0.0,0.0,0.0,0.0,0.0,0.0,0.0,-2.0049042805412367,-2.0049042805412367
flat,single,0,off,0,116,-3.6306156814331034,305.0,0.8319339156150818,0.7576594352722168,1,-3.6306156814331034,-3.6306156814331034,1,0,off,0,0,0.0,0.0,0.0,0.0,0.0,0.0,0.0,0.0,0.0,0.0,0.0,-3.6306156814331034,-3.6306156814331034
flat,single,0,off,0,117,-5.229646791110285,345.0,0.853177547454834,0.7515468597412109,1,-5.229646791110285,-5.229646791110285,1,0,off,0,0,0.0,0.0,0.0,0.0,0.0,0.0,0.0,0.0,0.0,0.0,0.0,-5.229646791110285,-5.229646791110285
flat,single,0,off,0,118,-3.016638518882679,271.0,0.8397670984268188,0.7511779069900513,1,-3.016638518882679,-3.016638518882679,1,0,off,0,0,0.0,0.0,0.0,0.0,0.0,0.0,0.0,0.0,0.0,0.0,0.0,-3.016638518882679,-3.016638518882679
flat,single,0,off,0,119,-2.7851328469789456,263.0,0.794840931892395,0.755182683467865,1,-2.7851328469789456,-2.7851328469789456,1,0,off,0,0,0.0,0.0,0.0,0.0,0.0,0.0,0.0,0.0,0.0,0.0,0.0,-2.7851328469789456,-2.7851328469789456
flat,single,0,off,0,120,-2.68833796055754,273.0,0.8177799582481384,0.752133309841156,1,-2.68833796055754,-2.68833796055754,1,0,off,0,0,0.0,0.0,0.0,0.0,0.0,0.0,0.0,0.0,0.0,0.0,0.0,-2.68833796055754,-2.68833796055754
flat,single,0,off,0,121,-3.3354254577343707,268.0,0.8036015629768372,0.7573304176330566,1,-3.3354254577343707,-3.3354254577343707,1,0,off,0,0,0.0,0.0,0.0,0.0,0.0,0.0,0.0,0.0,0.0,0.0,0.0,-3.3354254577343707,-3.3354254577343707
flat,single,0,off,0,122,-2.4433413955906875,265.0,0.8168919682502747,0.753844141960144,1,-2.4433413955906875,-2.4433413955906875,1,0,off,0,0,0.0,0.0,0.0,0.0,0.0,0.0,0.0,0.0,0.0,0.0,0.0,-2.4433413955906875,-2.4433413955906875
flat,single,0,off,0,123,-2.8108175321645095,264.0,0.8187305331230164,0.7556572556495667,1,-2.8108175321645095,-2.8108175321645095,1,0,off,0,0,0.0,0.0,0.0,0.0,0.0,0.0,0.0,0.0,0.0,0.0,0.0,-2.8108175321645095,-2.8108175321645095
flat,single,0,off,0,124,-2.7057009711745175,275.0,0.8311952352523804,0.7571098804473877,1,-2.7057009711745175,-2.7057009711745175,1,0,off,0,0,0.0,0.0,0.0,0.0,0.0,0.0,0.0,0.0,0.0,0.0,0.0,-2.7057009711745175,-2.7057009711745175
flat,single,0,off,0,125,-2.0832778805843595,253.0,0.8263527750968933,0.752133309841156,1,-2.0832778805843595,-2.0832778805843595,1,0,off,0,0,0.0,0.0,0.0,0.0,0.0,0.0,0.0,0.0,0.0,0.0,0.0,-2.0832778805843595,-2.0832778805843595
flat,single,0,off,0,126,-1.701420697234575,227.0,0.8023385405540466,0.7634657621383667,1,-1.701420697234575,-1.701420697234575,1,0,off,0,0,0.0,0.0,0.0,0.0,0.0,0.0,0.0,0.0,0.0,0.0,0.0,-1.701420697234575,-1.701420697234575
flat,single,0,off,0,127,-3.497904655162691,300.0,0.8185968995094299,0.750344455242157,1,-3.497904655162691,-3.497904655162691,1,0,off,0,0,0.0,0.0,0.0,0.0,0.0,0.0,0.0,0.0,0.0,0.0,0.0,-3.497904655162691,-3.497904655162691
flat,single,0,off,0,128,-2.2873852675547828,260.0,0.7984639406204224,0.7512252926826477,1,-2.2873852675547828,-2.2873852675547828,1,0,off,0,0,0.0,0.0,0.0,0.0,0.0,0.0,0.0,0.0,0.0,0.0,0.0,-2.2873852675547828,-2.2873852675547828
flat,single,0,off,0,129,-2.6218035595212057,271.0,0.8225203156471252,0.7576594352722168,1,-2.6218035595212057,-2.6218035595212057,1,0,off,0,0,0.0,0.0,0.0,0.0,0.0,0.0,0.0,0.0,0.0,0.0,0.0,-2.6218035595212057,-2.6218035595212057
flat,single,0,off,0,130,-2.2045846275053953,230.0,0.7874401211738586,0.7500302791595459,1,-2.2045846275053953,-2.2045846275053953,1,0,off,0,0,0.0,0.0,0.0,0.0,0.0,0.0,0.0,0.0,0.0,0.0,0.0,-2.2045846275053953,-2.2045846275053953
flat,single,0,off,0,131,-2.3691047777759398,249.0,0.8073296546936035,0.7534375190734863,1,-2.3691047777759398,-2.3691047777759398,1,0,off,0,0,0.0,0.0,0.0,0.0,0.0,0.0,0.0,0.0,0.0,0.0,0.0,-2.3691047777759398,-2.3691047777759398
flat,single,0,off,0,132,-2.7109512751502924,274.0,0.829778790473938,0.7539742588996887,1,-2.7109512751502924,-2.7109512751502924,1,0,off,0,0,0.0,0.0,0.0,0.0,0.0,0.0,0.0,0.0,0.0,0.0,0.0,-2.7109512751502924,-2.7109512751502924
flat,single,0,off,0,133,-2.4923358955502066,267.0,0.8364644050598145,0.7574916481971741,1,-2.4923358955502066,-2.4923358955502066,1,0,off,0,0,0.0,0.0,0.0,0.0,0.0,0.0,0.0,0.0,0.0,0.0,0.0,-2.4923358955502066,-2.4923358955502066
flat,single,0,off,0,134,-1.7281099102471538,241.0,0.8050867319107056,0.7605627179145813,1,-1.7281099102471538,-1.7281099102471538,1,0,off,0,0,0.0,0.0,0.0,0.0,0.0,0.0,0.0,0.0,0.0,0.0,0.0,-1.7281099102471538,-1.7281099102471538
flat,single,0,off,0,135,-2.3599777133425253,249.0,0.81439608335495,0.7618558406829834,1,-2.3599777133425253,-2.3599777133425253,1,0,off,0,0,0.0,0.0,0.0,0.0,0.0,0.0,0.0,0.0,0.0,0.0,0.0,-2.3599777133425253,-2.3599777133425253
flat,single,0,off,0,136,-4.772617317687256,343.0,0.8335617184638977,0.7596099376678467,1,-4.772617317687256,-4.772617317687256,1,0,off,0,0,0.0,0.0,0.0,0.0,0.0,0.0,0.0,0.0,0.0,0.0,0.0,-4.772617317687256,-4.772617317687256
flat,single,0,off,0,137,-2.2163028686062933,244.0,0.8082212209701538,0.758416473865509,1,-2.2163028686062933,-2.2163028686062933,1,0,off,0,0,0.0,0.0,0.0,0.0,0.0,0.0,0.0,0.0,0.0,0.0,0.0,-2.2163028686062933,-2.2163028686062933
flat,single,0,off,0,138,-1.9418590377760054,248.0,0.793097972869873,0.7523404359817505,1,-1.9418590377760054,-1.9418590377760054,1,0,off,0,0,0.0,0.0,0.0,0.0,0.0,0.0,0.0,0.0,0.0,0.0,0.0,-1.9418590377760054,-1.9418590377760054
flat,single,0,off,0,139,-2.5732028977083963,256.0,0.7924193143844604,0.7561900019645691,1,-2.5732028977083963,-2.5732028977083963,1,0,off,0,0,0.0,0.0,0.0,0.0,0.0,0.0,0.0,0.0,0.0,0.0,0.0,-2.5732028977083963,-2.5732028977083963
flat,single,0,off,0,140,-2.2300786582904437,258.0,0.814145565032959,0.7616893649101257,1,-2.2300786582904437,-2.2300786582904437,1,0,off,0,0,0.0,0.0,0.0,0.0,0.0,0.0,0.0,0.0,0.0,0.0,0.0,-2.2300786582904437,-2.2300786582904437
flat,single,0,off,0,141,-2.082398878091485,226.0,0.7934412360191345,0.7520107626914978,1,-2.082398878091485,-2.082398878091485,1,0,off,0,0,0.0,0.0,0.0,0.0,0.0,0.0,0.0,0.0,0.0,0.0,0.0,-2.082398878091485,-2.082398878091485
flat,single,0,off,0,142,-1.6014849442499743,223.0,0.7806533575057983,0.752792477607727,1,-1.6014849442499743,-1.6014849442499743,1,0,off,0,0,0.0,0.0,0.0,0.0,0.0,0.0,0.0,0.0,0.0,0.0,0.0,-1.6014849442499743,-1.6014849442499743
flat,single,0,off,0,143,-1.8434116478718408,245.0,0.827239990234375,0.7576594352722168,1,-1.8434116478718408,-1.8434116478718408,1,0,off,0,0,0.0,0.0,0.0,0.0,0.0,0.0,0.0,0.0,0.0,0.0,0.0,-1.8434116478718408,-1.8434116478718408
flat,single,0,off,0,144,-1.7822999601578384,243.0,0.799029529094696,0.7503487467765808,1,-1.7822999601578384,-1.7822999601578384,1,0,off,0,0,0.0,0.0,0.0,0.0,0.0,0.0,0.0,0.0,0.0,0.0,0.0,-1.7822999601578384,-1.7822999601578384
flat,single,0,off,0,145,-3.2210506131884062,291.0,0.8365899324417114,0.7530031204223633,1,-3.2210506131884062,-3.2210506131884062,1,0,off,0,0,0.0,0.0,0.0,0.0,0.0,0.0,0.0,0.0,0.0,0.0,0.0,-3.2210506131884062,-3.2210506131884062
flat,single,0,off,0,146,-3.342076155950765,295.0,0.8220996856689453,0.7524853348731995,1,-3.342076155950765,-3.342076155950765,1,0,off,0,0,0.0,0.0,0.0,0.0,0.0,0.0,0.0,0.0,0.0,0.0,0.0,-3.342076155950765,-3.342076155950765
flat,single,0,off,0,147,-1.674402775247586,239.0,0.7959104776382446,0.7546205520629883,1,-1.674402775247586,-1.674402775247586,1,0,off,0,0,0.0,0.0,0.0,0.0,0.0,0.0,0.0,0.0,0.0,0.0,0.0,-1.674402775247586,-1.674402775247586
flat,single,0,off,0,148,-2.844388913869618,265.0,0.8078346848487854,0.7624366879463196,1,-2.844388913869618,-2.844388913869618,1,0,off,0,0,0.0,0.0,0.0,0.0,0.0,0.0,0.0,0.0,0.0,0.0,0.0,-2.844388913869618,-2.844388913869618
flat,single,0,off,0,149,-2.303646917038134,247.0,0.8171973824501038,0.7531791925430298,1,-2.303646917038134,-2.303646917038134,1,0,off,0,0,0.0,0.0,0.0,0.0,0.0,0.0,0.0,0.0,0.0,0.0,0.0,-2.303646917038134,-2.303646917038134
flat,single,0,off,0,150,-2.0189164748485253,251.0,0.8190688490867615,0.7576594352722168,1,-2.0189164748485253,-2.0189164748485253,1,0,off,0,0,0.0,0.0,0.0,0.0,0.0,0.0,0.0,0.0,0.0,0.0,0.0,-2.0189164748485253,-2.0189164748485253
flat,single,0,off,0,151,-3.8127980675513125,312.0,0.8216710090637207,0.7506752014160156,1,-3.8127980675513125,-3.8127980675513125,1,0,off,0,0,0.0,0.0,0.0,0.0,0.0,0.0,0.0,0.0,0.0,0.0,0.0,-3.8127980675513125,-3.8127980675513125
flat,single,0,off,0,152,-2.1273823924257926,241.0,0.8081130981445312,0.7529361844062805,1,-2.1273823924257926,-2.1273823924257926,1,0,off,0,0,0.0,0.0,0.0,0.0,0.0,0.0,0.0,0.0,0.0,0.0,0.0,-2.1273823924257926,-2.1273823924257926
flat,single,0,off,0,153,-1.8967516721203044,233.0,0.7969368696212769,0.7522833347320557,1,-1.8967516721203044,-1.8967516721203044,1,0,off,0,0,0.0,0.0,0.0,0.0,0.0,0.0,0.0,0.0,0.0,0.0,0.0,-1.8967516721203044,-1.8967516721203044
flat,single,0,off,0,154,-1.8372664933383973,245.0,0.8292185068130493,0.7626329064369202,1,-1.8372664933383973,-1.8372664933383973,1,0,off,0,0,0.0,0.0,0.0,0.0,0.0,0.0,0.0,0.0,0.0,0.0,0.0,-1.8372664933383973,-1.8372664933383973
flat,single,0,off,0,155,-1.6294656361499842,224.0,0.7828425168991089,0.752154529094696,1,-1.6294656361499842,-1.6294656361499842,1,0,off,0,0,0.0,0.0,0.0,0.0,0.0,0.0,0.0,0.0,0.0,0.0,0.0,-1.6294656361499842,-1.6294656361499842
flat,single,0,off,0,156,-2.2670194428053154,259.0,0.8117278814315796,0.7557886838912964,1,-2.2670194428053154,-2.2670194428053154,1,0,off,0,0,0.0,0.0,0.0,0.0,0.0,0.0,0.0,0.0,0.0,0.0,0.0,-2.2670194428053154,-2.2670194428053154
flat,single,0,off,0,157,-3.2273023426311345,291.0,0.8090214133262634,0.7501014471054077,1,-3.2273023426311345,-3.2273023426311345,1,0,off,0,0,0.0,0.0,0.0,0.0,0.0,0.0,0.0,0.0,0.0,0.0,0.0,-3.2273023426311345,-3.2273023426311345
flat,single,0,off,0,158,-1.8859132578782685,246.0,0.789154052734375,0.7532064914703369,1,-1.8859132578782685,-1.8859132578782685,1,0,off,0,0,0.0,0.0,0.0,0.0,0.0,0.0,0.0,0.0,0.0,0.0,0.0,-1.8859132578782685,-1.8859132578782685
flat,single,0,off,0,159,-3.651877851297608,292.0,0.8114334344863892,0.7560458779335022,1,-3.651877851297608,-3.651877851297608,1,0,off,0,0,0.0,0.0,0.0,0.0,0.0,0.0,0.0,0.0,0.0,0.0,0.0,-3.651877851297608,-3.651877851297608
flat,single,0,off,0,160,-3.0598195505060546,272.0,0.7979744672775269,0.7522795796394348,1,-3.0598195505060546,-3.0598195505060546,1,0,off,0,0,0.0,0.0,0.0,0.0,0.0,0.0,0.0,0.0,0.0,0.0,0.0,-3.0598195505060546,-3.0598195505060546
flat,single,0,off,0,161,-5.0027785123186135,338.0,0.839647650718689,0.7544572949409485,1,-5.0027785123186135,-5.0027785123186135,1,0,off,0,0,0.0,0.0,0.0,0.0,0.0,0.0,0.0,0.0,0.0,0.0,0.0,-5.0027785123186135,-5.0027785123186135
flat,single,0,off,0,162,-4.966827244475712,336.0,0.8131279349327087,0.7595292925834656,1,-4.966827244475712,-4.966827244475712,1,0,off,0,0,0.0,0.0,0.0,0.0,0.0,0.0,0.0,0.0,0.0,0.0,0.0,-4.966827244475712,-4.966827244475712
flat,single,0,off,0,163,-2.8202643755753485,264.0,0.8027146458625793,0.752372145652771,1,-2.8202643755753485,-2.8202643755753485,1,0,off,0,0,0.0,0.0,0.0,0.0,0.0,0.0,0.0,0.0,0.0,0.0,0.0,-2.8202643755753485,-2.8202643755753485
flat,single,0,off,0,164,-1.1329038659972184,194.0,0.7778539061546326,0.7500302791595459,1,-1.1329038659972184,-1.1329038659972184,1,0,off,0,0,0.0,0.0,0.0,0.0,0.0,0.0,0.0,0.0,0.0,0.0,0.0,-1.1329038659972184,-1.1329038659972184
flat,single,0,off,0,165,-2.3573866465617765,262.0,0.79477459192276,0.755696177482605,1,-2.3573866465617765,-2.3573866465617765,1,0,off,0,0,0.0,0.0,0.0,0.0,0.0,0.0,0.0,0.0,0.0,0.0,0.0,-2.3573866465617765,-2.3573866465617765
flat,single,0,off,0,166,-1.355877830745889,215.0,0.7900514006614685,0.7576594352722168,1,-1.355877830745889,-1.355877830745889,1,0,off,0,0,0.0,0.0,0.0,0.0,0.0,0.0,0.0,0.0,0.0,0.0,0.0,-1.355877830745889,-1.355877830745889
flat,single,0,off,0,167,-4.27147161301805,326.0,0.8173319101333618,0.7532160878181458,1,-4.27147161301805,-4.27147161301805,1,0,off,0,0,0.0,0.0,0.0,0.0,0.0,0.0,0.0,0.0,0.0,0.0,0.0,-4.27147161301805,-4.27147161301805
flat,single,0,off,0,168,-2.9402350713463927,282.0,0.840892493724823,0.7614700198173523,1,-2.9402350713463927,-2.9402350713463927,1,0,off,0,0,0.0,0.0,0.0,0.0,0.0,0.0,0.0,0.0,0.0,0.0,0.0,-2.9402350713463927,-2.9402350713463927
flat,single,0,off,0,169,-1.8154024478676785,244.0,0.8050603270530701,0.7579727172851562,1,-1.8154024478676785,-1.8154024478676785,1,0,off,0,0,0.0,0.0,0.0,0.0,0.0,0.0,0.0,0.0,0.0,0.0,0.0,-1.8154024478676785,-1.8154024478676785
flat,single,0,off,0,170,-1.192158736856658,223.0,0.8107723593711853,0.752133309841156,1,-1.192158736856658,-1.192158736856658,1,0,off,0,0,0.0,0.0,0.0,0.0,0.0,0.0,0.0,0.0,0.0,0.0,0.0,-1.192158736856658,-1.192158736856658
flat,single,0,off,0,171,-2.0125700307334826,237.0,0.7867476344108582,0.7526112198829651,1,-2.0125700307334826,-2.0125700307334826,1,0,off,0,0,0.0,0.0,0.0,0.0,0.0,0.0,0.0,0.0,0.0,0.0,0.0,-2.0125700307334826,-2.0125700307334826
flat,single,0,off,0,172,-1.8679657634766835,246.0,0.8118817210197449,0.7559625506401062,1,-1.8679657634766835,-1.8679657634766835,1,0,off,0,0,0.0,0.0,0.0,0.0,0.0,0.0,0.0,0.0,0.0,0.0,0.0,-1.8679657634766835,-1.8679657634766835
flat,single,0,off,0,173,-1.2788768457726154,226.0,0.8118605613708496,0.7576594352722168,1,-1.2788768457726154,-1.2788768457726154,1,0,off,0,0,0.0,0.0,0.0,0.0,0.0,0.0,0.0,0.0,0.0,0.0,0.0,-1.2788768457726154,-1.2788768457726154
flat,single,0,off,0,174,-2.8930215388094056,267.0,0.8321129679679871,0.7606477737426758,1,-2.8930215388094056,-2.8930215388094056,1,0,off,0,0,0.0,0.0,0.0,0.0,0.0,0.0,0.0,0.0,0.0,0.0,0.0,-2.8930215388094056,-2.8930215388094056
flat,single,0,off,0,175,-3.068379795063506,286.0,0.8397334218025208,0.7518150806427002,1,-3.068379795063506,-3.068379795063506,1,0,off,0,0,0.0,0.0,0.0,0.0,0.0,0.0,0.0,0.0,0.0,0.0,0.0,-3.068379795063506,-3.068379795063506
flat,single,0,off,0,176,-1.2865323550254144,226.0,0.7945906519889832,0.7547025680541992,1,-1.2865323550254144,-1.2865323550254144,1,0,off,0,0,0.0,0.0,0.0,0.0,0.0,0.0,0.0,0.0,0.0,0.0,0.0,-1.2865323550254144,-1.2865323550254144
flat,single,0,off,0,177,-4.082573383029067,306.0,0.8004317283630371,0.7528591752052307,1,-4.082573383029067,-4.082573383029067,1,0,off,0,0,0.0,0.0,0.0,0.0,0.0,0.0,0.0,0.0,0.0,0.0,0.0,-4.082573383029067,-4.082573383029067
flat,single,0,off,0,178,-1.7846333887230186,243.0,0.8095378875732422,0.752800703048706,1,-1.7846333887230186,-1.7846333887230186,1,0,off,0,0,0.0,0.0,0.0,0.0,0.0,0.0,0.0,0.0,0.0,0.0,0.0,-1.7846333887230186,-1.7846333887230186
flat,single,0,off,0,179,-3.8807541809161075,300.0,0.8335908651351929,0.7572742104530334,1,-3.8807541809161075,-3.8807541809161075,1,0,off,0,0,0.0,0.0,0.0,0.0,0.0,0.0,0.0,0.0,0.0,0.0,0.0,-3.8807541809161075,-3.8807541809161075
flat,single,0,off,0,180,-1.4541948393126998,232.0,0.8135790228843689,0.7634444236755371,1,-1.4541948393126998,-1.4541948393126998,1,0,off,0,0,0.0,0.0,0.0,0.0,0.0,0.0,0.0,0.0,0.0,0.0,0.0,-1.4541948393126998,-1.4541948393126998
flat,single,0,off,0,181,-1.557280903207143,222.0,0.7953330874443054,0.763620913028717,1,-1.557280903207143,-1.557280903207143,1,0,off,0,0,0.0,0.0,0.0,0.0,0.0,0.0,0.0,0.0,0.0,0.0,0.0,-1.557280903207143,-1.557280903207143
flat,single,0,off,0,182,-2.4881742955453205,253.0,0.8113488554954529,0.7506289482116699,1,-2.4881742955453205,-2.4881742955453205,1,0,off,0,0,0.0,0.0,0.0,0.0,0.0,0.0,0.0,0.0,0.0,0.0,0.0,-2.4881742955453205,-2.4881742955453205
flat,single,0,off,0,183,-3.540887834193402,288.0,0.7945523262023926,0.7559014558792114,1,-3.540887834193402,-3.540887834193402,1,0,off,0,0,0.0,0.0,0.0,0.0,0.0,0.0,0.0,0.0,0.0,0.0,0.0,-3.540887834193402,-3.540887834193402
flat,single,0,off,0,184,-2.7769674497144226,276.0,0.8221583962440491,0.7528660297393799,1,-2.7769674497144226,-2.7769674497144226,1,0,off,0,0,0.0,0.0,0.0,0.0,0.0,0.0,0.0,0.0,0.0,0.0,0.0,-2.7769674497144226,-2.7769674497144226
flat,single,0,off,0,185,-4.1412718560744315,322.0,0.8467559218406677,0.7547025680541992,1,-4.1412718560744315,-4.1412718560744315,1,0,off,0,0,0.0,0.0,0.0,0.0,0.0,0.0,0.0,0.0,0.0,0.0,0.0,-4.1412718560744315,-4.1412718560744315
flat,single,0,off,0,186,-2.3294173336774118,261.0,0.800844132900238,0.7547025680541992,1,-2.3294173336774118,-2.3294173336774118,1,0,off,0,0,0.0,0.0,0.0,0.0,0.0,0.0,0.0,0.0,0.0,0.0,0.0,-2.3294173336774118,-2.3294173336774118
flat,single,0,off,0,187,-2.569441556475349,269.0,0.8054702877998352,0.7591328620910645,1,-2.569441556475349,-2.569441556475349,1,0,off,0,0,0.0,0.0,0.0,0.0,0.0,0.0,0.0,0.0,0.0,0.0,0.0,-2.569441556475349,-2.569441556475349
flat,single,0,off,0,188,-1.9868603599676913,236.0,0.7854606509208679,0.7524165511131287,1,-1.9868603599676913,-1.9868603599676913,1,0,off,0,0,0.0,0.0,0.0,0.0,0.0,0.0,0.0,0.0,0.0,0.0,0.0,-1.9868603599676913,-1.9868603599676913
flat,single,0,off,0,189,-2.7763719525432617,276.0,0.8146766424179077,0.752133309841156,1,-2.7763719525432617,-2.7763719525432617,1,0,off,0,0,0.0,0.0,0.0,0.0,0.0,0.0,0.0,0.0,0.0,0.0,0.0,-2.7763719525432617,-2.7763719525432617
flat,single,0,off,0,190,-1.8139304109604615,244.0,0.828970730304718,0.7530096769332886,1,-1.8139304109604615,-1.8139304109604615,1,0,off,0,0,0.0,0.0,0.0,0.0,0.0,0.0,0.0,0.0,0.0,0.0,0.0,-1.8139304109604615,-1.8139304109604615
flat,single,0,off,0,191,-2.1152477299550103,254.0,0.8257856965065002,0.7529726028442383,1,-2.1152477299550103,-2.1152477299550103,1,0,off,0,0,0.0,0.0,0.0,0.0,0.0,0.0,0.0,0.0,0.0,0.0,0.0,-2.1152477299550103,-2.1152477299550103
flat,single,0,off,0,192,-1.6492599660647147,225.0,0.8055489659309387,0.7555801868438721,1,-1.6492599660647147,-1.6492599660647147,1,0,off,0,0,0.0,0.0,0.0,0.0,0.0,0.0,0.0,0.0,0.0,0.0,0.0,-1.6492599660647147,-1.6492599660647147
flat,single,0,off,0,193,-3.4336747269611605,285.0,0.8238609433174133,0.7593569159507751,1,-3.4336747269611605,-3.4336747269611605,1,0,off,0,0,0.0,0.0,0.0,0.0,0.0,0.0,0.0,0.0,0.0,0.0,0.0,-3.4336747269611605,-3.4336747269611605
flat,single,0,off,0,194,-4.544897187966851,335.0,0.8095003366470337,0.7566606998443604,1,-4.544897187966851,-4.544897187966851,1,0,off,0,0,0.0,0.0,0.0,0.0,0.0,0.0,0.0,0.0,0.0,0.0,0.0,-4.544897187966851,-4.544897187966851
flat,single,0,off,0,195,-1.8620886895246853,232.0,0.8024768829345703,0.7567617297172546,1,-1.8620886895246853,-1.8620886895246853,1,0,off,0,0,0.0,0.0,0.0,0.0,0.0,0.0,0.0,0.0,0.0,0.0,0.0,-1.8620886895246853,-1.8620886895246853
flat,single,0,off,0,196,-2.1746898247755606,256.0,0.8092268705368042,0.7534764409065247,1,-2.1746898247755606,-2.1746898247755606,1,0,off,0,0,0.0,0.0,0.0,0.0,0.0,0.0,0.0,0.0,0.0,0.0,0.0,-2.1746898247755606,-2.1746898247755606
flat,single,0,off,0,197,-1.352306653757118,215.0,0.8029049634933472,0.7514609098434448,1,-1.352306653757118,-1.352306653757118,1,0,off,0,0,0.0,0.0,0.0,0.0,0.0,0.0,0.0,0.0,0.0,0.0,0.0,-1.352306653757118,-1.352306653757118
flat,single,0,off,0,198,-1.0724775756930514,219.0,0.8073862791061401,0.7544940114021301,1,-1.0724775756930514,-1.0724775756930514,1,0,off,0,0,0.0,0.0,0.0,0.0,0.0,0.0,0.0,0.0,0.0,0.0,0.0,-1.0724775756930514,-1.0724775756930514
flat,single,0,off,0,199,-1.3776450236549176,229.0,0.7865449786186218,0.7533131241798401,1,-1.3776450236549176,-1.3776450236549176,1,0,off,0,0,0.0,0.0,0.0,0.0,0.0,0.0,0.0,0.0,0.0,0.0,0.0,-1.3776450236549176,-1.3776450236549176
flat,single,0,off,0,200,-1.4559444276057236,232.0,0.8018187880516052,0.7597542405128479,1,-1.4559444276057236,-1.4559444276057236,1,0,off,0,0,0.0,0.0,0.0,0.0,0.0,0.0,0.0,0.0,0.0,0.0,0.0,-1.4559444276057236,-1.4559444276057236
flat,single,0,off,0,201,-1.5182613175117927,234.0,0.8111987709999084,0.752760648727417,1,-1.5182613175117927,-1.5182613175117927,1,0,off,0,0,0.0,0.0,0.0,0.0,0.0,0.0,0.0,0.0,0.0,0.0,0.0,-1.5182613175117927,-1.5182613175117927
flat,single,0,off,0,202,-2.7223511342960407,261.0,0.8292207717895508,0.7526051998138428,1,-2.7223511342960407,-2.7223511342960407,1,0,off,0,0,0.0,0.0,0.0,0.0,0.0,0.0,0.0,0.0,0.0,0.0,0.0,-2.7223511342960407,-2.7223511342960407
flat,single,0,off,0,203,-1.5804689922090667,236.0,0.7983856797218323,0.7534319758415222,1,-1.5804689922090667,-1.5804689922090667,1,0,off,0,0,0.0,0.0,0.0,0.0,0.0,0.0,0.0,0.0,0.0,0.0,0.0,-1.5804689922090667,-1.5804689922090667
flat,single,0,off,0,204,-2.0599938576738386,239.0,0.810059130191803,0.7572550177574158,1,-2.0599938576738386,-2.0599938576738386,1,0,off,0,0,0.0,0.0,0.0,0.0,0.0,0.0,0.0,0.0,0.0,0.0,0.0,-2.0599938576738386,-2.0599938576738386
flat,single,0,off,0,205,-2.6032897622231377,257.0,0.811762809753418,0.7590513229370117,1,-2.6032897622231377,-2.6032897622231377,1,0,off,0,0,0.0,0.0,0.0,0.0,0.0,0.0,0.0,0.0,0.0,0.0,0.0,-2.6032897622231377,-2.6032897622231377
flat,single,0,off,0,206,-1.5399633869819862,235.0,0.8095440864562988,0.7566664814949036,1,-1.5399633869819862,-1.5399633869819862,1,0,off,0,0,0.0,0.0,0.0,0.0,0.0,0.0,0.0,0.0,0.0,0.0,0.0,-1.5399633869819862,-1.5399633869819862
flat,single,0,off,0,207,-2.017873823166598,251.0,0.8260594606399536,0.7597326636314392,1,-2.017873823166598,-2.017873823166598,1,0,off,0,0,0.0,0.0,0.0,0.0,0.0,0.0,0.0,0.0,0.0,0.0,0.0,-2.017873823166598,-2.017873823166598
flat,single,0,off,0,208,-1.7712049763929143,229.0,0.7999624013900757,0.752133309841156,1,-1.7712049763929143,-1.7712049763929143,1,0,off,0,0,0.0,0.0,0.0,0.0,0.0,0.0,0.0,0.0,0.0,0.0,0.0,-1.7712049763929143,-1.7712049763929143
flat,single,0,off,0,209,-4.135067695649321,322.0,0.8491554260253906,0.7594730854034424,1,-4.135067695649321,-4.135067695649321,1,0,off,0,0,0.0,0.0,0.0,0.0,0.0,0.0,0.0,0.0,0.0,0.0,0.0,-4.135067695649321,-4.135067695649321
flat,single,0,off,0,210,-1.7891737827542276,243.0,0.8100574612617493,0.7559625506401062,1,-1.7891737827542276,-1.7891737827542276,1,0,off,0,0,0.0,0.0,0.0,0.0,0.0,0.0,0.0,0.0,0.0,0.0,0.0,-1.7891737827542276,-1.7891737827542276
flat,single,0,off,0,211,-1.582087068615952,236.0,0.8040377497673035,0.752133309841156,1,-1.582087068615952,-1.582087068615952,1,0,off,0,0,0.0,0.0,0.0,0.0,0.0,0.0,0.0,0.0,0.0,0.0,0.0,-1.582087068615952,-1.582087068615952
flat,single,0,off,0,212,-5.028819892826704,338.0,0.8271560072898865,0.7518628239631653,1,-5.028819892826704,-5.028819892826704,1,0,off,0,0,0.0,0.0,0.0,0.0,0.0,0.0,0.0,0.0,0.0,0.0,0.0,-5.028819892826704,-5.028819892826704
flat,single,0,off,0,213,-1.7569208050635656,242.0,0.7998919486999512,0.7583709359169006,1,-1.7569208050635656,-1.7569208050635656,1,0,off,0,0,0.0,0.0,0.0,0.0,0.0,0.0,0.0,0.0,0.0,0.0,0.0,-1.7569208050635656,-1.7569208050635656
flat,single,0,off,0,214,-2.2274248866573947,258.0,0.8269444704055786,0.7559625506401062,1,-2.2274248866573947,-2.2274248866573947,1,0,off,0,0,0.0,0.0,0.0,0.0,0.0,0.0,0.0,0.0,0.0,0.0,0.0,-2.2274248866573947,-2.2274248866573947
flat,single,0,off,0,215,-2.5063179713208217,240.0,0.7871946692466736,0.7530426383018494,1,-2.5063179713208217,-2.5063179713208217,1,0,off,0,0,0.0,0.0,0.0,0.0,0.0,0.0,0.0,0.0,0.0,0.0,0.0,-2.5063179713208217,-2.5063179713208217
flat,single,0,off,0,216,-5.668925416194824,359.0,0.7993335723876953,0.7555290460586548,1,-5.668925416194824,-5.668925416194824,1,0,off,0,0,0.0,0.0,0.0,0.0,0.0,0.0,0.0,0.0,0.0,0.0,0.0,-5.668925416194824,-5.668925416194824
flat,single,0,off,0,217,-3.050372023601062,285.0,0.7967401146888733,0.7557887434959412,1,-3.050372023601062,-3.050372023601062,1,0,off,0,0,0.0,0.0,0.0,0.0,0.0,0.0,0.0,0.0,0.0,0.0,0.0,-3.050372023601062,-3.050372023601062
flat,single,0,off,0,218,-1.8138640262873422,244.0,0.8197771906852722,0.7559625506401062,1,-1.8138640262873422,-1.8138640262873422,1,0,off,0,0,0.0,0.0,0.0,0.0,0.0,0.0,0.0,0.0,0.0,0.0,0.0,-1.8138640262873422,-1.8138640262873422
flat,single,0,off,0,219,-2.0326743414811834,251.0,0.809048056602478,0.7511925101280212,1,-2.0326743414811834,-2.0326743414811834,1,0,off,0,0,0.0,0.0,0.0,0.0,0.0,0.0,0.0,0.0,0.0,0.0,0.0,-2.0326743414811834,-2.0326743414811834
flat,single,0,off,0,220,-2.017802968756301,251.0,0.8228240013122559,0.7559625506401062,1,-2.017802968756301,-2.017802968756301,1,0,off,0,0,0.0,0.0,0.0,0.0,0.0,0.0,0.0,0.0,0.0,0.0,0.0,-2.017802968756301,-2.017802968756301
flat,single,0,off,0,221,-2.2346126604510856,258.0,0.8084273934364319,0.7566606998443604,1,-2.2346126604510856,-2.2346126604510856,1,0,off,0,0,0.0,0.0,0.0,0.0,0.0,0.0,0.0,0.0,0.0,0.0,0.0,-2.2346126604510856,-2.2346126604510856
flat,single,0,off,0,222,-1.473210864774888,219.0,0.7949965596199036,0.7524362802505493,1,-1.473210864774888,-1.473210864774888,1,0,off,0,0,0.0,0.0,0.0,0.0,0.0,0.0,0.0,0.0,0.0,0.0,0.0,-1.473210864774888,-1.473210864774888
flat,single,0,off,0,223,-2.387327330636328,236.0,0.7972807288169861,0.7509306073188782,1,-2.387327330636328,-2.387327330636328,1,0,off,0,0,0.0,0.0,0.0,0.0,0.0,0.0,0.0,0.0,0.0,0.0,0.0,-2.387327330636328,-2.387327330636328
flat,single,0,off,0,224,-1.0762880085688127,206.0,0.7974060773849487,0.7599170804023743,1,-1.0762880085688127,-1.0762880085688127,1,0,off,0,0,0.0,0.0,0.0,0.0,0.0,0.0,0.0,0.0,0.0,0.0,0.0,-1.0762880085688127,-1.0762880085688127
flat,single,0,off,0,225,-2.3657746693864454,249.0,0.8162676095962524,0.7537832856178284,1,-2.3657746693864454,-2.3657746693864454,1,0,off,0,0,0.0,0.0,0.0,0.0,0.0,0.0,0.0,0.0,0.0,0.0,0.0,-2.3657746693864454,-2.3657746693864454
flat,single,0,off,0,226,-1.4649993219610808,232.0,0.7910022139549255,0.7533277869224548,1,-1.4649993219610808,-1.4649993219610808,1,0,off,0,0,0.0,0.0,0.0,0.0,0.0,0.0,0.0,0.0,0.0,0.0,0.0,-1.4649993219610808,-1.4649993219610808
flat,single,0,off,0,227,-2.4642367606353943,266.0,0.832230269908905,0.7546757459640503,1,-2.4642367606353943,-2.4642367606353943,1,0,off,0,0,0.0,0.0,0.0,0.0,0.0,0.0,0.0,0.0,0.0,0.0,0.0,-2.4642367606353943,-2.4642367606353943
flat,single,0,off,0,228,-3.4053613063529906,270.0,0.7824987769126892,0.753956139087677,1,-3.4053613063529906,-3.4053613063529906,1,0,off,0,0,0.0,0.0,0.0,0.0,0.0,0.0,0.0,0.0,0.0,0.0,0.0,-3.4053613063529906,-3.4053613063529906
flat,single,0,off,0,229,-3.306165721337288,295.0,0.8001049757003784,0.7578423023223877,1,-3.306165721337288,-3.306165721337288,1,0,off,0,0,0.0,0.0,0.0,0.0,0.0,0.0,0.0,0.0,0.0,0.0,0.0,-3.306165721337288,-3.306165721337288
flat,single,0,off,0,230,-2.3758382179297066,249.0,0.7881922125816345,0.7524052262306213,1,-2.3758382179297066,-2.3758382179297066,1,0,off,0,0,0.0,0.0,0.0,0.0,0.0,0.0,0.0,0.0,0.0,0.0,0.0,-2.3758382179297066,-2.3758382179297066
flat,single,0,off,0,231,-2.279912343587497,246.0,0.8109806180000305,0.7532021999359131,1,-2.279912343587497,-2.279912343587497,1,0,off,0,0,0.0,0.0,0.0,0.0,0.0,0.0,0.0,0.0,0.0,0.0,0.0,-2.279912343587497,-2.279912343587497
flat,single,0,off,0,232,-2.8721347913017867,279.0,0.8034694790840149,0.7527925372123718,1,-2.8721347913017867,-2.8721347913017867,1,0,off,0,0,0.0,0.0,0.0,0.0,0.0,0.0,0.0,0.0,0.0,0.0,0.0,-2.8721347913017867,-2.8721347913017867
flat,single,0,off,0,233,-3.1908648595330193,290.0,0.8255125284194946,0.7586663365364075,1,-3.1908648595330193,-3.1908648595330193,1,0,off,0,0,0.0,0.0,0.0,0.0,0.0,0.0,0.0,0.0,0.0,0.0,0.0,-3.1908648595330193,-3.1908648595330193
flat,single,0,off,0,234,-1.551877372141467,235.0,0.8006871938705444,0.7625235319137573,1,-1.551877372141467,-1.551877372141467,1,0,off,0,0,0.0,0.0,0.0,0.0,0.0,0.0,0.0,0.0,0.0,0.0,0.0,-1.551877372141467,-1.551877372141467
flat,single,0,off,0,235,-2.3162504364061087,247.0,0.7839227914810181,0.7504737973213196,1,-2.3162504364061087,-2.3162504364061087,1,0,off,0,0,0.0,0.0,0.0,0.0,0.0,0.0,0.0,0.0,0.0,0.0,0.0,-2.3162504364061087,-2.3162504364061087
flat,single,0,off,0,236,-2.100136336892615,254.0,0.841923177242279,0.7566606998443604,1,-2.100136336892615,-2.100136336892615,1,0,off,0,0,0.0,0.0,0.0,0.0,0.0,0.0,0.0,0.0,0.0,0.0,0.0,-2.100136336892615,-2.100136336892615
flat,single,0,off,0,237,-2.002671935720139,237.0,0.8128501772880554,0.762611448764801,1,-2.002671935720139,-2.002671935720139,1,0,off,0,0,0.0,0.0,0.0,0.0,0.0,0.0,0.0,0.0,0.0,0.0,0.0,-2.002671935720139,-2.002671935720139
flat,single,0,off,0,238,-1.1333487441425727,221.0,0.8006755113601685,0.7598198056221008,1,-1.1333487441425727,-1.1333487441425727,1,0,off,0,0,0.0,0.0,0.0,0.0,0.0,0.0,0.0,0.0,0.0,0.0,0.0,-1.1333487441425727,-1.1333487441425727
flat,single,0,off,0,239,-1.5441266419948132,235.0,0.810150146484375,0.7566606998443604,1,-1.5441266419948132,-1.5441266419948132,1,0,off,0,0,0.0,0.0,0.0,0.0,0.0,0.0,0.0,0.0,0.0,0.0,0.0,-1.5441266419948132,-1.5441266419948132
flat,single,0,off,0,240,-1.274988489389658,226.0,0.8105982542037964,0.7570511698722839,1,-1.274988489389658,-1.274988489389658,1,0,off,0,0,0.0,0.0,0.0,0.0,0.0,0.0,0.0,0.0,0.0,0.0,0.0,-1.274988489389658,-1.274988489389658
flat,single,0,off,0,241,-1.7282140855258377,214.0,0.7953422665596008,0.7525953650474548,1,-1.7282140855258377,-1.7282140855258377,1,0,off,0,0,0.0,0.0,0.0,0.0,0.0,0.0,0.0,0.0,0.0,0.0,0.0,-1.7282140855258377,-1.7282140855258377
flat,single,0,off,0,242,-1.9792103760188957,236.0,0.8092172741889954,0.7526666522026062,1,-1.9792103760188957,-1.9792103760188957,1,0,off,0,0,0.0,0.0,0.0,0.0,0.0,0.0,0.0,0.0,0.0,0.0,0.0,-1.9792103760188957,-1.9792103760188957
flat,single,0,off,0,243,-1.6084206381370363,237.0,0.8117426633834839,0.7508296966552734,1,-1.6084206381370363,-1.6084206381370363,1,0,off,0,0,0.0,0.0,0.0,0.0,0.0,0.0,0.0,0.0,0.0,0.0,0.0,-1.6084206381370363,-1.6084206381370363
flat,single,0,off,0,244,-1.8510997610399553,245.0,0.8120840787887573,0.7528660297393799,1,-1.8510997610399553,-1.8510997610399553,1,0,off,0,0,0.0,0.0,0.0,0.0,0.0,0.0,0.0,0.0,0.0,0.0,0.0,-1.8510997610399553,-1.8510997610399553
flat,single,0,off,0,245,-2.035828427780657,252.0,0.8406310081481934,0.7634658217430115,1,-2.035828427780657,-2.035828427780657,1,0,off,0,0,0.0,0.0,0.0,0.0,0.0,0.0,0.0,0.0,0.0,0.0,0.0,-2.035828427780657,-2.035828427780657
flat,single,0,off,0,246,-1.0589214403880796,205.0,0.7825111746788025,0.7512722611427307,1,-1.0589214403880796,-1.0589214403880796,1,0,off,0,0,0.0,0.0,0.0,0.0,0.0,0.0,0.0,0.0,0.0,0.0,0.0,-1.0589214403880796,-1.0589214403880796
flat,single,0,off,0,247,-1.1869165442045828,223.0,0.8131982684135437,0.7622215747833252,1,-1.1869165442045828,-1.1869165442045828,1,0,off,0,0,0.0,0.0,0.0,0.0,0.0,0.0,0.0,0.0,0.0,0.0,0.0,-1.1869165442045828,-1.1869165442045828
flat,single,0,off,0,248,-2.2887200519326134,260.0,0.8308382034301758,0.762611448764801,1,-2.2887200519326134,-2.2887200519326134,1,0,off,0,0,0.0,0.0,0.0,0.0,0.0,0.0,0.0,0.0,0.0,0.0,0.0,-2.2887200519326134,-2.2887200519326134
flat,single,0,off,0,249,-1.807481447623582,244.0,0.8152099847793579,0.7642122507095337,1,-1.807481447623582,-1.807481447623582,1,0,off,0,0,0.0,0.0,0.0,0.0,0.0,0.0,0.0,0.0,0.0,0.0,0.0,-1.807481447623582,-1.807481447623582
flat,single,0,off,0,250,-2.265910456188716,259.0,0.8033913373947144,0.7559656500816345,1,-2.265910456188716,-2.265910456188716,1,0,off,0,0,0.0,0.0,0.0,0.0,0.0,0.0,0.0,0.0,0.0,0.0,0.0,-2.265910456188716,-2.265910456188716
flat,single,0,off,0,251,-2.701693132118082,260.0,0.8110565543174744,0.7504992485046387,1,-2.701693132118082,-2.701693132118082,1,0,off,0,0,0.0,0.0,0.0,0.0,0.0,0.0,0.0,0.0,0.0,0.0,0.0,-2.701693132118082,-2.701693132118082
flat,single,0,off,0,252,-1.9165381341055086,234.0,0.8027410507202148,0.7565799355506897,1,-1.9165381341055086,-1.9165381341055086,1,0,off,0,0,0.0,0.0,0.0,0.0,0.0,0.0,0.0,0.0,0.0,0.0,0.0,-1.9165381341055086,-1.9165381341055086
flat,single,0,off,0,253,-2.4271601690910782,265.0,0.8491775393486023,0.762611448764801,1,-2.4271601690910782,-2.4271601690910782,1,0,off,0,0,0.0,0.0,0.0,0.0,0.0,0.0,0.0,0.0,0.0,0.0,0.0,-2.4271601690910782,-2.4271601690910782
flat,single,0,off,0,254,-1.7747893214097754,229.0,0.7943243384361267,0.7519357204437256,1,-1.7747893214097754,-1.7747893214097754,1,0,off,0,0,0.0,0.0,0.0,0.0,0.0,0.0,0.0,0.0,0.0,0.0,0.0,-1.7747893214097754,-1.7747893214097754
flat,single,0,off,0,255,-4.501152014377294,320.0,0.7942606210708618,0.7500581741333008,1,-4.501152014377294,-4.501152014377294,1,0,off,0,0,0.0,0.0,0.0,0.0,0.0,0.0,0.0,0.0,0.0,0.0,0.0,-4.501152014377294,-4.501152014377294
flat,single,0,off,0,256,-2.842252388854961,282.0,0.8175677061080933,0.7548753023147583,1,-2.842252388854961,-2.842252388854961,1,0,off,0,0,0.0,0.0,0.0,0.0,0.0,0.0,0.0,0.0,0.0,0.0,0.0,-2.842252388854961,-2.842252388854961
flat,single,0,off,0,257,-2.0679971752315787,253.0,0.8071804642677307,0.752422034740448,1,-2.0679971752315787,-2.0679971752315787,1,0,off,0,0,0.0,0.0,0.0,0.0,0.0,0.0,0.0,0.0,0.0,0.0,0.0,-2.0679971752315787,-2.0679971752315787
flat,single,0,off,0,258,-2.4187826139631237,251.0,0.8175339102745056,0.7576594352722168,1,-2.4187826139631237,-2.4187826139631237,1,0,off,0,0,0.0,0.0,0.0,0.0,0.0,0.0,0.0,0.0,0.0,0.0,0.0,-2.4187826139631237,-2.4187826139631237
flat,single,0,off,0,259,-2.253936856100323,245.0,0.795562207698822,0.752133309841156,1,-2.253936856100323,-2.253936856100323,1,0,off,0,0,0.0,0.0,0.0,0.0,0.0,0.0,0.0,0.0,0.0,0.0,0.0,-2.253936856100323,-2.253936856100323
flat,single,0,off,0,260,-2.4899618383764768,253.0,0.797195553779602,0.7551032900810242,1,-2.4899618383764768,-2.4899618383764768,1,0,off,0,0,0.0,0.0,0.0,0.0,0.0,0.0,0.0,0.0,0.0,0.0,0.0,-2.4899618383764768,-2.4899618383764768
flat,single,0,off,0,261,-1.3212839094735729,214.0,0.7989286184310913,0.754767894744873,1,-1.3212839094735729,-1.3212839094735729,1,0,off,0,0,0.0,0.0,0.0,0.0,0.0,0.0,0.0,0.0,0.0,0.0,0.0,-1.3212839094735729,-1.3212839094735729
flat,single,0,off,0,262,-1.4952270359091975,220.0,0.798669159412384,0.7607543468475342,1,-1.4952270359091975,-1.4952270359091975,1,0,off,0,0,0.0,0.0,0.0,0.0,0.0,0.0,0.0,0.0,0.0,0.0,0.0,-1.4952270359091975,-1.4952270359091975
flat,single,0,off,0,263,-4.294443040785831,327.0,0.8208510279655457,0.7597326040267944,1,-4.294443040785831,-4.294443040785831,1,0,off,0,0,0.0,0.0,0.0,0.0,0.0,0.0,0.0,0.0,0.0,0.0,0.0,-4.294443040785831,-4.294443040785831
flat,single,0,off,0,264,-1.815196999883052,244.0,0.7987297177314758,0.758662223815918,1,-1.815196999883052,-1.815196999883052,1,0,off,0,0,0.0,0.0,0.0,0.0,0.0,0.0,0.0,0.0,0.0,0.0,0.0,-1.815196999883052,-1.815196999883052
flat,single,0,off,0,265,-2.4651969961775446,266.0,0.8507413864135742,0.7544940114021301,1,-2.4651969961775446,-2.4651969961775446,1,0,off,0,0,0.0,0.0,0.0,0.0,0.0,0.0,0.0,0.0,0.0,0.0,0.0,-2.4651969961775446,-2.4651969961775446
flat,single,0,off,0,266,-2.2947115965362186,260.0,0.8106173276901245,0.7574916481971741,1,-2.2947115965362186,-2.2947115965362186,1,0,off,0,0,0.0,0.0,0.0,0.0,0.0,0.0,0.0,0.0,0.0,0.0,0.0,-2.2947115965362186,-2.2947115965362186
flat,single,0,off,0,267,-2.023261115351929,251.0,0.8134202361106873,0.7551031708717346,1,-2.023261115351929,-2.023261115351929,1,0,off,0,0,0.0,0.0,0.0,0.0,0.0,0.0,0.0,0.0,0.0,0.0,0.0,-2.023261115351929,-2.023261115351929
flat,single,0,off,0,268,-2.3586790221475535,262.0,0.8208470344543457,0.7509564161300659,1,-2.3586790221475535,-2.3586790221475535,1,0,off,0,0,0.0,0.0,0.0,0.0,0.0,0.0,0.0,0.0,0.0,0.0,0.0,-2.3586790221475535,-2.3586790221475535
flat,single,0,off,0,269,-2.3095938431122285,247.0,0.7974122166633606,0.7545269131660461,1,-2.3095938431122285,-2.3095938431122285,1,0,off,0,0,0.0,0.0,0.0,0.0,0.0,0.0,0.0,0.0,0.0,0.0,0.0,-2.3095938431122285,-2.3095938431122285
flat,single,0,off,0,270,-2.499014589769053,267.0,0.8143873810768127,0.763371467590332,1,-2.499014589769053,-2.499014589769053,1,0,off,0,0,0.0,0.0,0.0,0.0,0.0,0.0,0.0,0.0,0.0,0.0,0.0,-2.499014589769053,-2.499014589769053
flat,single,0,off,0,271,-1.9016585351631565,247.0,0.8256215453147888,0.7566606998443604,1,-1.9016585351631565,-1.9016585351631565,1,0,off,0,0,0.0,0.0,0.0,0.0,0.0,0.0,0.0,0.0,0.0,0.0,0.0,-1.9016585351631565,-1.9016585351631565
flat,single,0,off,0,272,-2.157967305309143,228.0,0.7753254175186157,0.7526889443397522,1,-2.157967305309143,-2.157967305309143,1,0,off,0,0,0.0,0.0,0.0,0.0,0.0,0.0,0.0,0.0,0.0,0.0,0.0,-2.157967305309143,-2.157967305309143
flat,single,0,off,0,273,-2.1439196335501043,255.0,0.8136810660362244,0.758748471736908,1,-2.1439196335501043,-2.1439196335501043,1,0,off,0,0,0.0,0.0,0.0,0.0,0.0,0.0,0.0,0.0,0.0,0.0,0.0,-2.1439196335501043,-2.1439196335501043
flat,single,0,off,0,274,-2.2629415819526137,259.0,0.8053979873657227,0.7597326040267944,1,-2.2629415819526137,-2.2629415819526137,1,0,off,0,0,0.0,0.0,0.0,0.0,0.0,0.0,0.0,0.0,0.0,0.0,0.0,-2.2629415819526137,-2.2629415819526137
flat,single,0,off,0,275,-1.684773691226733,226.0,0.7948084473609924,0.7538353204727173,1,-1.684773691226733,-1.684773691226733,1,0,off,0,0,0.0,0.0,0.0,0.0,0.0,0.0,0.0,0.0,0.0,0.0,0.0,-1.684773691226733,-1.684773691226733
flat,single,0,off,0,276,-1.1544207991531625,222.0,0.8033890128135681,0.7576594352722168,1,-1.1544207991531625,-1.1544207991531625,1,0,off,0,0,0.0,0.0,0.0,0.0,0.0,0.0,0.0,0.0,0.0,0.0,0.0,-1.1544207991531625,-1.1544207991531625
flat,single,0,off,0,277,-2.3659966498601737,249.0,0.8150097727775574,0.7512674927711487,1,-2.3659966498601737,-2.3659966498601737,1,0,off,0,0,0.0,0.0,0.0,0.0,0.0,0.0,0.0,0.0,0.0,0.0,0.0,-2.3659966498601737,-2.3659966498601737
flat,single,0,off,0,278,-3.0164525186782636,257.0,0.7946788668632507,0.7546544671058655,1,-3.0164525186782636,-3.0164525186782636,1,0,off,0,0,0.0,0.0,0.0,0.0,0.0,0.0,0.0,0.0,0.0,0.0,0.0,-3.0164525186782636,-3.0164525186782636
flat,single,0,off,0,279,-1.8234308280912266,244.0,0.7979950904846191,0.7576594352722168,1,-1.8234308280912266,-1.8234308280912266,1,0,off,0,0,0.0,0.0,0.0,0.0,0.0,0.0,0.0,0.0,0.0,0.0,0.0,-1.8234308280912266,-1.8234308280912266
flat,single,0,off,0,280,-2.890936503792165,280.0,0.8185041546821594,0.7536625266075134,1,-2.890936503792165,-2.890936503792165,1,0,off,0,0,0.0,0.0,0.0,0.0,0.0,0.0,0.0,0.0,0.0,0.0,0.0,-2.890936503792165,-2.890936503792165
flat,single,0,off,0,281,-1.380205211853612,216.0,0.8093405961990356,0.7561666965484619,1,-1.380205211853612,-1.380205211853612,1,0,off,0,0,0.0,0.0,0.0,0.0,0.0,0.0,0.0,0.0,0.0,0.0,0.0,-1.380205211853612,-1.380205211853612
flat,single,0,off,0,282,-1.857978671917221,245.0,0.7885159254074097,0.7559625506401062,1,-1.857978671917221,-1.857978671917221,1,0,off,0,0,0.0,0.0,0.0,0.0,0.0,0.0,0.0,0.0,0.0,0.0,0.0,-1.857978671917221,-1.857978671917221
flat,single,0,off,0,283,-2.198821343943714,257.0,0.8278765678405762,0.752133309841156,1,-2.198821343943714,-2.198821343943714,1,0,off,0,0,0.0,0.0,0.0,0.0,0.0,0.0,0.0,0.0,0.0,0.0,0.0,-2.198821343943714,-2.198821343943714
flat,single,0,off,0,284,-2.428911861008967,265.0,0.8465496897697449,0.7618141174316406,1,-2.428911861008967,-2.428911861008967,1,0,off,0,0,0.0,0.0,0.0,0.0,0.0,0.0,0.0,0.0,0.0,0.0,0.0,-2.428911861008967,-2.428911861008967
flat,single,0,off,0,285,-2.232720923374877,258.0,0.8173951506614685,0.752133309841156,1,-2.232720923374877,-2.232720923374877,1,0,off,0,0,0.0,0.0,0.0,0.0,0.0,0.0,0.0,0.0,0.0,0.0,0.0,-2.232720923374877,-2.232720923374877
flat,single,0,off,0,286,-1.607886177693731,237.0,0.8019810318946838,0.7551511526107788,1,-1.607886177693731,-1.607886177693731,1,0,off,0,0,0.0,0.0,0.0,0.0,0.0,0.0,0.0,0.0,0.0,0.0,0.0,-1.607886177693731,-1.607886177693731
flat,single,0,off,0,287,-1.8833023504156203,233.0,0.8100661635398865,0.7576594352722168,1,-1.8833023504156203,-1.8833023504156203,1,0,off,0,0,0.0,0.0,0.0,0.0,0.0,0.0,0.0,0.0,0.0,0.0,0.0,-1.8833023504156203,-1.8833023504156203
flat,single,0,off,0,288,-2.3896777211572067,250.0,0.8181943893432617,0.7522832751274109,1,-2.3896777211572067,-2.3896777211572067,1,0,off,0,0,0.0,0.0,0.0,0.0,0.0,0.0,0.0,0.0,0.0,0.0,0.0,-2.3896777211572067,-2.3896777211572067
flat,single,0,off,0,289,-1.7592880591482436,242.0,0.8073434233665466,0.7637414336204529,1,-1.7592880591482436,-1.7592880591482436,1,0,off,0,0,0.0,0.0,0.0,0.0,0.0,0.0,0.0,0.0,0.0,0.0,0.0,-1.7592880591482436,-1.7592880591482436
flat,single,0,off,0,290,-2.15559788614279,242.0,0.8261851072311401,0.7511779069900513,1,-2.15559788614279,-2.15559788614279,1,0,off,0,0,0.0,0.0,0.0,0.0,0.0,0.0,0.0,0.0,0.0,0.0,0.0,-2.15559788614279,-2.15559788614279
flat,single,0,off,0,291,-1.7478321694047234,228.0,0.7834017872810364,0.7574252486228943,1,-1.7478321694047234,-1.7478321694047234,1,0,off,0,0,0.0,0.0,0.0,0.0,0.0,0.0,0.0,0.0,0.0,0.0,0.0,-1.7478321694047234,-1.7478321694047234
flat,single,0,off,0,292,-2.6335630261304335,272.0,0.8548242449760437,0.7568646669387817,1,-2.6335630261304335,-2.6335630261304335,1,0,off,0,0,0.0,0.0,0.0,0.0,0.0,0.0,0.0,0.0,0.0,0.0,0.0,-2.6335630261304335,-2.6335630261304335
flat,single,0,off,0,293,-2.578869531950905,256.0,0.8008184432983398,0.7530031204223633,1,-2.578869531950905,-2.578869531950905,1,0,off,0,0,0.0,0.0,0.0,0.0,0.0,0.0,0.0,0.0,0.0,0.0,0.0,-2.578869531950905,-2.578869531950905
flat,single,0,off,0,294,-2.67841338661731,273.0,0.8178184628486633,0.7566606998443604,1,-2.67841338661731,-2.67841338661731,1,0,off,0,0,0.0,0.0,0.0,0.0,0.0,0.0,0.0,0.0,0.0,0.0,0.0,-2.67841338661731,-2.67841338661731
flat,single,0,off,0,295,-1.1746843117917931,209.0,0.7923302054405212,0.7543206214904785,1,-1.1746843117917931,-1.1746843117917931,1,0,off,0,0,0.0,0.0,0.0,0.0,0.0,0.0,0.0,0.0,0.0,0.0,0.0,-1.1746843117917931,-1.1746843117917931
flat,single,0,off,0,296,-3.1994410905719235,277.0,0.8344597816467285,0.7533935904502869,1,-3.1994410905719235,-3.1994410905719235,1,0,off,0,0,0.0,0.0,0.0,0.0,0.0,0.0,0.0,0.0,0.0,0.0,0.0,-3.1994410905719235,-3.1994410905719235
flat,single,0,off,0,297,-1.2829876285581898,226.0,0.7990578413009644,0.7600588202476501,1,-1.2829876285581898,-1.2829876285581898,1,0,off,0,0,0.0,0.0,0.0,0.0,0.0,0.0,0.0,0.0,0.0,0.0,0.0,-1.2829876285581898,-1.2829876285581898
flat,single,0,off,0,298,-1.7252142381109346,241.0,0.8204702734947205,0.7545047402381897,1,-1.7252142381109346,-1.7252142381109346,1,0,off,0,0,0.0,0.0,0.0,0.0,0.0,0.0,0.0,0.0,0.0,0.0,0.0,-1.7252142381109346,-1.7252142381109346
flat,single,0,off,0,299,-0.8000406041101135,210.0,0.7922849655151367,0.7576594352722168,1,-0.8000406041101135,-0.8000406041101135,1,0,off,0,0,0.0,0.0,0.0,0.0,0.0,0.0,0.0,0.0,0.0,0.0,0.0,-0.8000406041101135,-0.8000406041101135
flat,single,0,off,0,300,-1.5461762853083256,235.0,0.8105592727661133,0.7521333694458008,1,-1.5461762853083256,-1.5461762853083256,1,0,off,0,0,0.0,0.0,0.0,0.0,0.0,0.0,0.0,0.0,0.0,0.0,0.0,-1.5461762853083256,-1.5461762853083256
flat,single,0,off,0,301,-1.1770529364049478,209.0,0.7888602614402771,0.7570623159408569,1,-1.1770529364049478,-1.1770529364049478,1,0,off,0,0,0.0,0.0,0.0,0.0,0.0,0.0,0.0,0.0,0.0,0.0,0.0,-1.1770529364049478,-1.1770529364049478
flat,single,0,off,0,302,-1.130095451384554,221.0,0.7966740727424622,0.7512415647506714,1,-1.130095451384554,-1.130095451384554,1,0,off,0,0,0.0,0.0,0.0,0.0,0.0,0.0,0.0,0.0,0.0,0.0,0.0,-1.130095451384554,-1.130095451384554
flat,single,0,off,0,303,-2.6992719110148036,274.0,0.8442926406860352,0.7595407366752625,1,-2.6992719110148036,-2.6992719110148036,1,0,off,0,0,0.0,0.0,0.0,0.0,0.0,0.0,0.0,0.0,0.0,0.0,0.0,-2.6992719110148036,-2.6992719110148036
flat,single,0,off,0,304,-0.9751301096763971,216.0,0.8077532649040222,0.7521556615829468,1,-0.9751301096763971,-0.9751301096763971,1,0,off,0,0,0.0,0.0,0.0,0.0,0.0,0.0,0.0,0.0,0.0,0.0,0.0,-0.9751301096763971,-0.9751301096763971
flat,single,0,off,0,305,-3.988397572420059,303.0,0.7948514223098755,0.7557051777839661,1,-3.988397572420059,-3.988397572420059,1,0,off,0,0,0.0,0.0,0.0,0.0,0.0,0.0,0.0,0.0,0.0,0.0,0.0,-3.988397572420059,-3.988397572420059
flat,single,0,off,0,306,-1.3611909019458153,229.0,0.8156561851501465,0.7617754936218262,1,-1.3611909019458153,-1.3611909019458153,1,0,off,0,0,0.0,0.0,0.0,0.0,0.0,0.0,0.0,0.0,0.0,0.0,0.0,-1.3611909019458153,-1.3611909019458153
flat,single,0,off,0,307,-2.6047623116779137,257.0,0.8213191032409668,0.754571795463562,1,-2.6047623116779137,-2.6047623116779137,1,0,off,0,0,0.0,0.0,0.0,0.0,0.0,0.0,0.0,0.0,0.0,0.0,0.0,-2.6047623116779137,-2.6047623116779137
flat,single,0,off,0,308,-0.8206987507781053,197.0,0.7851489186286926,0.758357584476471,1,-0.8206987507781053,-0.8206987507781053,1,0,off,0,0,0.0,0.0,0.0,0.0,0.0,0.0,0.0,0.0,0.0,0.0,0.0,-0.8206987507781053,-0.8206987507781053
flat,single,0,off,0,309,-2.7368824269680743,275.0,0.8267197608947754,0.7588865756988525,1,-2.7368824269680743,-2.7368824269680743,1,0,off,0,0,0.0,0.0,0.0,0.0,0.0,0.0,0.0,0.0,0.0,0.0,0.0,-2.7368824269680743,-2.7368824269680743
flat,single,0,off,0,310,-1.421185495695103,217.0,0.7909132242202759,0.7525752186775208,1,-1.421185495695103,-1.421185495695103,1,0,off,0,0,0.0,0.0,0.0,0.0,0.0,0.0,0.0,0.0,0.0,0.0,0.0,-1.421185495695103,-1.421185495695103
flat,single,0,off,0,311,-1.6851601466431798,226.0,0.8029826879501343,0.7521334290504456,1,-1.6851601466431798,-1.6851601466431798,1,0,off,0,0,0.0,0.0,0.0,0.0,0.0,0.0,0.0,0.0,0.0,0.0,0.0,-1.6851601466431798,-1.6851601466431798
flat,single,0,off,0,312,-1.247804104542596,225.0,0.79617840051651,0.7591013312339783,1,-1.247804104542596,-1.247804104542596,1,0,off,0,0,0.0,0.0,0.0,0.0,0.0,0.0,0.0,0.0,0.0,0.0,0.0,-1.247804104542596,-1.247804104542596
flat,single,0,off,0,313,-1.3687319345411428,229.0,0.8172000646591187,0.7514318227767944,1,-1.3687319345411428,-1.3687319345411428,1,0,off,0,0,0.0,0.0,0.0,0.0,0.0,0.0,0.0,0.0,0.0,0.0,0.0,-1.3687319345411428,-1.3687319345411428
flat,single,0,off,0,314,-3.306743021220889,294.0,0.8444738388061523,0.7503301501274109,1,-3.306743021220889,-3.306743021220889,1,0,off,0,0,0.0,0.0,0.0,0.0,0.0,0.0,0.0,0.0,0.0,0.0,0.0,-3.306743021220889,-3.306743021220889
flat,single,0,off,0,315,-1.8427898749185316,245.0,0.8246882557868958,0.7516906261444092,1,-1.8427898749185316,-1.8427898749185316,1,0,off,0,0,0.0,0.0,0.0,0.0,0.0,0.0,0.0,0.0,0.0,0.0,0.0,-1.8427898749185316,-1.8427898749185316
flat,single,0,off,0,316,-1.9363568355771745,248.0,0.8026636242866516,0.7533966302871704,1,-1.9363568355771745,-1.9363568355771745,1,0,off,0,0,0.0,0.0,0.0,0.0,0.0,0.0,0.0,0.0,0.0,0.0,0.0,-1.9363568355771745,-1.9363568355771745
flat,single,0,off,0,317,-1.9488711555756144,248.0,0.7907313108444214,0.7521333694458008,1,-1.9488711555756144,-1.9488711555756144,1,0,off,0,0,0.0,0.0,0.0,0.0,0.0,0.0,0.0,0.0,0.0,0.0,0.0,-1.9488711555756144,-1.9488711555756144
flat,single,0,off,0,318,-2.1514163514215072,242.0,0.8362471461296082,0.7533157467842102,1,-2.1514163514215072,-2.1514163514215072,1,0,off,0,0,0.0,0.0,0.0,0.0,0.0,0.0,0.0,0.0,0.0,0.0,0.0,-2.1514163514215072,-2.1514163514215072
flat,single,0,off,0,319,-3.039638543161558,258.0,0.8003249764442444,0.7565986514091492,1,-3.039638543161558,-3.039638543161558,1,0,off,0,0,0.0,0.0,0.0,0.0,0.0,0.0,0.0,0.0,0.0,0.0,0.0,-3.039638543161558,-3.039638543161558
flat,single,0,off,0,320,-2.264080821904357,246.0,0.8297213315963745,0.7597389221191406,1,-2.264080821904357,-2.264080821904357,1,0,off,0,0,0.0,0.0,0.0,0.0,0.0,0.0,0.0,0.0,0.0,0.0,0.0,-2.264080821904357,-2.264080821904357
flat,single,0,off,0,321,-2.5214233323733777,268.0,0.8581064343452454,0.7576594352722168,1,-2.5214233323733777,-2.5214233323733777,1,0,off,0,0,0.0,0.0,0.0,0.0,0.0,0.0,0.0,0.0,0.0,0.0,0.0,-2.5214233323733777,-2.5214233323733777
flat,single,0,off,0,322,-2.050553979488328,252.0,0.819020688533783,0.7597325444221497,1,-2.050553979488328,-2.050553979488328,1,0,off,0,0,0.0,0.0,0.0,0.0,0.0,0.0,0.0,0.0,0.0,0.0,0.0,-2.050553979488328,-2.050553979488328
flat,single,0,off,0,323,-1.8107516203995377,244.0,0.8167692422866821,0.7580375671386719,1,-1.8107516203995377,-1.8107516203995377,1,0,off,0,0,0.0,0.0,0.0,0.0,0.0,0.0,0.0,0.0,0.0,0.0,0.0,-1.8107516203995377,-1.8107516203995377
flat,single,0,off,0,324,-2.1713643027422993,256.0,0.8253957033157349,0.7559625506401062,1,-2.1713643027422993,-2.1713643027422993,1,0,off,0,0,0.0,0.0,0.0,0.0,0.0,0.0,0.0,0.0,0.0,0.0,0.0,-2.1713643027422993,-2.1713643027422993
flat,single,0,off,0,325,-1.4219481714675242,217.0,0.7874878644943237,0.7512972354888916,1,-1.4219481714675242,-1.4219481714675242,1,0,off,0,0,0.0,0.0,0.0,0.0,0.0,0.0,0.0,0.0,0.0,0.0,0.0,-1.4219481714675242,-1.4219481714675242
flat,single,0,off,0,326,-3.913552479444752,314.0,0.8009218573570251,0.7634444236755371,1,-3.913552479444752,-3.913552479444752,1,0,off,0,0,0.0,0.0,0.0,0.0,0.0,0.0,0.0,0.0,0.0,0.0,0.0,-3.913552479444752,-3.913552479444752
flat,single,0,off,0,327,-1.3563308227574493,215.0,0.787420928478241,0.752133309841156,1,-1.3563308227574493,-1.3563308227574493,1,0,off,0,0,0.0,0.0,0.0,0.0,0.0,0.0,0.0,0.0,0.0,0.0,0.0,-1.3563308227574493,-1.3563308227574493
flat,single,0,off,0,328,-1.5048476242693185,220.0,0.7928460240364075,0.7520099878311157,1,-1.5048476242693185,-1.5048476242693185,1,0,off,0,0,0.0,0.0,0.0,0.0,0.0,0.0,0.0,0.0,0.0,0.0,0.0,-1.5048476242693185,-1.5048476242693185
flat,single,0,off,0,329,-1.0047177803725973,217.0,0.7995771169662476,0.7634444236755371,1,-1.0047177803725973,-1.0047177803725973,1,0,off,0,0,0.0,0.0,0.0,0.0,0.0,0.0,0.0,0.0,0.0,0.0,0.0,-1.0047177803725973,-1.0047177803725973
flat,single,0,off,0,330,-1.981182894007075,236.0,0.805458664894104,0.752133309841156,1,-1.981182894007075,-1.981182894007075,1,0,off,0,0,0.0,0.0,0.0,0.0,0.0,0.0,0.0,0.0,0.0,0.0,0.0,-1.981182894007075,-1.981182894007075
flat,single,0,off,0,331,-1.541764610767137,235.0,0.8233428001403809,0.7566606998443604,1,-1.541764610767137,-1.541764610767137,1,0,off,0,0,0.0,0.0,0.0,0.0,0.0,0.0,0.0,0.0,0.0,0.0,0.0,-1.541764610767137,-1.541764610767137
flat,single,0,off,0,332,-2.472035121819924,266.0,0.8225003480911255,0.7600932121276855,1,-2.472035121819924,-2.472035121819924,1,0,off,0,0,0.0,0.0,0.0,0.0,0.0,0.0,0.0,0.0,0.0,0.0,0.0,-2.472035121819924,-2.472035121819924
flat,single,0,off,0,333,-3.294455147940888,294.0,0.8556222915649414,0.7568408846855164,1,-3.294455147940888,-3.294455147940888,1,0,off,0,0,0.0,0.0,0.0,0.0,0.0,0.0,0.0,0.0,0.0,0.0,0.0,-3.294455147940888,-3.294455147940888
flat,single,0,off,0,334,-2.0072322181158286,237.0,0.8167807459831238,0.7536261081695557,1,-2.0072322181158286,-2.0072322181158286,1,0,off,0,0,0.0,0.0,0.0,0.0,0.0,0.0,0.0,0.0,0.0,0.0,0.0,-2.0072322181158286,-2.0072322181158286
flat,single,0,off,0,335,-1.113637039585741,207.0,0.7893807291984558,0.7559624910354614,1,-1.113637039585741,-1.113637039585741,1,0,off,0,0,0.0,0.0,0.0,0.0,0.0,0.0,0.0,0.0,0.0,0.0,0.0,-1.113637039585741,-1.113637039585741
flat,single,0,off,0,336,-2.4547299178340496,252.0,0.8024311661720276,0.7552921772003174,1,-2.4547299178340496,-2.4547299178340496,1,0,off,0,0,0.0,0.0,0.0,0.0,0.0,0.0,0.0,0.0,0.0,0.0,0.0,-2.4547299178340496,-2.4547299178340496
flat,single,0,off,0,337,-1.4658519186649972,219.0,0.8106091618537903,0.7597325444221497,1,-1.4658519186649972,-1.4658519186649972,1,0,off,0,0,0.0,0.0,0.0,0.0,0.0,0.0,0.0,0.0,0.0,0.0,0.0,-1.4658519186649972,-1.4658519186649972
flat,single,0,off,0,338,-1.500931105477508,220.0,0.8033977150917053,0.7529957294464111,1,-1.500931105477508,-1.500931105477508,1,0,off,0,0,0.0,0.0,0.0,0.0,0.0,0.0,0.0,0.0,0.0,0.0,0.0,-1.500931105477508,-1.500931105477508
flat,single,0,off,0,339,-1.4988733394304332,220.0,0.8120531439781189,0.7548405528068542,1,-1.4988733394304332,-1.4988733394304332,1,0,off,0,0,0.0,0.0,0.0,0.0,0.0,0.0,0.0,0.0,0.0,0.0,0.0,-1.4988733394304332,-1.4988733394304332
flat,single,0,off,0,340,-1.7154734283359772,227.0,0.7914338707923889,0.752133309841156,1,-1.7154734283359772,-1.7154734283359772,1,0,off,0,0,0.0,0.0,0.0,0.0,0.0,0.0,0.0,0.0,0.0,0.0,0.0,-1.7154734283359772,-1.7154734283359772
flat,single,0,off,0,341,-2.7963911178428598,277.0,0.8175115585327148,0.7566606998443604,1,-2.7963911178428598,-2.7963911178428598,1,0,off,0,0,0.0,0.0,0.0,0.0,0.0,0.0,0.0,0.0,0.0,0.0,0.0,-2.7963911178428598,-2.7963911178428598
flat,single,0,off,0,342,-1.6970487774291565,240.0,0.8032550811767578,0.7521333694458008,1,-1.6970487774291565,-1.6970487774291565,1,0,off,0,0,0.0,0.0,0.0,0.0,0.0,0.0,0.0,0.0,0.0,0.0,0.0,-1.6970487774291565,-1.6970487774291565
flat,single,0,off,0,343,-1.5180927580792967,234.0,0.8128179907798767,0.7503847479820251,1,-1.5180927580792967,-1.5180927580792967,1,0,off,0,0,0.0,0.0,0.0,0.0,0.0,0.0,0.0,0.0,0.0,0.0,0.0,-1.5180927580792967,-1.5180927580792967
flat,single,0,off,0,344,-2.556025970446643,269.0,0.8357788920402527,0.7576594352722168,1,-2.556025970446643,-2.556025970446643,1,0,off,0,0,0.0,0.0,0.0,0.0,0.0,0.0,0.0,0.0,0.0,0.0,0.0,-2.556025970446643,-2.556025970446643
flat,single,0,off,0,345,-3.353265136158436,296.0,0.8765773177146912,0.7550389766693115,1,-3.353265136158436,-3.353265136158436,1,0,off,0,0,0.0,0.0,0.0,0.0,0.0,0.0,0.0,0.0,0.0,0.0,0.0,-3.353265136158436,-3.353265136158436
flat,single,0,off,0,346,-1.4436636978504291,218.0,0.7951167821884155,0.7513116598129272,1,-1.4436636978504291,-1.4436636978504291,1,0,off,0,0,0.0,0.0,0.0,0.0,0.0,0.0,0.0,0.0,0.0,0.0,0.0,-1.4436636978504291,-1.4436636978504291
flat,single,0,off,0,347,-1.3323556248028807,214.0,0.7862170338630676,0.7515040040016174,1,-1.3323556248028807,-1.3323556248028807,1,0,off,0,0,0.0,0.0,0.0,0.0,0.0,0.0,0.0,0.0,0.0,0.0,0.0,-1.3323556248028807,-1.3323556248028807
flat,single,0,off,0,348,-2.8542752476572053,279.0,0.8469206690788269,0.7588865160942078,1,-2.8542752476572053,-2.8542752476572053,1,0,off,0,0,0.0,0.0,0.0,0.0,0.0,0.0,0.0,0.0,0.0,0.0,0.0,-2.8542752476572053,-2.8542752476572053
flat,single,0,off,0,349,-2.2953204413957415,262.0,0.8210358619689941,0.757903516292572,1,-2.2953204413957415,-2.2953204413957415,1,0,off,0,0,0.0,0.0,0.0,0.0,0.0,0.0,0.0,0.0,0.0,0.0,0.0,-2.2953204413957415,-2.2953204413957415
flat,single,0,off,0,350,-1.3561679406487428,229.0,0.8047645688056946,0.762611448764801,1,-1.3561679406487428,-1.3561679406487428,1,0,off,0,0,0.0,0.0,0.0,0.0,0.0,0.0,0.0,0.0,0.0,0.0,0.0,-1.3561679406487428,-1.3561679406487428
flat,single,0,off,0,351,-1.8985793691675694,247.0,0.8230289816856384,0.7597046494483948,1,-1.8985793691675694,-1.8985793691675694,1,0,off,0,0,0.0,0.0,0.0,0.0,0.0,0.0,0.0,0.0,0.0,0.0,0.0,-1.8985793691675694,-1.8985793691675694
flat,single,0,off,0,352,-1.2462622516788588,225.0,0.8008531332015991,0.7588896751403809,1,-1.2462622516788588,-1.2462622516788588,1,0,off,0,0,0.0,0.0,0.0,0.0,0.0,0.0,0.0,0.0,0.0,0.0,0.0,-1.2462622516788588,-1.2462622516788588
flat,single,0,off,0,353,-1.5679472589702397,236.0,0.8144437670707703,0.7595859169960022,1,-1.5679472589702397,-1.5679472589702397,1,0,off,0,0,0.0,0.0,0.0,0.0,0.0,0.0,0.0,0.0,0.0,0.0,0.0,-1.5679472589702397,-1.5679472589702397
flat,single,0,off,0,354,-1.8472588003904145,245.0,0.8092784881591797,0.7576594352722168,1,-1.8472588003904145,-1.8472588003904145,1,0,off,0,0,0.0,0.0,0.0,0.0,0.0,0.0,0.0,0.0,0.0,0.0,0.0,-1.8472588003904145,-1.8472588003904145
flat,single,0,off,0,355,-4.8823263353109265,347.0,0.8551211357116699,0.7562223672866821,1,-4.8823263353109265,-4.8823263353109265,1,0,off,0,0,0.0,0.0,0.0,0.0,0.0,0.0,0.0,0.0,0.0,0.0,0.0,-4.8823263353109265,-4.8823263353109265
flat,single,0,off,0,356,-2.2719898891996158,246.0,0.8309766054153442,0.7571118474006653,1,-2.2719898891996158,-2.2719898891996158,1,0,off,0,0,0.0,0.0,0.0,0.0,0.0,0.0,0.0,0.0,0.0,0.0,0.0,-2.2719898891996158,-2.2719898891996158
flat,single,0,off,0,357,-3.341848579943149,288.0,0.7994691133499146,0.7605621218681335,1,-3.341848579943149,-3.341848579943149,1,0,off,0,0,0.0,0.0,0.0,0.0,0.0,0.0,0.0,0.0,0.0,0.0,0.0,-3.341848579943149,-3.341848579943149
flat,single,0,off,0,358,-1.1290462600137146,221.0,0.8092667460441589,0.7529791593551636,1,-1.1290462600137146,-1.1290462600137146,1,0,off,0,0,0.0,0.0,0.0,0.0,0.0,0.0,0.0,0.0,0.0,0.0,0.0,-1.1290462600137146,-1.1290462600137146
flat,single,0,off,0,359,-1.2545624468650252,225.0,0.7976095080375671,0.7566606998443604,1,-1.2545624468650252,-1.2545624468650252,1,0,off,0,0,0.0,0.0,0.0,0.0,0.0,0.0,0.0,0.0,0.0,0.0,0.0,-1.2545624468650252,-1.2545624468650252
flat,single,0,off,0,360,-1.3067606710444717,227.0,0.8052539229393005,0.7570003271102905,1,-1.3067606710444717,-1.3067606710444717,1,0,off,0,0,0.0,0.0,0.0,0.0,0.0,0.0,0.0,0.0,0.0,0.0,0.0,-1.3067606710444717,-1.3067606710444717
flat,single,0,off,0,361,-3.786207357003579,296.0,0.7961798906326294,0.7544940114021301,1,-3.786207357003579,-3.786207357003579,1,0,off,0,0,0.0,0.0,0.0,0.0,0.0,0.0,0.0,0.0,0.0,0.0,0.0,-3.786207357003579,-3.786207357003579
flat,single,0,off,0,362,-2.1739048841071806,256.0,0.8045715689659119,0.7641684412956238,1,-2.1739048841071806,-2.1739048841071806,1,0,off,0,0,0.0,0.0,0.0,0.0,0.0,0.0,0.0,0.0,0.0,0.0,0.0,-2.1739048841071806,-2.1739048841071806
flat,single,0,off,0,363,-1.0863431331247597,206.0,0.7965322136878967,0.7510542869567871,1,-1.0863431331247597,-1.0863431331247597,1,0,off,0,0,0.0,0.0,0.0,0.0,0.0,0.0,0.0,0.0,0.0,0.0,0.0,-1.0863431331247597,-1.0863431331247597
flat,single,0,off,0,364,-2.597389900448034,257.0,0.834629237651825,0.7528252005577087,1,-2.597389900448034,-2.597389900448034,1,0,off,0,0,0.0,0.0,0.0,0.0,0.0,0.0,0.0,0.0,0.0,0.0,0.0,-2.597389900448034,-2.597389900448034
flat,single,0,off,0,365,-1.262917493419959,212.0,0.7891857028007507,0.7530031204223633,1,-1.262917493419959,-1.262917493419959,1,0,off,0,0,0.0,0.0,0.0,0.0,0.0,0.0,0.0,0.0,0.0,0.0,0.0,-1.262917493419959,-1.262917493419959
flat,single,0,off,0,366,-1.6692284581414478,239.0,0.8121264576911926,0.7557886838912964,1,-1.6692284581414478,-1.6692284581414478,1,0,off,0,0,0.0,0.0,0.0,0.0,0.0,0.0,0.0,0.0,0.0,0.0,0.0,-1.6692284581414478,-1.6692284581414478
flat,single,0,off,0,367,-3.8142065388976856,311.0,0.830317497253418,0.7583838105201721,1,-3.8142065388976856,-3.8142065388976856,1,0,off,0,0,0.0,0.0,0.0,0.0,0.0,0.0,0.0,0.0,0.0,0.0,0.0,-3.8142065388976856,-3.8142065388976856
flat,single,0,off,0,368,-3.174111841736584,276.0,0.8027626872062683,0.7549287676811218,1,-3.174111841736584,-3.174111841736584,1,0,off,0,0,0.0,0.0,0.0,0.0,0.0,0.0,0.0,0.0,0.0,0.0,0.0,-3.174111841736584,-3.174111841736584
flat,single,0,off,0,369,-4.65545816198106,326.0,0.8027254343032837,0.7571678757667542,1,-4.65545816198106,-4.65545816198106,1,0,off,0,0,0.0,0.0,0.0,0.0,0.0,0.0,0.0,0.0,0.0,0.0,0.0,-4.65545816198106,-4.65545816198106
flat,single,0,off,0,370,-3.054829393427347,286.0,0.8600427508354187,0.7559625506401062,1,-3.054829393427347,-3.054829393427347,1,0,off,0,0,0.0,0.0,0.0,0.0,0.0,0.0,0.0,0.0,0.0,0.0,0.0,-3.054829393427347,-3.054829393427347
flat,single,0,off,0,371,-1.498215532384352,220.0,0.7910688519477844,0.7514356374740601,1,-1.498215532384352,-1.498215532384352,1,0,off,0,0,0.0,0.0,0.0,0.0,0.0,0.0,0.0,0.0,0.0,0.0,0.0,-1.498215532384352,-1.498215532384352
flat,single,0,off,0,372,-1.404667830903786,230.0,0.8013682961463928,0.7563117146492004,1,-1.404667830903786,-1.404667830903786,1,0,off,0,0,0.0,0.0,0.0,0.0,0.0,0.0,0.0,0.0,0.0,0.0,0.0,-1.404667830903786,-1.404667830903786
flat,single,0,off,0,373,-1.4862322336970877,233.0,0.8068347573280334,0.7534319758415222,1,-1.4862322336970877,-1.4862322336970877,1,0,off,0,0,0.0,0.0,0.0,0.0,0.0,0.0,0.0,0.0,0.0,0.0,0.0,-1.4862322336970877,-1.4862322336970877
flat,single,0,off,0,374,-1.3971052462817217,230.0,0.8205196261405945,0.7539742588996887,1,-1.3971052462817217,-1.3971052462817217,1,0,off,0,0,0.0,0.0,0.0,0.0,0.0,0.0,0.0,0.0,0.0,0.0,0.0,-1.3971052462817217,-1.3971052462817217
flat,single,0,off,0,375,-3.845128143567113,285.0,0.8012676239013672,0.7566606998443604,1,-3.845128143567113,-3.845128143567113,1,0,off,0,0,0.0,0.0,0.0,0.0,0.0,0.0,0.0,0.0,0.0,0.0,0.0,-3.845128143567113,-3.845128143567113
flat,single,0,off,0,376,-0.9749317805469081,216.0,0.8001923561096191,0.7605125308036804,1,-0.9749317805469081,-0.9749317805469081,1,0,off,0,0,0.0,0.0,0.0,0.0,0.0,0.0,0.0,0.0,0.0,0.0,0.0,-0.9749317805469081,-0.9749317805469081
flat,single,0,off,0,377,-2.4953640697139803,267.0,0.8343916535377502,0.7642122507095337,1,-2.4953640697139803,-2.4953640697139803,1,0,off,0,0,0.0,0.0,0.0,0.0,0.0,0.0,0.0,0.0,0.0,0.0,0.0,-2.4953640697139803,-2.4953640697139803
flat,single,0,off,0,378,-1.5609583450038969,222.0,0.8042252659797668,0.7562013268470764,1,-1.5609583450038969,-1.5609583450038969,1,0,off,0,0,0.0,0.0,0.0,0.0,0.0,0.0,0.0,0.0,0.0,0.0,0.0,-1.5609583450038969,-1.5609583450038969
flat,single,0,off,0,379,-2.6913261565263387,260.0,0.828906238079071,0.7535538673400879,1,-2.6913261565263387,-2.6913261565263387,1,0,off,0,0,0.0,0.0,0.0,0.0,0.0,0.0,0.0,0.0,0.0,0.0,0.0,-2.6913261565263387,-2.6913261565263387
flat,single,0,off,0,380,-2.5077374437614326,267.0,0.8168409466743469,0.7530031204223633,1,-2.5077374437614326,-2.5077374437614326,1,0,off,0,0,0.0,0.0,0.0,0.0,0.0,0.0,0.0,0.0,0.0,0.0,0.0,-2.5077374437614326,-2.5077374437614326
flat,single,0,off,0,381,-2.3671677858440696,249.0,0.8132504820823669,0.7576594352722168,1,-2.3671677858440696,-2.3671677858440696,1,0,off,0,0,0.0,0.0,0.0,0.0,0.0,0.0,0.0,0.0,0.0,0.0,0.0,-2.3671677858440696,-2.3671677858440696
flat,single,0,off,0,382,-1.7934467541927057,230.0,0.8044915795326233,0.7595316171646118,1,-1.7934467541927057,-1.7934467541927057,1,0,off,0,0,0.0,0.0,0.0,0.0,0.0,0.0,0.0,0.0,0.0,0.0,0.0,-1.7934467541927057,-1.7934467541927057
flat,single,0,off,0,383,-1.2208910976059313,224.0,0.8080493807792664,0.755735456943512,1,-1.2208910976059313,-1.2208910976059313,1,0,off,0,0,0.0,0.0,0.0,0.0,0.0,0.0,0.0,0.0,0.0,0.0,0.0,-1.2208910976059313,-1.2208910976059313
flat,single,0,off,0,384,-2.913454238717666,267.0,0.7959232926368713,0.7540864944458008,1,-2.913454238717666,-2.913454238717666,1,0,off,0,0,0.0,0.0,0.0,0.0,0.0,0.0,0.0,0.0,0.0,0.0,0.0,-2.913454238717666,-2.913454238717666
flat,single,0,off,0,385,-1.6677520675922333,239.0,0.8019131422042847,0.751725971698761,1,-1.6677520675922333,-1.6677520675922333,1,0,off,0,0,0.0,0.0,0.0,0.0,0.0,0.0,0.0,0.0,0.0,0.0,0.0,-1.6677520675922333,-1.6677520675922333
flat,single,0,off,0,386,-3.3341815931210115,281.0,0.786230742931366,0.7576594352722168,1,-3.3341815931210115,-3.3341815931210115,1,0,off,0,0,0.0,0.0,0.0,0.0,0.0,0.0,0.0,0.0,0.0,0.0,0.0,-3.3341815931210115,-3.3341815931210115
flat,single,0,off,0,387,-1.0864094886067366,206.0,0.7956997156143188,0.7576594352722168,1,-1.0864094886067366,-1.0864094886067366,1,0,off,0,0,0.0,0.0,0.0,0.0,0.0,0.0,0.0,0.0,0.0,0.0,0.0,-1.0864094886067366,-1.0864094886067366
flat,single,0,off,0,388,-2.191037103472049,257.0,0.8280394673347473,0.7641284465789795,1,-2.191037103472049,-2.191037103472049,1,0,off,0,0,0.0,0.0,0.0,0.0,0.0,0.0,0.0,0.0,0.0,0.0,0.0,-2.191037103472049,-2.191037103472049
flat,single,0,off,0,389,-2.0277611151582136,251.0,0.8145334124565125,0.7559625506401062,1,-2.0277611151582136,-2.0277611151582136,1,0,off,0,0,0.0,0.0,0.0,0.0,0.0,0.0,0.0,0.0,0.0,0.0,0.0,-2.0277611151582136,-2.0277611151582136
flat,single,0,off,0,390,-2.143494034518953,241.0,0.7825160622596741,0.752133309841156,1,-2.143494034518953,-2.143494034518953,1,0,off,0,0,0.0,0.0,0.0,0.0,0.0,0.0,0.0,0.0,0.0,0.0,0.0,-2.143494034518953,-2.143494034518953
flat,single,0,off,0,391,-1.2687296952144287,212.0,0.7882072329521179,0.7524445652961731,1,-1.2687296952144287,-1.2687296952144287,1,0,off,0,0,0.0,0.0,0.0,0.0,0.0,0.0,0.0,0.0,0.0,0.0,0.0,-1.2687296952144287,-1.2687296952144287
flat,single,0,off,0,392,-2.3202305469417506,234.0,0.7977442145347595,0.753261387348175,1,-2.3202305469417506,-2.3202305469417506,1,0,off,0,0,0.0,0.0,0.0,0.0,0.0,0.0,0.0,0.0,0.0,0.0,0.0,-2.3202305469417506,-2.3202305469417506
flat,single,0,off,0,393,-3.581166213428351,303.0,0.8178445100784302,0.7538721561431885,1,-3.581166213428351,-3.581166213428351,1,0,off,0,0,0.0,0.0,0.0,0.0,0.0,0.0,0.0,0.0,0.0,0.0,0.0,-3.581166213428351,-3.581166213428351
flat,single,0,off,0,394,-3.5637253409763647,289.0,0.8057593703269958,0.7605621218681335,1,-3.5637253409763647,-3.5637253409763647,1,0,off,0,0,0.0,0.0,0.0,0.0,0.0,0.0,0.0,0.0,0.0,0.0,0.0,-3.5637253409763647,-3.5637253409763647
flat,single,0,off,0,395,-2.1272307158925146,241.0,0.8184341788291931,0.7509504556655884,1,-2.1272307158925146,-2.1272307158925146,1,0,off,0,0,0.0,0.0,0.0,0.0,0.0,0.0,0.0,0.0,0.0,0.0,0.0,-2.1272307158925146,-2.1272307158925146
flat,single,0,off,0,396,-4.135433980936623,308.0,0.8021740913391113,0.7532703876495361,1,-4.135433980936623,-4.135433980936623,1,0,off,0,0,0.0,0.0,0.0,0.0,0.0,0.0,0.0,0.0,0.0,0.0,0.0,-4.135433980936623,-4.135433980936623
flat,single,0,off,0,397,-1.2159596460859803,224.0,0.8045454025268555,0.7566606998443604,1,-1.2159596460859803,-1.2159596460859803,1,0,off,0,0,0.0,0.0,0.0,0.0,0.0,0.0,0.0,0.0,0.0,0.0,0.0,-1.2159596460859803,-1.2159596460859803
flat,single,0,off,0,398,-3.184894250206398,276.0,0.7914032936096191,0.75533527135849,1,-3.184894250206398,-3.184894250206398,1,0,off,0,0,0.0,0.0,0.0,0.0,0.0,0.0,0.0,0.0,0.0,0.0,0.0,-3.184894250206398,-3.184894250206398
flat,single,0,off,0,399,-2.6407663378480257,272.0,0.8248646855354309,0.7588866353034973,1,-2.6407663378480257,-2.6407663378480257,1,0,off,0,0,0.0,0.0,0.0,0.0,0.0,0.0,0.0,0.0,0.0,0.0,0.0,-2.6407663378480257,-2.6407663378480257
flat,single,0,off,0,400,-1.8625149989989638,232.0,0.7954922318458557,0.7542409300804138,1,-1.8625149989989638,-1.8625149989989638,1,0,off,0,0,0.0,0.0,0.0,0.0,0.0,0.0,0.0,0.0,0.0,0.0,0.0,-1.8625149989989638,-1.8625149989989638
flat,single,0,off,0,401,-2.354584994582689,262.0,0.8029076457023621,0.7566606998443604,1,-2.354584994582689,-2.354584994582689,1,0,off,0,0,0.0,0.0,0.0,0.0,0.0,0.0,0.0,0.0,0.0,0.0,0.0,-2.354584994582689,-2.354584994582689
flat,single,0,off,0,402,-0.8300509301782633,211.0,0.8037905097007751,0.752133309841156,1,-0.8300509301782633,-0.8300509301782633,1,0,off,0,0,0.0,0.0,0.0,0.0,0.0,0.0,0.0,0.0,0.0,0.0,0.0,-0.8300509301782633,-0.8300509301782633
flat,single,0,off,0,403,-1.5707818898384045,236.0,0.8256593346595764,0.7559625506401062,1,-1.5707818898384045,-1.5707818898384045,1,0,off,0,0,0.0,0.0,0.0,0.0,0.0,0.0,0.0,0.0,0.0,0.0,0.0,-1.5707818898384045,-1.5707818898384045
flat,single,0,off,0,404,-1.6825844624498907,226.0,0.8082852959632874,0.7503986358642578,1,-1.6825844624498907,-1.6825844624498907,1,0,off,0,0,0.0,0.0,0.0,0.0,0.0,0.0,0.0,0.0,0.0,0.0,0.0,-1.6825844624498907,-1.6825844624498907
flat,single,0,off,0,405,-2.1946843361039634,257.0,0.8273376226425171,0.762611448764801,1,-2.1946843361039634,-2.1946843361039634,1,0,off,0,0,0.0,0.0,0.0,0.0,0.0,0.0,0.0,0.0,0.0,0.0,0.0,-2.1946843361039634,-2.1946843361039634
flat,single,0,off,0,406,-1.1984257725765963,210.0,0.8007503151893616,0.7527165412902832,1,-1.1984257725765963,-1.1984257725765963,1,0,off,0,0,0.0,0.0,0.0,0.0,0.0,0.0,0.0,0.0,0.0,0.0,0.0,-1.1984257725765963,-1.1984257725765963
flat,single,0,off,0,407,-1.6461280309828052,225.0,0.8204211592674255,0.7521376609802246,1,-1.6461280309828052,-1.6461280309828052,1,0,off,0,0,0.0,0.0,0.0,0.0,0.0,0.0,0.0,0.0,0.0,0.0,0.0,-1.6461280309828052,-1.6461280309828052
flat,single,0,off,0,408,-1.2470020836510278,225.0,0.8020434975624084,0.7634443640708923,1,-1.2470020836510278,-1.2470020836510278,1,0,off,0,0,0.0,0.0,0.0,0.0,0.0,0.0,0.0,0.0,0.0,0.0,0.0,-1.2470020836510278,-1.2470020836510278
flat,single,0,off,0,409,-3.5484871440182744,302.0,0.8327880501747131,0.7576594352722168,1,-3.5484871440182744,-3.5484871440182744,1,0,off,0,0,0.0,0.0,0.0,0.0,0.0,0.0,0.0,0.0,0.0,0.0,0.0,-3.5484871440182744,-3.5484871440182744
flat,single,0,off,0,410,-1.6858384488686036,226.0,0.7943252921104431,0.7512972354888916,1,-1.6858384488686036,-1.6858384488686036,1,0,off,0,0,0.0,0.0,0.0,0.0,0.0,0.0,0.0,0.0,0.0,0.0,0.0,-1.6858384488686036,-1.6858384488686036
flat,single,0,off,0,411,-2.8957062326313396,280.0,0.8266339898109436,0.7516590356826782,1,-2.8957062326313396,-2.8957062326313396,1,0,off,0,0,0.0,0.0,0.0,0.0,0.0,0.0,0.0,0.0,0.0,0.0,0.0,-2.8957062326313396,-2.8957062326313396
flat,single,0,off,0,412,-1.695780449960153,240.0,0.8139944076538086,0.763371467590332,1,-1.695780449960153,-1.695780449960153,1,0,off,0,0,0.0,0.0,0.0,0.0,0.0,0.0,0.0,0.0,0.0,0.0,0.0,-1.695780449960153,-1.695780449960153
flat,single,0,off,0,413,-3.436254909035047,285.0,0.8388271927833557,0.7509872913360596,1,-3.436254909035047,-3.436254909035047,1,0,off,0,0,0.0,0.0,0.0,0.0,0.0,0.0,0.0,0.0,0.0,0.0,0.0,-3.436254909035047,-3.436254909035047
flat,single,0,off,0,414,-1.744302636068319,228.0,0.787263810634613,0.7557687163352966,1,-1.744302636068319,-1.744302636068319,1,0,off,0,0,0.0,0.0,0.0,0.0,0.0,0.0,0.0,0.0,0.0,0.0,0.0,-1.744302636068319,-1.744302636068319
flat,single,0,off,0,415,-1.8024804255401297,230.0,0.7988707423210144,0.7503020763397217,1,-1.8024804255401297,-1.8024804255401297,1,0,off,0,0,0.0,0.0,0.0,0.0,0.0,0.0,0.0,0.0,0.0,0.0,0.0,-1.8024804255401297,-1.8024804255401297
flat,single,0,off,0,416,-1.5733310077642144,236.0,0.8120397925376892,0.7618836164474487,1,-1.5733310077642144,-1.5733310077642144,1,0,off,0,0,0.0,0.0,0.0,0.0,0.0,0.0,0.0,0.0,0.0,0.0,0.0,-1.5733310077642144,-1.5733310077642144
flat,single,0,off,0,417,-1.5400645237532489,235.0,0.8208063840866089,0.7635985612869263,1,-1.5400645237532489,-1.5400645237532489,1,0,off,0,0,0.0,0.0,0.0,0.0,0.0,0.0,0.0,0.0,0.0,0.0,0.0,-1.5400645237532489,-1.5400645237532489
flat,single,0,off,0,418,-1.6311932016722903,238.0,0.8201924562454224,0.7576594352722168,1,-1.6311932016722903,-1.6311932016722903,1,0,off,0,0,0.0,0.0,0.0,0.0,0.0,0.0,0.0,0.0,0.0,0.0,0.0,-1.6311932016722903,-1.6311932016722903
flat,single,0,off,0,419,-0.9847087519953536,216.0,0.7956959009170532,0.7566606998443604,1,-0.9847087519953536,-0.9847087519953536,1,0,off,0,0,0.0,0.0,0.0,0.0,0.0,0.0,0.0,0.0,0.0,0.0,0.0,-0.9847087519953536,-0.9847087519953536
flat,single,0,off,0,420,-2.2826260803558425,260.0,0.8478825688362122,0.7597326040267944,1,-2.2826260803558425,-2.2826260803558425,1,0,off,0,0,0.0,0.0,0.0,0.0,0.0,0.0,0.0,0.0,0.0,0.0,0.0,-2.2826260803558425,-2.2826260803558425
flat,single,0,off,0,421,-2.5767569369752845,270.0,0.8164799809455872,0.7596099376678467,1,-2.5767569369752845,-2.5767569369752845,1,0,off,0,0,0.0,0.0,0.0,0.0,0.0,0.0,0.0,0.0,0.0,0.0,0.0,-2.5767569369752845,-2.5767569369752845
flat,single,0,off,0,422,-2.6684971396217523,259.0,0.7964088320732117,0.7588865756988525,1,-2.6684971396217523,-2.6684971396217523,1,0,off,0,0,0.0,0.0,0.0,0.0,0.0,0.0,0.0,0.0,0.0,0.0,0.0,-2.6684971396217523,-2.6684971396217523
flat,single,0,off,0,423,-1.448180097122681,232.0,0.8246707320213318,0.7566606998443604,1,-1.448180097122681,-1.448180097122681,1,0,off,0,0,0.0,0.0,0.0,0.0,0.0,0.0,0.0,0.0,0.0,0.0,0.0,-1.448180097122681,-1.448180097122681
flat,single,0,off,0,424,-2.527493556126719,268.0,0.8308354020118713,0.7609366774559021,1,-2.527493556126719,-2.527493556126719,1,0,off,0,0,0.0,0.0,0.0,0.0,0.0,0.0,0.0,0.0,0.0,0.0,0.0,-2.527493556126719,-2.527493556126719
flat,single,0,off,0,425,-1.5830045766790906,236.0,0.7894974946975708,0.7566606998443604,1,-1.5830045766790906,-1.5830045766790906,1,0,off,0,0,0.0,0.0,0.0,0.0,0.0,0.0,0.0,0.0,0.0,0.0,0.0,-1.5830045766790906,-1.5830045766790906
flat,single,0,off,0,426,-1.4901565688755407,233.0,0.7971906065940857,0.7597649693489075,1,-1.4901565688755407,-1.4901565688755407,1,0,off,0,0,0.0,0.0,0.0,0.0,0.0,0.0,0.0,0.0,0.0,0.0,0.0,-1.4901565688755407,-1.4901565688755407
flat,single,0,off,0,427,-1.6112498715543218,237.0,0.7953800559043884,0.7554095387458801,1,-1.6112498715543218,-1.6112498715543218,1,0,off,0,0,0.0,0.0,0.0,0.0,0.0,0.0,0.0,0.0,0.0,0.0,0.0,-1.6112498715543218,-1.6112498715543218
flat,single,0,off,0,428,-1.7389069578179668,228.0,0.7985894083976746,0.7590474486351013,1,-1.7389069578179668,-1.7389069578179668,1,0,off,0,0,0.0,0.0,0.0,0.0,0.0,0.0,0.0,0.0,0.0,0.0,0.0,-1.7389069578179668,-1.7389069578179668
flat,single,0,off,0,429,-1.4513150310341778,232.0,0.8181107640266418,0.7576594352722168,1,-1.4513150310341778,-1.4513150310341778,1,0,off,0,0,0.0,0.0,0.0,0.0,0.0,0.0,0.0,0.0,0.0,0.0,0.0,-1.4513150310341778,-1.4513150310341778
flat,single,0,off,0,430,-1.0599104665743695,205.0,0.792150616645813,0.7534319758415222,1,-1.0599104665743695,-1.0599104665743695,1,0,off,0,0,0.0,0.0,0.0,0.0,0.0,0.0,0.0,0.0,0.0,0.0,0.0,-1.0599104665743695,-1.0599104665743695
flat,single,0,off,0,431,-1.365782729896024,229.0,0.8008094429969788,0.7601194381713867,1,-1.365782729896024,-1.365782729896024,1,0,off,0,0,0.0,0.0,0.0,0.0,0.0,0.0,0.0,0.0,0.0,0.0,0.0,-1.365782729896024,-1.365782729896024
flat,single,0,off,0,432,-1.9341998642636484,248.0,0.8257160782814026,0.7576594352722168,1,-1.9341998642636484,-1.9341998642636484,1,0,off,0,0,0.0,0.0,0.0,0.0,0.0,0.0,0.0,0.0,0.0,0.0,0.0,-1.9341998642636484,-1.9341998642636484
flat,single,0,off,0,433,-1.6392421798408086,238.0,0.801104724407196,0.7545047402381897,1,-1.6392421798408086,-1.6392421798408086,1,0,off,0,0,0.0,0.0,0.0,0.0,0.0,0.0,0.0,0.0,0.0,0.0,0.0,-1.6392421798408086,-1.6392421798408086
flat,single,0,off,0,434,-1.9782938673812942,236.0,0.807647705078125,0.7567880153656006,1,-1.9782938673812942,-1.9782938673812942,1,0,off,0,0,0.0,0.0,0.0,0.0,0.0,0.0,0.0,0.0,0.0,0.0,0.0,-1.9782938673812942,-1.9782938673812942
flat,single,0,off,0,435,-2.4959341252187714,267.0,0.8301129937171936,0.7576594352722168,1,-2.4959341252187714,-2.4959341252187714,1,0,off,0,0,0.0,0.0,0.0,0.0,0.0,0.0,0.0,0.0,0.0,0.0,0.0,-2.4959341252187714,-2.4959341252187714
flat,single,0,off,0,436,-1.2834268619085238,226.0,0.809160590171814,0.7520291805267334,1,-1.2834268619085238,-1.2834268619085238,1,0,off,0,0,0.0,0.0,0.0,0.0,0.0,0.0,0.0,0.0,0.0,0.0,0.0,-1.2834268619085238,-1.2834268619085238
flat,single,0,off,0,437,-2.0024207311100244,250.0,0.788525402545929,0.7566606998443604,1,-2.0024207311100244,-2.0024207311100244,1,0,off,0,0,0.0,0.0,0.0,0.0,0.0,0.0,0.0,0.0,0.0,0.0,0.0,-2.0024207311100244,-2.0024207311100244
flat,single,0,off,0,438,-1.8488700534042422,245.0,0.7992108464241028,0.7521858811378479,1,-1.8488700534042422,-1.8488700534042422,1,0,off,0,0,0.0,0.0,0.0,0.0,0.0,0.0,0.0,0.0,0.0,0.0,0.0,-1.8488700534042422,-1.8488700534042422
flat,single,0,off,0,439,-1.2103321291087246,224.0,0.8144183158874512,0.7612661719322205,1,-1.2103321291087246,-1.2103321291087246,1,0,off,0,0,0.0,0.0,0.0,0.0,0.0,0.0,0.0,0.0,0.0,0.0,0.0,-1.2103321291087246,-1.2103321291087246
flat,single,0,off,0,440,-1.8570056101912673,232.0,0.8164477944374084,0.7511968612670898,1,-1.8570056101912673,-1.8570056101912673,1,0,off,0,0,0.0,0.0,0.0,0.0,0.0,0.0,0.0,0.0,0.0,0.0,0.0,-1.8570056101912673,-1.8570056101912673
flat,single,0,off,0,441,-1.543803966633282,235.0,0.814956545829773,0.7560535669326782,1,-1.543803966633282,-1.543803966633282,1,0,off,0,0,0.0,0.0,0.0,0.0,0.0,0.0,0.0,0.0,0.0,0.0,0.0,-1.543803966633282,-1.543803966633282
flat,single,0,off,0,442,-1.3323608162673233,228.0,0.8129389882087708,0.7559625506401062,1,-1.3323608162673233,-1.3323608162673233,1,0,off,0,0,0.0,0.0,0.0,0.0,0.0,0.0,0.0,0.0,0.0,0.0,0.0,-1.3323608162673233,-1.3323608162673233
flat,single,0,off,0,443,-1.7740422944177452,229.0,0.7970706224441528,0.7596197724342346,1,-1.7740422944177452,-1.7740422944177452,1,0,off,0,0,0.0,0.0,0.0,0.0,0.0,0.0,0.0,0.0,0.0,0.0,0.0,-1.7740422944177452,-1.7740422944177452
flat,single,0,off,0,444,-2.3264717689610537,261.0,0.7954980134963989,0.7566606998443604,1,-2.3264717689610537,-2.3264717689610537,1,0,off,0,0,0.0,0.0,0.0,0.0,0.0,0.0,0.0,0.0,0.0,0.0,0.0,-2.3264717689610537,-2.3264717689610537
flat,single,0,off,0,445,-2.8793958803126496,266.0,0.8003944754600525,0.7552523612976074,1,-2.8793958803126496,-2.8793958803126496,1,0,off,0,0,0.0,0.0,0.0,0.0,0.0,0.0,0.0,0.0,0.0,0.0,0.0,-2.8793958803126496,-2.8793958803126496
flat,single,0,off,0,446,-1.5798566450644327,209.0,0.7867811918258667,0.7510542869567871,1,-1.5798566450644327,-1.5798566450644327,1,0,off,0,0,0.0,0.0,0.0,0.0,0.0,0.0,0.0,0.0,0.0,0.0,0.0,-1.5798566450644327,-1.5798566450644327
flat,single,0,off,0,447,-1.3117444350989584,227.0,0.8026549220085144,0.7576594352722168,1,-1.3117444350989584,-1.3117444350989584,1,0,off,0,0,0.0,0.0,0.0,0.0,0.0,0.0,0.0,0.0,0.0,0.0,0.0,-1.3117444350989584,-1.3117444350989584
flat,single,0,off,0,448,-2.072012965432373,239.0,0.8092837929725647,0.7522753477096558,1,-2.072012965432373,-2.072012965432373,1,0,off,0,0,0.0,0.0,0.0,0.0,0.0,0.0,0.0,0.0,0.0,0.0,0.0,-2.072012965432373,-2.072012965432373
flat,single,0,off,0,449,-3.862447880172377,299.0,0.8079081773757935,0.7559845447540283,1,-3.862447880172377,-3.862447880172377,1,0,off,0,0,0.0,0.0,0.0,0.0,0.0,0.0,0.0,0.0,0.0,0.0,0.0,-3.862447880172377,-3.862447880172377
flat,single,0,off,0,450,-0.9199408610921861,214.0,0.8045927882194519,0.752792477607727,1,-0.9199408610921861,-0.9199408610921861,1,0,off,0,0,0.0,0.0,0.0,0.0,0.0,0.0,0.0,0.0,0.0,0.0,0.0,-0.9199408610921861,-0.9199408610921861
flat,single,0,off,0,451,-1.8631737271521749,232.0,0.7917470932006836,0.7524362802505493,1,-1.8631737271521749,-1.8631737271521749,1,0,off,0,0,0.0,0.0,0.0,0.0,0.0,0.0,0.0,0.0,0.0,0.0,0.0,-1.8631737271521749,-1.8631737271521749
flat,single,0,off,0,452,-1.7973290294467057,230.0,0.8019900918006897,0.7566606998443604,1,-1.7973290294467057,-1.7973290294467057,1,0,off,0,0,0.0,0.0,0.0,0.0,0.0,0.0,0.0,0.0,0.0,0.0,0.0,-1.7973290294467057,-1.7973290294467057
flat,single,0,off,0,453,-1.6044873203523506,237.0,0.8194897770881653,0.7566606998443604,1,-1.6044873203523506,-1.6044873203523506,1,0,off,0,0,0.0,0.0,0.0,0.0,0.0,0.0,0.0,0.0,0.0,0.0,0.0,-1.6044873203523506,-1.6044873203523506
flat,single,0,off,0,454,-1.390402400558818,216.0,0.7796227335929871,0.7530031204223633,1,-1.390402400558818,-1.390402400558818,1,0,off,0,0,0.0,0.0,0.0,0.0,0.0,0.0,0.0,0.0,0.0,0.0,0.0,-1.390402400558818,-1.390402400558818
flat,single,0,off,0,455,-3.407146893388104,284.0,0.82301265001297,0.7585391998291016,1,-3.407146893388104,-3.407146893388104,1,0,off,0,0,0.0,0.0,0.0,0.0,0.0,0.0,0.0,0.0,0.0,0.0,0.0,-3.407146893388104,-3.407146893388104
flat,single,0,off,0,456,-1.987637577392167,250.0,0.8280493021011353,0.7542409300804138,1,-1.987637577392167,-1.987637577392167,1,0,off,0,0,0.0,0.0,0.0,0.0,0.0,0.0,0.0,0.0,0.0,0.0,0.0,-1.987637577392167,-1.987637577392167
flat,single,0,off,0,457,-2.1755406642286115,256.0,0.822749137878418,0.7536568641662598,1,-2.1755406642286115,-2.1755406642286115,1,0,off,0,0,0.0,0.0,0.0,0.0,0.0,0.0,0.0,0.0,0.0,0.0,0.0,-2.1755406642286115,-2.1755406642286115
flat,single,0,off,0,458,-0.717071401301077,207.0,0.7833037376403809,0.7576594352722168,1,-0.717071401301077,-0.717071401301077,1,0,off,0,0,0.0,0.0,0.0,0.0,0.0,0.0,0.0,0.0,0.0,0.0,0.0,-0.717071401301077,-0.717071401301077
flat,single,0,off,0,459,-1.5553453851025583,235.0,0.7874721884727478,0.752133309841156,1,-1.5553453851025583,-1.5553453851025583,1,0,off,0,0,0.0,0.0,0.0,0.0,0.0,0.0,0.0,0.0,0.0,0.0,0.0,-1.5553453851025583,-1.5553453851025583
flat,single,0,off,0,460,-1.0466946347244124,218.0,0.7952719330787659,0.7503912448883057,1,-1.0466946347244124,-1.0466946347244124,1,0,off,0,0,0.0,0.0,0.0,0.0,0.0,0.0,0.0,0.0,0.0,0.0,0.0,-1.0466946347244124,-1.0466946347244124
flat,single,0,off,0,461,-3.229250881905896,278.0,0.8432769179344177,0.7524045705795288,1,-3.229250881905896,-3.229250881905896,1,0,off,0,0,0.0,0.0,0.0,0.0,0.0,0.0,0.0,0.0,0.0,0.0,0.0,-3.229250881905896,-3.229250881905896
flat,single,0,off,0,462,-1.2212843171309262,224.0,0.7991127967834473,0.7514318227767944,1,-1.2212843171309262,-1.2212843171309262,1,0,off,0,0,0.0,0.0,0.0,0.0,0.0,0.0,0.0,0.0,0.0,0.0,0.0,-1.2212843171309262,-1.2212843171309262
flat,single,0,off,0,463,-1.4870001497888052,233.0,0.8156675100326538,0.7551031708717346,1,-1.4870001497888052,-1.4870001497888052,1,0,off,0,0,0.0,0.0,0.0,0.0,0.0,0.0,0.0,0.0,0.0,0.0,0.0,-1.4870001497888052,-1.4870001497888052
flat,single,0,off,0,464,-1.6507835639000454,225.0,0.7947373986244202,0.7519471049308777,1,-1.6507835639000454,-1.6507835639000454,1,0,off,0,0,0.0,0.0,0.0,0.0,0.0,0.0,0.0,0.0,0.0,0.0,0.0,-1.6507835639000454,-1.6507835639000454
flat,single,0,off,0,465,-1.2836489996791396,213.0,0.8148250579833984,0.7589924931526184,1,-1.2836489996791396,-1.2836489996791396,1,0,off,0,0,0.0,0.0,0.0,0.0,0.0,0.0,0.0,0.0,0.0,0.0,0.0,-1.2836489996791396,-1.2836489996791396
flat,single,0,off,0,466,-2.211073467300727,257.0,0.7972074151039124,0.7576594352722168,1,-2.211073467300727,-2.211073467300727,1,0,off,0,0,0.0,0.0,0.0,0.0,0.0,0.0,0.0,0.0,0.0,0.0,0.0,-2.211073467300727,-2.211073467300727
flat,single,0,off,0,467,-2.0331626148929405,238.0,0.8154892921447754,0.7589924931526184,1,-2.0331626148929405,-2.0331626148929405,1,0,off,0,0,0.0,0.0,0.0,0.0,0.0,0.0,0.0,0.0,0.0,0.0,0.0,-2.0331626148929405,-2.0331626148929405
flat,single,0,off,0,468,-2.614828026691683,271.0,0.8430666327476501,0.7573670148849487,1,-2.614828026691683,-2.614828026691683,1,0,off,0,0,0.0,0.0,0.0,0.0,0.0,0.0,0.0,0.0,0.0,0.0,0.0,-2.614828026691683,-2.614828026691683
flat,single,0,off,0,469,-1.274755354261729,226.0,0.8105670809745789,0.7585089802742004,1,-1.274755354261729,-1.274755354261729,1,0,off,0,0,0.0,0.0,0.0,0.0,0.0,0.0,0.0,0.0,0.0,0.0,0.0,-1.274755354261729,-1.274755354261729
flat,single,0,off,0,470,-2.9013480535312546,281.0,0.8575493097305298,0.7626115083694458,1,-2.9013480535312546,-2.9013480535312546,1,0,off,0,0,0.0,0.0,0.0,0.0,0.0,0.0,0.0,0.0,0.0,0.0,0.0,-2.9013480535312546,-2.9013480535312546
flat,single,0,off,0,471,-1.201830555283235,210.0,0.7920334935188293,0.7533537149429321,1,-1.201830555283235,-1.201830555283235,1,0,off,0,0,0.0,0.0,0.0,0.0,0.0,0.0,0.0,0.0,0.0,0.0,0.0,-1.201830555283235,-1.201830555283235
flat,single,0,off,0,472,-1.889128486891282,233.0,0.8044264912605286,0.7566606998443604,1,-1.889128486891282,-1.889128486891282,1,0,off,0,0,0.0,0.0,0.0,0.0,0.0,0.0,0.0,0.0,0.0,0.0,0.0,-1.889128486891282,-1.889128486891282
flat,single,0,off,0,473,-2.621554159775832,271.0,0.8161454200744629,0.7566606998443604,1,-2.621554159775832,-2.621554159775832,1,0,off,0,0,0.0,0.0,0.0,0.0,0.0,0.0,0.0,0.0,0.0,0.0,0.0,-2.621554159775832,-2.621554159775832
flat,single,0,off,0,474,-1.7962398211623116,243.0,0.796105682849884,0.7559625506401062,1,-1.7962398211623116,-1.7962398211623116,1,0,off,0,0,0.0,0.0,0.0,0.0,0.0,0.0,0.0,0.0,0.0,0.0,0.0,-1.7962398211623116,-1.7962398211623116
flat,single,0,off,0,475,-1.8850919950765106,246.0,0.8009872436523438,0.7520788908004761,1,-1.8850919950765106,-1.8850919950765106,1,0,off,0,0,0.0,0.0,0.0,0.0,0.0,0.0,0.0,0.0,0.0,0.0,0.0,-1.8850919950765106,-1.8850919950765106
flat,single,0,off,0,476,-2.3422403291647815,262.0,0.835652232170105,0.7588866353034973,1,-2.3422403291647815,-2.3422403291647815,1,0,off,0,0,0.0,0.0,0.0,0.0,0.0,0.0,0.0,0.0,0.0,0.0,0.0,-2.3422403291647815,-2.3422403291647815
flat,single,0,off,0,477,-1.3368226122611713,228.0,0.8159791827201843,0.7584949731826782,1,-1.3368226122611713,-1.3368226122611713,1,0,off,0,0,0.0,0.0,0.0,0.0,0.0,0.0,0.0,0.0,0.0,0.0,0.0,-1.3368226122611713,-1.3368226122611713
flat,single,0,off,0,478,-2.0135759502381605,237.0,0.8029268383979797,0.7501235008239746,1,-2.0135759502381605,-2.0135759502381605,1,0,off,0,0,0.0,0.0,0.0,0.0,0.0,0.0,0.0,0.0,0.0,0.0,0.0,-2.0135759502381605,-2.0135759502381605
flat,single,0,off,0,479,-2.0606250631203924,239.0,0.8212065100669861,0.7594932317733765,1,-2.0606250631203924,-2.0606250631203924,1,0,off,0,0,0.0,0.0,0.0,0.0,0.0,0.0,0.0,0.0,0.0,0.0,0.0,-2.0606250631203924,-2.0606250631203924
flat,single,0,off,0,480,-1.8805261656851548,233.0,0.815918505191803,0.7595463991165161,1,-1.8805261656851548,-1.8805261656851548,1,0,off,0,0,0.0,0.0,0.0,0.0,0.0,0.0,0.0,0.0,0.0,0.0,0.0,-1.8805261656851548,-1.8805261656851548
flat,single,0,off,0,481,-3.4573512161220297,286.0,0.7843378782272339,0.7510159015655518,1,-3.4573512161220297,-3.4573512161220297,1,0,off,0,0,0.0,0.0,0.0,0.0,0.0,0.0,0.0,0.0,0.0,0.0,0.0,-3.4573512161220297,-3.4573512161220297
flat,single,0,off,0,482,-2.2189950392802746,244.0,0.8042265772819519,0.7529681921005249,1,-2.2189950392802746,-2.2189950392802746,1,0,off,0,0,0.0,0.0,0.0,0.0,0.0,0.0,0.0,0.0,0.0,0.0,0.0,-2.2189950392802746,-2.2189950392802746
flat,single,0,off,0,483,-3.307216698896362,294.0,0.8460607528686523,0.7535606026649475,1,-3.307216698896362,-3.307216698896362,1,0,off,0,0,0.0,0.0,0.0,0.0,0.0,0.0,0.0,0.0,0.0,0.0,0.0,-3.307216698896362,-3.307216698896362
flat,single,0,off,0,484,-0.9319230020092842,214.0,0.7895283102989197,0.750344455242157,1,-0.9319230020092842,-0.9319230020092842,1,0,off,0,0,0.0,0.0,0.0,0.0,0.0,0.0,0.0,0.0,0.0,0.0,0.0,-0.9319230020092842,-0.9319230020092842
flat,single,0,off,0,485,-3.7190985247993265,308.0,0.8580612540245056,0.7601556777954102,1,-3.7190985247993265,-3.7190985247993265,1,0,off,0,0,0.0,0.0,0.0,0.0,0.0,0.0,0.0,0.0,0.0,0.0,0.0,-3.7190985247993265,-3.7190985247993265
flat,single,0,off,0,486,-1.7206548071955379,227.0,0.7881236672401428,0.7548405528068542,1,-1.7206548071955379,-1.7206548071955379,1,0,off,0,0,0.0,0.0,0.0,0.0,0.0,0.0,0.0,0.0,0.0,0.0,0.0,-1.7206548071955379,-1.7206548071955379
flat,single,0,off,0,487,-2.094737881844634,253.0,0.8001638054847717,0.7521699070930481,1,-2.094737881844634,-2.094737881844634,1,0,off,0,0,0.0,0.0,0.0,0.0,0.0,0.0,0.0,0.0,0.0,0.0,0.0,-2.094737881844634,-2.094737881844634
flat,single,0,off,0,488,-2.4160459402820544,264.0,0.8128653168678284,0.7551254034042358,1,-2.4160459402820544,-2.4160459402820544,1,0,off,0,0,0.0,0.0,0.0,0.0,0.0,0.0,0.0,0.0,0.0,0.0,0.0,-2.4160459402820544,-2.4160459402820544
flat,single,0,off,0,489,-2.203139157651461,230.0,0.7965466380119324,0.7565986514091492,1,-2.203139157651461,-2.203139157651461,1,0,off,0,0,0.0,0.0,0.0,0.0,0.0,0.0,0.0,0.0,0.0,0.0,0.0,-2.203139157651461,-2.203139157651461
flat,single,0,off,0,490,-2.019954030682571,251.0,0.826038658618927,0.7503847479820251,1,-2.019954030682571,-2.019954030682571,1,0,off,0,0,0.0,0.0,0.0,0.0,0.0,0.0,0.0,0.0,0.0,0.0,0.0,-2.019954030682571,-2.019954030682571
flat,single,0,off,0,491,-1.512018057341925,234.0,0.8120037913322449,0.7580701112747192,1,-1.512018057341925,-1.512018057341925,1,0,off,0,0,0.0,0.0,0.0,0.0,0.0,0.0,0.0,0.0,0.0,0.0,0.0,-1.512018057341925,-1.512018057341925
flat,single,0,off,0,492,-2.3729402101197077,263.0,0.8428802490234375,0.762611448764801,1,-2.3729402101197077,-2.3729402101197077,1,0,off,0,0,0.0,0.0,0.0,0.0,0.0,0.0,0.0,0.0,0.0,0.0,0.0,-2.3729402101197077,-2.3729402101197077
flat,single,0,off,0,493,-1.1200199766049665,207.0,0.7830566763877869,0.7503846287727356,1,-1.1200199766049665,-1.1200199766049665,1,0,off,0,0,0.0,0.0,0.0,0.0,0.0,0.0,0.0,0.0,0.0,0.0,0.0,-1.1200199766049665,-1.1200199766049665
flat,single,0,off,0,494,-1.4807960031298038,233.0,0.8100243210792542,0.7626131176948547,1,-1.4807960031298038,-1.4807960031298038,1,0,off,0,0,0.0,0.0,0.0,0.0,0.0,0.0,0.0,0.0,0.0,0.0,0.0,-1.4807960031298038,-1.4807960031298038
flat,single,0,off,0,495,-1.4582681128196466,232.0,0.8107675909996033,0.7597326636314392,1,-1.4582681128196466,-1.4582681128196466,1,0,off,0,0,0.0,0.0,0.0,0.0,0.0,0.0,0.0,0.0,0.0,0.0,0.0,-1.4582681128196466,-1.4582681128196466
flat,single,0,off,0,496,-4.958528211027152,336.0,0.8624902963638306,0.751243531703949,1,-4.958528211027152,-4.958528211027152,1,0,off,0,0,0.0,0.0,0.0,0.0,0.0,0.0,0.0,0.0,0.0,0.0,0.0,-4.958528211027152,-4.958528211027152
flat,single,0,off,0,497,-1.8353831636207212,231.0,0.8036757707595825,0.750210165977478,1,-1.8353831636207212,-1.8353831636207212,1,0,off,0,0,0.0,0.0,0.0,0.0,0.0,0.0,0.0,0.0,0.0,0.0,0.0,-1.8353831636207212,-1.8353831636207212
flat,single,0,off,0,498,-2.131502075191824,241.0,0.7883381247520447,0.752792477607727,1,-2.131502075191824,-2.131502075191824,1,0,off,0,0,0.0,0.0,0.0,0.0,0.0,0.0,0.0,0.0,0.0,0.0,0.0,-2.131502075191824,-2.131502075191824
flat,single,0,off,0,499,-1.7023618424683857,227.0,0.8227767944335938,0.7589924931526184,1,-1.7023618424683857,-1.7023618424683857,1,0,off,0,0,0.0,0.0,0.0,0.0,0.0,0.0,0.0,0.0,0.0,0.0,0.0,-1.7023618424683857,-1.7023618424683857
flat,single,0,off,0,500,-0.9564951435662851,215.0,0.7922993302345276,0.7521333694458008,1,-0.9564951435662851,-0.9564951435662851,1,0,off,0,0,0.0,0.0,0.0,0.0,0.0,0.0,0.0,0.0,0.0,0.0,0.0,-0.9564951435662851,-0.9564951435662851
flat,single,0,off,0,501,-1.8492456940410198,245.0,0.8051193952560425,0.7557886242866516,1,-1.8492456940410198,-1.8492456940410198,1,0,off,0,0,0.0,0.0,0.0,0.0,0.0,0.0,0.0,0.0,0.0,0.0,0.0,-1.8492456940410198,-1.8492456940410198
flat,single,0,off,0,502,-1.0608339882455808,205.0,0.7838811278343201,0.752133309841156,1,-1.0608339882455808,-1.0608339882455808,1,0,off,0,0,0.0,0.0,0.0,0.0,0.0,0.0,0.0,0.0,0.0,0.0,0.0,-1.0608339882455808,-1.0608339882455808
flat,single,0,off,0,503,-1.1524403380311605,222.0,0.795599639415741,0.7530031204223633,1,-1.1524403380311605,-1.1524403380311605,1,0,off,0,0,0.0,0.0,0.0,0.0,0.0,0.0,0.0,0.0,0.0,0.0,0.0,-1.1524403380311605,-1.1524403380311605
flat,single,0,off,0,504,-1.8612403003813216,232.0,0.7901764512062073,0.7558095455169678,1,-1.8612403003813216,-1.8612403003813216,1,0,off,0,0,0.0,0.0,0.0,0.0,0.0,0.0,0.0,0.0,0.0,0.0,0.0,-1.8612403003813216,-1.8612403003813216
flat,single,0,off,0,505,-2.0826247925497645,253.0,0.8088310956954956,0.7580375671386719,1,-2.0826247925497645,-2.0826247925497645,1,0,off,0,0,0.0,0.0,0.0,0.0,0.0,0.0,0.0,0.0,0.0,0.0,0.0,-2.0826247925497645,-2.0826247925497645
flat,single,0,off,0,506,-0.8688420459826057,212.0,0.7920023202896118,0.7506860494613647,1,-0.8688420459826057,-0.8688420459826057,1,0,off,0,0,0.0,0.0,0.0,0.0,0.0,0.0,0.0,0.0,0.0,0.0,0.0,-0.8688420459826057,-0.8688420459826057
flat,single,0,off,0,507,-1.1152648396114861,207.0,0.7907260656356812,0.750210165977478,1,-1.1152648396114861,-1.1152648396114861,1,0,off,0,0,0.0,0.0,0.0,0.0,0.0,0.0,0.0,0.0,0.0,0.0,0.0,-1.1152648396114861,-1.1152648396114861
flat,single,0,off,0,508,-3.3651682743243714,282.0,0.7934373021125793,0.750210165977478,1,-3.3651682743243714,-3.3651682743243714,1,0,off,0,0,0.0,0.0,0.0,0.0,0.0,0.0,0.0,0.0,0.0,0.0,0.0,-3.3651682743243714,-3.3651682743243714
flat,single,0,off,0,509,-2.104798304695874,254.0,0.8437291979789734,0.7525393962860107,1,-2.104798304695874,-2.104798304695874,1,0,off,0,0,0.0,0.0,0.0,0.0,0.0,0.0,0.0,0.0,0.0,0.0,0.0,-2.104798304695874,-2.104798304695874
flat,single,0,off,0,510,-2.4297746259206865,251.0,0.8029934763908386,0.7569676637649536,1,-2.4297746259206865,-2.4297746259206865,1,0,off,0,0,0.0,0.0,0.0,0.0,0.0,0.0,0.0,0.0,0.0,0.0,0.0,-2.4297746259206865,-2.4297746259206865
flat,single,0,off,0,511,-1.5458604165655592,221.0,0.7769380211830139,0.7522106766700745,1,-1.5458604165655592,-1.5458604165655592,1,0,off,0,0,0.0,0.0,0.0,0.0,0.0,0.0,0.0,0.0,0.0,0.0,0.0,-1.5458604165655592,-1.5458604165655592
flat,single,0,off,0,512,-1.3339966887352102,228.0,0.8089572787284851,0.7580375075340271,1,-1.3339966887352102,-1.3339966887352102,1,0,off,0,0,0.0,0.0,0.0,0.0,0.0,0.0,0.0,0.0,0.0,0.0,0.0,-1.3339966887352102,-1.3339966887352102
flat,single,0,off,0,513,-1.1742926410562402,209.0,0.7933743596076965,0.7584949731826782,1,-1.1742926410562402,-1.1742926410562402,1,0,off,0,0,0.0,0.0,0.0,0.0,0.0,0.0,0.0,0.0,0.0,0.0,0.0,-1.1742926410562402,-1.1742926410562402
flat,single,0,off,0,514,-1.512953968484656,234.0,0.7968922257423401,0.7609366774559021,1,-1.512953968484656,-1.512953968484656,1,0,off,0,0,0.0,0.0,0.0,0.0,0.0,0.0,0.0,0.0,0.0,0.0,0.0,-1.512953968484656,-1.512953968484656
flat,single,0,off,0,515,-2.2928809770382976,260.0,0.8153166174888611,0.7530031204223633,1,-2.2928809770382976,-2.2928809770382976,1,0,off,0,0,0.0,0.0,0.0,0.0,0.0,0.0,0.0,0.0,0.0,0.0,0.0,-2.2928809770382976,-2.2928809770382976
flat,single,0,off,0,516,-2.998163424828073,270.0,0.7991785407066345,0.757353663444519,1,-2.998163424828073,-2.998163424828073,1,0,off,0,0,0.0,0.0,0.0,0.0,0.0,0.0,0.0,0.0,0.0,0.0,0.0,-2.998163424828073,-2.998163424828073
flat,single,0,off,0,517,-1.4875326701707725,233.0,0.8054990172386169,0.7515987753868103,1,-1.4875326701707725,-1.4875326701707725,1,0,off,0,0,0.0,0.0,0.0,0.0,0.0,0.0,0.0,0.0,0.0,0.0,0.0,-1.4875326701707725,-1.4875326701707725
flat,single,0,off,0,518,-2.388143025778693,263.0,0.810398519039154,0.7576594352722168,1,-2.388143025778693,-2.388143025778693,1,0,off,0,0,0.0,0.0,0.0,0.0,0.0,0.0,0.0,0.0,0.0,0.0,0.0,-2.388143025778693,-2.388143025778693
flat,single,0,off,0,519,-0.7936800742941013,196.0,0.7821680903434753,0.7508390545845032,1,-0.7936800742941013,-0.7936800742941013,1,0,off,0,0,0.0,0.0,0.0,0.0,0.0,0.0,0.0,0.0,0.0,0.0,0.0,-0.7936800742941013,-0.7936800742941013
flat,single,0,off,0,520,-2.8948924758436574,267.0,0.831607460975647,0.7543283104896545,1,-2.8948924758436574,-2.8948924758436574,1,0,off,0,0,0.0,0.0,0.0,0.0,0.0,0.0,0.0,0.0,0.0,0.0,0.0,-2.8948924758436574,-2.8948924758436574
flat,single,0,off,0,521,-1.0349282435001848,218.0,0.8092774152755737,0.7597326040267944,1,-1.0349282435001848,-1.0349282435001848,1,0,off,0,0,0.0,0.0,0.0,0.0,0.0,0.0,0.0,0.0,0.0,0.0,0.0,-1.0349282435001848,-1.0349282435001848
flat,single,0,off,0,522,-1.3924714063992765,230.0,0.8193560838699341,0.752792477607727,1,-1.3924714063992765,-1.3924714063992765,1,0,off,0,0,0.0,0.0,0.0,0.0,0.0,0.0,0.0,0.0,0.0,0.0,0.0,-1.3924714063992765,-1.3924714063992765
flat,single,0,off,0,523,-1.3376936802442703,228.0,0.8045700788497925,0.7597326040267944,1,-1.3376936802442703,-1.3376936802442703,1,0,off,0,0,0.0,0.0,0.0,0.0,0.0,0.0,0.0,0.0,0.0,0.0,0.0,-1.3376936802442703,-1.3376936802442703
flat,single,0,off,0,524,-1.8949250896438052,233.0,0.8045617938041687,0.7503847479820251,1,-1.8949250896438052,-1.8949250896438052,1,0,off,0,0,0.0,0.0,0.0,0.0,0.0,0.0,0.0,0.0,0.0,0.0,0.0,-1.8949250896438052,-1.8949250896438052
flat,single,0,off,0,525,-2.1404273744788984,255.0,0.8263259530067444,0.7634444236755371,1,-2.1404273744788984,-2.1404273744788984,1,0,off,0,0,0.0,0.0,0.0,0.0,0.0,0.0,0.0,0.0,0.0,0.0,0.0,-2.1404273744788984,-2.1404273744788984
flat,single,0,off,0,526,-1.3404853800614405,201.0,0.791146457195282,0.7548460364341736,1,-1.3404853800614405,-1.3404853800614405,1,0,off,0,0,0.0,0.0,0.0,0.0,0.0,0.0,0.0,0.0,0.0,0.0,0.0,-1.3404853800614405,-1.3404853800614405
flat,single,0,off,0,527,-1.622551950066122,224.0,0.7950299978256226,0.7559625506401062,1,-1.622551950066122,-1.622551950066122,1,0,off,0,0,0.0,0.0,0.0,0.0,0.0,0.0,0.0,0.0,0.0,0.0,0.0,-1.622551950066122,-1.622551950066122
flat,single,0,off,0,528,-1.5688103934237785,236.0,0.8271529078483582,0.7530031204223633,1,-1.5688103934237785,-1.5688103934237785,1,0,off,0,0,0.0,0.0,0.0,0.0,0.0,0.0,0.0,0.0,0.0,0.0,0.0,-1.5688103934237785,-1.5688103934237785
flat,single,0,off,0,529,-1.289085334932901,213.0,0.797657310962677,0.7551143765449524,1,-1.289085334932901,-1.289085334932901,1,0,off,0,0,0.0,0.0,0.0,0.0,0.0,0.0,0.0,0.0,0.0,0.0,0.0,-1.289085334932901,-1.289085334932901
flat,single,0,off,0,530,-1.753733847560366,242.0,0.8210552334785461,0.7530031204223633,1,-1.753733847560366,-1.753733847560366,1,0,off,0,0,0.0,0.0,0.0,0.0,0.0,0.0,0.0,0.0,0.0,0.0,0.0,-1.753733847560366,-1.753733847560366
flat,single,0,off,0,531,-1.1743804424814925,209.0,0.7893689274787903,0.7530031204223633,1,-1.1743804424814925,-1.1743804424814925,1,0,off,0,0,0.0,0.0,0.0,0.0,0.0,0.0,0.0,0.0,0.0,0.0,0.0,-1.1743804424814925,-1.1743804424814925
flat,single,0,off,0,532,-1.4201990886894102,231.0,0.8241562247276306,0.7530031204223633,1,-1.4201990886894102,-1.4201990886894102,1,0,off,0,0,0.0,0.0,0.0,0.0,0.0,0.0,0.0,0.0,0.0,0.0,0.0,-1.4201990886894102,-1.4201990886894102
flat,single,0,off,0,533,-2.184077263271905,243.0,0.8064109683036804,0.7605621218681335,1,-2.184077263271905,-2.184077263271905,1,0,off,0,0,0.0,0.0,0.0,0.0,0.0,0.0,0.0,0.0,0.0,0.0,0.0,-2.184077263271905,-2.184077263271905
flat,single,0,off,0,534,-1.5691531083919157,222.0,0.793106198310852,0.752133309841156,1,-1.5691531083919157,-1.5691531083919157,1,0,off,0,0,0.0,0.0,0.0,0.0,0.0,0.0,0.0,0.0,0.0,0.0,0.0,-1.5691531083919157,-1.5691531083919157
flat,single,0,off,0,535,-0.8961030876415355,213.0,0.798885703086853,0.7545047402381897,1,-0.8961030876415355,-0.8961030876415355,1,0,off,0,0,0.0,0.0,0.0,0.0,0.0,0.0,0.0,0.0,0.0,0.0,0.0,-0.8961030876415355,-0.8961030876415355
flat,single,0,off,0,536,-2.3096095899684617,261.0,0.862999439239502,0.7576594352722168,1,-2.3096095899684617,-2.3096095899684617,1,0,off,0,0,0.0,0.0,0.0,0.0,0.0,0.0,0.0,0.0,0.0,0.0,0.0,-2.3096095899684617,-2.3096095899684617
flat,single,0,off,0,537,-1.0959160250902686,220.0,0.8057575821876526,0.7545375823974609,1,-1.0959160250902686,-1.0959160250902686,1,0,off,0,0,0.0,0.0,0.0,0.0,0.0,0.0,0.0,0.0,0.0,0.0,0.0,-1.0959160250902686,-1.0959160250902686
flat,single,0,off,0,538,-2.005149266117946,250.0,0.7988748550415039,0.7562689781188965,1,-2.005149266117946,-2.005149266117946,1,0,off,0,0,0.0,0.0,0.0,0.0,0.0,0.0,0.0,0.0,0.0,0.0,0.0,-2.005149266117946,-2.005149266117946
flat,single,0,off,0,539,-1.7557462451886432,242.0,0.8106510043144226,0.7596099376678467,1,-1.7557462451886432,-1.7557462451886432,1,0,off,0,0,0.0,0.0,0.0,0.0,0.0,0.0,0.0,0.0,0.0,0.0,0.0,-1.7557462451886432,-1.7557462451886432
flat,single,0,off,0,540,-2.2347523999027876,258.0,0.8102949857711792,0.752339780330658,1,-2.2347523999027876,-2.2347523999027876,1,0,off,0,0,0.0,0.0,0.0,0.0,0.0,0.0,0.0,0.0,0.0,0.0,0.0,-2.2347523999027876,-2.2347523999027876
flat,single,0,off,0,541,-1.183816856690687,223.0,0.8140551447868347,0.7538121938705444,1,-1.183816856690687,-1.183816856690687,1,0,off,0,0,0.0,0.0,0.0,0.0,0.0,0.0,0.0,0.0,0.0,0.0,0.0,-1.183816856690687,-1.183816856690687
flat,single,0,off,0,542,-1.8567481258674576,232.0,0.8157090544700623,0.7513512372970581,1,-1.8567481258674576,-1.8567481258674576,1,0,off,0,0,0.0,0.0,0.0,0.0,0.0,0.0,0.0,0.0,0.0,0.0,0.0,-1.8567481258674576,-1.8567481258674576
flat,single,0,off,0,543,-1.283849281704756,213.0,0.8060598969459534,0.7605621218681335,1,-1.283849281704756,-1.283849281704756,1,0,off,0,0,0.0,0.0,0.0,0.0,0.0,0.0,0.0,0.0,0.0,0.0,0.0,-1.283849281704756,-1.283849281704756
flat,single,0,off,0,544,-1.2167412091966294,224.0,0.809049665927887,0.752792477607727,1,-1.2167412091966294,-1.2167412091966294,1,0,off,0,0,0.0,0.0,0.0,0.0,0.0,0.0,0.0,0.0,0.0,0.0,0.0,-1.2167412091966294,-1.2167412091966294
flat,single,0,off,0,545,-1.6600649924995428,239.0,0.8148501515388489,0.7597326040267944,1,-1.6600649924995428,-1.6600649924995428,1,0,off,0,0,0.0,0.0,0.0,0.0,0.0,0.0,0.0,0.0,0.0,0.0,0.0,-1.6600649924995428,-1.6600649924995428
flat,single,0,off,0,546,-0.9458693587570496,215.0,0.8062534928321838,0.7566606998443604,1,-0.9458693587570496,-0.9458693587570496,1,0,off,0,0,0.0,0.0,0.0,0.0,0.0,0.0,0.0,0.0,0.0,0.0,0.0,-0.9458693587570496,-0.9458693587570496
flat,single,0,off,0,547,-1.8323822567483927,231.0,0.8030561208724976,0.7576594352722168,1,-1.8323822567483927,-1.8323822567483927,1,0,off,0,0,0.0,0.0,0.0,0.0,0.0,0.0,0.0,0.0,0.0,0.0,0.0,-1.8323822567483927,-1.8323822567483927
flat,single,0,off,0,548,-1.7380967003968584,228.0,0.7997636795043945,0.7576594352722168,1,-1.7380967003968584,-1.7380967003968584,1,0,off,0,0,0.0,0.0,0.0,0.0,0.0,0.0,0.0,0.0,0.0,0.0,0.0,-1.7380967003968584,-1.7380967003968584
flat,single,0,off,0,549,-2.9327349855704177,282.0,0.8579493761062622,0.7597326040267944,1,-2.9327349855704177,-2.9327349855704177,1,0,off,0,0,0.0,0.0,0.0,0.0,0.0,0.0,0.0,0.0,0.0,0.0,0.0,-2.9327349855704177,-2.9327349855704177
flat,single,0,off,0,550,-1.9932166291866493,250.0,0.8108458518981934,0.7568408250808716,1,-1.9932166291866493,-1.9932166291866493,1,0,off,0,0,0.0,0.0,0.0,0.0,0.0,0.0,0.0,0.0,0.0,0.0,0.0,-1.9932166291866493,-1.9932166291866493
flat,single,0,off,0,551,-1.448563914567935,232.0,0.8234757781028748,0.7576594352722168,1,-1.448563914567935,-1.448563914567935,1,0,off,0,0,0.0,0.0,0.0,0.0,0.0,0.0,0.0,0.0,0.0,0.0,0.0,-1.448563914567935,-1.448563914567935
flat,single,0,off,0,552,-1.108886071279416,207.0,0.8052460551261902,0.7589924931526184,1,-1.108886071279416,-1.108886071279416,1,0,off,0,0,0.0,0.0,0.0,0.0,0.0,0.0,0.0,0.0,0.0,0.0,0.0,-1.108886071279416,-1.108886071279416
flat,single,0,off,0,553,-1.3914616924431222,216.0,0.7851349711418152,0.75126051902771,1,-1.3914616924431222,-1.3914616924431222,1,0,off,0,0,0.0,0.0,0.0,0.0,0.0,0.0,0.0,0.0,0.0,0.0,0.0,-1.3914616924431222,-1.3914616924431222
flat,single,0,off,0,554,-1.6538762212963822,225.0,0.8018776178359985,0.7501994967460632,1,-1.6538762212963822,-1.6538762212963822,1,0,off,0,0,0.0,0.0,0.0,0.0,0.0,0.0,0.0,0.0,0.0,0.0,0.0,-1.6538762212963822,-1.6538762212963822
flat,single,0,off,0,555,-2.107337312911409,254.0,0.8378278613090515,0.7602834701538086,1,-2.107337312911409,-2.107337312911409,1,0,off,0,0,0.0,0.0,0.0,0.0,0.0,0.0,0.0,0.0,0.0,0.0,0.0,-2.107337312911409,-2.107337312911409
flat,single,0,off,0,556,-1.0158750242053103,217.0,0.7981594800949097,0.7530031204223633,1,-1.0158750242053103,-1.0158750242053103,1,0,off,0,0,0.0,0.0,0.0,0.0,0.0,0.0,0.0,0.0,0.0,0.0,0.0,-1.0158750242053103,-1.0158750242053103
flat,single,0,off,0,557,-0.9561642584507402,215.0,0.8022299408912659,0.7530031204223633,1,-0.9561642584507402,-0.9561642584507402,1,0,off,0,0,0.0,0.0,0.0,0.0,0.0,0.0,0.0,0.0,0.0,0.0,0.0,-0.9561642584507402,-0.9561642584507402
flat,single,0,off,0,558,-2.4590220045903717,252.0,0.8128641843795776,0.7527225017547607,1,-2.4590220045903717,-2.4590220045903717,1,0,off,0,0,0.0,0.0,0.0,0.0,0.0,0.0,0.0,0.0,0.0,0.0,0.0,-2.4590220045903717,-2.4590220045903717
flat,single,0,off,0,559,-1.2768909729679625,226.0,0.8108511567115784,0.7530031204223633,1,-1.2768909729679625,-1.2768909729679625,1,0,off,0,0,0.0,0.0,0.0,0.0,0.0,0.0,0.0,0.0,0.0,0.0,0.0,-1.2768909729679625,-1.2768909729679625
flat,single,0,off,0,560,-2.8401525830186185,278.0,0.8000360727310181,0.7516590356826782,1,-2.8401525830186185,-2.8401525830186185,1,0,off,0,0,0.0,0.0,0.0,0.0,0.0,0.0,0.0,0.0,0.0,0.0,0.0,-2.8401525830186185,-2.8401525830186185
flat,single,0,off,0,561,-1.2600357578275765,212.0,0.7931217551231384,0.7527165412902832,1,-1.2600357578275765,-1.2600357578275765,1,0,off,0,0,0.0,0.0,0.0,0.0,0.0,0.0,0.0,0.0,0.0,0.0,0.0,-1.2600357578275765,-1.2600357578275765
flat,single,0,off,0,562,-1.7508068147080538,242.0,0.8017775416374207,0.757249116897583,1,-1.7508068147080538,-1.7508068147080538,1,0,off,0,0,0.0,0.0,0.0,0.0,0.0,0.0,0.0,0.0,0.0,0.0,0.0,-1.7508068147080538,-1.7508068147080538
flat,single,0,off,0,563,-1.2147105894563766,224.0,0.8136181831359863,0.7558981776237488,1,-1.2147105894563766,-1.2147105894563766,1,0,off,0,0,0.0,0.0,0.0,0.0,0.0,0.0,0.0,0.0,0.0,0.0,0.0,-1.2147105894563766,-1.2147105894563766
flat,single,0,off,0,564,-2.676761871393539,273.0,0.8379542231559753,0.7596099376678467,1,-2.676761871393539,-2.676761871393539,1,0,off,0,0,0.0,0.0,0.0,0.0,0.0,0.0,0.0,0.0,0.0,0.0,0.0,-2.676761871393539,-2.676761871393539
flat,single,0,off,0,565,-0.6977140250825354,193.0,0.7844937443733215,0.7503847479820251,1,-0.6977140250825354,-0.6977140250825354,1,0,off,0,0,0.0,0.0,0.0,0.0,0.0,0.0,0.0,0.0,0.0,0.0,0.0,-0.6977140250825354,-0.6977140250825354
flat,single,0,off,0,566,-1.7301505272113766,241.0,0.8112726211547852,0.7576594352722168,1,-1.7301505272113766,-1.7301505272113766,1,0,off,0,0,0.0,0.0,0.0,0.0,0.0,0.0,0.0,0.0,0.0,0.0,0.0,-1.7301505272113766,-1.7301505272113766
flat,single,0,off,0,567,-2.1978253872913807,257.0,0.8242462277412415,0.7580375671386719,1,-2.1978253872913807,-2.1978253872913807,1,0,off,0,0,0.0,0.0,0.0,0.0,0.0,0.0,0.0,0.0,0.0,0.0,0.0,-2.1978253872913807,-2.1978253872913807
flat,single,0,off,0,568,-1.5344563524413437,235.0,0.8263441324234009,0.7638630867004395,1,-1.5344563524413437,-1.5344563524413437,1,0,off,0,0,0.0,0.0,0.0,0.0,0.0,0.0,0.0,0.0,0.0,0.0,0.0,-1.5344563524413437,-1.5344563524413437
flat,single,0,off,0,569,-0.8339467409544203,211.0,0.8024697303771973,0.75126051902771,1,-0.8339467409544203,-0.8339467409544203,1,0,off,0,0,0.0,0.0,0.0,0.0,0.0,0.0,0.0,0.0,0.0,0.0,0.0,-0.8339467409544203,-0.8339467409544203
flat,single,0,off,0,570,-1.97460688726977,236.0,0.823686420917511,0.7557098269462585,1,-1.97460688726977,-1.97460688726977,1,0,off,0,0,0.0,0.0,0.0,0.0,0.0,0.0,0.0,0.0,0.0,0.0,0.0,-1.97460688726977,-1.97460688726977
flat,single,0,off,0,571,-1.7958449940488252,230.0,0.8129691481590271,0.7592491507530212,1,-1.7958449940488252,-1.7958449940488252,1,0,off,0,0,0.0,0.0,0.0,0.0,0.0,0.0,0.0,0.0,0.0,0.0,0.0,-1.7958449940488252,-1.7958449940488252
flat,single,0,off,0,572,-1.9619799316441693,249.0,0.8225258588790894,0.7568407654762268,1,-1.9619799316441693,-1.9619799316441693,1,0,off,0,0,0.0,0.0,0.0,0.0,0.0,0.0,0.0,0.0,0.0,0.0,0.0,-1.9619799316441693,-1.9619799316441693
flat,single,0,off,0,573,-1.51964254711173,221.0,0.8073396682739258,0.7636547088623047,1,-1.51964254711173,-1.51964254711173,1,0,off,0,0,0.0,0.0,0.0,0.0,0.0,0.0,0.0,0.0,0.0,0.0,0.0,-1.51964254711173,-1.51964254711173
flat,single,0,off,0,574,-2.223392677345547,258.0,0.8363184332847595,0.7576594352722168,1,-2.223392677345547,-2.223392677345547,1,0,off,0,0,0.0,0.0,0.0,0.0,0.0,0.0,0.0,0.0,0.0,0.0,0.0,-2.223392677345547,-2.223392677345547
flat,single,0,off,0,575,-2.1379718559945506,228.0,0.8056432008743286,0.753374457359314,1,-2.1379718559945506,-2.1379718559945506,1,0,off,0,0,0.0,0.0,0.0,0.0,0.0,0.0,0.0,0.0,0.0,0.0,0.0,-2.1379718559945506,-2.1379718559945506
flat,single,0,off,0,576,-2.9400330381141906,282.0,0.8382459282875061,0.7596099972724915,1,-2.9400330381141906,-2.9400330381141906,1,0,off,0,0,0.0,0.0,0.0,0.0,0.0,0.0,0.0,0.0,0.0,0.0,0.0,-2.9400330381141906,-2.9400330381141906
flat,single,0,off,0,577,-1.8729621884541174,246.0,0.8136216402053833,0.7566606998443604,1,-1.8729621884541174,-1.8729621884541174,1,0,off,0,0,0.0,0.0,0.0,0.0,0.0,0.0,0.0,0.0,0.0,0.0,0.0,-1.8729621884541174,-1.8729621884541174
flat,single,0,off,0,578,-1.7506392840668599,242.0,0.8266100287437439,0.7576594352722168,1,-1.7506392840668599,-1.7506392840668599,1,0,off,0,0,0.0,0.0,0.0,0.0,0.0,0.0,0.0,0.0,0.0,0.0,0.0,-1.7506392840668599,-1.7506392840668599
flat,single,0,off,0,579,-0.7152294439985463,207.0,0.7899377942085266,0.7559625506401062,1,-0.7152294439985463,-0.7152294439985463,1,0,off,0,0,0.0,0.0,0.0,0.0,0.0,0.0,0.0,0.0,0.0,0.0,0.0,-0.7152294439985463,-0.7152294439985463
flat,single,0,off,0,580,-2.1056249083601912,240.0,0.8039075136184692,0.7503879070281982,1,-2.1056249083601912,-2.1056249083601912,1,0,off,0,0,0.0,0.0,0.0,0.0,0.0,0.0,0.0,0.0,0.0,0.0,0.0,-2.1056249083601912,-2.1056249083601912
flat,single,0,off,0,581,-1.6541977031494075,239.0,0.8371637463569641,0.7576594352722168,1,-1.6541977031494075,-1.6541977031494075,1,0,off,0,0,0.0,0.0,0.0,0.0,0.0,0.0,0.0,0.0,0.0,0.0,0.0,-1.6541977031494075,-1.6541977031494075
flat,single,0,off,0,582,-1.7093943211622573,227.0,0.8058646321296692,0.7560938596725464,1,-1.7093943211622573,-1.7093943211622573,1,0,off,0,0,0.0,0.0,0.0,0.0,0.0,0.0,0.0,0.0,0.0,0.0,0.0,-1.7093943211622573,-1.7093943211622573
flat,single,0,off,0,583,-2.1285183444398013,241.0,0.8107780814170837,0.7605621218681335,1,-2.1285183444398013,-2.1285183444398013,1,0,off,0,0,0.0,0.0,0.0,0.0,0.0,0.0,0.0,0.0,0.0,0.0,0.0,-2.1285183444398013,-2.1285183444398013
flat,single,0,off,0,584,-2.971518990843316,283.0,0.8500885367393494,0.7566606998443604,1,-2.971518990843316,-2.971518990843316,1,0,off,0,0,0.0,0.0,0.0,0.0,0.0,0.0,0.0,0.0,0.0,0.0,0.0,-2.971518990843316,-2.971518990843316
flat,single,0,off,0,585,-1.1477190595609172,222.0,0.8233548402786255,0.7578179240226746,1,-1.1477190595609172,-1.1477190595609172,1,0,off,0,0,0.0,0.0,0.0,0.0,0.0,0.0,0.0,0.0,0.0,0.0,0.0,-1.1477190595609172,-1.1477190595609172
flat,single,0,off,0,586,-1.2127452177100395,224.0,0.8091080784797668,0.7588865756988525,1,-1.2127452177100395,-1.2127452177100395,1,0,off,0,0,0.0,0.0,0.0,0.0,0.0,0.0,0.0,0.0,0.0,0.0,0.0,-1.2127452177100395,-1.2127452177100395
flat,single,0,off,0,587,-0.8192211282928511,197.0,0.7864462733268738,0.7566606998443604,1,-0.8192211282928511,-0.8192211282928511,1,0,off,0,0,0.0,0.0,0.0,0.0,0.0,0.0,0.0,0.0,0.0,0.0,0.0,-0.8192211282928511,-0.8192211282928511
flat,single,0,off,0,588,-1.7662930803571326,242.0,0.7980784773826599,0.7509564161300659,1,-1.7662930803571326,-1.7662930803571326,1,0,off,0,0,0.0,0.0,0.0,0.0,0.0,0.0,0.0,0.0,0.0,0.0,0.0,-1.7662930803571326,-1.7662930803571326
flat,single,0,off,0,589,-0.9474650321411939,215.0,0.8149372339248657,0.7566606998443604,1,-0.9474650321411939,-0.9474650321411939,1,0,off,0,0,0.0,0.0,0.0,0.0,0.0,0.0,0.0,0.0,0.0,0.0,0.0,-0.9474650321411939,-0.9474650321411939
flat,single,0,off,0,590,-2.1273467115475846,255.0,0.8518751859664917,0.7566606998443604,1,-2.1273467115475846,-2.1273467115475846,1,0,off,0,0,0.0,0.0,0.0,0.0,0.0,0.0,0.0,0.0,0.0,0.0,0.0,-2.1273467115475846,-2.1273467115475846
flat,single,0,off,0,591,-2.8523831720638504,265.0,0.7931152582168579,0.7598852515220642,1,-2.8523831720638504,-2.8523831720638504,1,0,off,0,0,0.0,0.0,0.0,0.0,0.0,0.0,0.0,0.0,0.0,0.0,0.0,-2.8523831720638504,-2.8523831720638504
flat,single,0,off,0,592,-0.8578493520931854,212.0,0.8001799583435059,0.7609366774559021,1,-0.8578493520931854,-0.8578493520931854,1,0,off,0,0,0.0,0.0,0.0,0.0,0.0,0.0,0.0,0.0,0.0,0.0,0.0,-0.8578493520931854,-0.8578493520931854
flat,single,0,off,0,593,-3.3222325078106807,281.0,0.8188987374305725,0.7502946257591248,1,-3.3222325078106807,-3.3222325078106807,1,0,off,0,0,0.0,0.0,0.0,0.0,0.0,0.0,0.0,0.0,0.0,0.0,0.0,-3.3222325078106807,-3.3222325078106807
flat,single,0,off,0,594,-1.8994803138042378,247.0,0.8307680487632751,0.75126051902771,1,-1.8994803138042378,-1.8994803138042378,1,0,off,0,0,0.0,0.0,0.0,0.0,0.0,0.0,0.0,0.0,0.0,0.0,0.0,-1.8994803138042378,-1.8994803138042378
flat,single,0,off,0,595,-1.0993645076057925,220.0,0.7974692583084106,0.7551032900810242,1,-1.0993645076057925,-1.0993645076057925,1,0,off,0,0,0.0,0.0,0.0,0.0,0.0,0.0,0.0,0.0,0.0,0.0,0.0,-1.0993645076057925,-1.0993645076057925
flat,single,0,off,0,596,-2.839002694842639,281.0,0.846951961517334,0.7603698968887329,1,-2.839002694842639,-2.839002694842639,1,0,off,0,0,0.0,0.0,0.0,0.0,0.0,0.0,0.0,0.0,0.0,0.0,0.0,-2.839002694842639,-2.839002694842639
flat,single,0,off,0,597,-1.9846191364410368,236.0,0.7932397723197937,0.7572684288024902,1,-1.9846191364410368,-1.9846191364410368,1,0,off,0,0,0.0,0.0,0.0,0.0,0.0,0.0,0.0,0.0,0.0,0.0,0.0,-1.9846191364410368,-1.9846191364410368
flat,single,0,off,0,598,-1.024165632085646,204.0,0.7913345098495483,0.7527165412902832,1,-1.024165632085646,-1.024165632085646,1,0,off,0,0,0.0,0.0,0.0,0.0,0.0,0.0,0.0,0.0,0.0,0.0,0.0,-1.024165632085646,-1.024165632085646
flat,single,0,off,0,599,-1.2925231792125897,213.0,0.789796769618988,0.7533277869224548,1,-1.2925231792125897,-1.2925231792125897,1,0,off,0,0,0.0,0.0,0.0,0.0,0.0,0.0,0.0,0.0,0.0,0.0,0.0,-1.2925231792125897,-1.2925231792125897
flat,single,0,off,0,600,-1.0225533762411259,204.0,0.7834681868553162,0.7566606998443604,1,-1.0225533762411259,-1.0225533762411259,1,0,off,0,0,0.0,0.0,0.0,0.0,0.0,0.0,0.0,0.0,0.0,0.0,0.0,-1.0225533762411259,-1.0225533762411259
flat,single,0,off,0,601,-3.073101327057214,286.0,0.8262279629707336,0.7503847479820251,1,-3.073101327057214,-3.073101327057214,1,0,off,0,0,0.0,0.0,0.0,0.0,0.0,0.0,0.0,0.0,0.0,0.0,0.0,-3.073101327057214,-3.073101327057214
flat,single,0,off,0,602,-1.772577608994909,231.0,0.7957952618598938,0.7540261149406433,1,-1.772577608994909,-1.772577608994909,1,0,off,0,0,0.0,0.0,0.0,0.0,0.0,0.0,0.0,0.0,0.0,0.0,0.0,-1.772577608994909,-1.772577608994909
flat,single,0,off,0,603,-1.1483091167500283,208.0,0.7763219475746155,0.7566606998443604,1,-1.1483091167500283,-1.1483091167500283,1,0,off,0,0,0.0,0.0,0.0,0.0,0.0,0.0,0.0,0.0,0.0,0.0,0.0,-1.1483091167500283,-1.1483091167500283
flat,single,0,off,0,604,-2.7925156306789525,277.0,0.8329612612724304,0.762611448764801,1,-2.7925156306789525,-2.7925156306789525,1,0,off,0,0,0.0,0.0,0.0,0.0,0.0,0.0,0.0,0.0,0.0,0.0,0.0,-2.7925156306789525,-2.7925156306789525
flat,single,0,off,0,605,-1.9091821821394888,234.0,0.8172401785850525,0.7605621218681335,1,-1.9091821821394888,-1.9091821821394888,1,0,off,0,0,0.0,0.0,0.0,0.0,0.0,0.0,0.0,0.0,0.0,0.0,0.0,-1.9091821821394888,-1.9091821821394888
flat,single,0,off,0,606,-2.7776463819213637,276.0,0.8088534474372864,0.7576594352722168,1,-2.7776463819213637,-2.7776463819213637,1,0,off,0,0,0.0,0.0,0.0,0.0,0.0,0.0,0.0,0.0,0.0,0.0,0.0,-2.7776463819213637,-2.7776463819213637
flat,single,0,off,0,607,-1.3100037824676882,227.0,0.817396342754364,0.7503847479820251,1,-1.3100037824676882,-1.3100037824676882,1,0,off,0,0,0.0,0.0,0.0,0.0,0.0,0.0,0.0,0.0,0.0,0.0,0.0,-1.3100037824676882,-1.3100037824676882
flat,single,0,off,0,608,-1.2158360887423667,224.0,0.8163434267044067,0.7580375671386719,1,-1.2158360887423667,-1.2158360887423667,1,0,off,0,0,0.0,0.0,0.0,0.0,0.0,0.0,0.0,0.0,0.0,0.0,0.0,-1.2158360887423667,-1.2158360887423667
flat,single,0,off,0,609,-1.7258911703026425,241.0,0.8095425367355347,0.7518150806427002,1,-1.7258911703026425,-1.7258911703026425,1,0,off,0,0,0.0,0.0,0.0,0.0,0.0,0.0,0.0,0.0,0.0,0.0,0.0,-1.7258911703026425,-1.7258911703026425
flat,single,0,off,0,610,-1.4124181183718651,217.0,0.7910206913948059,0.7552154064178467,1,-1.4124181183718651,-1.4124181183718651,1,0,off,0,0,0.0,0.0,0.0,0.0,0.0,0.0,0.0,0.0,0.0,0.0,0.0,-1.4124181183718651,-1.4124181183718651
flat,single,0,off,0,611,-1.9855443353077904,236.0,0.7960300445556641,0.7571664452552795,1,-1.9855443353077904,-1.9855443353077904,1,0,off,0,0,0.0,0.0,0.0,0.0,0.0,0.0,0.0,0.0,0.0,0.0,0.0,-1.9855443353077904,-1.9855443353077904
flat,single,0,off,0,612,-0.8243017390498474,211.0,0.81379234790802,0.7576594352722168,1,-0.8243017390498474,-0.8243017390498474,1,0,off,0,0,0.0,0.0,0.0,0.0,0.0,0.0,0.0,0.0,0.0,0.0,0.0,-0.8243017390498474,-0.8243017390498474
flat,single,0,off,0,613,-2.62798044944415,258.0,0.8297152519226074,0.7598150372505188,1,-2.62798044944415,-2.62798044944415,1,0,off,0,0,0.0,0.0,0.0,0.0,0.0,0.0,0.0,0.0,0.0,0.0,0.0,-2.62798044944415,-2.62798044944415
flat,single,0,off,0,614,-3.2895583721110486,280.0,0.8244234919548035,0.7551367878913879,1,-3.2895583721110486,-3.2895583721110486,1,0,off,0,0,0.0,0.0,0.0,0.0,0.0,0.0,0.0,0.0,0.0,0.0,0.0,-3.2895583721110486,-3.2895583721110486
flat,single,0,off,0,615,-1.010420127081456,217.0,0.8021248579025269,0.7576594352722168,1,-1.010420127081456,-1.010420127081456,1,0,off,0,0,0.0,0.0,0.0,0.0,0.0,0.0,0.0,0.0,0.0,0.0,0.0,-1.010420127081456,-1.010420127081456
flat,single,0,off,0,616,-1.0941150450496977,220.0,0.8110845685005188,0.7558841705322266,1,-1.0941150450496977,-1.0941150450496977,1,0,off,0,0,0.0,0.0,0.0,0.0,0.0,0.0,0.0,0.0,0.0,0.0,0.0,-1.0941150450496977,-1.0941150450496977
flat,single,0,off,0,617,-1.2579307771602217,212.0,0.8006526827812195,0.7605621218681335,1,-1.2579307771602217,-1.2579307771602217,1,0,off,0,0,0.0,0.0,0.0,0.0,0.0,0.0,0.0,0.0,0.0,0.0,0.0,-1.2579307771602217,-1.2579307771602217
flat,single,0,off,0,618,-1.3896214043721606,230.0,0.822799801826477,0.7566606998443604,1,-1.3896214043721606,-1.3896214043721606,1,0,off,0,0,0.0,0.0,0.0,0.0,0.0,0.0,0.0,0.0,0.0,0.0,0.0,-1.3896214043721606,-1.3896214043721606
flat,single,0,off,0,619,-1.3332025238988026,228.0,0.8278318643569946,0.755696177482605,1,-1.3332025238988026,-1.3332025238988026,1,0,off,0,0,0.0,0.0,0.0,0.0,0.0,0.0,0.0,0.0,0.0,0.0,0.0,-1.3332025238988026,-1.3332025238988026
flat,single,0,off,0,620,-1.3111661022610548,227.0,0.8055850267410278,0.7558599710464478,1,-1.3111661022610548,-1.3111661022610548,1,0,off,0,0,0.0,0.0,0.0,0.0,0.0,0.0,0.0,0.0,0.0,0.0,0.0,-1.3111661022610548,-1.3111661022610548
flat,single,0,off,0,621,-2.125625027152714,241.0,0.8194618225097656,0.752133309841156,1,-2.125625027152714,-2.125625027152714,1,0,off,0,0,0.0,0.0,0.0,0.0,0.0,0.0,0.0,0.0,0.0,0.0,0.0,-2.125625027152714,-2.125625027152714
flat,single,0,off,0,622,-4.194273244896897,324.0,0.860028862953186,0.7576594352722168,1,-4.194273244896897,-4.194273244896897,1,0,off,0,0,0.0,0.0,0.0,0.0,0.0,0.0,0.0,0.0,0.0,0.0,0.0,-4.194273244896897,-4.194273244896897
flat,single,0,off,0,623,-1.7847114016860781,243.0,0.8214849829673767,0.7576594352722168,1,-1.7847114016860781,-1.7847114016860781,1,0,off,0,0,0.0,0.0,0.0,0.0,0.0,0.0,0.0,0.0,0.0,0.0,0.0,-1.7847114016860781,-1.7847114016860781
flat,single,0,off,0,624,-0.9856333615107039,217.0,0.7988051176071167,0.7530031204223633,1,-0.9856333615107039,-0.9856333615107039,1,0,off,0,0,0.0,0.0,0.0,0.0,0.0,0.0,0.0,0.0,0.0,0.0,0.0,-0.9856333615107039,-0.9856333615107039
flat,single,0,off,0,625,-1.4995710436080163,220.0,0.8143815994262695,0.7544757723808289,1,-1.4995710436080163,-1.4995710436080163,1,0,off,0,0,0.0,0.0,0.0,0.0,0.0,0.0,0.0,0.0,0.0,0.0,0.0,-1.4995710436080163,-1.4995710436080163
flat,single,0,off,0,626,-1.0161951469571833,217.0,0.8007869720458984,0.7500302791595459,1,-1.0161951469571833,-1.0161951469571833,1,0,off,0,0,0.0,0.0,0.0,0.0,0.0,0.0,0.0,0.0,0.0,0.0,0.0,-1.0161951469571833,-1.0161951469571833
flat,single,0,off,0,627,-1.4862819604727018,233.0,0.8182495832443237,0.7530031204223633,1,-1.4862819604727018,-1.4862819604727018,1,0,off,0,0,0.0,0.0,0.0,0.0,0.0,0.0,0.0,0.0,0.0,0.0,0.0,-1.4862819604727018,-1.4862819604727018
flat,single,0,off,0,628,-1.1287697484297712,194.0,0.7839833498001099,0.7516590356826782,1,-1.1287697484297712,-1.1287697484297712,1,0,off,0,0,0.0,0.0,0.0,0.0,0.0,0.0,0.0,0.0,0.0,0.0,0.0,-1.1287697484297712,-1.1287697484297712
flat,single,0,off,0,629,-1.5727333752834272,209.0,0.8116908073425293,0.7510542869567871,1,-1.5727333752834272,-1.5727333752834272,1,0,off,0,0,0.0,0.0,0.0,0.0,0.0,0.0,0.0,0.0,0.0,0.0,0.0,-1.5727333752834272,-1.5727333752834272
flat,single,0,off,0,630,-0.9216187898465465,214.0,0.7920794486999512,0.7566606998443604,1,-0.9216187898465465,-0.9216187898465465,1,0,off,0,0,0.0,0.0,0.0,0.0,0.0,0.0,0.0,0.0,0.0,0.0,0.0,-0.9216187898465465,-0.9216187898465465
flat,single,0,off,0,631,-3.0241295398049877,271.0,0.8170994520187378,0.7589924931526184,1,-3.0241295398049877,-3.0241295398049877,1,0,off,0,0,0.0,0.0,0.0,0.0,0.0,0.0,0.0,0.0,0.0,0.0,0.0,-3.0241295398049877,-3.0241295398049877
flat,single,0,off,0,632,-1.2712888294376945,226.0,0.8102365732192993,0.7569794654846191,1,-1.2712888294376945,-1.2712888294376945,1,0,off,0,0,0.0,0.0,0.0,0.0,0.0,0.0,0.0,0.0,0.0,0.0,0.0,-1.2712888294376945,-1.2712888294376945
flat,single,0,off,0,633,-2.3831784306128903,263.0,0.8186735510826111,0.7503847479820251,1,-2.3831784306128903,-2.3831784306128903,1,0,off,0,0,0.0,0.0,0.0,0.0,0.0,0.0,0.0,0.0,0.0,0.0,0.0,-2.3831784306128903,-2.3831784306128903
flat,single,0,off,0,634,-2.1251482207083585,254.0,0.8015570044517517,0.7505737543106079,1,-2.1251482207083585,-2.1251482207083585,1,0,off,0,0,0.0,0.0,0.0,0.0,0.0,0.0,0.0,0.0,0.0,0.0,0.0,-2.1251482207083585,-2.1251482207083585
flat,single,0,off,0,635,-0.7276454061665616,194.0,0.7792274355888367,0.7554194331169128,1,-0.7276454061665616,-0.7276454061665616,1,0,off,0,0,0.0,0.0,0.0,0.0,0.0,0.0,0.0,0.0,0.0,0.0,0.0,-0.7276454061665616,-0.7276454061665616
flat,single,0,off,0,636,-1.011886581757576,217.0,0.7944393754005432,0.7542409300804138,1,-1.011886581757576,-1.011886581757576,1,0,off,0,0,0.0,0.0,0.0,0.0,0.0,0.0,0.0,0.0,0.0,0.0,0.0,-1.011886581757576,-1.011886581757576
flat,single,0,off,0,637,-2.0661102053814147,239.0,0.8062415719032288,0.7558813095092773,1,-2.0661102053814147,-2.0661102053814147,1,0,off,0,0,0.0,0.0,0.0,0.0,0.0,0.0,0.0,0.0,0.0,0.0,0.0,-2.0661102053814147,-2.0661102053814147
flat,single,0,off,0,638,-0.7751522395690015,209.0,0.7892036437988281,0.7503847479820251,1,-0.7751522395690015,-0.7751522395690015,1,0,off,0,0,0.0,0.0,0.0,0.0,0.0,0.0,0.0,0.0,0.0,0.0,0.0,-0.7751522395690015,-0.7751522395690015
flat,single,0,off,0,639,-1.1257136146433218,221.0,0.8219365477561951,0.7576594352722168,1,-1.1257136146433218,-1.1257136146433218,1,0,off,0,0,0.0,0.0,0.0,0.0,0.0,0.0,0.0,0.0,0.0,0.0,0.0,-1.1257136146433218,-1.1257136146433218
flat,single,0,off,0,640,-1.9567110860825097,249.0,0.841732919216156,0.7542409896850586,1,-1.9567110860825097,-1.9567110860825097,1,0,off,0,0,0.0,0.0,0.0,0.0,0.0,0.0,0.0,0.0,0.0,0.0,0.0,-1.9567110860825097,-1.9567110860825097
flat,single,0,off,0,641,-2.080427203610311,253.0,0.8253388404846191,0.7580375671386719,1,-2.080427203610311,-2.080427203610311,1,0,off,0,0,0.0,0.0,0.0,0.0,0.0,0.0,0.0,0.0,0.0,0.0,0.0,-2.080427203610311,-2.080427203610311
flat,single,0,off,0,642,-3.0218427833646855,271.0,0.8176975846290588,0.7524362802505493,1,-3.0218427833646855,-3.0218427833646855,1,0,off,0,0,0.0,0.0,0.0,0.0,0.0,0.0,0.0,0.0,0.0,0.0,0.0,-3.0218427833646855,-3.0218427833646855
flat,single,0,off,0,643,-1.3694322405138566,229.0,0.8140401244163513,0.7509564161300659,1,-1.3694322405138566,-1.3694322405138566,1,0,off,0,0,0.0,0.0,0.0,0.0,0.0,0.0,0.0,0.0,0.0,0.0,0.0,-1.3694322405138566,-1.3694322405138566
flat,single,0,off,0,644,-1.8979606558417488,247.0,0.8366724848747253,0.7600845098495483,1,-1.8979606558417488,-1.8979606558417488,1,0,off,0,0,0.0,0.0,0.0,0.0,0.0,0.0,0.0,0.0,0.0,0.0,0.0,-1.8979606558417488,-1.8979606558417488
flat,single,0,off,0,645,-1.412351078658835,217.0,0.802708089351654,0.7518284320831299,1,-1.412351078658835,-1.412351078658835,1,0,off,0,0,0.0,0.0,0.0,0.0,0.0,0.0,0.0,0.0,0.0,0.0,0.0,-1.412351078658835,-1.412351078658835
flat,single,0,off,0,646,-0.8756173991353757,199.0,0.7985623478889465,0.7566606998443604,1,-0.8756173991353757,-0.8756173991353757,1,0,off,0,0,0.0,0.0,0.0,0.0,0.0,0.0,0.0,0.0,0.0,0.0,0.0,-0.8756173991353757,-0.8756173991353757
flat,single,0,off,0,647,-0.5924005499319204,203.0,0.7899994850158691,0.7566606998443604,1,-0.5924005499319204,-0.5924005499319204,1,0,off,0,0,0.0,0.0,0.0,0.0,0.0,0.0,0.0,0.0,0.0,0.0,0.0,-0.5924005499319204,-0.5924005499319204
flat,single,0,off,0,648,-1.1508597737550779,222.0,0.8259705305099487,0.762611448764801,1,-1.1508597737550779,-1.1508597737550779,1,0,off,0,0,0.0,0.0,0.0,0.0,0.0,0.0,0.0,0.0,0.0,0.0,0.0,-1.1508597737550779,-1.1508597737550779
flat,single,0,off,0,649,-1.1253174191643527,221.0,0.8061142563819885,0.7591498494148254,1,-1.1253174191643527,-1.1253174191643527,1,0,off,0,0,0.0,0.0,0.0,0.0,0.0,0.0,0.0,0.0,0.0,0.0,0.0,-1.1253174191643527,-1.1253174191643527
flat,single,0,off,0,650,-1.1595157201169102,195.0,0.7809318900108337,0.7530031204223633,1,-1.1595157201169102,-1.1595157201169102,1,0,off,0,0,0.0,0.0,0.0,0.0,0.0,0.0,0.0,0.0,0.0,0.0,0.0,-1.1595157201169102,-1.1595157201169102
flat,single,0,off,0,651,-1.4207649284170523,231.0,0.8338848352432251,0.7576594352722168,1,-1.4207649284170523,-1.4207649284170523,1,0,off,0,0,0.0,0.0,0.0,0.0,0.0,0.0,0.0,0.0,0.0,0.0,0.0,-1.4207649284170523,-1.4207649284170523
flat,single,0,off,0,652,-1.1587925496418074,222.0,0.8063892126083374,0.75126051902771,1,-1.1587925496418074,-1.1587925496418074,1,0,off,0,0,0.0,0.0,0.0,0.0,0.0,0.0,0.0,0.0,0.0,0.0,0.0,-1.1587925496418074,-1.1587925496418074
flat,single,0,off,0,653,-1.4017256370419666,217.0,0.8204301595687866,0.7589924931526184,1,-1.4017256370419666,-1.4017256370419666,1,0,off,0,0,0.0,0.0,0.0,0.0,0.0,0.0,0.0,0.0,0.0,0.0,0.0,-1.4017256370419666,-1.4017256370419666
flat,single,0,off,0,654,-1.8196152096218476,231.0,0.8298152089118958,0.7566167712211609,1,-1.8196152096218476,-1.8196152096218476,1,0,off,0,0,0.0,0.0,0.0,0.0,0.0,0.0,0.0,0.0,0.0,0.0,0.0,-1.8196152096218476,-1.8196152096218476
flat,single,0,off,0,655,-1.92351535450202,248.0,0.8347931504249573,0.7566606998443604,1,-1.92351535450202,-1.92351535450202,1,0,off,0,0,0.0,0.0,0.0,0.0,0.0,0.0,0.0,0.0,0.0,0.0,0.0,-1.92351535450202,-1.92351535450202
flat,single,0,off,0,656,-1.2078343501547397,210.0,0.7880483269691467,0.7518284320831299,1,-1.2078343501547397,-1.2078343501547397,1,0,off,0,0,0.0,0.0,0.0,0.0,0.0,0.0,0.0,0.0,0.0,0.0,0.0,-1.2078343501547397,-1.2078343501547397
flat,single,0,off,0,657,-0.9738034129620112,216.0,0.8039664626121521,0.7634444832801819,1,-0.9738034129620112,-0.9738034129620112,1,0,off,0,0,0.0,0.0,0.0,0.0,0.0,0.0,0.0,0.0,0.0,0.0,0.0,-0.9738034129620112,-0.9738034129620112
flat,single,0,off,0,658,-1.2779621288541285,226.0,0.8052895665168762,0.7566606998443604,1,-1.2779621288541285,-1.2779621288541285,1,0,off,0,0,0.0,0.0,0.0,0.0,0.0,0.0,0.0,0.0,0.0,0.0,0.0,-1.2779621288541285,-1.2779621288541285
flat,single,0,off,0,659,-1.4648907286336224,219.0,0.8257523775100708,0.7548405528068542,1,-1.4648907286336224,-1.4648907286336224,1,0,off,0,0,0.0,0.0,0.0,0.0,0.0,0.0,0.0,0.0,0.0,0.0,0.0,-1.4648907286336224,-1.4648907286336224
flat,single,0,off,0,660,-1.418440062315208,231.0,0.8233106732368469,0.7634443640708923,1,-1.418440062315208,-1.418440062315208,1,0,off,0,0,0.0,0.0,0.0,0.0,0.0,0.0,0.0,0.0,0.0,0.0,0.0,-1.418440062315208,-1.418440062315208
flat,single,0,off,0,661,-1.0958474990155131,220.0,0.8107917904853821,0.7512605786323547,1,-1.0958474990155131,-1.0958474990155131,1,0,off,0,0,0.0,0.0,0.0,0.0,0.0,0.0,0.0,0.0,0.0,0.0,0.0,-1.0958474990155131,-1.0958474990155131
flat,single,0,off,0,662,-1.7770135148696191,243.0,0.8334048986434937,0.7521333694458008,1,-1.7770135148696191,-1.7770135148696191,1,0,off,0,0,0.0,0.0,0.0,0.0,0.0,0.0,0.0,0.0,0.0,0.0,0.0,-1.7770135148696191,-1.7770135148696191
flat,single,0,off,0,663,-1.5045088179165078,234.0,0.8340206742286682,0.7526192665100098,1,-1.5045088179165078,-1.5045088179165078,1,0,off,0,0,0.0,0.0,0.0,0.0,0.0,0.0,0.0,0.0,0.0,0.0,0.0,-1.5045088179165078,-1.5045088179165078
flat,single,0,off,0,664,-0.26806190313888106,192.0,0.7948547601699829,0.7551032304763794,1,-0.26806190313888106,-0.26806190313888106,1,0,off,0,0,0.0,0.0,0.0,0.0,0.0,0.0,0.0,0.0,0.0,0.0,0.0,-0.26806190313888106,-0.26806190313888106
flat,single,0,off,0,665,-0.8902157132723413,213.0,0.8102062940597534,0.7566606998443604,1,-0.8902157132723413,-0.8902157132723413,1,0,off,0,0,0.0,0.0,0.0,0.0,0.0,0.0,0.0,0.0,0.0,0.0,0.0,-0.8902157132723413,-0.8902157132723413
flat,single,0,off,0,666,-2.6570797821762873,272.0,0.8103775382041931,0.7519066333770752,1,-2.6570797821762873,-2.6570797821762873,1,0,off,0,0,0.0,0.0,0.0,0.0,0.0,0.0,0.0,0.0,0.0,0.0,0.0,-2.6570797821762873,-2.6570797821762873
flat,single,0,off,0,667,-1.5804937476560057,223.0,0.8082609176635742,0.7548405528068542,1,-1.5804937476560057,-1.5804937476560057,1,0,off,0,0,0.0,0.0,0.0,0.0,0.0,0.0,0.0,0.0,0.0,0.0,0.0,-1.5804937476560057,-1.5804937476560057
flat,single,0,off,0,668,-1.920824799527184,248.0,0.8164385557174683,0.7538873553276062,1,-1.920824799527184,-1.920824799527184,1,0,off,0,0,0.0,0.0,0.0,0.0,0.0,0.0,0.0,0.0,0.0,0.0,0.0,-1.920824799527184,-1.920824799527184
flat,single,0,off,0,669,-1.094706463377229,220.0,0.8157746195793152,0.7566606998443604,1,-1.094706463377229,-1.094706463377229,1,0,off,0,0,0.0,0.0,0.0,0.0,0.0,0.0,0.0,0.0,0.0,0.0,0.0,-1.094706463377229,-1.094706463377229
flat,single,0,off,0,670,-0.9965634333179366,203.0,0.7878252267837524,0.7500594854354858,1,-0.9965634333179366,-0.9965634333179366,1,0,off,0,0,0.0,0.0,0.0,0.0,0.0,0.0,0.0,0.0,0.0,0.0,0.0,-0.9965634333179366,-0.9965634333179366
flat,single,0,off,0,671,-1.3913503990566871,230.0,0.8288230895996094,0.7547546625137329,1,-1.3913503990566871,-1.3913503990566871,1,0,off,0,0,0.0,0.0,0.0,0.0,0.0,0.0,0.0,0.0,0.0,0.0,0.0,-1.3913503990566871,-1.3913503990566871
flat,single,0,off,0,672,-1.4416043238167233,218.0,0.8094082474708557,0.7548405528068542,1,-1.4416043238167233,-1.4416043238167233,1,0,off,0,0,0.0,0.0,0.0,0.0,0.0,0.0,0.0,0.0,0.0,0.0,0.0,-1.4416043238167233,-1.4416043238167233
flat,single,0,off,0,673,-2.907332337616826,281.0,0.8663238883018494,0.7576594352722168,1,-2.907332337616826,-2.907332337616826,1,0,off,0,0,0.0,0.0,0.0,0.0,0.0,0.0,0.0,0.0,0.0,0.0,0.0,-2.907332337616826,-2.907332337616826
flat,single,0,off,0,674,-2.1618877702520733,256.0,0.8422626256942749,0.7615251541137695,1,-2.1618877702520733,-2.1618877702520733,1,0,off,0,0,0.0,0.0,0.0,0.0,0.0,0.0,0.0,0.0,0.0,0.0,0.0,-2.1618877702520733,-2.1618877702520733
flat,single,0,off,0,675,-1.4835641985386665,233.0,0.8271929621696472,0.7576594352722168,1,-1.4835641985386665,-1.4835641985386665,1,0,off,0,0,0.0,0.0,0.0,0.0,0.0,0.0,0.0,0.0,0.0,0.0,0.0,-1.4835641985386665,-1.4835641985386665
flat,single,0,off,0,676,-1.900003155416348,247.0,0.8309195637702942,0.7538394331932068,1,-1.900003155416348,-1.900003155416348,1,0,off,0,0,0.0,0.0,0.0,0.0,0.0,0.0,0.0,0.0,0.0,0.0,0.0,-1.900003155416348,-1.900003155416348
flat,single,0,off,0,677,-1.009080678320028,217.0,0.8103324770927429,0.7503847479820251,1,-1.009080678320028,-1.009080678320028,1,0,off,0,0,0.0,0.0,0.0,0.0,0.0,0.0,0.0,0.0,0.0,0.0,0.0,-1.009080678320028,-1.009080678320028
flat,single,0,off,0,678,-3.0425089685641993,289.0,0.8229047656059265,0.7597374320030212,1,-3.0425089685641993,-3.0425089685641993,1,0,off,0,0,0.0,0.0,0.0,0.0,0.0,0.0,0.0,0.0,0.0,0.0,0.0,-3.0425089685641993,-3.0425089685641993
flat,single,0,off,0,679,-1.8373740377253882,245.0,0.8331173658370972,0.7576594352722168,1,-1.8373740377253882,-1.8373740377253882,1,0,off,0,0,0.0,0.0,0.0,0.0,0.0,0.0,0.0,0.0,0.0,0.0,0.0,-1.8373740377253882,-1.8373740377253882
flat,single,0,off,0,680,-1.0353097720455884,218.0,0.8096518516540527,0.7520537376403809,1,-1.0353097720455884,-1.0353097720455884,1,0,off,0,0,0.0,0.0,0.0,0.0,0.0,0.0,0.0,0.0,0.0,0.0,0.0,-1.0353097720455884,-1.0353097720455884
flat,single,0,off,0,681,-1.2201827493135398,224.0,0.8087854385375977,0.7568407654762268,1,-1.2201827493135398,-1.2201827493135398,1,0,off,0,0,0.0,0.0,0.0,0.0,0.0,0.0,0.0,0.0,0.0,0.0,0.0,-1.2201827493135398,-1.2201827493135398
flat,single,0,off,0,682,-1.0500937847537024,205.0,0.7974839806556702,0.7583838105201721,1,-1.0500937847537024,-1.0500937847537024,1,0,off,0,0,0.0,0.0,0.0,0.0,0.0,0.0,0.0,0.0,0.0,0.0,0.0,-1.0500937847537024,-1.0500937847537024
flat,single,0,off,0,683,-2.818098193026377,278.0,0.838174045085907,0.7626131176948547,1,-2.818098193026377,-2.818098193026377,1,0,off,0,0,0.0,0.0,0.0,0.0,0.0,0.0,0.0,0.0,0.0,0.0,0.0,-2.818098193026377,-2.818098193026377
flat,single,0,off,0,684,-1.4320732331206147,231.0,0.8002329468727112,0.7551032304763794,1,-1.4320732331206147,-1.4320732331206147,1,0,off,0,0,0.0,0.0,0.0,0.0,0.0,0.0,0.0,0.0,0.0,0.0,0.0,-1.4320732331206147,-1.4320732331206147
flat,single,0,off,0,685,-1.1228253085992812,221.0,0.8114114999771118,0.7634443640708923,1,-1.1228253085992812,-1.1228253085992812,1,0,off,0,0,0.0,0.0,0.0,0.0,0.0,0.0,0.0,0.0,0.0,0.0,0.0,-1.1228253085992812,-1.1228253085992812
flat,single,0,off,0,686,-1.111009688613708,207.0,0.8012666702270508,0.7510542869567871,1,-1.111009688613708,-1.111009688613708,1,0,off,0,0,0.0,0.0,0.0,0.0,0.0,0.0,0.0,0.0,0.0,0.0,0.0,-1.111009688613708,-1.111009688613708
flat,single,0,off,0,687,-1.9185162152035673,234.0,0.8190983533859253,0.7542409300804138,1,-1.9185162152035673,-1.9185162152035673,1,0,off,0,0,0.0,0.0,0.0,0.0,0.0,0.0,0.0,0.0,0.0,0.0,0.0,-1.9185162152035673,-1.9185162152035673
flat,single,0,off,0,688,-0.708374215140943,207.0,0.795489490032196,0.7566606998443604,1,-0.708374215140943,-0.708374215140943,1,0,off,0,0,0.0,0.0,0.0,0.0,0.0,0.0,0.0,0.0,0.0,0.0,0.0,-0.708374215140943,-0.708374215140943
flat,single,0,off,0,689,-0.8603505165979765,212.0,0.7984376549720764,0.7510159015655518,1,-0.8603505165979765,-0.8603505165979765,1,0,off,0,0,0.0,0.0,0.0,0.0,0.0,0.0,0.0,0.0,0.0,0.0,0.0,-0.8603505165979765,-0.8603505165979765
flat,single,0,off,0,690,-1.510510907274443,234.0,0.8244681358337402,0.7521333694458008,1,-1.510510907274443,-1.510510907274443,1,0,off,0,0,0.0,0.0,0.0,0.0,0.0,0.0,0.0,0.0,0.0,0.0,0.0,-1.510510907274443,-1.510510907274443
flat,single,0,off,0,691,-1.5726115785667252,236.0,0.8202279210090637,0.7566606998443604,1,-1.5726115785667252,-1.5726115785667252,1,0,off,0,0,0.0,0.0,0.0,0.0,0.0,0.0,0.0,0.0,0.0,0.0,0.0,-1.5726115785667252,-1.5726115785667252
flat,single,0,off,0,692,-0.9995471695123734,203.0,0.7932700514793396,0.752133309841156,1,-0.9995471695123734,-0.9995471695123734,1,0,off,0,0,0.0,0.0,0.0,0.0,0.0,0.0,0.0,0.0,0.0,0.0,0.0,-0.9995471695123734,-0.9995471695123734
flat,single,0,off,0,693,-3.5406388213834497,288.0,0.801609218120575,0.7557886838912964,1,-3.5406388213834497,-3.5406388213834497,1,0,off,0,0,0.0,0.0,0.0,0.0,0.0,0.0,0.0,0.0,0.0,0.0,0.0,-3.5406388213834497,-3.5406388213834497
flat,single,0,off,0,694,-1.4151555225101813,217.0,0.8004783391952515,0.7562862038612366,1,-1.4151555225101813,-1.4151555225101813,1,0,off,0,0,0.0,0.0,0.0,0.0,0.0,0.0,0.0,0.0,0.0,0.0,0.0,-1.4151555225101813,-1.4151555225101813
flat,single,0,off,0,695,-1.740552098342455,228.0,0.8019064664840698,0.7617754936218262,1,-1.740552098342455,-1.740552098342455,1,0,off,0,0,0.0,0.0,0.0,0.0,0.0,0.0,0.0,0.0,0.0,0.0,0.0,-1.740552098342455,-1.740552098342455
flat,single,0,off,0,696,-2.0520580249629035,252.0,0.8223448991775513,0.75126051902771,1,-2.0520580249629035,-2.0520580249629035,1,0,off,0,0,0.0,0.0,0.0,0.0,0.0,0.0,0.0,0.0,0.0,0.0,0.0,-2.0520580249629035,-2.0520580249629035
flat,single,0,off,0,697,-1.4904856116988274,206.0,0.7927013039588928,0.7503847479820251,1,-1.4904856116988274,-1.4904856116988274,1,0,off,0,0,0.0,0.0,0.0,0.0,0.0,0.0,0.0,0.0,0.0,0.0,0.0,-1.4904856116988274,-1.4904856116988274
flat,single,0,off,0,698,-0.9267113863071464,214.0,0.7970485091209412,0.752133309841156,1,-0.9267113863071464,-0.9267113863071464,1,0,off,0,0,0.0,0.0,0.0,0.0,0.0,0.0,0.0,0.0,0.0,0.0,0.0,-0.9267113863071464,-0.9267113863071464
flat,single,0,off,0,699,-2.8454700413776814,278.0,0.788142204284668,0.7514318227767944,1,-2.8454700413776814,-2.8454700413776814,1,0,off,0,0,0.0,0.0,0.0,0.0,0.0,0.0,0.0,0.0,0.0,0.0,0.0,-2.8454700413776814,-2.8454700413776814
flat,single,0,off,0,700,-1.27259417628055,226.0,0.8077078461647034,0.7590553164482117,1,-1.27259417628055,-1.27259417628055,1,0,off,0,0,0.0,0.0,0.0,0.0,0.0,0.0,0.0,0.0,0.0,0.0,0.0,-1.27259417628055,-1.27259417628055
flat,single,0,off,0,701,-2.3220309843320868,261.0,0.8274601101875305,0.7571073174476624,1,-2.3220309843320868,-2.3220309843320868,1,0,off,0,0,0.0,0.0,0.0,0.0,0.0,0.0,0.0,0.0,0.0,0.0,0.0,-2.3220309843320868,-2.3220309843320868
flat,single,0,off,0,702,-1.6243113377352763,224.0,0.8065094351768494,0.75126051902771,1,-1.6243113377352763,-1.6243113377352763,1,0,off,0,0,0.0,0.0,0.0,0.0,0.0,0.0,0.0,0.0,0.0,0.0,0.0,-1.6243113377352763,-1.6243113377352763
flat,single,0,off,0,703,-1.5303104412055157,221.0,0.8086097836494446,0.7533404231071472,1,-1.5303104412055157,-1.5303104412055157,1,0,off,0,0,0.0,0.0,0.0,0.0,0.0,0.0,0.0,0.0,0.0,0.0,0.0,-1.5303104412055157,-1.5303104412055157
flat,single,0,off,0,704,-1.4796623158012563,233.0,0.7917411923408508,0.7515051960945129,1,-1.4796623158012563,-1.4796623158012563,1,0,off,0,0,0.0,0.0,0.0,0.0,0.0,0.0,0.0,0.0,0.0,0.0,0.0,-1.4796623158012563,-1.4796623158012563
flat,single,0,off,0,705,-1.1314701207866935,221.0,0.8077097535133362,0.7510159015655518,1,-1.1314701207866935,-1.1314701207866935,1,0,off,0,0,0.0,0.0,0.0,0.0,0.0,0.0,0.0,0.0,0.0,0.0,0.0,-1.1314701207866935,-1.1314701207866935
flat,single,0,off,0,706,-3.0366313222329966,285.0,0.8362983465194702,0.7522753477096558,1,-3.0366313222329966,-3.0366313222329966,1,0,off,0,0,0.0,0.0,0.0,0.0,0.0,0.0,0.0,0.0,0.0,0.0,0.0,-3.0366313222329966,-3.0366313222329966
flat,single,0,off,0,707,-1.9170024591300199,248.0,0.833069920539856,0.7509564161300659,1,-1.9170024591300199,-1.9170024591300199,1,0,off,0,0,0.0,0.0,0.0,0.0,0.0,0.0,0.0,0.0,0.0,0.0,0.0,-1.9170024591300199,-1.9170024591300199
flat,single,0,off,0,708,-1.0679599353857383,219.0,0.8019936680793762,0.7566606998443604,1,-1.0679599353857383,-1.0679599353857383,1,0,off,0,0,0.0,0.0,0.0,0.0,0.0,0.0,0.0,0.0,0.0,0.0,0.0,-1.0679599353857383,-1.0679599353857383
flat,single,0,off,0,709,-1.3300735905568626,228.0,0.819891095161438,0.7566606998443604,1,-1.3300735905568626,-1.3300735905568626,1,0,off,0,0,0.0,0.0,0.0,0.0,0.0,0.0,0.0,0.0,0.0,0.0,0.0,-1.3300735905568626,-1.3300735905568626
flat,single,0,off,0,710,-2.135382743080845,255.0,0.8154655694961548,0.7551032304763794,1,-2.135382743080845,-2.135382743080845,1,0,off,0,0,0.0,0.0,0.0,0.0,0.0,0.0,0.0,0.0,0.0,0.0,0.0,-2.135382743080845,-2.135382743080845
flat,single,0,off,0,711,-0.8301670365629289,211.0,0.8108893036842346,0.7576594352722168,1,-0.8301670365629289,-0.8301670365629289,1,0,off,0,0,0.0,0.0,0.0,0.0,0.0,0.0,0.0,0.0,0.0,0.0,0.0,-0.8301670365629289,-0.8301670365629289
flat,single,0,off,0,712,-1.7460867518757053,242.0,0.8316715359687805,0.7552640438079834,1,-1.7460867518757053,-1.7460867518757053,1,0,off,0,0,0.0,0.0,0.0,0.0,0.0,0.0,0.0,0.0,0.0,0.0,0.0,-1.7460867518757053,-1.7460867518757053
flat,single,0,off,0,713,-1.7902485104673582,244.0,0.7986769080162048,0.7559625506401062,1,-1.7902485104673582,-1.7902485104673582,1,0,off,0,0,0.0,0.0,0.0,0.0,0.0,0.0,0.0,0.0,0.0,0.0,0.0,-1.7902485104673582,-1.7902485104673582
flat,single,0,off,0,714,-1.6181835350801752,224.0,0.8196035623550415,0.7534873485565186,1,-1.6181835350801752,-1.6181835350801752,1,0,off,0,0,0.0,0.0,0.0,0.0,0.0,0.0,0.0,0.0,0.0,0.0,0.0,-1.6181835350801752,-1.6181835350801752
flat,single,0,off,0,715,-2.279444198415152,260.0,0.8560275435447693,0.7588865756988525,1,-2.279444198415152,-2.279444198415152,1,0,off,0,0,0.0,0.0,0.0,0.0,0.0,0.0,0.0,0.0,0.0,0.0,0.0,-2.279444198415152,-2.279444198415152
flat,single,0,off,0,716,-1.8585554793081298,246.0,0.8391953110694885,0.7617754936218262,1,-1.8585554793081298,-1.8585554793081298,1,0,off,0,0,0.0,0.0,0.0,0.0,0.0,0.0,0.0,0.0,0.0,0.0,0.0,-1.8585554793081298,-1.8585554793081298
flat,single,0,off,0,717,-1.6809895771497445,240.0,0.8222710490226746,0.7576594352722168,1,-1.6809895771497445,-1.6809895771497445,1,0,off,0,0,0.0,0.0,0.0,0.0,0.0,0.0,0.0,0.0,0.0,0.0,0.0,-1.6809895771497445,-1.6809895771497445
flat,single,0,off,0,718,-2.6729911382007425,274.0,0.8453711271286011,0.7597325444221497,1,-2.6729911382007425,-2.6729911382007425,1,0,off,0,0,0.0,0.0,0.0,0.0,0.0,0.0,0.0,0.0,0.0,0.0,0.0,-2.6729911382007425,-2.6729911382007425
flat,single,0,off,0,719,-2.0707632925105326,253.0,0.8389663100242615,0.762611448764801,1,-2.0707632925105326,-2.0707632925105326,1,0,off,0,0,0.0,0.0,0.0,0.0,0.0,0.0,0.0,0.0,0.0,0.0,0.0,-2.0707632925105326,-2.0707632925105326
flat,single,0,off,0,720,-1.2257361048995565,224.0,0.7877163887023926,0.7530031204223633,1,-1.2257361048995565,-1.2257361048995565,1,0,off,0,0,0.0,0.0,0.0,0.0,0.0,0.0,0.0,0.0,0.0,0.0,0.0,-1.2257361048995565,-1.2257361048995565
flat,single,0,off,0,721,-0.673694416352086,206.0,0.8075629472732544,0.7643402814865112,1,-0.673694416352086,-0.673694416352086,1,0,off,0,0,0.0,0.0,0.0,0.0,0.0,0.0,0.0,0.0,0.0,0.0,0.0,-0.673694416352086,-0.673694416352086
flat,single,0,off,0,722,-1.9888430413929792,237.0,0.800500214099884,0.7503899335861206,1,-1.9888430413929792,-1.9888430413929792,1,0,off,0,0,0.0,0.0,0.0,0.0,0.0,0.0,0.0,0.0,0.0,0.0,0.0,-1.9888430413929792,-1.9888430413929792
flat,single,0,off,0,723,-3.354284001265183,296.0,0.8631891012191772,0.7584949731826782,1,-3.354284001265183,-3.354284001265183,1,0,off,0,0,0.0,0.0,0.0,0.0,0.0,0.0,0.0,0.0,0.0,0.0,0.0,-3.354284001265183,-3.354284001265183
flat,single,0,off,0,724,-2.2043278117454634,257.0,0.8123689293861389,0.7547496557235718,1,-2.2043278117454634,-2.2043278117454634,1,0,off,0,0,0.0,0.0,0.0,0.0,0.0,0.0,0.0,0.0,0.0,0.0,0.0,-2.2043278117454634,-2.2043278117454634
flat,single,0,off,0,725,-1.1537824289838359,222.0,0.818335235118866,0.7634444236755371,1,-1.1537824289838359,-1.1537824289838359,1,0,off,0,0,0.0,0.0,0.0,0.0,0.0,0.0,0.0,0.0,0.0,0.0,0.0,-1.1537824289838359,-1.1537824289838359
flat,single,0,off,0,726,-1.1024797210528101,220.0,0.8100312948226929,0.752133309841156,1,-1.1024797210528101,-1.1024797210528101,1,0,off,0,0,0.0,0.0,0.0,0.0,0.0,0.0,0.0,0.0,0.0,0.0,0.0,-1.1024797210528101,-1.1024797210528101
flat,single,0,off,0,727,-0.7346723936765964,208.0,0.8064959645271301,0.7566606998443604,1,-0.7346723936765964,-0.7346723936765964,1,0,off,0,0,0.0,0.0,0.0,0.0,0.0,0.0,0.0,0.0,0.0,0.0,0.0,-0.7346723936765964,-0.7346723936765964
flat,single,0,off,0,728,-1.0717655038274865,219.0,0.7995821833610535,0.7576594352722168,1,-1.0717655038274865,-1.0717655038274865,1,0,off,0,0,0.0,0.0,0.0,0.0,0.0,0.0,0.0,0.0,0.0,0.0,0.0,-1.0717655038274865,-1.0717655038274865
flat,single,0,off,0,729,-1.1607640476280405,222.0,0.8086222410202026,0.7544940114021301,1,-1.1607640476280405,-1.1607640476280405,1,0,off,0,0,0.0,0.0,0.0,0.0,0.0,0.0,0.0,0.0,0.0,0.0,0.0,-1.1607640476280405,-1.1607640476280405
flat,single,0,off,0,730,-1.9778218758758213,250.0,0.8457369208335876,0.7617754936218262,1,-1.9778218758758213,-1.9778218758758213,1,0,off,0,0,0.0,0.0,0.0,0.0,0.0,0.0,0.0,0.0,0.0,0.0,0.0,-1.9778218758758213,-1.9778218758758213
flat,single,0,off,0,731,-2.5420257109985687,241.0,0.7835776209831238,0.7542409300804138,1,-2.5420257109985687,-2.5420257109985687,1,0,off,0,0,0.0,0.0,0.0,0.0,0.0,0.0,0.0,0.0,0.0,0.0,0.0,-2.5420257109985687,-2.5420257109985687
flat,single,0,off,0,732,-0.9133486318693064,200.0,0.7824886441230774,0.7530031204223633,1,-0.9133486318693064,-0.9133486318693064,1,0,off,0,0,0.0,0.0,0.0,0.0,0.0,0.0,0.0,0.0,0.0,0.0,0.0,-0.9133486318693064,-0.9133486318693064
flat,single,0,off,0,733,-1.3561777638609107,229.0,0.8258735537528992,0.7566606998443604,1,-1.3561777638609107,-1.3561777638609107,1,0,off,0,0,0.0,0.0,0.0,0.0,0.0,0.0,0.0,0.0,0.0,0.0,0.0,-1.3561777638609107,-1.3561777638609107
flat,single,0,off,0,734,-2.7625415066035877,276.0,0.8456794023513794,0.7580375671386719,1,-2.7625415066035877,-2.7625415066035877,1,0,off,0,0,0.0,0.0,0.0,0.0,0.0,0.0,0.0,0.0,0.0,0.0,0.0,-2.7625415066035877,-2.7625415066035877
flat,single,0,off,0,735,-1.4801331852772306,233.0,0.8290520310401917,0.7503847479820251,1,-1.4801331852772306,-1.4801331852772306,1,0,off,0,0,0.0,0.0,0.0,0.0,0.0,0.0,0.0,0.0,0.0,0.0,0.0,-1.4801331852772306,-1.4801331852772306
flat,single,0,off,0,736,-0.5054011220228897,200.0,0.7931088209152222,0.7547546625137329,1,-0.5054011220228897,-0.5054011220228897,1,0,off,0,0,0.0,0.0,0.0,0.0,0.0,0.0,0.0,0.0,0.0,0.0,0.0,-0.5054011220228897,-0.5054011220228897
flat,single,0,off,0,737,-0.585801274158297,203.0,0.8044600486755371,0.7597740292549133,1,-0.585801274158297,-0.585801274158297,1,0,off,0,0,0.0,0.0,0.0,0.0,0.0,0.0,0.0,0.0,0.0,0.0,0.0,-0.585801274158297,-0.585801274158297
flat,single,0,off,0,738,-1.1085985653649597,207.0,0.8067922592163086,0.7504401803016663,1,-1.1085985653649597,-1.1085985653649597,1,0,off,0,0,0.0,0.0,0.0,0.0,0.0,0.0,0.0,0.0,0.0,0.0,0.0,-1.1085985653649597,-1.1085985653649597
flat,single,0,off,0,739,-2.1920676751039028,243.0,0.8096088171005249,0.7548405528068542,1,-2.1920676751039028,-2.1920676751039028,1,0,off,0,0,0.0,0.0,0.0,0.0,0.0,0.0,0.0,0.0,0.0,0.0,0.0,-2.1920676751039028,-2.1920676751039028
flat,single,0,off,0,740,-1.438163270878143,231.0,0.7933897376060486,0.7530031204223633,1,-1.438163270878143,-1.438163270878143,1,0,off,0,0,0.0,0.0,0.0,0.0,0.0,0.0,0.0,0.0,0.0,0.0,0.0,-1.438163270878143,-1.438163270878143
flat,single,0,off,0,741,-1.5422968252096365,235.0,0.8251200914382935,0.7566606998443604,1,-1.5422968252096365,-1.5422968252096365,1,0,off,0,0,0.0,0.0,0.0,0.0,0.0,0.0,0.0,0.0,0.0,0.0,0.0,-1.5422968252096365,-1.5422968252096365
flat,single,0,off,0,742,-1.6566016762272968,239.0,0.8268265724182129,0.7617754936218262,1,-1.6566016762272968,-1.6566016762272968,1,0,off,0,0,0.0,0.0,0.0,0.0,0.0,0.0,0.0,0.0,0.0,0.0,0.0,-1.6566016762272968,-1.6566016762272968
flat,single,0,off,0,743,-1.1453469748119867,208.0,0.7949680089950562,0.7537384629249573,1,-1.1453469748119867,-1.1453469748119867,1,0,off,0,0,0.0,0.0,0.0,0.0,0.0,0.0,0.0,0.0,0.0,0.0,0.0,-1.1453469748119867,-1.1453469748119867
flat,single,0,off,0,744,-1.4772680266446019,233.0,0.8196619153022766,0.7634443640708923,1,-1.4772680266446019,-1.4772680266446019,1,0,off,0,0,0.0,0.0,0.0,0.0,0.0,0.0,0.0,0.0,0.0,0.0,0.0,-1.4772680266446019,-1.4772680266446019
flat,single,0,off,0,745,-1.1838494480424597,196.0,0.7924329042434692,0.7527074217796326,1,-1.1838494480424597,-1.1838494480424597,1,0,off,0,0,0.0,0.0,0.0,0.0,0.0,0.0,0.0,0.0,0.0,0.0,0.0,-1.1838494480424597,-1.1838494480424597
flat,single,0,off,0,746,-0.6296271799004209,204.0,0.7889339327812195,0.7566606998443604,1,-0.6296271799004209,-0.6296271799004209,1,0,off,0,0,0.0,0.0,0.0,0.0,0.0,0.0,0.0,0.0,0.0,0.0,0.0,-0.6296271799004209,-0.6296271799004209
flat,single,0,off,0,747,-1.6320396331173879,238.0,0.8257214426994324,0.7559625506401062,1,-1.6320396331173879,-1.6320396331173879,1,0,off,0,0,0.0,0.0,0.0,0.0,0.0,0.0,0.0,0.0,0.0,0.0,0.0,-1.6320396331173879,-1.6320396331173879
flat,single,0,off,0,748,-1.7041392038087406,213.0,0.7815589904785156,0.7504737973213196,1,-1.7041392038087406,-1.7041392038087406,1,0,off,0,0,0.0,0.0,0.0,0.0,0.0,0.0,0.0,0.0,0.0,0.0,0.0,-1.7041392038087406,-1.7041392038087406
flat,single,0,off,0,749,-0.8265956510452133,211.0,0.8103386759757996,0.7519066333770752,1,-0.8265956510452133,-0.8265956510452133,1,0,off,0,0,0.0,0.0,0.0,0.0,0.0,0.0,0.0,0.0,0.0,0.0,0.0,-0.8265956510452133,-0.8265956510452133
flat,single,0,off,0,750,-0.7447225379268673,208.0,0.7971963286399841,0.7566606998443604,1,-0.7447225379268673,-0.7447225379268673,1,0,off,0,0,0.0,0.0,0.0,0.0,0.0,0.0,0.0,0.0,0.0,0.0,0.0,-0.7447225379268673,-0.7447225379268673
flat,single,0,off,0,751,-1.6345397821022254,238.0,0.8307465314865112,0.7509564161300659,1,-1.6345397821022254,-1.6345397821022254,1,0,off,0,0,0.0,0.0,0.0,0.0,0.0,0.0,0.0,0.0,0.0,0.0,0.0,-1.6345397821022254,-1.6345397821022254
flat,single,0,off,0,752,-1.2543689810927074,212.0,0.8105965852737427,0.7562956809997559,1,-1.2543689810927074,-1.2543689810927074,1,0,off,0,0,0.0,0.0,0.0,0.0,0.0,0.0,0.0,0.0,0.0,0.0,0.0,-1.2543689810927074,-1.2543689810927074
flat,single,0,off,0,753,-2.30049384017708,247.0,0.8207084536552429,0.7589924931526184,1,-2.30049384017708,-2.30049384017708,1,0,off,0,0,0.0,0.0,0.0,0.0,0.0,0.0,0.0,0.0,0.0,0.0,0.0,-2.30049384017708,-2.30049384017708
flat,single,0,off,0,754,-0.8379178707557772,211.0,0.7880042791366577,0.752792477607727,1,-0.8379178707557772,-0.8379178707557772,1,0,off,0,0,0.0,0.0,0.0,0.0,0.0,0.0,0.0,0.0,0.0,0.0,0.0,-0.8379178707557772,-0.8379178707557772
flat,single,0,off,0,755,-1.449293940586509,232.0,0.8318964242935181,0.7530031204223633,1,-1.449293940586509,-1.449293940586509,1,0,off,0,0,0.0,0.0,0.0,0.0,0.0,0.0,0.0,0.0,0.0,0.0,0.0,-1.449293940586509,-1.449293940586509
flat,single,0,off,0,756,-1.7529775648517587,242.0,0.8131399750709534,0.7566606998443604,1,-1.7529775648517587,-1.7529775648517587,1,0,off,0,0,0.0,0.0,0.0,0.0,0.0,0.0,0.0,0.0,0.0,0.0,0.0,-1.7529775648517587,-1.7529775648517587
flat,single,0,off,0,757,-1.919186377389128,248.0,0.8434853553771973,0.7595090270042419,1,-1.919186377389128,-1.919186377389128,1,0,off,0,0,0.0,0.0,0.0,0.0,0.0,0.0,0.0,0.0,0.0,0.0,0.0,-1.919186377389128,-1.919186377389128
flat,single,0,off,0,758,-0.6880155376810624,206.0,0.7868203520774841,0.7566606998443604,1,-0.6880155376810624,-0.6880155376810624,1,0,off,0,0,0.0,0.0,0.0,0.0,0.0,0.0,0.0,0.0,0.0,0.0,0.0,-0.6880155376810624,-0.6880155376810624
flat,single,0,off,0,759,-2.3260271576035265,263.0,0.8246846795082092,0.7521100044250488,1,-2.3260271576035265,-2.3260271576035265,1,0,off,0,0,0.0,0.0,0.0,0.0,0.0,0.0,0.0,0.0,0.0,0.0,0.0,-2.3260271576035265,-2.3260271576035265
flat,single,0,off,0,760,-1.2489922648412226,225.0,0.8161500096321106,0.7551032304763794,1,-1.2489922648412226,-1.2489922648412226,1,0,off,0,0,0.0,0.0,0.0,0.0,0.0,0.0,0.0,0.0,0.0,0.0,0.0,-1.2489922648412226,-1.2489922648412226
flat,single,0,off,0,761,-1.715128903866285,241.0,0.8070130944252014,0.7587393522262573,1,-1.715128903866285,-1.715128903866285,1,0,off,0,0,0.0,0.0,0.0,0.0,0.0,0.0,0.0,0.0,0.0,0.0,0.0,-1.715128903866285,-1.715128903866285
flat,single,0,off,0,762,-1.2723984433000481,226.0,0.816925048828125,0.7559626698493958,1,-1.2723984433000481,-1.2723984433000481,1,0,off,0,0,0.0,0.0,0.0,0.0,0.0,0.0,0.0,0.0,0.0,0.0,0.0,-1.2723984433000481,-1.2723984433000481
flat,single,0,off,0,763,-1.5260074637958354,221.0,0.8137475252151489,0.7519763708114624,1,-1.5260074637958354,-1.5260074637958354,1,0,off,0,0,0.0,0.0,0.0,0.0,0.0,0.0,0.0,0.0,0.0,0.0,0.0,-1.5260074637958354,-1.5260074637958354
flat,single,0,off,0,764,-1.453853243318158,232.0,0.8144791722297668,0.7552980780601501,1,-1.453853243318158,-1.453853243318158,1,0,off,0,0,0.0,0.0,0.0,0.0,0.0,0.0,0.0,0.0,0.0,0.0,0.0,-1.453853243318158,-1.453853243318158
flat,single,0,off,0,765,-0.9497643666749398,215.0,0.8001008629798889,0.7559625506401062,1,-0.9497643666749398,-0.9497643666749398,1,0,off,0,0,0.0,0.0,0.0,0.0,0.0,0.0,0.0,0.0,0.0,0.0,0.0,-0.9497643666749398,-0.9497643666749398
flat,single,0,off,0,766,-4.177878472388232,324.0,0.8366128206253052,0.7596099376678467,1,-4.177878472388232,-4.177878472388232,1,0,off,0,0,0.0,0.0,0.0,0.0,0.0,0.0,0.0,0.0,0.0,0.0,0.0,-4.177878472388232,-4.177878472388232
flat,single,0,off,0,767,-1.8275353421352383,231.0,0.8105757832527161,0.7565647959709167,1,-1.8275353421352383,-1.8275353421352383,1,0,off,0,0,0.0,0.0,0.0,0.0,0.0,0.0,0.0,0.0,0.0,0.0,0.0,-1.8275353421352383,-1.8275353421352383
flat,single,0,off,0,768,-2.3755609910911897,263.0,0.8412565588951111,0.7551031708717346,1,-2.3755609910911897,-2.3755609910911897,1,0,off,0,0,0.0,0.0,0.0,0.0,0.0,0.0,0.0,0.0,0.0,0.0,0.0,-2.3755609910911897,-2.3755609910911897
flat,single,0,off,0,769,-3.369876684566244,283.0,0.8086259961128235,0.7528257966041565,1,-3.369876684566244,-3.369876684566244,1,0,off,0,0,0.0,0.0,0.0,0.0,0.0,0.0,0.0,0.0,0.0,0.0,0.0,-3.369876684566244,-3.369876684566244
flat,single,0,off,0,770,-1.5344623370328971,235.0,0.8382530212402344,0.7530031204223633,1,-1.5344623370328971,-1.5344623370328971,1,0,off,0,0,0.0,0.0,0.0,0.0,0.0,0.0,0.0,0.0,0.0,0.0,0.0,-1.5344623370328971,-1.5344623370328971
flat,single,0,off,0,771,-3.5700051903759444,303.0,0.8350836634635925,0.7634443640708923,1,-3.5700051903759444,-3.5700051903759444,1,0,off,0,0,0.0,0.0,0.0,0.0,0.0,0.0,0.0,0.0,0.0,0.0,0.0,-3.5700051903759444,-3.5700051903759444
flat,single,0,off,0,772,-2.4072003371303423,264.0,0.8417465090751648,0.7576594352722168,1,-2.4072003371303423,-2.4072003371303423,1,0,off,0,0,0.0,0.0,0.0,0.0,0.0,0.0,0.0,0.0,0.0,0.0,0.0,-2.4072003371303423,-2.4072003371303423
flat,single,0,off,0,773,-1.3190826585260271,228.0,0.8151924014091492,0.7572302222251892,1,-1.3190826585260271,-1.3190826585260271,1,0,off,0,0,0.0,0.0,0.0,0.0,0.0,0.0,0.0,0.0,0.0,0.0,0.0,-1.3190826585260271,-1.3190826585260271
flat,single,0,off,0,774,-1.377546182730006,216.0,0.80915766954422,0.7564141154289246,1,-1.377546182730006,-1.377546182730006,1,0,off,0,0,0.0,0.0,0.0,0.0,0.0,0.0,0.0,0.0,0.0,0.0,0.0,-1.377546182730006,-1.377546182730006
flat,single,0,off,0,775,-1.4070357697631732,217.0,0.8117059469223022,0.7512159943580627,1,-1.4070357697631732,-1.4070357697631732,1,0,off,0,0,0.0,0.0,0.0,0.0,0.0,0.0,0.0,0.0,0.0,0.0,0.0,-1.4070357697631732,-1.4070357697631732
flat,single,0,off,0,776,-1.6578827074600897,239.0,0.8292362093925476,0.752133309841156,1,-1.6578827074600897,-1.6578827074600897,1,0,off,0,0,0.0,0.0,0.0,0.0,0.0,0.0,0.0,0.0,0.0,0.0,0.0,-1.6578827074600897,-1.6578827074600897
flat,single,0,off,0,777,-1.0588751053251373,219.0,0.8195306658744812,0.7609366774559021,1,-1.0588751053251373,-1.0588751053251373,1,0,off,0,0,0.0,0.0,0.0,0.0,0.0,0.0,0.0,0.0,0.0,0.0,0.0,-1.0588751053251373,-1.0588751053251373
flat,single,0,off,0,778,-2.7101152287085983,274.0,0.8302897810935974,0.7566606998443604,1,-2.7101152287085983,-2.7101152287085983,1,0,off,0,0,0.0,0.0,0.0,0.0,0.0,0.0,0.0,0.0,0.0,0.0,0.0,-2.7101152287085983,-2.7101152287085983
flat,single,0,off,0,779,-1.5831117498374128,223.0,0.814702570438385,0.7576594352722168,1,-1.5831117498374128,-1.5831117498374128,1,0,off,0,0,0.0,0.0,0.0,0.0,0.0,0.0,0.0,0.0,0.0,0.0,0.0,-1.5831117498374128,-1.5831117498374128
flat,single,0,off,0,780,-0.9696426765259855,202.0,0.7841331362724304,0.7512235641479492,1,-0.9696426765259855,-0.9696426765259855,1,0,off,0,0,0.0,0.0,0.0,0.0,0.0,0.0,0.0,0.0,0.0,0.0,0.0,-0.9696426765259855,-0.9696426765259855
flat,single,0,off,0,781,-0.7802835629158692,196.0,0.7965841293334961,0.7558233737945557,1,-0.7802835629158692,-0.7802835629158692,1,0,off,0,0,0.0,0.0,0.0,0.0,0.0,0.0,0.0,0.0,0.0,0.0,0.0,-0.7802835629158692,-0.7802835629158692
flat,single,0,off,0,782,-1.45033555174829,232.0,0.8147000074386597,0.762611448764801,1,-1.45033555174829,-1.45033555174829,1,0,off,0,0,0.0,0.0,0.0,0.0,0.0,0.0,0.0,0.0,0.0,0.0,0.0,-1.45033555174829,-1.45033555174829
flat,single,0,off,0,783,-1.1521237526461525,222.0,0.8156894445419312,0.7566606998443604,1,-1.1521237526461525,-1.1521237526461525,1,0,off,0,0,0.0,0.0,0.0,0.0,0.0,0.0,0.0,0.0,0.0,0.0,0.0,-1.1521237526461525,-1.1521237526461525
flat,single,0,off,0,784,-1.394020262546842,230.0,0.8305458426475525,0.7530031204223633,1,-1.394020262546842,-1.394020262546842,1,0,off,0,0,0.0,0.0,0.0,0.0,0.0,0.0,0.0,0.0,0.0,0.0,0.0,-1.394020262546842,-1.394020262546842
flat,single,0,off,0,785,-5.044106896229798,352.0,0.834985613822937,0.7576594352722168,1,-5.044106896229798,-5.044106896229798,1,0,off,0,0,0.0,0.0,0.0,0.0,0.0,0.0,0.0,0.0,0.0,0.0,0.0,-5.044106896229798,-5.044106896229798
flat,single,0,off,0,786,-1.8874195251113322,247.0,0.8521867394447327,0.7633714079856873,1,-1.8874195251113322,-1.8874195251113322,1,0,off,0,0,0.0,0.0,0.0,0.0,0.0,0.0,0.0,0.0,0.0,0.0,0.0,-1.8874195251113322,-1.8874195251113322
flat,single,0,off,0,787,-0.2964573654846784,193.0,0.7948490977287292,0.7576594352722168,1,-0.2964573654846784,-0.2964573654846784,1,0,off,0,0,0.0,0.0,0.0,0.0,0.0,0.0,0.0,0.0,0.0,0.0,0.0,-0.2964573654846784,-0.2964573654846784
flat,single,0,off,0,788,-1.0756845555547672,219.0,0.7862038016319275,0.7559625506401062,1,-1.0756845555547672,-1.0756845555547672,1,0,off,0,0,0.0,0.0,0.0,0.0,0.0,0.0,0.0,0.0,0.0,0.0,0.0,-1.0756845555547672,-1.0756845555547672
flat,single,0,off,0,789,-0.32601579434005856,194.0,0.7942662835121155,0.7597326040267944,1,-0.32601579434005856,-0.32601579434005856,1,0,off,0,0,0.0,0.0,0.0,0.0,0.0,0.0,0.0,0.0,0.0,0.0,0.0,-0.32601579434005856,-0.32601579434005856
flat,single,0,off,0,790,-0.8162191342178304,197.0,0.7892017364501953,0.7589924931526184,1,-0.8162191342178304,-0.8162191342178304,1,0,off,0,0,0.0,0.0,0.0,0.0,0.0,0.0,0.0,0.0,0.0,0.0,0.0,-0.8162191342178304,-0.8162191342178304
flat,single,0,off,0,791,-1.3655164313316384,229.0,0.8166831731796265,0.7562766075134277,1,-1.3655164313316384,-1.3655164313316384,1,0,off,0,0,0.0,0.0,0.0,0.0,0.0,0.0,0.0,0.0,0.0,0.0,0.0,-1.3655164313316384,-1.3655164313316384
flat,single,0,off,0,792,-0.7641199665365309,209.0,0.807282030582428,0.7568408250808716,1,-0.7641199665365309,-0.7641199665365309,1,0,off,0,0,0.0,0.0,0.0,0.0,0.0,0.0,0.0,0.0,0.0,0.0,0.0,-0.7641199665365309,-0.7641199665365309
flat,single,0,off,0,793,-2.1578143552423033,256.0,0.8491086959838867,0.7566606998443604,1,-2.1578143552423033,-2.1578143552423033,1,0,off,0,0,0.0,0.0,0.0,0.0,0.0,0.0,0.0,0.0,0.0,0.0,0.0,-2.1578143552423033,-2.1578143552423033
flat,single,0,off,0,794,-1.38393714583945,230.0,0.8331712484359741,0.7597326040267944,1,-1.38393714583945,-1.38393714583945,1,0,off,0,0,0.0,0.0,0.0,0.0,0.0,0.0,0.0,0.0,0.0,0.0,0.0,-1.38393714583945,-1.38393714583945
flat,single,0,off,0,795,-1.2924695393000767,199.0,0.7665475010871887,0.7512853741645813,1,-1.2924695393000767,-1.2924695393000767,1,0,off,0,0,0.0,0.0,0.0,0.0,0.0,0.0,0.0,0.0,0.0,0.0,0.0,-1.2924695393000767,-1.2924695393000767
flat,single,0,off,0,796,-1.0061095088394398,217.0,0.814638614654541,0.7630937695503235,1,-1.0061095088394398,-1.0061095088394398,1,0,off,0,0,0.0,0.0,0.0,0.0,0.0,0.0,0.0,0.0,0.0,0.0,0.0,-1.0061095088394398,-1.0061095088394398
flat,single,0,off,0,797,-0.8366459002054797,198.0,0.8003304600715637,0.7596501111984253,1,-0.8366459002054797,-0.8366459002054797,1,0,off,0,0,0.0,0.0,0.0,0.0,0.0,0.0,0.0,0.0,0.0,0.0,0.0,-0.8366459002054797,-0.8366459002054797
flat,single,0,off,0,798,-1.1577124967437746,222.0,0.8052687048912048,0.7530031204223633,1,-1.1577124967437746,-1.1577124967437746,1,0,off,0,0,0.0,0.0,0.0,0.0,0.0,0.0,0.0,0.0,0.0,0.0,0.0,-1.1577124967437746,-1.1577124967437746
flat,single,0,off,0,799,-1.9717261475813619,236.0,0.823783278465271,0.7530031204223633,1,-1.9717261475813619,-1.9717261475813619,1,0,off,0,0,0.0,0.0,0.0,0.0,0.0,0.0,0.0,0.0,0.0,0.0,0.0,-1.9717261475813619,-1.9717261475813619
flat,single,0,off,0,800,-1.132051912993197,221.0,0.8055534362792969,0.7559625506401062,1,-1.132051912993197,-1.132051912993197,1,0,off,0,0,0.0,0.0,0.0,0.0,0.0,0.0,0.0,0.0,0.0,0.0,0.0,-1.132051912993197,-1.132051912993197
flat,single,0,off,0,801,-1.0926998553448406,220.0,0.8279314041137695,0.7576594352722168,1,-1.0926998553448406,-1.0926998553448406,1,0,off,0,0,0.0,0.0,0.0,0.0,0.0,0.0,0.0,0.0,0.0,0.0,0.0,-1.0926998553448406,-1.0926998553448406
flat,single,0,off,0,802,-0.9280158534483084,201.0,0.7977072596549988,0.7595463991165161,1,-0.9280158534483084,-0.9280158534483084,1,0,off,0,0,0.0,0.0,0.0,0.0,0.0,0.0,0.0,0.0,0.0,0.0,0.0,-0.9280158534483084,-0.9280158534483084
flat,single,0,off,0,803,-2.709196605037429,274.0,0.8318291306495667,0.7512605786323547,1,-2.709196605037429,-2.709196605037429,1,0,off,0,0,0.0,0.0,0.0,0.0,0.0,0.0,0.0,0.0,0.0,0.0,0.0,-2.709196605037429,-2.709196605037429
flat,single,0,off,0,804,-0.6445035300508646,205.0,0.8051289916038513,0.7634444236755371,1,-0.6445035300508646,-0.6445035300508646,1,0,off,0,0,0.0,0.0,0.0,0.0,0.0,0.0,0.0,0.0,0.0,0.0,0.0,-0.6445035300508646,-0.6445035300508646
flat,single,0,off,0,805,-4.176689236352667,323.0,0.8342958688735962,0.7521346807479858,1,-4.176689236352667,-4.176689236352667,1,0,off,0,0,0.0,0.0,0.0,0.0,0.0,0.0,0.0,0.0,0.0,0.0,0.0,-4.176689236352667,-4.176689236352667
flat,single,0,off,0,806,-1.967015845824504,236.0,0.8184579610824585,0.7551031708717346,1,-1.967015845824504,-1.967015845824504,1,0,off,0,0,0.0,0.0,0.0,0.0,0.0,0.0,0.0,0.0,0.0,0.0,0.0,-1.967015845824504,-1.967015845824504
flat,single,0,off,0,807,-1.0387655717297501,218.0,0.8035701513290405,0.7530031204223633,1,-1.0387655717297501,-1.0387655717297501,1,0,off,0,0,0.0,0.0,0.0,0.0,0.0,0.0,0.0,0.0,0.0,0.0,0.0,-1.0387655717297501,-1.0387655717297501
flat,single,0,off,0,808,-0.9259658021084082,214.0,0.7978583574295044,0.7530031204223633,1,-0.9259658021084082,-0.9259658021084082,1,0,off,0,0,0.0,0.0,0.0,0.0,0.0,0.0,0.0,0.0,0.0,0.0,0.0,-0.9259658021084082,-0.9259658021084082
flat,single,0,off,0,809,-1.9108223228971528,247.0,0.80460125207901,0.7597326040267944,1,-1.9108223228971528,-1.9108223228971528,1,0,off,0,0,0.0,0.0,0.0,0.0,0.0,0.0,0.0,0.0,0.0,0.0,0.0,-1.9108223228971528,-1.9108223228971528
flat,single,0,off,0,810,-1.88983821718954,247.0,0.8453658223152161,0.7566606998443604,1,-1.88983821718954,-1.88983821718954,1,0,off,0,0,0.0,0.0,0.0,0.0,0.0,0.0,0.0,0.0,0.0,0.0,0.0,-1.88983821718954,-1.88983821718954
flat,single,0,off,0,811,-1.5837158164277243,223.0,0.8143391013145447,0.7530031204223633,1,-1.5837158164277243,-1.5837158164277243,1,0,off,0,0,0.0,0.0,0.0,0.0,0.0,0.0,0.0,0.0,0.0,0.0,0.0,-1.5837158164277243,-1.5837158164277243
flat,single,0,off,0,812,-1.9550776824355072,250.0,0.7954162359237671,0.7588865160942078,1,-1.9550776824355072,-1.9550776824355072,1,0,off,0,0,0.0,0.0,0.0,0.0,0.0,0.0,0.0,0.0,0.0,0.0,0.0,-1.9550776824355072,-1.9550776824355072
flat,single,0,off,0,813,-0.41406205076724634,197.0,0.7945879697799683,0.7567885518074036,1,-0.41406205076724634,-0.41406205076724634,1,0,off,0,0,0.0,0.0,0.0,0.0,0.0,0.0,0.0,0.0,0.0,0.0,0.0,-0.41406205076724634,-0.41406205076724634
flat,single,0,off,0,814,-0.9722924278827891,216.0,0.8164392709732056,0.7530031204223633,1,-0.9722924278827891,-0.9722924278827891,1,0,off,0,0,0.0,0.0,0.0,0.0,0.0,0.0,0.0,0.0,0.0,0.0,0.0,-0.9722924278827891,-0.9722924278827891
flat,single,0,off,0,815,-1.6216164720465946,224.0,0.8058584332466125,0.755717933177948,1,-1.6216164720465946,-1.6216164720465946,1,0,off,0,0,0.0,0.0,0.0,0.0,0.0,0.0,0.0,0.0,0.0,0.0,0.0,-1.6216164720465946,-1.6216164720465946
flat,single,0,off,0,816,-1.3992894249036953,230.0,0.8187440633773804,0.7530031204223633,1,-1.3992894249036953,-1.3992894249036953,1,0,off,0,0,0.0,0.0,0.0,0.0,0.0,0.0,0.0,0.0,0.0,0.0,0.0,-1.3992894249036953,-1.3992894249036953
flat,single,0,off,0,817,-1.3732374484662473,216.0,0.8173379302024841,0.7605621218681335,1,-1.3732374484662473,-1.3732374484662473,1,0,off,0,0,0.0,0.0,0.0,0.0,0.0,0.0,0.0,0.0,0.0,0.0,0.0,-1.3732374484662473,-1.3732374484662473
flat,single,0,off,0,818,-2.8009242602472635,277.0,0.8355458974838257,0.7592859268188477,1,-2.8009242602472635,-2.8009242602472635,1,0,off,0,0,0.0,0.0,0.0,0.0,0.0,0.0,0.0,0.0,0.0,0.0,0.0,-2.8009242602472635,-2.8009242602472635
flat,single,0,off,0,819,-1.5917362050013668,223.0,0.8008984327316284,0.7569676637649536,1,-1.5917362050013668,-1.5917362050013668,1,0,off,0,0,0.0,0.0,0.0,0.0,0.0,0.0,0.0,0.0,0.0,0.0,0.0,-1.5917362050013668,-1.5917362050013668
flat,single,0,off,0,820,-2.892557269849347,267.0,0.8446251749992371,0.7500594854354858,1,-2.892557269849347,-2.892557269849347,1,0,off,0,0,0.0,0.0,0.0,0.0,0.0,0.0,0.0,0.0,0.0,0.0,0.0,-2.892557269849347,-2.892557269849347
flat,single,0,off,0,821,-1.4988610698957978,220.0,0.8200401663780212,0.7507777214050293,1,-1.4988610698957978,-1.4988610698957978,1,0,off,0,0,0.0,0.0,0.0,0.0,0.0,0.0,0.0,0.0,0.0,0.0,0.0,-1.4988610698957978,-1.4988610698957978
flat,single,0,off,0,822,-1.113294436307629,207.0,0.7967737913131714,0.7518284320831299,1,-1.113294436307629,-1.113294436307629,1,0,off,0,0,0.0,0.0,0.0,0.0,0.0,0.0,0.0,0.0,0.0,0.0,0.0,-1.113294436307629,-1.113294436307629
flat,single,0,off,0,823,-1.6379560977453413,225.0,0.8223363757133484,0.7587524652481079,1,-1.6379560977453413,-1.6379560977453413,1,0,off,0,0,0.0,0.0,0.0,0.0,0.0,0.0,0.0,0.0,0.0,0.0,0.0,-1.6379560977453413,-1.6379560977453413
flat,single,0,off,0,824,-1.8923183686996385,247.0,0.8368766903877258,0.760097861289978,1,-1.8923183686996385,-1.8923183686996385,1,0,off,0,0,0.0,0.0,0.0,0.0,0.0,0.0,0.0,0.0,0.0,0.0,0.0,-1.8923183686996385,-1.8923183686996385
flat,single,0,off,0,825,-1.8369369622785654,245.0,0.8294676542282104,0.7566606998443604,1,-1.8369369622785654,-1.8369369622785654,1,0,off,0,0,0.0,0.0,0.0,0.0,0.0,0.0,0.0,0.0,0.0,0.0,0.0,-1.8369369622785654,-1.8369369622785654
flat,single,0,off,0,826,-1.2707547100330738,226.0,0.8238545656204224,0.7580375671386719,1,-1.2707547100330738,-1.2707547100330738,1,0,off,0,0,0.0,0.0,0.0,0.0,0.0,0.0,0.0,0.0,0.0,0.0,0.0,-1.2707547100330738,-1.2707547100330738
flat,single,0,off,0,827,-2.713505744921257,274.0,0.8151766061782837,0.7542409300804138,1,-2.713505744921257,-2.713505744921257,1,0,off,0,0,0.0,0.0,0.0,0.0,0.0,0.0,0.0,0.0,0.0,0.0,0.0,-2.713505744921257,-2.713505744921257
flat,single,0,off,0,828,-1.824407686044001,231.0,0.8171482086181641,0.7569676637649536,1,-1.824407686044001,-1.824407686044001,1,0,off,0,0,0.0,0.0,0.0,0.0,0.0,0.0,0.0,0.0,0.0,0.0,0.0,-1.824407686044001,-1.824407686044001
flat,single,0,off,0,829,-0.08829047944280591,186.0,0.7819803953170776,0.752792477607727,1,-0.08829047944280591,-0.08829047944280591,1,0,off,0,0,0.0,0.0,0.0,0.0,0.0,0.0,0.0,0.0,0.0,0.0,0.0,-0.08829047944280591,-0.08829047944280591
flat,single,0,off,0,830,-1.0411246483656624,218.0,0.8006525039672852,0.762611448764801,1,-1.0411246483656624,-1.0411246483656624,1,0,off,0,0,0.0,0.0,0.0,0.0,0.0,0.0,0.0,0.0,0.0,0.0,0.0,-1.0411246483656624,-1.0411246483656624
flat,single,0,off,0,831,-1.1230357323784892,221.0,0.806914746761322,0.7566606998443604,1,-1.1230357323784892,-1.1230357323784892,1,0,off,0,0,0.0,0.0,0.0,0.0,0.0,0.0,0.0,0.0,0.0,0.0,0.0,-1.1230357323784892,-1.1230357323784892
flat,single,0,off,0,832,-1.2404980377934451,225.0,0.8291860222816467,0.7597325444221497,1,-1.2404980377934451,-1.2404980377934451,1,0,off,0,0,0.0,0.0,0.0,0.0,0.0,0.0,0.0,0.0,0.0,0.0,0.0,-1.2404980377934451,-1.2404980377934451
flat,single,0,off,0,833,-1.247887208289471,225.0,0.8051992058753967,0.7521365284919739,1,-1.247887208289471,-1.247887208289471,1,0,off,0,0,0.0,0.0,0.0,0.0,0.0,0.0,0.0,0.0,0.0,0.0,0.0,-1.247887208289471,-1.247887208289471
flat,single,0,off,0,834,-0.7278364189132155,194.0,0.7933487296104431,0.7566606998443604,1,-0.7278364189132155,-0.7278364189132155,1,0,off,0,0,0.0,0.0,0.0,0.0,0.0,0.0,0.0,0.0,0.0,0.0,0.0,-0.7278364189132155,-0.7278364189132155
flat,single,0,off,0,835,-1.8355615653970796,245.0,0.8315244317054749,0.7566606998443604,1,-1.8355615653970796,-1.8355615653970796,1,0,off,0,0,0.0,0.0,0.0,0.0,0.0,0.0,0.0,0.0,0.0,0.0,0.0,-1.8355615653970796,-1.8355615653970796
flat,single,0,off,0,836,-1.2140180414880206,224.0,0.816851019859314,0.7503847479820251,1,-1.2140180414880206,-1.2140180414880206,1,0,off,0,0,0.0,0.0,0.0,0.0,0.0,0.0,0.0,0.0,0.0,0.0,0.0,-1.2140180414880206,-1.2140180414880206
flat,single,0,off,0,837,-0.893666300780609,213.0,0.7981888651847839,0.7609366774559021,1,-0.893666300780609,-0.893666300780609,1,0,off,0,0,0.0,0.0,0.0,0.0,0.0,0.0,0.0,0.0,0.0,0.0,0.0,-0.893666300780609,-0.893666300780609
flat,single,0,off,0,838,-2.256893494543623,259.0,0.8263069987297058,0.7515468597412109,1,-2.256893494543623,-2.256893494543623,1,0,off,0,0,0.0,0.0,0.0,0.0,0.0,0.0,0.0,0.0,0.0,0.0,0.0,-2.256893494543623,-2.256893494543623
flat,single,0,off,0,839,-2.75344599695061,276.0,0.869505763053894,0.7539742588996887,1,-2.75344599695061,-2.75344599695061,1,0,off,0,0,0.0,0.0,0.0,0.0,0.0,0.0,0.0,0.0,0.0,0.0,0.0,-2.75344599695061,-2.75344599695061
flat,single,0,off,0,840,-2.731517391587825,275.0,0.8343782424926758,0.7566606998443604,1,-2.731517391587825,-2.731517391587825,1,0,off,0,0,0.0,0.0,0.0,0.0,0.0,0.0,0.0,0.0,0.0,0.0,0.0,-2.731517391587825,-2.731517391587825
flat,single,0,off,0,841,-0.8689121182763521,199.0,0.8006327748298645,0.7541303634643555,1,-0.8689121182763521,-0.8689121182763521,1,0,off,0,0,0.0,0.0,0.0,0.0,0.0,0.0,0.0,0.0,0.0,0.0,0.0,-0.8689121182763521,-0.8689121182763521
flat,single,0,off,0,842,-1.5738915978884374,236.0,0.8260383009910583,0.7566606998443604,1,-1.5738915978884374,-1.5738915978884374,1,0,off,0,0,0.0,0.0,0.0,0.0,0.0,0.0,0.0,0.0,0.0,0.0,0.0,-1.5738915978884374,-1.5738915978884374
flat,single,0,off,0,843,-1.0025732443691273,217.0,0.814424991607666,0.7584949731826782,1,-1.0025732443691273,-1.0025732443691273,1,0,off,0,0,0.0,0.0,0.0,0.0,0.0,0.0,0.0,0.0,0.0,0.0,0.0,-1.0025732443691273,-1.0025732443691273
flat,single,0,off,0,844,-1.4481101241218894,232.0,0.8306227922439575,0.7609366774559021,1,-1.4481101241218894,-1.4481101241218894,1,0,off,0,0,0.0,0.0,0.0,0.0,0.0,0.0,0.0,0.0,0.0,0.0,0.0,-1.4481101241218894,-1.4481101241218894
flat,single,0,off,0,845,-0.7085433608118942,207.0,0.8127573132514954,0.7557886838912964,1,-0.7085433608118942,-0.7085433608118942,1,0,off,0,0,0.0,0.0,0.0,0.0,0.0,0.0,0.0,0.0,0.0,0.0,0.0,-0.7085433608118942,-0.7085433608118942
flat,single,0,off,0,846,-2.835696503482742,278.0,0.8142837882041931,0.7609366774559021,1,-2.835696503482742,-2.835696503482742,1,0,off,0,0,0.0,0.0,0.0,0.0,0.0,0.0,0.0,0.0,0.0,0.0,0.0,-2.835696503482742,-2.835696503482742
flat,single,0,off,0,847,-1.2374173313507384,211.0,0.7955251932144165,0.7505814433097839,1,-1.2374173313507384,-1.2374173313507384,1,0,off,0,0,0.0,0.0,0.0,0.0,0.0,0.0,0.0,0.0,0.0,0.0,0.0,-1.2374173313507384,-1.2374173313507384
flat,single,0,off,0,848,-0.8638813062594316,212.0,0.805578351020813,0.7530031204223633,1,-0.8638813062594316,-0.8638813062594316,1,0,off,0,0,0.0,0.0,0.0,0.0,0.0,0.0,0.0,0.0,0.0,0.0,0.0,-0.8638813062594316,-0.8638813062594316
flat,single,0,off,0,849,-1.8380577868875165,218.0,0.8077486157417297,0.7576594352722168,1,-1.8380577868875165,-1.8380577868875165,1,0,off,0,0,0.0,0.0,0.0,0.0,0.0,0.0,0.0,0.0,0.0,0.0,0.0,-1.8380577868875165,-1.8380577868875165
flat,single,0,off,0,850,-1.5256807427399364,221.0,0.8108688592910767,0.7609366774559021,1,-1.5256807427399364,-1.5256807427399364,1,0,off,0,0,0.0,0.0,0.0,0.0,0.0,0.0,0.0,0.0,0.0,0.0,0.0,-1.5256807427399364,-1.5256807427399364
flat,single,0,off,0,851,-3.237279967820483,292.0,0.8018463253974915,0.7578606009483337,1,-3.237279967820483,-3.237279967820483,1,0,off,0,0,0.0,0.0,0.0,0.0,0.0,0.0,0.0,0.0,0.0,0.0,0.0,-3.237279967820483,-3.237279967820483
flat,single,0,off,0,852,-0.6110602094384401,190.0,0.7863212823867798,0.7522351145744324,1,-0.6110602094384401,-0.6110602094384401,1,0,off,0,0,0.0,0.0,0.0,0.0,0.0,0.0,0.0,0.0,0.0,0.0,0.0,-0.6110602094384401,-0.6110602094384401
flat,single,0,off,0,853,-0.974086125650215,216.0,0.8074920773506165,0.7568407654762268,1,-0.974086125650215,-0.974086125650215,1,0,off,0,0,0.0,0.0,0.0,0.0,0.0,0.0,0.0,0.0,0.0,0.0,0.0,-0.974086125650215,-0.974086125650215
flat,single,0,off,0,854,-1.0697935343883043,219.0,0.801783561706543,0.7559625506401062,1,-1.0697935343883043,-1.0697935343883043,1,0,off,0,0,0.0,0.0,0.0,0.0,0.0,0.0,0.0,0.0,0.0,0.0,0.0,-1.0697935343883043,-1.0697935343883043
flat,single,0,off,0,855,-1.5397814662719658,235.0,0.8403765559196472,0.7530031204223633,1,-1.5397814662719658,-1.5397814662719658,1,0,off,0,0,0.0,0.0,0.0,0.0,0.0,0.0,0.0,0.0,0.0,0.0,0.0,-1.5397814662719658,-1.5397814662719658
flat,single,0,off,0,856,-2.667199839198148,273.0,0.8689624667167664,0.7521366477012634,1,-2.667199839198148,-2.667199839198148,1,0,off,0,0,0.0,0.0,0.0,0.0,0.0,0.0,0.0,0.0,0.0,0.0,0.0,-2.667199839198148,-2.667199839198148
flat,single,0,off,0,857,-1.0660406481870486,219.0,0.8116397261619568,0.752133309841156,1,-1.0660406481870486,-1.0660406481870486,1,0,off,0,0,0.0,0.0,0.0,0.0,0.0,0.0,0.0,0.0,0.0,0.0,0.0,-1.0660406481870486,-1.0660406481870486
flat,single,0,off,0,858,-1.0190073886176152,204.0,0.8050788044929504,0.7569676637649536,1,-1.0190073886176152,-1.0190073886176152,1,0,off,0,0,0.0,0.0,0.0,0.0,0.0,0.0,0.0,0.0,0.0,0.0,0.0,-1.0190073886176152,-1.0190073886176152
flat,single,0,off,0,859,-0.7369005574414085,208.0,0.8045517206192017,0.7559624910354614,1,-0.7369005574414085,-0.7369005574414085,1,0,off,0,0,0.0,0.0,0.0,0.0,0.0,0.0,0.0,0.0,0.0,0.0,0.0,-0.7369005574414085,-0.7369005574414085
flat,single,0,off,0,860,-2.5382041020202464,255.0,0.8397061228752136,0.7504823207855225,1,-2.5382041020202464,-2.5382041020202464,1,0,off,0,0,0.0,0.0,0.0,0.0,0.0,0.0,0.0,0.0,0.0,0.0,0.0,-2.5382041020202464,-2.5382041020202464
flat,single,0,off,0,861,-2.901183639181524,280.0,0.7908857464790344,0.7634444236755371,1,-2.901183639181524,-2.901183639181524,1,0,off,0,0,0.0,0.0,0.0,0.0,0.0,0.0,0.0,0.0,0.0,0.0,0.0,-2.901183639181524,-2.901183639181524
flat,single,0,off,0,862,-1.8561955147434546,246.0,0.8270084261894226,0.7566606998443604,1,-1.8561955147434546,-1.8561955147434546,1,0,off,0,0,0.0,0.0,0.0,0.0,0.0,0.0,0.0,0.0,0.0,0.0,0.0,-1.8561955147434546,-1.8561955147434546
flat,single,0,off,0,863,-2.9528198267181778,282.0,0.8161984086036682,0.760597288608551,1,-2.9528198267181778,-2.9528198267181778,1,0,off,0,0,0.0,0.0,0.0,0.0,0.0,0.0,0.0,0.0,0.0,0.0,0.0,-2.9528198267181778,-2.9528198267181778
flat,single,0,off,0,864,-0.3573580112541134,195.0,0.7965541481971741,0.7530031204223633,1,-0.3573580112541134,-0.3573580112541134,1,0,off,0,0,0.0,0.0,0.0,0.0,0.0,0.0,0.0,0.0,0.0,0.0,0.0,-0.3573580112541134,-0.3573580112541134
flat,single,0,off,0,865,-1.6754252398340082,226.0,0.8102942705154419,0.7527165412902832,1,-1.6754252398340082,-1.6754252398340082,1,0,off,0,0,0.0,0.0,0.0,0.0,0.0,0.0,0.0,0.0,0.0,0.0,0.0,-1.6754252398340082,-1.6754252398340082
flat,single,0,off,0,866,-0.7085339523584163,207.0,0.8054640889167786,0.7518150806427002,1,-0.7085339523584163,-0.7085339523584163,1,0,off,0,0,0.0,0.0,0.0,0.0,0.0,0.0,0.0,0.0,0.0,0.0,0.0,-0.7085339523584163,-0.7085339523584163
flat,single,0,off,0,867,-1.3299163105466913,228.0,0.81583172082901,0.7569958567619324,1,-1.3299163105466913,-1.3299163105466913,1,0,off,0,0,0.0,0.0,0.0,0.0,0.0,0.0,0.0,0.0,0.0,0.0,0.0,-1.3299163105466913,-1.3299163105466913
flat,single,0,off,0,868,-1.0364480484370187,218.0,0.8160720467567444,0.7566606998443604,1,-1.0364480484370187,-1.0364480484370187,1,0,off,0,0,0.0,0.0,0.0,0.0,0.0,0.0,0.0,0.0,0.0,0.0,0.0,-1.0364480484370187,-1.0364480484370187
flat,single,0,off,0,869,-0.8273992374027196,211.0,0.8158827424049377,0.7576594352722168,1,-0.8273992374027196,-0.8273992374027196,1,0,off,0,0,0.0,0.0,0.0,0.0,0.0,0.0,0.0,0.0,0.0,0.0,0.0,-0.8273992374027196,-0.8273992374027196
flat,single,0,off,0,870,-1.282400522914254,213.0,0.7957537770271301,0.7569676637649536,1,-1.282400522914254,-1.282400522914254,1,0,off,0,0,0.0,0.0,0.0,0.0,0.0,0.0,0.0,0.0,0.0,0.0,0.0,-1.282400522914254,-1.282400522914254
flat,single,0,off,0,871,-0.7962357389915306,210.0,0.8078814744949341,0.7566606998443604,1,-0.7962357389915306,-0.7962357389915306,1,0,off,0,0,0.0,0.0,0.0,0.0,0.0,0.0,0.0,0.0,0.0,0.0,0.0,-0.7962357389915306,-0.7962357389915306
flat,single,0,off,0,872,-0.3253898783109652,194.0,0.7932776808738708,0.7566606998443604,1,-0.3253898783109652,-0.3253898783109652,1,0,off,0,0,0.0,0.0,0.0,0.0,0.0,0.0,0.0,0.0,0.0,0.0,0.0,-0.3253898783109652,-0.3253898783109652
flat,single,0,off,0,873,-0.49645626229467277,200.0,0.8039423823356628,0.7597326040267944,1,-0.49645626229467277,-0.49645626229467277,1,0,off,0,0,0.0,0.0,0.0,0.0,0.0,0.0,0.0,0.0,0.0,0.0,0.0,-0.49645626229467277,-0.49645626229467277
flat,single,0,off,0,874,-0.7438805653923234,208.0,0.7903724312782288,0.7530031204223633,1,-0.7438805653923234,-0.7438805653923234,1,0,off,0,0,0.0,0.0,0.0,0.0,0.0,0.0,0.0,0.0,0.0,0.0,0.0,-0.7438805653923234,-0.7438805653923234
flat,single,0,off,0,875,-2.3615287489304335,249.0,0.8286445736885071,0.7550555467605591,1,-2.3615287489304335,-2.3615287489304335,1,0,off,0,0,0.0,0.0,0.0,0.0,0.0,0.0,0.0,0.0,0.0,0.0,0.0,-2.3615287489304335,-2.3615287489304335
flat,single,0,off,0,876,-2.1850195334071727,256.0,0.7950736880302429,0.7559625506401062,1,-2.1850195334071727,-2.1850195334071727,1,0,off,0,0,0.0,0.0,0.0,0.0,0.0,0.0,0.0,0.0,0.0,0.0,0.0,-2.1850195334071727,-2.1850195334071727
flat,single,0,off,0,877,-1.2829815928021029,226.0,0.7964411973953247,0.7566606998443604,1,-1.2829815928021029,-1.2829815928021029,1,0,off,0,0,0.0,0.0,0.0,0.0,0.0,0.0,0.0,0.0,0.0,0.0,0.0,-1.2829815928021029,-1.2829815928021029
flat,single,0,off,0,878,-1.9079391673579864,247.0,0.8052191734313965,0.7530031204223633,1,-1.9079391673579864,-1.9079391673579864,1,0,off,0,0,0.0,0.0,0.0,0.0,0.0,0.0,0.0,0.0,0.0,0.0,0.0,-1.9079391673579864,-1.9079391673579864
flat,single,0,off,0,879,-1.0383099244302176,218.0,0.8066795468330383,0.7566606998443604,1,-1.0383099244302176,-1.0383099244302176,1,0,off,0,0,0.0,0.0,0.0,0.0,0.0,0.0,0.0,0.0,0.0,0.0,0.0,-1.0383099244302176,-1.0383099244302176
flat,single,0,off,0,880,-0.500196818658155,200.0,0.790442168712616,0.7530031204223633,1,-0.500196818658155,-0.500196818658155,1,0,off,0,0,0.0,0.0,0.0,0.0,0.0,0.0,0.0,0.0,0.0,0.0,0.0,-0.500196818658155,-0.500196818658155
flat,single,0,off,0,881,-1.2580127927730835,212.0,0.8029599785804749,0.7569368481636047,1,-1.2580127927730835,-1.2580127927730835,1,0,off,0,0,0.0,0.0,0.0,0.0,0.0,0.0,0.0,0.0,0.0,0.0,0.0,-1.2580127927730835,-1.2580127927730835
flat,single,0,off,0,882,-2.4969977460359227,267.0,0.8391543030738831,0.7576594352722168,1,-2.4969977460359227,-2.4969977460359227,1,0,off,0,0,0.0,0.0,0.0,0.0,0.0,0.0,0.0,0.0,0.0,0.0,0.0,-2.4969977460359227,-2.4969977460359227
flat,single,0,off,0,883,-2.1582853309181558,256.0,0.848364531993866,0.7576594352722168,1,-2.1582853309181558,-2.1582853309181558,1,0,off,0,0,0.0,0.0,0.0,0.0,0.0,0.0,0.0,0.0,0.0,0.0,0.0,-2.1582853309181558,-2.1582853309181558
flat,single,0,off,0,884,-0.5640041331551071,202.0,0.7902743220329285,0.7566606998443604,1,-0.5640041331551071,-0.5640041331551071,1,0,off,0,0,0.0,0.0,0.0,0.0,0.0,0.0,0.0,0.0,0.0,0.0,0.0,-0.5640041331551071,-0.5640041331551071
flat,single,0,off,0,885,-1.1202712159161492,207.0,0.7839424014091492,0.752095103263855,1,-1.1202712159161492,-1.1202712159161492,1,0,off,0,0,0.0,0.0,0.0,0.0,0.0,0.0,0.0,0.0,0.0,0.0,0.0,-1.1202712159161492,-1.1202712159161492
flat,single,0,off,0,886,-0.43955913475715036,198.0,0.7967718839645386,0.7566606998443604,1,-0.43955913475715036,-0.43955913475715036,1,0,off,0,0,0.0,0.0,0.0,0.0,0.0,0.0,0.0,0.0,0.0,0.0,0.0,-0.43955913475715036,-0.43955913475715036
flat,single,0,off,0,887,-1.723258673647656,228.0,0.8317715525627136,0.7605621218681335,1,-1.723258673647656,-1.723258673647656,1,0,off,0,0,0.0,0.0,0.0,0.0,0.0,0.0,0.0,0.0,0.0,0.0,0.0,-1.723258673647656,-1.723258673647656
flat,single,0,off,0,888,-1.9008405312430134,220.0,0.7932900786399841,0.755914568901062,1,-1.9008405312430134,-1.9008405312430134,1,0,off,0,0,0.0,0.0,0.0,0.0,0.0,0.0,0.0,0.0,0.0,0.0,0.0,-1.9008405312430134,-1.9008405312430134
flat,single,0,off,0,889,-2.8132319690100696,277.0,0.7917090654373169,0.7512605786323547,1,-2.8132319690100696,-2.8132319690100696,1,0,off,0,0,0.0,0.0,0.0,0.0,0.0,0.0,0.0,0.0,0.0,0.0,0.0,-2.8132319690100696,-2.8132319690100696
flat,single,0,off,0,890,-3.9614368613273654,289.0,0.7935299277305603,0.751448929309845,1,-3.9614368613273654,-3.9614368613273654,1,0,off,0,0,0.0,0.0,0.0,0.0,0.0,0.0,0.0,0.0,0.0,0.0,0.0,-3.9614368613273654,-3.9614368613273654
flat,single,0,off,0,891,-0.5602768871083419,202.0,0.8019266128540039,0.7597326040267944,1,-0.5602768871083419,-0.5602768871083419,1,0,off,0,0,0.0,0.0,0.0,0.0,0.0,0.0,0.0,0.0,0.0,0.0,0.0,-0.5602768871083419,-0.5602768871083419
flat,single,0,off,0,892,-1.8410094463918365,231.0,0.7872329354286194,0.7548405528068542,1,-1.8410094463918365,-1.8410094463918365,1,0,off,0,0,0.0,0.0,0.0,0.0,0.0,0.0,0.0,0.0,0.0,0.0,0.0,-1.8410094463918365,-1.8410094463918365
flat,single,0,off,0,893,-1.6974543059535845,240.0,0.8153243660926819,0.7576594352722168,1,-1.6974543059535845,-1.6974543059535845,1,0,off,0,0,0.0,0.0,0.0,0.0,0.0,0.0,0.0,0.0,0.0,0.0,0.0,-1.6974543059535845,-1.6974543059535845
flat,single,0,off,0,894,-0.9994905871839771,203.0,0.7929961085319519,0.7530031204223633,1,-0.9994905871839771,-0.9994905871839771,1,0,off,0,0,0.0,0.0,0.0,0.0,0.0,0.0,0.0,0.0,0.0,0.0,0.0,-0.9994905871839771,-0.9994905871839771
flat,single,0,off,0,895,-2.7551538657746084,275.0,0.8031088709831238,0.752792477607727,1,-2.7551538657746084,-2.7551538657746084,1,0,off,0,0,0.0,0.0,0.0,0.0,0.0,0.0,0.0,0.0,0.0,0.0,0.0,-2.7551538657746084,-2.7551538657746084
flat,single,0,off,0,896,-2.1300171005364947,255.0,0.8016699552536011,0.7626144886016846,1,-2.1300171005364947,-2.1300171005364947,1,0,off,0,0,0.0,0.0,0.0,0.0,0.0,0.0,0.0,0.0,0.0,0.0,0.0,-2.1300171005364947,-2.1300171005364947
flat,single,0,off,0,897,-1.2974107404495625,227.0,0.8311459422111511,0.7530031204223633,1,-1.2974107404495625,-1.2974107404495625,1,0,off,0,0,0.0,0.0,0.0,0.0,0.0,0.0,0.0,0.0,0.0,0.0,0.0,-1.2974107404495625,-1.2974107404495625
flat,single,0,off,0,898,-2.3959980417229234,251.0,0.7818239331245422,0.7546355128288269,1,-2.3959980417229234,-2.3959980417229234,1,0,off,0,0,0.0,0.0,0.0,0.0,0.0,0.0,0.0,0.0,0.0,0.0,0.0,-2.3959980417229234,-2.3959980417229234
flat,single,0,off,0,899,-1.5276606925367426,221.0,0.8116458058357239,0.7566606998443604,1,-1.5276606925367426,-1.5276606925367426,1,0,off,0,0,0.0,0.0,0.0,0.0,0.0,0.0,0.0,0.0,0.0,0.0,0.0,-1.5276606925367426,-1.5276606925367426
flat,single,0,off,0,900,-1.2237920263793824,211.0,0.8110725283622742,0.755717933177948,1,-1.2237920263793824,-1.2237920263793824,1,0,off,0,0,0.0,0.0,0.0,0.0,0.0,0.0,0.0,0.0,0.0,0.0,0.0,-1.2237920263793824,-1.2237920263793824
flat,single,0,off,0,901,-2.6740758145612213,273.0,0.8341083526611328,0.7584949731826782,1,-2.6740758145612213,-2.6740758145612213,1,0,off,0,0,0.0,0.0,0.0,0.0,0.0,0.0,0.0,0.0,0.0,0.0,0.0,-2.6740758145612213,-2.6740758145612213
flat,single,0,off,0,902,-0.6834290703071781,206.0,0.8046815991401672,0.7530031204223633,1,-0.6834290703071781,-0.6834290703071781,1,0,off,0,0,0.0,0.0,0.0,0.0,0.0,0.0,0.0,0.0,0.0,0.0,0.0,-0.6834290703071781,-0.6834290703071781
flat,single,0,off,0,903,-1.002655575321991,217.0,0.8132758736610413,0.7580375671386719,1,-1.002655575321991,-1.002655575321991,1,0,off,0,0,0.0,0.0,0.0,0.0,0.0,0.0,0.0,0.0,0.0,0.0,0.0,-1.002655575321991,-1.002655575321991
flat,single,0,off,0,904,-0.528495703929806,201.0,0.7992216944694519,0.7617754936218262,1,-0.528495703929806,-0.528495703929806,1,0,off,0,0,0.0,0.0,0.0,0.0,0.0,0.0,0.0,0.0,0.0,0.0,0.0,-0.528495703929806,-0.528495703929806
flat,single,0,off,0,905,-1.5527742452593571,222.0,0.8118937611579895,0.7589924931526184,1,-1.5527742452593571,-1.5527742452593571,1,0,off,0,0,0.0,0.0,0.0,0.0,0.0,0.0,0.0,0.0,0.0,0.0,0.0,-1.5527742452593571,-1.5527742452593571
flat,single,0,off,0,906,-0.8534756272588904,212.0,0.8160950541496277,0.7530031204223633,1,-0.8534756272588904,-0.8534756272588904,1,0,off,0,0,0.0,0.0,0.0,0.0,0.0,0.0,0.0,0.0,0.0,0.0,0.0,-0.8534756272588904,-0.8534756272588904
flat,single,0,off,0,907,-1.6610768666479325,239.0,0.8111611604690552,0.7634444236755371,1,-1.6610768666479325,-1.6610768666479325,1,0,off,0,0,0.0,0.0,0.0,0.0,0.0,0.0,0.0,0.0,0.0,0.0,0.0,-1.6610768666479325,-1.6610768666479325
flat,single,0,off,0,908,-2.099474445123928,254.0,0.8521068692207336,0.7530031204223633,1,-2.099474445123928,-2.099474445123928,1,0,off,0,0,0.0,0.0,0.0,0.0,0.0,0.0,0.0,0.0,0.0,0.0,0.0,-2.099474445123928,-2.099474445123928
flat,single,0,off,0,909,-1.168031913640447,209.0,0.8144884705543518,0.7595463991165161,1,-1.168031913640447,-1.168031913640447,1,0,off,0,0,0.0,0.0,0.0,0.0,0.0,0.0,0.0,0.0,0.0,0.0,0.0,-1.168031913640447,-1.168031913640447
flat,single,0,off,0,910,-1.6039560227771337,210.0,0.8047975897789001,0.7550555467605591,1,-1.6039560227771337,-1.6039560227771337,1,0,off,0,0,0.0,0.0,0.0,0.0,0.0,0.0,0.0,0.0,0.0,0.0,0.0,-1.6039560227771337,-1.6039560227771337
flat,single,0,off,0,911,-0.6802627943060398,206.0,0.8080981969833374,0.7576594352722168,1,-0.6802627943060398,-0.6802627943060398,1,0,off,0,0,0.0,0.0,0.0,0.0,0.0,0.0,0.0,0.0,0.0,0.0,0.0,-0.6802627943060398,-0.6802627943060398
flat,single,0,off,0,912,-0.9682196218706712,216.0,0.8183803558349609,0.7634444236755371,1,-0.9682196218706712,-0.9682196218706712,1,0,off,0,0,0.0,0.0,0.0,0.0,0.0,0.0,0.0,0.0,0.0,0.0,0.0,-0.9682196218706712,-0.9682196218706712
flat,single,0,off,0,913,-0.7699773322080772,209.0,0.8034352660179138,0.7519066333770752,1,-0.7699773322080772,-0.7699773322080772,1,0,off,0,0,0.0,0.0,0.0,0.0,0.0,0.0,0.0,0.0,0.0,0.0,0.0,-0.7699773322080772,-0.7699773322080772
flat,single,0,off,0,914,-1.5143584063125344,207.0,0.7923235893249512,0.7589924931526184,1,-1.5143584063125344,-1.5143584063125344,1,0,off,0,0,0.0,0.0,0.0,0.0,0.0,0.0,0.0,0.0,0.0,0.0,0.0,-1.5143584063125344,-1.5143584063125344
flat,single,0,off,0,915,-1.8913508127792777,235.0,0.8173559308052063,0.7587738633155823,1,-1.8913508127792777,-1.8913508127792777,1,0,off,0,0,0.0,0.0,0.0,0.0,0.0,0.0,0.0,0.0,0.0,0.0,0.0,-1.8913508127792777,-1.8913508127792777
flat,single,0,off,0,916,-1.0861385072360323,206.0,0.7967596054077148,0.7576594352722168,1,-1.0861385072360323,-1.0861385072360323,1,0,off,0,0,0.0,0.0,0.0,0.0,0.0,0.0,0.0,0.0,0.0,0.0,0.0,-1.0861385072360323,-1.0861385072360323
flat,single,0,off,0,917,-0.9243011792562932,187.0,0.7817487716674805,0.7530031204223633,1,-0.9243011792562932,-0.9243011792562932,1,0,off,0,0,0.0,0.0,0.0,0.0,0.0,0.0,0.0,0.0,0.0,0.0,0.0,-0.9243011792562932,-0.9243011792562932
flat,single,0,off,0,918,-1.7407442436937752,228.0,0.7996339201927185,0.7530031204223633,1,-1.7407442436937752,-1.7407442436937752,1,0,off,0,0,0.0,0.0,0.0,0.0,0.0,0.0,0.0,0.0,0.0,0.0,0.0,-1.7407442436937752,-1.7407442436937752
flat,single,0,off,0,919,-0.6184791907656514,204.0,0.7995005249977112,0.7566606998443604,1,-0.6184791907656514,-0.6184791907656514,1,0,off,0,0,0.0,0.0,0.0,0.0,0.0,0.0,0.0,0.0,0.0,0.0,0.0,-0.6184791907656514,-0.6184791907656514
flat,single,0,off,0,920,-1.0393674424651593,218.0,0.8027864694595337,0.7521333694458008,1,-1.0393674424651593,-1.0393674424651593,1,0,off,0,0,0.0,0.0,0.0,0.0,0.0,0.0,0.0,0.0,0.0,0.0,0.0,-1.0393674424651593,-1.0393674424651593
flat,single,0,off,0,921,-2.2873614177224253,260.0,0.835913360118866,0.7530031204223633,1,-2.2873614177224253,-2.2873614177224253,1,0,off,0,0,0.0,0.0,0.0,0.0,0.0,0.0,0.0,0.0,0.0,0.0,0.0,-2.2873614177224253,-2.2873614177224253
flat,single,0,off,0,922,-0.3274005598027758,194.0,0.7922736406326294,0.7530031204223633,1,-0.3274005598027758,-0.3274005598027758,1,0,off,0,0,0.0,0.0,0.0,0.0,0.0,0.0,0.0,0.0,0.0,0.0,0.0,-0.3274005598027758,-0.3274005598027758
flat,single,0,off,0,923,-1.3338426496984948,228.0,0.8125573396682739,0.7566606998443604,1,-1.3338426496984948,-1.3338426496984948,1,0,off,0,0,0.0,0.0,0.0,0.0,0.0,0.0,0.0,0.0,0.0,0.0,0.0,-1.3338426496984948,-1.3338426496984948
flat,single,0,off,0,924,-0.8622441108478265,212.0,0.8060930967330933,0.7576594352722168,1,-0.8622441108478265,-0.8622441108478265,1,0,off,0,0,0.0,0.0,0.0,0.0,0.0,0.0,0.0,0.0,0.0,0.0,0.0,-0.8622441108478265,-0.8622441108478265
flat,single,0,off,0,925,-1.6614644138363703,239.0,0.8229593634605408,0.7559625506401062,1,-1.6614644138363703,-1.6614644138363703,1,0,off,0,0,0.0,0.0,0.0,0.0,0.0,0.0,0.0,0.0,0.0,0.0,0.0,-1.6614644138363703,-1.6614644138363703
flat,single,0,off,0,926,-2.528343645215501,255.0,0.8217419981956482,0.759516179561615,1,-2.528343645215501,-2.528343645215501,1,0,off,0,0,0.0,0.0,0.0,0.0,0.0,0.0,0.0,0.0,0.0,0.0,0.0,-2.528343645215501,-2.528343645215501
flat,single,0,off,0,927,-1.9753005128656564,236.0,0.8067893981933594,0.7569676637649536,1,-1.9753005128656564,-1.9753005128656564,1,0,off,0,0,0.0,0.0,0.0,0.0,0.0,0.0,0.0,0.0,0.0,0.0,0.0,-1.9753005128656564,-1.9753005128656564
flat,single,0,off,0,928,-1.2668178394564937,226.0,0.8291317820549011,0.7584949731826782,1,-1.2668178394564937,-1.2668178394564937,1,0,off,0,0,0.0,0.0,0.0,0.0,0.0,0.0,0.0,0.0,0.0,0.0,0.0,-1.2668178394564937,-1.2668178394564937
flat,single,0,off,0,929,-0.7127840992726886,207.0,0.8029669523239136,0.7530031204223633,1,-0.7127840992726886,-0.7127840992726886,1,0,off,0,0,0.0,0.0,0.0,0.0,0.0,0.0,0.0,0.0,0.0,0.0,0.0,-0.7127840992726886,-0.7127840992726886
flat,single,0,off,0,930,-0.4985649917973237,200.0,0.8061150908470154,0.7597326040267944,1,-0.4985649917973237,-0.4985649917973237,1,0,off,0,0,0.0,0.0,0.0,0.0,0.0,0.0,0.0,0.0,0.0,0.0,0.0,-0.4985649917973237,-0.4985649917973237
flat,single,0,off,0,931,-1.4972620840300837,220.0,0.8144264221191406,0.7589924931526184,1,-1.4972620840300837,-1.4972620840300837,1,0,off,0,0,0.0,0.0,0.0,0.0,0.0,0.0,0.0,0.0,0.0,0.0,0.0,-1.4972620840300837,-1.4972620840300837
flat,single,0,off,0,932,-1.5241902315162639,234.0,0.8048181533813477,0.7551031708717346,1,-1.5241902315162639,-1.5241902315162639,1,0,off,0,0,0.0,0.0,0.0,0.0,0.0,0.0,0.0,0.0,0.0,0.0,0.0,-1.5241902315162639,-1.5241902315162639
flat,single,0,off,0,933,-0.9133855601004363,214.0,0.8192735910415649,0.7566606998443604,1,-0.9133855601004363,-0.9133855601004363,1,0,off,0,0,0.0,0.0,0.0,0.0,0.0,0.0,0.0,0.0,0.0,0.0,0.0,-0.9133855601004363,-0.9133855601004363
flat,single,0,off,0,934,-1.1501841047860264,222.0,0.8193275332450867,0.7566606998443604,1,-1.1501841047860264,-1.1501841047860264,1,0,off,0,0,0.0,0.0,0.0,0.0,0.0,0.0,0.0,0.0,0.0,0.0,0.0,-1.1501841047860264,-1.1501841047860264
flat,single,0,off,0,935,-1.8767629821225975,247.0,0.8239153623580933,0.7598198056221008,1,-1.8767629821225975,-1.8767629821225975,1,0,off,0,0,0.0,0.0,0.0,0.0,0.0,0.0,0.0,0.0,0.0,0.0,0.0,-1.8767629821225975,-1.8767629821225975
flat,single,0,off,0,936,-1.7471277233935,242.0,0.8358872532844543,0.7500118017196655,1,-1.7471277233935,-1.7471277233935,1,0,off,0,0,0.0,0.0,0.0,0.0,0.0,0.0,0.0,0.0,0.0,0.0,0.0,-1.7471277233935,-1.7471277233935
flat,single,0,off,0,937,-0.7058150264457834,207.0,0.8066313862800598,0.7566606998443604,1,-0.7058150264457834,-0.7058150264457834,1,0,off,0,0,0.0,0.0,0.0,0.0,0.0,0.0,0.0,0.0,0.0,0.0,0.0,-0.7058150264457834,-0.7058150264457834
flat,single,0,off,0,938,-0.4458395904081449,198.0,0.7958236336708069,0.7576594352722168,1,-0.4458395904081449,-0.4458395904081449,1,0,off,0,0,0.0,0.0,0.0,0.0,0.0,0.0,0.0,0.0,0.0,0.0,0.0,-0.4458395904081449,-0.4458395904081449
flat,single,0,off,0,939,-1.889350233613518,247.0,0.847111701965332,0.7566606998443604,1,-1.889350233613518,-1.889350233613518,1,0,off,0,0,0.0,0.0,0.0,0.0,0.0,0.0,0.0,0.0,0.0,0.0,0.0,-1.889350233613518,-1.889350233613518
flat,single,0,off,0,940,-0.7674206116341561,209.0,0.8082014918327332,0.7521333694458008,1,-0.7674206116341561,-0.7674206116341561,1,0,off,0,0,0.0,0.0,0.0,0.0,0.0,0.0,0.0,0.0,0.0,0.0,0.0,-0.7674206116341561,-0.7674206116341561
flat,single,0,off,0,941,-1.5666733647242703,236.0,0.8405724763870239,0.7576594352722168,1,-1.5666733647242703,-1.5666733647242703,1,0,off,0,0,0.0,0.0,0.0,0.0,0.0,0.0,0.0,0.0,0.0,0.0,0.0,-1.5666733647242703,-1.5666733647242703
flat,single,0,off,0,942,-0.9369264957739549,201.0,0.7940199971199036,0.7569676637649536,1,-0.9369264957739549,-0.9369264957739549,1,0,off,0,0,0.0,0.0,0.0,0.0,0.0,0.0,0.0,0.0,0.0,0.0,0.0,-0.9369264957739549,-0.9369264957739549
flat,single,0,off,0,943,-0.5189511524303853,187.0,0.7864432334899902,0.7566606998443604,1,-0.5189511524303853,-0.5189511524303853,1,0,off,0,0,0.0,0.0,0.0,0.0,0.0,0.0,0.0,0.0,0.0,0.0,0.0,-0.5189511524303853,-0.5189511524303853
flat,single,0,off,0,944,-1.3834818886185574,230.0,0.8348846435546875,0.7576594352722168,1,-1.3834818886185574,-1.3834818886185574,1,0,off,0,0,0.0,0.0,0.0,0.0,0.0,0.0,0.0,0.0,0.0,0.0,0.0,-1.3834818886185574,-1.3834818886185574
flat,single,0,off,0,945,-0.9343593811162324,201.0,0.7981794476509094,0.7551031708717346,1,-0.9343593811162324,-0.9343593811162324,1,0,off,0,0,0.0,0.0,0.0,0.0,0.0,0.0,0.0,0.0,0.0,0.0,0.0,-0.9343593811162324,-0.9343593811162324
flat,single,0,off,0,946,-0.8820515740988806,213.0,0.8129488229751587,0.7609366774559021,1,-0.8820515740988806,-0.8820515740988806,1,0,off,0,0,0.0,0.0,0.0,0.0,0.0,0.0,0.0,0.0,0.0,0.0,0.0,-0.8820515740988806,-0.8820515740988806
flat,single,0,off,0,947,-1.0139329048385881,204.0,0.8091028928756714,0.7576594352722168,1,-1.0139329048385881,-1.0139329048385881,1,0,off,0,0,0.0,0.0,0.0,0.0,0.0,0.0,0.0,0.0,0.0,0.0,0.0,-1.0139329048385881,-1.0139329048385881
flat,single,0,off,0,948,-1.6356091264204635,238.0,0.8237797021865845,0.7530031204223633,1,-1.6356091264204635,-1.6356091264204635,1,0,off,0,0,0.0,0.0,0.0,0.0,0.0,0.0,0.0,0.0,0.0,0.0,0.0,-1.6356091264204635,-1.6356091264204635
flat,single,0,off,0,949,-1.1541587256209502,222.0,0.8257321715354919,0.7576594352722168,1,-1.1541587256209502,-1.1541587256209502,1,0,off,0,0,0.0,0.0,0.0,0.0,0.0,0.0,0.0,0.0,0.0,0.0,0.0,-1.1541587256209502,-1.1541587256209502
flat,single,0,off,0,950,-1.5047140256199105,234.0,0.8337401747703552,0.7566606998443604,1,-1.5047140256199105,-1.5047140256199105,1,0,off,0,0,0.0,0.0,0.0,0.0,0.0,0.0,0.0,0.0,0.0,0.0,0.0,-1.5047140256199105,-1.5047140256199105
flat,single,0,off,0,951,-0.588728634952572,203.0,0.7921126484870911,0.7584949731826782,1,-0.588728634952572,-0.588728634952572,1,0,off,0,0,0.0,0.0,0.0,0.0,0.0,0.0,0.0,0.0,0.0,0.0,0.0,-0.588728634952572,-0.588728634952572
flat,single,0,off,0,952,-2.3859871493128613,250.0,0.8396921157836914,0.7509386539459229,1,-2.3859871493128613,-2.3859871493128613,1,0,off,0,0,0.0,0.0,0.0,0.0,0.0,0.0,0.0,0.0,0.0,0.0,0.0,-2.3859871493128613,-2.3859871493128613
flat,single,0,off,0,953,-0.6609283546707627,192.0,0.7886328101158142,0.7605621218681335,1,-0.6609283546707627,-0.6609283546707627,1,0,off,0,0,0.0,0.0,0.0,0.0,0.0,0.0,0.0,0.0,0.0,0.0,0.0,-0.6609283546707627,-0.6609283546707627
flat,single,0,off,0,954,-1.3279065719211987,214.0,0.7852147221565247,0.7576594352722168,1,-1.3279065719211987,-1.3279065719211987,1,0,off,0,0,0.0,0.0,0.0,0.0,0.0,0.0,0.0,0.0,0.0,0.0,0.0,-1.3279065719211987,-1.3279065719211987
flat,single,0,off,0,955,-1.533338011184246,235.0,0.8433241844177246,0.7576594352722168,1,-1.533338011184246,-1.533338011184246,1,0,off,0,0,0.0,0.0,0.0,0.0,0.0,0.0,0.0,0.0,0.0,0.0,0.0,-1.533338011184246,-1.533338011184246
flat,single,0,off,0,956,-1.2423331843048846,225.0,0.8213776350021362,0.7530031204223633,1,-1.2423331843048846,-1.2423331843048846,1,0,off,0,0,0.0,0.0,0.0,0.0,0.0,0.0,0.0,0.0,0.0,0.0,0.0,-1.2423331843048846,-1.2423331843048846
flat,single,0,off,0,957,-2.6309901976236145,258.0,0.7886908650398254,0.7530031204223633,1,-2.6309901976236145,-2.6309901976236145,1,0,off,0,0,0.0,0.0,0.0,0.0,0.0,0.0,0.0,0.0,0.0,0.0,0.0,-2.6309901976236145,-2.6309901976236145
flat,single,0,off,0,958,-1.5789396791579247,223.0,0.8209789991378784,0.7580375671386719,1,-1.5789396791579247,-1.5789396791579247,1,0,off,0,0,0.0,0.0,0.0,0.0,0.0,0.0,0.0,0.0,0.0,0.0,0.0,-1.5789396791579247,-1.5789396791579247
flat,single,0,off,0,959,-1.3468244865187489,215.0,0.8204111456871033,0.7519357204437256,1,-1.3468244865187489,-1.3468244865187489,1,0,off,0,0,0.0,0.0,0.0,0.0,0.0,0.0,0.0,0.0,0.0,0.0,0.0,-1.3468244865187489,-1.3468244865187489
flat,single,0,off,0,960,-1.3549060909356963,229.0,0.8432172536849976,0.7576594352722168,1,-1.3549060909356963,-1.3549060909356963,1,0,off,0,0,0.0,0.0,0.0,0.0,0.0,0.0,0.0,0.0,0.0,0.0,0.0,-1.3549060909356963,-1.3549060909356963
flat,single,0,off,0,961,-0.4388045857928258,198.0,0.8007426857948303,0.7566606998443604,1,-0.4388045857928258,-0.4388045857928258,1,0,off,0,0,0.0,0.0,0.0,0.0,0.0,0.0,0.0,0.0,0.0,0.0,0.0,-0.4388045857928258,-0.4388045857928258
flat,single,0,off,0,962,-1.5097696760483135,234.0,0.8292957544326782,0.7576594352722168,1,-1.5097696760483135,-1.5097696760483135,1,0,off,0,0,0.0,0.0,0.0,0.0,0.0,0.0,0.0,0.0,0.0,0.0,0.0,-1.5097696760483135,-1.5097696760483135
flat,single,0,off,0,963,-0.7078923681948839,207.0,0.8054203987121582,0.7521333694458008,1,-0.7078923681948839,-0.7078923681948839,1,0,off,0,0,0.0,0.0,0.0,0.0,0.0,0.0,0.0,0.0,0.0,0.0,0.0,-0.7078923681948839,-0.7078923681948839
flat,single,0,off,0,964,-1.7796827235526904,243.0,0.8358466029167175,0.7576594352722168,1,-1.7796827235526904,-1.7796827235526904,1,0,off,0,0,0.0,0.0,0.0,0.0,0.0,0.0,0.0,0.0,0.0,0.0,0.0,-1.7796827235526904,-1.7796827235526904
flat,single,0,off,0,965,-1.7393320424866445,228.0,0.8172088265419006,0.7519763708114624,1,-1.7393320424866445,-1.7393320424866445,1,0,off,0,0,0.0,0.0,0.0,0.0,0.0,0.0,0.0,0.0,0.0,0.0,0.0,-1.7393320424866445,-1.7393320424866445
flat,single,0,off,0,966,-0.8414170205569866,198.0,0.7995739579200745,0.7550555467605591,1,-0.8414170205569866,-0.8414170205569866,1,0,off,0,0,0.0,0.0,0.0,0.0,0.0,0.0,0.0,0.0,0.0,0.0,0.0,-0.8414170205569866,-0.8414170205569866
flat,single,0,off,0,967,-1.099348771543013,220.0,0.7999491095542908,0.7530031204223633,1,-1.099348771543013,-1.099348771543013,1,0,off,0,0,0.0,0.0,0.0,0.0,0.0,0.0,0.0,0.0,0.0,0.0,0.0,-1.099348771543013,-1.099348771543013
flat,single,0,off,0,968,-1.5665575150644915,236.0,0.8335776329040527,0.7528660297393799,1,-1.5665575150644915,-1.5665575150644915,1,0,off,0,0,0.0,0.0,0.0,0.0,0.0,0.0,0.0,0.0,0.0,0.0,0.0,-1.5665575150644915,-1.5665575150644915
flat,single,0,off,0,969,-1.1236169875029052,221.0,0.826874315738678,0.7576594352722168,1,-1.1236169875029052,-1.1236169875029052,1,0,off,0,0,0.0,0.0,0.0,0.0,0.0,0.0,0.0,0.0,0.0,0.0,0.0,-1.1236169875029052,-1.1236169875029052
flat,single,0,off,0,970,-1.5112155885133012,234.0,0.8330641984939575,0.7530031204223633,1,-1.5112155885133012,-1.5112155885133012,1,0,off,0,0,0.0,0.0,0.0,0.0,0.0,0.0,0.0,0.0,0.0,0.0,0.0,-1.5112155885133012,-1.5112155885133012
flat,single,0,off,0,971,-1.0313569068186943,218.0,0.829034686088562,0.7530031204223633,1,-1.0313569068186943,-1.0313569068186943,1,0,off,0,0,0.0,0.0,0.0,0.0,0.0,0.0,0.0,0.0,0.0,0.0,0.0,-1.0313569068186943,-1.0313569068186943
flat,single,0,off,0,972,-0.9624480153690133,202.0,0.7964333295822144,0.7605621218681335,1,-0.9624480153690133,-0.9624480153690133,1,0,off,0,0,0.0,0.0,0.0,0.0,0.0,0.0,0.0,0.0,0.0,0.0,0.0,-0.9624480153690133,-0.9624480153690133
flat,single,0,off,0,973,-0.5223607532575298,201.0,0.810276448726654,0.7576594352722168,1,-0.5223607532575298,-0.5223607532575298,1,0,off,0,0,0.0,0.0,0.0,0.0,0.0,0.0,0.0,0.0,0.0,0.0,0.0,-0.5223607532575298,-0.5223607532575298
flat,single,0,off,0,974,-1.77222768746899,229.0,0.8032137751579285,0.7550555467605591,1,-1.77222768746899,-1.77222768746899,1,0,off,0,0,0.0,0.0,0.0,0.0,0.0,0.0,0.0,0.0,0.0,0.0,0.0,-1.77222768746899,-1.77222768746899
flat,single,0,off,0,975,-0.8449965952814121,198.0,0.7918314337730408,0.7576594352722168,1,-0.8449965952814121,-0.8449965952814121,1,0,off,0,0,0.0,0.0,0.0,0.0,0.0,0.0,0.0,0.0,0.0,0.0,0.0,-0.8449965952814121,-0.8449965952814121
flat,single,0,off,0,976,-0.7548977906291874,195.0,0.7940558791160583,0.7566606998443604,1,-0.7548977906291874,-0.7548977906291874,1,0,off,0,0,0.0,0.0,0.0,0.0,0.0,0.0,0.0,0.0,0.0,0.0,0.0,-0.7548977906291874,-0.7548977906291874
flat,single,0,off,0,977,-1.5794519779749732,236.0,0.8057851791381836,0.7547546029090881,1,-1.5794519779749732,-1.5794519779749732,1,0,off,0,0,0.0,0.0,0.0,0.0,0.0,0.0,0.0,0.0,0.0,0.0,0.0,-1.5794519779749732,-1.5794519779749732
flat,single,0,off,0,978,-2.1480145828821735,242.0,0.8355876803398132,0.7572657465934753,1,-2.1480145828821735,-2.1480145828821735,1,0,off,0,0,0.0,0.0,0.0,0.0,0.0,0.0,0.0,0.0,0.0,0.0,0.0,-2.1480145828821735,-2.1480145828821735
flat,single,0,off,0,979,-1.645963422686332,225.0,0.8129780888557434,0.7589924931526184,1,-1.645963422686332,-1.645963422686332,1,0,off,0,0,0.0,0.0,0.0,0.0,0.0,0.0,0.0,0.0,0.0,0.0,0.0,-1.645963422686332,-1.645963422686332
flat,single,0,off,0,980,-1.2983492184628305,227.0,0.8246280550956726,0.7566606998443604,1,-1.2983492184628305,-1.2983492184628305,1,0,off,0,0,0.0,0.0,0.0,0.0,0.0,0.0,0.0,0.0,0.0,0.0,0.0,-1.2983492184628305,-1.2983492184628305
flat,single,0,off,0,981,-1.9849178314791114,250.0,0.8430503606796265,0.7580375671386719,1,-1.9849178314791114,-1.9849178314791114,1,0,off,0,0,0.0,0.0,0.0,0.0,0.0,0.0,0.0,0.0,0.0,0.0,0.0,-1.9849178314791114,-1.9849178314791114
flat,single,0,off,0,982,-0.9402252729400106,215.0,0.8241201043128967,0.7530031204223633,1,-0.9402252729400106,-0.9402252729400106,1,0,off,0,0,0.0,0.0,0.0,0.0,0.0,0.0,0.0,0.0,0.0,0.0,0.0,-0.9402252729400106,-0.9402252729400106
flat,single,0,off,0,983,-0.5583811225567517,202.0,0.7988511323928833,0.7512605786323547,1,-0.5583811225567517,-0.5583811225567517,1,0,off,0,0,0.0,0.0,0.0,0.0,0.0,0.0,0.0,0.0,0.0,0.0,0.0,-0.5583811225567517,-0.5583811225567517
flat,single,0,off,0,984,-0.8217128437547988,211.0,0.8245945572853088,0.7584949731826782,1,-0.8217128437547988,-0.8217128437547988,1,0,off,0,0,0.0,0.0,0.0,0.0,0.0,0.0,0.0,0.0,0.0,0.0,0.0,-0.8217128437547988,-0.8217128437547988
flat,single,0,off,0,985,-0.6894396741851273,193.0,0.7974429130554199,0.7548405528068542,1,-0.6894396741851273,-0.6894396741851273,1,0,off,0,0,0.0,0.0,0.0,0.0,0.0,0.0,0.0,0.0,0.0,0.0,0.0,-0.6894396741851273,-0.6894396741851273
flat,single,0,off,0,986,-1.4398482393450154,218.0,0.8048415184020996,0.7576594352722168,1,-1.4398482393450154,-1.4398482393450154,1,0,off,0,0,0.0,0.0,0.0,0.0,0.0,0.0,0.0,0.0,0.0,0.0,0.0,-1.4398482393450154,-1.4398482393450154
flat,single,0,off,0,987,-0.4450266654754561,198.0,0.8046059012413025,0.7530031204223633,1,-0.4450266654754561,-0.4450266654754561,1,0,off,0,0,0.0,0.0,0.0,0.0,0.0,0.0,0.0,0.0,0.0,0.0,0.0,-0.4450266654754561,-0.4450266654754561
flat,single,0,off,0,988,-1.134377788677816,221.0,0.7956330180168152,0.7576594352722168,1,-1.134377788677816,-1.134377788677816,1,0,off,0,0,0.0,0.0,0.0,0.0,0.0,0.0,0.0,0.0,0.0,0.0,0.0,-1.134377788677816,-1.134377788677816
flat,single,0,off,0,989,-1.7444895286543805,242.0,0.8357248306274414,0.7576594352722168,1,-1.7444895286543805,-1.7444895286543805,1,0,off,0,0,0.0,0.0,0.0,0.0,0.0,0.0,0.0,0.0,0.0,0.0,0.0,-1.7444895286543805,-1.7444895286543805
flat,single,0,off,0,990,-2.7159109340934067,261.0,0.8467522859573364,0.7509467005729675,1,-2.7159109340934067,-2.7159109340934067,1,0,off,0,0,0.0,0.0,0.0,0.0,0.0,0.0,0.0,0.0,0.0,0.0,0.0,-2.7159109340934067,-2.7159109340934067
flat,single,0,off,0,991,-0.9777530795324166,216.0,0.821326732635498,0.7542409300804138,1,-0.9777530795324166,-0.9777530795324166,1,0,off,0,0,0.0,0.0,0.0,0.0,0.0,0.0,0.0,0.0,0.0,0.0,0.0,-0.9777530795324166,-0.9777530795324166
flat,single,0,off,0,992,-1.201421453370716,183.0,0.7738183736801147,0.7530031204223633,1,-1.201421453370716,-1.201421453370716,1,0,off,0,0,0.0,0.0,0.0,0.0,0.0,0.0,0.0,0.0,0.0,0.0,0.0,-1.201421453370716,-1.201421453370716
flat,single,0,off,0,993,-1.2107907707267491,224.0,0.8125271201133728,0.763371467590332,1,-1.2107907707267491,-1.2107907707267491,1,0,off,0,0,0.0,0.0,0.0,0.0,0.0,0.0,0.0,0.0,0.0,0.0,0.0,-1.2107907707267491,-1.2107907707267491
flat,single,0,off,0,994,-2.0727798957005192,253.0,0.8479684591293335,0.7566606998443604,1,-2.0727798957005192,-2.0727798957005192,1,0,off,0,0,0.0,0.0,0.0,0.0,0.0,0.0,0.0,0.0,0.0,0.0,0.0,-2.0727798957005192,-2.0727798957005192
flat,single,0,off,0,995,-2.205867760861296,245.0,0.8212212920188904,0.7538048624992371,1,-2.205867760861296,-2.205867760861296,1,0,off,0,0,0.0,0.0,0.0,0.0,0.0,0.0,0.0,0.0,0.0,0.0,0.0,-2.205867760861296,-2.205867760861296
flat,single,0,off,0,996,-1.685443394503095,240.0,0.8401943445205688,0.763371467590332,1,-1.685443394503095,-1.685443394503095,1,0,off,0,0,0.0,0.0,0.0,0.0,0.0,0.0,0.0,0.0,0.0,0.0,0.0,-1.685443394503095,-1.685443394503095
flat,single,0,off,0,997,-0.9710330419254068,216.0,0.8140654563903809,0.7576594352722168,1,-0.9710330419254068,-0.9710330419254068,1,0,off,0,0,0.0,0.0,0.0,0.0,0.0,0.0,0.0,0.0,0.0,0.0,0.0,-0.9710330419254068,-0.9710330419254068
flat,single,0,off,0,998,-1.4715239047631665,233.0,0.8356760740280151,0.763371467590332,1,-1.4715239047631665,-1.4715239047631665,1,0,off,0,0,0.0,0.0,0.0,0.0,0.0,0.0,0.0,0.0,0.0,0.0,0.0,-1.4715239047631665,-1.4715239047631665
flat,single,0,off,0,999,-0.17804178246762833,189.0,0.7863541841506958,0.7566606998443604,1,-0.17804178246762833,-0.17804178246762833,1,0,off,0,0,0.0,0.0,0.0,0.0,0.0,0.0,0.0,0.0,0.0,0.0,0.0,-0.17804178246762833,-0.17804178246762833
flat,single,0,off,0,1000,-1.671134919214532,226.0,0.8128805160522461,0.7605621218681335,1,-1.671134919214532,-1.671134919214532,1,0,off,0,0,0.0,0.0,0.0,0.0,0.0,0.0,0.0,0.0,0.0,0.0,0.0,-1.671134919214532,-1.671134919214532
