arch,ll_mode,experience_sharing,share_mode,use_tutee,episode,reward,steps,mastery_mean,mastery_min,completed,flat_agent_reward,avg_agent_reward,n_ll_agents,share_enabled_eff,share_mode_eff,share_attempts,share_peer_samples,share_mean_peer_weight,share_eligible_peers_mean,share_selected_peers_mean,ll_reward_0,ll_reward_1,ll_reward_2,ll_reward_3,ll_reward_4,tutee_reward_total,avg_reward_per_learning_agent,avg_reward_per_topic_slot
flat,single,0,weighted_cka,0,1,-0.20065736476972335,300.0,0.15178334712982178,0.0013385663041844964,0,-0.20065736476972335,-0.20065736476972335,1,0,off,0,0,0.0,0.0,0.0,0.0,0.0,0.0,0.0,0.0,0.0,-0.20065736476972335,-0.20065736476972335
flat,single,0,weighted_cka,0,2,0.10364454834489047,300.0,0.17299599945545197,0.027894889935851097,0,0.10364454834489047,0.10364454834489047,1,0,off,0,0,0.0,0.0,0.0,0.0,0.0,0.0,0.0,0.0,0.0,0.10364454834489047,0.10364454834489047
flat,single,0,weighted_cka,0,3,0.46724379932147597,300.0,0.25450342893600464,0.010444268584251404,0,0.46724379932147597,0.46724379932147597,1,0,off,0,0,0.0,0.0,0.0,0.0,0.0,0.0,0.0,0.0,0.0,0.46724379932147597,0.46724379932147597
flat,single,0,weighted_cka,0,4,0.46494894882543925,300.0,0.27575570344924927,0.1561465561389923,0,0.46494894882543925,0.46494894882543925,1,0,off,0,0,0.0,0.0,0.0,0.0,0.0,0.0,0.0,0.0,0.0,0.46494894882543925,0.46494894882543925
flat,single,0,weighted_cka,0,5,0.3257142737082166,300.0,0.32401400804519653,0.10839717835187912,0,0.3257142737082166,0.3257142737082166,1,0,off,0,0,0.0,0.0,0.0,0.0,0.0,0.0,0.0,0.0,0.0,0.3257142737082166,0.3257142737082166
flat,single,0,weighted_cka,0,6,0.5592928506768646,300.0,0.2831107974052429,0.030860114842653275,0,0.5592928506768646,0.5592928506768646,1,0,off,0,0,0.0,0.0,0.0,0.0,0.0,0.0,0.0,0.0,0.0,0.5592928506768646,0.5592928506768646
flat,single,0,weighted_cka,0,7,0.8331489721069363,300.0,0.303159236907959,0.15194569528102875,0,0.8331489721069363,0.8331489721069363,1,0,off,0,0,0.0,0.0,0.0,0.0,0.0,0.0,0.0,0.0,0.0,0.8331489721069363,0.8331489721069363
flat,single,0,weighted_cka,0,8,0.8659485840455932,300.0,0.3311971127986908,0.15570101141929626,0,0.8659485840455932,0.8659485840455932,1,0,off,0,0,0.0,0.0,0.0,0.0,0.0,0.0,0.0,0.0,0.0,0.8659485840455932,0.8659485840455932
flat,single,0,weighted_cka,0,9,0.8446709773945247,300.0,0.3441382050514221,0.1587141901254654,0,0.8446709773945247,0.8446709773945247,1,0,off,0,0,0.0,0.0,0.0,0.0,0.0,0.0,0.0,0.0,0.0,0.8446709773945247,0.8446709773945247
flat,single,0,weighted_cka,0,10,0.7616107750211074,300.0,0.355145663022995,0.09165316820144653,0,0.7616107750211074,0.7616107750211074,1,0,off,0,0,0.0,0.0,0.0,0.0,0.0,0.0,0.0,0.0,0.0,0.7616107750211074,0.7616107750211074
flat,single,0,weighted_cka,0,11,0.814432255957175,300.0,0.30219826102256775,0.11923260986804962,0,0.814432255957175,0.814432255957175,1,0,off,0,0,0.0,0.0,0.0,0.0,0.0,0.0,0.0,0.0,0.0,0.814432255957175,0.814432255957175
flat,single,0,weighted_cka,0,12,1.7484477699877048,300.0,0.5226240158081055,0.18576118350028992,0,1.7484477699877048,1.7484477699877048,1,0,off,0,0,0.0,0.0,0.0,0.0,0.0,0.0,0.0,0.0,0.0,1.7484477699877048,1.7484477699877048
flat,single,0,weighted_cka,0,13,1.7366456727577302,300.0,0.5176624655723572,0.20751094818115234,0,1.7366456727577302,1.7366456727577302,1,0,off,0,0,0.0,0.0,0.0,0.0,0.0,0.0,0.0,0.0,0.0,1.7366456727577302,1.7366456727577302
flat,single,0,weighted_cka,0,14,0.846176990517232,300.0,0.4672811031341553,0.16909702122211456,0,0.846176990517232,0.846176990517232,1,0,off,0,0,0.0,0.0,0.0,0.0,0.0,0.0,0.0,0.0,0.0,0.846176990517232,0.846176990517232
flat,single,0,weighted_cka,0,15,1.3682686398256907,300.0,0.4922676086425781,0.11560941487550735,0,1.3682686398256907,1.3682686398256907,1,0,off,0,0,0.0,0.0,0.0,0.0,0.0,0.0,0.0,0.0,0.0,1.3682686398256907,1.3682686398256907
flat,single,0,weighted_cka,0,16,1.527719466102643,300.0,0.5916325449943542,0.4413139522075653,0,1.527719466102643,1.527719466102643,1,0,off,0,0,0.0,0.0,0.0,0.0,0.0,0.0,0.0,0.0,0.0,1.527719466102643,1.527719466102643
flat,single,0,weighted_cka,0,17,1.9820369709759675,300.0,0.6875425577163696,0.633491575717926,0,1.9820369709759675,1.9820369709759675,1,0,off,0,0,0.0,0.0,0.0,0.0,0.0,0.0,0.0,0.0,0.0,1.9820369709759675,1.9820369709759675
flat,single,0,weighted_cka,0,18,0.9226630681398081,300.0,0.45808929204940796,0.1614866703748703,0,0.9226630681398081,0.9226630681398081,1,0,off,0,0,0.0,0.0,0.0,0.0,0.0,0.0,0.0,0.0,0.0,0.9226630681398081,0.9226630681398081
flat,single,0,weighted_cka,0,19,1.3205212266708246,300.0,0.4262498915195465,0.1904822140932083,0,1.3205212266708246,1.3205212266708246,1,0,off,0,0,0.0,0.0,0.0,0.0,0.0,0.0,0.0,0.0,0.0,1.3205212266708246,1.3205212266708246
flat,single,0,weighted_cka,0,20,0.8627045833993168,300.0,0.3970226049423218,0.1668158322572708,0,0.8627045833993168,0.8627045833993168,1,0,off,0,0,0.0,0.0,0.0,0.0,0.0,0.0,0.0,0.0,0.0,0.8627045833993168,0.8627045833993168
flat,single,0,weighted_cka,0,21,1.6613585849515915,300.0,0.5038101077079773,0.09598344564437866,0,1.6613585849515915,1.6613585849515915,1,0,off,0,0,0.0,0.0,0.0,0.0,0.0,0.0,0.0,0.0,0.0,1.6613585849515915,1.6613585849515915
flat,single,0,weighted_cka,0,22,1.3320202593909913,300.0,0.45392292737960815,0.1780552864074707,0,1.3320202593909913,1.3320202593909913,1,0,off,0,0,0.0,0.0,0.0,0.0,0.0,0.0,0.0,0.0,0.0,1.3320202593909913,1.3320202593909913
flat,single,0,weighted_cka,0,23,0.39038279235309226,300.0,0.3344922661781311,0.19642357528209686,0,0.39038279235309226,0.39038279235309226,1,0,off,0,0,0.0,0.0,0.0,0.0,0.0,0.0,0.0,0.0,0.0,0.39038279235309226,0.39038279235309226
flat,single,0,weighted_cka,0,24,1.189649721398017,300.0,0.3889797329902649,0.12967267632484436,0,1.189649721398017,1.189649721398017,1,0,off,0,0,0.0,0.0,0.0,0.0,0.0,0.0,0.0,0.0,0.0,1.189649721398017,1.189649721398017
flat,single,0,weighted_cka,0,25,1.3778593831690147,300.0,0.5269216895103455,0.20003049075603485,0,1.3778593831690147,1.3778593831690147,1,0,off,0,0,0.0,0.0,0.0,0.0,0.0,0.0,0.0,0.0,0.0,1.3778593831690147,1.3778593831690147
flat,single,0,weighted_cka,0,26,0.8837194710860206,300.0,0.45967912673950195,0.1899629384279251,0,0.8837194710860206,0.8837194710860206,1,0,off,0,0,0.0,0.0,0.0,0.0,0.0,0.0,0.0,0.0,0.0,0.8837194710860206,0.8837194710860206
flat,single,0,weighted_cka,0,27,1.2902781231547111,300.0,0.5216224789619446,0.1086038127541542,0,1.2902781231547111,1.2902781231547111,1,0,off,0,0,0.0,0.0,0.0,0.0,0.0,0.0,0.0,0.0,0.0,1.2902781231547111,1.2902781231547111
flat,single,0,weighted_cka,0,28,0.42324611101376686,300.0,0.4242328107357025,0.16797779500484467,0,0.42324611101376686,0.42324611101376686,1,0,off,0,0,0.0,0.0,0.0,0.0,0.0,0.0,0.0,0.0,0.0,0.42324611101376686,0.42324611101376686
flat,single,0,weighted_cka,0,29,1.5309790753817638,300.0,0.4869615137577057,0.11217611283063889,0,1.5309790753817638,1.5309790753817638,1,0,off,0,0,0.0,0.0,0.0,0.0,0.0,0.0,0.0,0.0,0.0,1.5309790753817638,1.5309790753817638
flat,single,0,weighted_cka,0,30,0.8550008596973373,300.0,0.4315258860588074,0.1248820498585701,0,0.8550008596973373,0.8550008596973373,1,0,off,0,0,0.0,0.0,0.0,0.0,0.0,0.0,0.0,0.0,0.0,0.8550008596973373,0.8550008596973373
flat,single,0,weighted_cka,0,31,1.3894078919821355,300.0,0.5165423154830933,0.2339564561843872,0,1.3894078919821355,1.3894078919821355,1,0,off,0,0,0.0,0.0,0.0,0.0,0.0,0.0,0.0,0.0,0.0,1.3894078919821355,1.3894078919821355
flat,single,0,weighted_cka,0,32,0.4905987124249793,300.0,0.34374672174453735,0.0226182471960783,0,0.4905987124249793,0.4905987124249793,1,0,off,0,0,0.0,0.0,0.0,0.0,0.0,0.0,0.0,0.0,0.0,0.4905987124249793,0.4905987124249793
flat,single,0,weighted_cka,0,33,1.2861924479371725,300.0,0.49626198410987854,0.1409820318222046,0,1.2861924479371725,1.2861924479371725,1,0,off,0,0,0.0,0.0,0.0,0.0,0.0,0.0,0.0,0.0,0.0,1.2861924479371725,1.2861924479371725
flat,single,0,weighted_cka,0,34,1.0336939993241674,300.0,0.5231674313545227,0.17195753753185272,0,1.0336939993241674,1.0336939993241674,1,0,off,0,0,0.0,0.0,0.0,0.0,0.0,0.0,0.0,0.0,0.0,1.0336939993241674,1.0336939993241674
flat,single,0,weighted_cka,0,35,0.680044096293567,300.0,0.3239098787307739,0.12320621311664581,0,0.680044096293567,0.680044096293567,1,0,off,0,0,0.0,0.0,0.0,0.0,0.0,0.0,0.0,0.0,0.0,0.680044096293567,0.680044096293567
flat,single,0,weighted_cka,0,36,1.3796905479665371,300.0,0.46345263719558716,0.1911281943321228,0,1.3796905479665371,1.3796905479665371,1,0,off,0,0,0.0,0.0,0.0,0.0,0.0,0.0,0.0,0.0,0.0,1.3796905479665371,1.3796905479665371
flat,single,0,weighted_cka,0,37,1.0769937946090056,300.0,0.5141044855117798,0.3771222233772278,0,1.0769937946090056,1.0769937946090056,1,0,off,0,0,0.0,0.0,0.0,0.0,0.0,0.0,0.0,0.0,0.0,1.0769937946090056,1.0769937946090056
flat,single,0,weighted_cka,0,38,1.3759492096010932,300.0,0.4489540159702301,0.21471503376960754,0,1.3759492096010932,1.3759492096010932,1,0,off,0,0,0.0,0.0,0.0,0.0,0.0,0.0,0.0,0.0,0.0,1.3759492096010932,1.3759492096010932
flat,single,0,weighted_cka,0,39,0.8882782836722742,300.0,0.42996302247047424,0.17441637814044952,0,0.8882782836722742,0.8882782836722742,1,0,off,0,0,0.0,0.0,0.0,0.0,0.0,0.0,0.0,0.0,0.0,0.8882782836722742,0.8882782836722742
flat,single,0,weighted_cka,0,40,1.3849557752979296,300.0,0.5277677774429321,0.2585446238517761,0,1.3849557752979296,1.3849557752979296,1,0,off,0,0,0.0,0.0,0.0,0.0,0.0,0.0,0.0,0.0,0.0,1.3849557752979296,1.3849557752979296
flat,single,0,weighted_cka,0,41,0.7478999995793845,300.0,0.3928404450416565,0.07554234564304352,0,0.7478999995793845,0.7478999995793845,1,0,off,0,0,0.0,0.0,0.0,0.0,0.0,0.0,0.0,0.0,0.0,0.7478999995793845,0.7478999995793845
flat,single,0,weighted_cka,0,42,1.4104659371238073,300.0,0.5290313959121704,0.3226744532585144,0,1.4104659371238073,1.4104659371238073,1,0,off,0,0,0.0,0.0,0.0,0.0,0.0,0.0,0.0,0.0,0.0,1.4104659371238073,1.4104659371238073
flat,single,0,weighted_cka,0,43,1.3837387987819953,300.0,0.5266016125679016,0.22334466874599457,0,1.3837387987819953,1.3837387987819953,1,0,off,0,0,0.0,0.0,0.0,0.0,0.0,0.0,0.0,0.0,0.0,1.3837387987819953,1.3837387987819953
flat,single,0,weighted_cka,0,44,1.1323675386134697,300.0,0.48224982619285583,0.04312879964709282,0,1.1323675386134697,1.1323675386134697,1,0,off,0,0,0.0,0.0,0.0,0.0,0.0,0.0,0.0,0.0,0.0,1.1323675386134697,1.1323675386134697
flat,single,0,weighted_cka,0,45,1.454685998993658,300.0,0.5910054445266724,0.35258612036705017,0,1.454685998993658,1.454685998993658,1,0,off,0,0,0.0,0.0,0.0,0.0,0.0,0.0,0.0,0.0,0.0,1.454685998993658,1.454685998993658
flat,single,0,weighted_cka,0,46,1.4432097508833963,300.0,0.4996994137763977,0.023287372663617134,0,1.4432097508833963,1.4432097508833963,1,0,off,0,0,0.0,0.0,0.0,0.0,0.0,0.0,0.0,0.0,0.0,1.4432097508833963,1.4432097508833963
flat,single,0,weighted_cka,0,47,1.6532029199834128,300.0,0.5182207226753235,0.10256897658109665,0,1.6532029199834128,1.6532029199834128,1,0,off,0,0,0.0,0.0,0.0,0.0,0.0,0.0,0.0,0.0,0.0,1.6532029199834128,1.6532029199834128
flat,single,0,weighted_cka,0,48,1.97090599020339,300.0,0.6414340734481812,0.5217178463935852,0,1.97090599020339,1.97090599020339,1,0,off,0,0,0.0,0.0,0.0,0.0,0.0,0.0,0.0,0.0,0.0,1.97090599020339,1.97090599020339
flat,single,0,weighted_cka,0,49,1.0876351710932783,300.0,0.47308021783828735,0.27330949902534485,0,1.0876351710932783,1.0876351710932783,1,0,off,0,0,0.0,0.0,0.0,0.0,0.0,0.0,0.0,0.0,0.0,1.0876351710932783,1.0876351710932783
flat,single,0,weighted_cka,0,50,0.551783939282176,300.0,0.44924062490463257,0.22794051468372345,0,0.551783939282176,0.551783939282176,1,0,off,0,0,0.0,0.0,0.0,0.0,0.0,0.0,0.0,0.0,0.0,0.551783939282176,0.551783939282176
flat,single,0,weighted_cka,0,51,0.6358547360170622,300.0,0.3685268759727478,0.03289903327822685,0,0.6358547360170622,0.6358547360170622,1,0,off,0,0,0.0,0.0,0.0,0.0,0.0,0.0,0.0,0.0,0.0,0.6358547360170622,0.6358547360170622
flat,single,0,weighted_cka,0,52,1.07540935659818,300.0,0.4205482006072998,0.08884073793888092,0,1.07540935659818,1.07540935659818,1,0,off,0,0,0.0,0.0,0.0,0.0,0.0,0.0,0.0,0.0,0.0,1.07540935659818,1.07540935659818
flat,single,0,weighted_cka,0,53,1.8085244097266,300.0,0.6162227392196655,0.3970130681991577,0,1.8085244097266,1.8085244097266,1,0,off,0,0,0.0,0.0,0.0,0.0,0.0,0.0,0.0,0.0,0.0,1.8085244097266,1.8085244097266
flat,single,0,weighted_cka,0,54,0.8960565141635004,300.0,0.42538994550704956,0.2196216732263565,0,0.8960565141635004,0.8960565141635004,1,0,off,0,0,0.0,0.0,0.0,0.0,0.0,0.0,0.0,0.0,0.0,0.8960565141635004,0.8960565141635004
flat,single,0,weighted_cka,0,55,1.5426182879506074,300.0,0.6236600875854492,0.5581545829772949,0,1.5426182879506074,1.5426182879506074,1,0,off,0,0,0.0,0.0,0.0,0.0,0.0,0.0,0.0,0.0,0.0,1.5426182879506074,1.5426182879506074
flat,single,0,weighted_cka,0,56,1.8077247994806371,300.0,0.5547341108322144,0.32628679275512695,0,1.8077247994806371,1.8077247994806371,1,0,off,0,0,0.0,0.0,0.0,0.0,0.0,0.0,0.0,0.0,0.0,1.8077247994806371,1.8077247994806371
flat,single,0,weighted_cka,0,57,0.7730944329618512,300.0,0.4198973774909973,0.16110031306743622,0,0.7730944329618512,0.7730944329618512,1,0,off,0,0,0.0,0.0,0.0,0.0,0.0,0.0,0.0,0.0,0.0,0.7730944329618512,0.7730944329618512
flat,single,0,weighted_cka,0,58,1.677966496092266,300.0,0.5076919794082642,0.16284655034542084,0,1.677966496092266,1.677966496092266,1,0,off,0,0,0.0,0.0,0.0,0.0,0.0,0.0,0.0,0.0,0.0,1.677966496092266,1.677966496092266
flat,single,0,weighted_cka,0,59,1.8228857136127758,300.0,0.5763958692550659,0.2986927032470703,0,1.8228857136127758,1.8228857136127758,1,0,off,0,0,0.0,0.0,0.0,0.0,0.0,0.0,0.0,0.0,0.0,1.8228857136127758,1.8228857136127758
flat,single,0,weighted_cka,0,60,0.8434165829959954,300.0,0.44800370931625366,0.1291416436433792,0,0.8434165829959954,0.8434165829959954,1,0,off,0,0,0.0,0.0,0.0,0.0,0.0,0.0,0.0,0.0,0.0,0.8434165829959954,0.8434165829959954
flat,single,0,weighted_cka,0,61,0.2162276028946497,300.0,0.3246450424194336,0.054452233016490936,0,0.2162276028946497,0.2162276028946497,1,0,off,0,0,0.0,0.0,0.0,0.0,0.0,0.0,0.0,0.0,0.0,0.2162276028946497,0.2162276028946497
flat,single,0,weighted_cka,0,62,0.3406426082862115,300.0,0.36407750844955444,0.11138750612735748,0,0.3406426082862115,0.3406426082862115,1,0,off,0,0,0.0,0.0,0.0,0.0,0.0,0.0,0.0,0.0,0.0,0.3406426082862115,0.3406426082862115
flat,single,0,weighted_cka,0,63,1.635498917376316,300.0,0.5065290927886963,0.11948809772729874,0,1.635498917376316,1.635498917376316,1,0,off,0,0,0.0,0.0,0.0,0.0,0.0,0.0,0.0,0.0,0.0,1.635498917376316,1.635498917376316
flat,single,0,weighted_cka,0,64,1.4468733154422795,300.0,0.5302749872207642,0.31846898794174194,0,1.4468733154422795,1.4468733154422795,1,0,off,0,0,0.0,0.0,0.0,0.0,0.0,0.0,0.0,0.0,0.0,1.4468733154422795,1.4468733154422795
flat,single,0,weighted_cka,0,65,1.948153251556049,300.0,0.6481748819351196,0.4899633824825287,0,1.948153251556049,1.948153251556049,1,0,off,0,0,0.0,0.0,0.0,0.0,0.0,0.0,0.0,0.0,0.0,1.948153251556049,1.948153251556049
flat,single,0,weighted_cka,0,66,1.8269884749329308,300.0,0.5557961463928223,0.31054818630218506,0,1.8269884749329308,1.8269884749329308,1,0,off,0,0,0.0,0.0,0.0,0.0,0.0,0.0,0.0,0.0,0.0,1.8269884749329308,1.8269884749329308
flat,single,0,weighted_cka,0,67,1.4973033290279987,300.0,0.5023428201675415,0.023699184879660606,0,1.4973033290279987,1.4973033290279987,1,0,off,0,0,0.0,0.0,0.0,0.0,0.0,0.0,0.0,0.0,0.0,1.4973033290279987,1.4973033290279987
flat,single,0,weighted_cka,0,68,0.7711535397958644,300.0,0.3567291796207428,0.14059175550937653,0,0.7711535397958644,0.7711535397958644,1,0,off,0,0,0.0,0.0,0.0,0.0,0.0,0.0,0.0,0.0,0.0,0.7711535397958644,0.7711535397958644
flat,single,0,weighted_cka,0,69,0.820940866998352,300.0,0.39303722977638245,0.19284793734550476,0,0.820940866998352,0.820940866998352,1,0,off,0,0,0.0,0.0,0.0,0.0,0.0,0.0,0.0,0.0,0.0,0.820940866998352,0.820940866998352
flat,single,0,weighted_cka,0,70,0.8609048517420878,300.0,0.4277551770210266,0.1504238247871399,0,0.8609048517420878,0.8609048517420878,1,0,off,0,0,0.0,0.0,0.0,0.0,0.0,0.0,0.0,0.0,0.0,0.8609048517420878,0.8609048517420878
flat,single,0,weighted_cka,0,71,0.8583399616793019,300.0,0.4472106397151947,0.13751567900180817,0,0.8583399616793019,0.8583399616793019,1,0,off,0,0,0.0,0.0,0.0,0.0,0.0,0.0,0.0,0.0,0.0,0.8583399616793019,0.8583399616793019
flat,single,0,weighted_cka,0,72,1.6698196410287722,300.0,0.5091723799705505,0.1124085932970047,0,1.6698196410287722,1.6698196410287722,1,0,off,0,0,0.0,0.0,0.0,0.0,0.0,0.0,0.0,0.0,0.0,1.6698196410287722,1.6698196410287722
flat,single,0,weighted_cka,0,73,1.7552128912839167,300.0,0.5032285451889038,0.1589583307504654,0,1.7552128912839167,1.7552128912839167,1,0,off,0,0,0.0,0.0,0.0,0.0,0.0,0.0,0.0,0.0,0.0,1.7552128912839167,1.7552128912839167
flat,single,0,weighted_cka,0,74,1.6761697284964598,300.0,0.5334385633468628,0.1082836240530014,0,1.6761697284964598,1.6761697284964598,1,0,off,0,0,0.0,0.0,0.0,0.0,0.0,0.0,0.0,0.0,0.0,1.6761697284964598,1.6761697284964598
flat,single,0,weighted_cka,0,75,1.755990183088214,300.0,0.5768251419067383,0.15235444903373718,0,1.755990183088214,1.755990183088214,1,0,off,0,0,0.0,0.0,0.0,0.0,0.0,0.0,0.0,0.0,0.0,1.755990183088214,1.755990183088214
flat,single,0,weighted_cka,0,76,1.5949514331587111,300.0,0.499606192111969,0.10102753341197968,0,1.5949514331587111,1.5949514331587111,1,0,off,0,0,0.0,0.0,0.0,0.0,0.0,0.0,0.0,0.0,0.0,1.5949514331587111,1.5949514331587111
flat,single,0,weighted_cka,0,77,1.471516653052821,300.0,0.5778380632400513,0.3522244691848755,0,1.471516653052821,1.471516653052821,1,0,off,0,0,0.0,0.0,0.0,0.0,0.0,0.0,0.0,0.0,0.0,1.471516653052821,1.471516653052821
flat,single,0,weighted_cka,0,78,0.963834803501594,300.0,0.414531946182251,0.28030192852020264,0,0.963834803501594,0.963834803501594,1,0,off,0,0,0.0,0.0,0.0,0.0,0.0,0.0,0.0,0.0,0.0,0.963834803501594,0.963834803501594
flat,single,0,weighted_cka,0,79,0.7727362937559508,300.0,0.4081418514251709,0.12977026402950287,0,0.7727362937559508,0.7727362937559508,1,0,off,0,0,0.0,0.0,0.0,0.0,0.0,0.0,0.0,0.0,0.0,0.7727362937559508,0.7727362937559508
flat,single,0,weighted_cka,0,80,1.9863415002447469,300.0,0.6024719476699829,0.4442431926727295,0,1.9863415002447469,1.9863415002447469,1,0,off,0,0,0.0,0.0,0.0,0.0,0.0,0.0,0.0,0.0,0.0,1.9863415002447469,1.9863415002447469
flat,single,0,weighted_cka,0,81,1.6178198783261437,300.0,0.49879422783851624,0.07484321296215057,0,1.6178198783261437,1.6178198783261437,1,0,off,0,0,0.0,0.0,0.0,0.0,0.0,0.0,0.0,0.0,0.0,1.6178198783261437,1.6178198783261437
flat,single,0,weighted_cka,0,82,1.8597532358253361,300.0,0.5306026339530945,0.2646416425704956,0,1.8597532358253361,1.8597532358253361,1,0,off,0,0,0.0,0.0,0.0,0.0,0.0,0.0,0.0,0.0,0.0,1.8597532358253361,1.8597532358253361
flat,single,0,weighted_cka,0,83,1.7622676769315135,300.0,0.5325866937637329,0.2746211290359497,0,1.7622676769315135,1.7622676769315135,1,0,off,0,0,0.0,0.0,0.0,0.0,0.0,0.0,0.0,0.0,0.0,1.7622676769315135,1.7622676769315135
flat,single,0,weighted_cka,0,84,0.9665635309567722,300.0,0.5076252222061157,0.25542590022087097,0,0.9665635309567722,0.9665635309567722,1,0,off,0,0,0.0,0.0,0.0,0.0,0.0,0.0,0.0,0.0,0.0,0.9665635309567722,0.9665635309567722
flat,single,0,weighted_cka,0,85,0.8860879430787452,300.0,0.36404600739479065,0.15545906126499176,0,0.8860879430787452,0.8860879430787452,1,0,off,0,0,0.0,0.0,0.0,0.0,0.0,0.0,0.0,0.0,0.0,0.8860879430787452,0.8860879430787452
flat,single,0,weighted_cka,0,86,0.8165954289463104,300.0,0.48462921380996704,0.10673912614583969,0,0.8165954289463104,0.8165954289463104,1,0,off,0,0,0.0,0.0,0.0,0.0,0.0,0.0,0.0,0.0,0.0,0.8165954289463104,0.8165954289463104
flat,single,0,weighted_cka,0,87,2.0415990104069337,300.0,0.5800082087516785,0.08493964374065399,0,2.0415990104069337,2.0415990104069337,1,0,off,0,0,0.0,0.0,0.0,0.0,0.0,0.0,0.0,0.0,0.0,2.0415990104069337,2.0415990104069337
flat,single,0,weighted_cka,0,88,1.6400426330765172,300.0,0.5451200604438782,0.08347495645284653,0,1.6400426330765172,1.6400426330765172,1,0,off,0,0,0.0,0.0,0.0,0.0,0.0,0.0,0.0,0.0,0.0,1.6400426330765172,1.6400426330765172
flat,single,0,weighted_cka,0,89,2.1993781750528782,300.0,0.600288450717926,0.18996381759643555,0,2.1993781750528782,2.1993781750528782,1,0,off,0,0,0.0,0.0,0.0,0.0,0.0,0.0,0.0,0.0,0.0,2.1993781750528782,2.1993781750528782
flat,single,0,weighted_cka,0,90,1.6204536422010265,300.0,0.48792338371276855,0.09709060937166214,0,1.6204536422010265,1.6204536422010265,1,0,off,0,0,0.0,0.0,0.0,0.0,0.0,0.0,0.0,0.0,0.0,1.6204536422010265,1.6204536422010265
flat,single,0,weighted_cka,0,91,1.7710352081120946,300.0,0.5735589861869812,0.2113366276025772,0,1.7710352081120946,1.7710352081120946,1,0,off,0,0,0.0,0.0,0.0,0.0,0.0,0.0,0.0,0.0,0.0,1.7710352081120946,1.7710352081120946
flat,single,0,weighted_cka,0,92,1.3709851865420193,300.0,0.4956035614013672,0.29417261481285095,0,1.3709851865420193,1.3709851865420193,1,0,off,0,0,0.0,0.0,0.0,0.0,0.0,0.0,0.0,0.0,0.0,1.3709851865420193,1.3709851865420193
flat,single,0,weighted_cka,0,93,1.0697504581959936,300.0,0.5528163909912109,0.4264909029006958,0,1.0697504581959936,1.0697504581959936,1,0,off,0,0,0.0,0.0,0.0,0.0,0.0,0.0,0.0,0.0,0.0,1.0697504581959936,1.0697504581959936
flat,single,0,weighted_cka,0,94,0.9134177749394428,300.0,0.4710678458213806,0.15741066634655,0,0.9134177749394428,0.9134177749394428,1,0,off,0,0,0.0,0.0,0.0,0.0,0.0,0.0,0.0,0.0,0.0,0.9134177749394428,0.9134177749394428
flat,single,0,weighted_cka,0,95,1.2533486947955668,300.0,0.5243733525276184,0.10407815128564835,0,1.2533486947955668,1.2533486947955668,1,0,off,0,0,0.0,0.0,0.0,0.0,0.0,0.0,0.0,0.0,0.0,1.2533486947955668,1.2533486947955668
flat,single,0,weighted_cka,0,96,1.3816527119794033,300.0,0.4836253523826599,0.3105550706386566,0,1.3816527119794033,1.3816527119794033,1,0,off,0,0,0.0,0.0,0.0,0.0,0.0,0.0,0.0,0.0,0.0,1.3816527119794033,1.3816527119794033
flat,single,0,weighted_cka,0,97,1.4331776658742443,300.0,0.5181175470352173,0.3351529538631439,0,1.4331776658742443,1.4331776658742443,1,0,off,0,0,0.0,0.0,0.0,0.0,0.0,0.0,0.0,0.0,0.0,1.4331776658742443,1.4331776658742443
flat,single,0,weighted_cka,0,98,1.4753964819115923,300.0,0.570713222026825,0.33981409668922424,0,1.4753964819115923,1.4753964819115923,1,0,off,0,0,0.0,0.0,0.0,0.0,0.0,0.0,0.0,0.0,0.0,1.4753964819115923,1.4753964819115923
flat,single,0,weighted_cka,0,99,1.6179569780670122,300.0,0.5256206393241882,0.11522411555051804,0,1.6179569780670122,1.6179569780670122,1,0,off,0,0,0.0,0.0,0.0,0.0,0.0,0.0,0.0,0.0,0.0,1.6179569780670122,1.6179569780670122
flat,single,0,weighted_cka,0,100,1.67249057976005,300.0,0.5211607813835144,0.13852684199810028,0,1.67249057976005,1.67249057976005,1,0,off,0,0,0.0,0.0,0.0,0.0,0.0,0.0,0.0,0.0,0.0,1.67249057976005,1.67249057976005
flat,single,0,weighted_cka,0,101,0.7098998655521416,300.0,0.36683183908462524,0.10590682923793793,0,0.7098998655521416,0.7098998655521416,1,0,off,0,0,0.0,0.0,0.0,0.0,0.0,0.0,0.0,0.0,0.0,0.7098998655521416,0.7098998655521416
flat,single,0,weighted_cka,0,102,1.2014287750476784,300.0,0.46132388710975647,0.10827857255935669,0,1.2014287750476784,1.2014287750476784,1,0,off,0,0,0.0,0.0,0.0,0.0,0.0,0.0,0.0,0.0,0.0,1.2014287750476784,1.2014287750476784
flat,single,0,weighted_cka,0,103,0.2489160499069829,300.0,0.2937353849411011,0.08466678857803345,0,0.2489160499069829,0.2489160499069829,1,0,off,0,0,0.0,0.0,0.0,0.0,0.0,0.0,0.0,0.0,0.0,0.2489160499069829,0.2489160499069829
flat,single,0,weighted_cka,0,104,0.9139040422531695,300.0,0.3289455473423004,0.06065218895673752,0,0.9139040422531695,0.9139040422531695,1,0,off,0,0,0.0,0.0,0.0,0.0,0.0,0.0,0.0,0.0,0.0,0.9139040422531695,0.9139040422531695
flat,single,0,weighted_cka,0,105,2.138732215371782,300.0,0.5942797660827637,0.1487952619791031,0,2.138732215371782,2.138732215371782,1,0,off,0,0,0.0,0.0,0.0,0.0,0.0,0.0,0.0,0.0,0.0,2.138732215371782,2.138732215371782
flat,single,0,weighted_cka,0,106,2.1716222126327906,300.0,0.6003726124763489,0.18885380029678345,0,2.1716222126327906,2.1716222126327906,1,0,off,0,0,0.0,0.0,0.0,0.0,0.0,0.0,0.0,0.0,0.0,2.1716222126327906,2.1716222126327906
flat,single,0,weighted_cka,0,107,1.0935097470715833,300.0,0.4066034257411957,0.10019177198410034,0,1.0935097470715833,1.0935097470715833,1,0,off,0,0,0.0,0.0,0.0,0.0,0.0,0.0,0.0,0.0,0.0,1.0935097470715833,1.0935097470715833
flat,single,0,weighted_cka,0,108,1.763692486696526,300.0,0.544265627861023,0.16216032207012177,0,1.763692486696526,1.763692486696526,1,0,off,0,0,0.0,0.0,0.0,0.0,0.0,0.0,0.0,0.0,0.0,1.763692486696526,1.763692486696526
flat,single,0,weighted_cka,0,109,1.298692807331098,300.0,0.4810883402824402,0.20510412752628326,0,1.298692807331098,1.298692807331098,1,0,off,0,0,0.0,0.0,0.0,0.0,0.0,0.0,0.0,0.0,0.0,1.298692807331098,1.298692807331098
flat,single,0,weighted_cka,0,110,2.0569863780501905,300.0,0.5820989608764648,0.09379486739635468,0,2.0569863780501905,2.0569863780501905,1,0,off,0,0,0.0,0.0,0.0,0.0,0.0,0.0,0.0,0.0,0.0,2.0569863780501905,2.0569863780501905
flat,single,0,weighted_cka,0,111,2.262179006252289,300.0,0.6220914125442505,0.2949471175670624,0,2.262179006252289,2.262179006252289,1,0,off,0,0,0.0,0.0,0.0,0.0,0.0,0.0,0.0,0.0,0.0,2.262179006252289,2.262179006252289
flat,single,0,weighted_cka,0,112,2.200596027905611,300.0,0.6077688336372375,0.2198985069990158,0,2.200596027905611,2.200596027905611,1,0,off,0,0,0.0,0.0,0.0,0.0,0.0,0.0,0.0,0.0,0.0,2.200596027905611,2.200596027905611
flat,single,0,weighted_cka,0,113,0.8642035634786214,300.0,0.40265607833862305,0.1569279581308365,0,0.8642035634786214,0.8642035634786214,1,0,off,0,0,0.0,0.0,0.0,0.0,0.0,0.0,0.0,0.0,0.0,0.8642035634786214,0.8642035634786214
flat,single,0,weighted_cka,0,114,1.3315056195784551,300.0,0.4827813506126404,0.1982259303331375,0,1.3315056195784551,1.3315056195784551,1,0,off,0,0,0.0,0.0,0.0,0.0,0.0,0.0,0.0,0.0,0.0,1.3315056195784551,1.3315056195784551
flat,single,0,weighted_cka,0,115,0.8202202192253014,300.0,0.4127488136291504,0.15107056498527527,0,0.8202202192253014,0.8202202192253014,1,0,off,0,0,0.0,0.0,0.0,0.0,0.0,0.0,0.0,0.0,0.0,0.8202202192253014,0.8202202192253014
flat,single,0,weighted_cka,0,116,1.94344467679707,300.0,0.6684154272079468,0.5914012789726257,0,1.94344467679707,1.94344467679707,1,0,off,0,0,0.0,0.0,0.0,0.0,0.0,0.0,0.0,0.0,0.0,1.94344467679707,1.94344467679707
flat,single,0,weighted_cka,0,117,1.364422198404644,300.0,0.509414792060852,0.24870863556861877,0,1.364422198404644,1.364422198404644,1,0,off,0,0,0.0,0.0,0.0,0.0,0.0,0.0,0.0,0.0,0.0,1.364422198404644,1.364422198404644
flat,single,0,weighted_cka,0,118,1.0823897989281237,300.0,0.40783676505088806,0.07073090225458145,0,1.0823897989281237,1.0823897989281237,1,0,off,0,0,0.0,0.0,0.0,0.0,0.0,0.0,0.0,0.0,0.0,1.0823897989281237,1.0823897989281237
flat,single,0,weighted_cka,0,119,0.9797140849017438,300.0,0.3893105983734131,0.05614352971315384,0,0.9797140849017438,0.9797140849017438,1,0,off,0,0,0.0,0.0,0.0,0.0,0.0,0.0,0.0,0.0,0.0,0.9797140849017438,0.9797140849017438
flat,single,0,weighted_cka,0,120,1.2734765612054604,300.0,0.4529950022697449,0.10257089883089066,0,1.2734765612054604,1.2734765612054604,1,0,off,0,0,0.0,0.0,0.0,0.0,0.0,0.0,0.0,0.0,0.0,1.2734765612054604,1.2734765612054604
flat,single,0,weighted_cka,0,121,1.073969989996475,300.0,0.36078864336013794,0.05459416285157204,0,1.073969989996475,1.073969989996475,1,0,off,0,0,0.0,0.0,0.0,0.0,0.0,0.0,0.0,0.0,0.0,1.073969989996475,1.073969989996475
flat,single,0,weighted_cka,0,122,1.8961985813948545,300.0,0.6189430356025696,0.3702211380004883,0,1.8961985813948545,1.8961985813948545,1,0,off,0,0,0.0,0.0,0.0,0.0,0.0,0.0,0.0,0.0,0.0,1.8961985813948545,1.8961985813948545
flat,single,0,weighted_cka,0,123,1.5070589548578015,300.0,0.6017503142356873,0.4418855309486389,0,1.5070589548578015,1.5070589548578015,1,0,off,0,0,0.0,0.0,0.0,0.0,0.0,0.0,0.0,0.0,0.0,1.5070589548578015,1.5070589548578015
flat,single,0,weighted_cka,0,124,0.9596599875163507,300.0,0.38204827904701233,0.028898920863866806,0,0.9596599875163507,0.9596599875163507,1,0,off,0,0,0.0,0.0,0.0,0.0,0.0,0.0,0.0,0.0,0.0,0.9596599875163507,0.9596599875163507
flat,single,0,weighted_cka,0,125,1.302312456702201,300.0,0.5039458870887756,0.18351560831069946,0,1.302312456702201,1.302312456702201,1,0,off,0,0,0.0,0.0,0.0,0.0,0.0,0.0,0.0,0.0,0.0,1.302312456702201,1.302312456702201
flat,single,0,weighted_cka,0,126,0.9570209884783241,300.0,0.41914811730384827,0.031236035749316216,0,0.9570209884783241,0.9570209884783241,1,0,off,0,0,0.0,0.0,0.0,0.0,0.0,0.0,0.0,0.0,0.0,0.9570209884783241,0.9570209884783241
flat,single,0,weighted_cka,0,127,1.2231604462845995,300.0,0.5052708387374878,0.10886909812688828,0,1.2231604462845995,1.2231604462845995,1,0,off,0,0,0.0,0.0,0.0,0.0,0.0,0.0,0.0,0.0,0.0,1.2231604462845995,1.2231604462845995
flat,single,0,weighted_cka,0,128,2.2765830921342953,300.0,0.6334646344184875,0.34979358315467834,0,2.2765830921342953,2.2765830921342953,1,0,off,0,0,0.0,0.0,0.0,0.0,0.0,0.0,0.0,0.0,0.0,2.2765830921342953,2.2765830921342953
flat,single,0,weighted_cka,0,129,1.884951377754986,300.0,0.6251704096794128,0.35380274057388306,0,1.884951377754986,1.884951377754986,1,0,off,0,0,0.0,0.0,0.0,0.0,0.0,0.0,0.0,0.0,0.0,1.884951377754986,1.884951377754986
flat,single,0,weighted_cka,0,130,0.9887402813713821,300.0,0.41048794984817505,0.0170088279992342,0,0.9887402813713821,0.9887402813713821,1,0,off,0,0,0.0,0.0,0.0,0.0,0.0,0.0,0.0,0.0,0.0,0.9887402813713821,0.9887402813713821
flat,single,0,weighted_cka,0,131,0.8628892588896848,300.0,0.33320772647857666,0.033622127026319504,0,0.8628892588896848,0.8628892588896848,1,0,off,0,0,0.0,0.0,0.0,0.0,0.0,0.0,0.0,0.0,0.0,0.8628892588896848,0.8628892588896848
flat,single,0,weighted_cka,0,132,1.4827518035968739,300.0,0.5664313435554504,0.4314529299736023,0,1.4827518035968739,1.4827518035968739,1,0,off,0,0,0.0,0.0,0.0,0.0,0.0,0.0,0.0,0.0,0.0,1.4827518035968739,1.4827518035968739
flat,single,0,weighted_cka,0,133,1.2459249159430188,300.0,0.4854925572872162,0.1025812178850174,0,1.2459249159430188,1.2459249159430188,1,0,off,0,0,0.0,0.0,0.0,0.0,0.0,0.0,0.0,0.0,0.0,1.2459249159430188,1.2459249159430188
flat,single,0,weighted_cka,0,134,1.0467641991855077,300.0,0.36832210421562195,0.0712398812174797,0,1.0467641991855077,1.0467641991855077,1,0,off,0,0,0.0,0.0,0.0,0.0,0.0,0.0,0.0,0.0,0.0,1.0467641991855077,1.0467641991855077
flat,single,0,weighted_cka,0,135,1.7300868189504386,300.0,0.5263015031814575,0.1187906488776207,0,1.7300868189504386,1.7300868189504386,1,0,off,0,0,0.0,0.0,0.0,0.0,0.0,0.0,0.0,0.0,0.0,1.7300868189504386,1.7300868189504386
flat,single,0,weighted_cka,0,136,1.4387411303046962,300.0,0.5088438987731934,0.29639723896980286,0,1.4387411303046962,1.4387411303046962,1,0,off,0,0,0.0,0.0,0.0,0.0,0.0,0.0,0.0,0.0,0.0,1.4387411303046962,1.4387411303046962
flat,single,0,weighted_cka,0,137,0.9259863121498557,300.0,0.3541446328163147,0.21838420629501343,0,0.9259863121498557,0.9259863121498557,1,0,off,0,0,0.0,0.0,0.0,0.0,0.0,0.0,0.0,0.0,0.0,0.9259863121498557,0.9259863121498557
flat,single,0,weighted_cka,0,138,0.9157898288045532,300.0,0.3579605221748352,0.03347942605614662,0,0.9157898288045532,0.9157898288045532,1,0,off,0,0,0.0,0.0,0.0,0.0,0.0,0.0,0.0,0.0,0.0,0.9157898288045532,0.9157898288045532
flat,single,0,weighted_cka,0,139,2.209317640494554,300.0,0.615033745765686,0.2541827857494354,0,2.209317640494554,2.209317640494554,1,0,off,0,0,0.0,0.0,0.0,0.0,0.0,0.0,0.0,0.0,0.0,2.209317640494554,2.209317640494554
flat,single,0,weighted_cka,0,140,1.7487360143313695,300.0,0.5212554335594177,0.2204057276248932,0,1.7487360143313695,1.7487360143313695,1,0,off,0,0,0.0,0.0,0.0,0.0,0.0,0.0,0.0,0.0,0.0,1.7487360143313695,1.7487360143313695
flat,single,0,weighted_cka,0,141,2.8442610203255425,293.0,0.7040449380874634,0.7001104950904846,1,2.8442610203255425,2.8442610203255425,1,0,off,0,0,0.0,0.0,0.0,0.0,0.0,0.0,0.0,0.0,0.0,2.8442610203255425,2.8442610203255425
flat,single,0,weighted_cka,0,142,1.4623816293838887,300.0,0.4920940399169922,0.2271280288696289,0,1.4623816293838887,1.4623816293838887,1,0,off,0,0,0.0,0.0,0.0,0.0,0.0,0.0,0.0,0.0,0.0,1.4623816293838887,1.4623816293838887
flat,single,0,weighted_cka,0,143,2.129786998866983,300.0,0.590975821018219,0.1304538995027542,0,2.129786998866983,2.129786998866983,1,0,off,0,0,0.0,0.0,0.0,0.0,0.0,0.0,0.0,0.0,0.0,2.129786998866983,2.129786998866983
flat,single,0,weighted_cka,0,144,2.1943780747445985,300.0,0.6150593757629395,0.2640461325645447,0,2.1943780747445985,2.1943780747445985,1,0,off,0,0,0.0,0.0,0.0,0.0,0.0,0.0,0.0,0.0,0.0,2.1943780747445985,2.1943780747445985
flat,single,0,weighted_cka,0,145,2.0948577667071717,300.0,0.5865412950515747,0.1161888986825943,0,2.0948577667071717,2.0948577667071717,1,0,off,0,0,0.0,0.0,0.0,0.0,0.0,0.0,0.0,0.0,0.0,2.0948577667071717,2.0948577667071717
flat,single,0,weighted_cka,0,146,1.1804721071544906,300.0,0.4061819016933441,0.09784742444753647,0,1.1804721071544906,1.1804721071544906,1,0,off,0,0,0.0,0.0,0.0,0.0,0.0,0.0,0.0,0.0,0.0,1.1804721071544906,1.1804721071544906
flat,single,0,weighted_cka,0,147,1.8178356149874149,300.0,0.5895477533340454,0.2723681926727295,0,1.8178356149874149,1.8178356149874149,1,0,off,0,0,0.0,0.0,0.0,0.0,0.0,0.0,0.0,0.0,0.0,1.8178356149874149,1.8178356149874149
flat,single,0,weighted_cka,0,148,1.0179590468289876,300.0,0.5035526752471924,0.3137633204460144,0,1.0179590468289876,1.0179590468289876,1,0,off,0,0,0.0,0.0,0.0,0.0,0.0,0.0,0.0,0.0,0.0,1.0179590468289876,1.0179590468289876
flat,single,0,weighted_cka,0,149,2.3656201195211892,300.0,0.6950877904891968,0.6590335369110107,0,2.3656201195211892,2.3656201195211892,1,0,off,0,0,0.0,0.0,0.0,0.0,0.0,0.0,0.0,0.0,0.0,2.3656201195211892,2.3656201195211892
flat,single,0,weighted_cka,0,150,1.4155001783770071,300.0,0.5500137209892273,0.2987106442451477,0,1.4155001783770071,1.4155001783770071,1,0,off,0,0,0.0,0.0,0.0,0.0,0.0,0.0,0.0,0.0,0.0,1.4155001783770071,1.4155001783770071
flat,single,0,weighted_cka,0,151,0.62803008197552,300.0,0.4005762040615082,0.02944234013557434,0,0.62803008197552,0.62803008197552,1,0,off,0,0,0.0,0.0,0.0,0.0,0.0,0.0,0.0,0.0,0.0,0.62803008197552,0.62803008197552
flat,single,0,weighted_cka,0,152,0.6431772169864405,300.0,0.2974886894226074,0.09658703953027725,0,0.6431772169864405,0.6431772169864405,1,0,off,0,0,0.0,0.0,0.0,0.0,0.0,0.0,0.0,0.0,0.0,0.6431772169864405,0.6431772169864405
flat,single,0,weighted_cka,0,153,0.9229951605680968,300.0,0.4475781321525574,0.015511928126215935,0,0.9229951605680968,0.9229951605680968,1,0,off,0,0,0.0,0.0,0.0,0.0,0.0,0.0,0.0,0.0,0.0,0.9229951605680968,0.9229951605680968
flat,single,0,weighted_cka,0,154,1.082827588002691,300.0,0.3708135187625885,0.09316364675760269,0,1.082827588002691,1.082827588002691,1,0,off,0,0,0.0,0.0,0.0,0.0,0.0,0.0,0.0,0.0,0.0,1.082827588002691,1.082827588002691
flat,single,0,weighted_cka,0,155,0.5808446145321784,300.0,0.3592485785484314,0.07121388614177704,0,0.5808446145321784,0.5808446145321784,1,0,off,0,0,0.0,0.0,0.0,0.0,0.0,0.0,0.0,0.0,0.0,0.5808446145321784,0.5808446145321784
flat,single,0,weighted_cka,0,156,1.3213843931407596,300.0,0.4442022740840912,0.04968230798840523,0,1.3213843931407596,1.3213843931407596,1,0,off,0,0,0.0,0.0,0.0,0.0,0.0,0.0,0.0,0.0,0.0,1.3213843931407596,1.3213843931407596
flat,single,0,weighted_cka,0,157,1.5176155620488303,300.0,0.47852569818496704,0.07048969715833664,0,1.5176155620488303,1.5176155620488303,1,0,off,0,0,0.0,0.0,0.0,0.0,0.0,0.0,0.0,0.0,0.0,1.5176155620488303,1.5176155620488303
flat,single,0,weighted_cka,0,158,1.0117922318546322,300.0,0.3347246050834656,0.026102909818291664,0,1.0117922318546322,1.0117922318546322,1,0,off,0,0,0.0,0.0,0.0,0.0,0.0,0.0,0.0,0.0,0.0,1.0117922318546322,1.0117922318546322
flat,single,0,weighted_cka,0,159,2.142243414259063,300.0,0.5956343412399292,0.1659509390592575,0,2.142243414259063,2.142243414259063,1,0,off,0,0,0.0,0.0,0.0,0.0,0.0,0.0,0.0,0.0,0.0,2.142243414259063,2.142243414259063
flat,single,0,weighted_cka,0,160,1.8476874797418317,300.0,0.6131405830383301,0.32358649373054504,0,1.8476874797418317,1.8476874797418317,1,0,off,0,0,0.0,0.0,0.0,0.0,0.0,0.0,0.0,0.0,0.0,1.8476874797418317,1.8476874797418317
flat,single,0,weighted_cka,0,161,1.4508042738726532,300.0,0.5792540311813354,0.20832814276218414,0,1.4508042738726532,1.4508042738726532,1,0,off,0,0,0.0,0.0,0.0,0.0,0.0,0.0,0.0,0.0,0.0,1.4508042738726532,1.4508042738726532
flat,single,0,weighted_cka,0,162,1.5962449209436032,300.0,0.5125718116760254,0.135545551776886,0,1.5962449209436032,1.5962449209436032,1,0,off,0,0,0.0,0.0,0.0,0.0,0.0,0.0,0.0,0.0,0.0,1.5962449209436032,1.5962449209436032
flat,single,0,weighted_cka,0,163,0.9445808949909393,300.0,0.4531185030937195,0.005017580930143595,0,0.9445808949909393,0.9445808949909393,1,0,off,0,0,0.0,0.0,0.0,0.0,0.0,0.0,0.0,0.0,0.0,0.9445808949909393,0.9445808949909393
flat,single,0,weighted_cka,0,164,1.6359231784881545,300.0,0.5256670713424683,0.07918178290128708,0,1.6359231784881545,1.6359231784881545,1,0,off,0,0,0.0,0.0,0.0,0.0,0.0,0.0,0.0,0.0,0.0,1.6359231784881545,1.6359231784881545
flat,single,0,weighted_cka,0,165,2.831341451716644,292.0,0.7036558389663696,0.7004780769348145,1,2.831341451716644,2.831341451716644,1,0,off,0,0,0.0,0.0,0.0,0.0,0.0,0.0,0.0,0.0,0.0,2.831341451716644,2.831341451716644
flat,single,0,weighted_cka,0,166,1.329989619511557,300.0,0.47536906599998474,0.2127181440591812,0,1.329989619511557,1.329989619511557,1,0,off,0,0,0.0,0.0,0.0,0.0,0.0,0.0,0.0,0.0,0.0,1.329989619511557,1.329989619511557
flat,single,0,weighted_cka,0,167,2.1316560870229964,300.0,0.5900914072990417,0.13867753744125366,0,2.1316560870229964,2.1316560870229964,1,0,off,0,0,0.0,0.0,0.0,0.0,0.0,0.0,0.0,0.0,0.0,2.1316560870229964,2.1316560870229964
flat,single,0,weighted_cka,0,168,0.377230568791855,300.0,0.28947997093200684,0.008974401280283928,0,0.377230568791855,0.377230568791855,1,0,off,0,0,0.0,0.0,0.0,0.0,0.0,0.0,0.0,0.0,0.0,0.377230568791855,0.377230568791855
flat,single,0,weighted_cka,0,169,1.2215264852293304,300.0,0.43294158577919006,0.12354195863008499,0,1.2215264852293304,1.2215264852293304,1,0,off,0,0,0.0,0.0,0.0,0.0,0.0,0.0,0.0,0.0,0.0,1.2215264852293304,1.2215264852293304
flat,single,0,weighted_cka,0,170,0.8866806810252443,300.0,0.41350120306015015,0.006938967853784561,0,0.8866806810252443,0.8866806810252443,1,0,off,0,0,0.0,0.0,0.0,0.0,0.0,0.0,0.0,0.0,0.0,0.8866806810252443,0.8866806810252443
flat,single,0,weighted_cka,0,171,1.874663093960541,300.0,0.5768570303916931,0.2892061173915863,0,1.874663093960541,1.874663093960541,1,0,off,0,0,0.0,0.0,0.0,0.0,0.0,0.0,0.0,0.0,0.0,1.874663093960541,1.874663093960541
flat,single,0,weighted_cka,0,172,0.5774826218034739,300.0,0.2999647557735443,0.07002641260623932,0,0.5774826218034739,0.5774826218034739,1,0,off,0,0,0.0,0.0,0.0,0.0,0.0,0.0,0.0,0.0,0.0,0.5774826218034739,0.5774826218034739
flat,single,0,weighted_cka,0,173,1.2326900975336672,300.0,0.4679335653781891,0.14725849032402039,0,1.2326900975336672,1.2326900975336672,1,0,off,0,0,0.0,0.0,0.0,0.0,0.0,0.0,0.0,0.0,0.0,1.2326900975336672,1.2326900975336672
flat,single,0,weighted_cka,0,174,1.2580739922546842,300.0,0.42033758759498596,0.14826926589012146,0,1.2580739922546842,1.2580739922546842,1,0,off,0,0,0.0,0.0,0.0,0.0,0.0,0.0,0.0,0.0,0.0,1.2580739922546842,1.2580739922546842
flat,single,0,weighted_cka,0,175,2.0684933170731696,300.0,0.5830360651016235,0.09335837513208389,0,2.0684933170731696,2.0684933170731696,1,0,off,0,0,0.0,0.0,0.0,0.0,0.0,0.0,0.0,0.0,0.0,2.0684933170731696,2.0684933170731696
flat,single,0,weighted_cka,0,176,0.7982413990621171,300.0,0.4130009710788727,0.13367649912834167,0,0.7982413990621171,0.7982413990621171,1,0,off,0,0,0.0,0.0,0.0,0.0,0.0,0.0,0.0,0.0,0.0,0.7982413990621171,0.7982413990621171
flat,single,0,weighted_cka,0,177,1.6340208125857303,300.0,0.5000746250152588,0.1955917626619339,0,1.6340208125857303,1.6340208125857303,1,0,off,0,0,0.0,0.0,0.0,0.0,0.0,0.0,0.0,0.0,0.0,1.6340208125857303,1.6340208125857303
flat,single,0,weighted_cka,0,178,1.0787564719443221,300.0,0.40836089849472046,0.07127535343170166,0,1.0787564719443221,1.0787564719443221,1,0,off,0,0,0.0,0.0,0.0,0.0,0.0,0.0,0.0,0.0,0.0,1.0787564719443221,1.0787564719443221
flat,single,0,weighted_cka,0,179,0.9856895336578377,300.0,0.34288787841796875,0.07049170136451721,0,0.9856895336578377,0.9856895336578377,1,0,off,0,0,0.0,0.0,0.0,0.0,0.0,0.0,0.0,0.0,0.0,0.9856895336578377,0.9856895336578377
flat,single,0,weighted_cka,0,180,1.2394432248984986,300.0,0.5035468339920044,0.14696231484413147,0,1.2394432248984986,1.2394432248984986,1,0,off,0,0,0.0,0.0,0.0,0.0,0.0,0.0,0.0,0.0,0.0,1.2394432248984986,1.2394432248984986
flat,single,0,weighted_cka,0,181,0.3767126930717484,300.0,0.25260069966316223,0.007300503086298704,0,0.3767126930717484,0.3767126930717484,1,0,off,0,0,0.0,0.0,0.0,0.0,0.0,0.0,0.0,0.0,0.0,0.3767126930717484,0.3767126930717484
flat,single,0,weighted_cka,0,182,1.260885315634913,300.0,0.43045252561569214,0.1104392260313034,0,1.260885315634913,1.260885315634913,1,0,off,0,0,0.0,0.0,0.0,0.0,0.0,0.0,0.0,0.0,0.0,1.260885315634913,1.260885315634913
flat,single,0,weighted_cka,0,183,0.355810186639427,300.0,0.22821882367134094,0.016096431761980057,0,0.355810186639427,0.355810186639427,1,0,off,0,0,0.0,0.0,0.0,0.0,0.0,0.0,0.0,0.0,0.0,0.355810186639427,0.355810186639427
flat,single,0,weighted_cka,0,184,1.723711961167281,300.0,0.547063946723938,0.12702913582324982,0,1.723711961167281,1.723711961167281,1,0,off,0,0,0.0,0.0,0.0,0.0,0.0,0.0,0.0,0.0,0.0,1.723711961167281,1.723711961167281
flat,single,0,weighted_cka,0,185,2.024883014505029,300.0,0.5771268606185913,0.0665973648428917,0,2.024883014505029,2.024883014505029,1,0,off,0,0,0.0,0.0,0.0,0.0,0.0,0.0,0.0,0.0,0.0,2.024883014505029,2.024883014505029
flat,single,0,weighted_cka,0,186,2.032627363193022,300.0,0.581937313079834,0.08972404152154922,0,2.032627363193022,2.032627363193022,1,0,off,0,0,0.0,0.0,0.0,0.0,0.0,0.0,0.0,0.0,0.0,2.032627363193022,2.032627363193022
flat,single,0,weighted_cka,0,187,2.257426585625943,300.0,0.6308072805404663,0.3311585783958435,0,2.257426585625943,2.257426585625943,1,0,off,0,0,0.0,0.0,0.0,0.0,0.0,0.0,0.0,0.0,0.0,2.257426585625943,2.257426585625943
flat,single,0,weighted_cka,0,188,1.032891297260457,300.0,0.49516716599464417,0.36506083607673645,0,1.032891297260457,1.032891297260457,1,0,off,0,0,0.0,0.0,0.0,0.0,0.0,0.0,0.0,0.0,0.0,1.032891297260457,1.032891297260457
flat,single,0,weighted_cka,0,189,2.3890637998428232,300.0,0.6887620091438293,0.6310856938362122,0,2.3890637998428232,2.3890637998428232,1,0,off,0,0,0.0,0.0,0.0,0.0,0.0,0.0,0.0,0.0,0.0,2.3890637998428232,2.3890637998428232
flat,single,0,weighted_cka,0,190,1.724076649334164,300.0,0.5295009613037109,0.21807023882865906,0,1.724076649334164,1.724076649334164,1,0,off,0,0,0.0,0.0,0.0,0.0,0.0,0.0,0.0,0.0,0.0,1.724076649334164,1.724076649334164
flat,single,0,weighted_cka,0,191,1.29687337867981,300.0,0.38756218552589417,0.14649386703968048,0,1.29687337867981,1.29687337867981,1,0,off,0,0,0.0,0.0,0.0,0.0,0.0,0.0,0.0,0.0,0.0,1.29687337867981,1.29687337867981
flat,single,0,weighted_cka,0,192,1.4152517198837318,300.0,0.5525580048561096,0.22326433658599854,0,1.4152517198837318,1.4152517198837318,1,0,off,0,0,0.0,0.0,0.0,0.0,0.0,0.0,0.0,0.0,0.0,1.4152517198837318,1.4152517198837318
flat,single,0,weighted_cka,0,193,0.7589918738987751,300.0,0.3491138815879822,0.11366861313581467,0,0.7589918738987751,0.7589918738987751,1,0,off,0,0,0.0,0.0,0.0,0.0,0.0,0.0,0.0,0.0,0.0,0.7589918738987751,0.7589918738987751
flat,single,0,weighted_cka,0,194,1.6898828888006379,300.0,0.5746230483055115,0.12223045527935028,0,1.6898828888006379,1.6898828888006379,1,0,off,0,0,0.0,0.0,0.0,0.0,0.0,0.0,0.0,0.0,0.0,1.6898828888006379,1.6898828888006379
flat,single,0,weighted_cka,0,195,0.9712520174044856,300.0,0.3686428368091583,0.03529093414545059,0,0.9712520174044856,0.9712520174044856,1,0,off,0,0,0.0,0.0,0.0,0.0,0.0,0.0,0.0,0.0,0.0,0.9712520174044856,0.9712520174044856
flat,single,0,weighted_cka,0,196,1.5912386362931357,300.0,0.5158371925354004,0.07666120678186417,0,1.5912386362931357,1.5912386362931357,1,0,off,0,0,0.0,0.0,0.0,0.0,0.0,0.0,0.0,0.0,0.0,1.5912386362931357,1.5912386362931357
flat,single,0,weighted_cka,0,197,0.31585702954616757,300.0,0.29519057273864746,0.11505938321352005,0,0.31585702954616757,0.31585702954616757,1,0,off,0,0,0.0,0.0,0.0,0.0,0.0,0.0,0.0,0.0,0.0,0.31585702954616757,0.31585702954616757
flat,single,0,weighted_cka,0,198,1.4667739648162739,300.0,0.5777207016944885,0.3921530842781067,0,1.4667739648162739,1.4667739648162739,1,0,off,0,0,0.0,0.0,0.0,0.0,0.0,0.0,0.0,0.0,0.0,1.4667739648162739,1.4667739648162739
flat,single,0,weighted_cka,0,199,0.7748203973681131,300.0,0.4357754588127136,0.11195212602615356,0,0.7748203973681131,0.7748203973681131,1,0,off,0,0,0.0,0.0,0.0,0.0,0.0,0.0,0.0,0.0,0.0,0.7748203973681131,0.7748203973681131
flat,single,0,weighted_cka,0,200,0.7717580196123879,300.0,0.43658512830734253,0.11240516602993011,0,0.7717580196123879,0.7717580196123879,1,0,off,0,0,0.0,0.0,0.0,0.0,0.0,0.0,0.0,0.0,0.0,0.7717580196123879,0.7717580196123879
flat,single,0,weighted_cka,0,201,1.4597502388178314,300.0,0.5031724572181702,0.023852428421378136,0,1.4597502388178314,1.4597502388178314,1,0,off,0,0,0.0,0.0,0.0,0.0,0.0,0.0,0.0,0.0,0.0,1.4597502388178314,1.4597502388178314
flat,single,0,weighted_cka,0,202,0.40558539426929097,300.0,0.26108670234680176,0.001277527422644198,0,0.40558539426929097,0.40558539426929097,1,0,off,0,0,0.0,0.0,0.0,0.0,0.0,0.0,0.0,0.0,0.0,0.40558539426929097,0.40558539426929097
flat,single,0,weighted_cka,0,203,1.7744955073337665,300.0,0.521755576133728,0.24185405671596527,0,1.7744955073337665,1.7744955073337665,1,0,off,0,0,0.0,0.0,0.0,0.0,0.0,0.0,0.0,0.0,0.0,1.7744955073337665,1.7744955073337665
flat,single,0,weighted_cka,0,204,1.946671953887538,300.0,0.5788403749465942,0.07499708235263824,0,1.946671953887538,1.946671953887538,1,0,off,0,0,0.0,0.0,0.0,0.0,0.0,0.0,0.0,0.0,0.0,1.946671953887538,1.946671953887538
flat,single,0,weighted_cka,0,205,1.266134309795551,300.0,0.4983132779598236,0.10764564573764801,0,1.266134309795551,1.266134309795551,1,0,off,0,0,0.0,0.0,0.0,0.0,0.0,0.0,0.0,0.0,0.0,1.266134309795551,1.266134309795551
flat,single,0,weighted_cka,0,206,1.4054092549614312,300.0,0.49825531244277954,0.31920310854911804,0,1.4054092549614312,1.4054092549614312,1,0,off,0,0,0.0,0.0,0.0,0.0,0.0,0.0,0.0,0.0,0.0,1.4054092549614312,1.4054092549614312
flat,single,0,weighted_cka,0,207,1.0317547858071565,300.0,0.3612762689590454,0.07144795358181,0,1.0317547858071565,1.0317547858071565,1,0,off,0,0,0.0,0.0,0.0,0.0,0.0,0.0,0.0,0.0,0.0,1.0317547858071565,1.0317547858071565
flat,single,0,weighted_cka,0,208,0.799497060939117,300.0,0.314129501581192,0.17666450142860413,0,0.799497060939117,0.799497060939117,1,0,off,0,0,0.0,0.0,0.0,0.0,0.0,0.0,0.0,0.0,0.0,0.799497060939117,0.799497060939117
flat,single,0,weighted_cka,0,209,1.2662648756464465,300.0,0.4843842387199402,0.15295369923114777,0,1.2662648756464465,1.2662648756464465,1,0,off,0,0,0.0,0.0,0.0,0.0,0.0,0.0,0.0,0.0,0.0,1.2662648756464465,1.2662648756464465
flat,single,0,weighted_cka,0,210,1.9305786596451058,300.0,0.610014796257019,0.43975600600242615,0,1.9305786596451058,1.9305786596451058,1,0,off,0,0,0.0,0.0,0.0,0.0,0.0,0.0,0.0,0.0,0.0,1.9305786596451058,1.9305786596451058
flat,single,0,weighted_cka,0,211,0.42026439425826423,300.0,0.26603826880455017,0.03814879059791565,0,0.42026439425826423,0.42026439425826423,1,0,off,0,0,0.0,0.0,0.0,0.0,0.0,0.0,0.0,0.0,0.0,0.42026439425826423,0.42026439425826423
flat,single,0,weighted_cka,0,212,1.648120454021408,300.0,0.49827319383621216,0.13367649912834167,0,1.648120454021408,1.648120454021408,1,0,off,0,0,0.0,0.0,0.0,0.0,0.0,0.0,0.0,0.0,0.0,1.648120454021408,1.648120454021408
flat,single,0,weighted_cka,0,213,1.8604123097038876,300.0,0.5663973093032837,0.01815144717693329,0,1.8604123097038876,1.8604123097038876,1,0,off,0,0,0.0,0.0,0.0,0.0,0.0,0.0,0.0,0.0,0.0,1.8604123097038876,1.8604123097038876
flat,single,0,weighted_cka,0,214,0.596193707234487,300.0,0.36831071972846985,0.027292532846331596,0,0.596193707234487,0.596193707234487,1,0,off,0,0,0.0,0.0,0.0,0.0,0.0,0.0,0.0,0.0,0.0,0.596193707234487,0.596193707234487
flat,single,0,weighted_cka,0,215,0.46954472827492166,300.0,0.29498404264450073,0.03398406505584717,0,0.46954472827492166,0.46954472827492166,1,0,off,0,0,0.0,0.0,0.0,0.0,0.0,0.0,0.0,0.0,0.0,0.46954472827492166,0.46954472827492166
flat,single,0,weighted_cka,0,216,0.43309683609477256,300.0,0.32464906573295593,0.0007989272125996649,0,0.43309683609477256,0.43309683609477256,1,0,off,0,0,0.0,0.0,0.0,0.0,0.0,0.0,0.0,0.0,0.0,0.43309683609477256,0.43309683609477256
flat,single,0,weighted_cka,0,217,0.0963396207536995,300.0,0.23314085602760315,0.049848657101392746,0,0.0963396207536995,0.0963396207536995,1,0,off,0,0,0.0,0.0,0.0,0.0,0.0,0.0,0.0,0.0,0.0,0.0963396207536995,0.0963396207536995
flat,single,0,weighted_cka,0,218,1.693249818068749,300.0,0.5572752356529236,0.12930618226528168,0,1.693249818068749,1.693249818068749,1,0,off,0,0,0.0,0.0,0.0,0.0,0.0,0.0,0.0,0.0,0.0,1.693249818068749,1.693249818068749
flat,single,0,weighted_cka,0,219,1.6472154928665916,300.0,0.49023303389549255,0.10765904933214188,0,1.6472154928665916,1.6472154928665916,1,0,off,0,0,0.0,0.0,0.0,0.0,0.0,0.0,0.0,0.0,0.0,1.6472154928665916,1.6472154928665916
flat,single,0,weighted_cka,0,220,0.6194941771028897,300.0,0.3151772618293762,0.032298631966114044,0,0.6194941771028897,0.6194941771028897,1,0,off,0,0,0.0,0.0,0.0,0.0,0.0,0.0,0.0,0.0,0.0,0.6194941771028897,0.6194941771028897
flat,single,0,weighted_cka,0,221,0.9719864878869839,300.0,0.49929651618003845,0.2827194631099701,0,0.9719864878869839,0.9719864878869839,1,0,off,0,0,0.0,0.0,0.0,0.0,0.0,0.0,0.0,0.0,0.0,0.9719864878869839,0.9719864878869839
flat,single,0,weighted_cka,0,222,1.7872295545246275,300.0,0.5253757238388062,0.22695118188858032,0,1.7872295545246275,1.7872295545246275,1,0,off,0,0,0.0,0.0,0.0,0.0,0.0,0.0,0.0,0.0,0.0,1.7872295545246275,1.7872295545246275
flat,single,0,weighted_cka,0,223,1.6940989658396561,300.0,0.5046244263648987,0.15201613306999207,0,1.6940989658396561,1.6940989658396561,1,0,off,0,0,0.0,0.0,0.0,0.0,0.0,0.0,0.0,0.0,0.0,1.6940989658396561,1.6940989658396561
flat,single,0,weighted_cka,0,224,0.7467562022502636,300.0,0.3315058946609497,0.10191188752651215,0,0.7467562022502636,0.7467562022502636,1,0,off,0,0,0.0,0.0,0.0,0.0,0.0,0.0,0.0,0.0,0.0,0.7467562022502636,0.7467562022502636
flat,single,0,weighted_cka,0,225,1.1004511259453453,300.0,0.4782502055168152,0.051425278186798096,0,1.1004511259453453,1.1004511259453453,1,0,off,0,0,0.0,0.0,0.0,0.0,0.0,0.0,0.0,0.0,0.0,1.1004511259453453,1.1004511259453453
flat,single,0,weighted_cka,0,226,0.7080390439295425,300.0,0.27488332986831665,0.08953829109668732,0,0.7080390439295425,0.7080390439295425,1,0,off,0,0,0.0,0.0,0.0,0.0,0.0,0.0,0.0,0.0,0.0,0.7080390439295425,0.7080390439295425
flat,single,0,weighted_cka,0,227,1.6588066474978391,300.0,0.5110584497451782,0.0994894728064537,0,1.6588066474978391,1.6588066474978391,1,0,off,0,0,0.0,0.0,0.0,0.0,0.0,0.0,0.0,0.0,0.0,1.6588066474978391,1.6588066474978391
flat,single,0,weighted_cka,0,228,1.9753154244692936,300.0,0.5743190050125122,0.05658922716975212,0,1.9753154244692936,1.9753154244692936,1,0,off,0,0,0.0,0.0,0.0,0.0,0.0,0.0,0.0,0.0,0.0,1.9753154244692936,1.9753154244692936
flat,single,0,weighted_cka,0,229,0.7053377764274732,300.0,0.23703400790691376,0.08286556601524353,0,0.7053377764274732,0.7053377764274732,1,0,off,0,0,0.0,0.0,0.0,0.0,0.0,0.0,0.0,0.0,0.0,0.7053377764274732,0.7053377764274732
flat,single,0,weighted_cka,0,230,1.859396712845772,300.0,0.5653097033500671,0.012937272898852825,0,1.859396712845772,1.859396712845772,1,0,off,0,0,0.0,0.0,0.0,0.0,0.0,0.0,0.0,0.0,0.0,1.859396712845772,1.859396712845772
flat,single,0,weighted_cka,0,231,1.4097664750006502,300.0,0.4615227282047272,0.01654946431517601,0,1.4097664750006502,1.4097664750006502,1,0,off,0,0,0.0,0.0,0.0,0.0,0.0,0.0,0.0,0.0,0.0,1.4097664750006502,1.4097664750006502
flat,single,0,weighted_cka,0,232,0.5744620089215449,300.0,0.41882944107055664,0.2247496098279953,0,0.5744620089215449,0.5744620089215449,1,0,off,0,0,0.0,0.0,0.0,0.0,0.0,0.0,0.0,0.0,0.0,0.5744620089215449,0.5744620089215449
flat,single,0,weighted_cka,0,233,0.662543516576022,300.0,0.3858235478401184,0.04679550975561142,0,0.662543516576022,0.662543516576022,1,0,off,0,0,0.0,0.0,0.0,0.0,0.0,0.0,0.0,0.0,0.0,0.662543516576022,0.662543516576022
flat,single,0,weighted_cka,0,234,2.30576760609474,300.0,0.6372929811477661,0.36343520879745483,0,2.30576760609474,2.30576760609474,1,0,off,0,0,0.0,0.0,0.0,0.0,0.0,0.0,0.0,0.0,0.0,2.30576760609474,2.30576760609474
flat,single,0,weighted_cka,0,235,0.9391514693830674,300.0,0.42184463143348694,0.008204922080039978,0,0.9391514693830674,0.9391514693830674,1,0,off,0,0,0.0,0.0,0.0,0.0,0.0,0.0,0.0,0.0,0.0,0.9391514693830674,0.9391514693830674
flat,single,0,weighted_cka,0,236,0.8562518259178193,300.0,0.36669057607650757,0.1582050621509552,0,0.8562518259178193,0.8562518259178193,1,0,off,0,0,0.0,0.0,0.0,0.0,0.0,0.0,0.0,0.0,0.0,0.8562518259178193,0.8562518259178193
flat,single,0,weighted_cka,0,237,1.3214362392275847,300.0,0.47333964705467224,0.12839126586914062,0,1.3214362392275847,1.3214362392275847,1,0,off,0,0,0.0,0.0,0.0,0.0,0.0,0.0,0.0,0.0,0.0,1.3214362392275847,1.3214362392275847
flat,single,0,weighted_cka,0,238,1.8025103402724185,300.0,0.5548197627067566,0.1940678358078003,0,1.8025103402724185,1.8025103402724185,1,0,off,0,0,0.0,0.0,0.0,0.0,0.0,0.0,0.0,0.0,0.0,1.8025103402724185,1.8025103402724185
flat,single,0,weighted_cka,0,239,0.9002820210182096,300.0,0.4176453649997711,0.14986717700958252,0,0.9002820210182096,0.9002820210182096,1,0,off,0,0,0.0,0.0,0.0,0.0,0.0,0.0,0.0,0.0,0.0,0.9002820210182096,0.9002820210182096
flat,single,0,weighted_cka,0,240,1.447887620375694,300.0,0.46491938829421997,0.04168006032705307,0,1.447887620375694,1.447887620375694,1,0,off,0,0,0.0,0.0,0.0,0.0,0.0,0.0,0.0,0.0,0.0,1.447887620375694,1.447887620375694
flat,single,0,weighted_cka,0,241,2.4044409991241977,300.0,0.6930292248725891,0.6492237448692322,0,2.4044409991241977,2.4044409991241977,1,0,off,0,0,0.0,0.0,0.0,0.0,0.0,0.0,0.0,0.0,0.0,2.4044409991241977,2.4044409991241977
flat,single,0,weighted_cka,0,242,0.9258852822182222,300.0,0.4282445013523102,0.01855386421084404,0,0.9258852822182222,0.9258852822182222,1,0,off,0,0,0.0,0.0,0.0,0.0,0.0,0.0,0.0,0.0,0.0,0.9258852822182222,0.9258852822182222
flat,single,0,weighted_cka,0,243,1.6999526999379655,300.0,0.574460506439209,0.11128386855125427,0,1.6999526999379655,1.6999526999379655,1,0,off,0,0,0.0,0.0,0.0,0.0,0.0,0.0,0.0,0.0,0.0,1.6999526999379655,1.6999526999379655
flat,single,0,weighted_cka,0,244,1.11564941176366,300.0,0.34993278980255127,0.10602694749832153,0,1.11564941176366,1.11564941176366,1,0,off,0,0,0.0,0.0,0.0,0.0,0.0,0.0,0.0,0.0,0.0,1.11564941176366,1.11564941176366
flat,single,0,weighted_cka,0,245,1.4563109554837852,300.0,0.459127813577652,0.03859777748584747,0,1.4563109554837852,1.4563109554837852,1,0,off,0,0,0.0,0.0,0.0,0.0,0.0,0.0,0.0,0.0,0.0,1.4563109554837852,1.4563109554837852
flat,single,0,weighted_cka,0,246,1.3232468453206807,300.0,0.4484889507293701,0.056163035333156586,0,1.3232468453206807,1.3232468453206807,1,0,off,0,0,0.0,0.0,0.0,0.0,0.0,0.0,0.0,0.0,0.0,1.3232468453206807,1.3232468453206807
flat,single,0,weighted_cka,0,247,1.3275699037572202,300.0,0.44647330045700073,0.0005679279565811157,0,1.3275699037572202,1.3275699037572202,1,0,off,0,0,0.0,0.0,0.0,0.0,0.0,0.0,0.0,0.0,0.0,1.3275699037572202,1.3275699037572202
flat,single,0,weighted_cka,0,248,2.012501265425506,300.0,0.5814876556396484,0.08934401720762253,0,2.012501265425506,2.012501265425506,1,0,off,0,0,0.0,0.0,0.0,0.0,0.0,0.0,0.0,0.0,0.0,2.012501265425506,2.012501265425506
flat,single,0,weighted_cka,0,249,1.61986013711318,300.0,0.5026624798774719,0.08629561960697174,0,1.61986013711318,1.61986013711318,1,0,off,0,0,0.0,0.0,0.0,0.0,0.0,0.0,0.0,0.0,0.0,1.61986013711318,1.61986013711318
flat,single,0,weighted_cka,0,250,0.605350767468916,300.0,0.31869351863861084,0.06282501667737961,0,0.605350767468916,0.605350767468916,1,0,off,0,0,0.0,0.0,0.0,0.0,0.0,0.0,0.0,0.0,0.0,0.605350767468916,0.605350767468916
flat,single,0,weighted_cka,0,251,1.4027237497505363,300.0,0.48409610986709595,0.2292577624320984,0,1.4027237497505363,1.4027237497505363,1,0,off,0,0,0.0,0.0,0.0,0.0,0.0,0.0,0.0,0.0,0.0,1.4027237497505363,1.4027237497505363
flat,single,0,weighted_cka,0,252,1.4346851664085976,300.0,0.5605522990226746,0.014667353592813015,0,1.4346851664085976,1.4346851664085976,1,0,off,0,0,0.0,0.0,0.0,0.0,0.0,0.0,0.0,0.0,0.0,1.4346851664085976,1.4346851664085976
flat,single,0,weighted_cka,0,253,1.6285252678076163,300.0,0.47129520773887634,0.11206883937120438,0,1.6285252678076163,1.6285252678076163,1,0,off,0,0,0.0,0.0,0.0,0.0,0.0,0.0,0.0,0.0,0.0,1.6285252678076163,1.6285252678076163
flat,single,0,weighted_cka,0,254,1.1483455317854565,300.0,0.4533257484436035,0.07989217340946198,0,1.1483455317854565,1.1483455317854565,1,0,off,0,0,0.0,0.0,0.0,0.0,0.0,0.0,0.0,0.0,0.0,1.1483455317854565,1.1483455317854565
flat,single,0,weighted_cka,0,255,1.1625136574535206,300.0,0.41806888580322266,0.10000000149011612,0,1.1625136574535206,1.1625136574535206,1,0,off,0,0,0.0,0.0,0.0,0.0,0.0,0.0,0.0,0.0,0.0,1.1625136574535206,1.1625136574535206
flat,single,0,weighted_cka,0,256,0.8866226141341018,300.0,0.3429848551750183,0.007249926216900349,0,0.8866226141341018,0.8866226141341018,1,0,off,0,0,0.0,0.0,0.0,0.0,0.0,0.0,0.0,0.0,0.0,0.8866226141341018,0.8866226141341018
flat,single,0,weighted_cka,0,257,1.6584094450947746,300.0,0.5070048570632935,0.0985972136259079,0,1.6584094450947746,1.6584094450947746,1,0,off,0,0,0.0,0.0,0.0,0.0,0.0,0.0,0.0,0.0,0.0,1.6584094450947746,1.6584094450947746
flat,single,0,weighted_cka,0,258,0.800513629826678,300.0,0.38834723830223083,0.11504506319761276,0,0.800513629826678,0.800513629826678,1,0,off,0,0,0.0,0.0,0.0,0.0,0.0,0.0,0.0,0.0,0.0,0.800513629826678,0.800513629826678
flat,single,0,weighted_cka,0,259,0.39122352713850317,300.0,0.2625485062599182,0.0003735623322427273,0,0.39122352713850317,0.39122352713850317,1,0,off,0,0,0.0,0.0,0.0,0.0,0.0,0.0,0.0,0.0,0.0,0.39122352713850317,0.39122352713850317
flat,single,0,weighted_cka,0,260,1.39888337305092,300.0,0.4939888119697571,0.003556900192052126,0,1.39888337305092,1.39888337305092,1,0,off,0,0,0.0,0.0,0.0,0.0,0.0,0.0,0.0,0.0,0.0,1.39888337305092,1.39888337305092
flat,single,0,weighted_cka,0,261,1.6186997816529245,300.0,0.48637714982032776,0.10894429683685303,0,1.6186997816529245,1.6186997816529245,1,0,off,0,0,0.0,0.0,0.0,0.0,0.0,0.0,0.0,0.0,0.0,1.6186997816529245,1.6186997816529245
flat,single,0,weighted_cka,0,262,0.2675088832795143,300.0,0.20904269814491272,0.017757700756192207,0,0.2675088832795143,0.2675088832795143,1,0,off,0,0,0.0,0.0,0.0,0.0,0.0,0.0,0.0,0.0,0.0,0.2675088832795143,0.2675088832795143
flat,single,0,weighted_cka,0,263,1.471481909423345,300.0,0.4591601490974426,0.060446545481681824,0,1.471481909423345,1.471481909423345,1,0,off,0,0,0.0,0.0,0.0,0.0,0.0,0.0,0.0,0.0,0.0,1.471481909423345,1.471481909423345
flat,single,0,weighted_cka,0,264,2.077599285000268,300.0,0.5844284892082214,0.10473622381687164,0,2.077599285000268,2.077599285000268,1,0,off,0,0,0.0,0.0,0.0,0.0,0.0,0.0,0.0,0.0,0.0,2.077599285000268,2.077599285000268
flat,single,0,weighted_cka,0,265,1.1933179549701656,300.0,0.36305883526802063,0.11573590338230133,0,1.1933179549701656,1.1933179549701656,1,0,off,0,0,0.0,0.0,0.0,0.0,0.0,0.0,0.0,0.0,0.0,1.1933179549701656,1.1933179549701656
flat,single,0,weighted_cka,0,266,1.82528584118554,300.0,0.5636357665061951,0.0028634315822273493,0,1.82528584118554,1.82528584118554,1,0,off,0,0,0.0,0.0,0.0,0.0,0.0,0.0,0.0,0.0,0.0,1.82528584118554,1.82528584118554
flat,single,0,weighted_cka,0,267,1.094567785732214,300.0,0.3430839478969574,0.0731016993522644,0,1.094567785732214,1.094567785732214,1,0,off,0,0,0.0,0.0,0.0,0.0,0.0,0.0,0.0,0.0,0.0,1.094567785732214,1.094567785732214
flat,single,0,weighted_cka,0,268,0.7126289463026416,300.0,0.3487025797367096,0.09048666805028915,0,0.7126289463026416,0.7126289463026416,1,0,off,0,0,0.0,0.0,0.0,0.0,0.0,0.0,0.0,0.0,0.0,0.7126289463026416,0.7126289463026416
flat,single,0,weighted_cka,0,269,1.1147821884493156,300.0,0.34571510553359985,0.08257772773504257,0,1.1147821884493156,1.1147821884493156,1,0,off,0,0,0.0,0.0,0.0,0.0,0.0,0.0,0.0,0.0,0.0,1.1147821884493156,1.1147821884493156
flat,single,0,weighted_cka,0,270,1.4131439104371553,300.0,0.5107918977737427,0.006660253740847111,0,1.4131439104371553,1.4131439104371553,1,0,off,0,0,0.0,0.0,0.0,0.0,0.0,0.0,0.0,0.0,0.0,1.4131439104371553,1.4131439104371553
flat,single,0,weighted_cka,0,271,0.4135863551484351,300.0,0.30532556772232056,0.005562291946262121,0,0.4135863551484351,0.4135863551484351,1,0,off,0,0,0.0,0.0,0.0,0.0,0.0,0.0,0.0,0.0,0.0,0.4135863551484351,0.4135863551484351
flat,single,0,weighted_cka,0,272,0.8495178807657782,300.0,0.32036539912223816,0.00743788992986083,0,0.8495178807657782,0.8495178807657782,1,0,off,0,0,0.0,0.0,0.0,0.0,0.0,0.0,0.0,0.0,0.0,0.8495178807657782,0.8495178807657782
flat,single,0,weighted_cka,0,273,0.8461257292895432,300.0,0.3284718692302704,0.01263661403208971,0,0.8461257292895432,0.8461257292895432,1,0,off,0,0,0.0,0.0,0.0,0.0,0.0,0.0,0.0,0.0,0.0,0.8461257292895432,0.8461257292895432
flat,single,0,weighted_cka,0,274,1.2612673616496055,300.0,0.4817503094673157,0.11505938321352005,0,1.2612673616496055,1.2612673616496055,1,0,off,0,0,0.0,0.0,0.0,0.0,0.0,0.0,0.0,0.0,0.0,1.2612673616496055,1.2612673616496055
flat,single,0,weighted_cka,0,275,1.0341162011371567,300.0,0.3680458962917328,0.06455791741609573,0,1.0341162011371567,1.0341162011371567,1,0,off,0,0,0.0,0.0,0.0,0.0,0.0,0.0,0.0,0.0,0.0,1.0341162011371567,1.0341162011371567
flat,single,0,weighted_cka,0,276,1.0859288059597008,300.0,0.3624420464038849,0.05688624083995819,0,1.0859288059597008,1.0859288059597008,1,0,off,0,0,0.0,0.0,0.0,0.0,0.0,0.0,0.0,0.0,0.0,1.0859288059597008,1.0859288059597008
flat,single,0,weighted_cka,0,277,1.7022761869487193,300.0,0.5766945481300354,0.11573590338230133,0,1.7022761869487193,1.7022761869487193,1,0,off,0,0,0.0,0.0,0.0,0.0,0.0,0.0,0.0,0.0,0.0,1.7022761869487193,1.7022761869487193
flat,single,0,weighted_cka,0,278,1.34326377639445,300.0,0.4552968144416809,0.016342703253030777,0,1.34326377639445,1.34326377639445,1,0,off,0,0,0.0,0.0,0.0,0.0,0.0,0.0,0.0,0.0,0.0,1.34326377639445,1.34326377639445
flat,single,0,weighted_cka,0,279,0.7236512202463916,300.0,0.2460705041885376,0.10000000149011612,0,0.7236512202463916,0.7236512202463916,1,0,off,0,0,0.0,0.0,0.0,0.0,0.0,0.0,0.0,0.0,0.0,0.7236512202463916,0.7236512202463916
flat,single,0,weighted_cka,0,280,1.0650693122868597,300.0,0.45652660727500916,0.02815105766057968,0,1.0650693122868597,1.0650693122868597,1,0,off,0,0,0.0,0.0,0.0,0.0,0.0,0.0,0.0,0.0,0.0,1.0650693122868597,1.0650693122868597
flat,single,0,weighted_cka,0,281,0.5931162942114372,300.0,0.2332662045955658,0.07918178290128708,0,0.5931162942114372,0.5931162942114372,1,0,off,0,0,0.0,0.0,0.0,0.0,0.0,0.0,0.0,0.0,0.0,0.5931162942114372,0.5931162942114372
flat,single,0,weighted_cka,0,282,0.9146133307964179,300.0,0.3341897130012512,0.0187554769217968,0,0.9146133307964179,0.9146133307964179,1,0,off,0,0,0.0,0.0,0.0,0.0,0.0,0.0,0.0,0.0,0.0,0.9146133307964179,0.9146133307964179
flat,single,0,weighted_cka,0,283,0.8053754761946027,300.0,0.3405557870864868,0.0008176160044968128,0,0.8053754761946027,0.8053754761946027,1,0,off,0,0,0.0,0.0,0.0,0.0,0.0,0.0,0.0,0.0,0.0,0.8053754761946027,0.8053754761946027
flat,single,0,weighted_cka,0,284,0.7466508044106601,300.0,0.3257528245449066,0.09673067927360535,0,0.7466508044106601,0.7466508044106601,1,0,off,0,0,0.0,0.0,0.0,0.0,0.0,0.0,0.0,0.0,0.0,0.7466508044106601,0.7466508044106601
flat,single,0,weighted_cka,0,285,0.9340540151707488,300.0,0.3419429659843445,0.03233213722705841,0,0.9340540151707488,0.9340540151707488,1,0,off,0,0,0.0,0.0,0.0,0.0,0.0,0.0,0.0,0.0,0.0,0.9340540151707488,0.9340540151707488
flat,single,0,weighted_cka,0,286,1.155326648160643,300.0,0.4164528250694275,0.09355659782886505,0,1.155326648160643,1.155326648160643,1,0,off,0,0,0.0,0.0,0.0,0.0,0.0,0.0,0.0,0.0,0.0,1.155326648160643,1.155326648160643
flat,single,0,weighted_cka,0,287,1.2136045164478126,300.0,0.39737027883529663,0.10000000149011612,0,1.2136045164478126,1.2136045164478126,1,0,off,0,0,0.0,0.0,0.0,0.0,0.0,0.0,0.0,0.0,0.0,1.2136045164478126,1.2136045164478126
flat,single,0,weighted_cka,0,288,1.2631792793216992,300.0,0.4114743769168854,0.17705164849758148,0,1.2631792793216992,1.2631792793216992,1,0,off,0,0,0.0,0.0,0.0,0.0,0.0,0.0,0.0,0.0,0.0,1.2631792793216992,1.2631792793216992
flat,single,0,weighted_cka,0,289,0.8871837182210571,300.0,0.42630624771118164,0.0019144151592627168,0,0.8871837182210571,0.8871837182210571,1,0,off,0,0,0.0,0.0,0.0,0.0,0.0,0.0,0.0,0.0,0.0,0.8871837182210571,0.8871837182210571
flat,single,0,weighted_cka,0,290,1.6594126515647063,300.0,0.4724758267402649,0.09355659782886505,0,1.6594126515647063,1.6594126515647063,1,0,off,0,0,0.0,0.0,0.0,0.0,0.0,0.0,0.0,0.0,0.0,1.6594126515647063,1.6594126515647063
flat,single,0,weighted_cka,0,291,0.736504538637381,300.0,0.30593907833099365,0.00043472283869050443,0,0.736504538637381,0.736504538637381,1,0,off,0,0,0.0,0.0,0.0,0.0,0.0,0.0,0.0,0.0,0.0,0.736504538637381,0.736504538637381
flat,single,0,weighted_cka,0,292,0.5144318244849262,300.0,0.24116411805152893,0.04293045774102211,0,0.5144318244849262,0.5144318244849262,1,0,off,0,0,0.0,0.0,0.0,0.0,0.0,0.0,0.0,0.0,0.0,0.5144318244849262,0.5144318244849262
flat,single,0,weighted_cka,0,293,1.1470215426730634,300.0,0.39285025000572205,0.10000000149011612,0,1.1470215426730634,1.1470215426730634,1,0,off,0,0,0.0,0.0,0.0,0.0,0.0,0.0,0.0,0.0,0.0,1.1470215426730634,1.1470215426730634
flat,single,0,weighted_cka,0,294,1.0955574295690882,300.0,0.34489351511001587,0.07251912355422974,0,1.0955574295690882,1.0955574295690882,1,0,off,0,0,0.0,0.0,0.0,0.0,0.0,0.0,0.0,0.0,0.0,1.0955574295690882,1.0955574295690882
flat,single,0,weighted_cka,0,295,1.3312739458143357,300.0,0.4761572480201721,0.16289718449115753,0,1.3312739458143357,1.3312739458143357,1,0,off,0,0,0.0,0.0,0.0,0.0,0.0,0.0,0.0,0.0,0.0,1.3312739458143357,1.3312739458143357
flat,single,0,weighted_cka,0,296,0.9008220557540527,300.0,0.33226168155670166,0.007451203186064959,0,0.9008220557540527,0.9008220557540527,1,0,off,0,0,0.0,0.0,0.0,0.0,0.0,0.0,0.0,0.0,0.0,0.9008220557540527,0.9008220557540527
flat,single,0,weighted_cka,0,297,0.9062414399162195,300.0,0.3441576361656189,0.01666421629488468,0,0.9062414399162195,0.9062414399162195,1,0,off,0,0,0.0,0.0,0.0,0.0,0.0,0.0,0.0,0.0,0.0,0.9062414399162195,0.9062414399162195
flat,single,0,weighted_cka,0,298,1.4607183304293128,300.0,0.455151230096817,0.062252189964056015,0,1.4607183304293128,1.4607183304293128,1,0,off,0,0,0.0,0.0,0.0,0.0,0.0,0.0,0.0,0.0,0.0,1.4607183304293128,1.4607183304293128
flat,single,0,weighted_cka,0,299,1.0853261818057023,300.0,0.3387635052204132,0.08278761804103851,0,1.0853261818057023,1.0853261818057023,1,0,off,0,0,0.0,0.0,0.0,0.0,0.0,0.0,0.0,0.0,0.0,1.0853261818057023,1.0853261818057023
flat,single,0,weighted_cka,0,300,0.9163450219740863,300.0,0.4141084551811218,0.003455205587670207,0,0.9163450219740863,0.9163450219740863,1,0,off,0,0,0.0,0.0,0.0,0.0,0.0,0.0,0.0,0.0,0.0,0.9163450219740863,0.9163450219740863
flat,single,0,weighted_cka,0,301,0.3974779753400628,300.0,0.30816397070884705,0.0008745789527893066,0,0.3974779753400628,0.3974779753400628,1,0,off,0,0,0.0,0.0,0.0,0.0,0.0,0.0,0.0,0.0,0.0,0.3974779753400628,0.3974779753400628
flat,single,0,weighted_cka,0,302,0.6405488314587262,300.0,0.24327969551086426,0.06173603609204292,0,0.6405488314587262,0.6405488314587262,1,0,off,0,0,0.0,0.0,0.0,0.0,0.0,0.0,0.0,0.0,0.0,0.6405488314587262,0.6405488314587262
flat,single,0,weighted_cka,0,303,1.2996129115880977,300.0,0.4355141520500183,0.0024745319969952106,0,1.2996129115880977,1.2996129115880977,1,0,off,0,0,0.0,0.0,0.0,0.0,0.0,0.0,0.0,0.0,0.0,1.2996129115880977,1.2996129115880977
flat,single,0,weighted_cka,0,304,0.7031454420227408,300.0,0.3663036823272705,0.10000000149011612,0,0.7031454420227408,0.7031454420227408,1,0,off,0,0,0.0,0.0,0.0,0.0,0.0,0.0,0.0,0.0,0.0,0.7031454420227408,0.7031454420227408
flat,single,0,weighted_cka,0,305,0.6769728524583729,300.0,0.3136366009712219,0.0941079631447792,0,0.6769728524583729,0.6769728524583729,1,0,off,0,0,0.0,0.0,0.0,0.0,0.0,0.0,0.0,0.0,0.0,0.6769728524583729,0.6769728524583729
flat,single,0,weighted_cka,0,306,0.9560233021298687,300.0,0.33287155628204346,0.04333954304456711,0,0.9560233021298687,0.9560233021298687,1,0,off,0,0,0.0,0.0,0.0,0.0,0.0,0.0,0.0,0.0,0.0,0.9560233021298687,0.9560233021298687
flat,single,0,weighted_cka,0,307,1.4456705184111267,300.0,0.4529057443141937,0.049739714711904526,0,1.4456705184111267,1.4456705184111267,1,0,off,0,0,0.0,0.0,0.0,0.0,0.0,0.0,0.0,0.0,0.0,1.4456705184111267,1.4456705184111267
flat,single,0,weighted_cka,0,308,0.9296009052679226,300.0,0.3442314565181732,0.01655249111354351,0,0.9296009052679226,0.9296009052679226,1,0,off,0,0,0.0,0.0,0.0,0.0,0.0,0.0,0.0,0.0,0.0,0.9296009052679226,0.9296009052679226
flat,single,0,weighted_cka,0,309,0.7086998272672065,300.0,0.4114746153354645,0.10000000149011612,0,0.7086998272672065,0.7086998272672065,1,0,off,0,0,0.0,0.0,0.0,0.0,0.0,0.0,0.0,0.0,0.0,0.7086998272672065,0.7086998272672065
flat,single,0,weighted_cka,0,310,0.56009565401764,300.0,0.24548065662384033,0.0758800208568573,0,0.56009565401764,0.56009565401764,1,0,off,0,0,0.0,0.0,0.0,0.0,0.0,0.0,0.0,0.0,0.0,0.56009565401764,0.56009565401764
flat,single,0,weighted_cka,0,311,0.3867408879855918,300.0,0.20919179916381836,0.00045076035894453526,0,0.3867408879855918,0.3867408879855918,1,0,off,0,0,0.0,0.0,0.0,0.0,0.0,0.0,0.0,0.0,0.0,0.3867408879855918,0.3867408879855918
flat,single,0,weighted_cka,0,312,1.5834283904253241,300.0,0.46769922971725464,0.10736186802387238,0,1.5834283904253241,1.5834283904253241,1,0,off,0,0,0.0,0.0,0.0,0.0,0.0,0.0,0.0,0.0,0.0,1.5834283904253241,1.5834283904253241
flat,single,0,weighted_cka,0,313,0.9346519319915432,300.0,0.43464088439941406,0.003010012675076723,0,0.9346519319915432,0.9346519319915432,1,0,off,0,0,0.0,0.0,0.0,0.0,0.0,0.0,0.0,0.0,0.0,0.9346519319915432,0.9346519319915432
flat,single,0,weighted_cka,0,314,1.405709714032581,300.0,0.4483899474143982,0.0307959895581007,0,1.405709714032581,1.405709714032581,1,0,off,0,0,0.0,0.0,0.0,0.0,0.0,0.0,0.0,0.0,0.0,1.405709714032581,1.405709714032581
flat,single,0,weighted_cka,0,315,0.978440132448303,300.0,0.35417845845222473,0.07106674462556839,0,0.978440132448303,0.978440132448303,1,0,off,0,0,0.0,0.0,0.0,0.0,0.0,0.0,0.0,0.0,0.0,0.978440132448303,0.978440132448303
flat,single,0,weighted_cka,0,316,0.8639892651445722,300.0,0.33498987555503845,0.00018689039279706776,0,0.8639892651445722,0.8639892651445722,1,0,off,0,0,0.0,0.0,0.0,0.0,0.0,0.0,0.0,0.0,0.0,0.8639892651445722,0.8639892651445722
flat,single,0,weighted_cka,0,317,0.9684610153286473,300.0,0.32920190691947937,0.05683188512921333,0,0.9684610153286473,0.9684610153286473,1,0,off,0,0,0.0,0.0,0.0,0.0,0.0,0.0,0.0,0.0,0.0,0.9684610153286473,0.9684610153286473
flat,single,0,weighted_cka,0,318,0.584472326779998,300.0,0.2647880017757416,0.06642141193151474,0,0.584472326779998,0.584472326779998,1,0,off,0,0,0.0,0.0,0.0,0.0,0.0,0.0,0.0,0.0,0.0,0.584472326779998,0.584472326779998
flat,single,0,weighted_cka,0,319,1.1661556798207302,300.0,0.3849373459815979,0.09660858660936356,0,1.1661556798207302,1.1661556798207302,1,0,off,0,0,0.0,0.0,0.0,0.0,0.0,0.0,0.0,0.0,0.0,1.1661556798207302,1.1661556798207302
flat,single,0,weighted_cka,0,320,0.9782454674861922,300.0,0.3570709824562073,0.031238796189427376,0,0.9782454674861922,0.9782454674861922,1,0,off,0,0,0.0,0.0,0.0,0.0,0.0,0.0,0.0,0.0,0.0,0.9782454674861922,0.9782454674861922
flat,single,0,weighted_cka,0,321,0.7770149279658614,300.0,0.35263463854789734,0.11337579786777496,0,0.7770149279658614,0.7770149279658614,1,0,off,0,0,0.0,0.0,0.0,0.0,0.0,0.0,0.0,0.0,0.0,0.7770149279658614,0.7770149279658614
flat,single,0,weighted_cka,0,322,0.6551507825007308,300.0,0.3158688247203827,0.0015610128175467253,0,0.6551507825007308,0.6551507825007308,1,0,off,0,0,0.0,0.0,0.0,0.0,0.0,0.0,0.0,0.0,0.0,0.6551507825007308,0.6551507825007308
flat,single,0,weighted_cka,0,323,1.7431598492421458,300.0,0.5476189851760864,0.19083476066589355,0,1.7431598492421458,1.7431598492421458,1,0,off,0,0,0.0,0.0,0.0,0.0,0.0,0.0,0.0,0.0,0.0,1.7431598492421458,1.7431598492421458
flat,single,0,weighted_cka,0,324,1.2010951261650904,300.0,0.37002578377723694,0.13935132324695587,0,1.2010951261650904,1.2010951261650904,1,0,off,0,0,0.0,0.0,0.0,0.0,0.0,0.0,0.0,0.0,0.0,1.2010951261650904,1.2010951261650904
flat,single,0,weighted_cka,0,325,2.1387891577957348,300.0,0.5904234051704407,0.1385243833065033,0,2.1387891577957348,2.1387891577957348,1,0,off,0,0,0.0,0.0,0.0,0.0,0.0,0.0,0.0,0.0,0.0,2.1387891577957348,2.1387891577957348
flat,single,0,weighted_cka,0,326,1.5243105276754236,300.0,0.455799400806427,0.04655619338154793,0,1.5243105276754236,1.5243105276754236,1,0,off,0,0,0.0,0.0,0.0,0.0,0.0,0.0,0.0,0.0,0.0,1.5243105276754236,1.5243105276754236
flat,single,0,weighted_cka,0,327,1.2324356073024534,300.0,0.5599088072776794,0.10000000149011612,0,1.2324356073024534,1.2324356073024534,1,0,off,0,0,0.0,0.0,0.0,0.0,0.0,0.0,0.0,0.0,0.0,1.2324356073024534,1.2324356073024534
flat,single,0,weighted_cka,0,328,1.3174722853946137,300.0,0.4524701237678528,0.0017625999171286821,0,1.3174722853946137,1.3174722853946137,1,0,off,0,0,0.0,0.0,0.0,0.0,0.0,0.0,0.0,0.0,0.0,1.3174722853946137,1.3174722853946137
flat,single,0,weighted_cka,0,329,1.7866802812844966,300.0,0.5647252202033997,0.0038271655794233084,0,1.7866802812844966,1.7866802812844966,1,0,off,0,0,0.0,0.0,0.0,0.0,0.0,0.0,0.0,0.0,0.0,1.7866802812844966,1.7866802812844966
flat,single,0,weighted_cka,0,330,0.980170939421865,300.0,0.3317186236381531,0.051813337951898575,0,0.980170939421865,0.980170939421865,1,0,off,0,0,0.0,0.0,0.0,0.0,0.0,0.0,0.0,0.0,0.0,0.980170939421865,0.980170939421865
flat,single,0,weighted_cka,0,331,0.6482828059389578,300.0,0.33749908208847046,0.09660858660936356,0,0.6482828059389578,0.6482828059389578,1,0,off,0,0,0.0,0.0,0.0,0.0,0.0,0.0,0.0,0.0,0.0,0.6482828059389578,0.6482828059389578
flat,single,0,weighted_cka,0,332,0.8795014336013525,300.0,0.33379417657852173,0.015393659472465515,0,0.8795014336013525,0.8795014336013525,1,0,off,0,0,0.0,0.0,0.0,0.0,0.0,0.0,0.0,0.0,0.0,0.8795014336013525,0.8795014336013525
flat,single,0,weighted_cka,0,333,0.4989509355838879,300.0,0.2715633511543274,0.10000000149011612,0,0.4989509355838879,0.4989509355838879,1,0,off,0,0,0.0,0.0,0.0,0.0,0.0,0.0,0.0,0.0,0.0,0.4989509355838879,0.4989509355838879
flat,single,0,weighted_cka,0,334,0.9305273241529379,300.0,0.43568554520606995,0.017185606062412262,0,0.9305273241529379,0.9305273241529379,1,0,off,0,0,0.0,0.0,0.0,0.0,0.0,0.0,0.0,0.0,0.0,0.9305273241529379,0.9305273241529379
flat,single,0,weighted_cka,0,335,0.8089341053706436,300.0,0.3246152400970459,0.0001523887476650998,0,0.8089341053706436,0.8089341053706436,1,0,off,0,0,0.0,0.0,0.0,0.0,0.0,0.0,0.0,0.0,0.0,0.8089341053706436,0.8089341053706436
flat,single,0,weighted_cka,0,336,1.1779847640696959,300.0,0.3662887215614319,0.11128386855125427,0,1.1779847640696959,1.1779847640696959,1,0,off,0,0,0.0,0.0,0.0,0.0,0.0,0.0,0.0,0.0,0.0,1.1779847640696959,1.1779847640696959
flat,single,0,weighted_cka,0,337,0.23964958083815757,300.0,0.19839473068714142,0.0021303321700543165,0,0.23964958083815757,0.23964958083815757,1,0,off,0,0,0.0,0.0,0.0,0.0,0.0,0.0,0.0,0.0,0.0,0.23964958083815757,0.23964958083815757
flat,single,0,weighted_cka,0,338,0.6813498828170839,300.0,0.31250447034835815,0.09660858660936356,0,0.6813498828170839,0.6813498828170839,1,0,off,0,0,0.0,0.0,0.0,0.0,0.0,0.0,0.0,0.0,0.0,0.6813498828170839,0.6813498828170839
flat,single,0,weighted_cka,0,339,0.9483083553140874,300.0,0.35700199007987976,0.006703846622258425,0,0.9483083553140874,0.9483083553140874,1,0,off,0,0,0.0,0.0,0.0,0.0,0.0,0.0,0.0,0.0,0.0,0.9483083553140874,0.9483083553140874
flat,single,0,weighted_cka,0,340,0.3502976454648876,300.0,0.23902173340320587,0.0002727734681684524,0,0.3502976454648876,0.3502976454648876,1,0,off,0,0,0.0,0.0,0.0,0.0,0.0,0.0,0.0,0.0,0.0,0.3502976454648876,0.3502976454648876
flat,single,0,weighted_cka,0,341,0.2778991822648993,300.0,0.21847744286060333,0.00022704187722411007,0,0.2778991822648993,0.2778991822648993,1,0,off,0,0,0.0,0.0,0.0,0.0,0.0,0.0,0.0,0.0,0.0,0.2778991822648993,0.2778991822648993
flat,single,0,weighted_cka,0,342,0.48771749147563126,300.0,0.21629397571086884,0.05305399000644684,0,0.48771749147563126,0.48771749147563126,1,0,off,0,0,0.0,0.0,0.0,0.0,0.0,0.0,0.0,0.0,0.0,0.48771749147563126,0.48771749147563126
flat,single,0,weighted_cka,0,343,1.1581062296811186,300.0,0.4752427935600281,0.11894818395376205,0,1.1581062296811186,1.1581062296811186,1,0,off,0,0,0.0,0.0,0.0,0.0,0.0,0.0,0.0,0.0,0.0,1.1581062296811186,1.1581062296811186
flat,single,0,weighted_cka,0,344,1.2395922073184282,300.0,0.42368635535240173,0.11894818395376205,0,1.2395922073184282,1.2395922073184282,1,0,off,0,0,0.0,0.0,0.0,0.0,0.0,0.0,0.0,0.0,0.0,1.2395922073184282,1.2395922073184282
flat,single,0,weighted_cka,0,345,0.42910704511241304,300.0,0.2400321215391159,0.008096887730062008,0,0.42910704511241304,0.42910704511241304,1,0,off,0,0,0.0,0.0,0.0,0.0,0.0,0.0,0.0,0.0,0.0,0.42910704511241304,0.42910704511241304
flat,single,0,weighted_cka,0,346,0.5361124856237427,300.0,0.3318762481212616,0.017692992463707924,0,0.5361124856237427,0.5361124856237427,1,0,off,0,0,0.0,0.0,0.0,0.0,0.0,0.0,0.0,0.0,0.0,0.5361124856237427,0.5361124856237427
flat,single,0,weighted_cka,0,347,0.3674735922186403,300.0,0.2241574078798294,0.0013586500426754355,0,0.3674735922186403,0.3674735922186403,1,0,off,0,0,0.0,0.0,0.0,0.0,0.0,0.0,0.0,0.0,0.0,0.3674735922186403,0.3674735922186403
flat,single,0,weighted_cka,0,348,1.1055410073455265,300.0,0.3681236207485199,0.0851828083395958,0,1.1055410073455265,1.1055410073455265,1,0,off,0,0,0.0,0.0,0.0,0.0,0.0,0.0,0.0,0.0,0.0,1.1055410073455265,1.1055410073455265
flat,single,0,weighted_cka,0,349,1.3593088710508074,300.0,0.4785866141319275,0.06975375860929489,0,1.3593088710508074,1.3593088710508074,1,0,off,0,0,0.0,0.0,0.0,0.0,0.0,0.0,0.0,0.0,0.0,1.3593088710508074,1.3593088710508074
flat,single,0,weighted_cka,0,350,0.22738757106635488,300.0,0.1881110966205597,0.00047508280840702355,0,0.22738757106635488,0.22738757106635488,1,0,off,0,0,0.0,0.0,0.0,0.0,0.0,0.0,0.0,0.0,0.0,0.22738757106635488,0.22738757106635488
flat,single,0,weighted_cka,0,351,0.7056440265346278,300.0,0.41996878385543823,0.0933321863412857,0,0.7056440265346278,0.7056440265346278,1,0,off,0,0,0.0,0.0,0.0,0.0,0.0,0.0,0.0,0.0,0.0,0.7056440265346278,0.7056440265346278
flat,single,0,weighted_cka,0,352,0.7692435874589125,300.0,0.34505194425582886,0.10000000149011612,0,0.7692435874589125,0.7692435874589125,1,0,off,0,0,0.0,0.0,0.0,0.0,0.0,0.0,0.0,0.0,0.0,0.7692435874589125,0.7692435874589125
flat,single,0,weighted_cka,0,353,0.6448183045497475,300.0,0.42174309492111206,0.025590553879737854,0,0.6448183045497475,0.6448183045497475,1,0,off,0,0,0.0,0.0,0.0,0.0,0.0,0.0,0.0,0.0,0.0,0.6448183045497475,0.6448183045497475
flat,single,0,weighted_cka,0,354,1.3553612810028413,300.0,0.44412627816200256,0.01661379262804985,0,1.3553612810028413,1.3553612810028413,1,0,off,0,0,0.0,0.0,0.0,0.0,0.0,0.0,0.0,0.0,0.0,1.3553612810028413,1.3553612810028413
flat,single,0,weighted_cka,0,355,0.8102310712481868,300.0,0.31557121872901917,0.005695750005543232,0,0.8102310712481868,0.8102310712481868,1,0,off,0,0,0.0,0.0,0.0,0.0,0.0,0.0,0.0,0.0,0.0,0.8102310712481868,0.8102310712481868
flat,single,0,weighted_cka,0,356,1.0307212978629297,300.0,0.3385084569454193,0.04937475174665451,0,1.0307212978629297,1.0307212978629297,1,0,off,0,0,0.0,0.0,0.0,0.0,0.0,0.0,0.0,0.0,0.0,1.0307212978629297,1.0307212978629297
flat,single,0,weighted_cka,0,357,0.7058927282965457,300.0,0.33491477370262146,0.10000000149011612,0,0.7058927282965457,0.7058927282965457,1,0,off,0,0,0.0,0.0,0.0,0.0,0.0,0.0,0.0,0.0,0.0,0.7058927282965457,0.7058927282965457
flat,single,0,weighted_cka,0,358,0.5188880409489856,300.0,0.24265627562999725,0.020966172218322754,0,0.5188880409489856,0.5188880409489856,1,0,off,0,0,0.0,0.0,0.0,0.0,0.0,0.0,0.0,0.0,0.0,0.5188880409489856,0.5188880409489856
flat,single,0,weighted_cka,0,359,2.2569115247519207,300.0,0.6183034777641296,0.26737555861473083,0,2.2569115247519207,2.2569115247519207,1,0,off,0,0,0.0,0.0,0.0,0.0,0.0,0.0,0.0,0.0,0.0,2.2569115247519207,2.2569115247519207
flat,single,0,weighted_cka,0,360,1.6074850356275179,300.0,0.49840521812438965,0.09355659782886505,0,1.6074850356275179,1.6074850356275179,1,0,off,0,0,0.0,0.0,0.0,0.0,0.0,0.0,0.0,0.0,0.0,1.6074850356275179,1.6074850356275179
flat,single,0,weighted_cka,0,361,1.6288511712991087,300.0,0.47806787490844727,0.10000000149011612,0,1.6288511712991087,1.6288511712991087,1,0,off,0,0,0.0,0.0,0.0,0.0,0.0,0.0,0.0,0.0,0.0,1.6288511712991087,1.6288511712991087
flat,single,0,weighted_cka,0,362,0.51078074148263,300.0,0.29799288511276245,0.06400445103645325,0,0.51078074148263,0.51078074148263,1,0,off,0,0,0.0,0.0,0.0,0.0,0.0,0.0,0.0,0.0,0.0,0.51078074148263,0.51078074148263
flat,single,0,weighted_cka,0,363,0.527651432314268,300.0,0.31919950246810913,0.017702709883451462,0,0.527651432314268,0.527651432314268,1,0,off,0,0,0.0,0.0,0.0,0.0,0.0,0.0,0.0,0.0,0.0,0.527651432314268,0.527651432314268
flat,single,0,weighted_cka,0,364,1.0676386044330899,300.0,0.3332189917564392,0.07547002285718918,0,1.0676386044330899,1.0676386044330899,1,0,off,0,0,0.0,0.0,0.0,0.0,0.0,0.0,0.0,0.0,0.0,1.0676386044330899,1.0676386044330899
flat,single,0,weighted_cka,0,365,0.6319996779688029,300.0,0.29063746333122253,0.10000000149011612,0,0.6319996779688029,0.6319996779688029,1,0,off,0,0,0.0,0.0,0.0,0.0,0.0,0.0,0.0,0.0,0.0,0.6319996779688029,0.6319996779688029
flat,single,0,weighted_cka,0,366,1.1501279097643407,300.0,0.3727724850177765,0.10000000149011612,0,1.1501279097643407,1.1501279097643407,1,0,off,0,0,0.0,0.0,0.0,0.0,0.0,0.0,0.0,0.0,0.0,1.1501279097643407,1.1501279097643407
flat,single,0,weighted_cka,0,367,0.8281649110664135,300.0,0.4176099896430969,0.002468554535880685,0,0.8281649110664135,0.8281649110664135,1,0,off,0,0,0.0,0.0,0.0,0.0,0.0,0.0,0.0,0.0,0.0,0.8281649110664135,0.8281649110664135
flat,single,0,weighted_cka,0,368,1.1749508032505185,300.0,0.3998642563819885,0.09377715736627579,0,1.1749508032505185,1.1749508032505185,1,0,off,0,0,0.0,0.0,0.0,0.0,0.0,0.0,0.0,0.0,0.0,1.1749508032505185,1.1749508032505185
flat,single,0,weighted_cka,0,369,0.2888987081270886,300.0,0.20115604996681213,0.030050380155444145,0,0.2888987081270886,0.2888987081270886,1,0,off,0,0,0.0,0.0,0.0,0.0,0.0,0.0,0.0,0.0,0.0,0.2888987081270886,0.2888987081270886
flat,single,0,weighted_cka,0,370,1.182281289011006,300.0,0.3547895550727844,0.09356824308633804,0,1.182281289011006,1.182281289011006,1,0,off,0,0,0.0,0.0,0.0,0.0,0.0,0.0,0.0,0.0,0.0,1.182281289011006,1.182281289011006
flat,single,0,weighted_cka,0,371,1.1938715011579903,300.0,0.38412630558013916,0.11482642590999603,0,1.1938715011579903,1.1938715011579903,1,0,off,0,0,0.0,0.0,0.0,0.0,0.0,0.0,0.0,0.0,0.0,1.1938715011579903,1.1938715011579903
flat,single,0,weighted_cka,0,372,0.26842893441500904,300.0,0.21826843917369843,0.0022520944476127625,0,0.26842893441500904,0.26842893441500904,1,0,off,0,0,0.0,0.0,0.0,0.0,0.0,0.0,0.0,0.0,0.0,0.26842893441500904,0.26842893441500904
flat,single,0,weighted_cka,0,373,0.7513344047561975,300.0,0.3179337978363037,0.0025057997554540634,0,0.7513344047561975,0.7513344047561975,1,0,off,0,0,0.0,0.0,0.0,0.0,0.0,0.0,0.0,0.0,0.0,0.7513344047561975,0.7513344047561975
flat,single,0,weighted_cka,0,374,0.9521307339641734,300.0,0.3846636414527893,0.026327336207032204,0,0.9521307339641734,0.9521307339641734,1,0,off,0,0,0.0,0.0,0.0,0.0,0.0,0.0,0.0,0.0,0.0,0.9521307339641734,0.9521307339641734
flat,single,0,weighted_cka,0,375,0.6160842728906561,300.0,0.28149810433387756,0.017280926927924156,0,0.6160842728906561,0.6160842728906561,1,0,off,0,0,0.0,0.0,0.0,0.0,0.0,0.0,0.0,0.0,0.0,0.6160842728906561,0.6160842728906561
flat,single,0,weighted_cka,0,376,1.0177920352726106,300.0,0.3922138810157776,0.04953978955745697,0,1.0177920352726106,1.0177920352726106,1,0,off,0,0,0.0,0.0,0.0,0.0,0.0,0.0,0.0,0.0,0.0,1.0177920352726106,1.0177920352726106
flat,single,0,weighted_cka,0,377,0.9698154948751823,300.0,0.3305749297142029,0.02309550531208515,0,0.9698154948751823,0.9698154948751823,1,0,off,0,0,0.0,0.0,0.0,0.0,0.0,0.0,0.0,0.0,0.0,0.9698154948751823,0.9698154948751823
flat,single,0,weighted_cka,0,378,1.679123337854874,300.0,0.5257304906845093,0.12633614242076874,0,1.679123337854874,1.679123337854874,1,0,off,0,0,0.0,0.0,0.0,0.0,0.0,0.0,0.0,0.0,0.0,1.679123337854874,1.679123337854874
flat,single,0,weighted_cka,0,379,0.7089616375626053,300.0,0.2661993205547333,0.08619895577430725,0,0.7089616375626053,0.7089616375626053,1,0,off,0,0,0.0,0.0,0.0,0.0,0.0,0.0,0.0,0.0,0.0,0.7089616375626053,0.7089616375626053
flat,single,0,weighted_cka,0,380,0.8189423778958096,300.0,0.31398335099220276,0.03554801270365715,0,0.8189423778958096,0.8189423778958096,1,0,off,0,0,0.0,0.0,0.0,0.0,0.0,0.0,0.0,0.0,0.0,0.8189423778958096,0.8189423778958096
flat,single,0,weighted_cka,0,381,0.8191605304487881,300.0,0.32920530438423157,0.0010519083589315414,0,0.8191605304487881,0.8191605304487881,1,0,off,0,0,0.0,0.0,0.0,0.0,0.0,0.0,0.0,0.0,0.0,0.8191605304487881,0.8191605304487881
flat,single,0,weighted_cka,0,382,0.5850938757586834,300.0,0.2226773053407669,0.09050919860601425,0,0.5850938757586834,0.5850938757586834,1,0,off,0,0,0.0,0.0,0.0,0.0,0.0,0.0,0.0,0.0,0.0,0.5850938757586834,0.5850938757586834
flat,single,0,weighted_cka,0,383,0.7754633151846053,300.0,0.3633832335472107,0.09700925648212433,0,0.7754633151846053,0.7754633151846053,1,0,off,0,0,0.0,0.0,0.0,0.0,0.0,0.0,0.0,0.0,0.0,0.7754633151846053,0.7754633151846053
flat,single,0,weighted_cka,0,384,0.7150513723452607,300.0,0.3513714373111725,0.10000000149011612,0,0.7150513723452607,0.7150513723452607,1,0,off,0,0,0.0,0.0,0.0,0.0,0.0,0.0,0.0,0.0,0.0,0.7150513723452607,0.7150513723452607
flat,single,0,weighted_cka,0,385,1.1803012971955456,300.0,0.45861831307411194,0.11774899065494537,0,1.1803012971955456,1.1803012971955456,1,0,off,0,0,0.0,0.0,0.0,0.0,0.0,0.0,0.0,0.0,0.0,1.1803012971955456,1.1803012971955456
flat,single,0,weighted_cka,0,386,0.6814430598188426,300.0,0.286466509103775,0.09048666805028915,0,0.6814430598188426,0.6814430598188426,1,0,off,0,0,0.0,0.0,0.0,0.0,0.0,0.0,0.0,0.0,0.0,0.6814430598188426,0.6814430598188426
flat,single,0,weighted_cka,0,387,0.5106975805176588,300.0,0.34072810411453247,0.002115687821060419,0,0.5106975805176588,0.5106975805176588,1,0,off,0,0,0.0,0.0,0.0,0.0,0.0,0.0,0.0,0.0,0.0,0.5106975805176588,0.5106975805176588
flat,single,0,weighted_cka,0,388,1.1401851737083932,300.0,0.3522310256958008,0.10000000149011612,0,1.1401851737083932,1.1401851737083932,1,0,off,0,0,0.0,0.0,0.0,0.0,0.0,0.0,0.0,0.0,0.0,1.1401851737083932,1.1401851737083932
flat,single,0,weighted_cka,0,389,0.8360124961232929,300.0,0.34066563844680786,0.006546113174408674,0,0.8360124961232929,0.8360124961232929,1,0,off,0,0,0.0,0.0,0.0,0.0,0.0,0.0,0.0,0.0,0.0,0.8360124961232929,0.8360124961232929
flat,single,0,weighted_cka,0,390,0.2532550689822517,300.0,0.20551347732543945,0.0046385289169847965,0,0.2532550689822517,0.2532550689822517,1,0,off,0,0,0.0,0.0,0.0,0.0,0.0,0.0,0.0,0.0,0.0,0.2532550689822517,0.2532550689822517
flat,single,0,weighted_cka,0,391,0.468096262245536,300.0,0.246822327375412,0.023903485387563705,0,0.468096262245536,0.468096262245536,1,0,off,0,0,0.0,0.0,0.0,0.0,0.0,0.0,0.0,0.0,0.0,0.468096262245536,0.468096262245536
flat,single,0,weighted_cka,0,392,0.38738062737975154,300.0,0.26127105951309204,0.002187194302678108,0,0.38738062737975154,0.38738062737975154,1,0,off,0,0,0.0,0.0,0.0,0.0,0.0,0.0,0.0,0.0,0.0,0.38738062737975154,0.38738062737975154
flat,single,0,weighted_cka,0,393,0.4397289888875764,300.0,0.2582513391971588,0.06946375966072083,0,0.4397289888875764,0.4397289888875764,1,0,off,0,0,0.0,0.0,0.0,0.0,0.0,0.0,0.0,0.0,0.0,0.4397289888875764,0.4397289888875764
flat,single,0,weighted_cka,0,394,0.9897513698175304,300.0,0.40425166487693787,0.03016240894794464,0,0.9897513698175304,0.9897513698175304,1,0,off,0,0,0.0,0.0,0.0,0.0,0.0,0.0,0.0,0.0,0.0,0.9897513698175304,0.9897513698175304
flat,single,0,weighted_cka,0,395,1.0949145911748461,300.0,0.3478497862815857,0.10000000149011612,0,1.0949145911748461,1.0949145911748461,1,0,off,0,0,0.0,0.0,0.0,0.0,0.0,0.0,0.0,0.0,0.0,1.0949145911748461,1.0949145911748461
flat,single,0,weighted_cka,0,396,1.2423499296695342,300.0,0.4914926588535309,0.09673067927360535,0,1.2423499296695342,1.2423499296695342,1,0,off,0,0,0.0,0.0,0.0,0.0,0.0,0.0,0.0,0.0,0.0,1.2423499296695342,1.2423499296695342
flat,single,0,weighted_cka,0,397,0.6670407673920624,300.0,0.4002605974674225,0.06928063184022903,0,0.6670407673920624,0.6670407673920624,1,0,off,0,0,0.0,0.0,0.0,0.0,0.0,0.0,0.0,0.0,0.0,0.6670407673920624,0.6670407673920624
flat,single,0,weighted_cka,0,398,0.8763956048438546,300.0,0.3299020826816559,0.0005596315604634583,0,0.8763956048438546,0.8763956048438546,1,0,off,0,0,0.0,0.0,0.0,0.0,0.0,0.0,0.0,0.0,0.0,0.8763956048438546,0.8763956048438546
flat,single,0,weighted_cka,0,399,0.57780056793781,300.0,0.43910589814186096,0.016502484679222107,0,0.57780056793781,0.57780056793781,1,0,off,0,0,0.0,0.0,0.0,0.0,0.0,0.0,0.0,0.0,0.0,0.57780056793781,0.57780056793781
flat,single,0,weighted_cka,0,400,0.39385107694733845,300.0,0.2496117651462555,0.03784668818116188,0,0.39385107694733845,0.39385107694733845,1,0,off,0,0,0.0,0.0,0.0,0.0,0.0,0.0,0.0,0.0,0.0,0.39385107694733845,0.39385107694733845
flat,single,0,weighted_cka,0,401,0.39185886696868577,300.0,0.21687085926532745,0.0031298247631639242,0,0.39185886696868577,0.39185886696868577,1,0,off,0,0,0.0,0.0,0.0,0.0,0.0,0.0,0.0,0.0,0.0,0.39185886696868577,0.39185886696868577
flat,single,0,weighted_cka,0,402,0.7548568911096161,300.0,0.33838096261024475,0.09378659725189209,0,0.7548568911096161,0.7548568911096161,1,0,off,0,0,0.0,0.0,0.0,0.0,0.0,0.0,0.0,0.0,0.0,0.7548568911096161,0.7548568911096161
flat,single,0,weighted_cka,0,403,0.6723875287268561,300.0,0.31851115822792053,0.07856928557157516,0,0.6723875287268561,0.6723875287268561,1,0,off,0,0,0.0,0.0,0.0,0.0,0.0,0.0,0.0,0.0,0.0,0.6723875287268561,0.6723875287268561
flat,single,0,weighted_cka,0,404,0.4009161479545571,300.0,0.28591829538345337,0.0016476655146107078,0,0.4009161479545571,0.4009161479545571,1,0,off,0,0,0.0,0.0,0.0,0.0,0.0,0.0,0.0,0.0,0.0,0.4009161479545571,0.4009161479545571
flat,single,0,weighted_cka,0,405,1.215070324157809,300.0,0.42078113555908203,0.09356824308633804,0,1.215070324157809,1.215070324157809,1,0,off,0,0,0.0,0.0,0.0,0.0,0.0,0.0,0.0,0.0,0.0,1.215070324157809,1.215070324157809
flat,single,0,weighted_cka,0,406,0.8567853320624397,300.0,0.3491528034210205,0.1416468620300293,0,0.8567853320624397,0.8567853320624397,1,0,off,0,0,0.0,0.0,0.0,0.0,0.0,0.0,0.0,0.0,0.0,0.8567853320624397,0.8567853320624397
flat,single,0,weighted_cka,0,407,1.4629574580913514,300.0,0.45458611845970154,0.07170508056879044,0,1.4629574580913514,1.4629574580913514,1,0,off,0,0,0.0,0.0,0.0,0.0,0.0,0.0,0.0,0.0,0.0,1.4629574580913514,1.4629574580913514
flat,single,0,weighted_cka,0,408,0.9568040184223374,300.0,0.3936830461025238,0.025769555941224098,0,0.9568040184223374,0.9568040184223374,1,0,off,0,0,0.0,0.0,0.0,0.0,0.0,0.0,0.0,0.0,0.0,0.9568040184223374,0.9568040184223374
flat,single,0,weighted_cka,0,409,0.6486562038746491,300.0,0.2716347575187683,0.10000000149011612,0,0.6486562038746491,0.6486562038746491,1,0,off,0,0,0.0,0.0,0.0,0.0,0.0,0.0,0.0,0.0,0.0,0.6486562038746491,0.6486562038746491
flat,single,0,weighted_cka,0,410,1.2571018998993155,300.0,0.4824427664279938,0.11894818395376205,0,1.2571018998993155,1.2571018998993155,1,0,off,0,0,0.0,0.0,0.0,0.0,0.0,0.0,0.0,0.0,0.0,1.2571018998993155,1.2571018998993155
flat,single,0,weighted_cka,0,411,1.1429597579859534,300.0,0.3801967203617096,0.10000000149011612,0,1.1429597579859534,1.1429597579859534,1,0,off,0,0,0.0,0.0,0.0,0.0,0.0,0.0,0.0,0.0,0.0,1.1429597579859534,1.1429597579859534
flat,single,0,weighted_cka,0,412,0.8609318583017727,300.0,0.3297962248325348,0.01092881802469492,0,0.8609318583017727,0.8609318583017727,1,0,off,0,0,0.0,0.0,0.0,0.0,0.0,0.0,0.0,0.0,0.0,0.8609318583017727,0.8609318583017727
flat,single,0,weighted_cka,0,413,0.35463590811123025,300.0,0.2336149960756302,0.025998994708061218,0,0.35463590811123025,0.35463590811123025,1,0,off,0,0,0.0,0.0,0.0,0.0,0.0,0.0,0.0,0.0,0.0,0.35463590811123025,0.35463590811123025
flat,single,0,weighted_cka,0,414,1.1732523527949867,300.0,0.40025559067726135,0.10000000149011612,0,1.1732523527949867,1.1732523527949867,1,0,off,0,0,0.0,0.0,0.0,0.0,0.0,0.0,0.0,0.0,0.0,1.1732523527949867,1.1732523527949867
flat,single,0,weighted_cka,0,415,1.0287074829513152,300.0,0.4455289840698242,0.022680819034576416,0,1.0287074829513152,1.0287074829513152,1,0,off,0,0,0.0,0.0,0.0,0.0,0.0,0.0,0.0,0.0,0.0,1.0287074829513152,1.0287074829513152
flat,single,0,weighted_cka,0,416,0.5236619574768144,300.0,0.29326775670051575,0.016533328220248222,0,0.5236619574768144,0.5236619574768144,1,0,off,0,0,0.0,0.0,0.0,0.0,0.0,0.0,0.0,0.0,0.0,0.5236619574768144,0.5236619574768144
flat,single,0,weighted_cka,0,417,0.8990789663053863,300.0,0.33625638484954834,0.0005414163460955024,0,0.8990789663053863,0.8990789663053863,1,0,off,0,0,0.0,0.0,0.0,0.0,0.0,0.0,0.0,0.0,0.0,0.8990789663053863,0.8990789663053863
flat,single,0,weighted_cka,0,418,0.741808405039929,300.0,0.24215607345104218,0.09673067927360535,0,0.741808405039929,0.741808405039929,1,0,off,0,0,0.0,0.0,0.0,0.0,0.0,0.0,0.0,0.0,0.0,0.741808405039929,0.741808405039929
flat,single,0,weighted_cka,0,419,1.1665187302633955,300.0,0.44256576895713806,0.09660858660936356,0,1.1665187302633955,1.1665187302633955,1,0,off,0,0,0.0,0.0,0.0,0.0,0.0,0.0,0.0,0.0,0.0,1.1665187302633955,1.1665187302633955
flat,single,0,weighted_cka,0,420,0.44375816230828535,300.0,0.26943421363830566,0.02032235637307167,0,0.44375816230828535,0.44375816230828535,1,0,off,0,0,0.0,0.0,0.0,0.0,0.0,0.0,0.0,0.0,0.0,0.44375816230828535,0.44375816230828535
flat,single,0,weighted_cka,0,421,0.3063020869596573,300.0,0.3042214810848236,0.00013056254829280078,0,0.3063020869596573,0.3063020869596573,1,0,off,0,0,0.0,0.0,0.0,0.0,0.0,0.0,0.0,0.0,0.0,0.3063020869596573,0.3063020869596573
flat,single,0,weighted_cka,0,422,1.1432755862128205,300.0,0.3527211546897888,0.09354495257139206,0,1.1432755862128205,1.1432755862128205,1,0,off,0,0,0.0,0.0,0.0,0.0,0.0,0.0,0.0,0.0,0.0,1.1432755862128205,1.1432755862128205
flat,single,0,weighted_cka,0,423,0.536697279504732,300.0,0.23204703629016876,0.10000000149011612,0,0.536697279504732,0.536697279504732,1,0,off,0,0,0.0,0.0,0.0,0.0,0.0,0.0,0.0,0.0,0.0,0.536697279504732,0.536697279504732
flat,single,0,weighted_cka,0,424,1.138745066798582,300.0,0.34949177503585815,0.096833735704422,0,1.138745066798582,1.138745066798582,1,0,off,0,0,0.0,0.0,0.0,0.0,0.0,0.0,0.0,0.0,0.0,1.138745066798582,1.138745066798582
flat,single,0,weighted_cka,0,425,0.4863350605221881,300.0,0.23566226661205292,0.07026101648807526,0,0.4863350605221881,0.4863350605221881,1,0,off,0,0,0.0,0.0,0.0,0.0,0.0,0.0,0.0,0.0,0.0,0.4863350605221881,0.4863350605221881
flat,single,0,weighted_cka,0,426,0.35098809482806237,300.0,0.3005400002002716,0.003722249763086438,0,0.35098809482806237,0.35098809482806237,1,0,off,0,0,0.0,0.0,0.0,0.0,0.0,0.0,0.0,0.0,0.0,0.35098809482806237,0.35098809482806237
flat,single,0,weighted_cka,0,427,1.5956897140019337,300.0,0.5542489886283875,0.08957096189260483,0,1.5956897140019337,1.5956897140019337,1,0,off,0,0,0.0,0.0,0.0,0.0,0.0,0.0,0.0,0.0,0.0,1.5956897140019337,1.5956897140019337
flat,single,0,weighted_cka,0,428,1.4750880190333406,300.0,0.5769486427307129,0.3479372560977936,0,1.4750880190333406,1.4750880190333406,1,0,off,0,0,0.0,0.0,0.0,0.0,0.0,0.0,0.0,0.0,0.0,1.4750880190333406,1.4750880190333406
flat,single,0,weighted_cka,0,429,0.7380946133477013,300.0,0.36492854356765747,0.09377715736627579,0,0.7380946133477013,0.7380946133477013,1,0,off,0,0,0.0,0.0,0.0,0.0,0.0,0.0,0.0,0.0,0.0,0.7380946133477013,0.7380946133477013
flat,single,0,weighted_cka,0,430,0.47215964807436306,300.0,0.24924881756305695,0.05371817946434021,0,0.47215964807436306,0.47215964807436306,1,0,off,0,0,0.0,0.0,0.0,0.0,0.0,0.0,0.0,0.0,0.0,0.47215964807436306,0.47215964807436306
flat,single,0,weighted_cka,0,431,0.9233283116777447,300.0,0.3442745804786682,0.07056956738233566,0,0.9233283116777447,0.9233283116777447,1,0,off,0,0,0.0,0.0,0.0,0.0,0.0,0.0,0.0,0.0,0.0,0.9233283116777447,0.9233283116777447
flat,single,0,weighted_cka,0,432,0.4747358436925624,300.0,0.21935978531837463,0.07012481242418289,0,0.4747358436925624,0.4747358436925624,1,0,off,0,0,0.0,0.0,0.0,0.0,0.0,0.0,0.0,0.0,0.0,0.4747358436925624,0.4747358436925624
flat,single,0,weighted_cka,0,433,0.7152810657165891,300.0,0.3598712682723999,0.09080792218446732,0,0.7152810657165891,0.7152810657165891,1,0,off,0,0,0.0,0.0,0.0,0.0,0.0,0.0,0.0,0.0,0.0,0.7152810657165891,0.7152810657165891
flat,single,0,weighted_cka,0,434,0.1367058840416564,300.0,0.21014371514320374,0.0026961893308907747,0,0.1367058840416564,0.1367058840416564,1,0,off,0,0,0.0,0.0,0.0,0.0,0.0,0.0,0.0,0.0,0.0,0.1367058840416564,0.1367058840416564
flat,single,0,weighted_cka,0,435,0.9481950405403028,300.0,0.3724168539047241,0.07171352207660675,0,0.9481950405403028,0.9481950405403028,1,0,off,0,0,0.0,0.0,0.0,0.0,0.0,0.0,0.0,0.0,0.0,0.9481950405403028,0.9481950405403028
flat,single,0,weighted_cka,0,436,0.5185769336523651,300.0,0.2313299924135208,0.05875270068645477,0,0.5185769336523651,0.5185769336523651,1,0,off,0,0,0.0,0.0,0.0,0.0,0.0,0.0,0.0,0.0,0.0,0.5185769336523651,0.5185769336523651
flat,single,0,weighted_cka,0,437,1.1352650329942877,300.0,0.3605769872665405,0.09356824308633804,0,1.1352650329942877,1.1352650329942877,1,0,off,0,0,0.0,0.0,0.0,0.0,0.0,0.0,0.0,0.0,0.0,1.1352650329942877,1.1352650329942877
flat,single,0,weighted_cka,0,438,1.1315925527411297,300.0,0.36183080077171326,0.10682587325572968,0,1.1315925527411297,1.1315925527411297,1,0,off,0,0,0.0,0.0,0.0,0.0,0.0,0.0,0.0,0.0,0.0,1.1315925527411297,1.1315925527411297
flat,single,0,weighted_cka,0,439,0.7632813420474109,300.0,0.3211617171764374,0.0012679572682827711,0,0.7632813420474109,0.7632813420474109,1,0,off,0,0,0.0,0.0,0.0,0.0,0.0,0.0,0.0,0.0,0.0,0.7632813420474109,0.7632813420474109
flat,single,0,weighted_cka,0,440,0.860242922395263,300.0,0.3431204855442047,0.00913210678845644,0,0.860242922395263,0.860242922395263,1,0,off,0,0,0.0,0.0,0.0,0.0,0.0,0.0,0.0,0.0,0.0,0.860242922395263,0.860242922395263
flat,single,0,weighted_cka,0,441,0.41595352014522335,300.0,0.3161209225654602,0.0037018260918557644,0,0.41595352014522335,0.41595352014522335,1,0,off,0,0,0.0,0.0,0.0,0.0,0.0,0.0,0.0,0.0,0.0,0.41595352014522335,0.41595352014522335
flat,single,0,weighted_cka,0,442,1.0527178423385282,300.0,0.3964155316352844,0.036165766417980194,0,1.0527178423385282,1.0527178423385282,1,0,off,0,0,0.0,0.0,0.0,0.0,0.0,0.0,0.0,0.0,0.0,1.0527178423385282,1.0527178423385282
flat,single,0,weighted_cka,0,443,1.103798501999198,300.0,0.40234261751174927,0.07487227022647858,0,1.103798501999198,1.103798501999198,1,0,off,0,0,0.0,0.0,0.0,0.0,0.0,0.0,0.0,0.0,0.0,1.103798501999198,1.103798501999198
flat,single,0,weighted_cka,0,444,0.9618634120369309,300.0,0.36407262086868286,0.014069865457713604,0,0.9618634120369309,0.9618634120369309,1,0,off,0,0,0.0,0.0,0.0,0.0,0.0,0.0,0.0,0.0,0.0,0.9618634120369309,0.9618634120369309
flat,single,0,weighted_cka,0,445,1.4843485287974532,300.0,0.45975151658058167,0.09167709946632385,0,1.4843485287974532,1.4843485287974532,1,0,off,0,0,0.0,0.0,0.0,0.0,0.0,0.0,0.0,0.0,0.0,1.4843485287974532,1.4843485287974532
flat,single,0,weighted_cka,0,446,0.5022411252168228,300.0,0.3812735378742218,0.014595657587051392,0,0.5022411252168228,0.5022411252168228,1,0,off,0,0,0.0,0.0,0.0,0.0,0.0,0.0,0.0,0.0,0.0,0.5022411252168228,0.5022411252168228
flat,single,0,weighted_cka,0,447,0.43793737211857175,300.0,0.2587123513221741,0.0050208973698318005,0,0.43793737211857175,0.43793737211857175,1,0,off,0,0,0.0,0.0,0.0,0.0,0.0,0.0,0.0,0.0,0.0,0.43793737211857175,0.43793737211857175
flat,single,0,weighted_cka,0,448,1.1985460702172954,300.0,0.41703739762306213,0.09673067927360535,0,1.1985460702172954,1.1985460702172954,1,0,off,0,0,0.0,0.0,0.0,0.0,0.0,0.0,0.0,0.0,0.0,1.1985460702172954,1.1985460702172954
flat,single,0,weighted_cka,0,449,0.43584138163302955,300.0,0.21390967071056366,0.06991196423768997,0,0.43584138163302955,0.43584138163302955,1,0,off,0,0,0.0,0.0,0.0,0.0,0.0,0.0,0.0,0.0,0.0,0.43584138163302955,0.43584138163302955
flat,single,0,weighted_cka,0,450,1.2829305629347787,300.0,0.4364085793495178,0.009094847366213799,0,1.2829305629347787,1.2829305629347787,1,0,off,0,0,0.0,0.0,0.0,0.0,0.0,0.0,0.0,0.0,0.0,1.2829305629347787,1.2829305629347787
flat,single,0,weighted_cka,0,451,0.22124062526183197,300.0,0.2103218138217926,0.02288133278489113,0,0.22124062526183197,0.22124062526183197,1,0,off,0,0,0.0,0.0,0.0,0.0,0.0,0.0,0.0,0.0,0.0,0.22124062526183197,0.22124062526183197
flat,single,0,weighted_cka,0,452,0.4084926170355163,300.0,0.2701076567173004,0.006096449680626392,0,0.4084926170355163,0.4084926170355163,1,0,off,0,0,0.0,0.0,0.0,0.0,0.0,0.0,0.0,0.0,0.0,0.4084926170355163,0.4084926170355163
flat,single,0,weighted_cka,0,453,0.26304351427024697,300.0,0.1959700882434845,0.03543075919151306,0,0.26304351427024697,0.26304351427024697,1,0,off,0,0,0.0,0.0,0.0,0.0,0.0,0.0,0.0,0.0,0.0,0.26304351427024697,0.26304351427024697
flat,single,0,weighted_cka,0,454,0.8338669976581388,300.0,0.31672734022140503,0.013261646032333374,0,0.8338669976581388,0.8338669976581388,1,0,off,0,0,0.0,0.0,0.0,0.0,0.0,0.0,0.0,0.0,0.0,0.8338669976581388,0.8338669976581388
flat,single,0,weighted_cka,0,455,0.948638118644884,300.0,0.33794280886650085,0.03469948098063469,0,0.948638118644884,0.948638118644884,1,0,off,0,0,0.0,0.0,0.0,0.0,0.0,0.0,0.0,0.0,0.0,0.948638118644884,0.948638118644884
flat,single,0,weighted_cka,0,456,1.4584559658978669,300.0,0.45652860403060913,0.07104656845331192,0,1.4584559658978669,1.4584559658978669,1,0,off,0,0,0.0,0.0,0.0,0.0,0.0,0.0,0.0,0.0,0.0,1.4584559658978669,1.4584559658978669
flat,single,0,weighted_cka,0,457,0.47160220640507644,300.0,0.2632133960723877,0.04489976912736893,0,0.47160220640507644,0.47160220640507644,1,0,off,0,0,0.0,0.0,0.0,0.0,0.0,0.0,0.0,0.0,0.0,0.47160220640507644,0.47160220640507644
flat,single,0,weighted_cka,0,458,0.9157448801991093,300.0,0.32318225502967834,0.020843859761953354,0,0.9157448801991093,0.9157448801991093,1,0,off,0,0,0.0,0.0,0.0,0.0,0.0,0.0,0.0,0.0,0.0,0.9157448801991093,0.9157448801991093
flat,single,0,weighted_cka,0,459,0.2100757208360835,300.0,0.1948307454586029,0.023499157279729843,0,0.2100757208360835,0.2100757208360835,1,0,off,0,0,0.0,0.0,0.0,0.0,0.0,0.0,0.0,0.0,0.0,0.2100757208360835,0.2100757208360835
flat,single,0,weighted_cka,0,460,1.2839545871051512,300.0,0.44639891386032104,0.015946023166179657,0,1.2839545871051512,1.2839545871051512,1,0,off,0,0,0.0,0.0,0.0,0.0,0.0,0.0,0.0,0.0,0.0,1.2839545871051512,1.2839545871051512
flat,single,0,weighted_cka,0,461,0.5536683782807548,300.0,0.32920390367507935,0.06800352782011032,0,0.5536683782807548,0.5536683782807548,1,0,off,0,0,0.0,0.0,0.0,0.0,0.0,0.0,0.0,0.0,0.0,0.5536683782807548,0.5536683782807548
flat,single,0,weighted_cka,0,462,0.34097653180245,300.0,0.21859148144721985,0.06816994398832321,0,0.34097653180245,0.34097653180245,1,0,off,0,0,0.0,0.0,0.0,0.0,0.0,0.0,0.0,0.0,0.0,0.34097653180245,0.34097653180245
flat,single,0,weighted_cka,0,463,0.22232429304400148,300.0,0.20106542110443115,0.010695019736886024,0,0.22232429304400148,0.22232429304400148,1,0,off,0,0,0.0,0.0,0.0,0.0,0.0,0.0,0.0,0.0,0.0,0.22232429304400148,0.22232429304400148
flat,single,0,weighted_cka,0,464,1.5402590764915645,300.0,0.47623562812805176,0.08726045489311218,0,1.5402590764915645,1.5402590764915645,1,0,off,0,0,0.0,0.0,0.0,0.0,0.0,0.0,0.0,0.0,0.0,1.5402590764915645,1.5402590764915645
flat,single,0,weighted_cka,0,465,0.863345486098841,300.0,0.3398820161819458,0.0003592704306356609,0,0.863345486098841,0.863345486098841,1,0,off,0,0,0.0,0.0,0.0,0.0,0.0,0.0,0.0,0.0,0.0,0.863345486098841,0.863345486098841
flat,single,0,weighted_cka,0,466,1.1013806514571307,300.0,0.4717279374599457,0.10000000149011612,0,1.1013806514571307,1.1013806514571307,1,0,off,0,0,0.0,0.0,0.0,0.0,0.0,0.0,0.0,0.0,0.0,1.1013806514571307,1.1013806514571307
flat,single,0,weighted_cka,0,467,0.4006909594056185,300.0,0.23146533966064453,0.0027701721992343664,0,0.4006909594056185,0.4006909594056185,1,0,off,0,0,0.0,0.0,0.0,0.0,0.0,0.0,0.0,0.0,0.0,0.4006909594056185,0.4006909594056185
flat,single,0,weighted_cka,0,468,0.5197045331869847,300.0,0.2876872420310974,0.0699692815542221,0,0.5197045331869847,0.5197045331869847,1,0,off,0,0,0.0,0.0,0.0,0.0,0.0,0.0,0.0,0.0,0.0,0.5197045331869847,0.5197045331869847
flat,single,0,weighted_cka,0,469,0.7306308612707642,300.0,0.2853582799434662,0.09684348106384277,0,0.7306308612707642,0.7306308612707642,1,0,off,0,0,0.0,0.0,0.0,0.0,0.0,0.0,0.0,0.0,0.0,0.7306308612707642,0.7306308612707642
flat,single,0,weighted_cka,0,470,1.532472618797327,300.0,0.5103275179862976,0.09673067927360535,0,1.532472618797327,1.532472618797327,1,0,off,0,0,0.0,0.0,0.0,0.0,0.0,0.0,0.0,0.0,0.0,1.532472618797327,1.532472618797327
flat,single,0,weighted_cka,0,471,0.8169895955448725,300.0,0.324288010597229,0.0094760125502944,0,0.8169895955448725,0.8169895955448725,1,0,off,0,0,0.0,0.0,0.0,0.0,0.0,0.0,0.0,0.0,0.0,0.8169895955448725,0.8169895955448725
flat,single,0,weighted_cka,0,472,1.426587063091573,300.0,0.45632800459861755,0.07763604819774628,0,1.426587063091573,1.426587063091573,1,0,off,0,0,0.0,0.0,0.0,0.0,0.0,0.0,0.0,0.0,0.0,1.426587063091573,1.426587063091573
flat,single,0,weighted_cka,0,473,0.9210738881371059,300.0,0.44447383284568787,0.002861658576875925,0,0.9210738881371059,0.9210738881371059,1,0,off,0,0,0.0,0.0,0.0,0.0,0.0,0.0,0.0,0.0,0.0,0.9210738881371059,0.9210738881371059
flat,single,0,weighted_cka,0,474,0.5790545074225508,300.0,0.2887379825115204,0.08564542979001999,0,0.5790545074225508,0.5790545074225508,1,0,off,0,0,0.0,0.0,0.0,0.0,0.0,0.0,0.0,0.0,0.0,0.5790545074225508,0.5790545074225508
flat,single,0,weighted_cka,0,475,1.2715525226376472,300.0,0.44973891973495483,0.008469979278743267,0,1.2715525226376472,1.2715525226376472,1,0,off,0,0,0.0,0.0,0.0,0.0,0.0,0.0,0.0,0.0,0.0,1.2715525226376472,1.2715525226376472
flat,single,0,weighted_cka,0,476,1.4536334876871466,300.0,0.5549525022506714,0.2594166398048401,0,1.4536334876871466,1.4536334876871466,1,0,off,0,0,0.0,0.0,0.0,0.0,0.0,0.0,0.0,0.0,0.0,1.4536334876871466,1.4536334876871466
flat,single,0,weighted_cka,0,477,1.1068932758531433,300.0,0.4312235713005066,0.10000000149011612,0,1.1068932758531433,1.1068932758531433,1,0,off,0,0,0.0,0.0,0.0,0.0,0.0,0.0,0.0,0.0,0.0,1.1068932758531433,1.1068932758531433
flat,single,0,weighted_cka,0,478,1.1887965988448501,300.0,0.39624109864234924,0.08752837032079697,0,1.1887965988448501,1.1887965988448501,1,0,off,0,0,0.0,0.0,0.0,0.0,0.0,0.0,0.0,0.0,0.0,1.1887965988448501,1.1887965988448501
flat,single,0,weighted_cka,0,479,1.030919469790998,300.0,0.3541327118873596,0.09671863913536072,0,1.030919469790998,1.030919469790998,1,0,off,0,0,0.0,0.0,0.0,0.0,0.0,0.0,0.0,0.0,0.0,1.030919469790998,1.030919469790998
flat,single,0,weighted_cka,0,480,1.2003871770117245,300.0,0.3513898551464081,0.09673067927360535,0,1.2003871770117245,1.2003871770117245,1,0,off,0,0,0.0,0.0,0.0,0.0,0.0,0.0,0.0,0.0,0.0,1.2003871770117245,1.2003871770117245
flat,single,0,weighted_cka,0,481,1.2378370028869528,300.0,0.45292168855667114,0.11505494266748428,0,1.2378370028869528,1.2378370028869528,1,0,off,0,0,0.0,0.0,0.0,0.0,0.0,0.0,0.0,0.0,0.0,1.2378370028869528,1.2378370028869528
flat,single,0,weighted_cka,0,482,1.4937137339202295,300.0,0.4692985415458679,0.07132148742675781,0,1.4937137339202295,1.4937137339202295,1,0,off,0,0,0.0,0.0,0.0,0.0,0.0,0.0,0.0,0.0,0.0,1.4937137339202295,1.4937137339202295
flat,single,0,weighted_cka,0,483,1.1275658438784015,300.0,0.44928207993507385,0.08906760811805725,0,1.1275658438784015,1.1275658438784015,1,0,off,0,0,0.0,0.0,0.0,0.0,0.0,0.0,0.0,0.0,0.0,1.1275658438784015,1.1275658438784015
flat,single,0,weighted_cka,0,484,0.8527207962116323,300.0,0.33704766631126404,0.005925341509282589,0,0.8527207962116323,0.8527207962116323,1,0,off,0,0,0.0,0.0,0.0,0.0,0.0,0.0,0.0,0.0,0.0,0.8527207962116323,0.8527207962116323
flat,single,0,weighted_cka,0,485,1.5057888789753933,300.0,0.4521476626396179,0.050009772181510925,0,1.5057888789753933,1.5057888789753933,1,0,off,0,0,0.0,0.0,0.0,0.0,0.0,0.0,0.0,0.0,0.0,1.5057888789753933,1.5057888789753933
flat,single,0,weighted_cka,0,486,0.4552968616582791,300.0,0.2847937047481537,0.0024490072391927242,0,0.4552968616582791,0.4552968616582791,1,0,off,0,0,0.0,0.0,0.0,0.0,0.0,0.0,0.0,0.0,0.0,0.4552968616582791,0.4552968616582791
flat,single,0,weighted_cka,0,487,0.6392457167219834,300.0,0.3408181667327881,0.039290253072977066,0,0.6392457167219834,0.6392457167219834,1,0,off,0,0,0.0,0.0,0.0,0.0,0.0,0.0,0.0,0.0,0.0,0.6392457167219834,0.6392457167219834
flat,single,0,weighted_cka,0,488,1.0318405425346997,300.0,0.5182374715805054,0.026327336207032204,0,1.0318405425346997,1.0318405425346997,1,0,off,0,0,0.0,0.0,0.0,0.0,0.0,0.0,0.0,0.0,0.0,1.0318405425346997,1.0318405425346997
flat,single,0,weighted_cka,0,489,2.1325282598321778,300.0,0.5901008248329163,0.13125205039978027,0,2.1325282598321778,2.1325282598321778,1,0,off,0,0,0.0,0.0,0.0,0.0,0.0,0.0,0.0,0.0,0.0,2.1325282598321778,2.1325282598321778
flat,single,0,weighted_cka,0,490,0.27461456588680333,300.0,0.23810604214668274,0.00023043519468046725,0,0.27461456588680333,0.27461456588680333,1,0,off,0,0,0.0,0.0,0.0,0.0,0.0,0.0,0.0,0.0,0.0,0.27461456588680333,0.27461456588680333
flat,single,0,weighted_cka,0,491,0.2729686502600077,300.0,0.21557560563087463,0.024866562336683273,0,0.2729686502600077,0.2729686502600077,1,0,off,0,0,0.0,0.0,0.0,0.0,0.0,0.0,0.0,0.0,0.0,0.2729686502600077,0.2729686502600077
flat,single,0,weighted_cka,0,492,1.233653779367704,300.0,0.42563313245773315,0.11194959282875061,0,1.233653779367704,1.233653779367704,1,0,off,0,0,0.0,0.0,0.0,0.0,0.0,0.0,0.0,0.0,0.0,1.233653779367704,1.233653779367704
flat,single,0,weighted_cka,0,493,1.009012691811539,300.0,0.3614893853664398,0.08829884976148605,0,1.009012691811539,1.009012691811539,1,0,off,0,0,0.0,0.0,0.0,0.0,0.0,0.0,0.0,0.0,0.0,1.009012691811539,1.009012691811539
flat,single,0,weighted_cka,0,494,0.9883028302920227,300.0,0.34849703311920166,0.07041560113430023,0,0.9883028302920227,0.9883028302920227,1,0,off,0,0,0.0,0.0,0.0,0.0,0.0,0.0,0.0,0.0,0.0,0.9883028302920227,0.9883028302920227
flat,single,0,weighted_cka,0,495,0.5750255721537303,300.0,0.23792076110839844,0.08569352328777313,0,0.5750255721537303,0.5750255721537303,1,0,off,0,0,0.0,0.0,0.0,0.0,0.0,0.0,0.0,0.0,0.0,0.5750255721537303,0.5750255721537303
flat,single,0,weighted_cka,0,496,0.3210801792325877,300.0,0.21222186088562012,0.005564129911363125,0,0.3210801792325877,0.3210801792325877,1,0,off,0,0,0.0,0.0,0.0,0.0,0.0,0.0,0.0,0.0,0.0,0.3210801792325877,0.3210801792325877
flat,single,0,weighted_cka,0,497,1.262182014114119,300.0,0.3800376355648041,0.1210610419511795,0,1.262182014114119,1.262182014114119,1,0,off,0,0,0.0,0.0,0.0,0.0,0.0,0.0,0.0,0.0,0.0,1.262182014114119,1.262182014114119
flat,single,0,weighted_cka,0,498,0.8420245165685616,300.0,0.3277367353439331,0.0006588248652406037,0,0.8420245165685616,0.8420245165685616,1,0,off,0,0,0.0,0.0,0.0,0.0,0.0,0.0,0.0,0.0,0.0,0.8420245165685616,0.8420245165685616
flat,single,0,weighted_cka,0,499,0.6935727189483321,300.0,0.24955041706562042,0.09684348106384277,0,0.6935727189483321,0.6935727189483321,1,0,off,0,0,0.0,0.0,0.0,0.0,0.0,0.0,0.0,0.0,0.0,0.6935727189483321,0.6935727189483321
flat,single,0,weighted_cka,0,500,0.9810434607195697,300.0,0.366958886384964,0.07171352207660675,0,0.9810434607195697,0.9810434607195697,1,0,off,0,0,0.0,0.0,0.0,0.0,0.0,0.0,0.0,0.0,0.0,0.9810434607195697,0.9810434607195697
flat,single,0,weighted_cka,0,501,0.353105426953515,300.0,0.2817930281162262,0.001062752795405686,0,0.353105426953515,0.353105426953515,1,0,off,0,0,0.0,0.0,0.0,0.0,0.0,0.0,0.0,0.0,0.0,0.353105426953515,0.353105426953515
flat,single,0,weighted_cka,0,502,0.4927320783201128,300.0,0.2895503044128418,0.0022292558569461107,0,0.4927320783201128,0.4927320783201128,1,0,off,0,0,0.0,0.0,0.0,0.0,0.0,0.0,0.0,0.0,0.0,0.4927320783201128,0.4927320783201128
flat,single,0,weighted_cka,0,503,0.6246056816973566,300.0,0.263840913772583,0.09165940433740616,0,0.6246056816973566,0.6246056816973566,1,0,off,0,0,0.0,0.0,0.0,0.0,0.0,0.0,0.0,0.0,0.0,0.6246056816973566,0.6246056816973566
flat,single,0,weighted_cka,0,504,1.3612643329051406,300.0,0.4455786347389221,0.01970990002155304,0,1.3612643329051406,1.3612643329051406,1,0,off,0,0,0.0,0.0,0.0,0.0,0.0,0.0,0.0,0.0,0.0,1.3612643329051406,1.3612643329051406
flat,single,0,weighted_cka,0,505,0.5970332254684751,300.0,0.28342685103416443,0.0941816195845604,0,0.5970332254684751,0.5970332254684751,1,0,off,0,0,0.0,0.0,0.0,0.0,0.0,0.0,0.0,0.0,0.0,0.5970332254684751,0.5970332254684751
flat,single,0,weighted_cka,0,506,1.5483836707319338,300.0,0.47423630952835083,0.05864309147000313,0,1.5483836707319338,1.5483836707319338,1,0,off,0,0,0.0,0.0,0.0,0.0,0.0,0.0,0.0,0.0,0.0,1.5483836707319338,1.5483836707319338
flat,single,0,weighted_cka,0,507,0.8368908568983886,300.0,0.3632017970085144,0.14679840207099915,0,0.8368908568983886,0.8368908568983886,1,0,off,0,0,0.0,0.0,0.0,0.0,0.0,0.0,0.0,0.0,0.0,0.8368908568983886,0.8368908568983886
flat,single,0,weighted_cka,0,508,1.028271654363924,300.0,0.3985885679721832,0.044096753001213074,0,1.028271654363924,1.028271654363924,1,0,off,0,0,0.0,0.0,0.0,0.0,0.0,0.0,0.0,0.0,0.0,1.028271654363924,1.028271654363924
flat,single,0,weighted_cka,0,509,0.872846423182911,300.0,0.33911341428756714,0.027645399793982506,0,0.872846423182911,0.872846423182911,1,0,off,0,0,0.0,0.0,0.0,0.0,0.0,0.0,0.0,0.0,0.0,0.872846423182911,0.872846423182911
flat,single,0,weighted_cka,0,510,0.797509739711511,300.0,0.3615640103816986,0.10000000149011612,0,0.797509739711511,0.797509739711511,1,0,off,0,0,0.0,0.0,0.0,0.0,0.0,0.0,0.0,0.0,0.0,0.797509739711511,0.797509739711511
flat,single,0,weighted_cka,0,511,1.6088578492281145,300.0,0.49639424681663513,0.08464570343494415,0,1.6088578492281145,1.6088578492281145,1,0,off,0,0,0.0,0.0,0.0,0.0,0.0,0.0,0.0,0.0,0.0,1.6088578492281145,1.6088578492281145
flat,single,0,weighted_cka,0,512,0.6188817599886618,300.0,0.4113333225250244,0.07171352207660675,0,0.6188817599886618,0.6188817599886618,1,0,off,0,0,0.0,0.0,0.0,0.0,0.0,0.0,0.0,0.0,0.0,0.6188817599886618,0.6188817599886618
flat,single,0,weighted_cka,0,513,1.1174539784740363,300.0,0.3951652944087982,0.10000000149011612,0,1.1174539784740363,1.1174539784740363,1,0,off,0,0,0.0,0.0,0.0,0.0,0.0,0.0,0.0,0.0,0.0,1.1174539784740363,1.1174539784740363
flat,single,0,weighted_cka,0,514,1.1635105456021835,300.0,0.3878048062324524,0.09522189944982529,0,1.1635105456021835,1.1635105456021835,1,0,off,0,0,0.0,0.0,0.0,0.0,0.0,0.0,0.0,0.0,0.0,1.1635105456021835,1.1635105456021835
flat,single,0,weighted_cka,0,515,1.455796550497324,300.0,0.47071895003318787,0.026052573695778847,0,1.455796550497324,1.455796550497324,1,0,off,0,0,0.0,0.0,0.0,0.0,0.0,0.0,0.0,0.0,0.0,1.455796550497324,1.455796550497324
flat,single,0,weighted_cka,0,516,1.1531538622903996,300.0,0.3722672164440155,0.10000000149011612,0,1.1531538622903996,1.1531538622903996,1,0,off,0,0,0.0,0.0,0.0,0.0,0.0,0.0,0.0,0.0,0.0,1.1531538622903996,1.1531538622903996
flat,single,0,weighted_cka,0,517,0.9340261279922943,300.0,0.3292185366153717,0.023063980042934418,0,0.9340261279922943,0.9340261279922943,1,0,off,0,0,0.0,0.0,0.0,0.0,0.0,0.0,0.0,0.0,0.0,0.9340261279922943,0.9340261279922943
flat,single,0,weighted_cka,0,518,1.269203951147209,300.0,0.4500564932823181,0.12845677137374878,0,1.269203951147209,1.269203951147209,1,0,off,0,0,0.0,0.0,0.0,0.0,0.0,0.0,0.0,0.0,0.0,1.269203951147209,1.269203951147209
flat,single,0,weighted_cka,0,519,0.9788274337478642,300.0,0.3830440640449524,0.07026922702789307,0,0.9788274337478642,0.9788274337478642,1,0,off,0,0,0.0,0.0,0.0,0.0,0.0,0.0,0.0,0.0,0.0,0.9788274337478642,0.9788274337478642
flat,single,0,weighted_cka,0,520,1.2546910838678977,300.0,0.4014677405357361,0.11128386855125427,0,1.2546910838678977,1.2546910838678977,1,0,off,0,0,0.0,0.0,0.0,0.0,0.0,0.0,0.0,0.0,0.0,1.2546910838678977,1.2546910838678977
flat,single,0,weighted_cka,0,521,1.095475413790699,300.0,0.39017897844314575,0.06789093464612961,0,1.095475413790699,1.095475413790699,1,0,off,0,0,0.0,0.0,0.0,0.0,0.0,0.0,0.0,0.0,0.0,1.095475413790699,1.095475413790699
flat,single,0,weighted_cka,0,522,0.6123581277713117,300.0,0.2691287100315094,0.10000000149011612,0,0.6123581277713117,0.6123581277713117,1,0,off,0,0,0.0,0.0,0.0,0.0,0.0,0.0,0.0,0.0,0.0,0.6123581277713117,0.6123581277713117
flat,single,0,weighted_cka,0,523,1.384696283494121,300.0,0.4673622250556946,0.00883828941732645,0,1.384696283494121,1.384696283494121,1,0,off,0,0,0.0,0.0,0.0,0.0,0.0,0.0,0.0,0.0,0.0,1.384696283494121,1.384696283494121
flat,single,0,weighted_cka,0,524,1.3203431477246328,300.0,0.4844840168952942,0.18890197575092316,0,1.3203431477246328,1.3203431477246328,1,0,off,0,0,0.0,0.0,0.0,0.0,0.0,0.0,0.0,0.0,0.0,1.3203431477246328,1.3203431477246328
flat,single,0,weighted_cka,0,525,0.652553442678697,300.0,0.28241318464279175,0.09376772493124008,0,0.652553442678697,0.652553442678697,1,0,off,0,0,0.0,0.0,0.0,0.0,0.0,0.0,0.0,0.0,0.0,0.652553442678697,0.652553442678697
flat,single,0,weighted_cka,0,526,1.1303040911771092,300.0,0.3808700144290924,0.0857996866106987,0,1.1303040911771092,1.1303040911771092,1,0,off,0,0,0.0,0.0,0.0,0.0,0.0,0.0,0.0,0.0,0.0,1.1303040911771092,1.1303040911771092
flat,single,0,weighted_cka,0,527,1.4409397815592988,300.0,0.4527936577796936,0.053511008620262146,0,1.4409397815592988,1.4409397815592988,1,0,off,0,0,0.0,0.0,0.0,0.0,0.0,0.0,0.0,0.0,0.0,1.4409397815592988,1.4409397815592988
flat,single,0,weighted_cka,0,528,0.9226114256949574,300.0,0.33749285340309143,0.02277110330760479,0,0.9226114256949574,0.9226114256949574,1,0,off,0,0,0.0,0.0,0.0,0.0,0.0,0.0,0.0,0.0,0.0,0.9226114256949574,0.9226114256949574
flat,single,0,weighted_cka,0,529,0.8358174055188998,300.0,0.3759915828704834,0.0051820059306919575,0,0.8358174055188998,0.8358174055188998,1,0,off,0,0,0.0,0.0,0.0,0.0,0.0,0.0,0.0,0.0,0.0,0.8358174055188998,0.8358174055188998
flat,single,0,weighted_cka,0,530,1.1918205326159397,300.0,0.45669975876808167,0.12399133294820786,0,1.1918205326159397,1.1918205326159397,1,0,off,0,0,0.0,0.0,0.0,0.0,0.0,0.0,0.0,0.0,0.0,1.1918205326159397,1.1918205326159397
flat,single,0,weighted_cka,0,531,1.4297377078017903,300.0,0.506493866443634,0.014760893769562244,0,1.4297377078017903,1.4297377078017903,1,0,off,0,0,0.0,0.0,0.0,0.0,0.0,0.0,0.0,0.0,0.0,1.4297377078017903,1.4297377078017903
flat,single,0,weighted_cka,0,532,1.1932712609194356,300.0,0.4540348947048187,0.09700925648212433,0,1.1932712609194356,1.1932712609194356,1,0,off,0,0,0.0,0.0,0.0,0.0,0.0,0.0,0.0,0.0,0.0,1.1932712609194356,1.1932712609194356
flat,single,0,weighted_cka,0,533,1.4021408517315637,300.0,0.5540446043014526,0.3220544755458832,0,1.4021408517315637,1.4021408517315637,1,0,off,0,0,0.0,0.0,0.0,0.0,0.0,0.0,0.0,0.0,0.0,1.4021408517315637,1.4021408517315637
flat,single,0,weighted_cka,0,534,1.1430215791790737,300.0,0.37491339445114136,0.090299092233181,0,1.1430215791790737,1.1430215791790737,1,0,off,0,0,0.0,0.0,0.0,0.0,0.0,0.0,0.0,0.0,0.0,1.1430215791790737,1.1430215791790737
flat,single,0,weighted_cka,0,535,1.205830156103759,300.0,0.4105657935142517,0.12896376848220825,0,1.205830156103759,1.205830156103759,1,0,off,0,0,0.0,0.0,0.0,0.0,0.0,0.0,0.0,0.0,0.0,1.205830156103759,1.205830156103759
flat,single,0,weighted_cka,0,536,1.4078356731224617,300.0,0.4548112750053406,0.004644468426704407,0,1.4078356731224617,1.4078356731224617,1,0,off,0,0,0.0,0.0,0.0,0.0,0.0,0.0,0.0,0.0,0.0,1.4078356731224617,1.4078356731224617
flat,single,0,weighted_cka,0,537,0.4261467290356893,300.0,0.31129899621009827,0.0009786770679056644,0,0.4261467290356893,0.4261467290356893,1,0,off,0,0,0.0,0.0,0.0,0.0,0.0,0.0,0.0,0.0,0.0,0.4261467290356893,0.4261467290356893
flat,single,0,weighted_cka,0,538,1.3544384920824073,300.0,0.44596514105796814,0.012239661999046803,0,1.3544384920824073,1.3544384920824073,1,0,off,0,0,0.0,0.0,0.0,0.0,0.0,0.0,0.0,0.0,0.0,1.3544384920824073,1.3544384920824073
flat,single,0,weighted_cka,0,539,1.4367366774458774,300.0,0.4858291745185852,0.012657089158892632,0,1.4367366774458774,1.4367366774458774,1,0,off,0,0,0.0,0.0,0.0,0.0,0.0,0.0,0.0,0.0,0.0,1.4367366774458774,1.4367366774458774
flat,single,0,weighted_cka,0,540,1.206394974097364,300.0,0.4240817129611969,0.11801978945732117,0,1.206394974097364,1.206394974097364,1,0,off,0,0,0.0,0.0,0.0,0.0,0.0,0.0,0.0,0.0,0.0,1.206394974097364,1.206394974097364
flat,single,0,weighted_cka,0,541,1.3384525787929293,300.0,0.49839067459106445,0.15283837914466858,0,1.3384525787929293,1.3384525787929293,1,0,off,0,0,0.0,0.0,0.0,0.0,0.0,0.0,0.0,0.0,0.0,1.3384525787929293,1.3384525787929293
flat,single,0,weighted_cka,0,542,2.3450770246342847,300.0,0.6549054384231567,0.45916470885276794,0,2.3450770246342847,2.3450770246342847,1,0,off,0,0,0.0,0.0,0.0,0.0,0.0,0.0,0.0,0.0,0.0,2.3450770246342847,2.3450770246342847
flat,single,0,weighted_cka,0,543,0.4145665158514009,300.0,0.2817401587963104,5.64806250622496e-05,0,0.4145665158514009,0.4145665158514009,1,0,off,0,0,0.0,0.0,0.0,0.0,0.0,0.0,0.0,0.0,0.0,0.4145665158514009,0.4145665158514009
flat,single,0,weighted_cka,0,544,0.8125852581859863,300.0,0.3953236937522888,0.09673067927360535,0,0.8125852581859863,0.8125852581859863,1,0,off,0,0,0.0,0.0,0.0,0.0,0.0,0.0,0.0,0.0,0.0,0.8125852581859863,0.8125852581859863
flat,single,0,weighted_cka,0,545,1.565513400733805,300.0,0.4592607617378235,0.0846351683139801,0,1.565513400733805,1.565513400733805,1,0,off,0,0,0.0,0.0,0.0,0.0,0.0,0.0,0.0,0.0,0.0,1.565513400733805,1.565513400733805
flat,single,0,weighted_cka,0,546,1.6454058222636232,300.0,0.535072922706604,0.09673067927360535,0,1.6454058222636232,1.6454058222636232,1,0,off,0,0,0.0,0.0,0.0,0.0,0.0,0.0,0.0,0.0,0.0,1.6454058222636232,1.6454058222636232
flat,single,0,weighted_cka,0,547,0.363769316204706,300.0,0.2772974669933319,0.0003737183869816363,0,0.363769316204706,0.363769316204706,1,0,off,0,0,0.0,0.0,0.0,0.0,0.0,0.0,0.0,0.0,0.0,0.363769316204706,0.363769316204706
flat,single,0,weighted_cka,0,548,0.7757516504158035,300.0,0.32739290595054626,0.00010560439113760367,0,0.7757516504158035,0.7757516504158035,1,0,off,0,0,0.0,0.0,0.0,0.0,0.0,0.0,0.0,0.0,0.0,0.7757516504158035,0.7757516504158035
flat,single,0,weighted_cka,0,549,0.1877490285725787,300.0,0.20855827629566193,0.00039518545963801444,0,0.1877490285725787,0.1877490285725787,1,0,off,0,0,0.0,0.0,0.0,0.0,0.0,0.0,0.0,0.0,0.0,0.1877490285725787,0.1877490285725787
flat,single,0,weighted_cka,0,550,0.7669318895219464,300.0,0.32210248708724976,0.0008915007929317653,0,0.7669318895219464,0.7669318895219464,1,0,off,0,0,0.0,0.0,0.0,0.0,0.0,0.0,0.0,0.0,0.0,0.7669318895219464,0.7669318895219464
flat,single,0,weighted_cka,0,551,0.95173784406379,300.0,0.3488083481788635,0.07117139548063278,0,0.95173784406379,0.95173784406379,1,0,off,0,0,0.0,0.0,0.0,0.0,0.0,0.0,0.0,0.0,0.0,0.95173784406379,0.95173784406379
flat,single,0,weighted_cka,0,552,1.2148049036555877,300.0,0.41785159707069397,0.09673067927360535,0,1.2148049036555877,1.2148049036555877,1,0,off,0,0,0.0,0.0,0.0,0.0,0.0,0.0,0.0,0.0,0.0,1.2148049036555877,1.2148049036555877
flat,single,0,weighted_cka,0,553,0.413816458066957,300.0,0.24325545132160187,0.024561062455177307,0,0.413816458066957,0.413816458066957,1,0,off,0,0,0.0,0.0,0.0,0.0,0.0,0.0,0.0,0.0,0.0,0.413816458066957,0.413816458066957
flat,single,0,weighted_cka,0,554,0.8113718205269764,300.0,0.3305070102214813,0.004904752131551504,0,0.8113718205269764,0.8113718205269764,1,0,off,0,0,0.0,0.0,0.0,0.0,0.0,0.0,0.0,0.0,0.0,0.8113718205269764,0.8113718205269764
flat,single,0,weighted_cka,0,555,1.126224264121956,300.0,0.44681015610694885,0.10000000149011612,0,1.126224264121956,1.126224264121956,1,0,off,0,0,0.0,0.0,0.0,0.0,0.0,0.0,0.0,0.0,0.0,1.126224264121956,1.126224264121956
flat,single,0,weighted_cka,0,556,0.6641158327056007,300.0,0.2726258635520935,0.10000000149011612,0,0.6641158327056007,0.6641158327056007,1,0,off,0,0,0.0,0.0,0.0,0.0,0.0,0.0,0.0,0.0,0.0,0.6641158327056007,0.6641158327056007
flat,single,0,weighted_cka,0,557,0.9356325727331738,300.0,0.4121517539024353,0.0190805085003376,0,0.9356325727331738,0.9356325727331738,1,0,off,0,0,0.0,0.0,0.0,0.0,0.0,0.0,0.0,0.0,0.0,0.9356325727331738,0.9356325727331738
flat,single,0,weighted_cka,0,558,1.6313560760327221,300.0,0.4649354815483093,0.09355659782886505,0,1.6313560760327221,1.6313560760327221,1,0,off,0,0,0.0,0.0,0.0,0.0,0.0,0.0,0.0,0.0,0.0,1.6313560760327221,1.6313560760327221
flat,single,0,weighted_cka,0,559,1.6231588284225986,300.0,0.4954535961151123,0.08185797929763794,0,1.6231588284225986,1.6231588284225986,1,0,off,0,0,0.0,0.0,0.0,0.0,0.0,0.0,0.0,0.0,0.0,1.6231588284225986,1.6231588284225986
flat,single,0,weighted_cka,0,560,0.7832220035186128,300.0,0.3802901804447174,0.10000000149011612,0,0.7832220035186128,0.7832220035186128,1,0,off,0,0,0.0,0.0,0.0,0.0,0.0,0.0,0.0,0.0,0.0,0.7832220035186128,0.7832220035186128
flat,single,0,weighted_cka,0,561,0.47386418414334797,300.0,0.2980859875679016,0.003541430924087763,0,0.47386418414334797,0.47386418414334797,1,0,off,0,0,0.0,0.0,0.0,0.0,0.0,0.0,0.0,0.0,0.0,0.47386418414334797,0.47386418414334797
flat,single,0,weighted_cka,0,562,0.9077890355346987,300.0,0.3143022060394287,0.018832478672266006,0,0.9077890355346987,0.9077890355346987,1,0,off,0,0,0.0,0.0,0.0,0.0,0.0,0.0,0.0,0.0,0.0,0.9077890355346987,0.9077890355346987
flat,single,0,weighted_cka,0,563,1.6379810807411546,300.0,0.48185938596725464,0.09671863913536072,0,1.6379810807411546,1.6379810807411546,1,0,off,0,0,0.0,0.0,0.0,0.0,0.0,0.0,0.0,0.0,0.0,1.6379810807411546,1.6379810807411546
flat,single,0,weighted_cka,0,564,1.3648992300384255,300.0,0.4486408829689026,0.00606533233076334,0,1.3648992300384255,1.3648992300384255,1,0,off,0,0,0.0,0.0,0.0,0.0,0.0,0.0,0.0,0.0,0.0,1.3648992300384255,1.3648992300384255
flat,single,0,weighted_cka,0,565,0.8922400144575464,300.0,0.3316400945186615,0.020225252956151962,0,0.8922400144575464,0.8922400144575464,1,0,off,0,0,0.0,0.0,0.0,0.0,0.0,0.0,0.0,0.0,0.0,0.8922400144575464,0.8922400144575464
flat,single,0,weighted_cka,0,566,0.6513362525744002,300.0,0.3111461102962494,0.0010682705324143171,0,0.6513362525744002,0.6513362525744002,1,0,off,0,0,0.0,0.0,0.0,0.0,0.0,0.0,0.0,0.0,0.0,0.6513362525744002,0.6513362525744002
flat,single,0,weighted_cka,0,567,2.1688151298084435,300.0,0.5954980850219727,0.15565617382526398,0,2.1688151298084435,2.1688151298084435,1,0,off,0,0,0.0,0.0,0.0,0.0,0.0,0.0,0.0,0.0,0.0,2.1688151298084435,2.1688151298084435
flat,single,0,weighted_cka,0,568,1.1756817229030263,300.0,0.42151108384132385,0.08905753493309021,0,1.1756817229030263,1.1756817229030263,1,0,off,0,0,0.0,0.0,0.0,0.0,0.0,0.0,0.0,0.0,0.0,1.1756817229030263,1.1756817229030263
flat,single,0,weighted_cka,0,569,1.0802284747539987,300.0,0.4179146885871887,0.060594528913497925,0,1.0802284747539987,1.0802284747539987,1,0,off,0,0,0.0,0.0,0.0,0.0,0.0,0.0,0.0,0.0,0.0,1.0802284747539987,1.0802284747539987
flat,single,0,weighted_cka,0,570,0.382835076617265,300.0,0.2771763503551483,0.025889301672577858,0,0.382835076617265,0.382835076617265,1,0,off,0,0,0.0,0.0,0.0,0.0,0.0,0.0,0.0,0.0,0.0,0.382835076617265,0.382835076617265
flat,single,0,weighted_cka,0,571,0.3282489495533798,300.0,0.20686955749988556,0.011829746887087822,0,0.3282489495533798,0.3282489495533798,1,0,off,0,0,0.0,0.0,0.0,0.0,0.0,0.0,0.0,0.0,0.0,0.3282489495533798,0.3282489495533798
flat,single,0,weighted_cka,0,572,0.37107935615786003,300.0,0.275611937046051,0.01563972793519497,0,0.37107935615786003,0.37107935615786003,1,0,off,0,0,0.0,0.0,0.0,0.0,0.0,0.0,0.0,0.0,0.0,0.37107935615786003,0.37107935615786003
flat,single,0,weighted_cka,0,573,0.2523599164298491,300.0,0.19399499893188477,0.005057154688984156,0,0.2523599164298491,0.2523599164298491,1,0,off,0,0,0.0,0.0,0.0,0.0,0.0,0.0,0.0,0.0,0.0,0.2523599164298491,0.2523599164298491
flat,single,0,weighted_cka,0,574,0.3003601128504658,300.0,0.20403632521629333,4.7838195314398035e-05,0,0.3003601128504658,0.3003601128504658,1,0,off,0,0,0.0,0.0,0.0,0.0,0.0,0.0,0.0,0.0,0.0,0.3003601128504658,0.3003601128504658
flat,single,0,weighted_cka,0,575,1.2542348004835748,300.0,0.5056429505348206,0.10000000149011612,0,1.2542348004835748,1.2542348004835748,1,0,off,0,0,0.0,0.0,0.0,0.0,0.0,0.0,0.0,0.0,0.0,1.2542348004835748,1.2542348004835748
flat,single,0,weighted_cka,0,576,0.8257324960855829,300.0,0.33176571130752563,0.0001445421075914055,0,0.8257324960855829,0.8257324960855829,1,0,off,0,0,0.0,0.0,0.0,0.0,0.0,0.0,0.0,0.0,0.0,0.8257324960855829,0.8257324960855829
flat,single,0,weighted_cka,0,577,0.7903444530762487,300.0,0.3325982987880707,0.009007051587104797,0,0.7903444530762487,0.7903444530762487,1,0,off,0,0,0.0,0.0,0.0,0.0,0.0,0.0,0.0,0.0,0.0,0.7903444530762487,0.7903444530762487
flat,single,0,weighted_cka,0,578,1.053351141232164,300.0,0.3963474929332733,0.06986458599567413,0,1.053351141232164,1.053351141232164,1,0,off,0,0,0.0,0.0,0.0,0.0,0.0,0.0,0.0,0.0,0.0,1.053351141232164,1.053351141232164
flat,single,0,weighted_cka,0,579,0.1933144169772265,300.0,0.1893053948879242,0.0013516577892005444,0,0.1933144169772265,0.1933144169772265,1,0,off,0,0,0.0,0.0,0.0,0.0,0.0,0.0,0.0,0.0,0.0,0.1933144169772265,0.1933144169772265
flat,single,0,weighted_cka,0,580,0.4220450188535768,300.0,0.27537649869918823,0.00039589210064150393,0,0.4220450188535768,0.4220450188535768,1,0,off,0,0,0.0,0.0,0.0,0.0,0.0,0.0,0.0,0.0,0.0,0.4220450188535768,0.4220450188535768
flat,single,0,weighted_cka,0,581,0.8500953637835851,300.0,0.32851162552833557,0.017597075551748276,0,0.8500953637835851,0.8500953637835851,1,0,off,0,0,0.0,0.0,0.0,0.0,0.0,0.0,0.0,0.0,0.0,0.8500953637835851,0.8500953637835851
flat,single,0,weighted_cka,0,582,0.7445598460268217,300.0,0.32147443294525146,0.0026384678203612566,0,0.7445598460268217,0.7445598460268217,1,0,off,0,0,0.0,0.0,0.0,0.0,0.0,0.0,0.0,0.0,0.0,0.7445598460268217,0.7445598460268217
flat,single,0,weighted_cka,0,583,0.7532555017110996,300.0,0.34058696031570435,0.0006475916597992182,0,0.7532555017110996,0.7532555017110996,1,0,off,0,0,0.0,0.0,0.0,0.0,0.0,0.0,0.0,0.0,0.0,0.7532555017110996,0.7532555017110996
flat,single,0,weighted_cka,0,584,2.2948275320581146,300.0,0.6300658583641052,0.33606940507888794,0,2.2948275320581146,2.2948275320581146,1,0,off,0,0,0.0,0.0,0.0,0.0,0.0,0.0,0.0,0.0,0.0,2.2948275320581146,2.2948275320581146
flat,single,0,weighted_cka,0,585,0.46950613613689596,300.0,0.30234256386756897,0.001651701400987804,0,0.46950613613689596,0.46950613613689596,1,0,off,0,0,0.0,0.0,0.0,0.0,0.0,0.0,0.0,0.0,0.0,0.46950613613689596,0.46950613613689596
flat,single,0,weighted_cka,0,586,0.9530564130346635,300.0,0.4106070101261139,0.013654866255819798,0,0.9530564130346635,0.9530564130346635,1,0,off,0,0,0.0,0.0,0.0,0.0,0.0,0.0,0.0,0.0,0.0,0.9530564130346635,0.9530564130346635
flat,single,0,weighted_cka,0,587,1.336799989605423,300.0,0.44620823860168457,0.024860909208655357,0,1.336799989605423,1.336799989605423,1,0,off,0,0,0.0,0.0,0.0,0.0,0.0,0.0,0.0,0.0,0.0,1.336799989605423,1.336799989605423
flat,single,0,weighted_cka,0,588,0.3876550816959923,300.0,0.30348819494247437,0.0020381107460707426,0,0.3876550816959923,0.3876550816959923,1,0,off,0,0,0.0,0.0,0.0,0.0,0.0,0.0,0.0,0.0,0.0,0.3876550816959923,0.3876550816959923
flat,single,0,weighted_cka,0,589,0.8900031083640885,300.0,0.34687522053718567,0.023079888895154,0,0.8900031083640885,0.8900031083640885,1,0,off,0,0,0.0,0.0,0.0,0.0,0.0,0.0,0.0,0.0,0.0,0.8900031083640885,0.8900031083640885
flat,single,0,weighted_cka,0,590,1.2935810891995048,300.0,0.4539484977722168,0.0011421100934967399,0,1.2935810891995048,1.2935810891995048,1,0,off,0,0,0.0,0.0,0.0,0.0,0.0,0.0,0.0,0.0,0.0,1.2935810891995048,1.2935810891995048
flat,single,0,weighted_cka,0,591,1.5049390038912587,300.0,0.4675580561161041,0.0949799120426178,0,1.5049390038912587,1.5049390038912587,1,0,off,0,0,0.0,0.0,0.0,0.0,0.0,0.0,0.0,0.0,0.0,1.5049390038912587,1.5049390038912587
flat,single,0,weighted_cka,0,592,0.8445953649322848,300.0,0.442025750875473,0.15599223971366882,0,0.8445953649322848,0.8445953649322848,1,0,off,0,0,0.0,0.0,0.0,0.0,0.0,0.0,0.0,0.0,0.0,0.8445953649322848,0.8445953649322848
flat,single,0,weighted_cka,0,593,0.7703203908153671,300.0,0.2981540858745575,0.12810085713863373,0,0.7703203908153671,0.7703203908153671,1,0,off,0,0,0.0,0.0,0.0,0.0,0.0,0.0,0.0,0.0,0.0,0.7703203908153671,0.7703203908153671
flat,single,0,weighted_cka,0,594,0.6824573513823737,300.0,0.24143871665000916,0.09684348106384277,0,0.6824573513823737,0.6824573513823737,1,0,off,0,0,0.0,0.0,0.0,0.0,0.0,0.0,0.0,0.0,0.0,0.6824573513823737,0.6824573513823737
flat,single,0,weighted_cka,0,595,1.0132244898264657,300.0,0.3364625871181488,0.056163035333156586,0,1.0132244898264657,1.0132244898264657,1,0,off,0,0,0.0,0.0,0.0,0.0,0.0,0.0,0.0,0.0,0.0,1.0132244898264657,1.0132244898264657
flat,single,0,weighted_cka,0,596,0.8078999140319323,300.0,0.41190123558044434,0.09700925648212433,0,0.8078999140319323,0.8078999140319323,1,0,off,0,0,0.0,0.0,0.0,0.0,0.0,0.0,0.0,0.0,0.0,0.8078999140319323,0.8078999140319323
flat,single,0,weighted_cka,0,597,0.7569494747323904,300.0,0.41036805510520935,0.10000000149011612,0,0.7569494747323904,0.7569494747323904,1,0,off,0,0,0.0,0.0,0.0,0.0,0.0,0.0,0.0,0.0,0.0,0.7569494747323904,0.7569494747323904
flat,single,0,weighted_cka,0,598,1.3811755230847464,300.0,0.45099201798439026,0.001886968151666224,0,1.3811755230847464,1.3811755230847464,1,0,off,0,0,0.0,0.0,0.0,0.0,0.0,0.0,0.0,0.0,0.0,1.3811755230847464,1.3811755230847464
flat,single,0,weighted_cka,0,599,1.6179526121659653,300.0,0.509989857673645,0.0904979333281517,0,1.6179526121659653,1.6179526121659653,1,0,off,0,0,0.0,0.0,0.0,0.0,0.0,0.0,0.0,0.0,0.0,1.6179526121659653,1.6179526121659653
flat,single,0,weighted_cka,0,600,1.1674197617227025,300.0,0.41852885484695435,0.096833735704422,0,1.1674197617227025,1.1674197617227025,1,0,off,0,0,0.0,0.0,0.0,0.0,0.0,0.0,0.0,0.0,0.0,1.1674197617227025,1.1674197617227025
flat,single,0,weighted_cka,0,601,0.7229388973945929,300.0,0.32359981536865234,0.10000000149011612,0,0.7229388973945929,0.7229388973945929,1,0,off,0,0,0.0,0.0,0.0,0.0,0.0,0.0,0.0,0.0,0.0,0.7229388973945929,0.7229388973945929
flat,single,0,weighted_cka,0,602,2.0764931320176387,300.0,0.5832282304763794,0.10473622381687164,0,2.0764931320176387,2.0764931320176387,1,0,off,0,0,0.0,0.0,0.0,0.0,0.0,0.0,0.0,0.0,0.0,2.0764931320176387,2.0764931320176387
flat,single,0,weighted_cka,0,603,1.6820891763770365,300.0,0.49469104409217834,0.09673067927360535,0,1.6820891763770365,1.6820891763770365,1,0,off,0,0,0.0,0.0,0.0,0.0,0.0,0.0,0.0,0.0,0.0,1.6820891763770365,1.6820891763770365
flat,single,0,weighted_cka,0,604,1.64930740702246,300.0,0.49725762009620667,0.10000000149011612,0,1.64930740702246,1.64930740702246,1,0,off,0,0,0.0,0.0,0.0,0.0,0.0,0.0,0.0,0.0,0.0,1.64930740702246,1.64930740702246
flat,single,0,weighted_cka,0,605,1.1776468362578,300.0,0.43069833517074585,0.10000000149011612,0,1.1776468362578,1.1776468362578,1,0,off,0,0,0.0,0.0,0.0,0.0,0.0,0.0,0.0,0.0,0.0,1.1776468362578,1.1776468362578
flat,single,0,weighted_cka,0,606,1.2673458805147662,300.0,0.4551048278808594,0.004614896606653929,0,1.2673458805147662,1.2673458805147662,1,0,off,0,0,0.0,0.0,0.0,0.0,0.0,0.0,0.0,0.0,0.0,1.2673458805147662,1.2673458805147662
flat,single,0,weighted_cka,0,607,1.6520873610179465,300.0,0.5385576486587524,0.09660858660936356,0,1.6520873610179465,1.6520873610179465,1,0,off,0,0,0.0,0.0,0.0,0.0,0.0,0.0,0.0,0.0,0.0,1.6520873610179465,1.6520873610179465
flat,single,0,weighted_cka,0,608,1.1053074966272094,300.0,0.36061084270477295,0.096833735704422,0,1.1053074966272094,1.1053074966272094,1,0,off,0,0,0.0,0.0,0.0,0.0,0.0,0.0,0.0,0.0,0.0,1.1053074966272094,1.1053074966272094
flat,single,0,weighted_cka,0,609,0.6803674068971293,300.0,0.34544751048088074,0.10000000149011612,0,0.6803674068971293,0.6803674068971293,1,0,off,0,0,0.0,0.0,0.0,0.0,0.0,0.0,0.0,0.0,0.0,0.6803674068971293,0.6803674068971293
flat,single,0,weighted_cka,0,610,1.2320328431960648,300.0,0.4466280937194824,0.0004947678535245359,0,1.2320328431960648,1.2320328431960648,1,0,off,0,0,0.0,0.0,0.0,0.0,0.0,0.0,0.0,0.0,0.0,1.2320328431960648,1.2320328431960648
flat,single,0,weighted_cka,0,611,1.1461979398969548,300.0,0.3583229184150696,0.09671863913536072,0,1.1461979398969548,1.1461979398969548,1,0,off,0,0,0.0,0.0,0.0,0.0,0.0,0.0,0.0,0.0,0.0,1.1461979398969548,1.1461979398969548
flat,single,0,weighted_cka,0,612,1.8435255522543614,300.0,0.6067801117897034,0.25980034470558167,0,1.8435255522543614,1.8435255522543614,1,0,off,0,0,0.0,0.0,0.0,0.0,0.0,0.0,0.0,0.0,0.0,1.8435255522543614,1.8435255522543614
flat,single,0,weighted_cka,0,613,1.0859691027768266,300.0,0.3742389380931854,0.06937558203935623,0,1.0859691027768266,1.0859691027768266,1,0,off,0,0,0.0,0.0,0.0,0.0,0.0,0.0,0.0,0.0,0.0,1.0859691027768266,1.0859691027768266
flat,single,0,weighted_cka,0,614,0.8756737184832319,300.0,0.36857685446739197,0.02457742765545845,0,0.8756737184832319,0.8756737184832319,1,0,off,0,0,0.0,0.0,0.0,0.0,0.0,0.0,0.0,0.0,0.0,0.8756737184832319,0.8756737184832319
flat,single,0,weighted_cka,0,615,0.9241693553754873,300.0,0.410172700881958,0.0003451969241723418,0,0.9241693553754873,0.9241693553754873,1,0,off,0,0,0.0,0.0,0.0,0.0,0.0,0.0,0.0,0.0,0.0,0.9241693553754873,0.9241693553754873
flat,single,0,weighted_cka,0,616,1.2878196536851174,300.0,0.4946361184120178,0.14248542487621307,0,1.2878196536851174,1.2878196536851174,1,0,off,0,0,0.0,0.0,0.0,0.0,0.0,0.0,0.0,0.0,0.0,1.2878196536851174,1.2878196536851174
flat,single,0,weighted_cka,0,617,1.0610982439633299,300.0,0.40752267837524414,0.057957470417022705,0,1.0610982439633299,1.0610982439633299,1,0,off,0,0,0.0,0.0,0.0,0.0,0.0,0.0,0.0,0.0,0.0,1.0610982439633299,1.0610982439633299
flat,single,0,weighted_cka,0,618,1.6103005095919785,300.0,0.46380001306533813,0.09660858660936356,0,1.6103005095919785,1.6103005095919785,1,0,off,0,0,0.0,0.0,0.0,0.0,0.0,0.0,0.0,0.0,0.0,1.6103005095919785,1.6103005095919785
flat,single,0,weighted_cka,0,619,1.844006047949732,300.0,0.5938721895217896,0.23758132755756378,0,1.844006047949732,1.844006047949732,1,0,off,0,0,0.0,0.0,0.0,0.0,0.0,0.0,0.0,0.0,0.0,1.844006047949732,1.844006047949732
flat,single,0,weighted_cka,0,620,1.562699067908396,300.0,0.4662700593471527,0.07874807715415955,0,1.562699067908396,1.562699067908396,1,0,off,0,0,0.0,0.0,0.0,0.0,0.0,0.0,0.0,0.0,0.0,1.562699067908396,1.562699067908396
flat,single,0,weighted_cka,0,621,0.8104429565297311,300.0,0.3346524238586426,0.0029836627654731274,0,0.8104429565297311,0.8104429565297311,1,0,off,0,0,0.0,0.0,0.0,0.0,0.0,0.0,0.0,0.0,0.0,0.8104429565297311,0.8104429565297311
flat,single,0,weighted_cka,0,622,1.3001670630492286,300.0,0.45505088567733765,0.0066225565969944,0,1.3001670630492286,1.3001670630492286,1,0,off,0,0,0.0,0.0,0.0,0.0,0.0,0.0,0.0,0.0,0.0,1.3001670630492286,1.3001670630492286
flat,single,0,weighted_cka,0,623,1.2841619535265623,300.0,0.45003557205200195,0.0005021243123337626,0,1.2841619535265623,1.2841619535265623,1,0,off,0,0,0.0,0.0,0.0,0.0,0.0,0.0,0.0,0.0,0.0,1.2841619535265623,1.2841619535265623
flat,single,0,weighted_cka,0,624,2.317798522552401,300.0,0.644081711769104,0.411940336227417,0,2.317798522552401,2.317798522552401,1,0,off,0,0,0.0,0.0,0.0,0.0,0.0,0.0,0.0,0.0,0.0,2.317798522552401,2.317798522552401
flat,single,0,weighted_cka,0,625,2.1281239265066674,300.0,0.5895367860794067,0.1374974399805069,0,2.1281239265066674,2.1281239265066674,1,0,off,0,0,0.0,0.0,0.0,0.0,0.0,0.0,0.0,0.0,0.0,2.1281239265066674,2.1281239265066674
flat,single,0,weighted_cka,0,626,2.083292227401465,300.0,0.5845475196838379,0.11265183240175247,0,2.083292227401465,2.083292227401465,1,0,off,0,0,0.0,0.0,0.0,0.0,0.0,0.0,0.0,0.0,0.0,2.083292227401465,2.083292227401465
flat,single,0,weighted_cka,0,627,0.9115134840951429,300.0,0.3397228419780731,0.02780258283019066,0,0.9115134840951429,0.9115134840951429,1,0,off,0,0,0.0,0.0,0.0,0.0,0.0,0.0,0.0,0.0,0.0,0.9115134840951429,0.9115134840951429
flat,single,0,weighted_cka,0,628,0.8209694533084972,300.0,0.34871453046798706,0.0024981005117297173,0,0.8209694533084972,0.8209694533084972,1,0,off,0,0,0.0,0.0,0.0,0.0,0.0,0.0,0.0,0.0,0.0,0.8209694533084972,0.8209694533084972
flat,single,0,weighted_cka,0,629,1.3761169091507655,300.0,0.4506942629814148,0.02155102603137493,0,1.3761169091507655,1.3761169091507655,1,0,off,0,0,0.0,0.0,0.0,0.0,0.0,0.0,0.0,0.0,0.0,1.3761169091507655,1.3761169091507655
flat,single,0,weighted_cka,0,630,1.2862858789594598,300.0,0.4480876326560974,0.007502284366637468,0,1.2862858789594598,1.2862858789594598,1,0,off,0,0,0.0,0.0,0.0,0.0,0.0,0.0,0.0,0.0,0.0,1.2862858789594598,1.2862858789594598
flat,single,0,weighted_cka,0,631,1.696755355060303,300.0,0.49463868141174316,0.1374974399805069,0,1.696755355060303,1.696755355060303,1,0,off,0,0,0.0,0.0,0.0,0.0,0.0,0.0,0.0,0.0,0.0,1.696755355060303,1.696755355060303
flat,single,0,weighted_cka,0,632,2.245079451263699,300.0,0.6132714748382568,0.2525096535682678,0,2.245079451263699,2.245079451263699,1,0,off,0,0,0.0,0.0,0.0,0.0,0.0,0.0,0.0,0.0,0.0,2.245079451263699,2.245079451263699
flat,single,0,weighted_cka,0,633,1.61088907610335,300.0,0.47318124771118164,0.09671863913536072,0,1.61088907610335,1.61088907610335,1,0,off,0,0,0.0,0.0,0.0,0.0,0.0,0.0,0.0,0.0,0.0,1.61088907610335,1.61088907610335
flat,single,0,weighted_cka,0,634,1.6945592457975818,300.0,0.545655369758606,0.1210610419511795,0,1.6945592457975818,1.6945592457975818,1,0,off,0,0,0.0,0.0,0.0,0.0,0.0,0.0,0.0,0.0,0.0,1.6945592457975818,1.6945592457975818
flat,single,0,weighted_cka,0,635,0.9538128819936889,300.0,0.3834078907966614,0.029445141553878784,0,0.9538128819936889,0.9538128819936889,1,0,off,0,0,0.0,0.0,0.0,0.0,0.0,0.0,0.0,0.0,0.0,0.9538128819936889,0.9538128819936889
flat,single,0,weighted_cka,0,636,0.869168086718763,300.0,0.3893111050128937,0.01209320593625307,0,0.869168086718763,0.869168086718763,1,0,off,0,0,0.0,0.0,0.0,0.0,0.0,0.0,0.0,0.0,0.0,0.869168086718763,0.869168086718763
flat,single,0,weighted_cka,0,637,1.0348789897121593,300.0,0.358769953250885,0.0742594376206398,0,1.0348789897121593,1.0348789897121593,1,0,off,0,0,0.0,0.0,0.0,0.0,0.0,0.0,0.0,0.0,0.0,1.0348789897121593,1.0348789897121593
flat,single,0,weighted_cka,0,638,1.3070065431008957,300.0,0.44875234365463257,0.009860994294285774,0,1.3070065431008957,1.3070065431008957,1,0,off,0,0,0.0,0.0,0.0,0.0,0.0,0.0,0.0,0.0,0.0,1.3070065431008957,1.3070065431008957
flat,single,0,weighted_cka,0,639,0.8160958313070283,300.0,0.3452455699443817,0.0035366411320865154,0,0.8160958313070283,0.8160958313070283,1,0,off,0,0,0.0,0.0,0.0,0.0,0.0,0.0,0.0,0.0,0.0,0.8160958313070283,0.8160958313070283
flat,single,0,weighted_cka,0,640,1.322904415578448,300.0,0.44365859031677246,0.0011438351357355714,0,1.322904415578448,1.322904415578448,1,0,off,0,0,0.0,0.0,0.0,0.0,0.0,0.0,0.0,0.0,0.0,1.322904415578448,1.322904415578448
flat,single,0,weighted_cka,0,641,1.335764886835567,300.0,0.47504639625549316,0.17377011477947235,0,1.335764886835567,1.335764886835567,1,0,off,0,0,0.0,0.0,0.0,0.0,0.0,0.0,0.0,0.0,0.0,1.335764886835567,1.335764886835567
flat,single,0,weighted_cka,0,642,1.2987795200824608,300.0,0.4703160226345062,0.0007762971799820662,0,1.2987795200824608,1.2987795200824608,1,0,off,0,0,0.0,0.0,0.0,0.0,0.0,0.0,0.0,0.0,0.0,1.2987795200824608,1.2987795200824608
flat,single,0,weighted_cka,0,643,2.147949023498221,300.0,0.5937508940696716,0.1488693654537201,0,2.147949023498221,2.147949023498221,1,0,off,0,0,0.0,0.0,0.0,0.0,0.0,0.0,0.0,0.0,0.0,2.147949023498221,2.147949023498221
flat,single,0,weighted_cka,0,644,2.1986393759535474,300.0,0.6028807163238525,0.19772425293922424,0,2.1986393759535474,2.1986393759535474,1,0,off,0,0,0.0,0.0,0.0,0.0,0.0,0.0,0.0,0.0,0.0,2.1986393759535474,2.1986393759535474
flat,single,0,weighted_cka,0,645,1.2811778058064833,300.0,0.4901718497276306,0.1210610419511795,0,1.2811778058064833,1.2811778058064833,1,0,off,0,0,0.0,0.0,0.0,0.0,0.0,0.0,0.0,0.0,0.0,1.2811778058064833,1.2811778058064833
flat,single,0,weighted_cka,0,646,1.0782394016328896,300.0,0.394040048122406,0.10000000149011612,0,1.0782394016328896,1.0782394016328896,1,0,off,0,0,0.0,0.0,0.0,0.0,0.0,0.0,0.0,0.0,0.0,1.0782394016328896,1.0782394016328896
flat,single,0,weighted_cka,0,647,0.7551148197904682,300.0,0.3089855909347534,0.008811602368950844,0,0.7551148197904682,0.7551148197904682,1,0,off,0,0,0.0,0.0,0.0,0.0,0.0,0.0,0.0,0.0,0.0,0.7551148197904682,0.7551148197904682
flat,single,0,weighted_cka,0,648,1.6191894901994588,300.0,0.4947602152824402,0.12007339298725128,0,1.6191894901994588,1.6191894901994588,1,0,off,0,0,0.0,0.0,0.0,0.0,0.0,0.0,0.0,0.0,0.0,1.6191894901994588,1.6191894901994588
flat,single,0,weighted_cka,0,649,1.6834609059987984,300.0,0.469312846660614,0.11504506319761276,0,1.6834609059987984,1.6834609059987984,1,0,off,0,0,0.0,0.0,0.0,0.0,0.0,0.0,0.0,0.0,0.0,1.6834609059987984,1.6834609059987984
flat,single,0,weighted_cka,0,650,1.754744840153505,300.0,0.5664528608322144,0.16256944835186005,0,1.754744840153505,1.754744840153505,1,0,off,0,0,0.0,0.0,0.0,0.0,0.0,0.0,0.0,0.0,0.0,1.754744840153505,1.754744840153505
flat,single,0,weighted_cka,0,651,0.9718693797563889,300.0,0.3796563744544983,0.024069633334875107,0,0.9718693797563889,0.9718693797563889,1,0,off,0,0,0.0,0.0,0.0,0.0,0.0,0.0,0.0,0.0,0.0,0.9718693797563889,0.9718693797563889
flat,single,0,weighted_cka,0,652,0.6515478049943328,300.0,0.31732767820358276,0.09079878777265549,0,0.6515478049943328,0.6515478049943328,1,0,off,0,0,0.0,0.0,0.0,0.0,0.0,0.0,0.0,0.0,0.0,0.6515478049943328,0.6515478049943328
flat,single,0,weighted_cka,0,653,2.2383158017954585,300.0,0.6070998907089233,0.21727994084358215,0,2.2383158017954585,2.2383158017954585,1,0,off,0,0,0.0,0.0,0.0,0.0,0.0,0.0,0.0,0.0,0.0,2.2383158017954585,2.2383158017954585
flat,single,0,weighted_cka,0,654,2.243299686184791,300.0,0.6098524332046509,0.2343420684337616,0,2.243299686184791,2.243299686184791,1,0,off,0,0,0.0,0.0,0.0,0.0,0.0,0.0,0.0,0.0,0.0,2.243299686184791,2.243299686184791
flat,single,0,weighted_cka,0,655,1.4169625445458096,300.0,0.549636960029602,0.012616601772606373,0,1.4169625445458096,1.4169625445458096,1,0,off,0,0,0.0,0.0,0.0,0.0,0.0,0.0,0.0,0.0,0.0,1.4169625445458096,1.4169625445458096
flat,single,0,weighted_cka,0,656,2.3047369610622193,300.0,0.6349756121635437,0.3618182837963104,0,2.3047369610622193,2.3047369610622193,1,0,off,0,0,0.0,0.0,0.0,0.0,0.0,0.0,0.0,0.0,0.0,2.3047369610622193,2.3047369610622193
flat,single,0,weighted_cka,0,657,1.604364936468143,300.0,0.4753442406654358,0.096833735704422,0,1.604364936468143,1.604364936468143,1,0,off,0,0,0.0,0.0,0.0,0.0,0.0,0.0,0.0,0.0,0.0,1.604364936468143,1.604364936468143
flat,single,0,weighted_cka,0,658,1.158494648982928,300.0,0.4198659360408783,0.096833735704422,0,1.158494648982928,1.158494648982928,1,0,off,0,0,0.0,0.0,0.0,0.0,0.0,0.0,0.0,0.0,0.0,1.158494648982928,1.158494648982928
flat,single,0,weighted_cka,0,659,0.8501693991096504,300.0,0.39441657066345215,0.00954876933246851,0,0.8501693991096504,0.8501693991096504,1,0,off,0,0,0.0,0.0,0.0,0.0,0.0,0.0,0.0,0.0,0.0,0.8501693991096504,0.8501693991096504
flat,single,0,weighted_cka,0,660,1.7084986237936852,300.0,0.5679997205734253,0.12107909470796585,0,1.7084986237936852,1.7084986237936852,1,0,off,0,0,0.0,0.0,0.0,0.0,0.0,0.0,0.0,0.0,0.0,1.7084986237936852,1.7084986237936852
flat,single,0,weighted_cka,0,661,1.1837622776452905,300.0,0.44583263993263245,0.10000000149011612,0,1.1837622776452905,1.1837622776452905,1,0,off,0,0,0.0,0.0,0.0,0.0,0.0,0.0,0.0,0.0,0.0,1.1837622776452905,1.1837622776452905
flat,single,0,weighted_cka,0,662,2.2403685531413586,300.0,0.6197355389595032,0.27619320154190063,0,2.2403685531413586,2.2403685531413586,1,0,off,0,0,0.0,0.0,0.0,0.0,0.0,0.0,0.0,0.0,0.0,2.2403685531413586,2.2403685531413586
flat,single,0,weighted_cka,0,663,1.30154606912365,300.0,0.5659695863723755,0.12633614242076874,0,1.30154606912365,1.30154606912365,1,0,off,0,0,0.0,0.0,0.0,0.0,0.0,0.0,0.0,0.0,0.0,1.30154606912365,1.30154606912365
flat,single,0,weighted_cka,0,664,2.2587907188000926,300.0,0.6261774897575378,0.31372031569480896,0,2.2587907188000926,2.2587907188000926,1,0,off,0,0,0.0,0.0,0.0,0.0,0.0,0.0,0.0,0.0,0.0,2.2587907188000926,2.2587907188000926
flat,single,0,weighted_cka,0,665,1.7115778300373088,300.0,0.5698429346084595,0.1210610419511795,0,1.7115778300373088,1.7115778300373088,1,0,off,0,0,0.0,0.0,0.0,0.0,0.0,0.0,0.0,0.0,0.0,1.7115778300373088,1.7115778300373088
flat,single,0,weighted_cka,0,666,2.1081295626282994,300.0,0.5891991853713989,0.12845677137374878,0,2.1081295626282994,2.1081295626282994,1,0,off,0,0,0.0,0.0,0.0,0.0,0.0,0.0,0.0,0.0,0.0,2.1081295626282994,2.1081295626282994
flat,single,0,weighted_cka,0,667,1.75277047468566,300.0,0.5777392983436584,0.1416468620300293,0,1.75277047468566,1.75277047468566,1,0,off,0,0,0.0,0.0,0.0,0.0,0.0,0.0,0.0,0.0,0.0,1.75277047468566,1.75277047468566
flat,single,0,weighted_cka,0,668,1.3204199296250807,300.0,0.44517946243286133,0.024269144982099533,0,1.3204199296250807,1.3204199296250807,1,0,off,0,0,0.0,0.0,0.0,0.0,0.0,0.0,0.0,0.0,0.0,1.3204199296250807,1.3204199296250807
flat,single,0,weighted_cka,0,669,1.619433939909412,300.0,0.5423915982246399,0.10000000149011612,0,1.619433939909412,1.619433939909412,1,0,off,0,0,0.0,0.0,0.0,0.0,0.0,0.0,0.0,0.0,0.0,1.619433939909412,1.619433939909412
flat,single,0,weighted_cka,0,670,1.6481044931949929,300.0,0.5780329704284668,0.09660858660936356,0,1.6481044931949929,1.6481044931949929,1,0,off,0,0,0.0,0.0,0.0,0.0,0.0,0.0,0.0,0.0,0.0,1.6481044931949929,1.6481044931949929
flat,single,0,weighted_cka,0,671,2.1569416082113335,300.0,0.5953219532966614,0.16256944835186005,0,2.1569416082113335,2.1569416082113335,1,0,off,0,0,0.0,0.0,0.0,0.0,0.0,0.0,0.0,0.0,0.0,2.1569416082113335,2.1569416082113335
flat,single,0,weighted_cka,0,672,1.7836513722313598,300.0,0.5443856716156006,0.19774027168750763,0,1.7836513722313598,1.7836513722313598,1,0,off,0,0,0.0,0.0,0.0,0.0,0.0,0.0,0.0,0.0,0.0,1.7836513722313598,1.7836513722313598
flat,single,0,weighted_cka,0,673,2.2255543441478025,300.0,0.611507773399353,0.2353932112455368,0,2.2255543441478025,2.2255543441478025,1,0,off,0,0,0.0,0.0,0.0,0.0,0.0,0.0,0.0,0.0,0.0,2.2255543441478025,2.2255543441478025
flat,single,0,weighted_cka,0,674,0.8234167345532102,300.0,0.4102380871772766,0.004809874575585127,0,0.8234167345532102,0.8234167345532102,1,0,off,0,0,0.0,0.0,0.0,0.0,0.0,0.0,0.0,0.0,0.0,0.8234167345532102,0.8234167345532102
flat,single,0,weighted_cka,0,675,1.5828276393265228,300.0,0.46996623277664185,0.09376772493124008,0,1.5828276393265228,1.5828276393265228,1,0,off,0,0,0.0,0.0,0.0,0.0,0.0,0.0,0.0,0.0,0.0,1.5828276393265228,1.5828276393265228
flat,single,0,weighted_cka,0,676,2.2660890023663622,300.0,0.6257917284965515,0.3093968629837036,0,2.2660890023663622,2.2660890023663622,1,0,off,0,0,0.0,0.0,0.0,0.0,0.0,0.0,0.0,0.0,0.0,2.2660890023663622,2.2660890023663622
flat,single,0,weighted_cka,0,677,2.249516192435708,300.0,0.6200000047683716,0.2778492867946625,0,2.249516192435708,2.249516192435708,1,0,off,0,0,0.0,0.0,0.0,0.0,0.0,0.0,0.0,0.0,0.0,2.249516192435708,2.249516192435708
flat,single,0,weighted_cka,0,678,2.126998447228706,300.0,0.5871787071228027,0.1210610419511795,0,2.126998447228706,2.126998447228706,1,0,off,0,0,0.0,0.0,0.0,0.0,0.0,0.0,0.0,0.0,0.0,2.126998447228706,2.126998447228706
flat,single,0,weighted_cka,0,679,2.153961385413389,300.0,0.5935633778572083,0.1500014066696167,0,2.153961385413389,2.153961385413389,1,0,off,0,0,0.0,0.0,0.0,0.0,0.0,0.0,0.0,0.0,0.0,2.153961385413389,2.153961385413389
flat,single,0,weighted_cka,0,680,0.8428753582207706,300.0,0.41746610403060913,0.0015364170540124178,0,0.8428753582207706,0.8428753582207706,1,0,off,0,0,0.0,0.0,0.0,0.0,0.0,0.0,0.0,0.0,0.0,0.8428753582207706,0.8428753582207706
flat,single,0,weighted_cka,0,681,1.318665445517892,300.0,0.4633761942386627,0.1757458597421646,0,1.318665445517892,1.318665445517892,1,0,off,0,0,0.0,0.0,0.0,0.0,0.0,0.0,0.0,0.0,0.0,1.318665445517892,1.318665445517892
flat,single,0,weighted_cka,0,682,1.6195668410047959,300.0,0.46529969573020935,0.09684348106384277,0,1.6195668410047959,1.6195668410047959,1,0,off,0,0,0.0,0.0,0.0,0.0,0.0,0.0,0.0,0.0,0.0,1.6195668410047959,1.6195668410047959
flat,single,0,weighted_cka,0,683,1.7055263415588784,300.0,0.5677979588508606,0.13951829075813293,0,1.7055263415588784,1.7055263415588784,1,0,off,0,0,0.0,0.0,0.0,0.0,0.0,0.0,0.0,0.0,0.0,1.7055263415588784,1.7055263415588784
flat,single,0,weighted_cka,0,684,1.8286583451840444,300.0,0.5843825936317444,0.2880922257900238,0,1.8286583451840444,1.8286583451840444,1,0,off,0,0,0.0,0.0,0.0,0.0,0.0,0.0,0.0,0.0,0.0,1.8286583451840444,1.8286583451840444
flat,single,0,weighted_cka,0,685,2.1670517991026017,300.0,0.5989660024642944,0.17824798822402954,0,2.1670517991026017,2.1670517991026017,1,0,off,0,0,0.0,0.0,0.0,0.0,0.0,0.0,0.0,0.0,0.0,2.1670517991026017,2.1670517991026017
flat,single,0,weighted_cka,0,686,1.2977311201812585,300.0,0.47606605291366577,0.15283837914466858,0,1.2977311201812585,1.2977311201812585,1,0,off,0,0,0.0,0.0,0.0,0.0,0.0,0.0,0.0,0.0,0.0,1.2977311201812585,1.2977311201812585
flat,single,0,weighted_cka,0,687,0.8213273189865946,300.0,0.3518148362636566,0.0053838398307561874,0,0.8213273189865946,0.8213273189865946,1,0,off,0,0,0.0,0.0,0.0,0.0,0.0,0.0,0.0,0.0,0.0,0.8213273189865946,0.8213273189865946
flat,single,0,weighted_cka,0,688,0.8679493368771363,300.0,0.33048561215400696,0.0033378114458173513,0,0.8679493368771363,0.8679493368771363,1,0,off,0,0,0.0,0.0,0.0,0.0,0.0,0.0,0.0,0.0,0.0,0.8679493368771363,0.8679493368771363
flat,single,0,weighted_cka,0,689,1.821039473231766,300.0,0.5422898530960083,0.28237202763557434,0,1.821039473231766,1.821039473231766,1,0,off,0,0,0.0,0.0,0.0,0.0,0.0,0.0,0.0,0.0,0.0,1.821039473231766,1.821039473231766
flat,single,0,weighted_cka,0,690,1.7178886662622959,300.0,0.5333471894264221,0.12961596250534058,0,1.7178886662622959,1.7178886662622959,1,0,off,0,0,0.0,0.0,0.0,0.0,0.0,0.0,0.0,0.0,0.0,1.7178886662622959,1.7178886662622959
flat,single,0,weighted_cka,0,691,2.1971299383709777,300.0,0.6050404906272888,0.2053106129169464,0,2.1971299383709777,2.1971299383709777,1,0,off,0,0,0.0,0.0,0.0,0.0,0.0,0.0,0.0,0.0,0.0,2.1971299383709777,2.1971299383709777
flat,single,0,weighted_cka,0,692,1.6579145567626736,300.0,0.47778716683387756,0.1210610419511795,0,1.6579145567626736,1.6579145567626736,1,0,off,0,0,0.0,0.0,0.0,0.0,0.0,0.0,0.0,0.0,0.0,1.6579145567626736,1.6579145567626736
flat,single,0,weighted_cka,0,693,2.331893615564148,300.0,0.6519417762756348,0.44231975078582764,0,2.331893615564148,2.331893615564148,1,0,off,0,0,0.0,0.0,0.0,0.0,0.0,0.0,0.0,0.0,0.0,2.331893615564148,2.331893615564148
flat,single,0,weighted_cka,0,694,1.6566032285922874,300.0,0.5015616416931152,0.10000000149011612,0,1.6566032285922874,1.6566032285922874,1,0,off,0,0,0.0,0.0,0.0,0.0,0.0,0.0,0.0,0.0,0.0,1.6566032285922874,1.6566032285922874
flat,single,0,weighted_cka,0,695,2.19661061861734,300.0,0.6029676198959351,0.19772425293922424,0,2.19661061861734,2.19661061861734,1,0,off,0,0,0.0,0.0,0.0,0.0,0.0,0.0,0.0,0.0,0.0,2.19661061861734,2.19661061861734
flat,single,0,weighted_cka,0,696,2.119939748911987,300.0,0.5882050395011902,0.1210610419511795,0,2.119939748911987,2.119939748911987,1,0,off,0,0,0.0,0.0,0.0,0.0,0.0,0.0,0.0,0.0,0.0,2.119939748911987,2.119939748911987
flat,single,0,weighted_cka,0,697,2.1503687870473627,300.0,0.5941753387451172,0.15083180367946625,0,2.1503687870473627,2.1503687870473627,1,0,off,0,0,0.0,0.0,0.0,0.0,0.0,0.0,0.0,0.0,0.0,2.1503687870473627,2.1503687870473627
flat,single,0,weighted_cka,0,698,1.227706544431495,300.0,0.4344162344932556,0.11938062310218811,0,1.227706544431495,1.227706544431495,1,0,off,0,0,0.0,0.0,0.0,0.0,0.0,0.0,0.0,0.0,0.0,1.227706544431495,1.227706544431495
flat,single,0,weighted_cka,0,699,2.120838966148031,300.0,0.5899587869644165,0.12961596250534058,0,2.120838966148031,2.120838966148031,1,0,off,0,0,0.0,0.0,0.0,0.0,0.0,0.0,0.0,0.0,0.0,2.120838966148031,2.120838966148031
flat,single,0,weighted_cka,0,700,2.1205833537264525,300.0,0.5879223942756653,0.1210610419511795,0,2.1205833537264525,2.1205833537264525,1,0,off,0,0,0.0,0.0,0.0,0.0,0.0,0.0,0.0,0.0,0.0,2.1205833537264525,2.1205833537264525
flat,single,0,weighted_cka,0,701,2.200361539666936,300.0,0.6070417165756226,0.21672295033931732,0,2.200361539666936,2.200361539666936,1,0,off,0,0,0.0,0.0,0.0,0.0,0.0,0.0,0.0,0.0,0.0,2.200361539666936,2.200361539666936
flat,single,0,weighted_cka,0,702,1.1376965546271878,300.0,0.45076122879981995,0.09281859546899796,0,1.1376965546271878,1.1376965546271878,1,0,off,0,0,0.0,0.0,0.0,0.0,0.0,0.0,0.0,0.0,0.0,1.1376965546271878,1.1376965546271878
flat,single,0,weighted_cka,0,703,1.3265998084358985,300.0,0.4706089496612549,0.14248542487621307,0,1.3265998084358985,1.3265998084358985,1,0,off,0,0,0.0,0.0,0.0,0.0,0.0,0.0,0.0,0.0,0.0,1.3265998084358985,1.3265998084358985
flat,single,0,weighted_cka,0,704,2.1332683372940906,300.0,0.5884166955947876,0.1210610419511795,0,2.1332683372940906,2.1332683372940906,1,0,off,0,0,0.0,0.0,0.0,0.0,0.0,0.0,0.0,0.0,0.0,2.1332683372940906,2.1332683372940906
flat,single,0,weighted_cka,0,705,1.6309141725038203,300.0,0.4669278562068939,0.10000000149011612,0,1.6309141725038203,1.6309141725038203,1,0,off,0,0,0.0,0.0,0.0,0.0,0.0,0.0,0.0,0.0,0.0,1.6309141725038203,1.6309141725038203
flat,single,0,weighted_cka,0,706,1.6982580699909264,300.0,0.4789346754550934,0.1416468620300293,0,1.6982580699909264,1.6982580699909264,1,0,off,0,0,0.0,0.0,0.0,0.0,0.0,0.0,0.0,0.0,0.0,1.6982580699909264,1.6982580699909264
flat,single,0,weighted_cka,0,707,2.293225292953501,300.0,0.632691502571106,0.34696856141090393,0,2.293225292953501,2.293225292953501,1,0,off,0,0,0.0,0.0,0.0,0.0,0.0,0.0,0.0,0.0,0.0,2.293225292953501,2.293225292953501
flat,single,0,weighted_cka,0,708,2.112696826115471,300.0,0.587028980255127,0.12107909470796585,0,2.112696826115471,2.112696826115471,1,0,off,0,0,0.0,0.0,0.0,0.0,0.0,0.0,0.0,0.0,0.0,2.112696826115471,2.112696826115471
flat,single,0,weighted_cka,0,709,2.1235341757566957,300.0,0.5881120562553406,0.1210610419511795,0,2.1235341757566957,2.1235341757566957,1,0,off,0,0,0.0,0.0,0.0,0.0,0.0,0.0,0.0,0.0,0.0,2.1235341757566957,2.1235341757566957
flat,single,0,weighted_cka,0,710,2.139348927032188,300.0,0.5899322032928467,0.12961596250534058,0,2.139348927032188,2.139348927032188,1,0,off,0,0,0.0,0.0,0.0,0.0,0.0,0.0,0.0,0.0,0.0,2.139348927032188,2.139348927032188
flat,single,0,weighted_cka,0,711,1.6015088034084486,300.0,0.48169293999671936,0.10000000149011612,0,1.6015088034084486,1.6015088034084486,1,0,off,0,0,0.0,0.0,0.0,0.0,0.0,0.0,0.0,0.0,0.0,1.6015088034084486,1.6015088034084486
flat,single,0,weighted_cka,0,712,2.0971373666039907,300.0,0.5882050395011902,0.1210610419511795,0,2.0971373666039907,2.0971373666039907,1,0,off,0,0,0.0,0.0,0.0,0.0,0.0,0.0,0.0,0.0,0.0,2.0971373666039907,2.0971373666039907
flat,single,0,weighted_cka,0,713,2.273207163635014,300.0,0.6277660727500916,0.3195355236530304,0,2.273207163635014,2.273207163635014,1,0,off,0,0,0.0,0.0,0.0,0.0,0.0,0.0,0.0,0.0,0.0,2.273207163635014,2.273207163635014
flat,single,0,weighted_cka,0,714,2.3041476053570236,300.0,0.6369525194168091,0.36479827761650085,0,2.3041476053570236,2.3041476053570236,1,0,off,0,0,0.0,0.0,0.0,0.0,0.0,0.0,0.0,0.0,0.0,2.3041476053570236,2.3041476053570236
flat,single,0,weighted_cka,0,715,2.19894430557283,300.0,0.5936591029167175,0.15083180367946625,0,2.19894430557283,2.19894430557283,1,0,off,0,0,0.0,0.0,0.0,0.0,0.0,0.0,0.0,0.0,0.0,2.19894430557283,2.19894430557283
flat,single,0,weighted_cka,0,716,2.253841401914677,300.0,0.6211572885513306,0.2884688079357147,0,2.253841401914677,2.253841401914677,1,0,off,0,0,0.0,0.0,0.0,0.0,0.0,0.0,0.0,0.0,0.0,2.253841401914677,2.253841401914677
flat,single,0,weighted_cka,0,717,2.227213310440158,300.0,0.6149680018424988,0.2532552480697632,0,2.227213310440158,2.227213310440158,1,0,off,0,0,0.0,0.0,0.0,0.0,0.0,0.0,0.0,0.0,0.0,2.227213310440158,2.227213310440158
flat,single,0,weighted_cka,0,718,2.27151119713303,300.0,0.6237938404083252,0.29900887608528137,0,2.27151119713303,2.27151119713303,1,0,off,0,0,0.0,0.0,0.0,0.0,0.0,0.0,0.0,0.0,0.0,2.27151119713303,2.27151119713303
flat,single,0,weighted_cka,0,719,2.1536726479058066,300.0,0.5912905335426331,0.1416468620300293,0,2.1536726479058066,2.1536726479058066,1,0,off,0,0,0.0,0.0,0.0,0.0,0.0,0.0,0.0,0.0,0.0,2.1536726479058066,2.1536726479058066
flat,single,0,weighted_cka,0,720,2.163192577872529,300.0,0.5961795449256897,0.16258665919303894,0,2.163192577872529,2.163192577872529,1,0,off,0,0,0.0,0.0,0.0,0.0,0.0,0.0,0.0,0.0,0.0,2.163192577872529,2.163192577872529
flat,single,0,weighted_cka,0,721,2.2907396491466088,300.0,0.6287018060684204,0.3295019268989563,0,2.2907396491466088,2.2907396491466088,1,0,off,0,0,0.0,0.0,0.0,0.0,0.0,0.0,0.0,0.0,0.0,2.2907396491466088,2.2907396491466088
flat,single,0,weighted_cka,0,722,2.250483477282983,300.0,0.6193922758102417,0.27619320154190063,0,2.250483477282983,2.250483477282983,1,0,off,0,0,0.0,0.0,0.0,0.0,0.0,0.0,0.0,0.0,0.0,2.250483477282983,2.250483477282983
flat,single,0,weighted_cka,0,723,2.280528438083273,300.0,0.6289511919021606,0.3262936770915985,0,2.280528438083273,2.280528438083273,1,0,off,0,0,0.0,0.0,0.0,0.0,0.0,0.0,0.0,0.0,0.0,2.280528438083273,2.280528438083273
flat,single,0,weighted_cka,0,724,2.314690157363958,300.0,0.6410719156265259,0.3905605971813202,0,2.314690157363958,2.314690157363958,1,0,off,0,0,0.0,0.0,0.0,0.0,0.0,0.0,0.0,0.0,0.0,2.314690157363958,2.314690157363958
flat,single,0,weighted_cka,0,725,1.7680342674576575,300.0,0.5679203271865845,0.18218308687210083,0,1.7680342674576575,1.7680342674576575,1,0,off,0,0,0.0,0.0,0.0,0.0,0.0,0.0,0.0,0.0,0.0,1.7680342674576575,1.7680342674576575
flat,single,0,weighted_cka,0,726,2.1208819666154213,300.0,0.588293731212616,0.1210610419511795,0,2.1208819666154213,2.1208819666154213,1,0,off,0,0,0.0,0.0,0.0,0.0,0.0,0.0,0.0,0.0,0.0,2.1208819666154213,2.1208819666154213
flat,single,0,weighted_cka,0,727,2.216680104045306,300.0,0.608662486076355,0.22367846965789795,0,2.216680104045306,2.216680104045306,1,0,off,0,0,0.0,0.0,0.0,0.0,0.0,0.0,0.0,0.0,0.0,2.216680104045306,2.216680104045306
flat,single,0,weighted_cka,0,728,1.1879698554230016,300.0,0.3939628601074219,0.096833735704422,0,1.1879698554230016,1.1879698554230016,1,0,off,0,0,0.0,0.0,0.0,0.0,0.0,0.0,0.0,0.0,0.0,1.1879698554230016,1.1879698554230016
flat,single,0,weighted_cka,0,729,2.2509517932540772,300.0,0.6181853413581848,0.270969957113266,0,2.2509517932540772,2.2509517932540772,1,0,off,0,0,0.0,0.0,0.0,0.0,0.0,0.0,0.0,0.0,0.0,2.2509517932540772,2.2509517932540772
flat,single,0,weighted_cka,0,730,1.4436512758982603,300.0,0.458282470703125,0.03384637087583542,0,1.4436512758982603,1.4436512758982603,1,0,off,0,0,0.0,0.0,0.0,0.0,0.0,0.0,0.0,0.0,0.0,1.4436512758982603,1.4436512758982603
flat,single,0,weighted_cka,0,731,2.237068086035917,300.0,0.618042528629303,0.27022749185562134,0,2.237068086035917,2.237068086035917,1,0,off,0,0,0.0,0.0,0.0,0.0,0.0,0.0,0.0,0.0,0.0,2.237068086035917,2.237068086035917
flat,single,0,weighted_cka,0,732,2.2197973864407423,300.0,0.6046413779258728,0.2053106129169464,0,2.2197973864407423,2.2197973864407423,1,0,off,0,0,0.0,0.0,0.0,0.0,0.0,0.0,0.0,0.0,0.0,2.2197973864407423,2.2197973864407423
flat,single,0,weighted_cka,0,733,2.162671028670923,300.0,0.6021959185600281,0.19772425293922424,0,2.162671028670923,2.162671028670923,1,0,off,0,0,0.0,0.0,0.0,0.0,0.0,0.0,0.0,0.0,0.0,2.162671028670923,2.162671028670923
flat,single,0,weighted_cka,0,734,2.2683426157483595,300.0,0.6303983926773071,0.3307726979255676,0,2.2683426157483595,2.2683426157483595,1,0,off,0,0,0.0,0.0,0.0,0.0,0.0,0.0,0.0,0.0,0.0,2.2683426157483595,2.2683426157483595
flat,single,0,weighted_cka,0,735,2.2282862126687055,300.0,0.6145793795585632,0.2532552480697632,0,2.2282862126687055,2.2282862126687055,1,0,off,0,0,0.0,0.0,0.0,0.0,0.0,0.0,0.0,0.0,0.0,2.2282862126687055,2.2282862126687055
flat,single,0,weighted_cka,0,736,2.1694640444076363,300.0,0.603541910648346,0.19772425293922424,0,2.1694640444076363,2.1694640444076363,1,0,off,0,0,0.0,0.0,0.0,0.0,0.0,0.0,0.0,0.0,0.0,2.1694640444076363,2.1694640444076363
flat,single,0,weighted_cka,0,737,2.2032510282803415,300.0,0.6054043173789978,0.21597935259342194,0,2.2032510282803415,2.2032510282803415,1,0,off,0,0,0.0,0.0,0.0,0.0,0.0,0.0,0.0,0.0,0.0,2.2032510282803415,2.2032510282803415
flat,single,0,weighted_cka,0,738,2.1428154508493122,300.0,0.5936115384101868,0.1500014066696167,0,2.1428154508493122,2.1428154508493122,1,0,off,0,0,0.0,0.0,0.0,0.0,0.0,0.0,0.0,0.0,0.0,2.1428154508493122,2.1428154508493122
flat,single,0,weighted_cka,0,739,2.113971942393352,300.0,0.5880737900733948,0.1210610419511795,0,2.113971942393352,2.113971942393352,1,0,off,0,0,0.0,0.0,0.0,0.0,0.0,0.0,0.0,0.0,0.0,2.113971942393352,2.113971942393352
flat,single,0,weighted_cka,0,740,2.313235814998073,300.0,0.6467186212539673,0.41954484581947327,0,2.313235814998073,2.313235814998073,1,0,off,0,0,0.0,0.0,0.0,0.0,0.0,0.0,0.0,0.0,0.0,2.313235814998073,2.313235814998073
flat,single,0,weighted_cka,0,741,2.2851248537278686,300.0,0.6290571689605713,0.33207157254219055,0,2.2851248537278686,2.2851248537278686,1,0,off,0,0,0.0,0.0,0.0,0.0,0.0,0.0,0.0,0.0,0.0,2.2851248537278686,2.2851248537278686
flat,single,0,weighted_cka,0,742,2.297458010019298,300.0,0.6405390501022339,0.3827308714389801,0,2.297458010019298,2.297458010019298,1,0,off,0,0,0.0,0.0,0.0,0.0,0.0,0.0,0.0,0.0,0.0,2.297458010019298,2.297458010019298
flat,single,0,weighted_cka,0,743,2.1521758519333343,300.0,0.5928203463554382,0.1500014066696167,0,2.1521758519333343,2.1521758519333343,1,0,off,0,0,0.0,0.0,0.0,0.0,0.0,0.0,0.0,0.0,0.0,2.1521758519333343,2.1521758519333343
flat,single,0,weighted_cka,0,744,2.1690876105432366,300.0,0.5958499908447266,0.16256944835186005,0,2.1690876105432366,2.1690876105432366,1,0,off,0,0,0.0,0.0,0.0,0.0,0.0,0.0,0.0,0.0,0.0,2.1690876105432366,2.1690876105432366
flat,single,0,weighted_cka,0,745,2.1596935917539843,300.0,0.597990870475769,0.16990940272808075,0,2.1596935917539843,2.1596935917539843,1,0,off,0,0,0.0,0.0,0.0,0.0,0.0,0.0,0.0,0.0,0.0,2.1596935917539843,2.1596935917539843
flat,single,0,weighted_cka,0,746,2.262505941473499,300.0,0.6250630617141724,0.304380863904953,0,2.262505941473499,2.262505941473499,1,0,off,0,0,0.0,0.0,0.0,0.0,0.0,0.0,0.0,0.0,0.0,2.262505941473499,2.262505941473499
flat,single,0,weighted_cka,0,747,2.118229620816404,300.0,0.5882044434547424,0.12107909470796585,0,2.118229620816404,2.118229620816404,1,0,off,0,0,0.0,0.0,0.0,0.0,0.0,0.0,0.0,0.0,0.0,2.118229620816404,2.118229620816404
flat,single,0,weighted_cka,0,748,2.2490937304384886,300.0,0.6214948296546936,0.2874925136566162,0,2.2490937304384886,2.2490937304384886,1,0,off,0,0,0.0,0.0,0.0,0.0,0.0,0.0,0.0,0.0,0.0,2.2490937304384886,2.2490937304384886
flat,single,0,weighted_cka,0,749,2.1326470866790785,300.0,0.5913559794425964,0.1416468620300293,0,2.1326470866790785,2.1326470866790785,1,0,off,0,0,0.0,0.0,0.0,0.0,0.0,0.0,0.0,0.0,0.0,2.1326470866790785,2.1326470866790785
flat,single,0,weighted_cka,0,750,1.876141163627557,300.0,0.6152186393737793,0.3102877140045166,0,1.876141163627557,1.876141163627557,1,0,off,0,0,0.0,0.0,0.0,0.0,0.0,0.0,0.0,0.0,0.0,1.876141163627557,1.876141163627557
flat,single,0,weighted_cka,0,751,2.139924837142722,300.0,0.5917311310768127,0.14248542487621307,0,2.139924837142722,2.139924837142722,1,0,off,0,0,0.0,0.0,0.0,0.0,0.0,0.0,0.0,0.0,0.0,2.139924837142722,2.139924837142722
flat,single,0,weighted_cka,0,752,2.3077157752517437,300.0,0.637715220451355,0.3709167242050171,0,2.3077157752517437,2.3077157752517437,1,0,off,0,0,0.0,0.0,0.0,0.0,0.0,0.0,0.0,0.0,0.0,2.3077157752517437,2.3077157752517437
flat,single,0,weighted_cka,0,753,2.1253728859282823,300.0,0.5874773263931274,0.1210610419511795,0,2.1253728859282823,2.1253728859282823,1,0,off,0,0,0.0,0.0,0.0,0.0,0.0,0.0,0.0,0.0,0.0,2.1253728859282823,2.1253728859282823
flat,single,0,weighted_cka,0,754,2.2475649228340515,300.0,0.6171153783798218,0.27022749185562134,0,2.2475649228340515,2.2475649228340515,1,0,off,0,0,0.0,0.0,0.0,0.0,0.0,0.0,0.0,0.0,0.0,2.2475649228340515,2.2475649228340515
flat,single,0,weighted_cka,0,755,2.1392875459308858,300.0,0.5898746848106384,0.12961596250534058,0,2.1392875459308858,2.1392875459308858,1,0,off,0,0,0.0,0.0,0.0,0.0,0.0,0.0,0.0,0.0,0.0,2.1392875459308858,2.1392875459308858
flat,single,0,weighted_cka,0,756,0.9259994065447232,300.0,0.3379528820514679,0.04619981348514557,0,0.9259994065447232,0.9259994065447232,1,0,off,0,0,0.0,0.0,0.0,0.0,0.0,0.0,0.0,0.0,0.0,0.9259994065447232,0.9259994065447232
flat,single,0,weighted_cka,0,757,2.292090917837317,300.0,0.6235185861587524,0.3019019365310669,0,2.292090917837317,2.292090917837317,1,0,off,0,0,0.0,0.0,0.0,0.0,0.0,0.0,0.0,0.0,0.0,2.292090917837317,2.292090917837317
flat,single,0,weighted_cka,0,758,2.154665297604332,300.0,0.5945504903793335,0.1500014066696167,0,2.154665297604332,2.154665297604332,1,0,off,0,0,0.0,0.0,0.0,0.0,0.0,0.0,0.0,0.0,0.0,2.154665297604332,2.154665297604332
flat,single,0,weighted_cka,0,759,2.2573679980886467,300.0,0.6232346296310425,0.30050894618034363,0,2.2573679980886467,2.2573679980886467,1,0,off,0,0,0.0,0.0,0.0,0.0,0.0,0.0,0.0,0.0,0.0,2.2573679980886467,2.2573679980886467
flat,single,0,weighted_cka,0,760,2.2649373298946998,300.0,0.6292856931686401,0.3264356255531311,0,2.2649373298946998,2.2649373298946998,1,0,off,0,0,0.0,0.0,0.0,0.0,0.0,0.0,0.0,0.0,0.0,2.2649373298946998,2.2649373298946998
flat,single,0,weighted_cka,0,761,2.228363742101614,300.0,0.6159355640411377,0.2638067901134491,0,2.228363742101614,2.228363742101614,1,0,off,0,0,0.0,0.0,0.0,0.0,0.0,0.0,0.0,0.0,0.0,2.228363742101614,2.228363742101614
flat,single,0,weighted_cka,0,762,2.158217111103095,300.0,0.5939392447471619,0.15083180367946625,0,2.158217111103095,2.158217111103095,1,0,off,0,0,0.0,0.0,0.0,0.0,0.0,0.0,0.0,0.0,0.0,2.158217111103095,2.158217111103095
flat,single,0,weighted_cka,0,763,2.147808320933172,300.0,0.5924898982048035,0.14248542487621307,0,2.147808320933172,2.147808320933172,1,0,off,0,0,0.0,0.0,0.0,0.0,0.0,0.0,0.0,0.0,0.0,2.147808320933172,2.147808320933172
flat,single,0,weighted_cka,0,764,2.1439796253865993,300.0,0.594646155834198,0.1500014066696167,0,2.1439796253865993,2.1439796253865993,1,0,off,0,0,0.0,0.0,0.0,0.0,0.0,0.0,0.0,0.0,0.0,2.1439796253865993,2.1439796253865993
flat,single,0,weighted_cka,0,765,2.2355009660372147,300.0,0.6102837324142456,0.2348647117614746,0,2.2355009660372147,2.2355009660372147,1,0,off,0,0,0.0,0.0,0.0,0.0,0.0,0.0,0.0,0.0,0.0,2.2355009660372147,2.2355009660372147
flat,single,0,weighted_cka,0,766,2.26046318526236,300.0,0.6215468645095825,0.28751084208488464,0,2.26046318526236,2.26046318526236,1,0,off,0,0,0.0,0.0,0.0,0.0,0.0,0.0,0.0,0.0,0.0,2.26046318526236,2.26046318526236
flat,single,0,weighted_cka,0,767,2.2119810542849994,300.0,0.6085016131401062,0.22468137741088867,0,2.2119810542849994,2.2119810542849994,1,0,off,0,0,0.0,0.0,0.0,0.0,0.0,0.0,0.0,0.0,0.0,2.2119810542849994,2.2119810542849994
flat,single,0,weighted_cka,0,768,2.1525345132301013,300.0,0.5924898982048035,0.14248542487621307,0,2.1525345132301013,2.1525345132301013,1,0,off,0,0,0.0,0.0,0.0,0.0,0.0,0.0,0.0,0.0,0.0,2.1525345132301013,2.1525345132301013
flat,single,0,weighted_cka,0,769,2.1074274552764267,300.0,0.5882430076599121,0.1210610419511795,0,2.1074274552764267,2.1074274552764267,1,0,off,0,0,0.0,0.0,0.0,0.0,0.0,0.0,0.0,0.0,0.0,2.1074274552764267,2.1074274552764267
flat,single,0,weighted_cka,0,770,2.185599046074387,300.0,0.6073417067527771,0.21651452779769897,0,2.185599046074387,2.185599046074387,1,0,off,0,0,0.0,0.0,0.0,0.0,0.0,0.0,0.0,0.0,0.0,2.185599046074387,2.185599046074387
flat,single,0,weighted_cka,0,771,2.273420950970859,300.0,0.6269358396530151,0.3189913034439087,0,2.273420950970859,2.273420950970859,1,0,off,0,0,0.0,0.0,0.0,0.0,0.0,0.0,0.0,0.0,0.0,2.273420950970859,2.273420950970859
flat,single,0,weighted_cka,0,772,2.1916536360928154,300.0,0.5996520519256592,0.17824798822402954,0,2.1916536360928154,2.1916536360928154,1,0,off,0,0,0.0,0.0,0.0,0.0,0.0,0.0,0.0,0.0,0.0,2.1916536360928154,2.1916536360928154
flat,single,0,weighted_cka,0,773,2.285985362157952,300.0,0.6340567469596863,0.35620102286338806,0,2.285985362157952,2.285985362157952,1,0,off,0,0,0.0,0.0,0.0,0.0,0.0,0.0,0.0,0.0,0.0,2.285985362157952,2.285985362157952
flat,single,0,weighted_cka,0,774,2.272075590893472,300.0,0.6202923059463501,0.2841031551361084,0,2.272075590893472,2.272075590893472,1,0,off,0,0,0.0,0.0,0.0,0.0,0.0,0.0,0.0,0.0,0.0,2.272075590893472,2.272075590893472
flat,single,0,weighted_cka,0,775,2.3187022346959267,300.0,0.6500629186630249,0.42934533953666687,0,2.3187022346959267,2.3187022346959267,1,0,off,0,0,0.0,0.0,0.0,0.0,0.0,0.0,0.0,0.0,0.0,2.3187022346959267,2.3187022346959267
flat,single,0,weighted_cka,0,776,2.303444200496294,300.0,0.6399644613265991,0.37997370958328247,0,2.303444200496294,2.303444200496294,1,0,off,0,0,0.0,0.0,0.0,0.0,0.0,0.0,0.0,0.0,0.0,2.303444200496294,2.303444200496294
flat,single,0,weighted_cka,0,777,2.3274852307871683,300.0,0.6444886922836304,0.40192294120788574,0,2.3274852307871683,2.3274852307871683,1,0,off,0,0,0.0,0.0,0.0,0.0,0.0,0.0,0.0,0.0,0.0,2.3274852307871683,2.3274852307871683
flat,single,0,weighted_cka,0,778,2.2521891543318127,300.0,0.6155973672866821,0.25860050320625305,0,2.2521891543318127,2.2521891543318127,1,0,off,0,0,0.0,0.0,0.0,0.0,0.0,0.0,0.0,0.0,0.0,2.2521891543318127,2.2521891543318127
flat,single,0,weighted_cka,0,779,2.238589646401053,300.0,0.6155202984809875,0.26386359333992004,0,2.238589646401053,2.238589646401053,1,0,off,0,0,0.0,0.0,0.0,0.0,0.0,0.0,0.0,0.0,0.0,2.238589646401053,2.238589646401053
flat,single,0,weighted_cka,0,780,2.153133326033707,300.0,0.5934483408927917,0.15083180367946625,0,2.153133326033707,2.153133326033707,1,0,off,0,0,0.0,0.0,0.0,0.0,0.0,0.0,0.0,0.0,0.0,2.153133326033707,2.153133326033707
flat,single,0,weighted_cka,0,781,2.2558055498506846,300.0,0.619345486164093,0.2832014262676239,0,2.2558055498506846,2.2558055498506846,1,0,off,0,0,0.0,0.0,0.0,0.0,0.0,0.0,0.0,0.0,0.0,2.2558055498506846,2.2558055498506846
flat,single,0,weighted_cka,0,782,2.322002198614335,300.0,0.6498078107833862,0.42828336358070374,0,2.322002198614335,2.322002198614335,1,0,off,0,0,0.0,0.0,0.0,0.0,0.0,0.0,0.0,0.0,0.0,2.322002198614335,2.322002198614335
flat,single,0,weighted_cka,0,783,2.274830946555447,300.0,0.6319695711135864,0.3430287837982178,0,2.274830946555447,2.274830946555447,1,0,off,0,0,0.0,0.0,0.0,0.0,0.0,0.0,0.0,0.0,0.0,2.274830946555447,2.274830946555447
flat,single,0,weighted_cka,0,784,2.13279821520209,300.0,0.5921685695648193,0.14248542487621307,0,2.13279821520209,2.13279821520209,1,0,off,0,0,0.0,0.0,0.0,0.0,0.0,0.0,0.0,0.0,0.0,2.13279821520209,2.13279821520209
flat,single,0,weighted_cka,0,785,2.2405360226782918,300.0,0.617300808429718,0.2708081305027008,0,2.2405360226782918,2.2405360226782918,1,0,off,0,0,0.0,0.0,0.0,0.0,0.0,0.0,0.0,0.0,0.0,2.2405360226782918,2.2405360226782918
flat,single,0,weighted_cka,0,786,2.1710686403020176,300.0,0.5992940664291382,0.18140016496181488,0,2.1710686403020176,2.1710686403020176,1,0,off,0,0,0.0,0.0,0.0,0.0,0.0,0.0,0.0,0.0,0.0,2.1710686403020176,2.1710686403020176
flat,single,0,weighted_cka,0,787,2.3366856998794887,300.0,0.6519653797149658,0.44247087836265564,0,2.3366856998794887,2.3366856998794887,1,0,off,0,0,0.0,0.0,0.0,0.0,0.0,0.0,0.0,0.0,0.0,2.3366856998794887,2.3366856998794887
flat,single,0,weighted_cka,0,788,2.1558052664104776,300.0,0.5907620787620544,0.1416468620300293,0,2.1558052664104776,2.1558052664104776,1,0,off,0,0,0.0,0.0,0.0,0.0,0.0,0.0,0.0,0.0,0.0,2.1558052664104776,2.1558052664104776
flat,single,0,weighted_cka,0,789,2.1030170343757604,300.0,0.5879644751548767,0.1210610419511795,0,2.1030170343757604,2.1030170343757604,1,0,off,0,0,0.0,0.0,0.0,0.0,0.0,0.0,0.0,0.0,0.0,2.1030170343757604,2.1030170343757604
flat,single,0,weighted_cka,0,790,2.1917393306224415,300.0,0.6025168299674988,0.19740945100784302,0,2.1917393306224415,2.1917393306224415,1,0,off,0,0,0.0,0.0,0.0,0.0,0.0,0.0,0.0,0.0,0.0,2.1917393306224415,2.1917393306224415
flat,single,0,weighted_cka,0,791,2.2525025213784815,300.0,0.6120090484619141,0.2519260048866272,0,2.2525025213784815,2.2525025213784815,1,0,off,0,0,0.0,0.0,0.0,0.0,0.0,0.0,0.0,0.0,0.0,2.2525025213784815,2.2525025213784815
flat,single,0,weighted_cka,0,792,2.2780986351133308,300.0,0.6298028230667114,0.33002087473869324,0,2.2780986351133308,2.2780986351133308,1,0,off,0,0,0.0,0.0,0.0,0.0,0.0,0.0,0.0,0.0,0.0,2.2780986351133308,2.2780986351133308
flat,single,0,weighted_cka,0,793,2.125522149410008,300.0,0.5876007080078125,0.1210610419511795,0,2.125522149410008,2.125522149410008,1,0,off,0,0,0.0,0.0,0.0,0.0,0.0,0.0,0.0,0.0,0.0,2.125522149410008,2.125522149410008
flat,single,0,weighted_cka,0,794,2.119589822177282,300.0,0.5865345597267151,0.1210610419511795,0,2.119589822177282,2.119589822177282,1,0,off,0,0,0.0,0.0,0.0,0.0,0.0,0.0,0.0,0.0,0.0,2.119589822177282,2.119589822177282
flat,single,0,weighted_cka,0,795,2.3095117562495844,300.0,0.640953540802002,0.3883962333202362,0,2.3095117562495844,2.3095117562495844,1,0,off,0,0,0.0,0.0,0.0,0.0,0.0,0.0,0.0,0.0,0.0,2.3095117562495844,2.3095117562495844
flat,single,0,weighted_cka,0,796,1.3306007775682214,300.0,0.4525411128997803,0.00612086895853281,0,1.3306007775682214,1.3306007775682214,1,0,off,0,0,0.0,0.0,0.0,0.0,0.0,0.0,0.0,0.0,0.0,1.3306007775682214,1.3306007775682214
flat,single,0,weighted_cka,0,797,1.8386154175526812,300.0,0.5664745569229126,0.01723727397620678,0,1.8386154175526812,1.8386154175526812,1,0,off,0,0,0.0,0.0,0.0,0.0,0.0,0.0,0.0,0.0,0.0,1.8386154175526812,1.8386154175526812
flat,single,0,weighted_cka,0,798,2.28680057874535,300.0,0.6372661590576172,0.36887750029563904,0,2.28680057874535,2.28680057874535,1,0,off,0,0,0.0,0.0,0.0,0.0,0.0,0.0,0.0,0.0,0.0,2.28680057874535,2.28680057874535
flat,single,0,weighted_cka,0,799,2.1668409009816116,300.0,0.6026012897491455,0.19277271628379822,0,2.1668409009816116,2.1668409009816116,1,0,off,0,0,0.0,0.0,0.0,0.0,0.0,0.0,0.0,0.0,0.0,2.1668409009816116,2.1668409009816116
flat,single,0,weighted_cka,0,800,2.2962088884745677,300.0,0.6357613205909729,0.35982581973075867,0,2.2962088884745677,2.2962088884745677,1,0,off,0,0,0.0,0.0,0.0,0.0,0.0,0.0,0.0,0.0,0.0,2.2962088884745677,2.2962088884745677
flat,single,0,weighted_cka,0,801,2.2756694465589575,300.0,0.6269748210906982,0.31855231523513794,0,2.2756694465589575,2.2756694465589575,1,0,off,0,0,0.0,0.0,0.0,0.0,0.0,0.0,0.0,0.0,0.0,2.2756694465589575,2.2756694465589575
flat,single,0,weighted_cka,0,802,2.116787592847505,300.0,0.5882050395011902,0.1210610419511795,0,2.116787592847505,2.116787592847505,1,0,off,0,0,0.0,0.0,0.0,0.0,0.0,0.0,0.0,0.0,0.0,2.116787592847505,2.116787592847505
flat,single,0,weighted_cka,0,803,2.215716255937103,300.0,0.6026707887649536,0.19772425293922424,0,2.215716255937103,2.215716255937103,1,0,off,0,0,0.0,0.0,0.0,0.0,0.0,0.0,0.0,0.0,0.0,2.215716255937103,2.215716255937103
flat,single,0,weighted_cka,0,804,2.174587451087631,300.0,0.5959292650222778,0.16338758170604706,0,2.174587451087631,2.174587451087631,1,0,off,0,0,0.0,0.0,0.0,0.0,0.0,0.0,0.0,0.0,0.0,2.174587451087631,2.174587451087631
flat,single,0,weighted_cka,0,805,1.7646970572917766,300.0,0.56432044506073,0.0013788666110485792,0,1.7646970572917766,1.7646970572917766,1,0,off,0,0,0.0,0.0,0.0,0.0,0.0,0.0,0.0,0.0,0.0,1.7646970572917766,1.7646970572917766
flat,single,0,weighted_cka,0,806,2.353800128430315,300.0,0.6402311325073242,0.3816555440425873,0,2.353800128430315,2.353800128430315,1,0,off,0,0,0.0,0.0,0.0,0.0,0.0,0.0,0.0,0.0,0.0,2.353800128430315,2.353800128430315
flat,single,0,weighted_cka,0,807,2.17551655138805,300.0,0.5999416708946228,0.18218308687210083,0,2.17551655138805,2.17551655138805,1,0,off,0,0,0.0,0.0,0.0,0.0,0.0,0.0,0.0,0.0,0.0,2.17551655138805,2.17551655138805
flat,single,0,weighted_cka,0,808,2.2776500840700677,300.0,0.6247515678405762,0.3037129044532776,0,2.2776500840700677,2.2776500840700677,1,0,off,0,0,0.0,0.0,0.0,0.0,0.0,0.0,0.0,0.0,0.0,2.2776500840700677,2.2776500840700677
flat,single,0,weighted_cka,0,809,2.3214507845258474,300.0,0.6429618000984192,0.39935237169265747,0,2.3214507845258474,2.3214507845258474,1,0,off,0,0,0.0,0.0,0.0,0.0,0.0,0.0,0.0,0.0,0.0,2.3214507845258474,2.3214507845258474
flat,single,0,weighted_cka,0,810,2.2813045022067726,300.0,0.6319851875305176,0.34094128012657166,0,2.2813045022067726,2.2813045022067726,1,0,off,0,0,0.0,0.0,0.0,0.0,0.0,0.0,0.0,0.0,0.0,2.2813045022067726,2.2813045022067726
flat,single,0,weighted_cka,0,811,2.2541858568821667,300.0,0.6203218102455139,0.2880922257900238,0,2.2541858568821667,2.2541858568821667,1,0,off,0,0,0.0,0.0,0.0,0.0,0.0,0.0,0.0,0.0,0.0,2.2541858568821667,2.2541858568821667
flat,single,0,weighted_cka,0,812,2.244468082573391,300.0,0.6181753277778625,0.2710319459438324,0,2.244468082573391,2.244468082573391,1,0,off,0,0,0.0,0.0,0.0,0.0,0.0,0.0,0.0,0.0,0.0,2.244468082573391,2.244468082573391
flat,single,0,weighted_cka,0,813,2.350136920843326,300.0,0.652768611907959,0.45169079303741455,0,2.350136920843326,2.350136920843326,1,0,off,0,0,0.0,0.0,0.0,0.0,0.0,0.0,0.0,0.0,0.0,2.350136920843326,2.350136920843326
flat,single,0,weighted_cka,0,814,2.0254070731333798,300.0,0.585922122001648,0.11228122562170029,0,2.0254070731333798,2.0254070731333798,1,0,off,0,0,0.0,0.0,0.0,0.0,0.0,0.0,0.0,0.0,0.0,2.0254070731333798,2.0254070731333798
flat,single,0,weighted_cka,0,815,2.274348802244212,300.0,0.6165163516998291,0.27019384503364563,0,2.274348802244212,2.274348802244212,1,0,off,0,0,0.0,0.0,0.0,0.0,0.0,0.0,0.0,0.0,0.0,2.274348802244212,2.274348802244212
flat,single,0,weighted_cka,0,816,1.305147697964872,300.0,0.45281919836997986,0.004694497212767601,0,1.305147697964872,1.305147697964872,1,0,off,0,0,0.0,0.0,0.0,0.0,0.0,0.0,0.0,0.0,0.0,1.305147697964872,1.305147697964872
flat,single,0,weighted_cka,0,817,2.1887904270096525,300.0,0.5956011414527893,0.16175052523612976,0,2.1887904270096525,2.1887904270096525,1,0,off,0,0,0.0,0.0,0.0,0.0,0.0,0.0,0.0,0.0,0.0,2.1887904270096525,2.1887904270096525
flat,single,0,weighted_cka,0,818,2.249863459476657,300.0,0.6193774342536926,0.28255683183670044,0,2.249863459476657,2.249863459476657,1,0,off,0,0,0.0,0.0,0.0,0.0,0.0,0.0,0.0,0.0,0.0,2.249863459476657,2.249863459476657
flat,single,0,weighted_cka,0,819,2.087391950344329,300.0,0.5963452458381653,0.15910008549690247,0,2.087391950344329,2.087391950344329,1,0,off,0,0,0.0,0.0,0.0,0.0,0.0,0.0,0.0,0.0,0.0,2.087391950344329,2.087391950344329
flat,single,0,weighted_cka,0,820,1.9781239083255278,300.0,0.5766474008560181,0.06808819621801376,0,1.9781239083255278,1.9781239083255278,1,0,off,0,0,0.0,0.0,0.0,0.0,0.0,0.0,0.0,0.0,0.0,1.9781239083255278,1.9781239083255278
flat,single,0,weighted_cka,0,821,1.959733396481787,300.0,0.572296679019928,0.050812385976314545,0,1.959733396481787,1.959733396481787,1,0,off,0,0,0.0,0.0,0.0,0.0,0.0,0.0,0.0,0.0,0.0,1.959733396481787,1.959733396481787
flat,single,0,weighted_cka,0,822,1.7889977011913274,300.0,0.5660657286643982,0.01036446075886488,0,1.7889977011913274,1.7889977011913274,1,0,off,0,0,0.0,0.0,0.0,0.0,0.0,0.0,0.0,0.0,0.0,1.7889977011913274,1.7889977011913274
flat,single,0,weighted_cka,0,823,1.7612751956097767,300.0,0.5641998648643494,0.0018314289627596736,0,1.7612751956097767,1.7612751956097767,1,0,off,0,0,0.0,0.0,0.0,0.0,0.0,0.0,0.0,0.0,0.0,1.7612751956097767,1.7612751956097767
flat,single,0,weighted_cka,0,824,2.222204134137449,300.0,0.6085594296455383,0.2239180952310562,0,2.222204134137449,2.222204134137449,1,0,off,0,0,0.0,0.0,0.0,0.0,0.0,0.0,0.0,0.0,0.0,2.222204134137449,2.222204134137449
flat,single,0,weighted_cka,0,825,2.203022695369718,300.0,0.6062644720077515,0.21676136553287506,0,2.203022695369718,2.203022695369718,1,0,off,0,0,0.0,0.0,0.0,0.0,0.0,0.0,0.0,0.0,0.0,2.203022695369718,2.203022695369718
flat,single,0,weighted_cka,0,826,2.1836154554874634,300.0,0.5996423959732056,0.17824798822402954,0,2.1836154554874634,2.1836154554874634,1,0,off,0,0,0.0,0.0,0.0,0.0,0.0,0.0,0.0,0.0,0.0,2.1836154554874634,2.1836154554874634
flat,single,0,weighted_cka,0,827,1.80466560471816,300.0,0.5638984441757202,0.004823768977075815,0,1.80466560471816,1.80466560471816,1,0,off,0,0,0.0,0.0,0.0,0.0,0.0,0.0,0.0,0.0,0.0,1.80466560471816,1.80466560471816
flat,single,0,weighted_cka,0,828,1.8440324960627308,300.0,0.5696781277656555,0.030252324417233467,0,1.8440324960627308,1.8440324960627308,1,0,off,0,0,0.0,0.0,0.0,0.0,0.0,0.0,0.0,0.0,0.0,1.8440324960627308,1.8440324960627308
flat,single,0,weighted_cka,0,829,1.620160233291553,300.0,0.5795279145240784,0.10000000149011612,0,1.620160233291553,1.620160233291553,1,0,off,0,0,0.0,0.0,0.0,0.0,0.0,0.0,0.0,0.0,0.0,1.620160233291553,1.620160233291553
flat,single,0,weighted_cka,0,830,1.7664003159792614,300.0,0.5630415081977844,0.004607084207236767,0,1.7664003159792614,1.7664003159792614,1,0,off,0,0,0.0,0.0,0.0,0.0,0.0,0.0,0.0,0.0,0.0,1.7664003159792614,1.7664003159792614
flat,single,0,weighted_cka,0,831,2.189183216469157,300.0,0.60295569896698,0.19772425293922424,0,2.189183216469157,2.189183216469157,1,0,off,0,0,0.0,0.0,0.0,0.0,0.0,0.0,0.0,0.0,0.0,2.189183216469157,2.189183216469157
flat,single,0,weighted_cka,0,832,1.7859631876839543,300.0,0.5649394989013672,0.010003061965107918,0,1.7859631876839543,1.7859631876839543,1,0,off,0,0,0.0,0.0,0.0,0.0,0.0,0.0,0.0,0.0,0.0,1.7859631876839543,1.7859631876839543
flat,single,0,weighted_cka,0,833,0.8431343401139255,300.0,0.3947184383869171,0.0019461287884041667,0,0.8431343401139255,0.8431343401139255,1,0,off,0,0,0.0,0.0,0.0,0.0,0.0,0.0,0.0,0.0,0.0,0.8431343401139255,0.8431343401139255
flat,single,0,weighted_cka,0,834,2.1019852769135454,300.0,0.5868344902992249,0.11860767006874084,0,2.1019852769135454,2.1019852769135454,1,0,off,0,0,0.0,0.0,0.0,0.0,0.0,0.0,0.0,0.0,0.0,2.1019852769135454,2.1019852769135454
flat,single,0,weighted_cka,0,835,1.7717029865165372,300.0,0.5637386441230774,0.0018236682517454028,0,1.7717029865165372,1.7717029865165372,1,0,off,0,0,0.0,0.0,0.0,0.0,0.0,0.0,0.0,0.0,0.0,1.7717029865165372,1.7717029865165372
flat,single,0,weighted_cka,0,836,1.586839427680387,300.0,0.46866828203201294,0.10374147444963455,0,1.586839427680387,1.586839427680387,1,0,off,0,0,0.0,0.0,0.0,0.0,0.0,0.0,0.0,0.0,0.0,1.586839427680387,1.586839427680387
flat,single,0,weighted_cka,0,837,1.3815537777695526,300.0,0.5539093017578125,0.0030661006458103657,0,1.3815537777695526,1.3815537777695526,1,0,off,0,0,0.0,0.0,0.0,0.0,0.0,0.0,0.0,0.0,0.0,1.3815537777695526,1.3815537777695526
flat,single,0,weighted_cka,0,838,2.13199504526019,300.0,0.5902000069618225,0.13106390833854675,0,2.13199504526019,2.13199504526019,1,0,off,0,0,0.0,0.0,0.0,0.0,0.0,0.0,0.0,0.0,0.0,2.13199504526019,2.13199504526019
flat,single,0,weighted_cka,0,839,1.7589078466152372,300.0,0.5634862780570984,0.002753349719569087,0,1.7589078466152372,1.7589078466152372,1,0,off,0,0,0.0,0.0,0.0,0.0,0.0,0.0,0.0,0.0,0.0,1.7589078466152372,1.7589078466152372
flat,single,0,weighted_cka,0,840,1.8822025390858457,300.0,0.5706602931022644,0.03628261759877205,0,1.8822025390858457,1.8822025390858457,1,0,off,0,0,0.0,0.0,0.0,0.0,0.0,0.0,0.0,0.0,0.0,1.8822025390858457,1.8822025390858457
flat,single,0,weighted_cka,0,841,1.8992110490911713,300.0,0.5702179074287415,0.04032256081700325,0,1.8992110490911713,1.8992110490911713,1,0,off,0,0,0.0,0.0,0.0,0.0,0.0,0.0,0.0,0.0,0.0,1.8992110490911713,1.8992110490911713
flat,single,0,weighted_cka,0,842,0.9234981469498154,300.0,0.47047239542007446,0.0007198565872386098,0,0.9234981469498154,0.9234981469498154,1,0,off,0,0,0.0,0.0,0.0,0.0,0.0,0.0,0.0,0.0,0.0,0.9234981469498154,0.9234981469498154
flat,single,0,weighted_cka,0,843,-0.3195746932462508,300.0,0.09475411474704742,0.0001613008207641542,0,-0.3195746932462508,-0.3195746932462508,1,0,off,0,0,0.0,0.0,0.0,0.0,0.0,0.0,0.0,0.0,0.0,-0.3195746932462508,-0.3195746932462508
flat,single,0,weighted_cka,0,844,1.804279464273712,300.0,0.5634447932243347,0.0030661006458103657,0,1.804279464273712,1.804279464273712,1,0,off,0,0,0.0,0.0,0.0,0.0,0.0,0.0,0.0,0.0,0.0,1.804279464273712,1.804279464273712
flat,single,0,weighted_cka,0,845,0.9344189267008902,300.0,0.43666887283325195,0.010898307897150517,0,0.9344189267008902,0.9344189267008902,1,0,off,0,0,0.0,0.0,0.0,0.0,0.0,0.0,0.0,0.0,0.0,0.9344189267008902,0.9344189267008902
flat,single,0,weighted_cka,0,846,1.7444835304544526,300.0,0.5638973712921143,0.001961404224857688,0,1.7444835304544526,1.7444835304544526,1,0,off,0,0,0.0,0.0,0.0,0.0,0.0,0.0,0.0,0.0,0.0,1.7444835304544526,1.7444835304544526
flat,single,0,weighted_cka,0,847,2.235617588178137,300.0,0.6106532216072083,0.23802392184734344,0,2.235617588178137,2.235617588178137,1,0,off,0,0,0.0,0.0,0.0,0.0,0.0,0.0,0.0,0.0,0.0,2.235617588178137,2.235617588178137
flat,single,0,weighted_cka,0,848,2.3473310005089374,300.0,0.6438392400741577,0.40549033880233765,0,2.3473310005089374,2.3473310005089374,1,0,off,0,0,0.0,0.0,0.0,0.0,0.0,0.0,0.0,0.0,0.0,2.3473310005089374,2.3473310005089374
flat,single,0,weighted_cka,0,849,1.81727919882253,300.0,0.5671154856681824,0.021964628249406815,0,1.81727919882253,1.81727919882253,1,0,off,0,0,0.0,0.0,0.0,0.0,0.0,0.0,0.0,0.0,0.0,1.81727919882253,1.81727919882253
flat,single,0,weighted_cka,0,850,1.8861294019347365,300.0,0.5714536905288696,0.037467461079359055,0,1.8861294019347365,1.8861294019347365,1,0,off,0,0,0.0,0.0,0.0,0.0,0.0,0.0,0.0,0.0,0.0,1.8861294019347365,1.8861294019347365
flat,single,0,weighted_cka,0,851,1.7742493426761925,300.0,0.563834011554718,0.0029516348149627447,0,1.7742493426761925,1.7742493426761925,1,0,off,0,0,0.0,0.0,0.0,0.0,0.0,0.0,0.0,0.0,0.0,1.7742493426761925,1.7742493426761925
flat,single,0,weighted_cka,0,852,1.7514803972711874,300.0,0.563633918762207,0.0027646077796816826,0,1.7514803972711874,1.7514803972711874,1,0,off,0,0,0.0,0.0,0.0,0.0,0.0,0.0,0.0,0.0,0.0,1.7514803972711874,1.7514803972711874
flat,single,0,weighted_cka,0,853,1.8567426253248955,300.0,0.568583607673645,0.02580169588327408,0,1.8567426253248955,1.8567426253248955,1,0,off,0,0,0.0,0.0,0.0,0.0,0.0,0.0,0.0,0.0,0.0,1.8567426253248955,1.8567426253248955
flat,single,0,weighted_cka,0,854,1.7411267825259515,300.0,0.5767400860786438,0.1500014066696167,0,1.7411267825259515,1.7411267825259515,1,0,off,0,0,0.0,0.0,0.0,0.0,0.0,0.0,0.0,0.0,0.0,1.7411267825259515,1.7411267825259515
flat,single,0,weighted_cka,0,855,1.3540610651559608,300.0,0.44611239433288574,0.01997675560414791,0,1.3540610651559608,1.3540610651559608,1,0,off,0,0,0.0,0.0,0.0,0.0,0.0,0.0,0.0,0.0,0.0,1.3540610651559608,1.3540610651559608
flat,single,0,weighted_cka,0,856,2.243776683794657,300.0,0.62395179271698,0.30494850873947144,0,2.243776683794657,2.243776683794657,1,0,off,0,0,0.0,0.0,0.0,0.0,0.0,0.0,0.0,0.0,0.0,2.243776683794657,2.243776683794657
flat,single,0,weighted_cka,0,857,1.8470265841390514,300.0,0.5683327913284302,0.029962018132209778,0,1.8470265841390514,1.8470265841390514,1,0,off,0,0,0.0,0.0,0.0,0.0,0.0,0.0,0.0,0.0,0.0,1.8470265841390514,1.8470265841390514
flat,single,0,weighted_cka,0,858,1.8150141889495632,300.0,0.5656777024269104,0.01707569509744644,0,1.8150141889495632,1.8150141889495632,1,0,off,0,0,0.0,0.0,0.0,0.0,0.0,0.0,0.0,0.0,0.0,1.8150141889495632,1.8150141889495632
flat,single,0,weighted_cka,0,859,1.8077222252099077,300.0,0.5650404691696167,0.005238130688667297,0,1.8077222252099077,1.8077222252099077,1,0,off,0,0,0.0,0.0,0.0,0.0,0.0,0.0,0.0,0.0,0.0,1.8077222252099077,1.8077222252099077
flat,single,0,weighted_cka,0,860,1.9064245472117065,300.0,0.5735943913459778,0.0497003011405468,0,1.9064245472117065,1.9064245472117065,1,0,off,0,0,0.0,0.0,0.0,0.0,0.0,0.0,0.0,0.0,0.0,1.9064245472117065,1.9064245472117065
flat,single,0,weighted_cka,0,861,2.16368301958003,300.0,0.5946126580238342,0.15083180367946625,0,2.16368301958003,2.16368301958003,1,0,off,0,0,0.0,0.0,0.0,0.0,0.0,0.0,0.0,0.0,0.0,2.16368301958003,2.16368301958003
flat,single,0,weighted_cka,0,862,2.238931270844624,300.0,0.6113623976707458,0.24205809831619263,0,2.238931270844624,2.238931270844624,1,0,off,0,0,0.0,0.0,0.0,0.0,0.0,0.0,0.0,0.0,0.0,2.238931270844624,2.238931270844624
flat,single,0,weighted_cka,0,863,1.8016677427857246,300.0,0.5669616460800171,0.02075444534420967,0,1.8016677427857246,1.8016677427857246,1,0,off,0,0,0.0,0.0,0.0,0.0,0.0,0.0,0.0,0.0,0.0,1.8016677427857246,1.8016677427857246
flat,single,0,weighted_cka,0,864,1.7975336511721238,300.0,0.566572368144989,0.015336625277996063,0,1.7975336511721238,1.7975336511721238,1,0,off,0,0,0.0,0.0,0.0,0.0,0.0,0.0,0.0,0.0,0.0,1.7975336511721238,1.7975336511721238
flat,single,0,weighted_cka,0,865,1.3552123051922522,300.0,0.5222491025924683,0.0007264080923050642,0,1.3552123051922522,1.3552123051922522,1,0,off,0,0,0.0,0.0,0.0,0.0,0.0,0.0,0.0,0.0,0.0,1.3552123051922522,1.3552123051922522
flat,single,0,weighted_cka,0,866,1.8053379886281604,300.0,0.5667606592178345,0.010819124057888985,0,1.8053379886281604,1.8053379886281604,1,0,off,0,0,0.0,0.0,0.0,0.0,0.0,0.0,0.0,0.0,0.0,1.8053379886281604,1.8053379886281604
flat,single,0,weighted_cka,0,867,2.21494595197327,300.0,0.6067018508911133,0.21629007160663605,0,2.21494595197327,2.21494595197327,1,0,off,0,0,0.0,0.0,0.0,0.0,0.0,0.0,0.0,0.0,0.0,2.21494595197327,2.21494595197327
flat,single,0,weighted_cka,0,868,2.0685212557636063,300.0,0.5894981622695923,0.1334545612335205,0,2.0685212557636063,2.0685212557636063,1,0,off,0,0,0.0,0.0,0.0,0.0,0.0,0.0,0.0,0.0,0.0,2.0685212557636063,2.0685212557636063
flat,single,0,weighted_cka,0,869,1.802166411566212,300.0,0.5647976398468018,0.015861112624406815,0,1.802166411566212,1.802166411566212,1,0,off,0,0,0.0,0.0,0.0,0.0,0.0,0.0,0.0,0.0,0.0,1.802166411566212,1.802166411566212
flat,single,0,weighted_cka,0,870,1.8295067593332321,300.0,0.5657287836074829,0.011779682710766792,0,1.8295067593332321,1.8295067593332321,1,0,off,0,0,0.0,0.0,0.0,0.0,0.0,0.0,0.0,0.0,0.0,1.8295067593332321,1.8295067593332321
flat,single,0,weighted_cka,0,871,1.709291877246868,300.0,0.5808240175247192,0.14449548721313477,0,1.709291877246868,1.709291877246868,1,0,off,0,0,0.0,0.0,0.0,0.0,0.0,0.0,0.0,0.0,0.0,1.709291877246868,1.709291877246868
flat,single,0,weighted_cka,0,872,1.301571408388098,300.0,0.4418317377567291,0.001637742854654789,0,1.301571408388098,1.301571408388098,1,0,off,0,0,0.0,0.0,0.0,0.0,0.0,0.0,0.0,0.0,0.0,1.301571408388098,1.301571408388098
flat,single,0,weighted_cka,0,873,1.2910743784541396,300.0,0.4416070878505707,0.000939048477448523,0,1.2910743784541396,1.2910743784541396,1,0,off,0,0,0.0,0.0,0.0,0.0,0.0,0.0,0.0,0.0,0.0,1.2910743784541396,1.2910743784541396
flat,single,0,weighted_cka,0,874,2.9665068126528626,264.0,0.7028952240943909,0.700120210647583,1,2.9665068126528626,2.9665068126528626,1,0,off,0,0,0.0,0.0,0.0,0.0,0.0,0.0,0.0,0.0,0.0,2.9665068126528626,2.9665068126528626
flat,single,0,weighted_cka,0,875,2.2838428554577135,300.0,0.6324893236160278,0.3473980128765106,0,2.2838428554577135,2.2838428554577135,1,0,off,0,0,0.0,0.0,0.0,0.0,0.0,0.0,0.0,0.0,0.0,2.2838428554577135,2.2838428554577135
flat,single,0,weighted_cka,0,876,2.2434752581253647,300.0,0.6180122494697571,0.271517813205719,0,2.2434752581253647,2.2434752581253647,1,0,off,0,0,0.0,0.0,0.0,0.0,0.0,0.0,0.0,0.0,0.0,2.2434752581253647,2.2434752581253647
flat,single,0,weighted_cka,0,877,1.4917909895937282,300.0,0.4708526134490967,0.052111245691776276,0,1.4917909895937282,1.4917909895937282,1,0,off,0,0,0.0,0.0,0.0,0.0,0.0,0.0,0.0,0.0,0.0,1.4917909895937282,1.4917909895937282
flat,single,0,weighted_cka,0,878,2.362610180149681,300.0,0.6463298797607422,0.4101444482803345,0,2.362610180149681,2.362610180149681,1,0,off,0,0,0.0,0.0,0.0,0.0,0.0,0.0,0.0,0.0,0.0,2.362610180149681,2.362610180149681
flat,single,0,weighted_cka,0,879,3.0807430822216544,229.0,0.7034488916397095,0.7001247406005859,1,3.0807430822216544,3.0807430822216544,1,0,off,0,0,0.0,0.0,0.0,0.0,0.0,0.0,0.0,0.0,0.0,3.0807430822216544,3.0807430822216544
flat,single,0,weighted_cka,0,880,1.8281433291180278,300.0,0.5675046443939209,0.02491034008562565,0,1.8281433291180278,1.8281433291180278,1,0,off,0,0,0.0,0.0,0.0,0.0,0.0,0.0,0.0,0.0,0.0,1.8281433291180278,1.8281433291180278
flat,single,0,weighted_cka,0,881,1.9081649589641287,300.0,0.5723833441734314,0.03981342539191246,0,1.9081649589641287,1.9081649589641287,1,0,off,0,0,0.0,0.0,0.0,0.0,0.0,0.0,0.0,0.0,0.0,1.9081649589641287,1.9081649589641287
flat,single,0,weighted_cka,0,882,1.885200996795355,300.0,0.5693277716636658,0.026593871414661407,0,1.885200996795355,1.885200996795355,1,0,off,0,0,0.0,0.0,0.0,0.0,0.0,0.0,0.0,0.0,0.0,1.885200996795355,1.885200996795355
flat,single,0,weighted_cka,0,883,1.773895040841488,300.0,0.564103364944458,0.002981537254527211,0,1.773895040841488,1.773895040841488,1,0,off,0,0,0.0,0.0,0.0,0.0,0.0,0.0,0.0,0.0,0.0,1.773895040841488,1.773895040841488
flat,single,0,weighted_cka,0,884,1.8567387654965373,300.0,0.5683017373085022,0.025892047211527824,0,1.8567387654965373,1.8567387654965373,1,0,off,0,0,0.0,0.0,0.0,0.0,0.0,0.0,0.0,0.0,0.0,1.8567387654965373,1.8567387654965373
flat,single,0,weighted_cka,0,885,1.796720951672249,300.0,0.5651921033859253,0.006573814898729324,0,1.796720951672249,1.796720951672249,1,0,off,0,0,0.0,0.0,0.0,0.0,0.0,0.0,0.0,0.0,0.0,1.796720951672249,1.796720951672249
flat,single,0,weighted_cka,0,886,1.8029308351864515,300.0,0.5654535293579102,0.007352801971137524,0,1.8029308351864515,1.8029308351864515,1,0,off,0,0,0.0,0.0,0.0,0.0,0.0,0.0,0.0,0.0,0.0,1.8029308351864515,1.8029308351864515
flat,single,0,weighted_cka,0,887,0.822797327172883,300.0,0.3192550837993622,0.0006135530420579016,0,0.822797327172883,0.822797327172883,1,0,off,0,0,0.0,0.0,0.0,0.0,0.0,0.0,0.0,0.0,0.0,0.822797327172883,0.822797327172883
flat,single,0,weighted_cka,0,888,2.3718792752828435,300.0,0.6609216332435608,0.49182647466659546,0,2.3718792752828435,2.3718792752828435,1,0,off,0,0,0.0,0.0,0.0,0.0,0.0,0.0,0.0,0.0,0.0,2.3718792752828435,2.3718792752828435
flat,single,0,weighted_cka,0,889,2.1786219082393323,300.0,0.602179765701294,0.19014309346675873,0,2.1786219082393323,2.1786219082393323,1,0,off,0,0,0.0,0.0,0.0,0.0,0.0,0.0,0.0,0.0,0.0,2.1786219082393323,2.1786219082393323
flat,single,0,weighted_cka,0,890,2.2462250676132314,300.0,0.6162645816802979,0.2638067901134491,0,2.2462250676132314,2.2462250676132314,1,0,off,0,0,0.0,0.0,0.0,0.0,0.0,0.0,0.0,0.0,0.0,2.2462250676132314,2.2462250676132314
flat,single,0,weighted_cka,0,891,1.323810507325105,300.0,0.44545626640319824,0.015088840387761593,0,1.323810507325105,1.323810507325105,1,0,off,0,0,0.0,0.0,0.0,0.0,0.0,0.0,0.0,0.0,0.0,1.323810507325105,1.323810507325105
flat,single,0,weighted_cka,0,892,1.7656731541786925,300.0,0.5623993277549744,0.0017210282385349274,0,1.7656731541786925,1.7656731541786925,1,0,off,0,0,0.0,0.0,0.0,0.0,0.0,0.0,0.0,0.0,0.0,1.7656731541786925,1.7656731541786925
flat,single,0,weighted_cka,0,893,1.771453646664412,300.0,0.5657578706741333,0.0068654511123895645,0,1.771453646664412,1.771453646664412,1,0,off,0,0,0.0,0.0,0.0,0.0,0.0,0.0,0.0,0.0,0.0,1.771453646664412,1.771453646664412
flat,single,0,weighted_cka,0,894,1.7851947420334895,300.0,0.5639679431915283,0.002314271405339241,0,1.7851947420334895,1.7851947420334895,1,0,off,0,0,0.0,0.0,0.0,0.0,0.0,0.0,0.0,0.0,0.0,1.7851947420334895,1.7851947420334895
flat,single,0,weighted_cka,0,895,1.3032421777130283,300.0,0.5494833588600159,0.12961596250534058,0,1.3032421777130283,1.3032421777130283,1,0,off,0,0,0.0,0.0,0.0,0.0,0.0,0.0,0.0,0.0,0.0,1.3032421777130283,1.3032421777130283
flat,single,0,weighted_cka,0,896,1.9221367103995348,300.0,0.5720335841178894,0.04635247588157654,0,1.9221367103995348,1.9221367103995348,1,0,off,0,0,0.0,0.0,0.0,0.0,0.0,0.0,0.0,0.0,0.0,1.9221367103995348,1.9221367103995348
flat,single,0,weighted_cka,0,897,1.3394167942169575,300.0,0.4503409266471863,0.009896181523799896,0,1.3394167942169575,1.3394167942169575,1,0,off,0,0,0.0,0.0,0.0,0.0,0.0,0.0,0.0,0.0,0.0,1.3394167942169575,1.3394167942169575
flat,single,0,weighted_cka,0,898,1.776291297125134,300.0,0.5644603371620178,0.003178514540195465,0,1.776291297125134,1.776291297125134,1,0,off,0,0,0.0,0.0,0.0,0.0,0.0,0.0,0.0,0.0,0.0,1.776291297125134,1.776291297125134
flat,single,0,weighted_cka,0,899,1.905273131386335,300.0,0.572368860244751,0.047589756548404694,0,1.905273131386335,1.905273131386335,1,0,off,0,0,0.0,0.0,0.0,0.0,0.0,0.0,0.0,0.0,0.0,1.905273131386335,1.905273131386335
flat,single,0,weighted_cka,0,900,1.7380788661466782,300.0,0.5770379900932312,0.13841237127780914,0,1.7380788661466782,1.7380788661466782,1,0,off,0,0,0.0,0.0,0.0,0.0,0.0,0.0,0.0,0.0,0.0,1.7380788661466782,1.7380788661466782
flat,single,0,weighted_cka,0,901,1.7584395477082566,300.0,0.5631771683692932,0.002183029428124428,0,1.7584395477082566,1.7584395477082566,1,0,off,0,0,0.0,0.0,0.0,0.0,0.0,0.0,0.0,0.0,0.0,1.7584395477082566,1.7584395477082566
flat,single,0,weighted_cka,0,902,1.7869622680467714,300.0,0.5657430291175842,0.013663644902408123,0,1.7869622680467714,1.7869622680467714,1,0,off,0,0,0.0,0.0,0.0,0.0,0.0,0.0,0.0,0.0,0.0,1.7869622680467714,1.7869622680467714
flat,single,0,weighted_cka,0,903,1.7797032651017375,300.0,0.5648095011711121,0.004216112662106752,0,1.7797032651017375,1.7797032651017375,1,0,off,0,0,0.0,0.0,0.0,0.0,0.0,0.0,0.0,0.0,0.0,1.7797032651017375,1.7797032651017375
flat,single,0,weighted_cka,0,904,1.8675445128023043,300.0,0.5706642270088196,0.03323053568601608,0,1.8675445128023043,1.8675445128023043,1,0,off,0,0,0.0,0.0,0.0,0.0,0.0,0.0,0.0,0.0,0.0,1.8675445128023043,1.8675445128023043
flat,single,0,weighted_cka,0,905,1.898215273878705,300.0,0.5707706212997437,0.03796849399805069,0,1.898215273878705,1.898215273878705,1,0,off,0,0,0.0,0.0,0.0,0.0,0.0,0.0,0.0,0.0,0.0,1.898215273878705,1.898215273878705
flat,single,0,weighted_cka,0,906,1.8097733277303618,300.0,0.5665456652641296,0.017536750063300133,0,1.8097733277303618,1.8097733277303618,1,0,off,0,0,0.0,0.0,0.0,0.0,0.0,0.0,0.0,0.0,0.0,1.8097733277303618,1.8097733277303618
flat,single,0,weighted_cka,0,907,2.200140220134003,300.0,0.6081752777099609,0.22412434220314026,0,2.200140220134003,2.200140220134003,1,0,off,0,0,0.0,0.0,0.0,0.0,0.0,0.0,0.0,0.0,0.0,2.200140220134003,2.200140220134003
flat,single,0,weighted_cka,0,908,2.20238056679775,300.0,0.6028329133987427,0.19772425293922424,0,2.20238056679775,2.20238056679775,1,0,off,0,0,0.0,0.0,0.0,0.0,0.0,0.0,0.0,0.0,0.0,2.20238056679775,2.20238056679775
flat,single,0,weighted_cka,0,909,2.2341154251979773,300.0,0.6106067895889282,0.23905466496944427,0,2.2341154251979773,2.2341154251979773,1,0,off,0,0,0.0,0.0,0.0,0.0,0.0,0.0,0.0,0.0,0.0,2.2341154251979773,2.2341154251979773
flat,single,0,weighted_cka,0,910,2.3083093913593515,300.0,0.6358093619346619,0.36383745074272156,0,2.3083093913593515,2.3083093913593515,1,0,off,0,0,0.0,0.0,0.0,0.0,0.0,0.0,0.0,0.0,0.0,2.3083093913593515,2.3083093913593515
flat,single,0,weighted_cka,0,911,1.7771818250243072,300.0,0.5644139051437378,0.005409588571637869,0,1.7771818250243072,1.7771818250243072,1,0,off,0,0,0.0,0.0,0.0,0.0,0.0,0.0,0.0,0.0,0.0,1.7771818250243072,1.7771818250243072
flat,single,0,weighted_cka,0,912,2.189155061196651,300.0,0.5975250601768494,0.1749648153781891,0,2.189155061196651,2.189155061196651,1,0,off,0,0,0.0,0.0,0.0,0.0,0.0,0.0,0.0,0.0,0.0,2.189155061196651,2.189155061196651
flat,single,0,weighted_cka,0,913,2.2255237004877912,300.0,0.6142538785934448,0.2542443573474884,0,2.2255237004877912,2.2255237004877912,1,0,off,0,0,0.0,0.0,0.0,0.0,0.0,0.0,0.0,0.0,0.0,2.2255237004877912,2.2255237004877912
flat,single,0,weighted_cka,0,914,2.1594139314366814,300.0,0.595025897026062,0.1488693654537201,0,2.1594139314366814,2.1594139314366814,1,0,off,0,0,0.0,0.0,0.0,0.0,0.0,0.0,0.0,0.0,0.0,2.1594139314366814,2.1594139314366814
flat,single,0,weighted_cka,0,915,1.833854380227784,300.0,0.5634685754776001,0.004812273662537336,0,1.833854380227784,1.833854380227784,1,0,off,0,0,0.0,0.0,0.0,0.0,0.0,0.0,0.0,0.0,0.0,1.833854380227784,1.833854380227784
flat,single,0,weighted_cka,0,916,1.8755700407129083,300.0,0.5719168186187744,0.03990568965673447,0,1.8755700407129083,1.8755700407129083,1,0,off,0,0,0.0,0.0,0.0,0.0,0.0,0.0,0.0,0.0,0.0,1.8755700407129083,1.8755700407129083
flat,single,0,weighted_cka,0,917,1.7534316566165202,300.0,0.5632702112197876,0.0016532883746549487,0,1.7534316566165202,1.7534316566165202,1,0,off,0,0,0.0,0.0,0.0,0.0,0.0,0.0,0.0,0.0,0.0,1.7534316566165202,1.7534316566165202
flat,single,0,weighted_cka,0,918,1.7733269644144443,300.0,0.5639562010765076,0.0044920979999005795,0,1.7733269644144443,1.7733269644144443,1,0,off,0,0,0.0,0.0,0.0,0.0,0.0,0.0,0.0,0.0,0.0,1.7733269644144443,1.7733269644144443
flat,single,0,weighted_cka,0,919,1.768404649860166,300.0,0.5646035671234131,0.0030536155682057142,0,1.768404649860166,1.768404649860166,1,0,off,0,0,0.0,0.0,0.0,0.0,0.0,0.0,0.0,0.0,0.0,1.768404649860166,1.768404649860166
flat,single,0,weighted_cka,0,920,1.3579325970231353,300.0,0.45049816370010376,0.0012341539841145277,0,1.3579325970231353,1.3579325970231353,1,0,off,0,0,0.0,0.0,0.0,0.0,0.0,0.0,0.0,0.0,0.0,1.3579325970231353,1.3579325970231353
flat,single,0,weighted_cka,0,921,1.8218080707094204,300.0,0.5688955783843994,0.024513639509677887,0,1.8218080707094204,1.8218080707094204,1,0,off,0,0,0.0,0.0,0.0,0.0,0.0,0.0,0.0,0.0,0.0,1.8218080707094204,1.8218080707094204
flat,single,0,weighted_cka,0,922,2.4400277383801026,300.0,0.6465446949005127,0.41765862703323364,0,2.4400277383801026,2.4400277383801026,1,0,off,0,0,0.0,0.0,0.0,0.0,0.0,0.0,0.0,0.0,0.0,2.4400277383801026,2.4400277383801026
flat,single,0,weighted_cka,0,923,2.117699390968422,300.0,0.5848201513290405,0.10820500552654266,0,2.117699390968422,2.117699390968422,1,0,off,0,0,0.0,0.0,0.0,0.0,0.0,0.0,0.0,0.0,0.0,2.117699390968422,2.117699390968422
flat,single,0,weighted_cka,0,924,3.040499060794084,249.0,0.7043923139572144,0.7014779448509216,1,3.040499060794084,3.040499060794084,1,0,off,0,0,0.0,0.0,0.0,0.0,0.0,0.0,0.0,0.0,0.0,3.040499060794084,3.040499060794084
flat,single,0,weighted_cka,0,925,2.0080605864889165,300.0,0.5813931822776794,0.09423072636127472,0,2.0080605864889165,2.0080605864889165,1,0,off,0,0,0.0,0.0,0.0,0.0,0.0,0.0,0.0,0.0,0.0,2.0080605864889165,2.0080605864889165
flat,single,0,weighted_cka,0,926,1.80479757507387,300.0,0.5674551725387573,0.019669702276587486,0,1.80479757507387,1.80479757507387,1,0,off,0,0,0.0,0.0,0.0,0.0,0.0,0.0,0.0,0.0,0.0,1.80479757507387,1.80479757507387
flat,single,0,weighted_cka,0,927,1.7927939688437604,300.0,0.5629844665527344,0.0024758775252848864,0,1.7927939688437604,1.7927939688437604,1,0,off,0,0,0.0,0.0,0.0,0.0,0.0,0.0,0.0,0.0,0.0,1.7927939688437604,1.7927939688437604
flat,single,0,weighted_cka,0,928,1.7703095805176403,300.0,0.5636254549026489,0.009252904914319515,0,1.7703095805176403,1.7703095805176403,1,0,off,0,0,0.0,0.0,0.0,0.0,0.0,0.0,0.0,0.0,0.0,1.7703095805176403,1.7703095805176403
flat,single,0,weighted_cka,0,929,1.797326467580568,300.0,0.5664255619049072,0.012659362517297268,0,1.797326467580568,1.797326467580568,1,0,off,0,0,0.0,0.0,0.0,0.0,0.0,0.0,0.0,0.0,0.0,1.797326467580568,1.797326467580568
flat,single,0,weighted_cka,0,930,2.247754683369827,300.0,0.6028132438659668,0.19774027168750763,0,2.247754683369827,2.247754683369827,1,0,off,0,0,0.0,0.0,0.0,0.0,0.0,0.0,0.0,0.0,0.0,2.247754683369827,2.247754683369827
flat,single,0,weighted_cka,0,931,1.7305044747217821,300.0,0.4836726188659668,0.14372150599956512,0,1.7305044747217821,1.7305044747217821,1,0,off,0,0,0.0,0.0,0.0,0.0,0.0,0.0,0.0,0.0,0.0,1.7305044747217821,1.7305044747217821
flat,single,0,weighted_cka,0,932,1.6213715980192709,300.0,0.5699467658996582,0.0941816195845604,0,1.6213715980192709,1.6213715980192709,1,0,off,0,0,0.0,0.0,0.0,0.0,0.0,0.0,0.0,0.0,0.0,1.6213715980192709,1.6213715980192709
flat,single,0,weighted_cka,0,933,1.8751018508281945,300.0,0.5680748820304871,0.027690650895237923,0,1.8751018508281945,1.8751018508281945,1,0,off,0,0,0.0,0.0,0.0,0.0,0.0,0.0,0.0,0.0,0.0,1.8751018508281945,1.8751018508281945
flat,single,0,weighted_cka,0,934,1.7649135347222895,300.0,0.5645895600318909,0.005341761279851198,0,1.7649135347222895,1.7649135347222895,1,0,off,0,0,0.0,0.0,0.0,0.0,0.0,0.0,0.0,0.0,0.0,1.7649135347222895,1.7649135347222895
flat,single,0,weighted_cka,0,935,2.468904683081199,300.0,0.6992189884185791,0.6850989460945129,0,2.468904683081199,2.468904683081199,1,0,off,0,0,0.0,0.0,0.0,0.0,0.0,0.0,0.0,0.0,0.0,2.468904683081199,2.468904683081199
flat,single,0,weighted_cka,0,936,1.8981255538222541,300.0,0.5717000961303711,0.04462477192282677,0,1.8981255538222541,1.8981255538222541,1,0,off,0,0,0.0,0.0,0.0,0.0,0.0,0.0,0.0,0.0,0.0,1.8981255538222541,1.8981255538222541
flat,single,0,weighted_cka,0,937,1.6876689244288046,300.0,0.5707245469093323,0.11225946992635727,0,1.6876689244288046,1.6876689244288046,1,0,off,0,0,0.0,0.0,0.0,0.0,0.0,0.0,0.0,0.0,0.0,1.6876689244288046,1.6876689244288046
flat,single,0,weighted_cka,0,938,1.32468369588605,300.0,0.4477933347225189,0.000977394520305097,0,1.32468369588605,1.32468369588605,1,0,off,0,0,0.0,0.0,0.0,0.0,0.0,0.0,0.0,0.0,0.0,1.32468369588605,1.32468369588605
flat,single,0,weighted_cka,0,939,1.868109629158151,300.0,0.5666221380233765,0.016865413635969162,0,1.868109629158151,1.868109629158151,1,0,off,0,0,0.0,0.0,0.0,0.0,0.0,0.0,0.0,0.0,0.0,1.868109629158151,1.868109629158151
flat,single,0,weighted_cka,0,940,2.211907261198185,300.0,0.6036840081214905,0.19772425293922424,0,2.211907261198185,2.211907261198185,1,0,off,0,0,0.0,0.0,0.0,0.0,0.0,0.0,0.0,0.0,0.0,2.211907261198185,2.211907261198185
flat,single,0,weighted_cka,0,941,2.179223655187724,300.0,0.5998436808586121,0.18624629080295563,0,2.179223655187724,2.179223655187724,1,0,off,0,0,0.0,0.0,0.0,0.0,0.0,0.0,0.0,0.0,0.0,2.179223655187724,2.179223655187724
flat,single,0,weighted_cka,0,942,2.2468865189156517,300.0,0.6160975694656372,0.2605234682559967,0,2.2468865189156517,2.2468865189156517,1,0,off,0,0,0.0,0.0,0.0,0.0,0.0,0.0,0.0,0.0,0.0,2.2468865189156517,2.2468865189156517
flat,single,0,weighted_cka,0,943,2.312893555886511,300.0,0.6461714506149292,0.4152362644672394,0,2.312893555886511,2.312893555886511,1,0,off,0,0,0.0,0.0,0.0,0.0,0.0,0.0,0.0,0.0,0.0,2.312893555886511,2.312893555886511
flat,single,0,weighted_cka,0,944,2.2616652101599684,300.0,0.6141549944877625,0.2532525062561035,0,2.2616652101599684,2.2616652101599684,1,0,off,0,0,0.0,0.0,0.0,0.0,0.0,0.0,0.0,0.0,0.0,2.2616652101599684,2.2616652101599684
flat,single,0,weighted_cka,0,945,2.1584801512140857,300.0,0.5893872976303101,0.12961596250534058,0,2.1584801512140857,2.1584801512140857,1,0,off,0,0,0.0,0.0,0.0,0.0,0.0,0.0,0.0,0.0,0.0,2.1584801512140857,2.1584801512140857
flat,single,0,weighted_cka,0,946,1.8144384127552584,300.0,0.5668495893478394,0.016776321455836296,0,1.8144384127552584,1.8144384127552584,1,0,off,0,0,0.0,0.0,0.0,0.0,0.0,0.0,0.0,0.0,0.0,1.8144384127552584,1.8144384127552584
flat,single,0,weighted_cka,0,947,1.9104257149221482,300.0,0.5711676478385925,0.03731919825077057,0,1.9104257149221482,1.9104257149221482,1,0,off,0,0,0.0,0.0,0.0,0.0,0.0,0.0,0.0,0.0,0.0,1.9104257149221482,1.9104257149221482
flat,single,0,weighted_cka,0,948,1.8985452213386438,300.0,0.5692098736763,0.03248927742242813,0,1.8985452213386438,1.8985452213386438,1,0,off,0,0,0.0,0.0,0.0,0.0,0.0,0.0,0.0,0.0,0.0,1.8985452213386438,1.8985452213386438
flat,single,0,weighted_cka,0,949,1.3473181464296418,300.0,0.45570310950279236,0.0011886442080140114,0,1.3473181464296418,1.3473181464296418,1,0,off,0,0,0.0,0.0,0.0,0.0,0.0,0.0,0.0,0.0,0.0,1.3473181464296418,1.3473181464296418
flat,single,0,weighted_cka,0,950,2.9972325508314173,257.0,0.7044562101364136,0.701728880405426,1,2.9972325508314173,2.9972325508314173,1,0,off,0,0,0.0,0.0,0.0,0.0,0.0,0.0,0.0,0.0,0.0,2.9972325508314173,2.9972325508314173
flat,single,0,weighted_cka,0,951,1.8137835988512947,300.0,0.5674225687980652,0.020412661135196686,0,1.8137835988512947,1.8137835988512947,1,0,off,0,0,0.0,0.0,0.0,0.0,0.0,0.0,0.0,0.0,0.0,1.8137835988512947,1.8137835988512947
flat,single,0,weighted_cka,0,952,2.858333329506823,294.0,0.704471230506897,0.7023488879203796,1,2.858333329506823,2.858333329506823,1,0,off,0,0,0.0,0.0,0.0,0.0,0.0,0.0,0.0,0.0,0.0,2.858333329506823,2.858333329506823
flat,single,0,weighted_cka,0,953,3.1364140307970216,220.0,0.7039186358451843,0.7001857757568359,1,3.1364140307970216,3.1364140307970216,1,0,off,0,0,0.0,0.0,0.0,0.0,0.0,0.0,0.0,0.0,0.0,3.1364140307970216,3.1364140307970216
flat,single,0,weighted_cka,0,954,3.1252086865649313,224.0,0.703575074672699,0.7011759877204895,1,3.1252086865649313,3.1252086865649313,1,0,off,0,0,0.0,0.0,0.0,0.0,0.0,0.0,0.0,0.0,0.0,3.1252086865649313,3.1252086865649313
flat,single,0,weighted_cka,0,955,3.0932532901209475,237.0,0.7022091746330261,0.7005147933959961,1,3.0932532901209475,3.0932532901209475,1,0,off,0,0,0.0,0.0,0.0,0.0,0.0,0.0,0.0,0.0,0.0,3.0932532901209475,3.0932532901209475
flat,single,0,weighted_cka,0,956,2.2194910976461326,300.0,0.6071350574493408,0.2233879566192627,0,2.2194910976461326,2.2194910976461326,1,0,off,0,0,0.0,0.0,0.0,0.0,0.0,0.0,0.0,0.0,0.0,2.2194910976461326,2.2194910976461326
flat,single,0,weighted_cka,0,957,1.3583408764789042,300.0,0.4535945951938629,0.014989632181823254,0,1.3583408764789042,1.3583408764789042,1,0,off,0,0,0.0,0.0,0.0,0.0,0.0,0.0,0.0,0.0,0.0,1.3583408764789042,1.3583408764789042
flat,single,0,weighted_cka,0,958,1.888812045546409,300.0,0.5721403360366821,0.04117671772837639,0,1.888812045546409,1.888812045546409,1,0,off,0,0,0.0,0.0,0.0,0.0,0.0,0.0,0.0,0.0,0.0,1.888812045546409,1.888812045546409
flat,single,0,weighted_cka,0,959,1.7770594638917814,300.0,0.5638190507888794,0.0014891860773786902,0,1.7770594638917814,1.7770594638917814,1,0,off,0,0,0.0,0.0,0.0,0.0,0.0,0.0,0.0,0.0,0.0,1.7770594638917814,1.7770594638917814
flat,single,0,weighted_cka,0,960,1.4069159910798121,300.0,0.45169711112976074,0.02849729172885418,0,1.4069159910798121,1.4069159910798121,1,0,off,0,0,0.0,0.0,0.0,0.0,0.0,0.0,0.0,0.0,0.0,1.4069159910798121,1.4069159910798121
flat,single,0,weighted_cka,0,961,1.793119363512595,300.0,0.5637499094009399,0.0017427376005798578,0,1.793119363512595,1.793119363512595,1,0,off,0,0,0.0,0.0,0.0,0.0,0.0,0.0,0.0,0.0,0.0,1.793119363512595,1.793119363512595
flat,single,0,weighted_cka,0,962,1.7704853763565538,300.0,0.5630938410758972,0.002351805567741394,0,1.7704853763565538,1.7704853763565538,1,0,off,0,0,0.0,0.0,0.0,0.0,0.0,0.0,0.0,0.0,0.0,1.7704853763565538,1.7704853763565538
flat,single,0,weighted_cka,0,963,1.2429760006089041,300.0,0.4434908330440521,0.002822884591296315,0,1.2429760006089041,1.2429760006089041,1,0,off,0,0,0.0,0.0,0.0,0.0,0.0,0.0,0.0,0.0,0.0,1.2429760006089041,1.2429760006089041
flat,single,0,weighted_cka,0,964,2.004906887188234,300.0,0.5790168642997742,0.07755909860134125,0,2.004906887188234,2.004906887188234,1,0,off,0,0,0.0,0.0,0.0,0.0,0.0,0.0,0.0,0.0,0.0,2.004906887188234,2.004906887188234
flat,single,0,weighted_cka,0,965,1.7939927797387654,300.0,0.5650242567062378,0.005511245224624872,0,1.7939927797387654,1.7939927797387654,1,0,off,0,0,0.0,0.0,0.0,0.0,0.0,0.0,0.0,0.0,0.0,1.7939927797387654,1.7939927797387654
flat,single,0,weighted_cka,0,966,2.220938056789599,300.0,0.6139413118362427,0.25323715806007385,0,2.220938056789599,2.220938056789599,1,0,off,0,0,0.0,0.0,0.0,0.0,0.0,0.0,0.0,0.0,0.0,2.220938056789599,2.220938056789599
flat,single,0,weighted_cka,0,967,2.1752950067885575,300.0,0.5953658819198608,0.16338758170604706,0,2.1752950067885575,2.1752950067885575,1,0,off,0,0,0.0,0.0,0.0,0.0,0.0,0.0,0.0,0.0,0.0,2.1752950067885575,2.1752950067885575
flat,single,0,weighted_cka,0,968,2.3430406147440053,300.0,0.6348362565040588,0.3579195439815521,0,2.3430406147440053,2.3430406147440053,1,0,off,0,0,0.0,0.0,0.0,0.0,0.0,0.0,0.0,0.0,0.0,2.3430406147440053,2.3430406147440053
flat,single,0,weighted_cka,0,969,3.0385702565089145,261.0,0.7029163837432861,0.7009254693984985,1,3.0385702565089145,3.0385702565089145,1,0,off,0,0,0.0,0.0,0.0,0.0,0.0,0.0,0.0,0.0,0.0,3.0385702565089145,3.0385702565089145
flat,single,0,weighted_cka,0,970,1.7895996306146102,300.0,0.5641847848892212,0.0028578026685863733,0,1.7895996306146102,1.7895996306146102,1,0,off,0,0,0.0,0.0,0.0,0.0,0.0,0.0,0.0,0.0,0.0,1.7895996306146102,1.7895996306146102
flat,single,0,weighted_cka,0,971,1.919021205438657,300.0,0.5691762566566467,0.029953356832265854,0,1.919021205438657,1.919021205438657,1,0,off,0,0,0.0,0.0,0.0,0.0,0.0,0.0,0.0,0.0,0.0,1.919021205438657,1.919021205438657
flat,single,0,weighted_cka,0,972,3.1234754397663043,223.0,0.7055432200431824,0.7023488879203796,1,3.1234754397663043,3.1234754397663043,1,0,off,0,0,0.0,0.0,0.0,0.0,0.0,0.0,0.0,0.0,0.0,3.1234754397663043,3.1234754397663043
flat,single,0,weighted_cka,0,973,1.8266915544285425,300.0,0.5671903491020203,0.023092709481716156,0,1.8266915544285425,1.8266915544285425,1,0,off,0,0,0.0,0.0,0.0,0.0,0.0,0.0,0.0,0.0,0.0,1.8266915544285425,1.8266915544285425
flat,single,0,weighted_cka,0,974,3.0700673616466507,230.0,0.7046521902084351,0.7017360925674438,1,3.0700673616466507,3.0700673616466507,1,0,off,0,0,0.0,0.0,0.0,0.0,0.0,0.0,0.0,0.0,0.0,3.0700673616466507,3.0700673616466507
flat,single,0,weighted_cka,0,975,2.4044685804362658,300.0,0.6968032717704773,0.6669267416000366,0,2.4044685804362658,2.4044685804362658,1,0,off,0,0,0.0,0.0,0.0,0.0,0.0,0.0,0.0,0.0,0.0,2.4044685804362658,2.4044685804362658
flat,single,0,weighted_cka,0,976,2.2222450001526326,300.0,0.6032913327217102,0.19749441742897034,0,2.2222450001526326,2.2222450001526326,1,0,off,0,0,0.0,0.0,0.0,0.0,0.0,0.0,0.0,0.0,0.0,2.2222450001526326,2.2222450001526326
flat,single,0,weighted_cka,0,977,2.187633615759175,300.0,0.5865029096603394,0.1210610419511795,0,2.187633615759175,2.187633615759175,1,0,off,0,0,0.0,0.0,0.0,0.0,0.0,0.0,0.0,0.0,0.0,2.187633615759175,2.187633615759175
flat,single,0,weighted_cka,0,978,0.8329304560062143,300.0,0.33320778608322144,0.000168462167493999,0,0.8329304560062143,0.8329304560062143,1,0,off,0,0,0.0,0.0,0.0,0.0,0.0,0.0,0.0,0.0,0.0,0.8329304560062143,0.8329304560062143
flat,single,0,weighted_cka,0,979,2.0259507338399985,300.0,0.5793566107749939,0.08415473997592926,0,2.0259507338399985,2.0259507338399985,1,0,off,0,0,0.0,0.0,0.0,0.0,0.0,0.0,0.0,0.0,0.0,2.0259507338399985,2.0259507338399985
flat,single,0,weighted_cka,0,980,2.027796077409583,300.0,0.577773928642273,0.0685214251279831,0,2.027796077409583,2.027796077409583,1,0,off,0,0,0.0,0.0,0.0,0.0,0.0,0.0,0.0,0.0,0.0,2.027796077409583,2.027796077409583
flat,single,0,weighted_cka,0,981,2.0482180242770003,300.0,0.583062469959259,0.10015061497688293,0,2.0482180242770003,2.0482180242770003,1,0,off,0,0,0.0,0.0,0.0,0.0,0.0,0.0,0.0,0.0,0.0,2.0482180242770003,2.0482180242770003
flat,single,0,weighted_cka,0,982,1.862112590192666,300.0,0.5683802366256714,0.027227608487010002,0,1.862112590192666,1.862112590192666,1,0,off,0,0,0.0,0.0,0.0,0.0,0.0,0.0,0.0,0.0,0.0,1.862112590192666,1.862112590192666
flat,single,0,weighted_cka,0,983,2.1729118998979615,300.0,0.5993199348449707,0.1795918494462967,0,2.1729118998979615,2.1729118998979615,1,0,off,0,0,0.0,0.0,0.0,0.0,0.0,0.0,0.0,0.0,0.0,2.1729118998979615,2.1729118998979615
flat,single,0,weighted_cka,0,984,1.8221643589735308,300.0,0.5632656812667847,0.0021084104664623737,0,1.8221643589735308,1.8221643589735308,1,0,off,0,0,0.0,0.0,0.0,0.0,0.0,0.0,0.0,0.0,0.0,1.8221643589735308,1.8221643589735308
flat,single,0,weighted_cka,0,985,1.8231595258752336,300.0,0.5657744407653809,0.019748173654079437,0,1.8231595258752336,1.8231595258752336,1,0,off,0,0,0.0,0.0,0.0,0.0,0.0,0.0,0.0,0.0,0.0,1.8231595258752336,1.8231595258752336
flat,single,0,weighted_cka,0,986,1.8662536684554638,300.0,0.5664334297180176,0.012083323672413826,0,1.8662536684554638,1.8662536684554638,1,0,off,0,0,0.0,0.0,0.0,0.0,0.0,0.0,0.0,0.0,0.0,1.8662536684554638,1.8662536684554638
flat,single,0,weighted_cka,0,987,1.8438668888438983,300.0,0.5677478909492493,0.021297382190823555,0,1.8438668888438983,1.8438668888438983,1,0,off,0,0,0.0,0.0,0.0,0.0,0.0,0.0,0.0,0.0,0.0,1.8438668888438983,1.8438668888438983
flat,single,0,weighted_cka,0,988,2.3004146420338643,300.0,0.6158501505851746,0.2650657892227173,0,2.3004146420338643,2.3004146420338643,1,0,off,0,0,0.0,0.0,0.0,0.0,0.0,0.0,0.0,0.0,0.0,2.3004146420338643,2.3004146420338643
flat,single,0,weighted_cka,0,989,2.2435855103811715,300.0,0.6141098737716675,0.25323715806007385,0,2.2435855103811715,2.2435855103811715,1,0,off,0,0,0.0,0.0,0.0,0.0,0.0,0.0,0.0,0.0,0.0,2.2435855103811715,2.2435855103811715
flat,single,0,weighted_cka,0,990,1.8225513633864452,300.0,0.5657556056976318,0.014860226772725582,0,1.8225513633864452,1.8225513633864452,1,0,off,0,0,0.0,0.0,0.0,0.0,0.0,0.0,0.0,0.0,0.0,1.8225513633864452,1.8225513633864452
flat,single,0,weighted_cka,0,991,1.8901698925241348,300.0,0.5644583702087402,0.006979268975555897,0,1.8901698925241348,1.8901698925241348,1,0,off,0,0,0.0,0.0,0.0,0.0,0.0,0.0,0.0,0.0,0.0,1.8901698925241348,1.8901698925241348
flat,single,0,weighted_cka,0,992,1.750129820714084,300.0,0.5693710446357727,0.14166449010372162,0,1.750129820714084,1.750129820714084,1,0,off,0,0,0.0,0.0,0.0,0.0,0.0,0.0,0.0,0.0,0.0,1.750129820714084,1.750129820714084
flat,single,0,weighted_cka,0,993,2.3566303861301616,300.0,0.6180570721626282,0.272250771522522,0,2.3566303861301616,2.3566303861301616,1,0,off,0,0,0.0,0.0,0.0,0.0,0.0,0.0,0.0,0.0,0.0,2.3566303861301616,2.3566303861301616
flat,single,0,weighted_cka,0,994,2.0068676532304366,300.0,0.5729102492332458,0.04685330018401146,0,2.0068676532304366,2.0068676532304366,1,0,off,0,0,0.0,0.0,0.0,0.0,0.0,0.0,0.0,0.0,0.0,2.0068676532304366,2.0068676532304366
flat,single,0,weighted_cka,0,995,2.313802310303565,300.0,0.6291577219963074,0.3309338092803955,0,2.313802310303565,2.313802310303565,1,0,off,0,0,0.0,0.0,0.0,0.0,0.0,0.0,0.0,0.0,0.0,2.313802310303565,2.313802310303565
flat,single,0,weighted_cka,0,996,1.711884821200068,300.0,0.501659631729126,0.1416468620300293,0,1.711884821200068,1.711884821200068,1,0,off,0,0,0.0,0.0,0.0,0.0,0.0,0.0,0.0,0.0,0.0,1.711884821200068,1.711884821200068
flat,single,0,weighted_cka,0,997,1.2840893718655466,300.0,0.4429079592227936,0.0026927057188004255,0,1.2840893718655466,1.2840893718655466,1,0,off,0,0,0.0,0.0,0.0,0.0,0.0,0.0,0.0,0.0,0.0,1.2840893718655466,1.2840893718655466
flat,single,0,weighted_cka,0,998,2.3298870205867317,300.0,0.6334609389305115,0.3518194556236267,0,2.3298870205867317,2.3298870205867317,1,0,off,0,0,0.0,0.0,0.0,0.0,0.0,0.0,0.0,0.0,0.0,2.3298870205867317,2.3298870205867317
flat,single,0,weighted_cka,0,999,0.9770957990489864,300.0,0.41428279876708984,0.00616386067122221,0,0.9770957990489864,0.9770957990489864,1,0,off,0,0,0.0,0.0,0.0,0.0,0.0,0.0,0.0,0.0,0.0,0.9770957990489864,0.9770957990489864
flat,single,0,weighted_cka,0,1000,2.811918088612066,298.0,0.7038585543632507,0.7023488879203796,1,2.811918088612066,2.811918088612066,1,0,off,0,0,0.0,0.0,0.0,0.0,0.0,0.0,0.0,0.0,0.0,2.811918088612066,2.811918088612066
flat,single,0,weighted_cka,0,1001,3.1723009249736775,220.0,0.7041192054748535,0.7004686594009399,1,3.1723009249736775,3.1723009249736775,1,0,off,0,0,0.0,0.0,0.0,0.0,0.0,0.0,0.0,0.0,0.0,3.1723009249736775,3.1723009249736775
flat,single,0,weighted_cka,0,1002,1.302979533342294,300.0,0.45176514983177185,0.006633773446083069,0,1.302979533342294,1.302979533342294,1,0,off,0,0,0.0,0.0,0.0,0.0,0.0,0.0,0.0,0.0,0.0,1.302979533342294,1.302979533342294
flat,single,0,weighted_cka,0,1003,1.3277248873083,300.0,0.4471067786216736,0.0028651191387325525,0,1.3277248873083,1.3277248873083,1,0,off,0,0,0.0,0.0,0.0,0.0,0.0,0.0,0.0,0.0,0.0,1.3277248873083,1.3277248873083
flat,single,0,weighted_cka,0,1004,3.0943733154828648,229.0,0.7030965685844421,0.700183093547821,1,3.0943733154828648,3.0943733154828648,1,0,off,0,0,0.0,0.0,0.0,0.0,0.0,0.0,0.0,0.0,0.0,3.0943733154828648,3.0943733154828648
flat,single,0,weighted_cka,0,1005,1.3311908382456736,300.0,0.44712191820144653,0.00292476499453187,0,1.3311908382456736,1.3311908382456736,1,0,off,0,0,0.0,0.0,0.0,0.0,0.0,0.0,0.0,0.0,0.0,1.3311908382456736,1.3311908382456736
flat,single,0,weighted_cka,0,1006,0.7649188792507617,300.0,0.3283952474594116,0.000325585511745885,0,0.7649188792507617,0.7649188792507617,1,0,off,0,0,0.0,0.0,0.0,0.0,0.0,0.0,0.0,0.0,0.0,0.7649188792507617,0.7649188792507617
flat,single,0,weighted_cka,0,1007,0.41427703995141085,300.0,0.3631404936313629,0.00025537042529322207,0,0.41427703995141085,0.41427703995141085,1,0,off,0,0,0.0,0.0,0.0,0.0,0.0,0.0,0.0,0.0,0.0,0.41427703995141085,0.41427703995141085
flat,single,0,weighted_cka,0,1008,3.110840422346954,230.0,0.704529881477356,0.701981246471405,1,3.110840422346954,3.110840422346954,1,0,off,0,0,0.0,0.0,0.0,0.0,0.0,0.0,0.0,0.0,0.0,3.110840422346954,3.110840422346954
flat,single,0,weighted_cka,0,1009,1.7726656683884343,300.0,0.5639745593070984,0.004033251199871302,0,1.7726656683884343,1.7726656683884343,1,0,off,0,0,0.0,0.0,0.0,0.0,0.0,0.0,0.0,0.0,0.0,1.7726656683884343,1.7726656683884343
flat,single,0,weighted_cka,0,1010,2.279342987950052,300.0,0.6354588866233826,0.3630049228668213,0,2.279342987950052,2.279342987950052,1,0,off,0,0,0.0,0.0,0.0,0.0,0.0,0.0,0.0,0.0,0.0,2.279342987950052,2.279342987950052
flat,single,0,weighted_cka,0,1011,2.257491191476812,300.0,0.5968726873397827,0.17072035372257233,0,2.257491191476812,2.257491191476812,1,0,off,0,0,0.0,0.0,0.0,0.0,0.0,0.0,0.0,0.0,0.0,2.257491191476812,2.257491191476812
flat,single,0,weighted_cka,0,1012,2.1550853006994846,300.0,0.5906927585601807,0.14248542487621307,0,2.1550853006994846,2.1550853006994846,1,0,off,0,0,0.0,0.0,0.0,0.0,0.0,0.0,0.0,0.0,0.0,2.1550853006994846,2.1550853006994846
flat,single,0,weighted_cka,0,1013,2.2868846775558254,300.0,0.6224427223205566,0.28821423649787903,0,2.2868846775558254,2.2868846775558254,1,0,off,0,0,0.0,0.0,0.0,0.0,0.0,0.0,0.0,0.0,0.0,2.2868846775558254,2.2868846775558254
flat,single,0,weighted_cka,0,1014,3.0342642688716137,254.0,0.7027560472488403,0.7001247406005859,1,3.0342642688716137,3.0342642688716137,1,0,off,0,0,0.0,0.0,0.0,0.0,0.0,0.0,0.0,0.0,0.0,3.0342642688716137,3.0342642688716137
flat,single,0,weighted_cka,0,1015,2.214443214310063,300.0,0.6007736325263977,0.19772425293922424,0,2.214443214310063,2.214443214310063,1,0,off,0,0,0.0,0.0,0.0,0.0,0.0,0.0,0.0,0.0,0.0,2.214443214310063,2.214443214310063
flat,single,0,weighted_cka,0,1016,2.302173504130473,300.0,0.617228627204895,0.2657075822353363,0,2.302173504130473,2.302173504130473,1,0,off,0,0,0.0,0.0,0.0,0.0,0.0,0.0,0.0,0.0,0.0,2.302173504130473,2.302173504130473
flat,single,0,weighted_cka,0,1017,2.2813748812040915,300.0,0.6136525869369507,0.2525096535682678,0,2.2813748812040915,2.2813748812040915,1,0,off,0,0,0.0,0.0,0.0,0.0,0.0,0.0,0.0,0.0,0.0,2.2813748812040915,2.2813748812040915
flat,single,0,weighted_cka,0,1018,1.7482928271191676,300.0,0.5613638162612915,0.12635980546474457,0,1.7482928271191676,1.7482928271191676,1,0,off,0,0,0.0,0.0,0.0,0.0,0.0,0.0,0.0,0.0,0.0,1.7482928271191676,1.7482928271191676
flat,single,0,weighted_cka,0,1019,1.3403849431197146,300.0,0.4506239891052246,0.0142754465341568,0,1.3403849431197146,1.3403849431197146,1,0,off,0,0,0.0,0.0,0.0,0.0,0.0,0.0,0.0,0.0,0.0,1.3403849431197146,1.3403849431197146
flat,single,0,weighted_cka,0,1020,1.8052403510140707,300.0,0.5664013624191284,0.01283481065183878,0,1.8052403510140707,1.8052403510140707,1,0,off,0,0,0.0,0.0,0.0,0.0,0.0,0.0,0.0,0.0,0.0,1.8052403510140707,1.8052403510140707
flat,single,0,weighted_cka,0,1021,1.413666475753415,300.0,0.45349183678627014,0.011430764570832253,0,1.413666475753415,1.413666475753415,1,0,off,0,0,0.0,0.0,0.0,0.0,0.0,0.0,0.0,0.0,0.0,1.413666475753415,1.413666475753415
flat,single,0,weighted_cka,0,1022,1.129899367247707,300.0,0.38343119621276855,0.0941079631447792,0,1.129899367247707,1.129899367247707,1,0,off,0,0,0.0,0.0,0.0,0.0,0.0,0.0,0.0,0.0,0.0,1.129899367247707,1.129899367247707
flat,single,0,weighted_cka,0,1023,1.73541186533186,300.0,0.5481533408164978,0.14799818396568298,0,1.73541186533186,1.73541186533186,1,0,off,0,0,0.0,0.0,0.0,0.0,0.0,0.0,0.0,0.0,0.0,1.73541186533186,1.73541186533186
flat,single,0,weighted_cka,0,1024,3.1308300430911173,220.0,0.7043723464012146,0.7023488879203796,1,3.1308300430911173,3.1308300430911173,1,0,off,0,0,0.0,0.0,0.0,0.0,0.0,0.0,0.0,0.0,0.0,3.1308300430911173,3.1308300430911173
flat,single,0,weighted_cka,0,1025,2.9409438385055435,270.0,0.7044621706008911,0.7022034525871277,1,2.9409438385055435,2.9409438385055435,1,0,off,0,0,0.0,0.0,0.0,0.0,0.0,0.0,0.0,0.0,0.0,2.9409438385055435,2.9409438385055435
flat,single,0,weighted_cka,0,1026,2.2421335930805766,300.0,0.6130803227424622,0.24915648996829987,0,2.2421335930805766,2.2421335930805766,1,0,off,0,0,0.0,0.0,0.0,0.0,0.0,0.0,0.0,0.0,0.0,2.2421335930805766,2.2421335930805766
flat,single,0,weighted_cka,0,1027,1.6872844713179789,300.0,0.4823339879512787,0.12386953830718994,0,1.6872844713179789,1.6872844713179789,1,0,off,0,0,0.0,0.0,0.0,0.0,0.0,0.0,0.0,0.0,0.0,1.6872844713179789,1.6872844713179789
flat,single,0,weighted_cka,0,1028,2.350873374205001,300.0,0.6176360249519348,0.27090415358543396,0,2.350873374205001,2.350873374205001,1,0,off,0,0,0.0,0.0,0.0,0.0,0.0,0.0,0.0,0.0,0.0,2.350873374205001,2.350873374205001
flat,single,0,weighted_cka,0,1029,2.208570510882417,300.0,0.5913985371589661,0.14166449010372162,0,2.208570510882417,2.208570510882417,1,0,off,0,0,0.0,0.0,0.0,0.0,0.0,0.0,0.0,0.0,0.0,2.208570510882417,2.208570510882417
flat,single,0,weighted_cka,0,1030,3.067497572947292,248.0,0.7041535973548889,0.7017378807067871,1,3.067497572947292,3.067497572947292,1,0,off,0,0,0.0,0.0,0.0,0.0,0.0,0.0,0.0,0.0,0.0,3.067497572947292,3.067497572947292
flat,single,0,weighted_cka,0,1031,2.194399853177565,300.0,0.596495509147644,0.16175052523612976,0,2.194399853177565,2.194399853177565,1,0,off,0,0,0.0,0.0,0.0,0.0,0.0,0.0,0.0,0.0,0.0,2.194399853177565,2.194399853177565
flat,single,0,weighted_cka,0,1032,3.14432264965074,217.0,0.7038894891738892,0.7023488879203796,1,3.14432264965074,3.14432264965074,1,0,off,0,0,0.0,0.0,0.0,0.0,0.0,0.0,0.0,0.0,0.0,3.14432264965074,3.14432264965074
flat,single,0,weighted_cka,0,1033,1.2718949901318397,300.0,0.4560346007347107,0.000759242451749742,0,1.2718949901318397,1.2718949901318397,1,0,off,0,0,0.0,0.0,0.0,0.0,0.0,0.0,0.0,0.0,0.0,1.2718949901318397,1.2718949901318397
flat,single,0,weighted_cka,0,1034,2.907535032412736,281.0,0.7051002383232117,0.7023488879203796,1,2.907535032412736,2.907535032412736,1,0,off,0,0,0.0,0.0,0.0,0.0,0.0,0.0,0.0,0.0,0.0,2.907535032412736,2.907535032412736
flat,single,0,weighted_cka,0,1035,3.1259493515857018,218.0,0.7038663625717163,0.7023488879203796,1,3.1259493515857018,3.1259493515857018,1,0,off,0,0,0.0,0.0,0.0,0.0,0.0,0.0,0.0,0.0,0.0,3.1259493515857018,3.1259493515857018
flat,single,0,weighted_cka,0,1036,3.131088426634879,222.0,0.7042254209518433,0.7022826671600342,1,3.131088426634879,3.131088426634879,1,0,off,0,0,0.0,0.0,0.0,0.0,0.0,0.0,0.0,0.0,0.0,3.131088426634879,3.131088426634879
flat,single,0,weighted_cka,0,1037,1.3247550284722807,300.0,0.44620800018310547,0.016716444864869118,0,1.3247550284722807,1.3247550284722807,1,0,off,0,0,0.0,0.0,0.0,0.0,0.0,0.0,0.0,0.0,0.0,1.3247550284722807,1.3247550284722807
flat,single,0,weighted_cka,0,1038,1.3979211070327424,300.0,0.4540988802909851,0.0005811229930259287,0,1.3979211070327424,1.3979211070327424,1,0,off,0,0,0.0,0.0,0.0,0.0,0.0,0.0,0.0,0.0,0.0,1.3979211070327424,1.3979211070327424
flat,single,0,weighted_cka,0,1039,3.1280573878408346,220.0,0.703091025352478,0.7007803916931152,1,3.1280573878408346,3.1280573878408346,1,0,off,0,0,0.0,0.0,0.0,0.0,0.0,0.0,0.0,0.0,0.0,3.1280573878408346,3.1280573878408346
flat,single,0,weighted_cka,0,1040,2.2519636376886396,300.0,0.6194454431533813,0.27541789412498474,0,2.2519636376886396,2.2519636376886396,1,0,off,0,0,0.0,0.0,0.0,0.0,0.0,0.0,0.0,0.0,0.0,2.2519636376886396,2.2519636376886396
flat,single,0,weighted_cka,0,1041,1.9917247312770527,300.0,0.5747884511947632,0.05855323374271393,0,1.9917247312770527,1.9917247312770527,1,0,off,0,0,0.0,0.0,0.0,0.0,0.0,0.0,0.0,0.0,0.0,1.9917247312770527,1.9917247312770527
flat,single,0,weighted_cka,0,1042,3.0876922156852658,227.0,0.7033175230026245,0.7010350227355957,1,3.0876922156852658,3.0876922156852658,1,0,off,0,0,0.0,0.0,0.0,0.0,0.0,0.0,0.0,0.0,0.0,3.0876922156852658,3.0876922156852658
flat,single,0,weighted_cka,0,1043,3.0984149184310796,225.0,0.7042834162712097,0.7023488879203796,1,3.0984149184310796,3.0984149184310796,1,0,off,0,0,0.0,0.0,0.0,0.0,0.0,0.0,0.0,0.0,0.0,3.0984149184310796,3.0984149184310796
flat,single,0,weighted_cka,0,1044,2.154449715474037,300.0,0.5885459184646606,0.12961596250534058,0,2.154449715474037,2.154449715474037,1,0,off,0,0,0.0,0.0,0.0,0.0,0.0,0.0,0.0,0.0,0.0,2.154449715474037,2.154449715474037
flat,single,0,weighted_cka,0,1045,2.350749834207271,300.0,0.6160796880722046,0.2702420651912689,0,2.350749834207271,2.350749834207271,1,0,off,0,0,0.0,0.0,0.0,0.0,0.0,0.0,0.0,0.0,0.0,2.350749834207271,2.350749834207271
flat,single,0,weighted_cka,0,1046,3.098458419516376,224.0,0.7049278020858765,0.7023488879203796,1,3.098458419516376,3.098458419516376,1,0,off,0,0,0.0,0.0,0.0,0.0,0.0,0.0,0.0,0.0,0.0,3.098458419516376,3.098458419516376
flat,single,0,weighted_cka,0,1047,2.259994110340976,300.0,0.6264320015907288,0.31395214796066284,0,2.259994110340976,2.259994110340976,1,0,off,0,0,0.0,0.0,0.0,0.0,0.0,0.0,0.0,0.0,0.0,2.259994110340976,2.259994110340976
flat,single,0,weighted_cka,0,1048,2.2040163362018106,300.0,0.6082733869552612,0.2239232063293457,0,2.2040163362018106,2.2040163362018106,1,0,off,0,0,0.0,0.0,0.0,0.0,0.0,0.0,0.0,0.0,0.0,2.2040163362018106,2.2040163362018106
flat,single,0,weighted_cka,0,1049,0.8417251495680818,300.0,0.3306465148925781,0.0002969202760141343,0,0.8417251495680818,0.8417251495680818,1,0,off,0,0,0.0,0.0,0.0,0.0,0.0,0.0,0.0,0.0,0.0,0.8417251495680818,0.8417251495680818
flat,single,0,weighted_cka,0,1050,2.146700661864564,300.0,0.5922390222549438,0.14635097980499268,0,2.146700661864564,2.146700661864564,1,0,off,0,0,0.0,0.0,0.0,0.0,0.0,0.0,0.0,0.0,0.0,2.146700661864564,2.146700661864564
flat,single,0,weighted_cka,0,1051,1.746509080421673,300.0,0.5515246987342834,0.14248542487621307,0,1.746509080421673,1.746509080421673,1,0,off,0,0,0.0,0.0,0.0,0.0,0.0,0.0,0.0,0.0,0.0,1.746509080421673,1.746509080421673
flat,single,0,weighted_cka,0,1052,1.9819161415491617,300.0,0.5681994557380676,0.03066454455256462,0,1.9819161415491617,1.9819161415491617,1,0,off,0,0,0.0,0.0,0.0,0.0,0.0,0.0,0.0,0.0,0.0,1.9819161415491617,1.9819161415491617
flat,single,0,weighted_cka,0,1053,1.7531677228311295,300.0,0.5641253590583801,0.0015378021635115147,0,1.7531677228311295,1.7531677228311295,1,0,off,0,0,0.0,0.0,0.0,0.0,0.0,0.0,0.0,0.0,0.0,1.7531677228311295,1.7531677228311295
flat,single,0,weighted_cka,0,1054,2.1952797669851343,300.0,0.597926914691925,0.17824798822402954,0,2.1952797669851343,2.1952797669851343,1,0,off,0,0,0.0,0.0,0.0,0.0,0.0,0.0,0.0,0.0,0.0,2.1952797669851343,2.1952797669851343
flat,single,0,weighted_cka,0,1055,2.2056071795070906,300.0,0.602904736995697,0.19772425293922424,0,2.2056071795070906,2.2056071795070906,1,0,off,0,0,0.0,0.0,0.0,0.0,0.0,0.0,0.0,0.0,0.0,2.2056071795070906,2.2056071795070906
flat,single,0,weighted_cka,0,1056,1.8137173188424627,300.0,0.5476184487342834,0.13495248556137085,0,1.8137173188424627,1.8137173188424627,1,0,off,0,0,0.0,0.0,0.0,0.0,0.0,0.0,0.0,0.0,0.0,1.8137173188424627,1.8137173188424627
flat,single,0,weighted_cka,0,1057,2.2007839156578584,300.0,0.589157223701477,0.12961596250534058,0,2.2007839156578584,2.2007839156578584,1,0,off,0,0,0.0,0.0,0.0,0.0,0.0,0.0,0.0,0.0,0.0,2.2007839156578584,2.2007839156578584
flat,single,0,weighted_cka,0,1058,2.4064141278811695,300.0,0.6364061236381531,0.3667706549167633,0,2.4064141278811695,2.4064141278811695,1,0,off,0,0,0.0,0.0,0.0,0.0,0.0,0.0,0.0,0.0,0.0,2.4064141278811695,2.4064141278811695
flat,single,0,weighted_cka,0,1059,2.2193833390887434,300.0,0.5908975005149841,0.14166449010372162,0,2.2193833390887434,2.2193833390887434,1,0,off,0,0,0.0,0.0,0.0,0.0,0.0,0.0,0.0,0.0,0.0,2.2193833390887434,2.2193833390887434
flat,single,0,weighted_cka,0,1060,2.2711606300420826,300.0,0.621463418006897,0.28810644149780273,0,2.2711606300420826,2.2711606300420826,1,0,off,0,0,0.0,0.0,0.0,0.0,0.0,0.0,0.0,0.0,0.0,2.2711606300420826,2.2711606300420826
flat,single,0,weighted_cka,0,1061,2.177157521035177,300.0,0.5866063833236694,0.1210610419511795,0,2.177157521035177,2.177157521035177,1,0,off,0,0,0.0,0.0,0.0,0.0,0.0,0.0,0.0,0.0,0.0,2.177157521035177,2.177157521035177
flat,single,0,weighted_cka,0,1062,2.3462877571640988,300.0,0.6397880911827087,0.38598722219467163,0,2.3462877571640988,2.3462877571640988,1,0,off,0,0,0.0,0.0,0.0,0.0,0.0,0.0,0.0,0.0,0.0,2.3462877571640988,2.3462877571640988
flat,single,0,weighted_cka,0,1063,2.2687359969107987,300.0,0.614250659942627,0.25323715806007385,0,2.2687359969107987,2.2687359969107987,1,0,off,0,0,0.0,0.0,0.0,0.0,0.0,0.0,0.0,0.0,0.0,2.2687359969107987,2.2687359969107987
flat,single,0,weighted_cka,0,1064,1.3498308077250827,300.0,0.4550742506980896,0.0020441946107894182,0,1.3498308077250827,1.3498308077250827,1,0,off,0,0,0.0,0.0,0.0,0.0,0.0,0.0,0.0,0.0,0.0,1.3498308077250827,1.3498308077250827
flat,single,0,weighted_cka,0,1065,2.180889882690643,300.0,0.5944765210151672,0.16256944835186005,0,2.180889882690643,2.180889882690643,1,0,off,0,0,0.0,0.0,0.0,0.0,0.0,0.0,0.0,0.0,0.0,2.180889882690643,2.180889882690643
flat,single,0,weighted_cka,0,1066,1.798898618300178,300.0,0.5525314211845398,0.1210610419511795,0,1.798898618300178,1.798898618300178,1,0,off,0,0,0.0,0.0,0.0,0.0,0.0,0.0,0.0,0.0,0.0,1.798898618300178,1.798898618300178
flat,single,0,weighted_cka,0,1067,3.134856791013152,245.0,0.7049666047096252,0.7023488879203796,1,3.134856791013152,3.134856791013152,1,0,off,0,0,0.0,0.0,0.0,0.0,0.0,0.0,0.0,0.0,0.0,3.134856791013152,3.134856791013152
flat,single,0,weighted_cka,0,1068,2.9165093507747755,300.0,0.7046063542366028,0.7023488879203796,1,2.9165093507747755,2.9165093507747755,1,0,off,0,0,0.0,0.0,0.0,0.0,0.0,0.0,0.0,0.0,0.0,2.9165093507747755,2.9165093507747755
flat,single,0,weighted_cka,0,1069,2.4471954937645126,300.0,0.6556123495101929,0.4656364321708679,0,2.4471954937645126,2.4471954937645126,1,0,off,0,0,0.0,0.0,0.0,0.0,0.0,0.0,0.0,0.0,0.0,2.4471954937645126,2.4471954937645126
flat,single,0,weighted_cka,0,1070,1.9104108128289212,300.0,0.5642896890640259,0.008962465450167656,0,1.9104108128289212,1.9104108128289212,1,0,off,0,0,0.0,0.0,0.0,0.0,0.0,0.0,0.0,0.0,0.0,1.9104108128289212,1.9104108128289212
flat,single,0,weighted_cka,0,1071,2.3432609660375405,300.0,0.626218855381012,0.3142947554588318,0,2.3432609660375405,2.3432609660375405,1,0,off,0,0,0.0,0.0,0.0,0.0,0.0,0.0,0.0,0.0,0.0,2.3432609660375405,2.3432609660375405
flat,single,0,weighted_cka,0,1072,2.2992585797230944,300.0,0.6134902238845825,0.25323715806007385,0,2.2992585797230944,2.2992585797230944,1,0,off,0,0,0.0,0.0,0.0,0.0,0.0,0.0,0.0,0.0,0.0,2.2992585797230944,2.2992585797230944
flat,single,0,weighted_cka,0,1073,2.1536308767489345,300.0,0.5872218608856201,0.1210610419511795,0,2.1536308767489345,2.1536308767489345,1,0,off,0,0,0.0,0.0,0.0,0.0,0.0,0.0,0.0,0.0,0.0,2.1536308767489345,2.1536308767489345
flat,single,0,weighted_cka,0,1074,1.869739422084244,300.0,0.5678998231887817,0.022196725010871887,0,1.869739422084244,1.869739422084244,1,0,off,0,0,0.0,0.0,0.0,0.0,0.0,0.0,0.0,0.0,0.0,1.869739422084244,1.869739422084244
flat,single,0,weighted_cka,0,1075,1.848468150105326,300.0,0.5644156336784363,0.006596926599740982,0,1.848468150105326,1.848468150105326,1,0,off,0,0,0.0,0.0,0.0,0.0,0.0,0.0,0.0,0.0,0.0,1.848468150105326,1.848468150105326
flat,single,0,weighted_cka,0,1076,2.3023005441022164,300.0,0.6061209440231323,0.21629007160663605,0,2.3023005441022164,2.3023005441022164,1,0,off,0,0,0.0,0.0,0.0,0.0,0.0,0.0,0.0,0.0,0.0,2.3023005441022164,2.3023005441022164
flat,single,0,weighted_cka,0,1077,2.197595324472239,300.0,0.6038579940795898,0.19749441742897034,0,2.197595324472239,2.197595324472239,1,0,off,0,0,0.0,0.0,0.0,0.0,0.0,0.0,0.0,0.0,0.0,2.197595324472239,2.197595324472239
flat,single,0,weighted_cka,0,1078,2.033056076490219,300.0,0.5755586624145508,0.0636596828699112,0,2.033056076490219,2.033056076490219,1,0,off,0,0,0.0,0.0,0.0,0.0,0.0,0.0,0.0,0.0,0.0,2.033056076490219,2.033056076490219
flat,single,0,weighted_cka,0,1079,0.8030158113047934,300.0,0.31173062324523926,0.0029244713950902224,0,0.8030158113047934,0.8030158113047934,1,0,off,0,0,0.0,0.0,0.0,0.0,0.0,0.0,0.0,0.0,0.0,0.8030158113047934,0.8030158113047934
flat,single,0,weighted_cka,0,1080,2.314918802300234,300.0,0.609516978263855,0.23195263743400574,0,2.314918802300234,2.314918802300234,1,0,off,0,0,0.0,0.0,0.0,0.0,0.0,0.0,0.0,0.0,0.0,2.314918802300234,2.314918802300234
flat,single,0,weighted_cka,0,1081,3.1229486540800413,246.0,0.7028139233589172,0.7012068629264832,1,3.1229486540800413,3.1229486540800413,1,0,off,0,0,0.0,0.0,0.0,0.0,0.0,0.0,0.0,0.0,0.0,3.1229486540800413,3.1229486540800413
flat,single,0,weighted_cka,0,1082,3.0955305790816916,226.0,0.7052839994430542,0.7017855048179626,1,3.0955305790816916,3.0955305790816916,1,0,off,0,0,0.0,0.0,0.0,0.0,0.0,0.0,0.0,0.0,0.0,3.0955305790816916,3.0955305790816916
flat,single,0,weighted_cka,0,1083,3.087547714249084,230.0,0.7038676142692566,0.7005702257156372,1,3.087547714249084,3.087547714249084,1,0,off,0,0,0.0,0.0,0.0,0.0,0.0,0.0,0.0,0.0,0.0,3.087547714249084,3.087547714249084
flat,single,0,weighted_cka,0,1084,2.8995665097627095,277.0,0.7047476768493652,0.7002217173576355,1,2.8995665097627095,2.8995665097627095,1,0,off,0,0,0.0,0.0,0.0,0.0,0.0,0.0,0.0,0.0,0.0,2.8995665097627095,2.8995665097627095
flat,single,0,weighted_cka,0,1085,3.1349241233302734,220.0,0.7025929093360901,0.70001220703125,1,3.1349241233302734,3.1349241233302734,1,0,off,0,0,0.0,0.0,0.0,0.0,0.0,0.0,0.0,0.0,0.0,3.1349241233302734,3.1349241233302734
flat,single,0,weighted_cka,0,1086,1.7416630094085108,300.0,0.5028551816940308,0.0941816195845604,0,1.7416630094085108,1.7416630094085108,1,0,off,0,0,0.0,0.0,0.0,0.0,0.0,0.0,0.0,0.0,0.0,1.7416630094085108,1.7416630094085108
flat,single,0,weighted_cka,0,1087,1.7403288999339552,300.0,0.5246524214744568,0.1210610419511795,0,1.7403288999339552,1.7403288999339552,1,0,off,0,0,0.0,0.0,0.0,0.0,0.0,0.0,0.0,0.0,0.0,1.7403288999339552,1.7403288999339552
flat,single,0,weighted_cka,0,1088,-0.0895572322976487,300.0,0.1858872026205063,2.7441732527222484e-05,0,-0.0895572322976487,-0.0895572322976487,1,0,off,0,0,0.0,0.0,0.0,0.0,0.0,0.0,0.0,0.0,0.0,-0.0895572322976487,-0.0895572322976487
flat,single,0,weighted_cka,0,1089,2.303918753540189,300.0,0.6271339654922485,0.3208374083042145,0,2.303918753540189,2.303918753540189,1,0,off,0,0,0.0,0.0,0.0,0.0,0.0,0.0,0.0,0.0,0.0,2.303918753540189,2.303918753540189
flat,single,0,weighted_cka,0,1090,2.3506146899325344,300.0,0.6529603004455566,0.4499455690383911,0,2.3506146899325344,2.3506146899325344,1,0,off,0,0,0.0,0.0,0.0,0.0,0.0,0.0,0.0,0.0,0.0,2.3506146899325344,2.3506146899325344
flat,single,0,weighted_cka,0,1091,2.2208162607479593,300.0,0.6038000583648682,0.19772425293922424,0,2.2208162607479593,2.2208162607479593,1,0,off,0,0,0.0,0.0,0.0,0.0,0.0,0.0,0.0,0.0,0.0,2.2208162607479593,2.2208162607479593
flat,single,0,weighted_cka,0,1092,1.403171252925175,300.0,0.4520692229270935,0.0037920107133686543,0,1.403171252925175,1.403171252925175,1,0,off,0,0,0.0,0.0,0.0,0.0,0.0,0.0,0.0,0.0,0.0,1.403171252925175,1.403171252925175
flat,single,0,weighted_cka,0,1093,2.3135363249788483,300.0,0.6210465431213379,0.2874925136566162,0,2.3135363249788483,2.3135363249788483,1,0,off,0,0,0.0,0.0,0.0,0.0,0.0,0.0,0.0,0.0,0.0,2.3135363249788483,2.3135363249788483
flat,single,0,weighted_cka,0,1094,2.2703629906447347,300.0,0.6154788732528687,0.26004263758659363,0,2.2703629906447347,2.2703629906447347,1,0,off,0,0,0.0,0.0,0.0,0.0,0.0,0.0,0.0,0.0,0.0,2.2703629906447347,2.2703629906447347
flat,single,0,weighted_cka,0,1095,2.4114166826942434,300.0,0.6318055391311646,0.34745579957962036,0,2.4114166826942434,2.4114166826942434,1,0,off,0,0,0.0,0.0,0.0,0.0,0.0,0.0,0.0,0.0,0.0,2.4114166826942434,2.4114166826942434
flat,single,0,weighted_cka,0,1096,1.3780857106903555,300.0,0.4630435109138489,0.013264112174510956,0,1.3780857106903555,1.3780857106903555,1,0,off,0,0,0.0,0.0,0.0,0.0,0.0,0.0,0.0,0.0,0.0,1.3780857106903555,1.3780857106903555
flat,single,0,weighted_cka,0,1097,2.311819613443923,300.0,0.6252378225326538,0.3063500225543976,0,2.311819613443923,2.311819613443923,1,0,off,0,0,0.0,0.0,0.0,0.0,0.0,0.0,0.0,0.0,0.0,2.311819613443923,2.311819613443923
flat,single,0,weighted_cka,0,1098,1.3292483532219181,300.0,0.4472900331020355,0.13133405148983002,0,1.3292483532219181,1.3292483532219181,1,0,off,0,0,0.0,0.0,0.0,0.0,0.0,0.0,0.0,0.0,0.0,1.3292483532219181,1.3292483532219181
flat,single,0,weighted_cka,0,1099,3.0800420448006176,238.0,0.7041816711425781,0.7012636065483093,1,3.0800420448006176,3.0800420448006176,1,0,off,0,0,0.0,0.0,0.0,0.0,0.0,0.0,0.0,0.0,0.0,3.0800420448006176,3.0800420448006176
flat,single,0,weighted_cka,0,1100,3.1451398065739764,238.0,0.703620433807373,0.7001280188560486,1,3.1451398065739764,3.1451398065739764,1,0,off,0,0,0.0,0.0,0.0,0.0,0.0,0.0,0.0,0.0,0.0,3.1451398065739764,3.1451398065739764
flat,single,0,weighted_cka,0,1101,3.182651839957804,228.0,0.7046910524368286,0.7023488879203796,1,3.182651839957804,3.182651839957804,1,0,off,0,0,0.0,0.0,0.0,0.0,0.0,0.0,0.0,0.0,0.0,3.182651839957804,3.182651839957804
flat,single,0,weighted_cka,0,1102,2.295052621121748,300.0,0.6318334341049194,0.344730019569397,0,2.295052621121748,2.295052621121748,1,0,off,0,0,0.0,0.0,0.0,0.0,0.0,0.0,0.0,0.0,0.0,2.295052621121748,2.295052621121748
flat,single,0,weighted_cka,0,1103,1.7761872604482036,300.0,0.563261866569519,0.0016721731517463923,0,1.7761872604482036,1.7761872604482036,1,0,off,0,0,0.0,0.0,0.0,0.0,0.0,0.0,0.0,0.0,0.0,1.7761872604482036,1.7761872604482036
flat,single,0,weighted_cka,0,1104,2.2559232390380224,300.0,0.6186254024505615,0.27022749185562134,0,2.2559232390380224,2.2559232390380224,1,0,off,0,0,0.0,0.0,0.0,0.0,0.0,0.0,0.0,0.0,0.0,2.2559232390380224,2.2559232390380224
flat,single,0,weighted_cka,0,1105,2.174648366158457,300.0,0.594566285610199,0.15083180367946625,0,2.174648366158457,2.174648366158457,1,0,off,0,0,0.0,0.0,0.0,0.0,0.0,0.0,0.0,0.0,0.0,2.174648366158457,2.174648366158457
flat,single,0,weighted_cka,0,1106,2.2633760151629074,300.0,0.6160454154014587,0.27022749185562134,0,2.2633760151629074,2.2633760151629074,1,0,off,0,0,0.0,0.0,0.0,0.0,0.0,0.0,0.0,0.0,0.0,2.2633760151629074,2.2633760151629074
flat,single,0,weighted_cka,0,1107,2.2686142319118545,300.0,0.6015630960464478,0.18624629080295563,0,2.2686142319118545,2.2686142319118545,1,0,off,0,0,0.0,0.0,0.0,0.0,0.0,0.0,0.0,0.0,0.0,2.2686142319118545,2.2686142319118545
flat,single,0,weighted_cka,0,1108,2.3795422520670613,300.0,0.6126148700714111,0.2525096535682678,0,2.3795422520670613,2.3795422520670613,1,0,off,0,0,0.0,0.0,0.0,0.0,0.0,0.0,0.0,0.0,0.0,2.3795422520670613,2.3795422520670613
flat,single,0,weighted_cka,0,1109,2.3324140046664965,300.0,0.630078136920929,0.33002087473869324,0,2.3324140046664965,2.3324140046664965,1,0,off,0,0,0.0,0.0,0.0,0.0,0.0,0.0,0.0,0.0,0.0,2.3324140046664965,2.3324140046664965
flat,single,0,weighted_cka,0,1110,2.4432881076585504,300.0,0.6456578969955444,0.41677865386009216,0,2.4432881076585504,2.4432881076585504,1,0,off,0,0,0.0,0.0,0.0,0.0,0.0,0.0,0.0,0.0,0.0,2.4432881076585504,2.4432881076585504
flat,single,0,weighted_cka,0,1111,1.4770097518630778,300.0,0.45461758971214294,0.025467652827501297,0,1.4770097518630778,1.4770097518630778,1,0,off,0,0,0.0,0.0,0.0,0.0,0.0,0.0,0.0,0.0,0.0,1.4770097518630778,1.4770097518630778
flat,single,0,weighted_cka,0,1112,2.39167712325942,300.0,0.6088123917579651,0.23464550077915192,0,2.39167712325942,2.39167712325942,1,0,off,0,0,0.0,0.0,0.0,0.0,0.0,0.0,0.0,0.0,0.0,2.39167712325942,2.39167712325942
flat,single,0,weighted_cka,0,1113,-0.5090925990836704,300.0,0.08655805885791779,0.0011800830252468586,0,-0.5090925990836704,-0.5090925990836704,1,0,off,0,0,0.0,0.0,0.0,0.0,0.0,0.0,0.0,0.0,0.0,-0.5090925990836704,-0.5090925990836704
flat,single,0,weighted_cka,0,1114,0.8037226264525078,300.0,0.35584843158721924,0.10000000149011612,0,0.8037226264525078,0.8037226264525078,1,0,off,0,0,0.0,0.0,0.0,0.0,0.0,0.0,0.0,0.0,0.0,0.8037226264525078,0.8037226264525078
flat,single,0,weighted_cka,0,1115,2.2364940221800866,300.0,0.6038033366203308,0.2053106129169464,0,2.2364940221800866,2.2364940221800866,1,0,off,0,0,0.0,0.0,0.0,0.0,0.0,0.0,0.0,0.0,0.0,2.2364940221800866,2.2364940221800866
flat,single,0,weighted_cka,0,1116,2.2975890721136256,300.0,0.6397644281387329,0.3788749575614929,0,2.2975890721136256,2.2975890721136256,1,0,off,0,0,0.0,0.0,0.0,0.0,0.0,0.0,0.0,0.0,0.0,2.2975890721136256,2.2975890721136256
flat,single,0,weighted_cka,0,1117,2.255418285046824,300.0,0.6055415272712708,0.21164752542972565,0,2.255418285046824,2.255418285046824,1,0,off,0,0,0.0,0.0,0.0,0.0,0.0,0.0,0.0,0.0,0.0,2.255418285046824,2.255418285046824
flat,single,0,weighted_cka,0,1118,2.411557173662821,300.0,0.6437643766403198,0.40464234352111816,0,2.411557173662821,2.411557173662821,1,0,off,0,0,0.0,0.0,0.0,0.0,0.0,0.0,0.0,0.0,0.0,2.411557173662821,2.411557173662821
flat,single,0,weighted_cka,0,1119,2.2660148945578484,300.0,0.5918459892272949,0.1416468620300293,0,2.2660148945578484,2.2660148945578484,1,0,off,0,0,0.0,0.0,0.0,0.0,0.0,0.0,0.0,0.0,0.0,2.2660148945578484,2.2660148945578484
flat,single,0,weighted_cka,0,1120,2.3060713677571556,300.0,0.629518985748291,0.3351026773452759,0,2.3060713677571556,2.3060713677571556,1,0,off,0,0,0.0,0.0,0.0,0.0,0.0,0.0,0.0,0.0,0.0,2.3060713677571556,2.3060713677571556
flat,single,0,weighted_cka,0,1121,2.0339485266586284,300.0,0.5820455551147461,0.09270227700471878,0,2.0339485266586284,2.0339485266586284,1,0,off,0,0,0.0,0.0,0.0,0.0,0.0,0.0,0.0,0.0,0.0,2.0339485266586284,2.0339485266586284
flat,single,0,weighted_cka,0,1122,1.870023544185095,300.0,0.5654601454734802,0.015572338365018368,0,1.870023544185095,1.870023544185095,1,0,off,0,0,0.0,0.0,0.0,0.0,0.0,0.0,0.0,0.0,0.0,1.870023544185095,1.870023544185095
flat,single,0,weighted_cka,0,1123,1.149536324389918,300.0,0.3774585425853729,0.10000000149011612,0,1.149536324389918,1.149536324389918,1,0,off,0,0,0.0,0.0,0.0,0.0,0.0,0.0,0.0,0.0,0.0,1.149536324389918,1.149536324389918
flat,single,0,weighted_cka,0,1124,0.9018800605680086,300.0,0.33099809288978577,0.028372876346111298,0,0.9018800605680086,0.9018800605680086,1,0,off,0,0,0.0,0.0,0.0,0.0,0.0,0.0,0.0,0.0,0.0,0.9018800605680086,0.9018800605680086
flat,single,0,weighted_cka,0,1125,3.125663423755363,246.0,0.7048024535179138,0.7023488879203796,1,3.125663423755363,3.125663423755363,1,0,off,0,0,0.0,0.0,0.0,0.0,0.0,0.0,0.0,0.0,0.0,3.125663423755363,3.125663423755363
flat,single,0,weighted_cka,0,1126,3.0435521911495207,260.0,0.7052932977676392,0.7023488879203796,1,3.0435521911495207,3.0435521911495207,1,0,off,0,0,0.0,0.0,0.0,0.0,0.0,0.0,0.0,0.0,0.0,3.0435521911495207,3.0435521911495207
flat,single,0,weighted_cka,0,1127,2.339113185201221,300.0,0.6140822172164917,0.2525096535682678,0,2.339113185201221,2.339113185201221,1,0,off,0,0,0.0,0.0,0.0,0.0,0.0,0.0,0.0,0.0,0.0,2.339113185201221,2.339113185201221
flat,single,0,weighted_cka,0,1128,3.147307880797422,223.0,0.7041784524917603,0.700221061706543,1,3.147307880797422,3.147307880797422,1,0,off,0,0,0.0,0.0,0.0,0.0,0.0,0.0,0.0,0.0,0.0,3.147307880797422,3.147307880797422
flat,single,0,weighted_cka,0,1129,2.5105698914325316,300.0,0.6893813014030457,0.6353579163551331,0,2.5105698914325316,2.5105698914325316,1,0,off,0,0,0.0,0.0,0.0,0.0,0.0,0.0,0.0,0.0,0.0,2.5105698914325316,2.5105698914325316
flat,single,0,weighted_cka,0,1130,2.9752178319377935,284.0,0.7033708691596985,0.7000699639320374,1,2.9752178319377935,2.9752178319377935,1,0,off,0,0,0.0,0.0,0.0,0.0,0.0,0.0,0.0,0.0,0.0,2.9752178319377935,2.9752178319377935
flat,single,0,weighted_cka,0,1131,3.15005007750471,220.0,0.7047635316848755,0.7023488879203796,1,3.15005007750471,3.15005007750471,1,0,off,0,0,0.0,0.0,0.0,0.0,0.0,0.0,0.0,0.0,0.0,3.15005007750471,3.15005007750471
flat,single,0,weighted_cka,0,1132,3.180011338093317,220.0,0.7041705846786499,0.7009831070899963,1,3.180011338093317,3.180011338093317,1,0,off,0,0,0.0,0.0,0.0,0.0,0.0,0.0,0.0,0.0,0.0,3.180011338093317,3.180011338093317
flat,single,0,weighted_cka,0,1133,1.868113446829419,300.0,0.5659394264221191,0.01257225964218378,0,1.868113446829419,1.868113446829419,1,0,off,0,0,0.0,0.0,0.0,0.0,0.0,0.0,0.0,0.0,0.0,1.868113446829419,1.868113446829419
flat,single,0,weighted_cka,0,1134,1.7581421839990057,300.0,0.5635650753974915,0.0016513426089659333,0,1.7581421839990057,1.7581421839990057,1,0,off,0,0,0.0,0.0,0.0,0.0,0.0,0.0,0.0,0.0,0.0,1.7581421839990057,1.7581421839990057
flat,single,0,weighted_cka,0,1135,1.6033190295548088,300.0,0.4856073260307312,0.0941816195845604,0,1.6033190295548088,1.6033190295548088,1,0,off,0,0,0.0,0.0,0.0,0.0,0.0,0.0,0.0,0.0,0.0,1.6033190295548088,1.6033190295548088
flat,single,0,weighted_cka,0,1136,1.7747710965826613,300.0,0.5653616189956665,0.007414313033223152,0,1.7747710965826613,1.7747710965826613,1,0,off,0,0,0.0,0.0,0.0,0.0,0.0,0.0,0.0,0.0,0.0,1.7747710965826613,1.7747710965826613
flat,single,0,weighted_cka,0,1137,1.8728210841712993,300.0,0.5643141269683838,0.003554625203832984,0,1.8728210841712993,1.8728210841712993,1,0,off,0,0,0.0,0.0,0.0,0.0,0.0,0.0,0.0,0.0,0.0,1.8728210841712993,1.8728210841712993
flat,single,0,weighted_cka,0,1138,0.7266879550676082,300.0,0.32639703154563904,0.0026786986272782087,0,0.7266879550676082,0.7266879550676082,1,0,off,0,0,0.0,0.0,0.0,0.0,0.0,0.0,0.0,0.0,0.0,0.7266879550676082,0.7266879550676082
flat,single,0,weighted_cka,0,1139,3.2123151191907806,222.0,0.7021672129631042,0.7002264857292175,1,3.2123151191907806,3.2123151191907806,1,0,off,0,0,0.0,0.0,0.0,0.0,0.0,0.0,0.0,0.0,0.0,3.2123151191907806,3.2123151191907806
flat,single,0,weighted_cka,0,1140,2.2975450379908793,300.0,0.626063346862793,0.31711339950561523,0,2.2975450379908793,2.2975450379908793,1,0,off,0,0,0.0,0.0,0.0,0.0,0.0,0.0,0.0,0.0,0.0,2.2975450379908793,2.2975450379908793
flat,single,0,weighted_cka,0,1141,1.335985953399812,300.0,0.4491923451423645,0.0005766499671153724,0,1.335985953399812,1.335985953399812,1,0,off,0,0,0.0,0.0,0.0,0.0,0.0,0.0,0.0,0.0,0.0,1.335985953399812,1.335985953399812
flat,single,0,weighted_cka,0,1142,2.2022807477523187,300.0,0.5992323756217957,0.18298204243183136,0,2.2022807477523187,2.2022807477523187,1,0,off,0,0,0.0,0.0,0.0,0.0,0.0,0.0,0.0,0.0,0.0,2.2022807477523187,2.2022807477523187
flat,single,0,weighted_cka,0,1143,1.2703732286608997,300.0,0.44285982847213745,0.005925992503762245,0,1.2703732286608997,1.2703732286608997,1,0,off,0,0,0.0,0.0,0.0,0.0,0.0,0.0,0.0,0.0,0.0,1.2703732286608997,1.2703732286608997
flat,single,0,weighted_cka,0,1144,2.4205039556421966,300.0,0.6756377220153809,0.5631734728813171,0,2.4205039556421966,2.4205039556421966,1,0,off,0,0,0.0,0.0,0.0,0.0,0.0,0.0,0.0,0.0,0.0,2.4205039556421966,2.4205039556421966
flat,single,0,weighted_cka,0,1145,0.3219929417618448,300.0,0.21151021122932434,2.9269624064909294e-05,0,0.3219929417618448,0.3219929417618448,1,0,off,0,0,0.0,0.0,0.0,0.0,0.0,0.0,0.0,0.0,0.0,0.3219929417618448,0.3219929417618448
flat,single,0,weighted_cka,0,1146,2.1567138076701657,300.0,0.5880061984062195,0.12107909470796585,0,2.1567138076701657,2.1567138076701657,1,0,off,0,0,0.0,0.0,0.0,0.0,0.0,0.0,0.0,0.0,0.0,2.1567138076701657,2.1567138076701657
flat,single,0,weighted_cka,0,1147,1.9695219461980162,300.0,0.5732359886169434,0.04816019907593727,0,1.9695219461980162,1.9695219461980162,1,0,off,0,0,0.0,0.0,0.0,0.0,0.0,0.0,0.0,0.0,0.0,1.9695219461980162,1.9695219461980162
flat,single,0,weighted_cka,0,1148,0.9420272647349792,300.0,0.4284324049949646,0.001709885080344975,0,0.9420272647349792,0.9420272647349792,1,0,off,0,0,0.0,0.0,0.0,0.0,0.0,0.0,0.0,0.0,0.0,0.9420272647349792,0.9420272647349792
flat,single,0,weighted_cka,0,1149,2.2800572572383757,300.0,0.6194261908531189,0.28751084208488464,0,2.2800572572383757,2.2800572572383757,1,0,off,0,0,0.0,0.0,0.0,0.0,0.0,0.0,0.0,0.0,0.0,2.2800572572383757,2.2800572572383757
flat,single,0,weighted_cka,0,1150,2.3884355693448,300.0,0.622177243232727,0.29424333572387695,0,2.3884355693448,2.3884355693448,1,0,off,0,0,0.0,0.0,0.0,0.0,0.0,0.0,0.0,0.0,0.0,2.3884355693448,2.3884355693448
flat,single,0,weighted_cka,0,1151,1.3693067308828164,300.0,0.4517037868499756,0.09660858660936356,0,1.3693067308828164,1.3693067308828164,1,0,off,0,0,0.0,0.0,0.0,0.0,0.0,0.0,0.0,0.0,0.0,1.3693067308828164,1.3693067308828164
flat,single,0,weighted_cka,0,1152,2.245918646818403,300.0,0.5958510041236877,0.16338758170604706,0,2.245918646818403,2.245918646818403,1,0,off,0,0,0.0,0.0,0.0,0.0,0.0,0.0,0.0,0.0,0.0,2.245918646818403,2.245918646818403
flat,single,0,weighted_cka,0,1153,2.317062457202546,300.0,0.6491180658340454,0.42577698826789856,0,2.317062457202546,2.317062457202546,1,0,off,0,0,0.0,0.0,0.0,0.0,0.0,0.0,0.0,0.0,0.0,2.317062457202546,2.317062457202546
flat,single,0,weighted_cka,0,1154,2.3157367427103743,300.0,0.6254498362541199,0.3142947554588318,0,2.3157367427103743,2.3157367427103743,1,0,off,0,0,0.0,0.0,0.0,0.0,0.0,0.0,0.0,0.0,0.0,2.3157367427103743,2.3157367427103743
flat,single,0,weighted_cka,0,1155,2.23132375823851,300.0,0.5982243418693542,0.18218308687210083,0,2.23132375823851,2.23132375823851,1,0,off,0,0,0.0,0.0,0.0,0.0,0.0,0.0,0.0,0.0,0.0,2.23132375823851,2.23132375823851
flat,single,0,weighted_cka,0,1156,2.2511748313271696,300.0,0.6224313974380493,0.29291290044784546,0,2.2511748313271696,2.2511748313271696,1,0,off,0,0,0.0,0.0,0.0,0.0,0.0,0.0,0.0,0.0,0.0,2.2511748313271696,2.2511748313271696
flat,single,0,weighted_cka,0,1157,2.18908491413287,300.0,0.5919778943061829,0.1416468620300293,0,2.18908491413287,2.18908491413287,1,0,off,0,0,0.0,0.0,0.0,0.0,0.0,0.0,0.0,0.0,0.0,2.18908491413287,2.18908491413287
flat,single,0,weighted_cka,0,1158,2.2519477380481137,300.0,0.6178575754165649,0.27153280377388,0,2.2519477380481137,2.2519477380481137,1,0,off,0,0,0.0,0.0,0.0,0.0,0.0,0.0,0.0,0.0,0.0,2.2519477380481137,2.2519477380481137
flat,single,0,weighted_cka,0,1159,1.79245268885861,300.0,0.5639084577560425,0.006565413903445005,0,1.79245268885861,1.79245268885861,1,0,off,0,0,0.0,0.0,0.0,0.0,0.0,0.0,0.0,0.0,0.0,1.79245268885861,1.79245268885861
flat,single,0,weighted_cka,0,1160,2.348618827575045,300.0,0.6607423424720764,0.4898016154766083,0,2.348618827575045,2.348618827575045,1,0,off,0,0,0.0,0.0,0.0,0.0,0.0,0.0,0.0,0.0,0.0,2.348618827575045,2.348618827575045
flat,single,0,weighted_cka,0,1161,2.299279535101185,300.0,0.6068150997161865,0.21727994084358215,0,2.299279535101185,2.299279535101185,1,0,off,0,0,0.0,0.0,0.0,0.0,0.0,0.0,0.0,0.0,0.0,2.299279535101185,2.299279535101185
flat,single,0,weighted_cka,0,1162,2.1189713634496092,300.0,0.5878731608390808,0.1210610419511795,0,2.1189713634496092,2.1189713634496092,1,0,off,0,0,0.0,0.0,0.0,0.0,0.0,0.0,0.0,0.0,0.0,2.1189713634496092,2.1189713634496092
flat,single,0,weighted_cka,0,1163,2.2725659108754357,300.0,0.6062441468238831,0.211821511387825,0,2.2725659108754357,2.2725659108754357,1,0,off,0,0,0.0,0.0,0.0,0.0,0.0,0.0,0.0,0.0,0.0,2.2725659108754357,2.2725659108754357
flat,single,0,weighted_cka,0,1164,1.3947955353141865,300.0,0.4448305070400238,0.01481388695538044,0,1.3947955353141865,1.3947955353141865,1,0,off,0,0,0.0,0.0,0.0,0.0,0.0,0.0,0.0,0.0,0.0,1.3947955353141865,1.3947955353141865
flat,single,0,weighted_cka,0,1165,0.9063393647171312,300.0,0.3855411410331726,0.00033180194441229105,0,0.9063393647171312,0.9063393647171312,1,0,off,0,0,0.0,0.0,0.0,0.0,0.0,0.0,0.0,0.0,0.0,0.9063393647171312,0.9063393647171312
flat,single,0,weighted_cka,0,1166,1.2744301441562116,300.0,0.44346266984939575,0.008784668520092964,0,1.2744301441562116,1.2744301441562116,1,0,off,0,0,0.0,0.0,0.0,0.0,0.0,0.0,0.0,0.0,0.0,1.2744301441562116,1.2744301441562116
flat,single,0,weighted_cka,0,1167,2.1857209521066707,300.0,0.58893883228302,0.1210610419511795,0,2.1857209521066707,2.1857209521066707,1,0,off,0,0,0.0,0.0,0.0,0.0,0.0,0.0,0.0,0.0,0.0,2.1857209521066707,2.1857209521066707
flat,single,0,weighted_cka,0,1168,2.221203600387888,300.0,0.6066117882728577,0.21341541409492493,0,2.221203600387888,2.221203600387888,1,0,off,0,0,0.0,0.0,0.0,0.0,0.0,0.0,0.0,0.0,0.0,2.221203600387888,2.221203600387888
flat,single,0,weighted_cka,0,1169,2.1922039170917955,300.0,0.5970185399055481,0.16990940272808075,0,2.1922039170917955,2.1922039170917955,1,0,off,0,0,0.0,0.0,0.0,0.0,0.0,0.0,0.0,0.0,0.0,2.1922039170917955,2.1922039170917955
flat,single,0,weighted_cka,0,1170,2.1341698312736668,300.0,0.5877958536148071,0.1210610419511795,0,2.1341698312736668,2.1341698312736668,1,0,off,0,0,0.0,0.0,0.0,0.0,0.0,0.0,0.0,0.0,0.0,2.1341698312736668,2.1341698312736668
flat,single,0,weighted_cka,0,1171,2.3845388946548596,300.0,0.6521779298782349,0.4408667981624603,0,2.3845388946548596,2.3845388946548596,1,0,off,0,0,0.0,0.0,0.0,0.0,0.0,0.0,0.0,0.0,0.0,2.3845388946548596,2.3845388946548596
flat,single,0,weighted_cka,0,1172,2.192288902200244,300.0,0.5911951065063477,0.14166449010372162,0,2.192288902200244,2.192288902200244,1,0,off,0,0,0.0,0.0,0.0,0.0,0.0,0.0,0.0,0.0,0.0,2.192288902200244,2.192288902200244
flat,single,0,weighted_cka,0,1173,2.280413289078318,300.0,0.6142295002937317,0.2604699432849884,0,2.280413289078318,2.280413289078318,1,0,off,0,0,0.0,0.0,0.0,0.0,0.0,0.0,0.0,0.0,0.0,2.280413289078318,2.280413289078318
flat,single,0,weighted_cka,0,1174,2.1145308936833187,300.0,0.5876943469047546,0.1210610419511795,0,2.1145308936833187,2.1145308936833187,1,0,off,0,0,0.0,0.0,0.0,0.0,0.0,0.0,0.0,0.0,0.0,2.1145308936833187,2.1145308936833187
flat,single,0,weighted_cka,0,1175,2.2409644820111154,300.0,0.5895887613296509,0.12845677137374878,0,2.2409644820111154,2.2409644820111154,1,0,off,0,0,0.0,0.0,0.0,0.0,0.0,0.0,0.0,0.0,0.0,2.2409644820111154,2.2409644820111154
flat,single,0,weighted_cka,0,1176,2.271547266314222,300.0,0.6171463131904602,0.26820600032806396,0,2.271547266314222,2.271547266314222,1,0,off,0,0,0.0,0.0,0.0,0.0,0.0,0.0,0.0,0.0,0.0,2.271547266314222,2.271547266314222
flat,single,0,weighted_cka,0,1177,2.183275106051177,300.0,0.5984185338020325,0.17153051495552063,0,2.183275106051177,2.183275106051177,1,0,off,0,0,0.0,0.0,0.0,0.0,0.0,0.0,0.0,0.0,0.0,2.183275106051177,2.183275106051177
flat,single,0,weighted_cka,0,1178,1.645294877997871,300.0,0.4996055066585541,0.096833735704422,0,1.645294877997871,1.645294877997871,1,0,off,0,0,0.0,0.0,0.0,0.0,0.0,0.0,0.0,0.0,0.0,1.645294877997871,1.645294877997871
flat,single,0,weighted_cka,0,1179,2.1340415061157714,300.0,0.5868514776229858,0.1210610419511795,0,2.1340415061157714,2.1340415061157714,1,0,off,0,0,0.0,0.0,0.0,0.0,0.0,0.0,0.0,0.0,0.0,2.1340415061157714,2.1340415061157714
flat,single,0,weighted_cka,0,1180,2.254105252342189,300.0,0.6170955896377563,0.2771282494068146,0,2.254105252342189,2.254105252342189,1,0,off,0,0,0.0,0.0,0.0,0.0,0.0,0.0,0.0,0.0,0.0,2.254105252342189,2.254105252342189
flat,single,0,weighted_cka,0,1181,1.4580222800941542,300.0,0.5351185202598572,0.011014718562364578,0,1.4580222800941542,1.4580222800941542,1,0,off,0,0,0.0,0.0,0.0,0.0,0.0,0.0,0.0,0.0,0.0,1.4580222800941542,1.4580222800941542
flat,single,0,weighted_cka,0,1182,2.274883136358092,300.0,0.6158080697059631,0.26349684596061707,0,2.274883136358092,2.274883136358092,1,0,off,0,0,0.0,0.0,0.0,0.0,0.0,0.0,0.0,0.0,0.0,2.274883136358092,2.274883136358092
flat,single,0,weighted_cka,0,1183,2.098990325792691,300.0,0.5858924984931946,0.11151766777038574,0,2.098990325792691,2.098990325792691,1,0,off,0,0,0.0,0.0,0.0,0.0,0.0,0.0,0.0,0.0,0.0,2.098990325792691,2.098990325792691
flat,single,0,weighted_cka,0,1184,1.4150923359629801,300.0,0.45950156450271606,0.024104978889226913,0,1.4150923359629801,1.4150923359629801,1,0,off,0,0,0.0,0.0,0.0,0.0,0.0,0.0,0.0,0.0,0.0,1.4150923359629801,1.4150923359629801
flat,single,0,weighted_cka,0,1185,2.3361278513787367,300.0,0.6399587392807007,0.3878878653049469,0,2.3361278513787367,2.3361278513787367,1,0,off,0,0,0.0,0.0,0.0,0.0,0.0,0.0,0.0,0.0,0.0,2.3361278513787367,2.3361278513787367
flat,single,0,weighted_cka,0,1186,0.859433811297639,300.0,0.3276223838329315,0.00022267884924076498,0,0.859433811297639,0.859433811297639,1,0,off,0,0,0.0,0.0,0.0,0.0,0.0,0.0,0.0,0.0,0.0,0.859433811297639,0.859433811297639
flat,single,0,weighted_cka,0,1187,2.232320025600721,300.0,0.5959057211875916,0.16256944835186005,0,2.232320025600721,2.232320025600721,1,0,off,0,0,0.0,0.0,0.0,0.0,0.0,0.0,0.0,0.0,0.0,2.232320025600721,2.232320025600721
flat,single,0,weighted_cka,0,1188,3.1210224068190424,231.0,0.7040433287620544,0.7023488879203796,1,3.1210224068190424,3.1210224068190424,1,0,off,0,0,0.0,0.0,0.0,0.0,0.0,0.0,0.0,0.0,0.0,3.1210224068190424,3.1210224068190424
flat,single,0,weighted_cka,0,1189,1.9083692858343042,300.0,0.5687547922134399,0.0265783853828907,0,1.9083692858343042,1.9083692858343042,1,0,off,0,0,0.0,0.0,0.0,0.0,0.0,0.0,0.0,0.0,0.0,1.9083692858343042,1.9083692858343042
flat,single,0,weighted_cka,0,1190,2.3618259672671913,300.0,0.6202983856201172,0.2874925136566162,0,2.3618259672671913,2.3618259672671913,1,0,off,0,0,0.0,0.0,0.0,0.0,0.0,0.0,0.0,0.0,0.0,2.3618259672671913,2.3618259672671913
flat,single,0,weighted_cka,0,1191,2.3998541507165996,300.0,0.6949754953384399,0.6563270688056946,0,2.3998541507165996,2.3998541507165996,1,0,off,0,0,0.0,0.0,0.0,0.0,0.0,0.0,0.0,0.0,0.0,2.3998541507165996,2.3998541507165996
flat,single,0,weighted_cka,0,1192,3.0860230738474335,228.0,0.7054901719093323,0.7048969864845276,1,3.0860230738474335,3.0860230738474335,1,0,off,0,0,0.0,0.0,0.0,0.0,0.0,0.0,0.0,0.0,0.0,3.0860230738474335,3.0860230738474335
flat,single,0,weighted_cka,0,1193,1.7853323317744056,300.0,0.5630901455879211,0.0018567073857411742,0,1.7853323317744056,1.7853323317744056,1,0,off,0,0,0.0,0.0,0.0,0.0,0.0,0.0,0.0,0.0,0.0,1.7853323317744056,1.7853323317744056
flat,single,0,weighted_cka,0,1194,2.327258900439226,300.0,0.61888587474823,0.2771282494068146,0,2.327258900439226,2.327258900439226,1,0,off,0,0,0.0,0.0,0.0,0.0,0.0,0.0,0.0,0.0,0.0,2.327258900439226,2.327258900439226
flat,single,0,weighted_cka,0,1195,1.9396072540315785,300.0,0.5707177519798279,0.035572659224271774,0,1.9396072540315785,1.9396072540315785,1,0,off,0,0,0.0,0.0,0.0,0.0,0.0,0.0,0.0,0.0,0.0,1.9396072540315785,1.9396072540315785
flat,single,0,weighted_cka,0,1196,1.7861555264920739,300.0,0.5649945735931396,0.010312090627849102,0,1.7861555264920739,1.7861555264920739,1,0,off,0,0,0.0,0.0,0.0,0.0,0.0,0.0,0.0,0.0,0.0,1.7861555264920739,1.7861555264920739
flat,single,0,weighted_cka,0,1197,1.6234948026049083,300.0,0.5653765201568604,0.0551106333732605,0,1.6234948026049083,1.6234948026049083,1,0,off,0,0,0.0,0.0,0.0,0.0,0.0,0.0,0.0,0.0,0.0,1.6234948026049083,1.6234948026049083
flat,single,0,weighted_cka,0,1198,1.7887389560113647,300.0,0.5643380880355835,0.002223772229626775,0,1.7887389560113647,1.7887389560113647,1,0,off,0,0,0.0,0.0,0.0,0.0,0.0,0.0,0.0,0.0,0.0,1.7887389560113647,1.7887389560113647
flat,single,0,weighted_cka,0,1199,3.0811495509102214,261.0,0.70319002866745,0.700226366519928,1,3.0811495509102214,3.0811495509102214,1,0,off,0,0,0.0,0.0,0.0,0.0,0.0,0.0,0.0,0.0,0.0,3.0811495509102214,3.0811495509102214
flat,single,0,weighted_cka,0,1200,3.1024255620373866,225.0,0.7048199772834778,0.7023488879203796,1,3.1024255620373866,3.1024255620373866,1,0,off,0,0,0.0,0.0,0.0,0.0,0.0,0.0,0.0,0.0,0.0,3.1024255620373866,3.1024255620373866
flat,single,0,weighted_cka,0,1201,2.128698086296458,300.0,0.5894678831100464,0.12845677137374878,0,2.128698086296458,2.128698086296458,1,0,off,0,0,0.0,0.0,0.0,0.0,0.0,0.0,0.0,0.0,0.0,2.128698086296458,2.128698086296458
flat,single,0,weighted_cka,0,1202,1.2488770484647818,300.0,0.46075519919395447,0.09382019937038422,0,1.2488770484647818,1.2488770484647818,1,0,off,0,0,0.0,0.0,0.0,0.0,0.0,0.0,0.0,0.0,0.0,1.2488770484647818,1.2488770484647818
flat,single,0,weighted_cka,0,1203,1.2369302575185417,300.0,0.4080449640750885,0.11820310354232788,0,1.2369302575185417,1.2369302575185417,1,0,off,0,0,0.0,0.0,0.0,0.0,0.0,0.0,0.0,0.0,0.0,1.2369302575185417,1.2369302575185417
flat,single,0,weighted_cka,0,1204,1.9968245849908257,300.0,0.5787001252174377,0.07866173982620239,0,1.9968245849908257,1.9968245849908257,1,0,off,0,0,0.0,0.0,0.0,0.0,0.0,0.0,0.0,0.0,0.0,1.9968245849908257,1.9968245849908257
flat,single,0,weighted_cka,0,1205,1.7106758744939712,300.0,0.5634134411811829,0.09660858660936356,0,1.7106758744939712,1.7106758744939712,1,0,off,0,0,0.0,0.0,0.0,0.0,0.0,0.0,0.0,0.0,0.0,1.7106758744939712,1.7106758744939712
flat,single,0,weighted_cka,0,1206,2.225521829633248,300.0,0.6083389520645142,0.22367846965789795,0,2.225521829633248,2.225521829633248,1,0,off,0,0,0.0,0.0,0.0,0.0,0.0,0.0,0.0,0.0,0.0,2.225521829633248,2.225521829633248
flat,single,0,weighted_cka,0,1207,1.9236231452145134,300.0,0.5712661743164062,0.04218237102031708,0,1.9236231452145134,1.9236231452145134,1,0,off,0,0,0.0,0.0,0.0,0.0,0.0,0.0,0.0,0.0,0.0,1.9236231452145134,1.9236231452145134
flat,single,0,weighted_cka,0,1208,2.3940997888695605,300.0,0.6658295392990112,0.5207988619804382,0,2.3940997888695605,2.3940997888695605,1,0,off,0,0,0.0,0.0,0.0,0.0,0.0,0.0,0.0,0.0,0.0,2.3940997888695605,2.3940997888695605
flat,single,0,weighted_cka,0,1209,3.1225033513194362,250.0,0.7038949728012085,0.7004550099372864,1,3.1225033513194362,3.1225033513194362,1,0,off,0,0,0.0,0.0,0.0,0.0,0.0,0.0,0.0,0.0,0.0,3.1225033513194362,3.1225033513194362
flat,single,0,weighted_cka,0,1210,2.3957984114562256,300.0,0.6990882158279419,0.6899062991142273,0,2.3957984114562256,2.3957984114562256,1,0,off,0,0,0.0,0.0,0.0,0.0,0.0,0.0,0.0,0.0,0.0,2.3957984114562256,2.3957984114562256
flat,single,0,weighted_cka,0,1211,2.2835184943732187,300.0,0.6071063876152039,0.2172955721616745,0,2.2835184943732187,2.2835184943732187,1,0,off,0,0,0.0,0.0,0.0,0.0,0.0,0.0,0.0,0.0,0.0,2.2835184943732187,2.2835184943732187
flat,single,0,weighted_cka,0,1212,2.27033896737953,300.0,0.6278849840164185,0.32314860820770264,0,2.27033896737953,2.27033896737953,1,0,off,0,0,0.0,0.0,0.0,0.0,0.0,0.0,0.0,0.0,0.0,2.27033896737953,2.27033896737953
flat,single,0,weighted_cka,0,1213,2.3255713732393346,300.0,0.6417441964149475,0.39070478081703186,0,2.3255713732393346,2.3255713732393346,1,0,off,0,0,0.0,0.0,0.0,0.0,0.0,0.0,0.0,0.0,0.0,2.3255713732393346,2.3255713732393346
flat,single,0,weighted_cka,0,1214,1.7296070443862832,300.0,0.5163496732711792,0.12107909470796585,0,1.7296070443862832,1.7296070443862832,1,0,off,0,0,0.0,0.0,0.0,0.0,0.0,0.0,0.0,0.0,0.0,1.7296070443862832,1.7296070443862832
flat,single,0,weighted_cka,0,1215,2.2319908385993292,300.0,0.6051140427589417,0.2053106129169464,0,2.2319908385993292,2.2319908385993292,1,0,off,0,0,0.0,0.0,0.0,0.0,0.0,0.0,0.0,0.0,0.0,2.2319908385993292,2.2319908385993292
flat,single,0,weighted_cka,0,1216,2.131081433660765,300.0,0.5877391695976257,0.1210610419511795,0,2.131081433660765,2.131081433660765,1,0,off,0,0,0.0,0.0,0.0,0.0,0.0,0.0,0.0,0.0,0.0,2.131081433660765,2.131081433660765
flat,single,0,weighted_cka,0,1217,2.279255731030183,300.0,0.616815447807312,0.2702420651912689,0,2.279255731030183,2.279255731030183,1,0,off,0,0,0.0,0.0,0.0,0.0,0.0,0.0,0.0,0.0,0.0,2.279255731030183,2.279255731030183
flat,single,0,weighted_cka,0,1218,1.3897930904674909,300.0,0.4469184875488281,0.030607936903834343,0,1.3897930904674909,1.3897930904674909,1,0,off,0,0,0.0,0.0,0.0,0.0,0.0,0.0,0.0,0.0,0.0,1.3897930904674909,1.3897930904674909
flat,single,0,weighted_cka,0,1219,2.8721545551551957,289.0,0.7048212289810181,0.7023488879203796,1,2.8721545551551957,2.8721545551551957,1,0,off,0,0,0.0,0.0,0.0,0.0,0.0,0.0,0.0,0.0,0.0,2.8721545551551957,2.8721545551551957
flat,single,0,weighted_cka,0,1220,2.4510767158648363,300.0,0.6970690488815308,0.6707342267036438,0,2.4510767158648363,2.4510767158648363,1,0,off,0,0,0.0,0.0,0.0,0.0,0.0,0.0,0.0,0.0,0.0,2.4510767158648363,2.4510767158648363
flat,single,0,weighted_cka,0,1221,0.8598158685887016,300.0,0.41678279638290405,0.0003053526161238551,0,0.8598158685887016,0.8598158685887016,1,0,off,0,0,0.0,0.0,0.0,0.0,0.0,0.0,0.0,0.0,0.0,0.8598158685887016,0.8598158685887016
flat,single,0,weighted_cka,0,1222,2.4362690826693614,300.0,0.6501733064651489,0.43620559573173523,0,2.4362690826693614,2.4362690826693614,1,0,off,0,0,0.0,0.0,0.0,0.0,0.0,0.0,0.0,0.0,0.0,2.4362690826693614,2.4362690826693614
flat,single,0,weighted_cka,0,1223,2.043447472149584,300.0,0.575454592704773,0.06530217826366425,0,2.043447472149584,2.043447472149584,1,0,off,0,0,0.0,0.0,0.0,0.0,0.0,0.0,0.0,0.0,0.0,2.043447472149584,2.043447472149584
flat,single,0,weighted_cka,0,1224,2.031446934198094,300.0,0.5830873250961304,0.0933321863412857,0,2.031446934198094,2.031446934198094,1,0,off,0,0,0.0,0.0,0.0,0.0,0.0,0.0,0.0,0.0,0.0,2.031446934198094,2.031446934198094
flat,single,0,weighted_cka,0,1225,1.8104609030473497,300.0,0.5625476241111755,0.0013588200090453029,0,1.8104609030473497,1.8104609030473497,1,0,off,0,0,0.0,0.0,0.0,0.0,0.0,0.0,0.0,0.0,0.0,1.8104609030473497,1.8104609030473497
flat,single,0,weighted_cka,0,1226,1.8024851767499044,300.0,0.5638842582702637,0.003932409919798374,0,1.8024851767499044,1.8024851767499044,1,0,off,0,0,0.0,0.0,0.0,0.0,0.0,0.0,0.0,0.0,0.0,1.8024851767499044,1.8024851767499044
flat,single,0,weighted_cka,0,1227,1.877472770879102,300.0,0.5642664432525635,0.0029856846667826176,0,1.877472770879102,1.877472770879102,1,0,off,0,0,0.0,0.0,0.0,0.0,0.0,0.0,0.0,0.0,0.0,1.877472770879102,1.877472770879102
flat,single,0,weighted_cka,0,1228,2.31485161960736,300.0,0.6366535425186157,0.36576682329177856,0,2.31485161960736,2.31485161960736,1,0,off,0,0,0.0,0.0,0.0,0.0,0.0,0.0,0.0,0.0,0.0,2.31485161960736,2.31485161960736
flat,single,0,weighted_cka,0,1229,1.6209392995660878,300.0,0.4643021523952484,0.09098753333091736,0,1.6209392995660878,1.6209392995660878,1,0,off,0,0,0.0,0.0,0.0,0.0,0.0,0.0,0.0,0.0,0.0,1.6209392995660878,1.6209392995660878
flat,single,0,weighted_cka,0,1230,2.4576144872507015,300.0,0.6944533586502075,0.659152090549469,0,2.4576144872507015,2.4576144872507015,1,0,off,0,0,0.0,0.0,0.0,0.0,0.0,0.0,0.0,0.0,0.0,2.4576144872507015,2.4576144872507015
flat,single,0,weighted_cka,0,1231,3.224380580093012,227.0,0.7036299705505371,0.7017457485198975,1,3.224380580093012,3.224380580093012,1,0,off,0,0,0.0,0.0,0.0,0.0,0.0,0.0,0.0,0.0,0.0,3.224380580093012,3.224380580093012
flat,single,0,weighted_cka,0,1232,2.168846094831096,300.0,0.5885967016220093,0.12845677137374878,0,2.168846094831096,2.168846094831096,1,0,off,0,0,0.0,0.0,0.0,0.0,0.0,0.0,0.0,0.0,0.0,2.168846094831096,2.168846094831096
flat,single,0,weighted_cka,0,1233,2.3352440814878044,300.0,0.6501728296279907,0.43895071744918823,0,2.3352440814878044,2.3352440814878044,1,0,off,0,0,0.0,0.0,0.0,0.0,0.0,0.0,0.0,0.0,0.0,2.3352440814878044,2.3352440814878044
flat,single,0,weighted_cka,0,1234,2.1854047135624413,300.0,0.6031565070152283,0.19772425293922424,0,2.1854047135624413,2.1854047135624413,1,0,off,0,0,0.0,0.0,0.0,0.0,0.0,0.0,0.0,0.0,0.0,2.1854047135624413,2.1854047135624413
flat,single,0,weighted_cka,0,1235,2.3387326528101866,300.0,0.6179367303848267,0.2715354859828949,0,2.3387326528101866,2.3387326528101866,1,0,off,0,0,0.0,0.0,0.0,0.0,0.0,0.0,0.0,0.0,0.0,2.3387326528101866,2.3387326528101866
flat,single,0,weighted_cka,0,1236,2.1593839311711696,300.0,0.5863435864448547,0.12107909470796585,0,2.1593839311711696,2.1593839311711696,1,0,off,0,0,0.0,0.0,0.0,0.0,0.0,0.0,0.0,0.0,0.0,2.1593839311711696,2.1593839311711696
flat,single,0,weighted_cka,0,1237,2.349865403550935,300.0,0.6767542958259583,0.568177342414856,0,2.349865403550935,2.349865403550935,1,0,off,0,0,0.0,0.0,0.0,0.0,0.0,0.0,0.0,0.0,0.0,2.349865403550935,2.349865403550935
flat,single,0,weighted_cka,0,1238,3.103335388469072,226.0,0.7056761980056763,0.7023488879203796,1,3.103335388469072,3.103335388469072,1,0,off,0,0,0.0,0.0,0.0,0.0,0.0,0.0,0.0,0.0,0.0,3.103335388469072,3.103335388469072
flat,single,0,weighted_cka,0,1239,3.1836113474369037,226.0,0.7043967843055725,0.7005029320716858,1,3.1836113474369037,3.1836113474369037,1,0,off,0,0,0.0,0.0,0.0,0.0,0.0,0.0,0.0,0.0,0.0,3.1836113474369037,3.1836113474369037
flat,single,0,weighted_cka,0,1240,2.2705194315300545,300.0,0.6169236898422241,0.26892566680908203,0,2.2705194315300545,2.2705194315300545,1,0,off,0,0,0.0,0.0,0.0,0.0,0.0,0.0,0.0,0.0,0.0,2.2705194315300545,2.2705194315300545
flat,single,0,weighted_cka,0,1241,0.8830673443495458,300.0,0.42209944128990173,0.0009955373825505376,0,0.8830673443495458,0.8830673443495458,1,0,off,0,0,0.0,0.0,0.0,0.0,0.0,0.0,0.0,0.0,0.0,0.8830673443495458,0.8830673443495458
flat,single,0,weighted_cka,0,1242,1.8015215539335245,300.0,0.5652341246604919,0.1210610419511795,0,1.8015215539335245,1.8015215539335245,1,0,off,0,0,0.0,0.0,0.0,0.0,0.0,0.0,0.0,0.0,0.0,1.8015215539335245,1.8015215539335245
flat,single,0,weighted_cka,0,1243,1.854015236443955,300.0,0.49798864126205444,0.1180373951792717,0,1.854015236443955,1.854015236443955,1,0,off,0,0,0.0,0.0,0.0,0.0,0.0,0.0,0.0,0.0,0.0,1.854015236443955,1.854015236443955
flat,single,0,weighted_cka,0,1244,1.7888073466150658,300.0,0.5636789202690125,0.0015953386900946498,0,1.7888073466150658,1.7888073466150658,1,0,off,0,0,0.0,0.0,0.0,0.0,0.0,0.0,0.0,0.0,0.0,1.7888073466150658,1.7888073466150658
flat,single,0,weighted_cka,0,1245,2.324588706318899,300.0,0.617421567440033,0.27029773592948914,0,2.324588706318899,2.324588706318899,1,0,off,0,0,0.0,0.0,0.0,0.0,0.0,0.0,0.0,0.0,0.0,2.324588706318899,2.324588706318899
flat,single,0,weighted_cka,0,1246,1.645792898367175,300.0,0.49511924386024475,0.09700925648212433,0,1.645792898367175,1.645792898367175,1,0,off,0,0,0.0,0.0,0.0,0.0,0.0,0.0,0.0,0.0,0.0,1.645792898367175,1.645792898367175
flat,single,0,weighted_cka,0,1247,1.873224397806915,300.0,0.5706226229667664,0.035097118467092514,0,1.873224397806915,1.873224397806915,1,0,off,0,0,0.0,0.0,0.0,0.0,0.0,0.0,0.0,0.0,0.0,1.873224397806915,1.873224397806915
flat,single,0,weighted_cka,0,1248,1.797745645299436,300.0,0.5636539459228516,0.0056355418637394905,0,1.797745645299436,1.797745645299436,1,0,off,0,0,0.0,0.0,0.0,0.0,0.0,0.0,0.0,0.0,0.0,1.797745645299436,1.797745645299436
flat,single,0,weighted_cka,0,1249,3.1575046237745688,244.0,0.7051154375076294,0.7030832767486572,1,3.1575046237745688,3.1575046237745688,1,0,off,0,0,0.0,0.0,0.0,0.0,0.0,0.0,0.0,0.0,0.0,3.1575046237745688,3.1575046237745688
flat,single,0,weighted_cka,0,1250,3.1141509287625073,223.0,0.7044628858566284,0.7023488879203796,1,3.1141509287625073,3.1141509287625073,1,0,off,0,0,0.0,0.0,0.0,0.0,0.0,0.0,0.0,0.0,0.0,3.1141509287625073,3.1141509287625073
flat,single,0,weighted_cka,0,1251,3.001483882209052,249.0,0.7035224437713623,0.7023488879203796,1,3.001483882209052,3.001483882209052,1,0,off,0,0,0.0,0.0,0.0,0.0,0.0,0.0,0.0,0.0,0.0,3.001483882209052,3.001483882209052
flat,single,0,weighted_cka,0,1252,3.1370804570072783,237.0,0.7031601071357727,0.7011759877204895,1,3.1370804570072783,3.1370804570072783,1,0,off,0,0,0.0,0.0,0.0,0.0,0.0,0.0,0.0,0.0,0.0,3.1370804570072783,3.1370804570072783
flat,single,0,weighted_cka,0,1253,2.280147480598547,300.0,0.6273635625839233,0.31899285316467285,0,2.280147480598547,2.280147480598547,1,0,off,0,0,0.0,0.0,0.0,0.0,0.0,0.0,0.0,0.0,0.0,2.280147480598547,2.280147480598547
flat,single,0,weighted_cka,0,1254,2.290897005470832,300.0,0.6214431524276733,0.2951856255531311,0,2.290897005470832,2.290897005470832,1,0,off,0,0,0.0,0.0,0.0,0.0,0.0,0.0,0.0,0.0,0.0,2.290897005470832,2.290897005470832
flat,single,0,weighted_cka,0,1255,2.960173222719602,263.0,0.7040187120437622,0.7005754709243774,1,2.960173222719602,2.960173222719602,1,0,off,0,0,0.0,0.0,0.0,0.0,0.0,0.0,0.0,0.0,0.0,2.960173222719602,2.960173222719602
flat,single,0,weighted_cka,0,1256,2.3523822099810383,300.0,0.6077545285224915,0.22584953904151917,0,2.3523822099810383,2.3523822099810383,1,0,off,0,0,0.0,0.0,0.0,0.0,0.0,0.0,0.0,0.0,0.0,2.3523822099810383,2.3523822099810383
flat,single,0,weighted_cka,0,1257,2.96434293044183,256.0,0.7039958238601685,0.7017081379890442,1,2.96434293044183,2.96434293044183,1,0,off,0,0,0.0,0.0,0.0,0.0,0.0,0.0,0.0,0.0,0.0,2.96434293044183,2.96434293044183
flat,single,0,weighted_cka,0,1258,3.127237061217077,219.0,0.7037264704704285,0.700922966003418,1,3.127237061217077,3.127237061217077,1,0,off,0,0,0.0,0.0,0.0,0.0,0.0,0.0,0.0,0.0,0.0,3.127237061217077,3.127237061217077
flat,single,0,weighted_cka,0,1259,3.1518229157929296,229.0,0.7030522227287292,0.7001280188560486,1,3.1518229157929296,3.1518229157929296,1,0,off,0,0,0.0,0.0,0.0,0.0,0.0,0.0,0.0,0.0,0.0,3.1518229157929296,3.1518229157929296
flat,single,0,weighted_cka,0,1260,2.999866292861289,257.0,0.7047098278999329,0.7004686594009399,1,2.999866292861289,2.999866292861289,1,0,off,0,0,0.0,0.0,0.0,0.0,0.0,0.0,0.0,0.0,0.0,2.999866292861289,2.999866292861289
flat,single,0,weighted_cka,0,1261,1.8850097928501768,300.0,0.5643667578697205,0.005432373844087124,0,1.8850097928501768,1.8850097928501768,1,0,off,0,0,0.0,0.0,0.0,0.0,0.0,0.0,0.0,0.0,0.0,1.8850097928501768,1.8850097928501768
flat,single,0,weighted_cka,0,1262,2.1361767348213574,300.0,0.5871168375015259,0.1210610419511795,0,2.1361767348213574,2.1361767348213574,1,0,off,0,0,0.0,0.0,0.0,0.0,0.0,0.0,0.0,0.0,0.0,2.1361767348213574,2.1361767348213574
flat,single,0,weighted_cka,0,1263,2.320500484850605,300.0,0.6113258600234985,0.24231809377670288,0,2.320500484850605,2.320500484850605,1,0,off,0,0,0.0,0.0,0.0,0.0,0.0,0.0,0.0,0.0,0.0,2.320500484850605,2.320500484850605
flat,single,0,weighted_cka,0,1264,1.8443428961531012,300.0,0.5670695900917053,0.025211365893483162,0,1.8443428961531012,1.8443428961531012,1,0,off,0,0,0.0,0.0,0.0,0.0,0.0,0.0,0.0,0.0,0.0,1.8443428961531012,1.8443428961531012
flat,single,0,weighted_cka,0,1265,2.394408369544543,300.0,0.6884281635284424,0.6324508190155029,0,2.394408369544543,2.394408369544543,1,0,off,0,0,0.0,0.0,0.0,0.0,0.0,0.0,0.0,0.0,0.0,2.394408369544543,2.394408369544543
flat,single,0,weighted_cka,0,1266,1.2971827910660054,300.0,0.44688647985458374,0.0007345176418311894,0,1.2971827910660054,1.2971827910660054,1,0,off,0,0,0.0,0.0,0.0,0.0,0.0,0.0,0.0,0.0,0.0,1.2971827910660054,1.2971827910660054
flat,single,0,weighted_cka,0,1267,1.22796496140072,300.0,0.3862520158290863,0.10000000149011612,0,1.22796496140072,1.22796496140072,1,0,off,0,0,0.0,0.0,0.0,0.0,0.0,0.0,0.0,0.0,0.0,1.22796496140072,1.22796496140072
flat,single,0,weighted_cka,0,1268,2.3019289453507916,300.0,0.6407334208488464,0.3861418068408966,0,2.3019289453507916,2.3019289453507916,1,0,off,0,0,0.0,0.0,0.0,0.0,0.0,0.0,0.0,0.0,0.0,2.3019289453507916,2.3019289453507916
flat,single,0,weighted_cka,0,1269,1.7805467340328605,300.0,0.5637449622154236,0.007308259606361389,0,1.7805467340328605,1.7805467340328605,1,0,off,0,0,0.0,0.0,0.0,0.0,0.0,0.0,0.0,0.0,0.0,1.7805467340328605,1.7805467340328605
flat,single,0,weighted_cka,0,1270,1.993495641573098,300.0,0.5741521716117859,0.05527729168534279,0,1.993495641573098,1.993495641573098,1,0,off,0,0,0.0,0.0,0.0,0.0,0.0,0.0,0.0,0.0,0.0,1.993495641573098,1.993495641573098
flat,single,0,weighted_cka,0,1271,2.1564748440536343,300.0,0.5893754959106445,0.1416468620300293,0,2.1564748440536343,2.1564748440536343,1,0,off,0,0,0.0,0.0,0.0,0.0,0.0,0.0,0.0,0.0,0.0,2.1564748440536343,2.1564748440536343
flat,single,0,weighted_cka,0,1272,2.1529405014063645,300.0,0.5902840495109558,0.12961596250534058,0,2.1529405014063645,2.1529405014063645,1,0,off,0,0,0.0,0.0,0.0,0.0,0.0,0.0,0.0,0.0,0.0,2.1529405014063645,2.1529405014063645
flat,single,0,weighted_cka,0,1273,2.187842848691126,300.0,0.5902642011642456,0.14248542487621307,0,2.187842848691126,2.187842848691126,1,0,off,0,0,0.0,0.0,0.0,0.0,0.0,0.0,0.0,0.0,0.0,2.187842848691126,2.187842848691126
flat,single,0,weighted_cka,0,1274,2.3383643225435335,300.0,0.6450076103210449,0.4130000174045563,0,2.3383643225435335,2.3383643225435335,1,0,off,0,0,0.0,0.0,0.0,0.0,0.0,0.0,0.0,0.0,0.0,2.3383643225435335,2.3383643225435335
flat,single,0,weighted_cka,0,1275,2.2820044296691684,300.0,0.5963937044143677,0.16256944835186005,0,2.2820044296691684,2.2820044296691684,1,0,off,0,0,0.0,0.0,0.0,0.0,0.0,0.0,0.0,0.0,0.0,2.2820044296691684,2.2820044296691684
flat,single,0,weighted_cka,0,1276,1.6016446328505638,300.0,0.46564531326293945,0.10000000149011612,0,1.6016446328505638,1.6016446328505638,1,0,off,0,0,0.0,0.0,0.0,0.0,0.0,0.0,0.0,0.0,0.0,1.6016446328505638,1.6016446328505638
flat,single,0,weighted_cka,0,1277,2.1630729607399175,300.0,0.6025699973106384,0.19685132801532745,0,2.1630729607399175,2.1630729607399175,1,0,off,0,0,0.0,0.0,0.0,0.0,0.0,0.0,0.0,0.0,0.0,2.1630729607399175,2.1630729607399175
flat,single,0,weighted_cka,0,1278,2.228962202853415,300.0,0.6116146445274353,0.23581553995609283,0,2.228962202853415,2.228962202853415,1,0,off,0,0,0.0,0.0,0.0,0.0,0.0,0.0,0.0,0.0,0.0,2.228962202853415,2.228962202853415
flat,single,0,weighted_cka,0,1279,1.3612826221415149,300.0,0.4545314908027649,0.016455024480819702,0,1.3612826221415149,1.3612826221415149,1,0,off,0,0,0.0,0.0,0.0,0.0,0.0,0.0,0.0,0.0,0.0,1.3612826221415149,1.3612826221415149
flat,single,0,weighted_cka,0,1280,1.8304623346069988,300.0,0.5667315721511841,0.019108910113573074,0,1.8304623346069988,1.8304623346069988,1,0,off,0,0,0.0,0.0,0.0,0.0,0.0,0.0,0.0,0.0,0.0,1.8304623346069988,1.8304623346069988
flat,single,0,weighted_cka,0,1281,1.8435394412284936,300.0,0.5687190890312195,0.023432273417711258,0,1.8435394412284936,1.8435394412284936,1,0,off,0,0,0.0,0.0,0.0,0.0,0.0,0.0,0.0,0.0,0.0,1.8435394412284936,1.8435394412284936
flat,single,0,weighted_cka,0,1282,1.1232144134351971,300.0,0.345663845539093,0.10000000149011612,0,1.1232144134351971,1.1232144134351971,1,0,off,0,0,0.0,0.0,0.0,0.0,0.0,0.0,0.0,0.0,0.0,1.1232144134351971,1.1232144134351971
flat,single,0,weighted_cka,0,1283,2.0854726366000236,300.0,0.5810280442237854,0.08879869431257248,0,2.0854726366000236,2.0854726366000236,1,0,off,0,0,0.0,0.0,0.0,0.0,0.0,0.0,0.0,0.0,0.0,2.0854726366000236,2.0854726366000236
flat,single,0,weighted_cka,0,1284,2.111202303882031,300.0,0.5865399241447449,0.1210610419511795,0,2.111202303882031,2.111202303882031,1,0,off,0,0,0.0,0.0,0.0,0.0,0.0,0.0,0.0,0.0,0.0,2.111202303882031,2.111202303882031
flat,single,0,weighted_cka,0,1285,1.9219659895228673,300.0,0.5681874752044678,0.0218385998159647,0,1.9219659895228673,1.9219659895228673,1,0,off,0,0,0.0,0.0,0.0,0.0,0.0,0.0,0.0,0.0,0.0,1.9219659895228673,1.9219659895228673
flat,single,0,weighted_cka,0,1286,1.3987317854771377,300.0,0.4463067650794983,0.00274710264056921,0,1.3987317854771377,1.3987317854771377,1,0,off,0,0,0.0,0.0,0.0,0.0,0.0,0.0,0.0,0.0,0.0,1.3987317854771377,1.3987317854771377
flat,single,0,weighted_cka,0,1287,1.3090678312737496,300.0,0.4464712142944336,0.0012341539841145277,0,1.3090678312737496,1.3090678312737496,1,0,off,0,0,0.0,0.0,0.0,0.0,0.0,0.0,0.0,0.0,0.0,1.3090678312737496,1.3090678312737496
flat,single,0,weighted_cka,0,1288,1.9228618031469509,300.0,0.5673319101333618,0.018229613080620766,0,1.9228618031469509,1.9228618031469509,1,0,off,0,0,0.0,0.0,0.0,0.0,0.0,0.0,0.0,0.0,0.0,1.9228618031469509,1.9228618031469509
flat,single,0,weighted_cka,0,1289,1.8426610893569872,300.0,0.5674508810043335,0.02045493572950363,0,1.8426610893569872,1.8426610893569872,1,0,off,0,0,0.0,0.0,0.0,0.0,0.0,0.0,0.0,0.0,0.0,1.8426610893569872,1.8426610893569872
flat,single,0,weighted_cka,0,1290,2.2258680604516528,300.0,0.5963550806045532,0.16340476274490356,0,2.2258680604516528,2.2258680604516528,1,0,off,0,0,0.0,0.0,0.0,0.0,0.0,0.0,0.0,0.0,0.0,2.2258680604516528,2.2258680604516528
flat,single,0,weighted_cka,0,1291,1.2662845923783594,300.0,0.4219079613685608,0.10000000149011612,0,1.2662845923783594,1.2662845923783594,1,0,off,0,0,0.0,0.0,0.0,0.0,0.0,0.0,0.0,0.0,0.0,1.2662845923783594,1.2662845923783594
flat,single,0,weighted_cka,0,1292,2.1813260660855107,300.0,0.5954850912094116,0.16175052523612976,0,2.1813260660855107,2.1813260660855107,1,0,off,0,0,0.0,0.0,0.0,0.0,0.0,0.0,0.0,0.0,0.0,2.1813260660855107,2.1813260660855107
flat,single,0,weighted_cka,0,1293,2.1230638765714147,300.0,0.6064454913139343,0.2185279130935669,0,2.1230638765714147,2.1230638765714147,1,0,off,0,0,0.0,0.0,0.0,0.0,0.0,0.0,0.0,0.0,0.0,2.1230638765714147,2.1230638765714147
flat,single,0,weighted_cka,0,1294,1.7916025911476012,300.0,0.5659392476081848,0.009659352712333202,0,1.7916025911476012,1.7916025911476012,1,0,off,0,0,0.0,0.0,0.0,0.0,0.0,0.0,0.0,0.0,0.0,1.7916025911476012,1.7916025911476012
flat,single,0,weighted_cka,0,1295,3.0900517632887046,234.0,0.7030708193778992,0.7009831070899963,1,3.0900517632887046,3.0900517632887046,1,0,off,0,0,0.0,0.0,0.0,0.0,0.0,0.0,0.0,0.0,0.0,3.0900517632887046,3.0900517632887046
flat,single,0,weighted_cka,0,1296,1.3003523798797674,300.0,0.446453332901001,0.002061928389593959,0,1.3003523798797674,1.3003523798797674,1,0,off,0,0,0.0,0.0,0.0,0.0,0.0,0.0,0.0,0.0,0.0,1.3003523798797674,1.3003523798797674
flat,single,0,weighted_cka,0,1297,2.131651260563636,300.0,0.5893515348434448,0.12961596250534058,0,2.131651260563636,2.131651260563636,1,0,off,0,0,0.0,0.0,0.0,0.0,0.0,0.0,0.0,0.0,0.0,2.131651260563636,2.131651260563636
flat,single,0,weighted_cka,0,1298,1.9995874591717424,300.0,0.570052981376648,0.03444187343120575,0,1.9995874591717424,1.9995874591717424,1,0,off,0,0,0.0,0.0,0.0,0.0,0.0,0.0,0.0,0.0,0.0,1.9995874591717424,1.9995874591717424
flat,single,0,weighted_cka,0,1299,1.3596459019172458,300.0,0.4429605007171631,0.0026099802926182747,0,1.3596459019172458,1.3596459019172458,1,0,off,0,0,0.0,0.0,0.0,0.0,0.0,0.0,0.0,0.0,0.0,1.3596459019172458,1.3596459019172458
flat,single,0,weighted_cka,0,1300,1.7907445560462278,300.0,0.565106987953186,0.004339077975600958,0,1.7907445560462278,1.7907445560462278,1,0,off,0,0,0.0,0.0,0.0,0.0,0.0,0.0,0.0,0.0,0.0,1.7907445560462278,1.7907445560462278
flat,single,0,weighted_cka,0,1301,1.8063578000768743,300.0,0.5667688250541687,0.01923736184835434,0,1.8063578000768743,1.8063578000768743,1,0,off,0,0,0.0,0.0,0.0,0.0,0.0,0.0,0.0,0.0,0.0,1.8063578000768743,1.8063578000768743
flat,single,0,weighted_cka,0,1302,1.9018137117017417,300.0,0.5644397139549255,0.006585870869457722,0,1.9018137117017417,1.9018137117017417,1,0,off,0,0,0.0,0.0,0.0,0.0,0.0,0.0,0.0,0.0,0.0,1.9018137117017417,1.9018137117017417
flat,single,0,weighted_cka,0,1303,1.8032887275025118,300.0,0.5656388401985168,0.007283851504325867,0,1.8032887275025118,1.8032887275025118,1,0,off,0,0,0.0,0.0,0.0,0.0,0.0,0.0,0.0,0.0,0.0,1.8032887275025118,1.8032887275025118
flat,single,0,weighted_cka,0,1304,1.799788567688175,300.0,0.5658450722694397,0.01064116321504116,0,1.799788567688175,1.799788567688175,1,0,off,0,0,0.0,0.0,0.0,0.0,0.0,0.0,0.0,0.0,0.0,1.799788567688175,1.799788567688175
flat,single,0,weighted_cka,0,1305,1.935319778089685,300.0,0.5731392502784729,0.05110346898436546,0,1.935319778089685,1.935319778089685,1,0,off,0,0,0.0,0.0,0.0,0.0,0.0,0.0,0.0,0.0,0.0,1.935319778089685,1.935319778089685
flat,single,0,weighted_cka,0,1306,1.8245818727795253,300.0,0.5669993162155151,0.015744565054774284,0,1.8245818727795253,1.8245818727795253,1,0,off,0,0,0.0,0.0,0.0,0.0,0.0,0.0,0.0,0.0,0.0,1.8245818727795253,1.8245818727795253
flat,single,0,weighted_cka,0,1307,0.47488212817115594,300.0,0.3114975690841675,0.00019395953859202564,0,0.47488212817115594,0.47488212817115594,1,0,off,0,0,0.0,0.0,0.0,0.0,0.0,0.0,0.0,0.0,0.0,0.47488212817115594,0.47488212817115594
flat,single,0,weighted_cka,0,1308,2.3969138842016022,300.0,0.6343189477920532,0.36323845386505127,0,2.3969138842016022,2.3969138842016022,1,0,off,0,0,0.0,0.0,0.0,0.0,0.0,0.0,0.0,0.0,0.0,2.3969138842016022,2.3969138842016022
flat,single,0,weighted_cka,0,1309,2.240588444900797,300.0,0.6112258434295654,0.24204818904399872,0,2.240588444900797,2.240588444900797,1,0,off,0,0,0.0,0.0,0.0,0.0,0.0,0.0,0.0,0.0,0.0,2.240588444900797,2.240588444900797
flat,single,0,weighted_cka,0,1310,2.2491679256879777,300.0,0.6146520376205444,0.25323715806007385,0,2.2491679256879777,2.2491679256879777,1,0,off,0,0,0.0,0.0,0.0,0.0,0.0,0.0,0.0,0.0,0.0,2.2491679256879777,2.2491679256879777
flat,single,0,weighted_cka,0,1311,1.0960068921941248,300.0,0.41287103295326233,0.02674134261906147,0,1.0960068921941248,1.0960068921941248,1,0,off,0,0,0.0,0.0,0.0,0.0,0.0,0.0,0.0,0.0,0.0,1.0960068921941248,1.0960068921941248
flat,single,0,weighted_cka,0,1312,1.840953127254032,300.0,0.5664271712303162,0.016751226037740707,0,1.840953127254032,1.840953127254032,1,0,off,0,0,0.0,0.0,0.0,0.0,0.0,0.0,0.0,0.0,0.0,1.840953127254032,1.840953127254032
flat,single,0,weighted_cka,0,1313,1.8789233786286772,300.0,0.5656791925430298,0.009657242335379124,0,1.8789233786286772,1.8789233786286772,1,0,off,0,0,0.0,0.0,0.0,0.0,0.0,0.0,0.0,0.0,0.0,1.8789233786286772,1.8789233786286772
flat,single,0,weighted_cka,0,1314,1.8808057095215176,300.0,0.5685335397720337,0.024114081636071205,0,1.8808057095215176,1.8808057095215176,1,0,off,0,0,0.0,0.0,0.0,0.0,0.0,0.0,0.0,0.0,0.0,1.8808057095215176,1.8808057095215176
flat,single,0,weighted_cka,0,1315,2.3433067609338636,300.0,0.6470489501953125,0.4147876799106598,0,2.3433067609338636,2.3433067609338636,1,0,off,0,0,0.0,0.0,0.0,0.0,0.0,0.0,0.0,0.0,0.0,2.3433067609338636,2.3433067609338636
flat,single,0,weighted_cka,0,1316,2.2785198792954446,300.0,0.6194302439689636,0.2771282494068146,0,2.2785198792954446,2.2785198792954446,1,0,off,0,0,0.0,0.0,0.0,0.0,0.0,0.0,0.0,0.0,0.0,2.2785198792954446,2.2785198792954446
flat,single,0,weighted_cka,0,1317,2.330056979384345,300.0,0.6204904317855835,0.2868344485759735,0,2.330056979384345,2.330056979384345,1,0,off,0,0,0.0,0.0,0.0,0.0,0.0,0.0,0.0,0.0,0.0,2.330056979384345,2.330056979384345
flat,single,0,weighted_cka,0,1318,1.8859009162191782,300.0,0.5706455111503601,0.0345686711370945,0,1.8859009162191782,1.8859009162191782,1,0,off,0,0,0.0,0.0,0.0,0.0,0.0,0.0,0.0,0.0,0.0,1.8859009162191782,1.8859009162191782
flat,single,0,weighted_cka,0,1319,1.9329197216467904,300.0,0.5783244371414185,0.07760836184024811,0,1.9329197216467904,1.9329197216467904,1,0,off,0,0,0.0,0.0,0.0,0.0,0.0,0.0,0.0,0.0,0.0,1.9329197216467904,1.9329197216467904
flat,single,0,weighted_cka,0,1320,2.906770266576003,285.0,0.7040448188781738,0.7005698084831238,1,2.906770266576003,2.906770266576003,1,0,off,0,0,0.0,0.0,0.0,0.0,0.0,0.0,0.0,0.0,0.0,2.906770266576003,2.906770266576003
flat,single,0,weighted_cka,0,1321,3.0524493062522002,230.0,0.7041016221046448,0.7011783123016357,1,3.0524493062522002,3.0524493062522002,1,0,off,0,0,0.0,0.0,0.0,0.0,0.0,0.0,0.0,0.0,0.0,3.0524493062522002,3.0524493062522002
flat,single,0,weighted_cka,0,1322,3.0911200621976955,240.0,0.704345703125,0.7023488879203796,1,3.0911200621976955,3.0911200621976955,1,0,off,0,0,0.0,0.0,0.0,0.0,0.0,0.0,0.0,0.0,0.0,3.0911200621976955,3.0911200621976955
flat,single,0,weighted_cka,0,1323,1.5096954399973108,300.0,0.46297264099121094,0.07056532055139542,0,1.5096954399973108,1.5096954399973108,1,0,off,0,0,0.0,0.0,0.0,0.0,0.0,0.0,0.0,0.0,0.0,1.5096954399973108,1.5096954399973108
flat,single,0,weighted_cka,0,1324,1.978711184667553,300.0,0.5800577402114868,0.08572734892368317,0,1.978711184667553,1.978711184667553,1,0,off,0,0,0.0,0.0,0.0,0.0,0.0,0.0,0.0,0.0,0.0,1.978711184667553,1.978711184667553
flat,single,0,weighted_cka,0,1325,1.9425203521651895,300.0,0.5778692364692688,0.07132639735937119,0,1.9425203521651895,1.9425203521651895,1,0,off,0,0,0.0,0.0,0.0,0.0,0.0,0.0,0.0,0.0,0.0,1.9425203521651895,1.9425203521651895
flat,single,0,weighted_cka,0,1326,1.9431899727644932,300.0,0.5774226784706116,0.06923859566450119,0,1.9431899727644932,1.9431899727644932,1,0,off,0,0,0.0,0.0,0.0,0.0,0.0,0.0,0.0,0.0,0.0,1.9431899727644932,1.9431899727644932
flat,single,0,weighted_cka,0,1327,2.296392381515453,300.0,0.6097370386123657,0.23509007692337036,0,2.296392381515453,2.296392381515453,1,0,off,0,0,0.0,0.0,0.0,0.0,0.0,0.0,0.0,0.0,0.0,2.296392381515453,2.296392381515453
flat,single,0,weighted_cka,0,1328,1.95384347664882,300.0,0.5761381983757019,0.07126187533140182,0,1.95384347664882,1.95384347664882,1,0,off,0,0,0.0,0.0,0.0,0.0,0.0,0.0,0.0,0.0,0.0,1.95384347664882,1.95384347664882
flat,single,0,weighted_cka,0,1329,2.020192050666907,300.0,0.5778912305831909,0.07253777235746384,0,2.020192050666907,2.020192050666907,1,0,off,0,0,0.0,0.0,0.0,0.0,0.0,0.0,0.0,0.0,0.0,2.020192050666907,2.020192050666907
flat,single,0,weighted_cka,0,1330,2.0579810380903822,300.0,0.588957667350769,0.13299548625946045,0,2.0579810380903822,2.0579810380903822,1,0,off,0,0,0.0,0.0,0.0,0.0,0.0,0.0,0.0,0.0,0.0,2.0579810380903822,2.0579810380903822
flat,single,0,weighted_cka,0,1331,2.024601988807568,300.0,0.5829800367355347,0.09993624687194824,0,2.024601988807568,2.024601988807568,1,0,off,0,0,0.0,0.0,0.0,0.0,0.0,0.0,0.0,0.0,0.0,2.024601988807568,2.024601988807568
flat,single,0,weighted_cka,0,1332,1.4843244649868148,300.0,0.4623483121395111,0.05693703144788742,0,1.4843244649868148,1.4843244649868148,1,0,off,0,0,0.0,0.0,0.0,0.0,0.0,0.0,0.0,0.0,0.0,1.4843244649868148,1.4843244649868148
flat,single,0,weighted_cka,0,1333,0.38858140096851335,300.0,0.21994642913341522,0.04820944368839264,0,0.38858140096851335,0.38858140096851335,1,0,off,0,0,0.0,0.0,0.0,0.0,0.0,0.0,0.0,0.0,0.0,0.38858140096851335,0.38858140096851335
flat,single,0,weighted_cka,0,1334,1.2372616894909116,300.0,0.4366142153739929,0.10000000149011612,0,1.2372616894909116,1.2372616894909116,1,0,off,0,0,0.0,0.0,0.0,0.0,0.0,0.0,0.0,0.0,0.0,1.2372616894909116,1.2372616894909116
flat,single,0,weighted_cka,0,1335,2.274138977441531,300.0,0.5956863164901733,0.16256944835186005,0,2.274138977441531,2.274138977441531,1,0,off,0,0,0.0,0.0,0.0,0.0,0.0,0.0,0.0,0.0,0.0,2.274138977441531,2.274138977441531
flat,single,0,weighted_cka,0,1336,2.1407873238840605,300.0,0.5888268947601318,0.12961596250534058,0,2.1407873238840605,2.1407873238840605,1,0,off,0,0,0.0,0.0,0.0,0.0,0.0,0.0,0.0,0.0,0.0,2.1407873238840605,2.1407873238840605
flat,single,0,weighted_cka,0,1337,2.270541919902776,300.0,0.6166526675224304,0.2727257013320923,0,2.270541919902776,2.270541919902776,1,0,off,0,0,0.0,0.0,0.0,0.0,0.0,0.0,0.0,0.0,0.0,2.270541919902776,2.270541919902776
flat,single,0,weighted_cka,0,1338,1.3724122871427413,300.0,0.5445041656494141,0.15083180367946625,0,1.3724122871427413,1.3724122871427413,1,0,off,0,0,0.0,0.0,0.0,0.0,0.0,0.0,0.0,0.0,0.0,1.3724122871427413,1.3724122871427413
flat,single,0,weighted_cka,0,1339,2.1866701808900406,300.0,0.6164277195930481,0.2690403461456299,0,2.1866701808900406,2.1866701808900406,1,0,off,0,0,0.0,0.0,0.0,0.0,0.0,0.0,0.0,0.0,0.0,2.1866701808900406,2.1866701808900406
flat,single,0,weighted_cka,0,1340,1.9124165405311935,300.0,0.5782396197319031,0.0711749866604805,0,1.9124165405311935,1.9124165405311935,1,0,off,0,0,0.0,0.0,0.0,0.0,0.0,0.0,0.0,0.0,0.0,1.9124165405311935,1.9124165405311935
flat,single,0,weighted_cka,0,1341,2.272889372100023,300.0,0.6048133969306946,0.20428264141082764,0,2.272889372100023,2.272889372100023,1,0,off,0,0,0.0,0.0,0.0,0.0,0.0,0.0,0.0,0.0,0.0,2.272889372100023,2.272889372100023
flat,single,0,weighted_cka,0,1342,2.277927086459975,300.0,0.6315633654594421,0.3379322290420532,0,2.277927086459975,2.277927086459975,1,0,off,0,0,0.0,0.0,0.0,0.0,0.0,0.0,0.0,0.0,0.0,2.277927086459975,2.277927086459975
flat,single,0,weighted_cka,0,1343,2.213007272413111,300.0,0.6065731644630432,0.21597935259342194,0,2.213007272413111,2.213007272413111,1,0,off,0,0,0.0,0.0,0.0,0.0,0.0,0.0,0.0,0.0,0.0,2.213007272413111,2.213007272413111
flat,single,0,weighted_cka,0,1344,2.2655444370957056,300.0,0.6247913837432861,0.30643147230148315,0,2.2655444370957056,2.2655444370957056,1,0,off,0,0,0.0,0.0,0.0,0.0,0.0,0.0,0.0,0.0,0.0,2.2655444370957056,2.2655444370957056
flat,single,0,weighted_cka,0,1345,2.241936118934925,300.0,0.5914595127105713,0.14248542487621307,0,2.241936118934925,2.241936118934925,1,0,off,0,0,0.0,0.0,0.0,0.0,0.0,0.0,0.0,0.0,0.0,2.241936118934925,2.241936118934925
flat,single,0,weighted_cka,0,1346,3.093730967171547,223.0,0.7035283446311951,0.7011759877204895,1,3.093730967171547,3.093730967171547,1,0,off,0,0,0.0,0.0,0.0,0.0,0.0,0.0,0.0,0.0,0.0,3.093730967171547,3.093730967171547
flat,single,0,weighted_cka,0,1347,3.1339539655169926,215.0,0.7033765912055969,0.7004686594009399,1,3.1339539655169926,3.1339539655169926,1,0,off,0,0,0.0,0.0,0.0,0.0,0.0,0.0,0.0,0.0,0.0,3.1339539655169926,3.1339539655169926
flat,single,0,weighted_cka,0,1348,1.8612754519247332,300.0,0.5678284764289856,0.021716656163334846,0,1.8612754519247332,1.8612754519247332,1,0,off,0,0,0.0,0.0,0.0,0.0,0.0,0.0,0.0,0.0,0.0,1.8612754519247332,1.8612754519247332
flat,single,0,weighted_cka,0,1349,1.8873207953994138,300.0,0.5681894421577454,0.029140708968043327,0,1.8873207953994138,1.8873207953994138,1,0,off,0,0,0.0,0.0,0.0,0.0,0.0,0.0,0.0,0.0,0.0,1.8873207953994138,1.8873207953994138
flat,single,0,weighted_cka,0,1350,1.7796405784851217,300.0,0.5633581280708313,0.0016927985707297921,0,1.7796405784851217,1.7796405784851217,1,0,off,0,0,0.0,0.0,0.0,0.0,0.0,0.0,0.0,0.0,0.0,1.7796405784851217,1.7796405784851217
flat,single,0,weighted_cka,0,1351,3.0473913864762276,240.0,0.7042790055274963,0.7012676000595093,1,3.0473913864762276,3.0473913864762276,1,0,off,0,0,0.0,0.0,0.0,0.0,0.0,0.0,0.0,0.0,0.0,3.0473913864762276,3.0473913864762276
flat,single,0,weighted_cka,0,1352,3.1395709360551542,219.0,0.7046464085578918,0.7023488879203796,1,3.1395709360551542,3.1395709360551542,1,0,off,0,0,0.0,0.0,0.0,0.0,0.0,0.0,0.0,0.0,0.0,3.1395709360551542,3.1395709360551542
flat,single,0,weighted_cka,0,1353,3.1174983589383616,218.0,0.7050555944442749,0.7023488879203796,1,3.1174983589383616,3.1174983589383616,1,0,off,0,0,0.0,0.0,0.0,0.0,0.0,0.0,0.0,0.0,0.0,3.1174983589383616,3.1174983589383616
flat,single,0,weighted_cka,0,1354,3.030256667757231,242.0,0.7033879160881042,0.7011759877204895,1,3.030256667757231,3.030256667757231,1,0,off,0,0,0.0,0.0,0.0,0.0,0.0,0.0,0.0,0.0,0.0,3.030256667757231,3.030256667757231
flat,single,0,weighted_cka,0,1355,1.9145331019112204,300.0,0.5772799253463745,0.07095183432102203,0,1.9145331019112204,1.9145331019112204,1,0,off,0,0,0.0,0.0,0.0,0.0,0.0,0.0,0.0,0.0,0.0,1.9145331019112204,1.9145331019112204
flat,single,0,weighted_cka,0,1356,1.860750789759912,300.0,0.5636687278747559,0.008070514537394047,0,1.860750789759912,1.860750789759912,1,0,off,0,0,0.0,0.0,0.0,0.0,0.0,0.0,0.0,0.0,0.0,1.860750789759912,1.860750789759912
flat,single,0,weighted_cka,0,1357,0.9537649424251855,300.0,0.37046515941619873,0.00332692195661366,0,0.9537649424251855,0.9537649424251855,1,0,off,0,0,0.0,0.0,0.0,0.0,0.0,0.0,0.0,0.0,0.0,0.9537649424251855,0.9537649424251855
flat,single,0,weighted_cka,0,1358,1.8036998635187942,300.0,0.5658031105995178,0.020797742530703545,0,1.8036998635187942,1.8036998635187942,1,0,off,0,0,0.0,0.0,0.0,0.0,0.0,0.0,0.0,0.0,0.0,1.8036998635187942,1.8036998635187942
flat,single,0,weighted_cka,0,1359,2.290985631288798,300.0,0.6222864985466003,0.29982662200927734,0,2.290985631288798,2.290985631288798,1,0,off,0,0,0.0,0.0,0.0,0.0,0.0,0.0,0.0,0.0,0.0,2.290985631288798,2.290985631288798
flat,single,0,weighted_cka,0,1360,1.7813814448539604,300.0,0.5104433298110962,0.14248542487621307,0,1.7813814448539604,1.7813814448539604,1,0,off,0,0,0.0,0.0,0.0,0.0,0.0,0.0,0.0,0.0,0.0,1.7813814448539604,1.7813814448539604
flat,single,0,weighted_cka,0,1361,2.363816767477701,300.0,0.6652026772499084,0.5092138648033142,0,2.363816767477701,2.363816767477701,1,0,off,0,0,0.0,0.0,0.0,0.0,0.0,0.0,0.0,0.0,0.0,2.363816767477701,2.363816767477701
flat,single,0,weighted_cka,0,1362,2.340382023925832,300.0,0.6756454110145569,0.5586369037628174,0,2.340382023925832,2.340382023925832,1,0,off,0,0,0.0,0.0,0.0,0.0,0.0,0.0,0.0,0.0,0.0,2.340382023925832,2.340382023925832
flat,single,0,weighted_cka,0,1363,1.930066815318007,300.0,0.5769264698028564,0.07060655206441879,0,1.930066815318007,1.930066815318007,1,0,off,0,0,0.0,0.0,0.0,0.0,0.0,0.0,0.0,0.0,0.0,1.930066815318007,1.930066815318007
flat,single,0,weighted_cka,0,1364,1.991669281788301,300.0,0.5773422122001648,0.07054825127124786,0,1.991669281788301,1.991669281788301,1,0,off,0,0,0.0,0.0,0.0,0.0,0.0,0.0,0.0,0.0,0.0,1.991669281788301,1.991669281788301
flat,single,0,weighted_cka,0,1365,1.903541399283732,300.0,0.5770231485366821,0.07080753147602081,0,1.903541399283732,1.903541399283732,1,0,off,0,0,0.0,0.0,0.0,0.0,0.0,0.0,0.0,0.0,0.0,1.903541399283732,1.903541399283732
flat,single,0,weighted_cka,0,1366,2.1073856440795007,300.0,0.5867515802383423,0.1210610419511795,0,2.1073856440795007,2.1073856440795007,1,0,off,0,0,0.0,0.0,0.0,0.0,0.0,0.0,0.0,0.0,0.0,2.1073856440795007,2.1073856440795007
flat,single,0,weighted_cka,0,1367,2.2467214853973143,300.0,0.6164014339447021,0.27022749185562134,0,2.2467214853973143,2.2467214853973143,1,0,off,0,0,0.0,0.0,0.0,0.0,0.0,0.0,0.0,0.0,0.0,2.2467214853973143,2.2467214853973143
flat,single,0,weighted_cka,0,1368,2.146798557682552,300.0,0.5921490788459778,0.14248542487621307,0,2.146798557682552,2.146798557682552,1,0,off,0,0,0.0,0.0,0.0,0.0,0.0,0.0,0.0,0.0,0.0,2.146798557682552,2.146798557682552
flat,single,0,weighted_cka,0,1369,2.26526060782386,300.0,0.6179632544517517,0.2771282494068146,0,2.26526060782386,2.26526060782386,1,0,off,0,0,0.0,0.0,0.0,0.0,0.0,0.0,0.0,0.0,0.0,2.26526060782386,2.26526060782386
flat,single,0,weighted_cka,0,1370,1.8148641566172032,300.0,0.5858775973320007,0.21705570816993713,0,1.8148641566172032,1.8148641566172032,1,0,off,0,0,0.0,0.0,0.0,0.0,0.0,0.0,0.0,0.0,0.0,1.8148641566172032,1.8148641566172032
flat,single,0,weighted_cka,0,1371,1.8104061574972619,300.0,0.5658695101737976,0.014145394787192345,0,1.8104061574972619,1.8104061574972619,1,0,off,0,0,0.0,0.0,0.0,0.0,0.0,0.0,0.0,0.0,0.0,1.8104061574972619,1.8104061574972619
flat,single,0,weighted_cka,0,1372,0.8308082523668405,300.0,0.37124115228652954,0.0014740832848474383,0,0.8308082523668405,0.8308082523668405,1,0,off,0,0,0.0,0.0,0.0,0.0,0.0,0.0,0.0,0.0,0.0,0.8308082523668405,0.8308082523668405
flat,single,0,weighted_cka,0,1373,2.8864476770267924,279.0,0.7041224241256714,0.701797366142273,1,2.8864476770267924,2.8864476770267924,1,0,off,0,0,0.0,0.0,0.0,0.0,0.0,0.0,0.0,0.0,0.0,2.8864476770267924,2.8864476770267924
flat,single,0,weighted_cka,0,1374,3.116657622236379,225.0,0.7047740817070007,0.7023488879203796,1,3.116657622236379,3.116657622236379,1,0,off,0,0,0.0,0.0,0.0,0.0,0.0,0.0,0.0,0.0,0.0,3.116657622236379,3.116657622236379
flat,single,0,weighted_cka,0,1375,2.1784209470829516,300.0,0.5987863540649414,0.17824798822402954,0,2.1784209470829516,2.1784209470829516,1,0,off,0,0,0.0,0.0,0.0,0.0,0.0,0.0,0.0,0.0,0.0,2.1784209470829516,2.1784209470829516
flat,single,0,weighted_cka,0,1376,2.413852561729435,300.0,0.6892210245132446,0.6309059262275696,0,2.413852561729435,2.413852561729435,1,0,off,0,0,0.0,0.0,0.0,0.0,0.0,0.0,0.0,0.0,0.0,2.413852561729435,2.413852561729435
flat,single,0,weighted_cka,0,1377,2.982098916195259,251.0,0.7061675190925598,0.7023488879203796,1,2.982098916195259,2.982098916195259,1,0,off,0,0,0.0,0.0,0.0,0.0,0.0,0.0,0.0,0.0,0.0,2.982098916195259,2.982098916195259
flat,single,0,weighted_cka,0,1378,2.2239233694205973,300.0,0.6024784445762634,0.19772425293922424,0,2.2239233694205973,2.2239233694205973,1,0,off,0,0,0.0,0.0,0.0,0.0,0.0,0.0,0.0,0.0,0.0,2.2239233694205973,2.2239233694205973
flat,single,0,weighted_cka,0,1379,2.277467489624904,300.0,0.6266907453536987,0.3165884017944336,0,2.277467489624904,2.277467489624904,1,0,off,0,0,0.0,0.0,0.0,0.0,0.0,0.0,0.0,0.0,0.0,2.277467489624904,2.277467489624904
flat,single,0,weighted_cka,0,1380,1.1358073189927298,300.0,0.35352692008018494,0.096833735704422,0,1.1358073189927298,1.1358073189927298,1,0,off,0,0,0.0,0.0,0.0,0.0,0.0,0.0,0.0,0.0,0.0,1.1358073189927298,1.1358073189927298
flat,single,0,weighted_cka,0,1381,2.268252818642871,300.0,0.6011075377464294,0.19772425293922424,0,2.268252818642871,2.268252818642871,1,0,off,0,0,0.0,0.0,0.0,0.0,0.0,0.0,0.0,0.0,0.0,2.268252818642871,2.268252818642871
flat,single,0,weighted_cka,0,1382,2.1461553821115444,300.0,0.5910860896110535,0.1416468620300293,0,2.1461553821115444,2.1461553821115444,1,0,off,0,0,0.0,0.0,0.0,0.0,0.0,0.0,0.0,0.0,0.0,2.1461553821115444,2.1461553821115444
flat,single,0,weighted_cka,0,1383,1.9526214766079342,300.0,0.5767666101455688,0.07101055234670639,0,1.9526214766079342,1.9526214766079342,1,0,off,0,0,0.0,0.0,0.0,0.0,0.0,0.0,0.0,0.0,0.0,1.9526214766079342,1.9526214766079342
flat,single,0,weighted_cka,0,1384,1.7676083653554073,300.0,0.5638902187347412,0.0025613997131586075,0,1.7676083653554073,1.7676083653554073,1,0,off,0,0,0.0,0.0,0.0,0.0,0.0,0.0,0.0,0.0,0.0,1.7676083653554073,1.7676083653554073
flat,single,0,weighted_cka,0,1385,1.8090501510887393,300.0,0.5507012605667114,0.11776711046695709,0,1.8090501510887393,1.8090501510887393,1,0,off,0,0,0.0,0.0,0.0,0.0,0.0,0.0,0.0,0.0,0.0,1.8090501510887393,1.8090501510887393
flat,single,0,weighted_cka,0,1386,2.819535962364555,294.0,0.7048825025558472,0.7028099894523621,1,2.819535962364555,2.819535962364555,1,0,off,0,0,0.0,0.0,0.0,0.0,0.0,0.0,0.0,0.0,0.0,2.819535962364555,2.819535962364555
flat,single,0,weighted_cka,0,1387,3.083816802683198,229.0,0.7042370438575745,0.7012676000595093,1,3.083816802683198,3.083816802683198,1,0,off,0,0,0.0,0.0,0.0,0.0,0.0,0.0,0.0,0.0,0.0,3.083816802683198,3.083816802683198
flat,single,0,weighted_cka,0,1388,1.6808041496587962,300.0,0.49749818444252014,0.09660858660936356,0,1.6808041496587962,1.6808041496587962,1,0,off,0,0,0.0,0.0,0.0,0.0,0.0,0.0,0.0,0.0,0.0,1.6808041496587962,1.6808041496587962
flat,single,0,weighted_cka,0,1389,2.3638449749172494,300.0,0.6467771530151367,0.41233599185943604,0,2.3638449749172494,2.3638449749172494,1,0,off,0,0,0.0,0.0,0.0,0.0,0.0,0.0,0.0,0.0,0.0,2.3638449749172494,2.3638449749172494
flat,single,0,weighted_cka,0,1390,3.1152242364288383,220.0,0.7034538984298706,0.7008302211761475,1,3.1152242364288383,3.1152242364288383,1,0,off,0,0,0.0,0.0,0.0,0.0,0.0,0.0,0.0,0.0,0.0,3.1152242364288383,3.1152242364288383
flat,single,0,weighted_cka,0,1391,3.1338544315131136,221.0,0.7023369073867798,0.7011759877204895,1,3.1338544315131136,3.1338544315131136,1,0,off,0,0,0.0,0.0,0.0,0.0,0.0,0.0,0.0,0.0,0.0,3.1338544315131136,3.1338544315131136
flat,single,0,weighted_cka,0,1392,2.3969800693834244,300.0,0.6985997557640076,0.6754733920097351,0,2.3969800693834244,2.3969800693834244,1,0,off,0,0,0.0,0.0,0.0,0.0,0.0,0.0,0.0,0.0,0.0,2.3969800693834244,2.3969800693834244
flat,single,0,weighted_cka,0,1393,2.2528431340818376,300.0,0.6163955926895142,0.27022749185562134,0,2.2528431340818376,2.2528431340818376,1,0,off,0,0,0.0,0.0,0.0,0.0,0.0,0.0,0.0,0.0,0.0,2.2528431340818376,2.2528431340818376
flat,single,0,weighted_cka,0,1394,2.245496692894114,300.0,0.6131855845451355,0.2525096535682678,0,2.245496692894114,2.245496692894114,1,0,off,0,0,0.0,0.0,0.0,0.0,0.0,0.0,0.0,0.0,0.0,2.245496692894114,2.245496692894114
flat,single,0,weighted_cka,0,1395,2.2876030453596385,300.0,0.6297560930252075,0.32783257961273193,0,2.2876030453596385,2.2876030453596385,1,0,off,0,0,0.0,0.0,0.0,0.0,0.0,0.0,0.0,0.0,0.0,2.2876030453596385,2.2876030453596385
flat,single,0,weighted_cka,0,1396,1.805186351400549,300.0,0.557433009147644,0.19772425293922424,0,1.805186351400549,1.805186351400549,1,0,off,0,0,0.0,0.0,0.0,0.0,0.0,0.0,0.0,0.0,0.0,1.805186351400549,1.805186351400549
flat,single,0,weighted_cka,0,1397,1.9080545113444831,300.0,0.577877402305603,0.07096241414546967,0,1.9080545113444831,1.9080545113444831,1,0,off,0,0,0.0,0.0,0.0,0.0,0.0,0.0,0.0,0.0,0.0,1.9080545113444831,1.9080545113444831
flat,single,0,weighted_cka,0,1398,1.9154775076786308,300.0,0.5761796832084656,0.07006482779979706,0,1.9154775076786308,1.9154775076786308,1,0,off,0,0,0.0,0.0,0.0,0.0,0.0,0.0,0.0,0.0,0.0,1.9154775076786308,1.9154775076786308
flat,single,0,weighted_cka,0,1399,2.064690567724027,300.0,0.6261610984802246,0.39714375138282776,0,2.064690567724027,2.064690567724027,1,0,off,0,0,0.0,0.0,0.0,0.0,0.0,0.0,0.0,0.0,0.0,2.064690567724027,2.064690567724027
flat,single,0,weighted_cka,0,1400,3.1409024322814063,218.0,0.7026802897453308,0.7004686594009399,1,3.1409024322814063,3.1409024322814063,1,0,off,0,0,0.0,0.0,0.0,0.0,0.0,0.0,0.0,0.0,0.0,3.1409024322814063,3.1409024322814063
flat,single,0,weighted_cka,0,1401,3.104998339339653,220.0,0.7047144770622253,0.7037241458892822,1,3.104998339339653,3.104998339339653,1,0,off,0,0,0.0,0.0,0.0,0.0,0.0,0.0,0.0,0.0,0.0,3.104998339339653,3.104998339339653
flat,single,0,weighted_cka,0,1402,3.1181930857482354,222.0,0.7036676406860352,0.7004686594009399,1,3.1181930857482354,3.1181930857482354,1,0,off,0,0,0.0,0.0,0.0,0.0,0.0,0.0,0.0,0.0,0.0,3.1181930857482354,3.1181930857482354
flat,single,0,weighted_cka,0,1403,2.8738906169728176,281.0,0.7048742175102234,0.7022413611412048,1,2.8738906169728176,2.8738906169728176,1,0,off,0,0,0.0,0.0,0.0,0.0,0.0,0.0,0.0,0.0,0.0,2.8738906169728176,2.8738906169728176
flat,single,0,weighted_cka,0,1404,1.3243950784062677,300.0,0.44901394844055176,0.004802854731678963,0,1.3243950784062677,1.3243950784062677,1,0,off,0,0,0.0,0.0,0.0,0.0,0.0,0.0,0.0,0.0,0.0,1.3243950784062677,1.3243950784062677
flat,single,0,weighted_cka,0,1405,0.7281635625055047,300.0,0.3216857314109802,0.002175820991396904,0,0.7281635625055047,0.7281635625055047,1,0,off,0,0,0.0,0.0,0.0,0.0,0.0,0.0,0.0,0.0,0.0,0.7281635625055047,0.7281635625055047
flat,single,0,weighted_cka,0,1406,1.013571636061532,300.0,0.38378462195396423,0.03835371509194374,0,1.013571636061532,1.013571636061532,1,0,off,0,0,0.0,0.0,0.0,0.0,0.0,0.0,0.0,0.0,0.0,1.013571636061532,1.013571636061532
flat,single,0,weighted_cka,0,1407,2.1645439668804025,300.0,0.5907320380210876,0.1416468620300293,0,2.1645439668804025,2.1645439668804025,1,0,off,0,0,0.0,0.0,0.0,0.0,0.0,0.0,0.0,0.0,0.0,2.1645439668804025,2.1645439668804025
flat,single,0,weighted_cka,0,1408,2.2244236975317833,300.0,0.6088001132011414,0.22412434220314026,0,2.2244236975317833,2.2244236975317833,1,0,off,0,0,0.0,0.0,0.0,0.0,0.0,0.0,0.0,0.0,0.0,2.2244236975317833,2.2244236975317833
flat,single,0,weighted_cka,0,1409,2.117944836310362,300.0,0.5880399346351624,0.1210610419511795,0,2.117944836310362,2.117944836310362,1,0,off,0,0,0.0,0.0,0.0,0.0,0.0,0.0,0.0,0.0,0.0,2.117944836310362,2.117944836310362
flat,single,0,weighted_cka,0,1410,1.9981123907787754,300.0,0.579583466053009,0.08730336278676987,0,1.9981123907787754,1.9981123907787754,1,0,off,0,0,0.0,0.0,0.0,0.0,0.0,0.0,0.0,0.0,0.0,1.9981123907787754,1.9981123907787754
flat,single,0,weighted_cka,0,1411,1.811124722007115,300.0,0.5670720934867859,0.012793906964361668,0,1.811124722007115,1.811124722007115,1,0,off,0,0,0.0,0.0,0.0,0.0,0.0,0.0,0.0,0.0,0.0,1.811124722007115,1.811124722007115
flat,single,0,weighted_cka,0,1412,1.9756433255639863,300.0,0.5776740312576294,0.07033808529376984,0,1.9756433255639863,1.9756433255639863,1,0,off,0,0,0.0,0.0,0.0,0.0,0.0,0.0,0.0,0.0,0.0,1.9756433255639863,1.9756433255639863
flat,single,0,weighted_cka,0,1413,1.9278247287166632,300.0,0.5774255990982056,0.0712621659040451,0,1.9278247287166632,1.9278247287166632,1,0,off,0,0,0.0,0.0,0.0,0.0,0.0,0.0,0.0,0.0,0.0,1.9278247287166632,1.9278247287166632
flat,single,0,weighted_cka,0,1414,1.5896627377967518,300.0,0.5473001599311829,0.087959423661232,0,1.5896627377967518,1.5896627377967518,1,0,off,0,0,0.0,0.0,0.0,0.0,0.0,0.0,0.0,0.0,0.0,1.5896627377967518,1.5896627377967518
flat,single,0,weighted_cka,0,1415,2.157802792179062,300.0,0.5917767882347107,0.14248542487621307,0,2.157802792179062,2.157802792179062,1,0,off,0,0,0.0,0.0,0.0,0.0,0.0,0.0,0.0,0.0,0.0,2.157802792179062,2.157802792179062
flat,single,0,weighted_cka,0,1416,2.1698489731228374,300.0,0.5944331884384155,0.16176775097846985,0,2.1698489731228374,2.1698489731228374,1,0,off,0,0,0.0,0.0,0.0,0.0,0.0,0.0,0.0,0.0,0.0,2.1698489731228374,2.1698489731228374
flat,single,0,weighted_cka,0,1417,1.7558648905032883,300.0,0.5780108571052551,0.1210610419511795,0,1.7558648905032883,1.7558648905032883,1,0,off,0,0,0.0,0.0,0.0,0.0,0.0,0.0,0.0,0.0,0.0,1.7558648905032883,1.7558648905032883
flat,single,0,weighted_cka,0,1418,2.294973693928192,300.0,0.6286953687667847,0.33000797033309937,0,2.294973693928192,2.294973693928192,1,0,off,0,0,0.0,0.0,0.0,0.0,0.0,0.0,0.0,0.0,0.0,2.294973693928192,2.294973693928192
flat,single,0,weighted_cka,0,1419,1.9225838458984361,300.0,0.578041136264801,0.0702626034617424,0,1.9225838458984361,1.9225838458984361,1,0,off,0,0,0.0,0.0,0.0,0.0,0.0,0.0,0.0,0.0,0.0,1.9225838458984361,1.9225838458984361
flat,single,0,weighted_cka,0,1420,2.1796427613917757,300.0,0.5953959226608276,0.16175052523612976,0,2.1796427613917757,2.1796427613917757,1,0,off,0,0,0.0,0.0,0.0,0.0,0.0,0.0,0.0,0.0,0.0,2.1796427613917757,2.1796427613917757
flat,single,0,weighted_cka,0,1421,1.3352648305985881,300.0,0.4462571144104004,0.0014364926610141993,0,1.3352648305985881,1.3352648305985881,1,0,off,0,0,0.0,0.0,0.0,0.0,0.0,0.0,0.0,0.0,0.0,1.3352648305985881,1.3352648305985881
flat,single,0,weighted_cka,0,1422,1.3914806119423688,300.0,0.44971948862075806,0.025483783334493637,0,1.3914806119423688,1.3914806119423688,1,0,off,0,0,0.0,0.0,0.0,0.0,0.0,0.0,0.0,0.0,0.0,1.3914806119423688,1.3914806119423688
flat,single,0,weighted_cka,0,1423,1.9428011545591275,300.0,0.5771768689155579,0.0711301863193512,0,1.9428011545591275,1.9428011545591275,1,0,off,0,0,0.0,0.0,0.0,0.0,0.0,0.0,0.0,0.0,0.0,1.9428011545591275,1.9428011545591275
flat,single,0,weighted_cka,0,1424,1.9238098896835893,300.0,0.5768775939941406,0.07153843343257904,0,1.9238098896835893,1.9238098896835893,1,0,off,0,0,0.0,0.0,0.0,0.0,0.0,0.0,0.0,0.0,0.0,1.9238098896835893,1.9238098896835893
flat,single,0,weighted_cka,0,1425,1.9290404056711141,300.0,0.577490508556366,0.0701073408126831,0,1.9290404056711141,1.9290404056711141,1,0,off,0,0,0.0,0.0,0.0,0.0,0.0,0.0,0.0,0.0,0.0,1.9290404056711141,1.9290404056711141
flat,single,0,weighted_cka,0,1426,1.7144878713100966,300.0,0.48966389894485474,0.12961596250534058,0,1.7144878713100966,1.7144878713100966,1,0,off,0,0,0.0,0.0,0.0,0.0,0.0,0.0,0.0,0.0,0.0,1.7144878713100966,1.7144878713100966
flat,single,0,weighted_cka,0,1427,1.9207878536384655,300.0,0.5764201283454895,0.07054825127124786,0,1.9207878536384655,1.9207878536384655,1,0,off,0,0,0.0,0.0,0.0,0.0,0.0,0.0,0.0,0.0,0.0,1.9207878536384655,1.9207878536384655
flat,single,0,weighted_cka,0,1428,1.9021666206230279,300.0,0.5782506465911865,0.07119031995534897,0,1.9021666206230279,1.9021666206230279,1,0,off,0,0,0.0,0.0,0.0,0.0,0.0,0.0,0.0,0.0,0.0,1.9021666206230279,1.9021666206230279
flat,single,0,weighted_cka,0,1429,1.9077541351994682,300.0,0.5769389867782593,0.07160875201225281,0,1.9077541351994682,1.9077541351994682,1,0,off,0,0,0.0,0.0,0.0,0.0,0.0,0.0,0.0,0.0,0.0,1.9077541351994682,1.9077541351994682
flat,single,0,weighted_cka,0,1430,3.0921815535934862,226.0,0.7042678594589233,0.7023488879203796,1,3.0921815535934862,3.0921815535934862,1,0,off,0,0,0.0,0.0,0.0,0.0,0.0,0.0,0.0,0.0,0.0,3.0921815535934862,3.0921815535934862
flat,single,0,weighted_cka,0,1431,2.227797026966435,300.0,0.6004094481468201,0.18985675275325775,0,2.227797026966435,2.227797026966435,1,0,off,0,0,0.0,0.0,0.0,0.0,0.0,0.0,0.0,0.0,0.0,2.227797026966435,2.227797026966435
flat,single,0,weighted_cka,0,1432,2.2391397911480686,300.0,0.6138955354690552,0.2525096535682678,0,2.2391397911480686,2.2391397911480686,1,0,off,0,0,0.0,0.0,0.0,0.0,0.0,0.0,0.0,0.0,0.0,2.2391397911480686,2.2391397911480686
flat,single,0,weighted_cka,0,1433,2.262913959373707,300.0,0.6180292367935181,0.2708081305027008,0,2.262913959373707,2.262913959373707,1,0,off,0,0,0.0,0.0,0.0,0.0,0.0,0.0,0.0,0.0,0.0,2.262913959373707,2.262913959373707
flat,single,0,weighted_cka,0,1434,1.8872303452656487,300.0,0.5774581432342529,0.07009536027908325,0,1.8872303452656487,1.8872303452656487,1,0,off,0,0,0.0,0.0,0.0,0.0,0.0,0.0,0.0,0.0,0.0,1.8872303452656487,1.8872303452656487
flat,single,0,weighted_cka,0,1435,2.1702298686531476,300.0,0.5956440567970276,0.16256944835186005,0,2.1702298686531476,2.1702298686531476,1,0,off,0,0,0.0,0.0,0.0,0.0,0.0,0.0,0.0,0.0,0.0,2.1702298686531476,2.1702298686531476
flat,single,0,weighted_cka,0,1436,2.2983737605151404,300.0,0.6378542184829712,0.3700600564479828,0,2.2983737605151404,2.2983737605151404,1,0,off,0,0,0.0,0.0,0.0,0.0,0.0,0.0,0.0,0.0,0.0,2.2983737605151404,2.2983737605151404
flat,single,0,weighted_cka,0,1437,2.2503791594753793,300.0,0.6129314303398132,0.24843643605709076,0,2.2503791594753793,2.2503791594753793,1,0,off,0,0,0.0,0.0,0.0,0.0,0.0,0.0,0.0,0.0,0.0,2.2503791594753793,2.2503791594753793
flat,single,0,weighted_cka,0,1438,2.3098534722101753,300.0,0.6376590132713318,0.3768543601036072,0,2.3098534722101753,2.3098534722101753,1,0,off,0,0,0.0,0.0,0.0,0.0,0.0,0.0,0.0,0.0,0.0,2.3098534722101753,2.3098534722101753
flat,single,0,weighted_cka,0,1439,2.1973314338422156,300.0,0.6000703573226929,0.1782817393541336,0,2.1973314338422156,2.1973314338422156,1,0,off,0,0,0.0,0.0,0.0,0.0,0.0,0.0,0.0,0.0,0.0,2.1973314338422156,2.1973314338422156
flat,single,0,weighted_cka,0,1440,2.292647494913596,300.0,0.628948986530304,0.3268905580043793,0,2.292647494913596,2.292647494913596,1,0,off,0,0,0.0,0.0,0.0,0.0,0.0,0.0,0.0,0.0,0.0,2.292647494913596,2.292647494913596
flat,single,0,weighted_cka,0,1441,2.26911730175447,300.0,0.6242659091949463,0.3043490946292877,0,2.26911730175447,2.26911730175447,1,0,off,0,0,0.0,0.0,0.0,0.0,0.0,0.0,0.0,0.0,0.0,2.26911730175447,2.26911730175447
flat,single,0,weighted_cka,0,1442,3.1209134671151393,223.0,0.7021499872207642,0.7001280188560486,1,3.1209134671151393,3.1209134671151393,1,0,off,0,0,0.0,0.0,0.0,0.0,0.0,0.0,0.0,0.0,0.0,3.1209134671151393,3.1209134671151393
flat,single,0,weighted_cka,0,1443,0.8914438282623438,300.0,0.4103916585445404,0.0008330639102496207,0,0.8914438282623438,0.8914438282623438,1,0,off,0,0,0.0,0.0,0.0,0.0,0.0,0.0,0.0,0.0,0.0,0.8914438282623438,0.8914438282623438
flat,single,0,weighted_cka,0,1444,1.9991020868386826,300.0,0.5846844911575317,0.1054835096001625,0,1.9991020868386826,1.9991020868386826,1,0,off,0,0,0.0,0.0,0.0,0.0,0.0,0.0,0.0,0.0,0.0,1.9991020868386826,1.9991020868386826
flat,single,0,weighted_cka,0,1445,1.9401562818625493,300.0,0.5799039602279663,0.0864928737282753,0,1.9401562818625493,1.9401562818625493,1,0,off,0,0,0.0,0.0,0.0,0.0,0.0,0.0,0.0,0.0,0.0,1.9401562818625493,1.9401562818625493
flat,single,0,weighted_cka,0,1446,1.7512936548758327,300.0,0.5882574915885925,0.15083180367946625,0,1.7512936548758327,1.7512936548758327,1,0,off,0,0,0.0,0.0,0.0,0.0,0.0,0.0,0.0,0.0,0.0,1.7512936548758327,1.7512936548758327
flat,single,0,weighted_cka,0,1447,1.892529778352035,300.0,0.5778990983963013,0.07119031995534897,0,1.892529778352035,1.892529778352035,1,0,off,0,0,0.0,0.0,0.0,0.0,0.0,0.0,0.0,0.0,0.0,1.892529778352035,1.892529778352035
flat,single,0,weighted_cka,0,1448,1.9157461093433321,300.0,0.5780739188194275,0.07040554285049438,0,1.9157461093433321,1.9157461093433321,1,0,off,0,0,0.0,0.0,0.0,0.0,0.0,0.0,0.0,0.0,0.0,1.9157461093433321,1.9157461093433321
flat,single,0,weighted_cka,0,1449,1.9514308793487594,300.0,0.5765678286552429,0.06971730291843414,0,1.9514308793487594,1.9514308793487594,1,0,off,0,0,0.0,0.0,0.0,0.0,0.0,0.0,0.0,0.0,0.0,1.9514308793487594,1.9514308793487594
flat,single,0,weighted_cka,0,1450,1.9133055539820347,300.0,0.5719943046569824,0.04670402407646179,0,1.9133055539820347,1.9133055539820347,1,0,off,0,0,0.0,0.0,0.0,0.0,0.0,0.0,0.0,0.0,0.0,1.9133055539820347,1.9133055539820347
flat,single,0,weighted_cka,0,1451,2.1177151491051145,300.0,0.5875757336616516,0.12107909470796585,0,2.1177151491051145,2.1177151491051145,1,0,off,0,0,0.0,0.0,0.0,0.0,0.0,0.0,0.0,0.0,0.0,2.1177151491051145,2.1177151491051145
flat,single,0,weighted_cka,0,1452,1.3301846956548857,300.0,0.5827978253364563,0.15928302705287933,0,1.3301846956548857,1.3301846956548857,1,0,off,0,0,0.0,0.0,0.0,0.0,0.0,0.0,0.0,0.0,0.0,1.3301846956548857,1.3301846956548857
flat,single,0,weighted_cka,0,1453,1.9114545953090927,300.0,0.5768646001815796,0.06861506402492523,0,1.9114545953090927,1.9114545953090927,1,0,off,0,0,0.0,0.0,0.0,0.0,0.0,0.0,0.0,0.0,0.0,1.9114545953090927,1.9114545953090927
flat,single,0,weighted_cka,0,1454,2.150386254763924,300.0,0.5921002626419067,0.14248542487621307,0,2.150386254763924,2.150386254763924,1,0,off,0,0,0.0,0.0,0.0,0.0,0.0,0.0,0.0,0.0,0.0,2.150386254763924,2.150386254763924
flat,single,0,weighted_cka,0,1455,2.250977313289148,300.0,0.613899290561676,0.25389933586120605,0,2.250977313289148,2.250977313289148,1,0,off,0,0,0.0,0.0,0.0,0.0,0.0,0.0,0.0,0.0,0.0,2.250977313289148,2.250977313289148
flat,single,0,weighted_cka,0,1456,2.2470708911045207,300.0,0.6084808111190796,0.23110567033290863,0,2.2470708911045207,2.2470708911045207,1,0,off,0,0,0.0,0.0,0.0,0.0,0.0,0.0,0.0,0.0,0.0,2.2470708911045207,2.2470708911045207
flat,single,0,weighted_cka,0,1457,2.1645448819904445,300.0,0.5922138094902039,0.1416468620300293,0,2.1645448819904445,2.1645448819904445,1,0,off,0,0,0.0,0.0,0.0,0.0,0.0,0.0,0.0,0.0,0.0,2.1645448819904445,2.1645448819904445
flat,single,0,weighted_cka,0,1458,1.811816089723287,300.0,0.5658172369003296,0.015761088579893112,0,1.811816089723287,1.811816089723287,1,0,off,0,0,0.0,0.0,0.0,0.0,0.0,0.0,0.0,0.0,0.0,1.811816089723287,1.811816089723287
flat,single,0,weighted_cka,0,1459,2.2622422962398545,300.0,0.6154183745384216,0.26708537340164185,0,2.2622422962398545,2.2622422962398545,1,0,off,0,0,0.0,0.0,0.0,0.0,0.0,0.0,0.0,0.0,0.0,2.2622422962398545,2.2622422962398545
flat,single,0,weighted_cka,0,1460,1.300288794252991,300.0,0.44613486528396606,0.000714507361408323,0,1.300288794252991,1.300288794252991,1,0,off,0,0,0.0,0.0,0.0,0.0,0.0,0.0,0.0,0.0,0.0,1.300288794252991,1.300288794252991
flat,single,0,weighted_cka,0,1461,2.404538300991952,300.0,0.7033020853996277,0.6984944939613342,0,2.404538300991952,2.404538300991952,1,0,off,0,0,0.0,0.0,0.0,0.0,0.0,0.0,0.0,0.0,0.0,2.404538300991952,2.404538300991952
flat,single,0,weighted_cka,0,1462,3.049700040881397,240.0,0.7031932473182678,0.702290952205658,1,3.049700040881397,3.049700040881397,1,0,off,0,0,0.0,0.0,0.0,0.0,0.0,0.0,0.0,0.0,0.0,3.049700040881397,3.049700040881397
flat,single,0,weighted_cka,0,1463,3.1289288444570253,219.0,0.7038296461105347,0.7001247406005859,1,3.1289288444570253,3.1289288444570253,1,0,off,0,0,0.0,0.0,0.0,0.0,0.0,0.0,0.0,0.0,0.0,3.1289288444570253,3.1289288444570253
flat,single,0,weighted_cka,0,1464,3.0552702490031503,240.0,0.7021074295043945,0.7001757621765137,1,3.0552702490031503,3.0552702490031503,1,0,off,0,0,0.0,0.0,0.0,0.0,0.0,0.0,0.0,0.0,0.0,3.0552702490031503,3.0552702490031503
flat,single,0,weighted_cka,0,1465,3.1086756413907266,220.0,0.703508734703064,0.7001757025718689,1,3.1086756413907266,3.1086756413907266,1,0,off,0,0,0.0,0.0,0.0,0.0,0.0,0.0,0.0,0.0,0.0,3.1086756413907266,3.1086756413907266
flat,single,0,weighted_cka,0,1466,2.2650072639453835,300.0,0.6246263384819031,0.30436697602272034,0,2.2650072639453835,2.2650072639453835,1,0,off,0,0,0.0,0.0,0.0,0.0,0.0,0.0,0.0,0.0,0.0,2.2650072639453835,2.2650072639453835
flat,single,0,weighted_cka,0,1467,2.2697588522798853,300.0,0.624578595161438,0.3073738217353821,0,2.2697588522798853,2.2697588522798853,1,0,off,0,0,0.0,0.0,0.0,0.0,0.0,0.0,0.0,0.0,0.0,2.2697588522798853,2.2697588522798853
flat,single,0,weighted_cka,0,1468,1.9241231267134191,300.0,0.5765000581741333,0.07026977837085724,0,1.9241231267134191,1.9241231267134191,1,0,off,0,0,0.0,0.0,0.0,0.0,0.0,0.0,0.0,0.0,0.0,1.9241231267134191,1.9241231267134191
flat,single,0,weighted_cka,0,1469,2.3055773570821643,300.0,0.6348715424537659,0.35680606961250305,0,2.3055773570821643,2.3055773570821643,1,0,off,0,0,0.0,0.0,0.0,0.0,0.0,0.0,0.0,0.0,0.0,2.3055773570821643,2.3055773570821643
flat,single,0,weighted_cka,0,1470,1.737395969827746,300.0,0.5084255933761597,0.16247929632663727,0,1.737395969827746,1.737395969827746,1,0,off,0,0,0.0,0.0,0.0,0.0,0.0,0.0,0.0,0.0,0.0,1.737395969827746,1.737395969827746
flat,single,0,weighted_cka,0,1471,1.866483981715085,300.0,0.5701367855072021,0.033778563141822815,0,1.866483981715085,1.866483981715085,1,0,off,0,0,0.0,0.0,0.0,0.0,0.0,0.0,0.0,0.0,0.0,1.866483981715085,1.866483981715085
flat,single,0,weighted_cka,0,1472,1.9126614756362912,300.0,0.5782463550567627,0.07105281949043274,0,1.9126614756362912,1.9126614756362912,1,0,off,0,0,0.0,0.0,0.0,0.0,0.0,0.0,0.0,0.0,0.0,1.9126614756362912,1.9126614756362912
flat,single,0,weighted_cka,0,1473,2.2433420047104544,300.0,0.6119672060012817,0.24303652346134186,0,2.2433420047104544,2.2433420047104544,1,0,off,0,0,0.0,0.0,0.0,0.0,0.0,0.0,0.0,0.0,0.0,2.2433420047104544,2.2433420047104544
flat,single,0,weighted_cka,0,1474,2.2242486718806944,300.0,0.6121339201927185,0.24706922471523285,0,2.2242486718806944,2.2242486718806944,1,0,off,0,0,0.0,0.0,0.0,0.0,0.0,0.0,0.0,0.0,0.0,2.2242486718806944,2.2242486718806944
flat,single,0,weighted_cka,0,1475,1.8933544460072866,300.0,0.5699575543403625,0.03707345947623253,0,1.8933544460072866,1.8933544460072866,1,0,off,0,0,0.0,0.0,0.0,0.0,0.0,0.0,0.0,0.0,0.0,1.8933544460072866,1.8933544460072866
flat,single,0,weighted_cka,0,1476,1.7576760495201982,300.0,0.4999498724937439,0.1879613697528839,0,1.7576760495201982,1.7576760495201982,1,0,off,0,0,0.0,0.0,0.0,0.0,0.0,0.0,0.0,0.0,0.0,1.7576760495201982,1.7576760495201982
flat,single,0,weighted_cka,0,1477,1.6810565378817572,300.0,0.48121434450149536,0.14496302604675293,0,1.6810565378817572,1.6810565378817572,1,0,off,0,0,0.0,0.0,0.0,0.0,0.0,0.0,0.0,0.0,0.0,1.6810565378817572,1.6810565378817572
flat,single,0,weighted_cka,0,1478,2.2651164029504613,300.0,0.6182152032852173,0.26954102516174316,0,2.2651164029504613,2.2651164029504613,1,0,off,0,0,0.0,0.0,0.0,0.0,0.0,0.0,0.0,0.0,0.0,2.2651164029504613,2.2651164029504613
flat,single,0,weighted_cka,0,1479,2.2783971702291623,300.0,0.6250086426734924,0.3109271824359894,0,2.2783971702291623,2.2783971702291623,1,0,off,0,0,0.0,0.0,0.0,0.0,0.0,0.0,0.0,0.0,0.0,2.2783971702291623,2.2783971702291623
flat,single,0,weighted_cka,0,1480,2.23993011395023,300.0,0.6097902059555054,0.2348647117614746,0,2.23993011395023,2.23993011395023,1,0,off,0,0,0.0,0.0,0.0,0.0,0.0,0.0,0.0,0.0,0.0,2.23993011395023,2.23993011395023
flat,single,0,weighted_cka,0,1481,2.248696417129757,300.0,0.6198835372924805,0.2808687388896942,0,2.248696417129757,2.248696417129757,1,0,off,0,0,0.0,0.0,0.0,0.0,0.0,0.0,0.0,0.0,0.0,2.248696417129757,2.248696417129757
flat,single,0,weighted_cka,0,1482,2.2219699226238063,300.0,0.6072794198989868,0.21672295033931732,0,2.2219699226238063,2.2219699226238063,1,0,off,0,0,0.0,0.0,0.0,0.0,0.0,0.0,0.0,0.0,0.0,2.2219699226238063,2.2219699226238063
flat,single,0,weighted_cka,0,1483,1.9715934558080992,300.0,0.580670177936554,0.08564154803752899,0,1.9715934558080992,1.9715934558080992,1,0,off,0,0,0.0,0.0,0.0,0.0,0.0,0.0,0.0,0.0,0.0,1.9715934558080992,1.9715934558080992
flat,single,0,weighted_cka,0,1484,2.1568662427998646,300.0,0.5914682745933533,0.14248542487621307,0,2.1568662427998646,2.1568662427998646,1,0,off,0,0,0.0,0.0,0.0,0.0,0.0,0.0,0.0,0.0,0.0,2.1568662427998646,2.1568662427998646
flat,single,0,weighted_cka,0,1485,1.7767479054513373,300.0,0.5640617609024048,0.002498324029147625,0,1.7767479054513373,1.7767479054513373,1,0,off,0,0,0.0,0.0,0.0,0.0,0.0,0.0,0.0,0.0,0.0,1.7767479054513373,1.7767479054513373
flat,single,0,weighted_cka,0,1486,1.6660100865192349,300.0,0.4918227791786194,0.10965463519096375,0,1.6660100865192349,1.6660100865192349,1,0,off,0,0,0.0,0.0,0.0,0.0,0.0,0.0,0.0,0.0,0.0,1.6660100865192349,1.6660100865192349
flat,single,0,weighted_cka,0,1487,2.27481643083879,300.0,0.6225458383560181,0.29424333572387695,0,2.27481643083879,2.27481643083879,1,0,off,0,0,0.0,0.0,0.0,0.0,0.0,0.0,0.0,0.0,0.0,2.27481643083879,2.27481643083879
flat,single,0,weighted_cka,0,1488,2.2202771487592585,300.0,0.6070878505706787,0.21597935259342194,0,2.2202771487592585,2.2202771487592585,1,0,off,0,0,0.0,0.0,0.0,0.0,0.0,0.0,0.0,0.0,0.0,2.2202771487592585,2.2202771487592585
flat,single,0,weighted_cka,0,1489,2.0322707219891143,300.0,0.592540979385376,0.15022163093090057,0,2.0322707219891143,2.0322707219891143,1,0,off,0,0,0.0,0.0,0.0,0.0,0.0,0.0,0.0,0.0,0.0,2.0322707219891143,2.0322707219891143
flat,single,0,weighted_cka,0,1490,2.2533189133574965,300.0,0.6256416440010071,0.3106827437877655,0,2.2533189133574965,2.2533189133574965,1,0,off,0,0,0.0,0.0,0.0,0.0,0.0,0.0,0.0,0.0,0.0,2.2533189133574965,2.2533189133574965
flat,single,0,weighted_cka,0,1491,2.3196057792936617,300.0,0.626103937625885,0.32137852907180786,0,2.3196057792936617,2.3196057792936617,1,0,off,0,0,0.0,0.0,0.0,0.0,0.0,0.0,0.0,0.0,0.0,2.3196057792936617,2.3196057792936617
flat,single,0,weighted_cka,0,1492,1.912468544946642,300.0,0.577424168586731,0.06816329061985016,0,1.912468544946642,1.912468544946642,1,0,off,0,0,0.0,0.0,0.0,0.0,0.0,0.0,0.0,0.0,0.0,1.912468544946642,1.912468544946642
flat,single,0,weighted_cka,0,1493,2.247762059828415,300.0,0.6244856119155884,0.304902583360672,0,2.247762059828415,2.247762059828415,1,0,off,0,0,0.0,0.0,0.0,0.0,0.0,0.0,0.0,0.0,0.0,2.247762059828415,2.247762059828415
flat,single,0,weighted_cka,0,1494,2.305239876825148,300.0,0.6286229491233826,0.32799476385116577,0,2.305239876825148,2.305239876825148,1,0,off,0,0,0.0,0.0,0.0,0.0,0.0,0.0,0.0,0.0,0.0,2.305239876825148,2.305239876825148
flat,single,0,weighted_cka,0,1495,2.319389704859894,300.0,0.6408576369285583,0.38718199729919434,0,2.319389704859894,2.319389704859894,1,0,off,0,0,0.0,0.0,0.0,0.0,0.0,0.0,0.0,0.0,0.0,2.319389704859894,2.319389704859894
flat,single,0,weighted_cka,0,1496,2.248098352849489,300.0,0.6163731813430786,0.27022749185562134,0,2.248098352849489,2.248098352849489,1,0,off,0,0,0.0,0.0,0.0,0.0,0.0,0.0,0.0,0.0,0.0,2.248098352849489,2.248098352849489
flat,single,0,weighted_cka,0,1497,1.9412368289420883,300.0,0.5762003660202026,0.0691797211766243,0,1.9412368289420883,1.9412368289420883,1,0,off,0,0,0.0,0.0,0.0,0.0,0.0,0.0,0.0,0.0,0.0,1.9412368289420883,1.9412368289420883
flat,single,0,weighted_cka,0,1498,1.865145622019086,300.0,0.5767948031425476,0.07119031995534897,0,1.865145622019086,1.865145622019086,1,0,off,0,0,0.0,0.0,0.0,0.0,0.0,0.0,0.0,0.0,0.0,1.865145622019086,1.865145622019086
flat,single,0,weighted_cka,0,1499,1.7895178719249074,300.0,0.5640755891799927,0.005215828772634268,0,1.7895178719249074,1.7895178719249074,1,0,off,0,0,0.0,0.0,0.0,0.0,0.0,0.0,0.0,0.0,0.0,1.7895178719249074,1.7895178719249074
flat,single,0,weighted_cka,0,1500,1.7356589329559924,300.0,0.564142107963562,0.005531317088752985,0,1.7356589329559924,1.7356589329559924,1,0,off,0,0,0.0,0.0,0.0,0.0,0.0,0.0,0.0,0.0,0.0,1.7356589329559924,1.7356589329559924
flat,single,0,weighted_cka,0,1501,1.9212900705580305,300.0,0.5779389142990112,0.07082181423902512,0,1.9212900705580305,1.9212900705580305,1,0,off,0,0,0.0,0.0,0.0,0.0,0.0,0.0,0.0,0.0,0.0,1.9212900705580305,1.9212900705580305
flat,single,0,weighted_cka,0,1502,2.2024685357372125,300.0,0.6040290594100952,0.2053106129169464,0,2.2024685357372125,2.2024685357372125,1,0,off,0,0,0.0,0.0,0.0,0.0,0.0,0.0,0.0,0.0,0.0,2.2024685357372125,2.2024685357372125
flat,single,0,weighted_cka,0,1503,1.9516618293444337,300.0,0.5815684795379639,0.09031712263822556,0,1.9516618293444337,1.9516618293444337,1,0,off,0,0,0.0,0.0,0.0,0.0,0.0,0.0,0.0,0.0,0.0,1.9516618293444337,1.9516618293444337
flat,single,0,weighted_cka,0,1504,1.9355919073209522,300.0,0.5776875615119934,0.071434386074543,0,1.9355919073209522,1.9355919073209522,1,0,off,0,0,0.0,0.0,0.0,0.0,0.0,0.0,0.0,0.0,0.0,1.9355919073209522,1.9355919073209522
flat,single,0,weighted_cka,0,1505,2.2223803094722356,300.0,0.6086466908454895,0.2239232063293457,0,2.2223803094722356,2.2223803094722356,1,0,off,0,0,0.0,0.0,0.0,0.0,0.0,0.0,0.0,0.0,0.0,2.2223803094722356,2.2223803094722356
flat,single,0,weighted_cka,0,1506,2.208892161279259,300.0,0.6021409034729004,0.19772425293922424,0,2.208892161279259,2.208892161279259,1,0,off,0,0,0.0,0.0,0.0,0.0,0.0,0.0,0.0,0.0,0.0,2.208892161279259,2.208892161279259
flat,single,0,weighted_cka,0,1507,2.2198157014239754,300.0,0.6035412549972534,0.20532691478729248,0,2.2198157014239754,2.2198157014239754,1,0,off,0,0,0.0,0.0,0.0,0.0,0.0,0.0,0.0,0.0,0.0,2.2198157014239754,2.2198157014239754
flat,single,0,weighted_cka,0,1508,1.8496980620169765,300.0,0.5681191682815552,0.02334746904671192,0,1.8496980620169765,1.8496980620169765,1,0,off,0,0,0.0,0.0,0.0,0.0,0.0,0.0,0.0,0.0,0.0,1.8496980620169765,1.8496980620169765
flat,single,0,weighted_cka,0,1509,2.1987174802637472,300.0,0.5983155369758606,0.1785002052783966,0,2.1987174802637472,2.1987174802637472,1,0,off,0,0,0.0,0.0,0.0,0.0,0.0,0.0,0.0,0.0,0.0,2.1987174802637472,2.1987174802637472
flat,single,0,weighted_cka,0,1510,1.7924664361475138,300.0,0.5643028020858765,0.0057168984785676,0,1.7924664361475138,1.7924664361475138,1,0,off,0,0,0.0,0.0,0.0,0.0,0.0,0.0,0.0,0.0,0.0,1.7924664361475138,1.7924664361475138
flat,single,0,weighted_cka,0,1511,1.9458098889499595,300.0,0.5778770446777344,0.07159221172332764,0,1.9458098889499595,1.9458098889499595,1,0,off,0,0,0.0,0.0,0.0,0.0,0.0,0.0,0.0,0.0,0.0,1.9458098889499595,1.9458098889499595
flat,single,0,weighted_cka,0,1512,1.9050781343057093,300.0,0.5780316591262817,0.071370430290699,0,1.9050781343057093,1.9050781343057093,1,0,off,0,0,0.0,0.0,0.0,0.0,0.0,0.0,0.0,0.0,0.0,1.9050781343057093,1.9050781343057093
flat,single,0,weighted_cka,0,1513,1.9186021163197111,300.0,0.575886607170105,0.07014966011047363,0,1.9186021163197111,1.9186021163197111,1,0,off,0,0,0.0,0.0,0.0,0.0,0.0,0.0,0.0,0.0,0.0,1.9186021163197111,1.9186021163197111
flat,single,0,weighted_cka,0,1514,3.064402719365126,237.0,0.7044862508773804,0.701885998249054,1,3.064402719365126,3.064402719365126,1,0,off,0,0,0.0,0.0,0.0,0.0,0.0,0.0,0.0,0.0,0.0,3.064402719365126,3.064402719365126
flat,single,0,weighted_cka,0,1515,2.3920942443987716,300.0,0.6787067651748657,0.5807287693023682,0,2.3920942443987716,2.3920942443987716,1,0,off,0,0,0.0,0.0,0.0,0.0,0.0,0.0,0.0,0.0,0.0,2.3920942443987716,2.3920942443987716
flat,single,0,weighted_cka,0,1516,3.1321693353802535,221.0,0.7044884562492371,0.702027440071106,1,3.1321693353802535,3.1321693353802535,1,0,off,0,0,0.0,0.0,0.0,0.0,0.0,0.0,0.0,0.0,0.0,3.1321693353802535,3.1321693353802535
flat,single,0,weighted_cka,0,1517,3.0932810095565206,230.0,0.7026940584182739,0.7006524801254272,1,3.0932810095565206,3.0932810095565206,1,0,off,0,0,0.0,0.0,0.0,0.0,0.0,0.0,0.0,0.0,0.0,3.0932810095565206,3.0932810095565206
flat,single,0,weighted_cka,0,1518,3.108803021511993,225.0,0.7050018906593323,0.7023488879203796,1,3.108803021511993,3.108803021511993,1,0,off,0,0,0.0,0.0,0.0,0.0,0.0,0.0,0.0,0.0,0.0,3.108803021511993,3.108803021511993
flat,single,0,weighted_cka,0,1519,1.9557716449702554,300.0,0.5772496461868286,0.07055550813674927,0,1.9557716449702554,1.9557716449702554,1,0,off,0,0,0.0,0.0,0.0,0.0,0.0,0.0,0.0,0.0,0.0,1.9557716449702554,1.9557716449702554
flat,single,0,weighted_cka,0,1520,2.251175531324911,300.0,0.61738121509552,0.27022749185562134,0,2.251175531324911,2.251175531324911,1,0,off,0,0,0.0,0.0,0.0,0.0,0.0,0.0,0.0,0.0,0.0,2.251175531324911,2.251175531324911
flat,single,0,weighted_cka,0,1521,1.751323698369339,300.0,0.5866703391075134,0.1416468620300293,0,1.751323698369339,1.751323698369339,1,0,off,0,0,0.0,0.0,0.0,0.0,0.0,0.0,0.0,0.0,0.0,1.751323698369339,1.751323698369339
flat,single,0,weighted_cka,0,1522,1.7670462761692747,300.0,0.5638848543167114,0.0025610425509512424,0,1.7670462761692747,1.7670462761692747,1,0,off,0,0,0.0,0.0,0.0,0.0,0.0,0.0,0.0,0.0,0.0,1.7670462761692747,1.7670462761692747
flat,single,0,weighted_cka,0,1523,1.9363019323915491,300.0,0.5778089165687561,0.07166709750890732,0,1.9363019323915491,1.9363019323915491,1,0,off,0,0,0.0,0.0,0.0,0.0,0.0,0.0,0.0,0.0,0.0,1.9363019323915491,1.9363019323915491
flat,single,0,weighted_cka,0,1524,1.97883894613567,300.0,0.5826102495193481,0.09717956185340881,0,1.97883894613567,1.97883894613567,1,0,off,0,0,0.0,0.0,0.0,0.0,0.0,0.0,0.0,0.0,0.0,1.97883894613567,1.97883894613567
flat,single,0,weighted_cka,0,1525,2.241162161437977,300.0,0.6138955354690552,0.2525096535682678,0,2.241162161437977,2.241162161437977,1,0,off,0,0,0.0,0.0,0.0,0.0,0.0,0.0,0.0,0.0,0.0,2.241162161437977,2.241162161437977
flat,single,0,weighted_cka,0,1526,2.249207525378573,300.0,0.6119554042816162,0.24176107347011566,0,2.249207525378573,2.249207525378573,1,0,off,0,0,0.0,0.0,0.0,0.0,0.0,0.0,0.0,0.0,0.0,2.249207525378573,2.249207525378573
flat,single,0,weighted_cka,0,1527,2.286524873068906,300.0,0.6258729696273804,0.31028619408607483,0,2.286524873068906,2.286524873068906,1,0,off,0,0,0.0,0.0,0.0,0.0,0.0,0.0,0.0,0.0,0.0,2.286524873068906,2.286524873068906
flat,single,0,weighted_cka,0,1528,2.1338521790897502,300.0,0.5868008136749268,0.1210610419511795,0,2.1338521790897502,2.1338521790897502,1,0,off,0,0,0.0,0.0,0.0,0.0,0.0,0.0,0.0,0.0,0.0,2.1338521790897502,2.1338521790897502
flat,single,0,weighted_cka,0,1529,2.2871467614906296,300.0,0.6331616640090942,0.3464445471763611,0,2.2871467614906296,2.2871467614906296,1,0,off,0,0,0.0,0.0,0.0,0.0,0.0,0.0,0.0,0.0,0.0,2.2871467614906296,2.2871467614906296
flat,single,0,weighted_cka,0,1530,1.7750541986229798,300.0,0.5702833533287048,0.17072035372257233,0,1.7750541986229798,1.7750541986229798,1,0,off,0,0,0.0,0.0,0.0,0.0,0.0,0.0,0.0,0.0,0.0,1.7750541986229798,1.7750541986229798
flat,single,0,weighted_cka,0,1531,2.2392489592798697,300.0,0.6176500916481018,0.27022749185562134,0,2.2392489592798697,2.2392489592798697,1,0,off,0,0,0.0,0.0,0.0,0.0,0.0,0.0,0.0,0.0,0.0,2.2392489592798697,2.2392489592798697
flat,single,0,weighted_cka,0,1532,2.3015121979594184,300.0,0.6355935335159302,0.35987332463264465,0,2.3015121979594184,2.3015121979594184,1,0,off,0,0,0.0,0.0,0.0,0.0,0.0,0.0,0.0,0.0,0.0,2.3015121979594184,2.3015121979594184
flat,single,0,weighted_cka,0,1533,2.2461152452026667,300.0,0.6190389394760132,0.2771282494068146,0,2.2461152452026667,2.2461152452026667,1,0,off,0,0,0.0,0.0,0.0,0.0,0.0,0.0,0.0,0.0,0.0,2.2461152452026667,2.2461152452026667
flat,single,0,weighted_cka,0,1534,2.2310552961256302,300.0,0.6033541560173035,0.19772425293922424,0,2.2310552961256302,2.2310552961256302,1,0,off,0,0,0.0,0.0,0.0,0.0,0.0,0.0,0.0,0.0,0.0,2.2310552961256302,2.2310552961256302
flat,single,0,weighted_cka,0,1535,2.1298335263134947,300.0,0.5880737900733948,0.1210610419511795,0,2.1298335263134947,2.1298335263134947,1,0,off,0,0,0.0,0.0,0.0,0.0,0.0,0.0,0.0,0.0,0.0,2.1298335263134947,2.1298335263134947
flat,single,0,weighted_cka,0,1536,2.2133091147003174,300.0,0.603151261806488,0.19774027168750763,0,2.2133091147003174,2.2133091147003174,1,0,off,0,0,0.0,0.0,0.0,0.0,0.0,0.0,0.0,0.0,0.0,2.2133091147003174,2.2133091147003174
flat,single,0,weighted_cka,0,1537,2.209394937350928,300.0,0.6025767922401428,0.19827841222286224,0,2.209394937350928,2.209394937350928,1,0,off,0,0,0.0,0.0,0.0,0.0,0.0,0.0,0.0,0.0,0.0,2.209394937350928,2.209394937350928
flat,single,0,weighted_cka,0,1538,2.1648497654161005,300.0,0.5939469337463379,0.1500014066696167,0,2.1648497654161005,2.1648497654161005,1,0,off,0,0,0.0,0.0,0.0,0.0,0.0,0.0,0.0,0.0,0.0,2.1648497654161005,2.1648497654161005
flat,single,0,weighted_cka,0,1539,2.349071998978978,300.0,0.653952956199646,0.4517488479614258,0,2.349071998978978,2.349071998978978,1,0,off,0,0,0.0,0.0,0.0,0.0,0.0,0.0,0.0,0.0,0.0,2.349071998978978,2.349071998978978
flat,single,0,weighted_cka,0,1540,2.3144346187972857,300.0,0.6386703252792358,0.37626752257347107,0,2.3144346187972857,2.3144346187972857,1,0,off,0,0,0.0,0.0,0.0,0.0,0.0,0.0,0.0,0.0,0.0,2.3144346187972857,2.3144346187972857
flat,single,0,weighted_cka,0,1541,2.3438817917951837,300.0,0.664085865020752,0.5026408433914185,0,2.3438817917951837,2.3438817917951837,1,0,off,0,0,0.0,0.0,0.0,0.0,0.0,0.0,0.0,0.0,0.0,2.3438817917951837,2.3438817917951837
flat,single,0,weighted_cka,0,1542,2.2634793442092302,300.0,0.6199162006378174,0.2874925136566162,0,2.2634793442092302,2.2634793442092302,1,0,off,0,0,0.0,0.0,0.0,0.0,0.0,0.0,0.0,0.0,0.0,2.2634793442092302,2.2634793442092302
flat,single,0,weighted_cka,0,1543,2.15105750754622,300.0,0.5918135643005371,0.14248542487621307,0,2.15105750754622,2.15105750754622,1,0,off,0,0,0.0,0.0,0.0,0.0,0.0,0.0,0.0,0.0,0.0,2.15105750754622,2.15105750754622
flat,single,0,weighted_cka,0,1544,1.8574068944333804,300.0,0.5675225257873535,0.2709191143512726,0,1.8574068944333804,1.8574068944333804,1,0,off,0,0,0.0,0.0,0.0,0.0,0.0,0.0,0.0,0.0,0.0,1.8574068944333804,1.8574068944333804
flat,single,0,weighted_cka,0,1545,2.326544904423507,300.0,0.656599223613739,0.46382614970207214,0,2.326544904423507,2.326544904423507,1,0,off,0,0,0.0,0.0,0.0,0.0,0.0,0.0,0.0,0.0,0.0,2.326544904423507,2.326544904423507
flat,single,0,weighted_cka,0,1546,1.6599664869354087,300.0,0.4747297167778015,0.1210610419511795,0,1.6599664869354087,1.6599664869354087,1,0,off,0,0,0.0,0.0,0.0,0.0,0.0,0.0,0.0,0.0,0.0,1.6599664869354087,1.6599664869354087
flat,single,0,weighted_cka,0,1547,1.9179479779153752,300.0,0.577406644821167,0.07023387402296066,0,1.9179479779153752,1.9179479779153752,1,0,off,0,0,0.0,0.0,0.0,0.0,0.0,0.0,0.0,0.0,0.0,1.9179479779153752,1.9179479779153752
flat,single,0,weighted_cka,0,1548,1.8735847021365757,300.0,0.5682032108306885,0.023490753024816513,0,1.8735847021365757,1.8735847021365757,1,0,off,0,0,0.0,0.0,0.0,0.0,0.0,0.0,0.0,0.0,0.0,1.8735847021365757,1.8735847021365757
flat,single,0,weighted_cka,0,1549,1.784025681945785,300.0,0.5635217428207397,0.0031549297273159027,0,1.784025681945785,1.784025681945785,1,0,off,0,0,0.0,0.0,0.0,0.0,0.0,0.0,0.0,0.0,0.0,1.784025681945785,1.784025681945785
flat,single,0,weighted_cka,0,1550,2.2432715528761022,300.0,0.6184332370758057,0.276995450258255,0,2.2432715528761022,2.2432715528761022,1,0,off,0,0,0.0,0.0,0.0,0.0,0.0,0.0,0.0,0.0,0.0,2.2432715528761022,2.2432715528761022
flat,single,0,weighted_cka,0,1551,2.3463831303296985,300.0,0.6533347368240356,0.45068445801734924,0,2.3463831303296985,2.3463831303296985,1,0,off,0,0,0.0,0.0,0.0,0.0,0.0,0.0,0.0,0.0,0.0,2.3463831303296985,2.3463831303296985
flat,single,0,weighted_cka,0,1552,2.2444745046176635,300.0,0.6110290288925171,0.2343420684337616,0,2.2444745046176635,2.2444745046176635,1,0,off,0,0,0.0,0.0,0.0,0.0,0.0,0.0,0.0,0.0,0.0,2.2444745046176635,2.2444745046176635
flat,single,0,weighted_cka,0,1553,2.29813258658654,300.0,0.6319193840026855,0.34640929102897644,0,2.29813258658654,2.29813258658654,1,0,off,0,0,0.0,0.0,0.0,0.0,0.0,0.0,0.0,0.0,0.0,2.29813258658654,2.29813258658654
flat,single,0,weighted_cka,0,1554,2.243202074676411,300.0,0.620604395866394,0.2880922257900238,0,2.243202074676411,2.243202074676411,1,0,off,0,0,0.0,0.0,0.0,0.0,0.0,0.0,0.0,0.0,0.0,2.243202074676411,2.243202074676411
flat,single,0,weighted_cka,0,1555,1.7949696821509846,300.0,0.5630790591239929,0.0029870339203625917,0,1.7949696821509846,1.7949696821509846,1,0,off,0,0,0.0,0.0,0.0,0.0,0.0,0.0,0.0,0.0,0.0,1.7949696821509846,1.7949696821509846
flat,single,0,weighted_cka,0,1556,1.7621536235586959,300.0,0.5641086101531982,0.0012941333698108792,0,1.7621536235586959,1.7621536235586959,1,0,off,0,0,0.0,0.0,0.0,0.0,0.0,0.0,0.0,0.0,0.0,1.7621536235586959,1.7621536235586959
flat,single,0,weighted_cka,0,1557,1.333564432134152,300.0,0.4484235346317291,0.009497360326349735,0,1.333564432134152,1.333564432134152,1,0,off,0,0,0.0,0.0,0.0,0.0,0.0,0.0,0.0,0.0,0.0,1.333564432134152,1.333564432134152
flat,single,0,weighted_cka,0,1558,2.1588227557697186,300.0,0.5924652814865112,0.14248542487621307,0,2.1588227557697186,2.1588227557697186,1,0,off,0,0,0.0,0.0,0.0,0.0,0.0,0.0,0.0,0.0,0.0,2.1588227557697186,2.1588227557697186
flat,single,0,weighted_cka,0,1559,2.292160474215235,300.0,0.6347131133079529,0.35870951414108276,0,2.292160474215235,2.292160474215235,1,0,off,0,0,0.0,0.0,0.0,0.0,0.0,0.0,0.0,0.0,0.0,2.292160474215235,2.292160474215235
flat,single,0,weighted_cka,0,1560,1.9272119646711285,300.0,0.5771343111991882,0.0709058940410614,0,1.9272119646711285,1.9272119646711285,1,0,off,0,0,0.0,0.0,0.0,0.0,0.0,0.0,0.0,0.0,0.0,1.9272119646711285,1.9272119646711285
flat,single,0,weighted_cka,0,1561,1.7979219067332437,300.0,0.564367413520813,0.0020118115935474634,0,1.7979219067332437,1.7979219067332437,1,0,off,0,0,0.0,0.0,0.0,0.0,0.0,0.0,0.0,0.0,0.0,1.7979219067332437,1.7979219067332437
flat,single,0,weighted_cka,0,1562,1.7381609269999885,300.0,0.5638238191604614,0.0013640577672049403,0,1.7381609269999885,1.7381609269999885,1,0,off,0,0,0.0,0.0,0.0,0.0,0.0,0.0,0.0,0.0,0.0,1.7381609269999885,1.7381609269999885
flat,single,0,weighted_cka,0,1563,2.019358403226777,300.0,0.5828282833099365,0.09213372319936752,0,2.019358403226777,2.019358403226777,1,0,off,0,0,0.0,0.0,0.0,0.0,0.0,0.0,0.0,0.0,0.0,2.019358403226777,2.019358403226777
flat,single,0,weighted_cka,0,1564,2.144014020456005,300.0,0.5915783643722534,0.1416468620300293,0,2.144014020456005,2.144014020456005,1,0,off,0,0,0.0,0.0,0.0,0.0,0.0,0.0,0.0,0.0,0.0,2.144014020456005,2.144014020456005
flat,single,0,weighted_cka,0,1565,1.6957352561377452,300.0,0.5124998092651367,0.1210610419511795,0,1.6957352561377452,1.6957352561377452,1,0,off,0,0,0.0,0.0,0.0,0.0,0.0,0.0,0.0,0.0,0.0,1.6957352561377452,1.6957352561377452
flat,single,0,weighted_cka,0,1566,2.9619657124980754,260.0,0.7052046060562134,0.7026670575141907,1,2.9619657124980754,2.9619657124980754,1,0,off,0,0,0.0,0.0,0.0,0.0,0.0,0.0,0.0,0.0,0.0,2.9619657124980754,2.9619657124980754
flat,single,0,weighted_cka,0,1567,1.3249014968823745,300.0,0.44832152128219604,0.01949383318424225,0,1.3249014968823745,1.3249014968823745,1,0,off,0,0,0.0,0.0,0.0,0.0,0.0,0.0,0.0,0.0,0.0,1.3249014968823745,1.3249014968823745
flat,single,0,weighted_cka,0,1568,1.6093395156868548,300.0,0.4668201804161072,0.10000000149011612,0,1.6093395156868548,1.6093395156868548,1,0,off,0,0,0.0,0.0,0.0,0.0,0.0,0.0,0.0,0.0,0.0,1.6093395156868548,1.6093395156868548
flat,single,0,weighted_cka,0,1569,2.089853866671909,300.0,0.601274847984314,0.19018732011318207,0,2.089853866671909,2.089853866671909,1,0,off,0,0,0.0,0.0,0.0,0.0,0.0,0.0,0.0,0.0,0.0,2.089853866671909,2.089853866671909
flat,single,0,weighted_cka,0,1570,2.219418220955113,300.0,0.6058582067489624,0.21673858165740967,0,2.219418220955113,2.219418220955113,1,0,off,0,0,0.0,0.0,0.0,0.0,0.0,0.0,0.0,0.0,0.0,2.219418220955113,2.219418220955113
flat,single,0,weighted_cka,0,1571,2.2464723128281445,300.0,0.6159934401512146,0.25835251808166504,0,2.2464723128281445,2.2464723128281445,1,0,off,0,0,0.0,0.0,0.0,0.0,0.0,0.0,0.0,0.0,0.0,2.2464723128281445,2.2464723128281445
flat,single,0,weighted_cka,0,1572,1.9347196796852923,300.0,0.5780825018882751,0.0706130787730217,0,1.9347196796852923,1.9347196796852923,1,0,off,0,0,0.0,0.0,0.0,0.0,0.0,0.0,0.0,0.0,0.0,1.9347196796852923,1.9347196796852923
flat,single,0,weighted_cka,0,1573,3.0361310307885274,245.0,0.7027949690818787,0.7009831070899963,1,3.0361310307885274,3.0361310307885274,1,0,off,0,0,0.0,0.0,0.0,0.0,0.0,0.0,0.0,0.0,0.0,3.0361310307885274,3.0361310307885274
flat,single,0,weighted_cka,0,1574,2.1393547405239017,300.0,0.5878304243087769,0.12107909470796585,0,2.1393547405239017,2.1393547405239017,1,0,off,0,0,0.0,0.0,0.0,0.0,0.0,0.0,0.0,0.0,0.0,2.1393547405239017,2.1393547405239017
flat,single,0,weighted_cka,0,1575,2.302626629419809,300.0,0.6291462182998657,0.33108073472976685,0,2.302626629419809,2.302626629419809,1,0,off,0,0,0.0,0.0,0.0,0.0,0.0,0.0,0.0,0.0,0.0,2.302626629419809,2.302626629419809
flat,single,0,weighted_cka,0,1576,2.24350187935638,300.0,0.6129641532897949,0.24843643605709076,0,2.24350187935638,2.24350187935638,1,0,off,0,0,0.0,0.0,0.0,0.0,0.0,0.0,0.0,0.0,0.0,2.24350187935638,2.24350187935638
flat,single,0,weighted_cka,0,1577,2.321656423539956,300.0,0.6390441060066223,0.37856441736221313,0,2.321656423539956,2.321656423539956,1,0,off,0,0,0.0,0.0,0.0,0.0,0.0,0.0,0.0,0.0,0.0,2.321656423539956,2.321656423539956
flat,single,0,weighted_cka,0,1578,2.2056206498897506,300.0,0.6031481027603149,0.19772425293922424,0,2.2056206498897506,2.2056206498897506,1,0,off,0,0,0.0,0.0,0.0,0.0,0.0,0.0,0.0,0.0,0.0,2.2056206498897506,2.2056206498897506
flat,single,0,weighted_cka,0,1579,2.1971079186607243,300.0,0.5993732213973999,0.18138334155082703,0,2.1971079186607243,2.1971079186607243,1,0,off,0,0,0.0,0.0,0.0,0.0,0.0,0.0,0.0,0.0,0.0,2.1971079186607243,2.1971079186607243
flat,single,0,weighted_cka,0,1580,1.9343135791971093,300.0,0.5783011317253113,0.07066215574741364,0,1.9343135791971093,1.9343135791971093,1,0,off,0,0,0.0,0.0,0.0,0.0,0.0,0.0,0.0,0.0,0.0,1.9343135791971093,1.9343135791971093
flat,single,0,weighted_cka,0,1581,1.8158638355656862,300.0,0.565672755241394,0.010664469562470913,0,1.8158638355656862,1.8158638355656862,1,0,off,0,0,0.0,0.0,0.0,0.0,0.0,0.0,0.0,0.0,0.0,1.8158638355656862,1.8158638355656862
flat,single,0,weighted_cka,0,1582,1.9203387024743224,300.0,0.5783794522285461,0.07126378268003464,0,1.9203387024743224,1.9203387024743224,1,0,off,0,0,0.0,0.0,0.0,0.0,0.0,0.0,0.0,0.0,0.0,1.9203387024743224,1.9203387024743224
flat,single,0,weighted_cka,0,1583,1.9329977105694987,300.0,0.5776125192642212,0.07026977837085724,0,1.9329977105694987,1.9329977105694987,1,0,off,0,0,0.0,0.0,0.0,0.0,0.0,0.0,0.0,0.0,0.0,1.9329977105694987,1.9329977105694987
flat,single,0,weighted_cka,0,1584,2.319079966658542,300.0,0.6326342225074768,0.3489742577075958,0,2.319079966658542,2.319079966658542,1,0,off,0,0,0.0,0.0,0.0,0.0,0.0,0.0,0.0,0.0,0.0,2.319079966658542,2.319079966658542
flat,single,0,weighted_cka,0,1585,2.2162071476197864,300.0,0.6068388223648071,0.21672295033931732,0,2.2162071476197864,2.2162071476197864,1,0,off,0,0,0.0,0.0,0.0,0.0,0.0,0.0,0.0,0.0,0.0,2.2162071476197864,2.2162071476197864
flat,single,0,weighted_cka,0,1586,1.8733412280437491,300.0,0.5701733231544495,0.031690292060375214,0,1.8733412280437491,1.8733412280437491,1,0,off,0,0,0.0,0.0,0.0,0.0,0.0,0.0,0.0,0.0,0.0,1.8733412280437491,1.8733412280437491
flat,single,0,weighted_cka,0,1587,1.9543681136068685,300.0,0.5749346613883972,0.06126604229211807,0,1.9543681136068685,1.9543681136068685,1,0,off,0,0,0.0,0.0,0.0,0.0,0.0,0.0,0.0,0.0,0.0,1.9543681136068685,1.9543681136068685
flat,single,0,weighted_cka,0,1588,1.9354490427872406,300.0,0.577393651008606,0.0711006373167038,0,1.9354490427872406,1.9354490427872406,1,0,off,0,0,0.0,0.0,0.0,0.0,0.0,0.0,0.0,0.0,0.0,1.9354490427872406,1.9354490427872406
flat,single,0,weighted_cka,0,1589,2.1349164105929574,300.0,0.5886832475662231,0.12107909470796585,0,2.1349164105929574,2.1349164105929574,1,0,off,0,0,0.0,0.0,0.0,0.0,0.0,0.0,0.0,0.0,0.0,2.1349164105929574,2.1349164105929574
flat,single,0,weighted_cka,0,1590,2.264449887966883,300.0,0.618179202079773,0.27022749185562134,0,2.264449887966883,2.264449887966883,1,0,off,0,0,0.0,0.0,0.0,0.0,0.0,0.0,0.0,0.0,0.0,2.264449887966883,2.264449887966883
flat,single,0,weighted_cka,0,1591,2.3207335195605694,300.0,0.6394968032836914,0.3905605971813202,0,2.3207335195605694,2.3207335195605694,1,0,off,0,0,0.0,0.0,0.0,0.0,0.0,0.0,0.0,0.0,0.0,2.3207335195605694,2.3207335195605694
flat,single,0,weighted_cka,0,1592,2.2474423683105655,300.0,0.6165281534194946,0.2696196734905243,0,2.2474423683105655,2.2474423683105655,1,0,off,0,0,0.0,0.0,0.0,0.0,0.0,0.0,0.0,0.0,0.0,2.2474423683105655,2.2474423683105655
flat,single,0,weighted_cka,0,1593,2.1946395781326213,300.0,0.5994784235954285,0.17824798822402954,0,2.1946395781326213,2.1946395781326213,1,0,off,0,0,0.0,0.0,0.0,0.0,0.0,0.0,0.0,0.0,0.0,2.1946395781326213,2.1946395781326213
flat,single,0,weighted_cka,0,1594,2.1451478295933484,300.0,0.5884379744529724,0.12961596250534058,0,2.1451478295933484,2.1451478295933484,1,0,off,0,0,0.0,0.0,0.0,0.0,0.0,0.0,0.0,0.0,0.0,2.1451478295933484,2.1451478295933484
flat,single,0,weighted_cka,0,1595,2.2500579415938926,300.0,0.6207422614097595,0.28751084208488464,0,2.2500579415938926,2.2500579415938926,1,0,off,0,0,0.0,0.0,0.0,0.0,0.0,0.0,0.0,0.0,0.0,2.2500579415938926,2.2500579415938926
flat,single,0,weighted_cka,0,1596,1.8077920967538361,300.0,0.5654476881027222,0.009222609922289848,0,1.8077920967538361,1.8077920967538361,1,0,off,0,0,0.0,0.0,0.0,0.0,0.0,0.0,0.0,0.0,0.0,1.8077920967538361,1.8077920967538361
flat,single,0,weighted_cka,0,1597,1.7510897720561829,300.0,0.5631640553474426,0.002217775909230113,0,1.7510897720561829,1.7510897720561829,1,0,off,0,0,0.0,0.0,0.0,0.0,0.0,0.0,0.0,0.0,0.0,1.7510897720561829,1.7510897720561829
flat,single,0,weighted_cka,0,1598,1.822846485074841,300.0,0.5669462084770203,0.01793159730732441,0,1.822846485074841,1.822846485074841,1,0,off,0,0,0.0,0.0,0.0,0.0,0.0,0.0,0.0,0.0,0.0,1.822846485074841,1.822846485074841
flat,single,0,weighted_cka,0,1599,1.7845404418334496,300.0,0.5650652050971985,0.002124237595126033,0,1.7845404418334496,1.7845404418334496,1,0,off,0,0,0.0,0.0,0.0,0.0,0.0,0.0,0.0,0.0,0.0,1.7845404418334496,1.7845404418334496
flat,single,0,weighted_cka,0,1600,1.7842550604313132,300.0,0.5639548301696777,0.001758189988322556,0,1.7842550604313132,1.7842550604313132,1,0,off,0,0,0.0,0.0,0.0,0.0,0.0,0.0,0.0,0.0,0.0,1.7842550604313132,1.7842550604313132
flat,single,0,weighted_cka,0,1601,1.772400962765822,300.0,0.5661414861679077,0.009050336666405201,0,1.772400962765822,1.772400962765822,1,0,off,0,0,0.0,0.0,0.0,0.0,0.0,0.0,0.0,0.0,0.0,1.772400962765822,1.772400962765822
flat,single,0,weighted_cka,0,1602,1.9579737615844337,300.0,0.5759052038192749,0.06124720722436905,0,1.9579737615844337,1.9579737615844337,1,0,off,0,0,0.0,0.0,0.0,0.0,0.0,0.0,0.0,0.0,0.0,1.9579737615844337,1.9579737615844337
flat,single,0,weighted_cka,0,1603,1.9075305731734247,300.0,0.5766171813011169,0.07119031995534897,0,1.9075305731734247,1.9075305731734247,1,0,off,0,0,0.0,0.0,0.0,0.0,0.0,0.0,0.0,0.0,0.0,1.9075305731734247,1.9075305731734247
flat,single,0,weighted_cka,0,1604,2.0102939041912125,300.0,0.5821354985237122,0.09842691570520401,0,2.0102939041912125,2.0102939041912125,1,0,off,0,0,0.0,0.0,0.0,0.0,0.0,0.0,0.0,0.0,0.0,2.0102939041912125,2.0102939041912125
flat,single,0,weighted_cka,0,1605,1.909950852625573,300.0,0.5769377946853638,0.07010450214147568,0,1.909950852625573,1.909950852625573,1,0,off,0,0,0.0,0.0,0.0,0.0,0.0,0.0,0.0,0.0,0.0,1.909950852625573,1.909950852625573
flat,single,0,weighted_cka,0,1606,1.747872393133001,300.0,0.5640603303909302,0.002113691298291087,0,1.747872393133001,1.747872393133001,1,0,off,0,0,0.0,0.0,0.0,0.0,0.0,0.0,0.0,0.0,0.0,1.747872393133001,1.747872393133001
flat,single,0,weighted_cka,0,1607,1.8267915868258555,300.0,0.5681020617485046,0.02366989478468895,0,1.8267915868258555,1.8267915868258555,1,0,off,0,0,0.0,0.0,0.0,0.0,0.0,0.0,0.0,0.0,0.0,1.8267915868258555,1.8267915868258555
flat,single,0,weighted_cka,0,1608,1.7860582239503842,300.0,0.563836932182312,0.004004179500043392,0,1.7860582239503842,1.7860582239503842,1,0,off,0,0,0.0,0.0,0.0,0.0,0.0,0.0,0.0,0.0,0.0,1.7860582239503842,1.7860582239503842
flat,single,0,weighted_cka,0,1609,1.8401857381144495,300.0,0.5671032667160034,0.02127952314913273,0,1.8401857381144495,1.8401857381144495,1,0,off,0,0,0.0,0.0,0.0,0.0,0.0,0.0,0.0,0.0,0.0,1.8401857381144495,1.8401857381144495
flat,single,0,weighted_cka,0,1610,2.202356077472185,300.0,0.6002803444862366,0.17824798822402954,0,2.202356077472185,2.202356077472185,1,0,off,0,0,0.0,0.0,0.0,0.0,0.0,0.0,0.0,0.0,0.0,2.202356077472185,2.202356077472185
flat,single,0,weighted_cka,0,1611,1.9851837528429428,300.0,0.581398606300354,0.08803406357765198,0,1.9851837528429428,1.9851837528429428,1,0,off,0,0,0.0,0.0,0.0,0.0,0.0,0.0,0.0,0.0,0.0,1.9851837528429428,1.9851837528429428
flat,single,0,weighted_cka,0,1612,2.293484954409358,300.0,0.6323219537734985,0.3484223783016205,0,2.293484954409358,2.293484954409358,1,0,off,0,0,0.0,0.0,0.0,0.0,0.0,0.0,0.0,0.0,0.0,2.293484954409358,2.293484954409358
flat,single,0,weighted_cka,0,1613,2.15227123425797,300.0,0.5915526151657104,0.14248542487621307,0,2.15227123425797,2.15227123425797,1,0,off,0,0,0.0,0.0,0.0,0.0,0.0,0.0,0.0,0.0,0.0,2.15227123425797,2.15227123425797
flat,single,0,weighted_cka,0,1614,2.368598922828877,300.0,0.6685253381729126,0.5343541502952576,0,2.368598922828877,2.368598922828877,1,0,off,0,0,0.0,0.0,0.0,0.0,0.0,0.0,0.0,0.0,0.0,2.368598922828877,2.368598922828877
flat,single,0,weighted_cka,0,1615,2.8950252082207575,285.0,0.7043262124061584,0.7023488879203796,1,2.8950252082207575,2.8950252082207575,1,0,off,0,0,0.0,0.0,0.0,0.0,0.0,0.0,0.0,0.0,0.0,2.8950252082207575,2.8950252082207575
flat,single,0,weighted_cka,0,1616,3.1120085068612813,223.0,0.7038156986236572,0.7009831070899963,1,3.1120085068612813,3.1120085068612813,1,0,off,0,0,0.0,0.0,0.0,0.0,0.0,0.0,0.0,0.0,0.0,3.1120085068612813,3.1120085068612813
flat,single,0,weighted_cka,0,1617,2.8058606238429187,297.0,0.7040019631385803,0.7018431425094604,1,2.8058606238429187,2.8058606238429187,1,0,off,0,0,0.0,0.0,0.0,0.0,0.0,0.0,0.0,0.0,0.0,2.8058606238429187,2.8058606238429187
flat,single,0,weighted_cka,0,1618,1.698589190629717,300.0,0.5637445449829102,0.09660858660936356,0,1.698589190629717,1.698589190629717,1,0,off,0,0,0.0,0.0,0.0,0.0,0.0,0.0,0.0,0.0,0.0,1.698589190629717,1.698589190629717
flat,single,0,weighted_cka,0,1619,3.1331993404049414,218.0,0.7043355107307434,0.7023488879203796,1,3.1331993404049414,3.1331993404049414,1,0,off,0,0,0.0,0.0,0.0,0.0,0.0,0.0,0.0,0.0,0.0,3.1331993404049414,3.1331993404049414
flat,single,0,weighted_cka,0,1620,3.041771287718459,244.0,0.7040443420410156,0.7011483311653137,1,3.041771287718459,3.041771287718459,1,0,off,0,0,0.0,0.0,0.0,0.0,0.0,0.0,0.0,0.0,0.0,3.041771287718459,3.041771287718459
flat,single,0,weighted_cka,0,1621,3.0840786637368134,226.0,0.7048935890197754,0.7023488879203796,1,3.0840786637368134,3.0840786637368134,1,0,off,0,0,0.0,0.0,0.0,0.0,0.0,0.0,0.0,0.0,0.0,3.0840786637368134,3.0840786637368134
flat,single,0,weighted_cka,0,1622,0.6408994089644683,300.0,0.3345642685890198,0.09684348106384277,0,0.6408994089644683,0.6408994089644683,1,0,off,0,0,0.0,0.0,0.0,0.0,0.0,0.0,0.0,0.0,0.0,0.6408994089644683,0.6408994089644683
flat,single,0,weighted_cka,0,1623,2.311501653775757,300.0,0.6381852030754089,0.37849006056785583,0,2.311501653775757,2.311501653775757,1,0,off,0,0,0.0,0.0,0.0,0.0,0.0,0.0,0.0,0.0,0.0,2.311501653775757,2.311501653775757
flat,single,0,weighted_cka,0,1624,2.250943388627684,300.0,0.6176433563232422,0.27153280377388,0,2.250943388627684,2.250943388627684,1,0,off,0,0,0.0,0.0,0.0,0.0,0.0,0.0,0.0,0.0,0.0,2.250943388627684,2.250943388627684
flat,single,0,weighted_cka,0,1625,2.304916598361835,300.0,0.6760441064834595,0.5608215928077698,0,2.304916598361835,2.304916598361835,1,0,off,0,0,0.0,0.0,0.0,0.0,0.0,0.0,0.0,0.0,0.0,2.304916598361835,2.304916598361835
flat,single,0,weighted_cka,0,1626,1.811592842709068,300.0,0.5649744272232056,0.010861179791390896,0,1.811592842709068,1.811592842709068,1,0,off,0,0,0.0,0.0,0.0,0.0,0.0,0.0,0.0,0.0,0.0,1.811592842709068,1.811592842709068
flat,single,0,weighted_cka,0,1627,1.963672445533028,300.0,0.577771008014679,0.07083886116743088,0,1.963672445533028,1.963672445533028,1,0,off,0,0,0.0,0.0,0.0,0.0,0.0,0.0,0.0,0.0,0.0,1.963672445533028,1.963672445533028
flat,single,0,weighted_cka,0,1628,1.9029344745685677,300.0,0.5766711831092834,0.0688072070479393,0,1.9029344745685677,1.9029344745685677,1,0,off,0,0,0.0,0.0,0.0,0.0,0.0,0.0,0.0,0.0,0.0,1.9029344745685677,1.9029344745685677
flat,single,0,weighted_cka,0,1629,2.264022261947865,300.0,0.630682110786438,0.33607423305511475,0,2.264022261947865,2.264022261947865,1,0,off,0,0,0.0,0.0,0.0,0.0,0.0,0.0,0.0,0.0,0.0,2.264022261947865,2.264022261947865
flat,single,0,weighted_cka,0,1630,1.9166738681655815,300.0,0.5768163204193115,0.06988480687141418,0,1.9166738681655815,1.9166738681655815,1,0,off,0,0,0.0,0.0,0.0,0.0,0.0,0.0,0.0,0.0,0.0,1.9166738681655815,1.9166738681655815
flat,single,0,weighted_cka,0,1631,1.9197564867266905,300.0,0.5771466493606567,0.07119031995534897,0,1.9197564867266905,1.9197564867266905,1,0,off,0,0,0.0,0.0,0.0,0.0,0.0,0.0,0.0,0.0,0.0,1.9197564867266905,1.9197564867266905
flat,single,0,weighted_cka,0,1632,2.140119033489742,300.0,0.5916398763656616,0.14248542487621307,0,2.140119033489742,2.140119033489742,1,0,off,0,0,0.0,0.0,0.0,0.0,0.0,0.0,0.0,0.0,0.0,2.140119033489742,2.140119033489742
flat,single,0,weighted_cka,0,1633,1.9482169484287395,300.0,0.5774513483047485,0.07167763262987137,0,1.9482169484287395,1.9482169484287395,1,0,off,0,0,0.0,0.0,0.0,0.0,0.0,0.0,0.0,0.0,0.0,1.9482169484287395,1.9482169484287395
flat,single,0,weighted_cka,0,1634,2.2496971809363444,300.0,0.6213908791542053,0.2874925136566162,0,2.2496971809363444,2.2496971809363444,1,0,off,0,0,0.0,0.0,0.0,0.0,0.0,0.0,0.0,0.0,0.0,2.2496971809363444,2.2496971809363444
flat,single,0,weighted_cka,0,1635,1.996675110456998,300.0,0.5847305655479431,0.10616236180067062,0,1.996675110456998,1.996675110456998,1,0,off,0,0,0.0,0.0,0.0,0.0,0.0,0.0,0.0,0.0,0.0,1.996675110456998,1.996675110456998
flat,single,0,weighted_cka,0,1636,2.248385363568543,300.0,0.6126607656478882,0.24843643605709076,0,2.248385363568543,2.248385363568543,1,0,off,0,0,0.0,0.0,0.0,0.0,0.0,0.0,0.0,0.0,0.0,2.248385363568543,2.248385363568543
flat,single,0,weighted_cka,0,1637,2.3016947071684157,300.0,0.6324955224990845,0.34691157937049866,0,2.3016947071684157,2.3016947071684157,1,0,off,0,0,0.0,0.0,0.0,0.0,0.0,0.0,0.0,0.0,0.0,2.3016947071684157,2.3016947071684157
flat,single,0,weighted_cka,0,1638,1.8861449755043163,300.0,0.571241021156311,0.03826754540205002,0,1.8861449755043163,1.8861449755043163,1,0,off,0,0,0.0,0.0,0.0,0.0,0.0,0.0,0.0,0.0,0.0,1.8861449755043163,1.8861449755043163
flat,single,0,weighted_cka,0,1639,1.7774208681788863,300.0,0.5637460350990295,0.0018045876640826464,0,1.7774208681788863,1.7774208681788863,1,0,off,0,0,0.0,0.0,0.0,0.0,0.0,0.0,0.0,0.0,0.0,1.7774208681788863,1.7774208681788863
flat,single,0,weighted_cka,0,1640,2.2118347488292187,300.0,0.6049627065658569,0.20428264141082764,0,2.2118347488292187,2.2118347488292187,1,0,off,0,0,0.0,0.0,0.0,0.0,0.0,0.0,0.0,0.0,0.0,2.2118347488292187,2.2118347488292187
flat,single,0,weighted_cka,0,1641,2.300476144610762,300.0,0.6204921007156372,0.2926722466945648,0,2.300476144610762,2.300476144610762,1,0,off,0,0,0.0,0.0,0.0,0.0,0.0,0.0,0.0,0.0,0.0,2.300476144610762,2.300476144610762
flat,single,0,weighted_cka,0,1642,1.8556258319575236,300.0,0.609902560710907,0.2657075822353363,0,1.8556258319575236,1.8556258319575236,1,0,off,0,0,0.0,0.0,0.0,0.0,0.0,0.0,0.0,0.0,0.0,1.8556258319575236,1.8556258319575236
flat,single,0,weighted_cka,0,1643,1.9045014126744437,300.0,0.5770576000213623,0.07106950134038925,0,1.9045014126744437,1.9045014126744437,1,0,off,0,0,0.0,0.0,0.0,0.0,0.0,0.0,0.0,0.0,0.0,1.9045014126744437,1.9045014126744437
flat,single,0,weighted_cka,0,1644,1.9423824341649683,300.0,0.5762776732444763,0.06337236613035202,0,1.9423824341649683,1.9423824341649683,1,0,off,0,0,0.0,0.0,0.0,0.0,0.0,0.0,0.0,0.0,0.0,1.9423824341649683,1.9423824341649683
flat,single,0,weighted_cka,0,1645,1.7936976550321546,300.0,0.5642898678779602,0.004046854563057423,0,1.7936976550321546,1.7936976550321546,1,0,off,0,0,0.0,0.0,0.0,0.0,0.0,0.0,0.0,0.0,0.0,1.7936976550321546,1.7936976550321546
flat,single,0,weighted_cka,0,1646,1.9390855967215188,300.0,0.5733882188796997,0.051414214074611664,0,1.9390855967215188,1.9390855967215188,1,0,off,0,0,0.0,0.0,0.0,0.0,0.0,0.0,0.0,0.0,0.0,1.9390855967215188,1.9390855967215188
flat,single,0,weighted_cka,0,1647,2.391689786930691,300.0,0.6957207322120667,0.6633589863777161,0,2.391689786930691,2.391689786930691,1,0,off,0,0,0.0,0.0,0.0,0.0,0.0,0.0,0.0,0.0,0.0,2.391689786930691,2.391689786930691
flat,single,0,weighted_cka,0,1648,3.083417658669982,226.0,0.7025009393692017,0.7000696659088135,1,3.083417658669982,3.083417658669982,1,0,off,0,0,0.0,0.0,0.0,0.0,0.0,0.0,0.0,0.0,0.0,3.083417658669982,3.083417658669982
flat,single,0,weighted_cka,0,1649,3.094093358850571,224.0,0.7027386426925659,0.7007482051849365,1,3.094093358850571,3.094093358850571,1,0,off,0,0,0.0,0.0,0.0,0.0,0.0,0.0,0.0,0.0,0.0,3.094093358850571,3.094093358850571
flat,single,0,weighted_cka,0,1650,3.118797865175408,218.0,0.7031928300857544,0.7004686594009399,1,3.118797865175408,3.118797865175408,1,0,off,0,0,0.0,0.0,0.0,0.0,0.0,0.0,0.0,0.0,0.0,3.118797865175408,3.118797865175408
flat,single,0,weighted_cka,0,1651,3.0277066949266196,247.0,0.7044308185577393,0.7023488879203796,1,3.0277066949266196,3.0277066949266196,1,0,off,0,0,0.0,0.0,0.0,0.0,0.0,0.0,0.0,0.0,0.0,3.0277066949266196,3.0277066949266196
flat,single,0,weighted_cka,0,1652,3.1234681670505076,219.0,0.7029992341995239,0.7004686594009399,1,3.1234681670505076,3.1234681670505076,1,0,off,0,0,0.0,0.0,0.0,0.0,0.0,0.0,0.0,0.0,0.0,3.1234681670505076,3.1234681670505076
flat,single,0,weighted_cka,0,1653,3.0957927901584177,228.0,0.7032925486564636,0.7004686594009399,1,3.0957927901584177,3.0957927901584177,1,0,off,0,0,0.0,0.0,0.0,0.0,0.0,0.0,0.0,0.0,0.0,3.0957927901584177,3.0957927901584177
flat,single,0,weighted_cka,0,1654,3.1044621399720187,225.0,0.703595757484436,0.7011759877204895,1,3.1044621399720187,3.1044621399720187,1,0,off,0,0,0.0,0.0,0.0,0.0,0.0,0.0,0.0,0.0,0.0,3.1044621399720187,3.1044621399720187
flat,single,0,weighted_cka,0,1655,3.131315515552646,216.0,0.7039888501167297,0.7020090818405151,1,3.131315515552646,3.131315515552646,1,0,off,0,0,0.0,0.0,0.0,0.0,0.0,0.0,0.0,0.0,0.0,3.131315515552646,3.131315515552646
flat,single,0,weighted_cka,0,1656,2.187229481864656,300.0,0.5970174074172974,0.17072035372257233,0,2.187229481864656,2.187229481864656,1,0,off,0,0,0.0,0.0,0.0,0.0,0.0,0.0,0.0,0.0,0.0,2.187229481864656,2.187229481864656
flat,single,0,weighted_cka,0,1657,2.2500924299078164,300.0,0.6174166798591614,0.2667796015739441,0,2.2500924299078164,2.2500924299078164,1,0,off,0,0,0.0,0.0,0.0,0.0,0.0,0.0,0.0,0.0,0.0,2.2500924299078164,2.2500924299078164
flat,single,0,weighted_cka,0,1658,2.990042387897555,255.0,0.7042157649993896,0.7023488879203796,1,2.990042387897555,2.990042387897555,1,0,off,0,0,0.0,0.0,0.0,0.0,0.0,0.0,0.0,0.0,0.0,2.990042387897555,2.990042387897555
flat,single,0,weighted_cka,0,1659,3.1073595873678848,219.0,0.7044150233268738,0.7023488879203796,1,3.1073595873678848,3.1073595873678848,1,0,off,0,0,0.0,0.0,0.0,0.0,0.0,0.0,0.0,0.0,0.0,3.1073595873678848,3.1073595873678848
flat,single,0,weighted_cka,0,1660,3.091429009669823,221.0,0.7028002738952637,0.7001247406005859,1,3.091429009669823,3.091429009669823,1,0,off,0,0,0.0,0.0,0.0,0.0,0.0,0.0,0.0,0.0,0.0,3.091429009669823,3.091429009669823
flat,single,0,weighted_cka,0,1661,3.121407890302477,218.0,0.7016509771347046,0.7000696659088135,1,3.121407890302477,3.121407890302477,1,0,off,0,0,0.0,0.0,0.0,0.0,0.0,0.0,0.0,0.0,0.0,3.121407890302477,3.121407890302477
flat,single,0,weighted_cka,0,1662,3.0873475974228337,224.0,0.7025744915008545,0.7009669542312622,1,3.0873475974228337,3.0873475974228337,1,0,off,0,0,0.0,0.0,0.0,0.0,0.0,0.0,0.0,0.0,0.0,3.0873475974228337,3.0873475974228337
flat,single,0,weighted_cka,0,1663,3.11041370799631,223.0,0.7033339738845825,0.7004686594009399,1,3.11041370799631,3.11041370799631,1,0,off,0,0,0.0,0.0,0.0,0.0,0.0,0.0,0.0,0.0,0.0,3.11041370799631,3.11041370799631
flat,single,0,weighted_cka,0,1664,3.104315363311091,219.0,0.7030740976333618,0.7000950574874878,1,3.104315363311091,3.104315363311091,1,0,off,0,0,0.0,0.0,0.0,0.0,0.0,0.0,0.0,0.0,0.0,3.104315363311091,3.104315363311091
flat,single,0,weighted_cka,0,1665,3.144018223422462,215.0,0.7036969065666199,0.7004686594009399,1,3.144018223422462,3.144018223422462,1,0,off,0,0,0.0,0.0,0.0,0.0,0.0,0.0,0.0,0.0,0.0,3.144018223422462,3.144018223422462
flat,single,0,weighted_cka,0,1666,2.3041400308002338,300.0,0.6330205202102661,0.348896861076355,0,2.3041400308002338,2.3041400308002338,1,0,off,0,0,0.0,0.0,0.0,0.0,0.0,0.0,0.0,0.0,0.0,2.3041400308002338,2.3041400308002338
flat,single,0,weighted_cka,0,1667,3.0722905275606305,231.0,0.7030333280563354,0.7005079984664917,1,3.0722905275606305,3.0722905275606305,1,0,off,0,0,0.0,0.0,0.0,0.0,0.0,0.0,0.0,0.0,0.0,3.0722905275606305,3.0722905275606305
flat,single,0,weighted_cka,0,1668,3.1275817826266854,217.0,0.7037213444709778,0.7001280188560486,1,3.1275817826266854,3.1275817826266854,1,0,off,0,0,0.0,0.0,0.0,0.0,0.0,0.0,0.0,0.0,0.0,3.1275817826266854,3.1275817826266854
flat,single,0,weighted_cka,0,1669,3.053149344352142,237.0,0.702525794506073,0.7004686594009399,1,3.053149344352142,3.053149344352142,1,0,off,0,0,0.0,0.0,0.0,0.0,0.0,0.0,0.0,0.0,0.0,3.053149344352142,3.053149344352142
flat,single,0,weighted_cka,0,1670,1.7740290518126116,300.0,0.5657196044921875,0.010203352198004723,0,1.7740290518126116,1.7740290518126116,1,0,off,0,0,0.0,0.0,0.0,0.0,0.0,0.0,0.0,0.0,0.0,1.7740290518126116,1.7740290518126116
flat,single,0,weighted_cka,0,1671,1.8059739161148158,300.0,0.5646550059318542,0.0052934447303414345,0,1.8059739161148158,1.8059739161148158,1,0,off,0,0,0.0,0.0,0.0,0.0,0.0,0.0,0.0,0.0,0.0,1.8059739161148158,1.8059739161148158
flat,single,0,weighted_cka,0,1672,2.9708693650262417,261.0,0.7044247388839722,0.7011759877204895,1,2.9708693650262417,2.9708693650262417,1,0,off,0,0,0.0,0.0,0.0,0.0,0.0,0.0,0.0,0.0,0.0,2.9708693650262417,2.9708693650262417
flat,single,0,weighted_cka,0,1673,2.2829793764216433,300.0,0.6259685754776001,0.31635981798171997,0,2.2829793764216433,2.2829793764216433,1,0,off,0,0,0.0,0.0,0.0,0.0,0.0,0.0,0.0,0.0,0.0,2.2829793764216433,2.2829793764216433
flat,single,0,weighted_cka,0,1674,2.2494223543407887,300.0,0.6157969236373901,0.2696196734905243,0,2.2494223543407887,2.2494223543407887,1,0,off,0,0,0.0,0.0,0.0,0.0,0.0,0.0,0.0,0.0,0.0,2.2494223543407887,2.2494223543407887
flat,single,0,weighted_cka,0,1675,2.1904249889248604,300.0,0.5979093313217163,0.17153051495552063,0,2.1904249889248604,2.1904249889248604,1,0,off,0,0,0.0,0.0,0.0,0.0,0.0,0.0,0.0,0.0,0.0,2.1904249889248604,2.1904249889248604
flat,single,0,weighted_cka,0,1676,2.040237812249323,300.0,0.5809165239334106,0.08943624794483185,0,2.040237812249323,2.040237812249323,1,0,off,0,0,0.0,0.0,0.0,0.0,0.0,0.0,0.0,0.0,0.0,2.040237812249323,2.040237812249323
flat,single,0,weighted_cka,0,1677,2.258033193833718,300.0,0.6175543665885925,0.27022749185562134,0,2.258033193833718,2.258033193833718,1,0,off,0,0,0.0,0.0,0.0,0.0,0.0,0.0,0.0,0.0,0.0,2.258033193833718,2.258033193833718
flat,single,0,weighted_cka,0,1678,1.7858337438914518,300.0,0.5636399984359741,0.0024879903066903353,0,1.7858337438914518,1.7858337438914518,1,0,off,0,0,0.0,0.0,0.0,0.0,0.0,0.0,0.0,0.0,0.0,1.7858337438914518,1.7858337438914518
flat,single,0,weighted_cka,0,1679,1.781808649137382,300.0,0.5641098618507385,0.003000953933224082,0,1.781808649137382,1.781808649137382,1,0,off,0,0,0.0,0.0,0.0,0.0,0.0,0.0,0.0,0.0,0.0,1.781808649137382,1.781808649137382
flat,single,0,weighted_cka,0,1680,1.9224253289536746,300.0,0.5728192329406738,0.04579365253448486,0,1.9224253289536746,1.9224253289536746,1,0,off,0,0,0.0,0.0,0.0,0.0,0.0,0.0,0.0,0.0,0.0,1.9224253289536746,1.9224253289536746
flat,single,0,weighted_cka,0,1681,1.949456779240471,300.0,0.5781333446502686,0.07016603648662567,0,1.949456779240471,1.949456779240471,1,0,off,0,0,0.0,0.0,0.0,0.0,0.0,0.0,0.0,0.0,0.0,1.949456779240471,1.949456779240471
flat,single,0,weighted_cka,0,1682,2.0910509195749256,300.0,0.5887588262557983,0.13060665130615234,0,2.0910509195749256,2.0910509195749256,1,0,off,0,0,0.0,0.0,0.0,0.0,0.0,0.0,0.0,0.0,0.0,2.0910509195749256,2.0910509195749256
flat,single,0,weighted_cka,0,1683,1.8243969231320065,300.0,0.5649353265762329,0.010378021746873856,0,1.8243969231320065,1.8243969231320065,1,0,off,0,0,0.0,0.0,0.0,0.0,0.0,0.0,0.0,0.0,0.0,1.8243969231320065,1.8243969231320065
flat,single,0,weighted_cka,0,1684,2.334957225915467,300.0,0.6506207585334778,0.4404458999633789,0,2.334957225915467,2.334957225915467,1,0,off,0,0,0.0,0.0,0.0,0.0,0.0,0.0,0.0,0.0,0.0,2.334957225915467,2.334957225915467
flat,single,0,weighted_cka,0,1685,2.3203604939116858,300.0,0.6455289125442505,0.4049902558326721,0,2.3203604939116858,2.3203604939116858,1,0,off,0,0,0.0,0.0,0.0,0.0,0.0,0.0,0.0,0.0,0.0,2.3203604939116858,2.3203604939116858
flat,single,0,weighted_cka,0,1686,2.0628419946548826,300.0,0.590441882610321,0.13218557834625244,0,2.0628419946548826,2.0628419946548826,1,0,off,0,0,0.0,0.0,0.0,0.0,0.0,0.0,0.0,0.0,0.0,2.0628419946548826,2.0628419946548826
flat,single,0,weighted_cka,0,1687,1.8240641754042812,300.0,0.5672891139984131,0.016429666429758072,0,1.8240641754042812,1.8240641754042812,1,0,off,0,0,0.0,0.0,0.0,0.0,0.0,0.0,0.0,0.0,0.0,1.8240641754042812,1.8240641754042812
flat,single,0,weighted_cka,0,1688,1.958836147689727,300.0,0.5755282640457153,0.059717126190662384,0,1.958836147689727,1.958836147689727,1,0,off,0,0,0.0,0.0,0.0,0.0,0.0,0.0,0.0,0.0,0.0,1.958836147689727,1.958836147689727
flat,single,0,weighted_cka,0,1689,1.9399761886132314,300.0,0.5768932104110718,0.07039904594421387,0,1.9399761886132314,1.9399761886132314,1,0,off,0,0,0.0,0.0,0.0,0.0,0.0,0.0,0.0,0.0,0.0,1.9399761886132314,1.9399761886132314
flat,single,0,weighted_cka,0,1690,1.7523395739321117,300.0,0.561458170413971,0.001339563517831266,0,1.7523395739321117,1.7523395739321117,1,0,off,0,0,0.0,0.0,0.0,0.0,0.0,0.0,0.0,0.0,0.0,1.7523395739321117,1.7523395739321117
flat,single,0,weighted_cka,0,1691,2.347143818964831,300.0,0.6520799994468689,0.4404570460319519,0,2.347143818964831,2.347143818964831,1,0,off,0,0,0.0,0.0,0.0,0.0,0.0,0.0,0.0,0.0,0.0,2.347143818964831,2.347143818964831
flat,single,0,weighted_cka,0,1692,2.2808889290445933,300.0,0.6325620412826538,0.3477326035499573,0,2.2808889290445933,2.2808889290445933,1,0,off,0,0,0.0,0.0,0.0,0.0,0.0,0.0,0.0,0.0,0.0,2.2808889290445933,2.2808889290445933
flat,single,0,weighted_cka,0,1693,2.297157107732083,300.0,0.6259239912033081,0.31189069151878357,0,2.297157107732083,2.297157107732083,1,0,off,0,0,0.0,0.0,0.0,0.0,0.0,0.0,0.0,0.0,0.0,2.297157107732083,2.297157107732083
flat,single,0,weighted_cka,0,1694,2.263342394424761,300.0,0.6190288662910461,0.2771282494068146,0,2.263342394424761,2.263342394424761,1,0,off,0,0,0.0,0.0,0.0,0.0,0.0,0.0,0.0,0.0,0.0,2.263342394424761,2.263342394424761
flat,single,0,weighted_cka,0,1695,2.2731735293162396,300.0,0.6170920133590698,0.27022749185562134,0,2.2731735293162396,2.2731735293162396,1,0,off,0,0,0.0,0.0,0.0,0.0,0.0,0.0,0.0,0.0,0.0,2.2731735293162396,2.2731735293162396
flat,single,0,weighted_cka,0,1696,1.76343487596953,300.0,0.5641986131668091,0.008276393637061119,0,1.76343487596953,1.76343487596953,1,0,off,0,0,0.0,0.0,0.0,0.0,0.0,0.0,0.0,0.0,0.0,1.76343487596953,1.76343487596953
flat,single,0,weighted_cka,0,1697,1.78760594595078,300.0,0.5637339949607849,0.0024135953281074762,0,1.78760594595078,1.78760594595078,1,0,off,0,0,0.0,0.0,0.0,0.0,0.0,0.0,0.0,0.0,0.0,1.78760594595078,1.78760594595078
flat,single,0,weighted_cka,0,1698,1.660869730301782,300.0,0.5649725198745728,0.09660858660936356,0,1.660869730301782,1.660869730301782,1,0,off,0,0,0.0,0.0,0.0,0.0,0.0,0.0,0.0,0.0,0.0,1.660869730301782,1.660869730301782
flat,single,0,weighted_cka,0,1699,2.321046973740316,300.0,0.6407734155654907,0.39093995094299316,0,2.321046973740316,2.321046973740316,1,0,off,0,0,0.0,0.0,0.0,0.0,0.0,0.0,0.0,0.0,0.0,2.321046973740316,2.321046973740316
flat,single,0,weighted_cka,0,1700,2.3206577171380545,300.0,0.6412196159362793,0.3905726671218872,0,2.3206577171380545,2.3206577171380545,1,0,off,0,0,0.0,0.0,0.0,0.0,0.0,0.0,0.0,0.0,0.0,2.3206577171380545,2.3206577171380545
flat,single,0,weighted_cka,0,1701,1.797567784714495,300.0,0.5690897703170776,0.026272576302289963,0,1.797567784714495,1.797567784714495,1,0,off,0,0,0.0,0.0,0.0,0.0,0.0,0.0,0.0,0.0,0.0,1.797567784714495,1.797567784714495
flat,single,0,weighted_cka,0,1702,1.9025810506255443,300.0,0.5719807147979736,0.04260069504380226,0,1.9025810506255443,1.9025810506255443,1,0,off,0,0,0.0,0.0,0.0,0.0,0.0,0.0,0.0,0.0,0.0,1.9025810506255443,1.9025810506255443
flat,single,0,weighted_cka,0,1703,2.211115521616442,300.0,0.6060046553611755,0.2159949690103531,0,2.211115521616442,2.211115521616442,1,0,off,0,0,0.0,0.0,0.0,0.0,0.0,0.0,0.0,0.0,0.0,2.211115521616442,2.211115521616442
flat,single,0,weighted_cka,0,1704,1.979320178037959,300.0,0.5785960555076599,0.07476013153791428,0,1.979320178037959,1.979320178037959,1,0,off,0,0,0.0,0.0,0.0,0.0,0.0,0.0,0.0,0.0,0.0,1.979320178037959,1.979320178037959
flat,single,0,weighted_cka,0,1705,1.782734526385319,300.0,0.5631434917449951,0.0015240628272294998,0,1.782734526385319,1.782734526385319,1,0,off,0,0,0.0,0.0,0.0,0.0,0.0,0.0,0.0,0.0,0.0,1.782734526385319,1.782734526385319
flat,single,0,weighted_cka,0,1706,2.0511750051577096,300.0,0.5892135500907898,0.12955118715763092,0,2.0511750051577096,2.0511750051577096,1,0,off,0,0,0.0,0.0,0.0,0.0,0.0,0.0,0.0,0.0,0.0,2.0511750051577096,2.0511750051577096
flat,single,0,weighted_cka,0,1707,1.961213959873624,300.0,0.5808776021003723,0.08424855023622513,0,1.961213959873624,1.961213959873624,1,0,off,0,0,0.0,0.0,0.0,0.0,0.0,0.0,0.0,0.0,0.0,1.961213959873624,1.961213959873624
flat,single,0,weighted_cka,0,1708,2.155813231585804,300.0,0.5913152694702148,0.1416468620300293,0,2.155813231585804,2.155813231585804,1,0,off,0,0,0.0,0.0,0.0,0.0,0.0,0.0,0.0,0.0,0.0,2.155813231585804,2.155813231585804
flat,single,0,weighted_cka,0,1709,2.134420102294193,300.0,0.5866063833236694,0.1210610419511795,0,2.134420102294193,2.134420102294193,1,0,off,0,0,0.0,0.0,0.0,0.0,0.0,0.0,0.0,0.0,0.0,2.134420102294193,2.134420102294193
flat,single,0,weighted_cka,0,1710,2.3138619887289664,300.0,0.6417731046676636,0.39084941148757935,0,2.3138619887289664,2.3138619887289664,1,0,off,0,0,0.0,0.0,0.0,0.0,0.0,0.0,0.0,0.0,0.0,2.3138619887289664,2.3138619887289664
flat,single,0,weighted_cka,0,1711,2.141085657990473,300.0,0.5885724425315857,0.1210610419511795,0,2.141085657990473,2.141085657990473,1,0,off,0,0,0.0,0.0,0.0,0.0,0.0,0.0,0.0,0.0,0.0,2.141085657990473,2.141085657990473
flat,single,0,weighted_cka,0,1712,2.122469258491333,300.0,0.5868076086044312,0.1210610419511795,0,2.122469258491333,2.122469258491333,1,0,off,0,0,0.0,0.0,0.0,0.0,0.0,0.0,0.0,0.0,0.0,2.122469258491333,2.122469258491333
flat,single,0,weighted_cka,0,1713,2.1573883288714555,300.0,0.6222952008247375,0.2938700020313263,0,2.1573883288714555,2.1573883288714555,1,0,off,0,0,0.0,0.0,0.0,0.0,0.0,0.0,0.0,0.0,0.0,2.1573883288714555,2.1573883288714555
flat,single,0,weighted_cka,0,1714,2.2785517002647353,300.0,0.6274566054344177,0.3175273537635803,0,2.2785517002647353,2.2785517002647353,1,0,off,0,0,0.0,0.0,0.0,0.0,0.0,0.0,0.0,0.0,0.0,2.2785517002647353,2.2785517002647353
flat,single,0,weighted_cka,0,1715,2.22807596236769,300.0,0.6165798902511597,0.26537805795669556,0,2.22807596236769,2.22807596236769,1,0,off,0,0,0.0,0.0,0.0,0.0,0.0,0.0,0.0,0.0,0.0,2.22807596236769,2.22807596236769
flat,single,0,weighted_cka,0,1716,2.1269487087762258,300.0,0.5877881646156311,0.12961596250534058,0,2.1269487087762258,2.1269487087762258,1,0,off,0,0,0.0,0.0,0.0,0.0,0.0,0.0,0.0,0.0,0.0,2.1269487087762258,2.1269487087762258
flat,single,0,weighted_cka,0,1717,2.2413759243057925,300.0,0.620430052280426,0.2874925136566162,0,2.2413759243057925,2.2413759243057925,1,0,off,0,0,0.0,0.0,0.0,0.0,0.0,0.0,0.0,0.0,0.0,2.2413759243057925,2.2413759243057925
flat,single,0,weighted_cka,0,1718,2.267549641935606,300.0,0.620965838432312,0.28751084208488464,0,2.267549641935606,2.267549641935606,1,0,off,0,0,0.0,0.0,0.0,0.0,0.0,0.0,0.0,0.0,0.0,2.267549641935606,2.267549641935606
flat,single,0,weighted_cka,0,1719,2.4208477374253548,300.0,0.6781236529350281,0.5749684572219849,0,2.4208477374253548,2.4208477374253548,1,0,off,0,0,0.0,0.0,0.0,0.0,0.0,0.0,0.0,0.0,0.0,2.4208477374253548,2.4208477374253548
flat,single,0,weighted_cka,0,1720,2.298795870491766,300.0,0.631645679473877,0.3403071165084839,0,2.298795870491766,2.298795870491766,1,0,off,0,0,0.0,0.0,0.0,0.0,0.0,0.0,0.0,0.0,0.0,2.298795870491766,2.298795870491766
flat,single,0,weighted_cka,0,1721,2.2568451970433756,300.0,0.6209701299667358,0.2868344485759735,0,2.2568451970433756,2.2568451970433756,1,0,off,0,0,0.0,0.0,0.0,0.0,0.0,0.0,0.0,0.0,0.0,2.2568451970433756,2.2568451970433756
flat,single,0,weighted_cka,0,1722,2.3174775881589316,300.0,0.6491363048553467,0.4288821220397949,0,2.3174775881589316,2.3174775881589316,1,0,off,0,0,0.0,0.0,0.0,0.0,0.0,0.0,0.0,0.0,0.0,2.3174775881589316,2.3174775881589316
flat,single,0,weighted_cka,0,1723,2.30508455792323,300.0,0.6264508962631226,0.317538321018219,0,2.30508455792323,2.30508455792323,1,0,off,0,0,0.0,0.0,0.0,0.0,0.0,0.0,0.0,0.0,0.0,2.30508455792323,2.30508455792323
flat,single,0,weighted_cka,0,1724,2.126303477555119,300.0,0.5914669632911682,0.14248542487621307,0,2.126303477555119,2.126303477555119,1,0,off,0,0,0.0,0.0,0.0,0.0,0.0,0.0,0.0,0.0,0.0,2.126303477555119,2.126303477555119
flat,single,0,weighted_cka,0,1725,1.877127491544421,300.0,0.5716745257377625,0.04337656497955322,0,1.877127491544421,1.877127491544421,1,0,off,0,0,0.0,0.0,0.0,0.0,0.0,0.0,0.0,0.0,0.0,1.877127491544421,1.877127491544421
flat,single,0,weighted_cka,0,1726,2.3124557030736455,300.0,0.6329776048660278,0.35219085216522217,0,2.3124557030736455,2.3124557030736455,1,0,off,0,0,0.0,0.0,0.0,0.0,0.0,0.0,0.0,0.0,0.0,2.3124557030736455,2.3124557030736455
flat,single,0,weighted_cka,0,1727,2.168953361976648,300.0,0.5948922634124756,0.16256944835186005,0,2.168953361976648,2.168953361976648,1,0,off,0,0,0.0,0.0,0.0,0.0,0.0,0.0,0.0,0.0,0.0,2.168953361976648,2.168953361976648
flat,single,0,weighted_cka,0,1728,2.2413013332082983,300.0,0.6132256984710693,0.2481125444173813,0,2.2413013332082983,2.2413013332082983,1,0,off,0,0,0.0,0.0,0.0,0.0,0.0,0.0,0.0,0.0,0.0,2.2413013332082983,2.2413013332082983
flat,single,0,weighted_cka,0,1729,2.0030137998556583,300.0,0.5786024332046509,0.08104122430086136,0,2.0030137998556583,2.0030137998556583,1,0,off,0,0,0.0,0.0,0.0,0.0,0.0,0.0,0.0,0.0,0.0,2.0030137998556583,2.0030137998556583
flat,single,0,weighted_cka,0,1730,1.8382110139777055,300.0,0.5674893856048584,0.020497329533100128,0,1.8382110139777055,1.8382110139777055,1,0,off,0,0,0.0,0.0,0.0,0.0,0.0,0.0,0.0,0.0,0.0,1.8382110139777055,1.8382110139777055
flat,single,0,weighted_cka,0,1731,1.8442600593065421,300.0,0.5688933730125427,0.022965332493185997,0,1.8442600593065421,1.8442600593065421,1,0,off,0,0,0.0,0.0,0.0,0.0,0.0,0.0,0.0,0.0,0.0,1.8442600593065421,1.8442600593065421
flat,single,0,weighted_cka,0,1732,2.313959841807808,300.0,0.6265836954116821,0.3114388883113861,0,2.313959841807808,2.313959841807808,1,0,off,0,0,0.0,0.0,0.0,0.0,0.0,0.0,0.0,0.0,0.0,2.313959841807808,2.313959841807808
flat,single,0,weighted_cka,0,1733,2.308959180166447,300.0,0.6372326612472534,0.36790338158607483,0,2.308959180166447,2.308959180166447,1,0,off,0,0,0.0,0.0,0.0,0.0,0.0,0.0,0.0,0.0,0.0,2.308959180166447,2.308959180166447
flat,single,0,weighted_cka,0,1734,2.250791750343602,300.0,0.6176163554191589,0.27022749185562134,0,2.250791750343602,2.250791750343602,1,0,off,0,0,0.0,0.0,0.0,0.0,0.0,0.0,0.0,0.0,0.0,2.250791750343602,2.250791750343602
flat,single,0,weighted_cka,0,1735,2.1529235983206796,300.0,0.5906365513801575,0.14248542487621307,0,2.1529235983206796,2.1529235983206796,1,0,off,0,0,0.0,0.0,0.0,0.0,0.0,0.0,0.0,0.0,0.0,2.1529235983206796,2.1529235983206796
flat,single,0,weighted_cka,0,1736,2.2448887326603923,300.0,0.614395797252655,0.25323715806007385,0,2.2448887326603923,2.2448887326603923,1,0,off,0,0,0.0,0.0,0.0,0.0,0.0,0.0,0.0,0.0,0.0,2.2448887326603923,2.2448887326603923
flat,single,0,weighted_cka,0,1737,2.283274554296116,300.0,0.6227388978004456,0.30034205317497253,0,2.283274554296116,2.283274554296116,1,0,off,0,0,0.0,0.0,0.0,0.0,0.0,0.0,0.0,0.0,0.0,2.283274554296116,2.283274554296116
flat,single,0,weighted_cka,0,1738,2.1937210728627914,300.0,0.6001995801925659,0.18298205733299255,0,2.1937210728627914,2.1937210728627914,1,0,off,0,0,0.0,0.0,0.0,0.0,0.0,0.0,0.0,0.0,0.0,2.1937210728627914,2.1937210728627914
flat,single,0,weighted_cka,0,1739,2.336280070231645,300.0,0.6590340733528137,0.4776449203491211,0,2.336280070231645,2.336280070231645,1,0,off,0,0,0.0,0.0,0.0,0.0,0.0,0.0,0.0,0.0,0.0,2.336280070231645,2.336280070231645
flat,single,0,weighted_cka,0,1740,2.328621193821526,300.0,0.6512141227722168,0.4380544424057007,0,2.328621193821526,2.328621193821526,1,0,off,0,0,0.0,0.0,0.0,0.0,0.0,0.0,0.0,0.0,0.0,2.328621193821526,2.328621193821526
flat,single,0,weighted_cka,0,1741,0.8020478060812808,300.0,0.3339565694332123,0.0001410723343724385,0,0.8020478060812808,0.8020478060812808,1,0,off,0,0,0.0,0.0,0.0,0.0,0.0,0.0,0.0,0.0,0.0,0.8020478060812808,0.8020478060812808
flat,single,0,weighted_cka,0,1742,1.961629543000889,300.0,0.5740798711776733,0.05876095965504646,0,1.961629543000889,1.961629543000889,1,0,off,0,0,0.0,0.0,0.0,0.0,0.0,0.0,0.0,0.0,0.0,1.961629543000889,1.961629543000889
flat,single,0,weighted_cka,0,1743,1.8542164639569805,300.0,0.5678312182426453,0.024959396570920944,0,1.8542164639569805,1.8542164639569805,1,0,off,0,0,0.0,0.0,0.0,0.0,0.0,0.0,0.0,0.0,0.0,1.8542164639569805,1.8542164639569805
flat,single,0,weighted_cka,0,1744,1.9833375701163263,300.0,0.573696494102478,0.05508069694042206,0,1.9833375701163263,1.9833375701163263,1,0,off,0,0,0.0,0.0,0.0,0.0,0.0,0.0,0.0,0.0,0.0,1.9833375701163263,1.9833375701163263
flat,single,0,weighted_cka,0,1745,1.7793018828291665,300.0,0.5638061761856079,0.002038224833086133,0,1.7793018828291665,1.7793018828291665,1,0,off,0,0,0.0,0.0,0.0,0.0,0.0,0.0,0.0,0.0,0.0,1.7793018828291665,1.7793018828291665
flat,single,0,weighted_cka,0,1746,1.7907286213652682,300.0,0.5639464259147644,0.0018779010279104114,0,1.7907286213652682,1.7907286213652682,1,0,off,0,0,0.0,0.0,0.0,0.0,0.0,0.0,0.0,0.0,0.0,1.7907286213652682,1.7907286213652682
flat,single,0,weighted_cka,0,1747,1.8202110895421342,300.0,0.5654780864715576,0.011911788024008274,0,1.8202110895421342,1.8202110895421342,1,0,off,0,0,0.0,0.0,0.0,0.0,0.0,0.0,0.0,0.0,0.0,1.8202110895421342,1.8202110895421342
flat,single,0,weighted_cka,0,1748,1.8129019390966263,300.0,0.5643410682678223,0.00572092505171895,0,1.8129019390966263,1.8129019390966263,1,0,off,0,0,0.0,0.0,0.0,0.0,0.0,0.0,0.0,0.0,0.0,1.8129019390966263,1.8129019390966263
flat,single,0,weighted_cka,0,1749,1.78960219141063,300.0,0.5644825100898743,0.008219024166464806,0,1.78960219141063,1.78960219141063,1,0,off,0,0,0.0,0.0,0.0,0.0,0.0,0.0,0.0,0.0,0.0,1.78960219141063,1.78960219141063
flat,single,0,weighted_cka,0,1750,1.898534965415367,300.0,0.5767446756362915,0.0700172707438469,0,1.898534965415367,1.898534965415367,1,0,off,0,0,0.0,0.0,0.0,0.0,0.0,0.0,0.0,0.0,0.0,1.898534965415367,1.898534965415367
flat,single,0,weighted_cka,0,1751,1.830699479373287,300.0,0.5646475553512573,0.005402649752795696,0,1.830699479373287,1.830699479373287,1,0,off,0,0,0.0,0.0,0.0,0.0,0.0,0.0,0.0,0.0,0.0,1.830699479373287,1.830699479373287
flat,single,0,weighted_cka,0,1752,2.2842247090867644,300.0,0.6243485808372498,0.30372682213783264,0,2.2842247090867644,2.2842247090867644,1,0,off,0,0,0.0,0.0,0.0,0.0,0.0,0.0,0.0,0.0,0.0,2.2842247090867644,2.2842247090867644
flat,single,0,weighted_cka,0,1753,1.9127868846102487,300.0,0.5764883756637573,0.07003355026245117,0,1.9127868846102487,1.9127868846102487,1,0,off,0,0,0.0,0.0,0.0,0.0,0.0,0.0,0.0,0.0,0.0,1.9127868846102487,1.9127868846102487
flat,single,0,weighted_cka,0,1754,2.0002873340335086,300.0,0.5829783082008362,0.09810097515583038,0,2.0002873340335086,2.0002873340335086,1,0,off,0,0,0.0,0.0,0.0,0.0,0.0,0.0,0.0,0.0,0.0,2.0002873340335086,2.0002873340335086
flat,single,0,weighted_cka,0,1755,1.9216937720066234,300.0,0.5763596296310425,0.06975375860929489,0,1.9216937720066234,1.9216937720066234,1,0,off,0,0,0.0,0.0,0.0,0.0,0.0,0.0,0.0,0.0,0.0,1.9216937720066234,1.9216937720066234
flat,single,0,weighted_cka,0,1756,1.8235393735855299,300.0,0.5673112273216248,0.017857393249869347,0,1.8235393735855299,1.8235393735855299,1,0,off,0,0,0.0,0.0,0.0,0.0,0.0,0.0,0.0,0.0,0.0,1.8235393735855299,1.8235393735855299
flat,single,0,weighted_cka,0,1757,2.036603297614782,300.0,0.5876446962356567,0.11834754794836044,0,2.036603297614782,2.036603297614782,1,0,off,0,0,0.0,0.0,0.0,0.0,0.0,0.0,0.0,0.0,0.0,2.036603297614782,2.036603297614782
flat,single,0,weighted_cka,0,1758,1.7482909426274986,300.0,0.5633566975593567,0.0015378021635115147,0,1.7482909426274986,1.7482909426274986,1,0,off,0,0,0.0,0.0,0.0,0.0,0.0,0.0,0.0,0.0,0.0,1.7482909426274986,1.7482909426274986
flat,single,0,weighted_cka,0,1759,2.240728415602284,300.0,0.6191911101341248,0.2763737142086029,0,2.240728415602284,2.240728415602284,1,0,off,0,0,0.0,0.0,0.0,0.0,0.0,0.0,0.0,0.0,0.0,2.240728415602284,2.240728415602284
flat,single,0,weighted_cka,0,1760,2.1273593775954893,300.0,0.5920056700706482,0.1425030380487442,0,2.1273593775954893,2.1273593775954893,1,0,off,0,0,0.0,0.0,0.0,0.0,0.0,0.0,0.0,0.0,0.0,2.1273593775954893,2.1273593775954893
flat,single,0,weighted_cka,0,1761,2.2613141236786944,300.0,0.6238574981689453,0.2995225191116333,0,2.2613141236786944,2.2613141236786944,1,0,off,0,0,0.0,0.0,0.0,0.0,0.0,0.0,0.0,0.0,0.0,2.2613141236786944,2.2613141236786944
flat,single,0,weighted_cka,0,1762,2.238132772223956,300.0,0.6107743978500366,0.2356121987104416,0,2.238132772223956,2.238132772223956,1,0,off,0,0,0.0,0.0,0.0,0.0,0.0,0.0,0.0,0.0,0.0,2.238132772223956,2.238132772223956
flat,single,0,weighted_cka,0,1763,1.9258827377952379,300.0,0.5775467157363892,0.07167763262987137,0,1.9258827377952379,1.9258827377952379,1,0,off,0,0,0.0,0.0,0.0,0.0,0.0,0.0,0.0,0.0,0.0,1.9258827377952379,1.9258827377952379
flat,single,0,weighted_cka,0,1764,1.9211842174525025,300.0,0.5772150754928589,0.07042436301708221,0,1.9211842174525025,1.9211842174525025,1,0,off,0,0,0.0,0.0,0.0,0.0,0.0,0.0,0.0,0.0,0.0,1.9211842174525025,1.9211842174525025
flat,single,0,weighted_cka,0,1765,2.911817313702048,280.0,0.7034839391708374,0.7001192569732666,1,2.911817313702048,2.911817313702048,1,0,off,0,0,0.0,0.0,0.0,0.0,0.0,0.0,0.0,0.0,0.0,2.911817313702048,2.911817313702048
flat,single,0,weighted_cka,0,1766,1.9348413001797917,300.0,0.5770712494850159,0.07148823887109756,0,1.9348413001797917,1.9348413001797917,1,0,off,0,0,0.0,0.0,0.0,0.0,0.0,0.0,0.0,0.0,0.0,1.9348413001797917,1.9348413001797917
flat,single,0,weighted_cka,0,1767,1.9115856660486301,300.0,0.5776349902153015,0.07119031995534897,0,1.9115856660486301,1.9115856660486301,1,0,off,0,0,0.0,0.0,0.0,0.0,0.0,0.0,0.0,0.0,0.0,1.9115856660486301,1.9115856660486301
flat,single,0,weighted_cka,0,1768,1.9464334250753978,300.0,0.5770332217216492,0.07047270238399506,0,1.9464334250753978,1.9464334250753978,1,0,off,0,0,0.0,0.0,0.0,0.0,0.0,0.0,0.0,0.0,0.0,1.9464334250753978,1.9464334250753978
flat,single,0,weighted_cka,0,1769,1.9025505640578224,300.0,0.5776251554489136,0.07003496587276459,0,1.9025505640578224,1.9025505640578224,1,0,off,0,0,0.0,0.0,0.0,0.0,0.0,0.0,0.0,0.0,0.0,1.9025505640578224,1.9025505640578224
flat,single,0,weighted_cka,0,1770,3.06600173198874,231.0,0.7040321826934814,0.7005484104156494,1,3.06600173198874,3.06600173198874,1,0,off,0,0,0.0,0.0,0.0,0.0,0.0,0.0,0.0,0.0,0.0,3.06600173198874,3.06600173198874
flat,single,0,weighted_cka,0,1771,3.084608923216,225.0,0.7036054134368896,0.7010679841041565,1,3.084608923216,3.084608923216,1,0,off,0,0,0.0,0.0,0.0,0.0,0.0,0.0,0.0,0.0,0.0,3.084608923216,3.084608923216
flat,single,0,weighted_cka,0,1772,3.1200724552511225,219.0,0.7048552632331848,0.7023488879203796,1,3.1200724552511225,3.1200724552511225,1,0,off,0,0,0.0,0.0,0.0,0.0,0.0,0.0,0.0,0.0,0.0,3.1200724552511225,3.1200724552511225
flat,single,0,weighted_cka,0,1773,1.9447503179122245,300.0,0.5763548016548157,0.06659452617168427,0,1.9447503179122245,1.9447503179122245,1,0,off,0,0,0.0,0.0,0.0,0.0,0.0,0.0,0.0,0.0,0.0,1.9447503179122245,1.9447503179122245
flat,single,0,weighted_cka,0,1774,1.7884048396866987,300.0,0.5635281801223755,0.002396323485299945,0,1.7884048396866987,1.7884048396866987,1,0,off,0,0,0.0,0.0,0.0,0.0,0.0,0.0,0.0,0.0,0.0,1.7884048396866987,1.7884048396866987
flat,single,0,weighted_cka,0,1775,2.164725453327172,300.0,0.6022318601608276,0.19076766073703766,0,2.164725453327172,2.164725453327172,1,0,off,0,0,0.0,0.0,0.0,0.0,0.0,0.0,0.0,0.0,0.0,2.164725453327172,2.164725453327172
flat,single,0,weighted_cka,0,1776,2.331072796643319,300.0,0.6455315351486206,0.4139655828475952,0,2.331072796643319,2.331072796643319,1,0,off,0,0,0.0,0.0,0.0,0.0,0.0,0.0,0.0,0.0,0.0,2.331072796643319,2.331072796643319
flat,single,0,weighted_cka,0,1777,2.2975017334269054,300.0,0.6317136287689209,0.3439237177371979,0,2.2975017334269054,2.2975017334269054,1,0,off,0,0,0.0,0.0,0.0,0.0,0.0,0.0,0.0,0.0,0.0,2.2975017334269054,2.2975017334269054
flat,single,0,weighted_cka,0,1778,2.263365587302272,300.0,0.6194284558296204,0.2818974256515503,0,2.263365587302272,2.263365587302272,1,0,off,0,0,0.0,0.0,0.0,0.0,0.0,0.0,0.0,0.0,0.0,2.263365587302272,2.263365587302272
flat,single,0,weighted_cka,0,1779,2.192221381991854,300.0,0.5978197455406189,0.17153051495552063,0,2.192221381991854,2.192221381991854,1,0,off,0,0,0.0,0.0,0.0,0.0,0.0,0.0,0.0,0.0,0.0,2.192221381991854,2.192221381991854
flat,single,0,weighted_cka,0,1780,2.162720214147633,300.0,0.6023931503295898,0.19736018776893616,0,2.162720214147633,2.162720214147633,1,0,off,0,0,0.0,0.0,0.0,0.0,0.0,0.0,0.0,0.0,0.0,2.162720214147633,2.162720214147633
flat,single,0,weighted_cka,0,1781,2.113787755451277,300.0,0.5877171754837036,0.12107909470796585,0,2.113787755451277,2.113787755451277,1,0,off,0,0,0.0,0.0,0.0,0.0,0.0,0.0,0.0,0.0,0.0,2.113787755451277,2.113787755451277
flat,single,0,weighted_cka,0,1782,2.1996711538191995,300.0,0.5994431376457214,0.17824798822402954,0,2.1996711538191995,2.1996711538191995,1,0,off,0,0,0.0,0.0,0.0,0.0,0.0,0.0,0.0,0.0,0.0,2.1996711538191995,2.1996711538191995
flat,single,0,weighted_cka,0,1783,1.9231519399990686,300.0,0.5773212909698486,0.07095183432102203,0,1.9231519399990686,1.9231519399990686,1,0,off,0,0,0.0,0.0,0.0,0.0,0.0,0.0,0.0,0.0,0.0,1.9231519399990686,1.9231519399990686
flat,single,0,weighted_cka,0,1784,1.917734793619923,300.0,0.578531801700592,0.07016139477491379,0,1.917734793619923,1.917734793619923,1,0,off,0,0,0.0,0.0,0.0,0.0,0.0,0.0,0.0,0.0,0.0,1.917734793619923,1.917734793619923
flat,single,0,weighted_cka,0,1785,2.2117521569774894,300.0,0.6027510166168213,0.2053106129169464,0,2.2117521569774894,2.2117521569774894,1,0,off,0,0,0.0,0.0,0.0,0.0,0.0,0.0,0.0,0.0,0.0,2.2117521569774894,2.2117521569774894
flat,single,0,weighted_cka,0,1786,2.3443416638047196,300.0,0.6597585082054138,0.4844229817390442,0,2.3443416638047196,2.3443416638047196,1,0,off,0,0,0.0,0.0,0.0,0.0,0.0,0.0,0.0,0.0,0.0,2.3443416638047196,2.3443416638047196
flat,single,0,weighted_cka,0,1787,1.8928919994901108,300.0,0.5781837105751038,0.0717315599322319,0,1.8928919994901108,1.8928919994901108,1,0,off,0,0,0.0,0.0,0.0,0.0,0.0,0.0,0.0,0.0,0.0,1.8928919994901108,1.8928919994901108
flat,single,0,weighted_cka,0,1788,1.9526799001941058,300.0,0.5776077508926392,0.07113707810640335,0,1.9526799001941058,1.9526799001941058,1,0,off,0,0,0.0,0.0,0.0,0.0,0.0,0.0,0.0,0.0,0.0,1.9526799001941058,1.9526799001941058
flat,single,0,weighted_cka,0,1789,2.290489641616567,300.0,0.6291295289993286,0.3282327950000763,0,2.290489641616567,2.290489641616567,1,0,off,0,0,0.0,0.0,0.0,0.0,0.0,0.0,0.0,0.0,0.0,2.290489641616567,2.290489641616567
flat,single,0,weighted_cka,0,1790,2.135961106044867,300.0,0.5893658399581909,0.1210610419511795,0,2.135961106044867,2.135961106044867,1,0,off,0,0,0.0,0.0,0.0,0.0,0.0,0.0,0.0,0.0,0.0,2.135961106044867,2.135961106044867
flat,single,0,weighted_cka,0,1791,2.3215166912774166,300.0,0.6413021683692932,0.3905605971813202,0,2.3215166912774166,2.3215166912774166,1,0,off,0,0,0.0,0.0,0.0,0.0,0.0,0.0,0.0,0.0,0.0,2.3215166912774166,2.3215166912774166
flat,single,0,weighted_cka,0,1792,2.2421201097012258,300.0,0.611085057258606,0.2353932112455368,0,2.2421201097012258,2.2421201097012258,1,0,off,0,0,0.0,0.0,0.0,0.0,0.0,0.0,0.0,0.0,0.0,2.2421201097012258,2.2421201097012258
flat,single,0,weighted_cka,0,1793,2.418908107951573,300.0,0.6995095014572144,0.679706335067749,0,2.418908107951573,2.418908107951573,1,0,off,0,0,0.0,0.0,0.0,0.0,0.0,0.0,0.0,0.0,0.0,2.418908107951573,2.418908107951573
flat,single,0,weighted_cka,0,1794,3.13584692812967,219.0,0.7042423486709595,0.7001247406005859,1,3.13584692812967,3.13584692812967,1,0,off,0,0,0.0,0.0,0.0,0.0,0.0,0.0,0.0,0.0,0.0,3.13584692812967,3.13584692812967
flat,single,0,weighted_cka,0,1795,3.1056159022804337,227.0,0.704105794429779,0.701728105545044,1,3.1056159022804337,3.1056159022804337,1,0,off,0,0,0.0,0.0,0.0,0.0,0.0,0.0,0.0,0.0,0.0,3.1056159022804337,3.1056159022804337
flat,single,0,weighted_cka,0,1796,3.0906950201435235,229.0,0.704781174659729,0.7023488879203796,1,3.0906950201435235,3.0906950201435235,1,0,off,0,0,0.0,0.0,0.0,0.0,0.0,0.0,0.0,0.0,0.0,3.0906950201435235,3.0906950201435235
flat,single,0,weighted_cka,0,1797,2.22461993285762,300.0,0.6071284413337708,0.21597935259342194,0,2.22461993285762,2.22461993285762,1,0,off,0,0,0.0,0.0,0.0,0.0,0.0,0.0,0.0,0.0,0.0,2.22461993285762,2.22461993285762
flat,single,0,weighted_cka,0,1798,2.270038196848337,300.0,0.6254510879516602,0.3142947554588318,0,2.270038196848337,2.270038196848337,1,0,off,0,0,0.0,0.0,0.0,0.0,0.0,0.0,0.0,0.0,0.0,2.270038196848337,2.270038196848337
flat,single,0,weighted_cka,0,1799,2.3348639925592565,300.0,0.6560593843460083,0.46275487542152405,0,2.3348639925592565,2.3348639925592565,1,0,off,0,0,0.0,0.0,0.0,0.0,0.0,0.0,0.0,0.0,0.0,2.3348639925592565,2.3348639925592565
flat,single,0,weighted_cka,0,1800,2.163271311242127,300.0,0.5917289853096008,0.1416468620300293,0,2.163271311242127,2.163271311242127,1,0,off,0,0,0.0,0.0,0.0,0.0,0.0,0.0,0.0,0.0,0.0,2.163271311242127,2.163271311242127
flat,single,0,weighted_cka,0,1801,2.2342798895212113,300.0,0.6056627035140991,0.21727994084358215,0,2.2342798895212113,2.2342798895212113,1,0,off,0,0,0.0,0.0,0.0,0.0,0.0,0.0,0.0,0.0,0.0,2.2342798895212113,2.2342798895212113
flat,single,0,weighted_cka,0,1802,2.1968445265487944,300.0,0.5985910892486572,0.17824798822402954,0,2.1968445265487944,2.1968445265487944,1,0,off,0,0,0.0,0.0,0.0,0.0,0.0,0.0,0.0,0.0,0.0,2.1968445265487944,2.1968445265487944
flat,single,0,weighted_cka,0,1803,1.9201849506171662,300.0,0.5702353715896606,0.03923439607024193,0,1.9201849506171662,1.9201849506171662,1,0,off,0,0,0.0,0.0,0.0,0.0,0.0,0.0,0.0,0.0,0.0,1.9201849506171662,1.9201849506171662
flat,single,0,weighted_cka,0,1804,1.7982138162609758,300.0,0.5631920695304871,0.002980147022753954,0,1.7982138162609758,1.7982138162609758,1,0,off,0,0,0.0,0.0,0.0,0.0,0.0,0.0,0.0,0.0,0.0,1.7982138162609758,1.7982138162609758
flat,single,0,weighted_cka,0,1805,1.7964353822957477,300.0,0.5659666657447815,0.01632474549114704,0,1.7964353822957477,1.7964353822957477,1,0,off,0,0,0.0,0.0,0.0,0.0,0.0,0.0,0.0,0.0,0.0,1.7964353822957477,1.7964353822957477
flat,single,0,weighted_cka,0,1806,1.9595877538798945,300.0,0.5752109289169312,0.06159330904483795,0,1.9595877538798945,1.9595877538798945,1,0,off,0,0,0.0,0.0,0.0,0.0,0.0,0.0,0.0,0.0,0.0,1.9595877538798945,1.9595877538798945
flat,single,0,weighted_cka,0,1807,1.7705853379506138,300.0,0.5633751153945923,0.0013865885557606816,0,1.7705853379506138,1.7705853379506138,1,0,off,0,0,0.0,0.0,0.0,0.0,0.0,0.0,0.0,0.0,0.0,1.7705853379506138,1.7705853379506138
flat,single,0,weighted_cka,0,1808,1.94161912333926,300.0,0.5764095187187195,0.07040981203317642,0,1.94161912333926,1.94161912333926,1,0,off,0,0,0.0,0.0,0.0,0.0,0.0,0.0,0.0,0.0,0.0,1.94161912333926,1.94161912333926
flat,single,0,weighted_cka,0,1809,1.843188186516489,300.0,0.5668108463287354,0.017125774174928665,0,1.843188186516489,1.843188186516489,1,0,off,0,0,0.0,0.0,0.0,0.0,0.0,0.0,0.0,0.0,0.0,1.843188186516489,1.843188186516489
flat,single,0,weighted_cka,0,1810,2.179061239795253,300.0,0.5949386954307556,0.16175052523612976,0,2.179061239795253,2.179061239795253,1,0,off,0,0,0.0,0.0,0.0,0.0,0.0,0.0,0.0,0.0,0.0,2.179061239795253,2.179061239795253
flat,single,0,weighted_cka,0,1811,2.1165025821182084,300.0,0.587833046913147,0.12107909470796585,0,2.1165025821182084,2.1165025821182084,1,0,off,0,0,0.0,0.0,0.0,0.0,0.0,0.0,0.0,0.0,0.0,2.1165025821182084,2.1165025821182084
flat,single,0,weighted_cka,0,1812,1.9779283517756072,300.0,0.581943154335022,0.09169994294643402,0,1.9779283517756072,1.9779283517756072,1,0,off,0,0,0.0,0.0,0.0,0.0,0.0,0.0,0.0,0.0,0.0,1.9779283517756072,1.9779283517756072
flat,single,0,weighted_cka,0,1813,1.9108554562213378,300.0,0.5788377523422241,0.07087178528308868,0,1.9108554562213378,1.9108554562213378,1,0,off,0,0,0.0,0.0,0.0,0.0,0.0,0.0,0.0,0.0,0.0,1.9108554562213378,1.9108554562213378
flat,single,0,weighted_cka,0,1814,1.9193373860788672,300.0,0.5768395662307739,0.0697484090924263,0,1.9193373860788672,1.9193373860788672,1,0,off,0,0,0.0,0.0,0.0,0.0,0.0,0.0,0.0,0.0,0.0,1.9193373860788672,1.9193373860788672
flat,single,0,weighted_cka,0,1815,1.912530903078931,300.0,0.5785338282585144,0.07095183432102203,0,1.912530903078931,1.912530903078931,1,0,off,0,0,0.0,0.0,0.0,0.0,0.0,0.0,0.0,0.0,0.0,1.912530903078931,1.912530903078931
flat,single,0,weighted_cka,0,1816,1.9093949402794532,300.0,0.5771365761756897,0.07063094526529312,0,1.9093949402794532,1.9093949402794532,1,0,off,0,0,0.0,0.0,0.0,0.0,0.0,0.0,0.0,0.0,0.0,1.9093949402794532,1.9093949402794532
flat,single,0,weighted_cka,0,1817,1.903545866142914,300.0,0.5754151940345764,0.06704820692539215,0,1.903545866142914,1.903545866142914,1,0,off,0,0,0.0,0.0,0.0,0.0,0.0,0.0,0.0,0.0,0.0,1.903545866142914,1.903545866142914
flat,single,0,weighted_cka,0,1818,1.9662439530580098,300.0,0.5798728466033936,0.08418487757444382,0,1.9662439530580098,1.9662439530580098,1,0,off,0,0,0.0,0.0,0.0,0.0,0.0,0.0,0.0,0.0,0.0,1.9662439530580098,1.9662439530580098
flat,single,0,weighted_cka,0,1819,1.89086605075288,300.0,0.5776222944259644,0.07042436301708221,0,1.89086605075288,1.89086605075288,1,0,off,0,0,0.0,0.0,0.0,0.0,0.0,0.0,0.0,0.0,0.0,1.89086605075288,1.89086605075288
flat,single,0,weighted_cka,0,1820,2.307684548624639,300.0,0.6336280703544617,0.3496731221675873,0,2.307684548624639,2.307684548624639,1,0,off,0,0,0.0,0.0,0.0,0.0,0.0,0.0,0.0,0.0,0.0,2.307684548624639,2.307684548624639
flat,single,0,weighted_cka,0,1821,1.7605910720652886,300.0,0.5629839301109314,0.0022226697765290737,0,1.7605910720652886,1.7605910720652886,1,0,off,0,0,0.0,0.0,0.0,0.0,0.0,0.0,0.0,0.0,0.0,1.7605910720652886,1.7605910720652886
flat,single,0,weighted_cka,0,1822,2.042250120201423,300.0,0.5822290778160095,0.09311144798994064,0,2.042250120201423,2.042250120201423,1,0,off,0,0,0.0,0.0,0.0,0.0,0.0,0.0,0.0,0.0,0.0,2.042250120201423,2.042250120201423
flat,single,0,weighted_cka,0,1823,2.261576680600591,300.0,0.6186786890029907,0.2786083221435547,0,2.261576680600591,2.261576680600591,1,0,off,0,0,0.0,0.0,0.0,0.0,0.0,0.0,0.0,0.0,0.0,2.261576680600591,2.261576680600591
flat,single,0,weighted_cka,0,1824,1.7485621075742515,300.0,0.5644410848617554,0.007370565086603165,0,1.7485621075742515,1.7485621075742515,1,0,off,0,0,0.0,0.0,0.0,0.0,0.0,0.0,0.0,0.0,0.0,1.7485621075742515,1.7485621075742515
flat,single,0,weighted_cka,0,1825,1.9326181946074925,300.0,0.5743305087089539,0.05197474732995033,0,1.9326181946074925,1.9326181946074925,1,0,off,0,0,0.0,0.0,0.0,0.0,0.0,0.0,0.0,0.0,0.0,1.9326181946074925,1.9326181946074925
flat,single,0,weighted_cka,0,1826,1.9188636666177539,300.0,0.5761991739273071,0.06990762799978256,0,1.9188636666177539,1.9188636666177539,1,0,off,0,0,0.0,0.0,0.0,0.0,0.0,0.0,0.0,0.0,0.0,1.9188636666177539,1.9188636666177539
flat,single,0,weighted_cka,0,1827,1.9397885944361022,300.0,0.5776464343070984,0.0715353786945343,0,1.9397885944361022,1.9397885944361022,1,0,off,0,0,0.0,0.0,0.0,0.0,0.0,0.0,0.0,0.0,0.0,1.9397885944361022,1.9397885944361022
flat,single,0,weighted_cka,0,1828,2.15453506130725,300.0,0.5924785137176514,0.1416468620300293,0,2.15453506130725,2.15453506130725,1,0,off,0,0,0.0,0.0,0.0,0.0,0.0,0.0,0.0,0.0,0.0,2.15453506130725,2.15453506130725
flat,single,0,weighted_cka,0,1829,2.1959841420322377,300.0,0.5996322631835938,0.18298204243183136,0,2.1959841420322377,2.1959841420322377,1,0,off,0,0,0.0,0.0,0.0,0.0,0.0,0.0,0.0,0.0,0.0,2.1959841420322377,2.1959841420322377
flat,single,0,weighted_cka,0,1830,2.251531732086863,300.0,0.6172014474868774,0.2709554135799408,0,2.251531732086863,2.251531732086863,1,0,off,0,0,0.0,0.0,0.0,0.0,0.0,0.0,0.0,0.0,0.0,2.251531732086863,2.251531732086863
flat,single,0,weighted_cka,0,1831,2.17623199946447,300.0,0.5956487059593201,0.16338758170604706,0,2.17623199946447,2.17623199946447,1,0,off,0,0,0.0,0.0,0.0,0.0,0.0,0.0,0.0,0.0,0.0,2.17623199946447,2.17623199946447
flat,single,0,weighted_cka,0,1832,2.2801862137349858,300.0,0.6289844512939453,0.3281228840351105,0,2.2801862137349858,2.2801862137349858,1,0,off,0,0,0.0,0.0,0.0,0.0,0.0,0.0,0.0,0.0,0.0,2.2801862137349858,2.2801862137349858
flat,single,0,weighted_cka,0,1833,1.800936412672307,300.0,0.5656200647354126,0.010084397159516811,0,1.800936412672307,1.800936412672307,1,0,off,0,0,0.0,0.0,0.0,0.0,0.0,0.0,0.0,0.0,0.0,1.800936412672307,1.800936412672307
flat,single,0,weighted_cka,0,1834,1.8116976953009711,300.0,0.5658239126205444,0.01159441377967596,0,1.8116976953009711,1.8116976953009711,1,0,off,0,0,0.0,0.0,0.0,0.0,0.0,0.0,0.0,0.0,0.0,1.8116976953009711,1.8116976953009711
flat,single,0,weighted_cka,0,1835,1.7964325202869063,300.0,0.5636799335479736,0.003543567145243287,0,1.7964325202869063,1.7964325202869063,1,0,off,0,0,0.0,0.0,0.0,0.0,0.0,0.0,0.0,0.0,0.0,1.7964325202869063,1.7964325202869063
flat,single,0,weighted_cka,0,1836,1.765007422300549,300.0,0.5639250874519348,0.0017903385451063514,0,1.765007422300549,1.765007422300549,1,0,off,0,0,0.0,0.0,0.0,0.0,0.0,0.0,0.0,0.0,0.0,1.765007422300549,1.765007422300549
flat,single,0,weighted_cka,0,1837,1.7848014125833274,300.0,0.5623642206192017,0.0020380804780870676,0,1.7848014125833274,1.7848014125833274,1,0,off,0,0,0.0,0.0,0.0,0.0,0.0,0.0,0.0,0.0,0.0,1.7848014125833274,1.7848014125833274
flat,single,0,weighted_cka,0,1838,1.7889473955798607,300.0,0.5671714544296265,0.01849757879972458,0,1.7889473955798607,1.7889473955798607,1,0,off,0,0,0.0,0.0,0.0,0.0,0.0,0.0,0.0,0.0,0.0,1.7889473955798607,1.7889473955798607
flat,single,0,weighted_cka,0,1839,1.901018985049939,300.0,0.5767688751220703,0.06879254430532455,0,1.901018985049939,1.901018985049939,1,0,off,0,0,0.0,0.0,0.0,0.0,0.0,0.0,0.0,0.0,0.0,1.901018985049939,1.901018985049939
flat,single,0,weighted_cka,0,1840,2.3126903042805935,300.0,0.6397347450256348,0.384849488735199,0,2.3126903042805935,2.3126903042805935,1,0,off,0,0,0.0,0.0,0.0,0.0,0.0,0.0,0.0,0.0,0.0,2.3126903042805935,2.3126903042805935
flat,single,0,weighted_cka,0,1841,1.8219686277647256,300.0,0.5672927498817444,0.019664203748106956,0,1.8219686277647256,1.8219686277647256,1,0,off,0,0,0.0,0.0,0.0,0.0,0.0,0.0,0.0,0.0,0.0,1.8219686277647256,1.8219686277647256
flat,single,0,weighted_cka,0,1842,2.1033210770785757,300.0,0.5863076448440552,0.1210610419511795,0,2.1033210770785757,2.1033210770785757,1,0,off,0,0,0.0,0.0,0.0,0.0,0.0,0.0,0.0,0.0,0.0,2.1033210770785757,2.1033210770785757
flat,single,0,weighted_cka,0,1843,2.2746216940235158,300.0,0.6291855573654175,0.33207157254219055,0,2.2746216940235158,2.2746216940235158,1,0,off,0,0,0.0,0.0,0.0,0.0,0.0,0.0,0.0,0.0,0.0,2.2746216940235158,2.2746216940235158
flat,single,0,weighted_cka,0,1844,1.929968007616985,300.0,0.5778571367263794,0.07347382605075836,0,1.929968007616985,1.929968007616985,1,0,off,0,0,0.0,0.0,0.0,0.0,0.0,0.0,0.0,0.0,0.0,1.929968007616985,1.929968007616985
flat,single,0,weighted_cka,0,1845,1.747491877895662,300.0,0.5640832185745239,0.0012616222957149148,0,1.747491877895662,1.747491877895662,1,0,off,0,0,0.0,0.0,0.0,0.0,0.0,0.0,0.0,0.0,0.0,1.747491877895662,1.747491877895662
flat,single,0,weighted_cka,0,1846,2.9678976077106913,255.0,0.7033137083053589,0.7012566328048706,1,2.9678976077106913,2.9678976077106913,1,0,off,0,0,0.0,0.0,0.0,0.0,0.0,0.0,0.0,0.0,0.0,2.9678976077106913,2.9678976077106913
flat,single,0,weighted_cka,0,1847,3.114044862913141,220.0,0.7043520212173462,0.7023488879203796,1,3.114044862913141,3.114044862913141,1,0,off,0,0,0.0,0.0,0.0,0.0,0.0,0.0,0.0,0.0,0.0,3.114044862913141,3.114044862913141
flat,single,0,weighted_cka,0,1848,3.1547549769317254,215.0,0.7028663754463196,0.7010679841041565,1,3.1547549769317254,3.1547549769317254,1,0,off,0,0,0.0,0.0,0.0,0.0,0.0,0.0,0.0,0.0,0.0,3.1547549769317254,3.1547549769317254
flat,single,0,weighted_cka,0,1849,1.900459685499662,300.0,0.5706791877746582,0.03546062484383583,0,1.900459685499662,1.900459685499662,1,0,off,0,0,0.0,0.0,0.0,0.0,0.0,0.0,0.0,0.0,0.0,1.900459685499662,1.900459685499662
flat,single,0,weighted_cka,0,1850,3.131828822998911,218.0,0.7028583288192749,0.7001280188560486,1,3.131828822998911,3.131828822998911,1,0,off,0,0,0.0,0.0,0.0,0.0,0.0,0.0,0.0,0.0,0.0,3.131828822998911,3.131828822998911
flat,single,0,weighted_cka,0,1851,2.1365831764308325,300.0,0.5870957970619202,0.1210610419511795,0,2.1365831764308325,2.1365831764308325,1,0,off,0,0,0.0,0.0,0.0,0.0,0.0,0.0,0.0,0.0,0.0,2.1365831764308325,2.1365831764308325
flat,single,0,weighted_cka,0,1852,1.922855417191136,300.0,0.5806331038475037,0.08555957674980164,0,1.922855417191136,1.922855417191136,1,0,off,0,0,0.0,0.0,0.0,0.0,0.0,0.0,0.0,0.0,0.0,1.922855417191136,1.922855417191136
flat,single,0,weighted_cka,0,1853,2.3670227707683793,300.0,0.6879113912582397,0.6220316290855408,0,2.3670227707683793,2.3670227707683793,1,0,off,0,0,0.0,0.0,0.0,0.0,0.0,0.0,0.0,0.0,0.0,2.3670227707683793,2.3670227707683793
flat,single,0,weighted_cka,0,1854,3.120716384032973,218.0,0.7052911520004272,0.7023488879203796,1,3.120716384032973,3.120716384032973,1,0,off,0,0,0.0,0.0,0.0,0.0,0.0,0.0,0.0,0.0,0.0,3.120716384032973,3.120716384032973
flat,single,0,weighted_cka,0,1855,2.8871299315718124,283.0,0.7034834027290344,0.7010679841041565,1,2.8871299315718124,2.8871299315718124,1,0,off,0,0,0.0,0.0,0.0,0.0,0.0,0.0,0.0,0.0,0.0,2.8871299315718124,2.8871299315718124
flat,single,0,weighted_cka,0,1856,1.91927066133327,300.0,0.577089786529541,0.07051733881235123,0,1.91927066133327,1.91927066133327,1,0,off,0,0,0.0,0.0,0.0,0.0,0.0,0.0,0.0,0.0,0.0,1.91927066133327,1.91927066133327
flat,single,0,weighted_cka,0,1857,1.9173277411267904,300.0,0.57713383436203,0.07119031995534897,0,1.9173277411267904,1.9173277411267904,1,0,off,0,0,0.0,0.0,0.0,0.0,0.0,0.0,0.0,0.0,0.0,1.9173277411267904,1.9173277411267904
flat,single,0,weighted_cka,0,1858,2.1166383011565344,300.0,0.5881974101066589,0.1210610419511795,0,2.1166383011565344,2.1166383011565344,1,0,off,0,0,0.0,0.0,0.0,0.0,0.0,0.0,0.0,0.0,0.0,2.1166383011565344,2.1166383011565344
flat,single,0,weighted_cka,0,1859,1.925025167638755,300.0,0.5778475999832153,0.0716945007443428,0,1.925025167638755,1.925025167638755,1,0,off,0,0,0.0,0.0,0.0,0.0,0.0,0.0,0.0,0.0,0.0,1.925025167638755,1.925025167638755
flat,single,0,weighted_cka,0,1860,1.8997674984870017,300.0,0.5781146287918091,0.06939347088336945,0,1.8997674984870017,1.8997674984870017,1,0,off,0,0,0.0,0.0,0.0,0.0,0.0,0.0,0.0,0.0,0.0,1.8997674984870017,1.8997674984870017
flat,single,0,weighted_cka,0,1861,1.9050587861563528,300.0,0.5777935981750488,0.07095183432102203,0,1.9050587861563528,1.9050587861563528,1,0,off,0,0,0.0,0.0,0.0,0.0,0.0,0.0,0.0,0.0,0.0,1.9050587861563528,1.9050587861563528
flat,single,0,weighted_cka,0,1862,2.20927357975377,300.0,0.6118053197860718,0.2415010929107666,0,2.20927357975377,2.20927357975377,1,0,off,0,0,0.0,0.0,0.0,0.0,0.0,0.0,0.0,0.0,0.0,2.20927357975377,2.20927357975377
flat,single,0,weighted_cka,0,1863,2.3132845367794275,300.0,0.6469703316688538,0.41905584931373596,0,2.3132845367794275,2.3132845367794275,1,0,off,0,0,0.0,0.0,0.0,0.0,0.0,0.0,0.0,0.0,0.0,2.3132845367794275,2.3132845367794275
flat,single,0,weighted_cka,0,1864,2.1325526515220403,300.0,0.6043145656585693,0.20737598836421967,0,2.1325526515220403,2.1325526515220403,1,0,off,0,0,0.0,0.0,0.0,0.0,0.0,0.0,0.0,0.0,0.0,2.1325526515220403,2.1325526515220403
flat,single,0,weighted_cka,0,1865,2.140314450863945,300.0,0.5908607244491577,0.14166449010372162,0,2.140314450863945,2.140314450863945,1,0,off,0,0,0.0,0.0,0.0,0.0,0.0,0.0,0.0,0.0,0.0,2.140314450863945,2.140314450863945
flat,single,0,weighted_cka,0,1866,1.9407158172333716,300.0,0.5824690461158752,0.09481967240571976,0,1.9407158172333716,1.9407158172333716,1,0,off,0,0,0.0,0.0,0.0,0.0,0.0,0.0,0.0,0.0,0.0,1.9407158172333716,1.9407158172333716
flat,single,0,weighted_cka,0,1867,1.8806989936010998,300.0,0.5775524973869324,0.07024087011814117,0,1.8806989936010998,1.8806989936010998,1,0,off,0,0,0.0,0.0,0.0,0.0,0.0,0.0,0.0,0.0,0.0,1.8806989936010998,1.8806989936010998
flat,single,0,weighted_cka,0,1868,2.158490484466988,300.0,0.591456413269043,0.14248542487621307,0,2.158490484466988,2.158490484466988,1,0,off,0,0,0.0,0.0,0.0,0.0,0.0,0.0,0.0,0.0,0.0,2.158490484466988,2.158490484466988
flat,single,0,weighted_cka,0,1869,2.0511894693976487,300.0,0.5887972116470337,0.12718670070171356,0,2.0511894693976487,2.0511894693976487,1,0,off,0,0,0.0,0.0,0.0,0.0,0.0,0.0,0.0,0.0,0.0,2.0511894693976487,2.0511894693976487
flat,single,0,weighted_cka,0,1870,1.7776602460693525,300.0,0.5641215443611145,0.007949824444949627,0,1.7776602460693525,1.7776602460693525,1,0,off,0,0,0.0,0.0,0.0,0.0,0.0,0.0,0.0,0.0,0.0,1.7776602460693525,1.7776602460693525
flat,single,0,weighted_cka,0,1871,2.075829410560253,300.0,0.603103518486023,0.19766324758529663,0,2.075829410560253,2.075829410560253,1,0,off,0,0,0.0,0.0,0.0,0.0,0.0,0.0,0.0,0.0,0.0,2.075829410560253,2.075829410560253
flat,single,0,weighted_cka,0,1872,2.2590751516191148,300.0,0.6167935132980347,0.2657075822353363,0,2.2590751516191148,2.2590751516191148,1,0,off,0,0,0.0,0.0,0.0,0.0,0.0,0.0,0.0,0.0,0.0,2.2590751516191148,2.2590751516191148
flat,single,0,weighted_cka,0,1873,2.0589465192009797,300.0,0.6000359654426575,0.1819198876619339,0,2.0589465192009797,2.0589465192009797,1,0,off,0,0,0.0,0.0,0.0,0.0,0.0,0.0,0.0,0.0,0.0,2.0589465192009797,2.0589465192009797
flat,single,0,weighted_cka,0,1874,1.7008899685861238,300.0,0.4728644788265228,0.1210610419511795,0,1.7008899685861238,1.7008899685861238,1,0,off,0,0,0.0,0.0,0.0,0.0,0.0,0.0,0.0,0.0,0.0,1.7008899685861238,1.7008899685861238
flat,single,0,weighted_cka,0,1875,1.9273234166407445,300.0,0.5776692032814026,0.07032983005046844,0,1.9273234166407445,1.9273234166407445,1,0,off,0,0,0.0,0.0,0.0,0.0,0.0,0.0,0.0,0.0,0.0,1.9273234166407445,1.9273234166407445
flat,single,0,weighted_cka,0,1876,1.6114868947336363,300.0,0.4710410237312317,0.09700925648212433,0,1.6114868947336363,1.6114868947336363,1,0,off,0,0,0.0,0.0,0.0,0.0,0.0,0.0,0.0,0.0,0.0,1.6114868947336363,1.6114868947336363
flat,single,0,weighted_cka,0,1877,2.041230565124735,300.0,0.5933362245559692,0.15418457984924316,0,2.041230565124735,2.041230565124735,1,0,off,0,0,0.0,0.0,0.0,0.0,0.0,0.0,0.0,0.0,0.0,2.041230565124735,2.041230565124735
flat,single,0,weighted_cka,0,1878,1.9418795219490557,300.0,0.5775622129440308,0.06979518383741379,0,1.9418795219490557,1.9418795219490557,1,0,off,0,0,0.0,0.0,0.0,0.0,0.0,0.0,0.0,0.0,0.0,1.9418795219490557,1.9418795219490557
flat,single,0,weighted_cka,0,1879,1.9899577604213832,300.0,0.5777653455734253,0.07130132615566254,0,1.9899577604213832,1.9899577604213832,1,0,off,0,0,0.0,0.0,0.0,0.0,0.0,0.0,0.0,0.0,0.0,1.9899577604213832,1.9899577604213832
flat,single,0,weighted_cka,0,1880,1.9434991392335341,300.0,0.5780985951423645,0.07065503299236298,0,1.9434991392335341,1.9434991392335341,1,0,off,0,0,0.0,0.0,0.0,0.0,0.0,0.0,0.0,0.0,0.0,1.9434991392335341,1.9434991392335341
flat,single,0,weighted_cka,0,1881,1.9167577534448341,300.0,0.5767695307731628,0.06704820692539215,0,1.9167577534448341,1.9167577534448341,1,0,off,0,0,0.0,0.0,0.0,0.0,0.0,0.0,0.0,0.0,0.0,1.9167577534448341,1.9167577534448341
flat,single,0,weighted_cka,0,1882,1.9105422358465134,300.0,0.5778412818908691,0.07119031995534897,0,1.9105422358465134,1.9105422358465134,1,0,off,0,0,0.0,0.0,0.0,0.0,0.0,0.0,0.0,0.0,0.0,1.9105422358465134,1.9105422358465134
flat,single,0,weighted_cka,0,1883,2.857532223067594,294.0,0.7021468877792358,0.7002309560775757,1,2.857532223067594,2.857532223067594,1,0,off,0,0,0.0,0.0,0.0,0.0,0.0,0.0,0.0,0.0,0.0,2.857532223067594,2.857532223067594
flat,single,0,weighted_cka,0,1884,3.112534181878435,225.0,0.7042805552482605,0.7011759877204895,1,3.112534181878435,3.112534181878435,1,0,off,0,0,0.0,0.0,0.0,0.0,0.0,0.0,0.0,0.0,0.0,3.112534181878435,3.112534181878435
flat,single,0,weighted_cka,0,1885,2.2327181270715286,300.0,0.6136447191238403,0.2525096535682678,0,2.2327181270715286,2.2327181270715286,1,0,off,0,0,0.0,0.0,0.0,0.0,0.0,0.0,0.0,0.0,0.0,2.2327181270715286,2.2327181270715286
flat,single,0,weighted_cka,0,1886,3.1065862940537032,225.0,0.7051619291305542,0.7023488879203796,1,3.1065862940537032,3.1065862940537032,1,0,off,0,0,0.0,0.0,0.0,0.0,0.0,0.0,0.0,0.0,0.0,3.1065862940537032,3.1065862940537032
flat,single,0,weighted_cka,0,1887,3.109539815170398,228.0,0.7041259407997131,0.7003712058067322,1,3.109539815170398,3.109539815170398,1,0,off,0,0,0.0,0.0,0.0,0.0,0.0,0.0,0.0,0.0,0.0,3.109539815170398,3.109539815170398
flat,single,0,weighted_cka,0,1888,3.090891756822936,223.0,0.7045794725418091,0.7012676000595093,1,3.090891756822936,3.090891756822936,1,0,off,0,0,0.0,0.0,0.0,0.0,0.0,0.0,0.0,0.0,0.0,3.090891756822936,3.090891756822936
flat,single,0,weighted_cka,0,1889,2.391626310242053,300.0,0.6991079449653625,0.6772795915603638,0,2.391626310242053,2.391626310242053,1,0,off,0,0,0.0,0.0,0.0,0.0,0.0,0.0,0.0,0.0,0.0,2.391626310242053,2.391626310242053
flat,single,0,weighted_cka,0,1890,2.258975598533759,300.0,0.6163686513900757,0.2657075822353363,0,2.258975598533759,2.258975598533759,1,0,off,0,0,0.0,0.0,0.0,0.0,0.0,0.0,0.0,0.0,0.0,2.258975598533759,2.258975598533759
flat,single,0,weighted_cka,0,1891,2.3371065105410693,300.0,0.670195460319519,0.5334518551826477,0,2.3371065105410693,2.3371065105410693,1,0,off,0,0,0.0,0.0,0.0,0.0,0.0,0.0,0.0,0.0,0.0,2.3371065105410693,2.3371065105410693
flat,single,0,weighted_cka,0,1892,2.1664679592159004,300.0,0.614486575126648,0.2544167637825012,0,2.1664679592159004,2.1664679592159004,1,0,off,0,0,0.0,0.0,0.0,0.0,0.0,0.0,0.0,0.0,0.0,2.1664679592159004,2.1664679592159004
flat,single,0,weighted_cka,0,1893,1.6358134061429142,300.0,0.4731224477291107,0.11505938321352005,0,1.6358134061429142,1.6358134061429142,1,0,off,0,0,0.0,0.0,0.0,0.0,0.0,0.0,0.0,0.0,0.0,1.6358134061429142,1.6358134061429142
flat,single,0,weighted_cka,0,1894,2.1280121544379753,300.0,0.5884138345718384,0.12107909470796585,0,2.1280121544379753,2.1280121544379753,1,0,off,0,0,0.0,0.0,0.0,0.0,0.0,0.0,0.0,0.0,0.0,2.1280121544379753,2.1280121544379753
flat,single,0,weighted_cka,0,1895,2.231523873114728,300.0,0.6165405511856079,0.27022749185562134,0,2.231523873114728,2.231523873114728,1,0,off,0,0,0.0,0.0,0.0,0.0,0.0,0.0,0.0,0.0,0.0,2.231523873114728,2.231523873114728
flat,single,0,weighted_cka,0,1896,2.274500160424701,300.0,0.6272950172424316,0.3149398863315582,0,2.274500160424701,2.274500160424701,1,0,off,0,0,0.0,0.0,0.0,0.0,0.0,0.0,0.0,0.0,0.0,2.274500160424701,2.274500160424701
flat,single,0,weighted_cka,0,1897,2.1410271500825644,300.0,0.5912341475486755,0.1425030380487442,0,2.1410271500825644,2.1410271500825644,1,0,off,0,0,0.0,0.0,0.0,0.0,0.0,0.0,0.0,0.0,0.0,2.1410271500825644,2.1410271500825644
flat,single,0,weighted_cka,0,1898,2.267279928009759,300.0,0.6262139081954956,0.3142947554588318,0,2.267279928009759,2.267279928009759,1,0,off,0,0,0.0,0.0,0.0,0.0,0.0,0.0,0.0,0.0,0.0,2.267279928009759,2.267279928009759
flat,single,0,weighted_cka,0,1899,2.2764735983268096,300.0,0.6284366250038147,0.33253344893455505,0,2.2764735983268096,2.2764735983268096,1,0,off,0,0,0.0,0.0,0.0,0.0,0.0,0.0,0.0,0.0,0.0,2.2764735983268096,2.2764735983268096
flat,single,0,weighted_cka,0,1900,2.1054165355681604,300.0,0.5979623198509216,0.17729933559894562,0,2.1054165355681604,2.1054165355681604,1,0,off,0,0,0.0,0.0,0.0,0.0,0.0,0.0,0.0,0.0,0.0,2.1054165355681604,2.1054165355681604
flat,single,0,weighted_cka,0,1901,2.2896768119306543,300.0,0.6284571886062622,0.3242700397968292,0,2.2896768119306543,2.2896768119306543,1,0,off,0,0,0.0,0.0,0.0,0.0,0.0,0.0,0.0,0.0,0.0,2.2896768119306543,2.2896768119306543
flat,single,0,weighted_cka,0,1902,2.159190952540203,300.0,0.5919325947761536,0.1416468620300293,0,2.159190952540203,2.159190952540203,1,0,off,0,0,0.0,0.0,0.0,0.0,0.0,0.0,0.0,0.0,0.0,2.159190952540203,2.159190952540203
flat,single,0,weighted_cka,0,1903,2.1595697088666617,300.0,0.5919325947761536,0.1416468620300293,0,2.1595697088666617,2.1595697088666617,1,0,off,0,0,0.0,0.0,0.0,0.0,0.0,0.0,0.0,0.0,0.0,2.1595697088666617,2.1595697088666617
flat,single,0,weighted_cka,0,1904,2.1512420520916393,300.0,0.591171145439148,0.14166449010372162,0,2.1512420520916393,2.1512420520916393,1,0,off,0,0,0.0,0.0,0.0,0.0,0.0,0.0,0.0,0.0,0.0,2.1512420520916393,2.1512420520916393
flat,single,0,weighted_cka,0,1905,1.9831029398150815,300.0,0.5816437005996704,0.09182638674974442,0,1.9831029398150815,1.9831029398150815,1,0,off,0,0,0.0,0.0,0.0,0.0,0.0,0.0,0.0,0.0,0.0,1.9831029398150815,1.9831029398150815
flat,single,0,weighted_cka,0,1906,2.3061734780582768,300.0,0.6358221769332886,0.36127564311027527,0,2.3061734780582768,2.3061734780582768,1,0,off,0,0,0.0,0.0,0.0,0.0,0.0,0.0,0.0,0.0,0.0,2.3061734780582768,2.3061734780582768
flat,single,0,weighted_cka,0,1907,1.3520517443230333,300.0,0.450808048248291,0.012231561355292797,0,1.3520517443230333,1.3520517443230333,1,0,off,0,0,0.0,0.0,0.0,0.0,0.0,0.0,0.0,0.0,0.0,1.3520517443230333,1.3520517443230333
flat,single,0,weighted_cka,0,1908,-0.04277266827632603,300.0,0.18588480353355408,1.1843301763292402e-05,0,-0.04277266827632603,-0.04277266827632603,1,0,off,0,0,0.0,0.0,0.0,0.0,0.0,0.0,0.0,0.0,0.0,-0.04277266827632603,-0.04277266827632603
flat,single,0,weighted_cka,0,1909,1.8902002532669675,300.0,0.5776045322418213,0.07082728296518326,0,1.8902002532669675,1.8902002532669675,1,0,off,0,0,0.0,0.0,0.0,0.0,0.0,0.0,0.0,0.0,0.0,1.8902002532669675,1.8902002532669675
flat,single,0,weighted_cka,0,1910,1.9001689895594795,300.0,0.5777018666267395,0.07173117250204086,0,1.9001689895594795,1.9001689895594795,1,0,off,0,0,0.0,0.0,0.0,0.0,0.0,0.0,0.0,0.0,0.0,1.9001689895594795,1.9001689895594795
flat,single,0,weighted_cka,0,1911,1.8147143138934538,300.0,0.5674064755439758,0.019320474937558174,0,1.8147143138934538,1.8147143138934538,1,0,off,0,0,0.0,0.0,0.0,0.0,0.0,0.0,0.0,0.0,0.0,1.8147143138934538,1.8147143138934538
flat,single,0,weighted_cka,0,1912,2.336222034325054,300.0,0.6506479978561401,0.4404419958591461,0,2.336222034325054,2.336222034325054,1,0,off,0,0,0.0,0.0,0.0,0.0,0.0,0.0,0.0,0.0,0.0,2.336222034325054,2.336222034325054
flat,single,0,weighted_cka,0,1913,1.8896924667797652,300.0,0.5777353048324585,0.07115095853805542,0,1.8896924667797652,1.8896924667797652,1,0,off,0,0,0.0,0.0,0.0,0.0,0.0,0.0,0.0,0.0,0.0,1.8896924667797652,1.8896924667797652
flat,single,0,weighted_cka,0,1914,1.9721634732708857,300.0,0.5814880132675171,0.09098562598228455,0,1.9721634732708857,1.9721634732708857,1,0,off,0,0,0.0,0.0,0.0,0.0,0.0,0.0,0.0,0.0,0.0,1.9721634732708857,1.9721634732708857
flat,single,0,weighted_cka,0,1915,1.9519089781055285,300.0,0.5829451680183411,0.09670605510473251,0,1.9519089781055285,1.9519089781055285,1,0,off,0,0,0.0,0.0,0.0,0.0,0.0,0.0,0.0,0.0,0.0,1.9519089781055285,1.9519089781055285
flat,single,0,weighted_cka,0,1916,1.8854030608770662,300.0,0.5776866674423218,0.07042436301708221,0,1.8854030608770662,1.8854030608770662,1,0,off,0,0,0.0,0.0,0.0,0.0,0.0,0.0,0.0,0.0,0.0,1.8854030608770662,1.8854030608770662
flat,single,0,weighted_cka,0,1917,1.916181074852652,300.0,0.5775646567344666,0.06865518540143967,0,1.916181074852652,1.916181074852652,1,0,off,0,0,0.0,0.0,0.0,0.0,0.0,0.0,0.0,0.0,0.0,1.916181074852652,1.916181074852652
flat,single,0,weighted_cka,0,1918,1.1106440487067504,300.0,0.3502768874168396,0.09700925648212433,0,1.1106440487067504,1.1106440487067504,1,0,off,0,0,0.0,0.0,0.0,0.0,0.0,0.0,0.0,0.0,0.0,1.1106440487067504,1.1106440487067504
flat,single,0,weighted_cka,0,1919,2.2879037925908037,300.0,0.6231595873832703,0.29864609241485596,0,2.2879037925908037,2.2879037925908037,1,0,off,0,0,0.0,0.0,0.0,0.0,0.0,0.0,0.0,0.0,0.0,2.2879037925908037,2.2879037925908037
flat,single,0,weighted_cka,0,1920,1.904473573314589,300.0,0.5776513814926147,0.07024087011814117,0,1.904473573314589,1.904473573314589,1,0,off,0,0,0.0,0.0,0.0,0.0,0.0,0.0,0.0,0.0,0.0,1.904473573314589,1.904473573314589
flat,single,0,weighted_cka,0,1921,1.7938417806812907,300.0,0.5685733556747437,0.023921696469187737,0,1.7938417806812907,1.7938417806812907,1,0,off,0,0,0.0,0.0,0.0,0.0,0.0,0.0,0.0,0.0,0.0,1.7938417806812907,1.7938417806812907
flat,single,0,weighted_cka,0,1922,1.8571314523709574,300.0,0.5683912634849548,0.024363692849874496,0,1.8571314523709574,1.8571314523709574,1,0,off,0,0,0.0,0.0,0.0,0.0,0.0,0.0,0.0,0.0,0.0,1.8571314523709574,1.8571314523709574
flat,single,0,weighted_cka,0,1923,2.3734592115706263,300.0,0.6511479616165161,0.4434334337711334,0,2.3734592115706263,2.3734592115706263,1,0,off,0,0,0.0,0.0,0.0,0.0,0.0,0.0,0.0,0.0,0.0,2.3734592115706263,2.3734592115706263
flat,single,0,weighted_cka,0,1924,1.0778826870082172,300.0,0.3486558496952057,0.09177107363939285,0,1.0778826870082172,1.0778826870082172,1,0,off,0,0,0.0,0.0,0.0,0.0,0.0,0.0,0.0,0.0,0.0,1.0778826870082172,1.0778826870082172
flat,single,0,weighted_cka,0,1925,2.2296162469140697,300.0,0.6070184707641602,0.22312147915363312,0,2.2296162469140697,2.2296162469140697,1,0,off,0,0,0.0,0.0,0.0,0.0,0.0,0.0,0.0,0.0,0.0,2.2296162469140697,2.2296162469140697
flat,single,0,weighted_cka,0,1926,2.3106849594390937,300.0,0.6558734774589539,0.4609021842479706,0,2.3106849594390937,2.3106849594390937,1,0,off,0,0,0.0,0.0,0.0,0.0,0.0,0.0,0.0,0.0,0.0,2.3106849594390937,2.3106849594390937
flat,single,0,weighted_cka,0,1927,2.260086222279277,300.0,0.6203096508979797,0.28237202763557434,0,2.260086222279277,2.260086222279277,1,0,off,0,0,0.0,0.0,0.0,0.0,0.0,0.0,0.0,0.0,0.0,2.260086222279277,2.260086222279277
flat,single,0,weighted_cka,0,1928,1.911291938796147,300.0,0.5772784352302551,0.06950052827596664,0,1.911291938796147,1.911291938796147,1,0,off,0,0,0.0,0.0,0.0,0.0,0.0,0.0,0.0,0.0,0.0,1.911291938796147,1.911291938796147
flat,single,0,weighted_cka,0,1929,2.0613688426677967,300.0,0.5885930061340332,0.12494908273220062,0,2.0613688426677967,2.0613688426677967,1,0,off,0,0,0.0,0.0,0.0,0.0,0.0,0.0,0.0,0.0,0.0,2.0613688426677967,2.0613688426677967
flat,single,0,weighted_cka,0,1930,0.6144309586444012,300.0,0.23749670386314392,0.10000000149011612,0,0.6144309586444012,0.6144309586444012,1,0,off,0,0,0.0,0.0,0.0,0.0,0.0,0.0,0.0,0.0,0.0,0.6144309586444012,0.6144309586444012
flat,single,0,weighted_cka,0,1931,1.9060835068034052,300.0,0.5785149335861206,0.07119031995534897,0,1.9060835068034052,1.9060835068034052,1,0,off,0,0,0.0,0.0,0.0,0.0,0.0,0.0,0.0,0.0,0.0,1.9060835068034052,1.9060835068034052
flat,single,0,weighted_cka,0,1932,1.9299250752443795,300.0,0.5758246779441833,0.0713050365447998,0,1.9299250752443795,1.9299250752443795,1,0,off,0,0,0.0,0.0,0.0,0.0,0.0,0.0,0.0,0.0,0.0,1.9299250752443795,1.9299250752443795
flat,single,0,weighted_cka,0,1933,1.9338577483996247,300.0,0.5777541399002075,0.07074732333421707,0,1.9338577483996247,1.9338577483996247,1,0,off,0,0,0.0,0.0,0.0,0.0,0.0,0.0,0.0,0.0,0.0,1.9338577483996247,1.9338577483996247
flat,single,0,weighted_cka,0,1934,1.9300072360946228,300.0,0.5771204233169556,0.07064615935087204,0,1.9300072360946228,1.9300072360946228,1,0,off,0,0,0.0,0.0,0.0,0.0,0.0,0.0,0.0,0.0,0.0,1.9300072360946228,1.9300072360946228
flat,single,0,weighted_cka,0,1935,2.3053473246405867,300.0,0.6398991346359253,0.3814795911312103,0,2.3053473246405867,2.3053473246405867,1,0,off,0,0,0.0,0.0,0.0,0.0,0.0,0.0,0.0,0.0,0.0,2.3053473246405867,2.3053473246405867
flat,single,0,weighted_cka,0,1936,2.2242307468663043,300.0,0.6295836567878723,0.3308734595775604,0,2.2242307468663043,2.2242307468663043,1,0,off,0,0,0.0,0.0,0.0,0.0,0.0,0.0,0.0,0.0,0.0,2.2242307468663043,2.2242307468663043
flat,single,0,weighted_cka,0,1937,1.915267994519958,300.0,0.5768064260482788,0.07149603962898254,0,1.915267994519958,1.915267994519958,1,0,off,0,0,0.0,0.0,0.0,0.0,0.0,0.0,0.0,0.0,0.0,1.915267994519958,1.915267994519958
flat,single,0,weighted_cka,0,1938,1.9101931226259374,300.0,0.5770790576934814,0.07077918201684952,0,1.9101931226259374,1.9101931226259374,1,0,off,0,0,0.0,0.0,0.0,0.0,0.0,0.0,0.0,0.0,0.0,1.9101931226259374,1.9101931226259374
flat,single,0,weighted_cka,0,1939,1.906452252589041,300.0,0.5771187543869019,0.06765841692686081,0,1.906452252589041,1.906452252589041,1,0,off,0,0,0.0,0.0,0.0,0.0,0.0,0.0,0.0,0.0,0.0,1.906452252589041,1.906452252589041
flat,single,0,weighted_cka,0,1940,1.7085685242927853,300.0,0.5245866179466248,0.11377313733100891,0,1.7085685242927853,1.7085685242927853,1,0,off,0,0,0.0,0.0,0.0,0.0,0.0,0.0,0.0,0.0,0.0,1.7085685242927853,1.7085685242927853
flat,single,0,weighted_cka,0,1941,2.218256331241367,300.0,0.611214280128479,0.2356121987104416,0,2.218256331241367,2.218256331241367,1,0,off,0,0,0.0,0.0,0.0,0.0,0.0,0.0,0.0,0.0,0.0,2.218256331241367,2.218256331241367
flat,single,0,weighted_cka,0,1942,2.209971539594328,300.0,0.605887234210968,0.21727994084358215,0,2.209971539594328,2.209971539594328,1,0,off,0,0,0.0,0.0,0.0,0.0,0.0,0.0,0.0,0.0,0.0,2.209971539594328,2.209971539594328
flat,single,0,weighted_cka,0,1943,2.2883006405970123,300.0,0.6310689449310303,0.33881449699401855,0,2.2883006405970123,2.2883006405970123,1,0,off,0,0,0.0,0.0,0.0,0.0,0.0,0.0,0.0,0.0,0.0,2.2883006405970123,2.2883006405970123
flat,single,0,weighted_cka,0,1944,1.9141937207663506,300.0,0.5771857500076294,0.07107285410165787,0,1.9141937207663506,1.9141937207663506,1,0,off,0,0,0.0,0.0,0.0,0.0,0.0,0.0,0.0,0.0,0.0,1.9141937207663506,1.9141937207663506
flat,single,0,weighted_cka,0,1945,1.9272440622946236,300.0,0.5768166780471802,0.07015766203403473,0,1.9272440622946236,1.9272440622946236,1,0,off,0,0,0.0,0.0,0.0,0.0,0.0,0.0,0.0,0.0,0.0,1.9272440622946236,1.9272440622946236
flat,single,0,weighted_cka,0,1946,1.9021023081651496,300.0,0.5767216682434082,0.06676572561264038,0,1.9021023081651496,1.9021023081651496,1,0,off,0,0,0.0,0.0,0.0,0.0,0.0,0.0,0.0,0.0,0.0,1.9021023081651496,1.9021023081651496
flat,single,0,weighted_cka,0,1947,1.939443056993408,300.0,0.5769529938697815,0.07105395942926407,0,1.939443056993408,1.939443056993408,1,0,off,0,0,0.0,0.0,0.0,0.0,0.0,0.0,0.0,0.0,0.0,1.939443056993408,1.939443056993408
flat,single,0,weighted_cka,0,1948,1.8930371684874983,300.0,0.5771034955978394,0.07067994028329849,0,1.8930371684874983,1.8930371684874983,1,0,off,0,0,0.0,0.0,0.0,0.0,0.0,0.0,0.0,0.0,0.0,1.8930371684874983,1.8930371684874983
flat,single,0,weighted_cka,0,1949,1.9013754222309203,300.0,0.5767263770103455,0.0687759667634964,0,1.9013754222309203,1.9013754222309203,1,0,off,0,0,0.0,0.0,0.0,0.0,0.0,0.0,0.0,0.0,0.0,1.9013754222309203,1.9013754222309203
flat,single,0,weighted_cka,0,1950,1.8896349830378298,300.0,0.577189028263092,0.07119031995534897,0,1.8896349830378298,1.8896349830378298,1,0,off,0,0,0.0,0.0,0.0,0.0,0.0,0.0,0.0,0.0,0.0,1.8896349830378298,1.8896349830378298
flat,single,0,weighted_cka,0,1951,1.9006392317927965,300.0,0.5764402747154236,0.07042436301708221,0,1.9006392317927965,1.9006392317927965,1,0,off,0,0,0.0,0.0,0.0,0.0,0.0,0.0,0.0,0.0,0.0,1.9006392317927965,1.9006392317927965
flat,single,0,weighted_cka,0,1952,1.9288355039010625,300.0,0.5793627500534058,0.07948349416255951,0,1.9288355039010625,1.9288355039010625,1,0,off,0,0,0.0,0.0,0.0,0.0,0.0,0.0,0.0,0.0,0.0,1.9288355039010625,1.9288355039010625
flat,single,0,weighted_cka,0,1953,1.9077883906487827,300.0,0.57818204164505,0.07119031995534897,0,1.9077883906487827,1.9077883906487827,1,0,off,0,0,0.0,0.0,0.0,0.0,0.0,0.0,0.0,0.0,0.0,1.9077883906487827,1.9077883906487827
flat,single,0,weighted_cka,0,1954,1.917770816748562,300.0,0.5769668221473694,0.06658876687288284,0,1.917770816748562,1.917770816748562,1,0,off,0,0,0.0,0.0,0.0,0.0,0.0,0.0,0.0,0.0,0.0,1.917770816748562,1.917770816748562
flat,single,0,weighted_cka,0,1955,1.9031564838136532,300.0,0.5710627436637878,0.05144806578755379,0,1.9031564838136532,1.9031564838136532,1,0,off,0,0,0.0,0.0,0.0,0.0,0.0,0.0,0.0,0.0,0.0,1.9031564838136532,1.9031564838136532
flat,single,0,weighted_cka,0,1956,1.8594862262892988,300.0,0.5690833330154419,0.027400417253375053,0,1.8594862262892988,1.8594862262892988,1,0,off,0,0,0.0,0.0,0.0,0.0,0.0,0.0,0.0,0.0,0.0,1.8594862262892988,1.8594862262892988
flat,single,0,weighted_cka,0,1957,1.8102779962122426,300.0,0.5662623047828674,0.01451204251497984,0,1.8102779962122426,1.8102779962122426,1,0,off,0,0,0.0,0.0,0.0,0.0,0.0,0.0,0.0,0.0,0.0,1.8102779962122426,1.8102779962122426
flat,single,0,weighted_cka,0,1958,1.6383448139713424,300.0,0.47118768095970154,0.11894818395376205,0,1.6383448139713424,1.6383448139713424,1,0,off,0,0,0.0,0.0,0.0,0.0,0.0,0.0,0.0,0.0,0.0,1.6383448139713424,1.6383448139713424
flat,single,0,weighted_cka,0,1959,1.7536410495898949,300.0,0.5654424428939819,0.009694201871752739,0,1.7536410495898949,1.7536410495898949,1,0,off,0,0,0.0,0.0,0.0,0.0,0.0,0.0,0.0,0.0,0.0,1.7536410495898949,1.7536410495898949
flat,single,0,weighted_cka,0,1960,1.6540522996510831,300.0,0.5744271278381348,0.09660858660936356,0,1.6540522996510831,1.6540522996510831,1,0,off,0,0,0.0,0.0,0.0,0.0,0.0,0.0,0.0,0.0,0.0,1.6540522996510831,1.6540522996510831
flat,single,0,weighted_cka,0,1961,1.7741219764924594,300.0,0.5639374256134033,0.001427270588465035,0,1.7741219764924594,1.7741219764924594,1,0,off,0,0,0.0,0.0,0.0,0.0,0.0,0.0,0.0,0.0,0.0,1.7741219764924594,1.7741219764924594
flat,single,0,weighted_cka,0,1962,1.7688169143715626,300.0,0.5639266967773438,0.005605149548500776,0,1.7688169143715626,1.7688169143715626,1,0,off,0,0,0.0,0.0,0.0,0.0,0.0,0.0,0.0,0.0,0.0,1.7688169143715626,1.7688169143715626
flat,single,0,weighted_cka,0,1963,2.2547565704366193,300.0,0.615247368812561,0.2582208812236786,0,2.2547565704366193,2.2547565704366193,1,0,off,0,0,0.0,0.0,0.0,0.0,0.0,0.0,0.0,0.0,0.0,2.2547565704366193,2.2547565704366193
flat,single,0,weighted_cka,0,1964,2.1304806597507664,300.0,0.5877037048339844,0.1210610419511795,0,2.1304806597507664,2.1304806597507664,1,0,off,0,0,0.0,0.0,0.0,0.0,0.0,0.0,0.0,0.0,0.0,2.1304806597507664,2.1304806597507664
flat,single,0,weighted_cka,0,1965,2.308018748487278,300.0,0.6380466222763062,0.3768543601036072,0,2.308018748487278,2.308018748487278,1,0,off,0,0,0.0,0.0,0.0,0.0,0.0,0.0,0.0,0.0,0.0,2.308018748487278,2.308018748487278
flat,single,0,weighted_cka,0,1966,1.9118567231739902,300.0,0.5766822099685669,0.07101152837276459,0,1.9118567231739902,1.9118567231739902,1,0,off,0,0,0.0,0.0,0.0,0.0,0.0,0.0,0.0,0.0,0.0,1.9118567231739902,1.9118567231739902
flat,single,0,weighted_cka,0,1967,1.921339708793024,300.0,0.577578604221344,0.06987697631120682,0,1.921339708793024,1.921339708793024,1,0,off,0,0,0.0,0.0,0.0,0.0,0.0,0.0,0.0,0.0,0.0,1.921339708793024,1.921339708793024
flat,single,0,weighted_cka,0,1968,2.3602471175900277,300.0,0.6551823616027832,0.45890292525291443,0,2.3602471175900277,2.3602471175900277,1,0,off,0,0,0.0,0.0,0.0,0.0,0.0,0.0,0.0,0.0,0.0,2.3602471175900277,2.3602471175900277
flat,single,0,weighted_cka,0,1969,2.138893700458463,300.0,0.5914480090141296,0.14248542487621307,0,2.138893700458463,2.138893700458463,1,0,off,0,0,0.0,0.0,0.0,0.0,0.0,0.0,0.0,0.0,0.0,2.138893700458463,2.138893700458463
flat,single,0,weighted_cka,0,1970,2.233934510494972,300.0,0.612591564655304,0.24843643605709076,0,2.233934510494972,2.233934510494972,1,0,off,0,0,0.0,0.0,0.0,0.0,0.0,0.0,0.0,0.0,0.0,2.233934510494972,2.233934510494972
flat,single,0,weighted_cka,0,1971,2.304824774399542,300.0,0.64183509349823,0.3911594748497009,0,2.304824774399542,2.304824774399542,1,0,off,0,0,0.0,0.0,0.0,0.0,0.0,0.0,0.0,0.0,0.0,2.304824774399542,2.304824774399542
flat,single,0,weighted_cka,0,1972,2.232177649544366,300.0,0.6186725497245789,0.2786749601364136,0,2.232177649544366,2.232177649544366,1,0,off,0,0,0.0,0.0,0.0,0.0,0.0,0.0,0.0,0.0,0.0,2.232177649544366,2.232177649544366
flat,single,0,weighted_cka,0,1973,2.397889443613529,300.0,0.6988312602043152,0.6761402487754822,0,2.397889443613529,2.397889443613529,1,0,off,0,0,0.0,0.0,0.0,0.0,0.0,0.0,0.0,0.0,0.0,2.397889443613529,2.397889443613529
flat,single,0,weighted_cka,0,1974,2.2903403378081064,300.0,0.627277135848999,0.3244146406650543,0,2.2903403378081064,2.2903403378081064,1,0,off,0,0,0.0,0.0,0.0,0.0,0.0,0.0,0.0,0.0,0.0,2.2903403378081064,2.2903403378081064
flat,single,0,weighted_cka,0,1975,2.3290273976474722,300.0,0.6440995931625366,0.40369847416877747,0,2.3290273976474722,2.3290273976474722,1,0,off,0,0,0.0,0.0,0.0,0.0,0.0,0.0,0.0,0.0,0.0,2.3290273976474722,2.3290273976474722
flat,single,0,weighted_cka,0,1976,2.135134981959218,300.0,0.5916062593460083,0.1416468620300293,0,2.135134981959218,2.135134981959218,1,0,off,0,0,0.0,0.0,0.0,0.0,0.0,0.0,0.0,0.0,0.0,2.135134981959218,2.135134981959218
flat,single,0,weighted_cka,0,1977,2.189917890506628,300.0,0.5991165637969971,0.18138334155082703,0,2.189917890506628,2.189917890506628,1,0,off,0,0,0.0,0.0,0.0,0.0,0.0,0.0,0.0,0.0,0.0,2.189917890506628,2.189917890506628
flat,single,0,weighted_cka,0,1978,2.2726329039220596,300.0,0.6304663419723511,0.3336840569972992,0,2.2726329039220596,2.2726329039220596,1,0,off,0,0,0.0,0.0,0.0,0.0,0.0,0.0,0.0,0.0,0.0,2.2726329039220596,2.2726329039220596
flat,single,0,weighted_cka,0,1979,2.164192732112376,300.0,0.5966460704803467,0.16961590945720673,0,2.164192732112376,2.164192732112376,1,0,off,0,0,0.0,0.0,0.0,0.0,0.0,0.0,0.0,0.0,0.0,2.164192732112376,2.164192732112376
flat,single,0,weighted_cka,0,1980,2.185252787718177,300.0,0.6027569770812988,0.19772425293922424,0,2.185252787718177,2.185252787718177,1,0,off,0,0,0.0,0.0,0.0,0.0,0.0,0.0,0.0,0.0,0.0,2.185252787718177,2.185252787718177
flat,single,0,weighted_cka,0,1981,1.6134056597685444,300.0,0.5372166037559509,0.10000000149011612,0,1.6134056597685444,1.6134056597685444,1,0,off,0,0,0.0,0.0,0.0,0.0,0.0,0.0,0.0,0.0,0.0,1.6134056597685444,1.6134056597685444
flat,single,0,weighted_cka,0,1982,2.3030679854549803,300.0,0.6408829689025879,0.38995981216430664,0,2.3030679854549803,2.3030679854549803,1,0,off,0,0,0.0,0.0,0.0,0.0,0.0,0.0,0.0,0.0,0.0,2.3030679854549803,2.3030679854549803
flat,single,0,weighted_cka,0,1983,2.164762193125604,300.0,0.5954576730728149,0.16338758170604706,0,2.164762193125604,2.164762193125604,1,0,off,0,0,0.0,0.0,0.0,0.0,0.0,0.0,0.0,0.0,0.0,2.164762193125604,2.164762193125604
flat,single,0,weighted_cka,0,1984,2.267961686588386,300.0,0.6255229115486145,0.3115071952342987,0,2.267961686588386,2.267961686588386,1,0,off,0,0,0.0,0.0,0.0,0.0,0.0,0.0,0.0,0.0,0.0,2.267961686588386,2.267961686588386
flat,single,0,weighted_cka,0,1985,2.249031039924283,300.0,0.617850124835968,0.27245110273361206,0,2.249031039924283,2.249031039924283,1,0,off,0,0,0.0,0.0,0.0,0.0,0.0,0.0,0.0,0.0,0.0,2.249031039924283,2.249031039924283
flat,single,0,weighted_cka,0,1986,1.9327635980352236,300.0,0.5775009393692017,0.07034007459878922,0,1.9327635980352236,1.9327635980352236,1,0,off,0,0,0.0,0.0,0.0,0.0,0.0,0.0,0.0,0.0,0.0,1.9327635980352236,1.9327635980352236
flat,single,0,weighted_cka,0,1987,1.93327686307385,300.0,0.577474057674408,0.06895226985216141,0,1.93327686307385,1.93327686307385,1,0,off,0,0,0.0,0.0,0.0,0.0,0.0,0.0,0.0,0.0,0.0,1.93327686307385,1.93327686307385
flat,single,0,weighted_cka,0,1988,2.105227680528195,300.0,0.5960745811462402,0.16574536263942719,0,2.105227680528195,2.105227680528195,1,0,off,0,0,0.0,0.0,0.0,0.0,0.0,0.0,0.0,0.0,0.0,2.105227680528195,2.105227680528195
flat,single,0,weighted_cka,0,1989,2.2220151420994156,300.0,0.6019469499588013,0.19749441742897034,0,2.2220151420994156,2.2220151420994156,1,0,off,0,0,0.0,0.0,0.0,0.0,0.0,0.0,0.0,0.0,0.0,2.2220151420994156,2.2220151420994156
flat,single,0,weighted_cka,0,1990,1.2295046189043193,300.0,0.4026080071926117,0.12961596250534058,0,1.2295046189043193,1.2295046189043193,1,0,off,0,0,0.0,0.0,0.0,0.0,0.0,0.0,0.0,0.0,0.0,1.2295046189043193,1.2295046189043193
flat,single,0,weighted_cka,0,1991,1.1618791060769569,300.0,0.39060619473457336,0.11573590338230133,0,1.1618791060769569,1.1618791060769569,1,0,off,0,0,0.0,0.0,0.0,0.0,0.0,0.0,0.0,0.0,0.0,1.1618791060769569,1.1618791060769569
flat,single,0,weighted_cka,0,1992,2.105606420448538,300.0,0.5877172946929932,0.1210610419511795,0,2.105606420448538,2.105606420448538,1,0,off,0,0,0.0,0.0,0.0,0.0,0.0,0.0,0.0,0.0,0.0,2.105606420448538,2.105606420448538
flat,single,0,weighted_cka,0,1993,1.9052326786152607,300.0,0.5772020816802979,0.07006726413965225,0,1.9052326786152607,1.9052326786152607,1,0,off,0,0,0.0,0.0,0.0,0.0,0.0,0.0,0.0,0.0,0.0,1.9052326786152607,1.9052326786152607
flat,single,0,weighted_cka,0,1994,2.1239390928555935,300.0,0.597162663936615,0.17371097207069397,0,2.1239390928555935,2.1239390928555935,1,0,off,0,0,0.0,0.0,0.0,0.0,0.0,0.0,0.0,0.0,0.0,2.1239390928555935,2.1239390928555935
flat,single,0,weighted_cka,0,1995,1.9101559427791708,300.0,0.5770666599273682,0.07042501121759415,0,1.9101559427791708,1.9101559427791708,1,0,off,0,0,0.0,0.0,0.0,0.0,0.0,0.0,0.0,0.0,0.0,1.9101559427791708,1.9101559427791708
flat,single,0,weighted_cka,0,1996,1.9053488319072116,300.0,0.5774043798446655,0.07022272050380707,0,1.9053488319072116,1.9053488319072116,1,0,off,0,0,0.0,0.0,0.0,0.0,0.0,0.0,0.0,0.0,0.0,1.9053488319072116,1.9053488319072116
flat,single,0,weighted_cka,0,1997,1.9363457195415315,300.0,0.5787175893783569,0.07143110036849976,0,1.9363457195415315,1.9363457195415315,1,0,off,0,0,0.0,0.0,0.0,0.0,0.0,0.0,0.0,0.0,0.0,1.9363457195415315,1.9363457195415315
flat,single,0,weighted_cka,0,1998,2.3319390908322006,300.0,0.6464325785636902,0.41705453395843506,0,2.3319390908322006,2.3319390908322006,1,0,off,0,0,0.0,0.0,0.0,0.0,0.0,0.0,0.0,0.0,0.0,2.3319390908322006,2.3319390908322006
flat,single,0,weighted_cka,0,1999,2.171878503465356,300.0,0.6137677431106567,0.24881552159786224,0,2.171878503465356,2.171878503465356,1,0,off,0,0,0.0,0.0,0.0,0.0,0.0,0.0,0.0,0.0,0.0,2.171878503465356,2.171878503465356
flat,single,0,weighted_cka,0,2000,1.9309490875974822,300.0,0.5774316787719727,0.07018513977527618,0,1.9309490875974822,1.9309490875974822,1,0,off,0,0,0.0,0.0,0.0,0.0,0.0,0.0,0.0,0.0,0.0,1.9309490875974822,1.9309490875974822
