arch,ll_mode,experience_sharing,share_mode,use_tutee,episode,reward,steps,mastery_mean,mastery_min,completed,flat_agent_reward,avg_agent_reward,n_ll_agents,share_enabled_eff,share_mode_eff,share_attempts,share_peer_samples,share_mean_peer_weight,share_eligible_peers_mean,share_selected_peers_mean,ll_reward_0,ll_reward_1,ll_reward_2,ll_reward_3,ll_reward_4,ll_reward_5,ll_reward_6,tutee_reward_total,avg_reward_per_learning_agent,avg_reward_per_topic_slot
flat,single,0,off,0,1,-8.408209554466897,300.0,0.34322527050971985,0.15248960256576538,0,-8.408209554466897,-8.408209554466897,1,0,off,0,0,0.0,0.0,0.0,0.0,0.0,0.0,0.0,0.0,0.0,0.0,0.0,-8.408209554466897,-8.408209554466897
flat,single,0,off,0,2,-8.71211012781133,300.0,0.3780980706214905,0.14825089275836945,0,-8.71211012781133,-8.71211012781133,1,0,off,0,0,0.0,0.0,0.0,0.0,0.0,0.0,0.0,0.0,0.0,0.0,0.0,-8.71211012781133,-8.71211012781133
flat,single,0,off,0,3,-7.084905241569525,300.0,0.6765511631965637,0.5669963955879211,0,-7.084905241569525,-7.084905241569525,1,0,off,0,0,0.0,0.0,0.0,0.0,0.0,0.0,0.0,0.0,0.0,0.0,0.0,-7.084905241569525,-7.084905241569525
flat,single,0,off,0,4,-6.891872285085276,300.0,0.5866097807884216,0.3734874427318573,0,-6.891872285085276,-6.891872285085276,1,0,off,0,0,0.0,0.0,0.0,0.0,0.0,0.0,0.0,0.0,0.0,0.0,0.0,-6.891872285085276,-6.891872285085276
flat,single,0,off,0,5,-8.279404268023807,300.0,0.38375067710876465,0.117404043674469,0,-8.279404268023807,-8.279404268023807,1,0,off,0,0,0.0,0.0,0.0,0.0,0.0,0.0,0.0,0.0,0.0,0.0,0.0,-8.279404268023807,-8.279404268023807
flat,single,0,off,0,6,-6.861393079604043,300.0,0.6583535075187683,0.5506433248519897,0,-6.861393079604043,-6.861393079604043,1,0,off,0,0,0.0,0.0,0.0,0.0,0.0,0.0,0.0,0.0,0.0,0.0,0.0,-6.861393079604043,-6.861393079604043
flat,single,0,off,0,7,-6.295339829241857,300.0,0.7415931820869446,0.5252766609191895,0,-6.295339829241857,-6.295339829241857,1,0,off,0,0,0.0,0.0,0.0,0.0,0.0,0.0,0.0,0.0,0.0,0.0,0.0,-6.295339829241857,-6.295339829241857
flat,single,0,off,0,8,-6.18770913067857,300.0,0.6962417960166931,0.3161110281944275,0,-6.18770913067857,-6.18770913067857,1,0,off,0,0,0.0,0.0,0.0,0.0,0.0,0.0,0.0,0.0,0.0,0.0,0.0,-6.18770913067857,-6.18770913067857
flat,single,0,off,0,9,-7.494393847382185,300.0,0.5830222964286804,0.2802871763706207,0,-7.494393847382185,-7.494393847382185,1,0,off,0,0,0.0,0.0,0.0,0.0,0.0,0.0,0.0,0.0,0.0,0.0,0.0,-7.494393847382185,-7.494393847382185
flat,single,0,off,0,10,-6.468888744339362,300.0,0.6919770836830139,0.45037350058555603,0,-6.468888744339362,-6.468888744339362,1,0,off,0,0,0.0,0.0,0.0,0.0,0.0,0.0,0.0,0.0,0.0,0.0,0.0,-6.468888744339362,-6.468888744339362
flat,single,0,off,0,11,-5.484861201088636,300.0,0.7987588047981262,0.7363845705986023,0,-5.484861201088636,-5.484861201088636,1,0,off,0,0,0.0,0.0,0.0,0.0,0.0,0.0,0.0,0.0,0.0,0.0,0.0,-5.484861201088636,-5.484861201088636
flat,single,0,off,0,12,-5.5243319458153435,300.0,0.7738842964172363,0.589728057384491,0,-5.5243319458153435,-5.5243319458153435,1,0,off,0,0,0.0,0.0,0.0,0.0,0.0,0.0,0.0,0.0,0.0,0.0,0.0,-5.5243319458153435,-5.5243319458153435
flat,single,0,off,0,13,-5.87340331430315,300.0,0.7641171216964722,0.6966971755027771,0,-5.87340331430315,-5.87340331430315,1,0,off,0,0,0.0,0.0,0.0,0.0,0.0,0.0,0.0,0.0,0.0,0.0,0.0,-5.87340331430315,-5.87340331430315
flat,single,0,off,0,14,-5.510371675295742,300.0,0.7939868569374084,0.5766112804412842,0,-5.510371675295742,-5.510371675295742,1,0,off,0,0,0.0,0.0,0.0,0.0,0.0,0.0,0.0,0.0,0.0,0.0,0.0,-5.510371675295742,-5.510371675295742
flat,single,0,off,0,15,-6.780773757002329,300.0,0.6930332183837891,0.4435751736164093,0,-6.780773757002329,-6.780773757002329,1,0,off,0,0,0.0,0.0,0.0,0.0,0.0,0.0,0.0,0.0,0.0,0.0,0.0,-6.780773757002329,-6.780773757002329
flat,single,0,off,0,16,-5.48282448831597,300.0,0.7942429184913635,0.6647887229919434,0,-5.48282448831597,-5.48282448831597,1,0,off,0,0,0.0,0.0,0.0,0.0,0.0,0.0,0.0,0.0,0.0,0.0,0.0,-5.48282448831597,-5.48282448831597
flat,single,0,off,0,17,-6.701368261862088,300.0,0.7552580833435059,0.6163772940635681,0,-6.701368261862088,-6.701368261862088,1,0,off,0,0,0.0,0.0,0.0,0.0,0.0,0.0,0.0,0.0,0.0,0.0,0.0,-6.701368261862088,-6.701368261862088
flat,single,0,off,0,18,-5.952096403209731,300.0,0.7438520789146423,0.5405039191246033,0,-5.952096403209731,-5.952096403209731,1,0,off,0,0,0.0,0.0,0.0,0.0,0.0,0.0,0.0,0.0,0.0,0.0,0.0,-5.952096403209731,-5.952096403209731
flat,single,0,off,0,19,-5.499566385435168,300.0,0.801885724067688,0.5965881943702698,0,-5.499566385435168,-5.499566385435168,1,0,off,0,0,0.0,0.0,0.0,0.0,0.0,0.0,0.0,0.0,0.0,0.0,0.0,-5.499566385435168,-5.499566385435168
flat,single,0,off,0,20,-6.900550030719044,300.0,0.6579961776733398,0.4149622619152069,0,-6.900550030719044,-6.900550030719044,1,0,off,0,0,0.0,0.0,0.0,0.0,0.0,0.0,0.0,0.0,0.0,0.0,0.0,-6.900550030719044,-6.900550030719044
flat,single,0,off,0,21,-6.69222627858401,300.0,0.649446964263916,0.3985674977302551,0,-6.69222627858401,-6.69222627858401,1,0,off,0,0,0.0,0.0,0.0,0.0,0.0,0.0,0.0,0.0,0.0,0.0,0.0,-6.69222627858401,-6.69222627858401
flat,single,0,off,0,22,-5.376186929136766,300.0,0.7731041312217712,0.6817387342453003,0,-5.376186929136766,-5.376186929136766,1,0,off,0,0,0.0,0.0,0.0,0.0,0.0,0.0,0.0,0.0,0.0,0.0,0.0,-5.376186929136766,-5.376186929136766
flat,single,0,off,0,23,-6.325426186312702,300.0,0.7317317724227905,0.6099890470504761,0,-6.325426186312702,-6.325426186312702,1,0,off,0,0,0.0,0.0,0.0,0.0,0.0,0.0,0.0,0.0,0.0,0.0,0.0,-6.325426186312702,-6.325426186312702
flat,single,0,off,0,24,-5.463033615326294,300.0,0.778712809085846,0.7206323146820068,0,-5.463033615326294,-5.463033615326294,1,0,off,0,0,0.0,0.0,0.0,0.0,0.0,0.0,0.0,0.0,0.0,0.0,0.0,-5.463033615326294,-5.463033615326294
flat,single,0,off,0,25,-5.923037439014293,300.0,0.7803893685340881,0.590236485004425,0,-5.923037439014293,-5.923037439014293,1,0,off,0,0,0.0,0.0,0.0,0.0,0.0,0.0,0.0,0.0,0.0,0.0,0.0,-5.923037439014293,-5.923037439014293
flat,single,0,off,0,26,-7.215431549132353,300.0,0.6577563881874084,0.5255295038223267,0,-7.215431549132353,-7.215431549132353,1,0,off,0,0,0.0,0.0,0.0,0.0,0.0,0.0,0.0,0.0,0.0,0.0,0.0,-7.215431549132353,-7.215431549132353
flat,single,0,off,0,27,-5.863911459973323,300.0,0.7525336146354675,0.6101911067962646,0,-5.863911459973323,-5.863911459973323,1,0,off,0,0,0.0,0.0,0.0,0.0,0.0,0.0,0.0,0.0,0.0,0.0,0.0,-5.863911459973323,-5.863911459973323
flat,single,0,off,0,28,-5.455168260558263,300.0,0.8261494040489197,0.7518161535263062,0,-5.455168260558263,-5.455168260558263,1,0,off,0,0,0.0,0.0,0.0,0.0,0.0,0.0,0.0,0.0,0.0,0.0,0.0,-5.455168260558263,-5.455168260558263
flat,single,0,off,0,29,-6.000037515041202,300.0,0.7558420300483704,0.6804293394088745,0,-6.000037515041202,-6.000037515041202,1,0,off,0,0,0.0,0.0,0.0,0.0,0.0,0.0,0.0,0.0,0.0,0.0,0.0,-6.000037515041202,-6.000037515041202
flat,single,0,off,0,30,-5.53763212430059,300.0,0.7844682335853577,0.6168628334999084,0,-5.53763212430059,-5.53763212430059,1,0,off,0,0,0.0,0.0,0.0,0.0,0.0,0.0,0.0,0.0,0.0,0.0,0.0,-5.53763212430059,-5.53763212430059
flat,single,0,off,0,31,-5.46536800012109,300.0,0.7881813049316406,0.6656658053398132,0,-5.46536800012109,-5.46536800012109,1,0,off,0,0,0.0,0.0,0.0,0.0,0.0,0.0,0.0,0.0,0.0,0.0,0.0,-5.46536800012109,-5.46536800012109
flat,single,0,off,0,32,-5.426826273574266,300.0,0.7826356887817383,0.7410153746604919,0,-5.426826273574266,-5.426826273574266,1,0,off,0,0,0.0,0.0,0.0,0.0,0.0,0.0,0.0,0.0,0.0,0.0,0.0,-5.426826273574266,-5.426826273574266
flat,single,0,off,0,33,-5.4411722381773915,300.0,0.829152524471283,0.7145829200744629,0,-5.4411722381773915,-5.4411722381773915,1,0,off,0,0,0.0,0.0,0.0,0.0,0.0,0.0,0.0,0.0,0.0,0.0,0.0,-5.4411722381773915,-5.4411722381773915
flat,single,0,off,0,34,-5.980113099131282,300.0,0.7493292093276978,0.5167410969734192,0,-5.980113099131282,-5.980113099131282,1,0,off,0,0,0.0,0.0,0.0,0.0,0.0,0.0,0.0,0.0,0.0,0.0,0.0,-5.980113099131282,-5.980113099131282
flat,single,0,off,0,35,-8.666583205596552,300.0,0.4279961585998535,0.1886722296476364,0,-8.666583205596552,-8.666583205596552,1,0,off,0,0,0.0,0.0,0.0,0.0,0.0,0.0,0.0,0.0,0.0,0.0,0.0,-8.666583205596552,-8.666583205596552
flat,single,0,off,0,36,-5.457049033493979,300.0,0.7972931861877441,0.7290440201759338,0,-5.457049033493979,-5.457049033493979,1,0,off,0,0,0.0,0.0,0.0,0.0,0.0,0.0,0.0,0.0,0.0,0.0,0.0,-5.457049033493979,-5.457049033493979
flat,single,0,off,0,37,-3.9415974198304973,264.0,0.8015556335449219,0.7640448212623596,1,-3.9415974198304973,-3.9415974198304973,1,0,off,0,0,0.0,0.0,0.0,0.0,0.0,0.0,0.0,0.0,0.0,0.0,0.0,-3.9415974198304973,-3.9415974198304973
flat,single,0,off,0,38,-5.852922699670314,300.0,0.7911825180053711,0.7400408387184143,0,-5.852922699670314,-5.852922699670314,1,0,off,0,0,0.0,0.0,0.0,0.0,0.0,0.0,0.0,0.0,0.0,0.0,0.0,-5.852922699670314,-5.852922699670314
flat,single,0,off,0,39,-5.863947738741991,300.0,0.7661814093589783,0.5973865985870361,0,-5.863947738741991,-5.863947738741991,1,0,off,0,0,0.0,0.0,0.0,0.0,0.0,0.0,0.0,0.0,0.0,0.0,0.0,-5.863947738741991,-5.863947738741991
flat,single,0,off,0,40,-5.416937424323987,300.0,0.8056317567825317,0.7713602185249329,0,-5.416937424323987,-5.416937424323987,1,0,off,0,0,0.0,0.0,0.0,0.0,0.0,0.0,0.0,0.0,0.0,0.0,0.0,-5.416937424323987,-5.416937424323987
flat,single,0,off,0,41,-4.202671750339202,271.0,0.7804580926895142,0.7260187864303589,1,-4.202671750339202,-4.202671750339202,1,0,off,0,0,0.0,0.0,0.0,0.0,0.0,0.0,0.0,0.0,0.0,0.0,0.0,-4.202671750339202,-4.202671750339202
flat,single,0,off,0,42,-5.954064577596741,300.0,0.7356991767883301,0.596099853515625,0,-5.954064577596741,-5.954064577596741,1,0,off,0,0,0.0,0.0,0.0,0.0,0.0,0.0,0.0,0.0,0.0,0.0,0.0,-5.954064577596741,-5.954064577596741
flat,single,0,off,0,43,-5.405547074758206,300.0,0.8278868794441223,0.7417799234390259,0,-5.405547074758206,-5.405547074758206,1,0,off,0,0,0.0,0.0,0.0,0.0,0.0,0.0,0.0,0.0,0.0,0.0,0.0,-5.405547074758206,-5.405547074758206
flat,single,0,off,0,44,-6.406292883952853,300.0,0.7421506643295288,0.39808452129364014,0,-6.406292883952853,-6.406292883952853,1,0,off,0,0,0.0,0.0,0.0,0.0,0.0,0.0,0.0,0.0,0.0,0.0,0.0,-6.406292883952853,-6.406292883952853
flat,single,0,off,0,45,-5.431364766089251,300.0,0.7922785878181458,0.7219612002372742,0,-5.431364766089251,-5.431364766089251,1,0,off,0,0,0.0,0.0,0.0,0.0,0.0,0.0,0.0,0.0,0.0,0.0,0.0,-5.431364766089251,-5.431364766089251
flat,single,0,off,0,46,-5.435049365990575,300.0,0.7958674430847168,0.7163705825805664,0,-5.435049365990575,-5.435049365990575,1,0,off,0,0,0.0,0.0,0.0,0.0,0.0,0.0,0.0,0.0,0.0,0.0,0.0,-5.435049365990575,-5.435049365990575
flat,single,0,off,0,47,-5.816074576240504,300.0,0.8047798871994019,0.6829626560211182,0,-5.816074576240504,-5.816074576240504,1,0,off,0,0,0.0,0.0,0.0,0.0,0.0,0.0,0.0,0.0,0.0,0.0,0.0,-5.816074576240504,-5.816074576240504
flat,single,0,off,0,48,-6.013753485208142,300.0,0.7602869868278503,0.5236890912055969,0,-6.013753485208142,-6.013753485208142,1,0,off,0,0,0.0,0.0,0.0,0.0,0.0,0.0,0.0,0.0,0.0,0.0,0.0,-6.013753485208142,-6.013753485208142
flat,single,0,off,0,49,-5.912918149121113,300.0,0.7523985505104065,0.5687538385391235,0,-5.912918149121113,-5.912918149121113,1,0,off,0,0,0.0,0.0,0.0,0.0,0.0,0.0,0.0,0.0,0.0,0.0,0.0,-5.912918149121113,-5.912918149121113
flat,single,0,off,0,50,-7.0601622922346206,300.0,0.6218632459640503,0.2787170708179474,0,-7.0601622922346206,-7.0601622922346206,1,0,off,0,0,0.0,0.0,0.0,0.0,0.0,0.0,0.0,0.0,0.0,0.0,0.0,-7.0601622922346206,-7.0601622922346206
flat,single,0,off,0,51,-5.980388312664599,300.0,0.7507501244544983,0.48743748664855957,0,-5.980388312664599,-5.980388312664599,1,0,off,0,0,0.0,0.0,0.0,0.0,0.0,0.0,0.0,0.0,0.0,0.0,0.0,-5.980388312664599,-5.980388312664599
flat,single,0,off,0,52,-5.984296816843584,300.0,0.7406176924705505,0.4806586802005768,0,-5.984296816843584,-5.984296816843584,1,0,off,0,0,0.0,0.0,0.0,0.0,0.0,0.0,0.0,0.0,0.0,0.0,0.0,-5.984296816843584,-5.984296816843584
flat,single,0,off,0,53,-6.2985250962374355,300.0,0.7532084584236145,0.6583322882652283,0,-6.2985250962374355,-6.2985250962374355,1,0,off,0,0,0.0,0.0,0.0,0.0,0.0,0.0,0.0,0.0,0.0,0.0,0.0,-6.2985250962374355,-6.2985250962374355
flat,single,0,off,0,54,-5.430644179927177,300.0,0.7982760071754456,0.7402556538581848,0,-5.430644179927177,-5.430644179927177,1,0,off,0,0,0.0,0.0,0.0,0.0,0.0,0.0,0.0,0.0,0.0,0.0,0.0,-5.430644179927177,-5.430644179927177
flat,single,0,off,0,55,-5.9722350139403675,300.0,0.7304153442382812,0.4863376021385193,0,-5.9722350139403675,-5.9722350139403675,1,0,off,0,0,0.0,0.0,0.0,0.0,0.0,0.0,0.0,0.0,0.0,0.0,0.0,-5.9722350139403675,-5.9722350139403675
flat,single,0,off,0,56,-5.418560249416634,300.0,0.7884001135826111,0.7576398253440857,0,-5.418560249416634,-5.418560249416634,1,0,off,0,0,0.0,0.0,0.0,0.0,0.0,0.0,0.0,0.0,0.0,0.0,0.0,-5.418560249416634,-5.418560249416634
flat,single,0,off,0,57,-5.43437147277291,300.0,0.801757276058197,0.7035589814186096,0,-5.43437147277291,-5.43437147277291,1,0,off,0,0,0.0,0.0,0.0,0.0,0.0,0.0,0.0,0.0,0.0,0.0,0.0,-5.43437147277291,-5.43437147277291
flat,single,0,off,0,58,-5.400784733181342,300.0,0.8063806295394897,0.773969292640686,0,-5.400784733181342,-5.400784733181342,1,0,off,0,0,0.0,0.0,0.0,0.0,0.0,0.0,0.0,0.0,0.0,0.0,0.0,-5.400784733181342,-5.400784733181342
flat,single,0,off,0,59,-5.892482237797235,300.0,0.7475354075431824,0.5950339436531067,0,-5.892482237797235,-5.892482237797235,1,0,off,0,0,0.0,0.0,0.0,0.0,0.0,0.0,0.0,0.0,0.0,0.0,0.0,-5.892482237797235,-5.892482237797235
flat,single,0,off,0,60,-5.485642656887651,300.0,0.7824572920799255,0.592915952205658,0,-5.485642656887651,-5.485642656887651,1,0,off,0,0,0.0,0.0,0.0,0.0,0.0,0.0,0.0,0.0,0.0,0.0,0.0,-5.485642656887651,-5.485642656887651
flat,single,0,off,0,61,-5.446532427659245,300.0,0.8245380520820618,0.7622127532958984,0,-5.446532427659245,-5.446532427659245,1,0,off,0,0,0.0,0.0,0.0,0.0,0.0,0.0,0.0,0.0,0.0,0.0,0.0,-5.446532427659245,-5.446532427659245
flat,single,0,off,0,62,-5.460407413897336,300.0,0.7954486608505249,0.7180860638618469,0,-5.460407413897336,-5.460407413897336,1,0,off,0,0,0.0,0.0,0.0,0.0,0.0,0.0,0.0,0.0,0.0,0.0,0.0,-5.460407413897336,-5.460407413897336
flat,single,0,off,0,63,-5.799763328698466,300.0,0.7983084917068481,0.7233971357345581,0,-5.799763328698466,-5.799763328698466,1,0,off,0,0,0.0,0.0,0.0,0.0,0.0,0.0,0.0,0.0,0.0,0.0,0.0,-5.799763328698466,-5.799763328698466
flat,single,0,off,0,64,-5.4031519553856855,300.0,0.8179911375045776,0.7677785158157349,0,-5.4031519553856855,-5.4031519553856855,1,0,off,0,0,0.0,0.0,0.0,0.0,0.0,0.0,0.0,0.0,0.0,0.0,0.0,-5.4031519553856855,-5.4031519553856855
flat,single,0,off,0,65,-4.840534441979829,293.0,0.8249481916427612,0.7843524217605591,1,-4.840534441979829,-4.840534441979829,1,0,off,0,0,0.0,0.0,0.0,0.0,0.0,0.0,0.0,0.0,0.0,0.0,0.0,-4.840534441979829,-4.840534441979829
flat,single,0,off,0,66,-6.16228087256315,300.0,0.7107641100883484,0.36870259046554565,0,-6.16228087256315,-6.16228087256315,1,0,off,0,0,0.0,0.0,0.0,0.0,0.0,0.0,0.0,0.0,0.0,0.0,0.0,-6.16228087256315,-6.16228087256315
flat,single,0,off,0,67,-4.294212762232618,276.0,0.8062446713447571,0.7703405022621155,1,-4.294212762232618,-4.294212762232618,1,0,off,0,0,0.0,0.0,0.0,0.0,0.0,0.0,0.0,0.0,0.0,0.0,0.0,-4.294212762232618,-4.294212762232618
flat,single,0,off,0,68,-5.507409590174221,300.0,0.7703304290771484,0.5553178787231445,0,-5.507409590174221,-5.507409590174221,1,0,off,0,0,0.0,0.0,0.0,0.0,0.0,0.0,0.0,0.0,0.0,0.0,0.0,-5.507409590174221,-5.507409590174221
flat,single,0,off,0,69,-6.363934863079351,300.0,0.7276029586791992,0.482136070728302,0,-6.363934863079351,-6.363934863079351,1,0,off,0,0,0.0,0.0,0.0,0.0,0.0,0.0,0.0,0.0,0.0,0.0,0.0,-6.363934863079351,-6.363934863079351
flat,single,0,off,0,70,-4.908618006672475,298.0,0.8206762075424194,0.7622590661048889,1,-4.908618006672475,-4.908618006672475,1,0,off,0,0,0.0,0.0,0.0,0.0,0.0,0.0,0.0,0.0,0.0,0.0,0.0,-4.908618006672475,-4.908618006672475
flat,single,0,off,0,71,-5.834003388875867,300.0,0.802979052066803,0.74048912525177,0,-5.834003388875867,-5.834003388875867,1,0,off,0,0,0.0,0.0,0.0,0.0,0.0,0.0,0.0,0.0,0.0,0.0,0.0,-5.834003388875867,-5.834003388875867
flat,single,0,off,0,72,-3.6653724561968986,255.0,0.7855067253112793,0.7410153746604919,1,-3.6653724561968986,-3.6653724561968986,1,0,off,0,0,0.0,0.0,0.0,0.0,0.0,0.0,0.0,0.0,0.0,0.0,0.0,-3.6653724561968986,-3.6653724561968986
flat,single,0,off,0,73,-5.868921705934907,300.0,0.7526575922966003,0.6248268485069275,0,-5.868921705934907,-5.868921705934907,1,0,off,0,0,0.0,0.0,0.0,0.0,0.0,0.0,0.0,0.0,0.0,0.0,0.0,-5.868921705934907,-5.868921705934907
flat,single,0,off,0,74,-5.838941617187802,300.0,0.7771873474121094,0.6895485520362854,0,-5.838941617187802,-5.838941617187802,1,0,off,0,0,0.0,0.0,0.0,0.0,0.0,0.0,0.0,0.0,0.0,0.0,0.0,-5.838941617187802,-5.838941617187802
flat,single,0,off,0,75,-5.448527891002587,300.0,0.7944146394729614,0.6647413372993469,0,-5.448527891002587,-5.448527891002587,1,0,off,0,0,0.0,0.0,0.0,0.0,0.0,0.0,0.0,0.0,0.0,0.0,0.0,-5.448527891002587,-5.448527891002587
flat,single,0,off,0,76,-5.440744055307001,300.0,0.8201406598091125,0.7063409090042114,0,-5.440744055307001,-5.440744055307001,1,0,off,0,0,0.0,0.0,0.0,0.0,0.0,0.0,0.0,0.0,0.0,0.0,0.0,-5.440744055307001,-5.440744055307001
flat,single,0,off,0,77,-5.481468613841563,300.0,0.8155724406242371,0.6171380281448364,0,-5.481468613841563,-5.481468613841563,1,0,off,0,0,0.0,0.0,0.0,0.0,0.0,0.0,0.0,0.0,0.0,0.0,0.0,-5.481468613841563,-5.481468613841563
flat,single,0,off,0,78,-4.131813540071001,270.0,0.8032511472702026,0.7493539452552795,1,-4.131813540071001,-4.131813540071001,1,0,off,0,0,0.0,0.0,0.0,0.0,0.0,0.0,0.0,0.0,0.0,0.0,0.0,-4.131813540071001,-4.131813540071001
flat,single,0,off,0,79,-4.2818508843320915,276.0,0.7849444150924683,0.731652021408081,1,-4.2818508843320915,-4.2818508843320915,1,0,off,0,0,0.0,0.0,0.0,0.0,0.0,0.0,0.0,0.0,0.0,0.0,0.0,-4.2818508843320915,-4.2818508843320915
flat,single,0,off,0,80,-6.306398221931893,300.0,0.7377117872238159,0.6712610721588135,0,-6.306398221931893,-6.306398221931893,1,0,off,0,0,0.0,0.0,0.0,0.0,0.0,0.0,0.0,0.0,0.0,0.0,0.0,-6.306398221931893,-6.306398221931893
flat,single,0,off,0,81,-5.380443037563223,300.0,0.8122478723526001,0.7553281784057617,0,-5.380443037563223,-5.380443037563223,1,0,off,0,0,0.0,0.0,0.0,0.0,0.0,0.0,0.0,0.0,0.0,0.0,0.0,-5.380443037563223,-5.380443037563223
flat,single,0,off,0,82,-6.434189273905952,300.0,0.6697659492492676,0.16864536702632904,0,-6.434189273905952,-6.434189273905952,1,0,off,0,0,0.0,0.0,0.0,0.0,0.0,0.0,0.0,0.0,0.0,0.0,0.0,-6.434189273905952,-6.434189273905952
flat,single,0,off,0,83,-5.490766556293238,300.0,0.7781982421875,0.6107008457183838,0,-5.490766556293238,-5.490766556293238,1,0,off,0,0,0.0,0.0,0.0,0.0,0.0,0.0,0.0,0.0,0.0,0.0,0.0,-5.490766556293238,-5.490766556293238
flat,single,0,off,0,84,-4.9811630211991735,299.0,0.7958951592445374,0.7650888562202454,1,-4.9811630211991735,-4.9811630211991735,1,0,off,0,0,0.0,0.0,0.0,0.0,0.0,0.0,0.0,0.0,0.0,0.0,0.0,-4.9811630211991735,-4.9811630211991735
flat,single,0,off,0,85,-5.909297770302504,300.0,0.7326628565788269,0.6332039833068848,0,-5.909297770302504,-5.909297770302504,1,0,off,0,0,0.0,0.0,0.0,0.0,0.0,0.0,0.0,0.0,0.0,0.0,0.0,-5.909297770302504,-5.909297770302504
flat,single,0,off,0,86,-4.847596870275438,295.0,0.806662380695343,0.7579656839370728,1,-4.847596870275438,-4.847596870275438,1,0,off,0,0,0.0,0.0,0.0,0.0,0.0,0.0,0.0,0.0,0.0,0.0,0.0,-4.847596870275438,-4.847596870275438
flat,single,0,off,0,87,-5.948807978822149,300.0,0.7657634615898132,0.5307715535163879,0,-5.948807978822149,-5.948807978822149,1,0,off,0,0,0.0,0.0,0.0,0.0,0.0,0.0,0.0,0.0,0.0,0.0,0.0,-5.948807978822149,-5.948807978822149
flat,single,0,off,0,88,-5.968912015209214,300.0,0.736669659614563,0.507856011390686,0,-5.968912015209214,-5.968912015209214,1,0,off,0,0,0.0,0.0,0.0,0.0,0.0,0.0,0.0,0.0,0.0,0.0,0.0,-5.968912015209214,-5.968912015209214
flat,single,0,off,0,89,-5.4323331093066285,300.0,0.8302812576293945,0.7824116945266724,0,-5.4323331093066285,-5.4323331093066285,1,0,off,0,0,0.0,0.0,0.0,0.0,0.0,0.0,0.0,0.0,0.0,0.0,0.0,-5.4323331093066285,-5.4323331093066285
flat,single,0,off,0,90,-3.9348339485865953,264.0,0.8045001029968262,0.7470993995666504,1,-3.9348339485865953,-3.9348339485865953,1,0,off,0,0,0.0,0.0,0.0,0.0,0.0,0.0,0.0,0.0,0.0,0.0,0.0,-3.9348339485865953,-3.9348339485865953
flat,single,0,off,0,91,-5.422133778926218,300.0,0.8188158869743347,0.7303106188774109,0,-5.422133778926218,-5.422133778926218,1,0,off,0,0,0.0,0.0,0.0,0.0,0.0,0.0,0.0,0.0,0.0,0.0,0.0,-5.422133778926218,-5.422133778926218
flat,single,0,off,0,92,-5.441254637105149,300.0,0.8087897300720215,0.7653890252113342,0,-5.441254637105149,-5.441254637105149,1,0,off,0,0,0.0,0.0,0.0,0.0,0.0,0.0,0.0,0.0,0.0,0.0,0.0,-5.441254637105149,-5.441254637105149
flat,single,0,off,0,93,-5.503004713117841,300.0,0.7695806622505188,0.6035596132278442,0,-5.503004713117841,-5.503004713117841,1,0,off,0,0,0.0,0.0,0.0,0.0,0.0,0.0,0.0,0.0,0.0,0.0,0.0,-5.503004713117841,-5.503004713117841
flat,single,0,off,0,94,-6.685204489046029,300.0,0.7459316849708557,0.7072837352752686,0,-6.685204489046029,-6.685204489046029,1,0,off,0,0,0.0,0.0,0.0,0.0,0.0,0.0,0.0,0.0,0.0,0.0,0.0,-6.685204489046029,-6.685204489046029
flat,single,0,off,0,95,-5.54563047917327,300.0,0.7610105872154236,0.5472512245178223,0,-5.54563047917327,-5.54563047917327,1,0,off,0,0,0.0,0.0,0.0,0.0,0.0,0.0,0.0,0.0,0.0,0.0,0.0,-5.54563047917327,-5.54563047917327
flat,single,0,off,0,96,-4.603285329121856,287.0,0.8107738494873047,0.7547858953475952,1,-4.603285329121856,-4.603285329121856,1,0,off,0,0,0.0,0.0,0.0,0.0,0.0,0.0,0.0,0.0,0.0,0.0,0.0,-4.603285329121856,-4.603285329121856
flat,single,0,off,0,97,-6.431142420467231,300.0,0.7114049196243286,0.4889439344406128,0,-6.431142420467231,-6.431142420467231,1,0,off,0,0,0.0,0.0,0.0,0.0,0.0,0.0,0.0,0.0,0.0,0.0,0.0,-6.431142420467231,-6.431142420467231
flat,single,0,off,0,98,-5.388848200440405,300.0,0.8194886445999146,0.7656927108764648,0,-5.388848200440405,-5.388848200440405,1,0,off,0,0,0.0,0.0,0.0,0.0,0.0,0.0,0.0,0.0,0.0,0.0,0.0,-5.388848200440405,-5.388848200440405
flat,single,0,off,0,99,-5.9062729739293065,300.0,0.77802973985672,0.5726038813591003,0,-5.9062729739293065,-5.9062729739293065,1,0,off,0,0,0.0,0.0,0.0,0.0,0.0,0.0,0.0,0.0,0.0,0.0,0.0,-5.9062729739293065,-5.9062729739293065
flat,single,0,off,0,100,-5.904284785629707,300.0,0.7857198715209961,0.6855484247207642,0,-5.904284785629707,-5.904284785629707,1,0,off,0,0,0.0,0.0,0.0,0.0,0.0,0.0,0.0,0.0,0.0,0.0,0.0,-5.904284785629707,-5.904284785629707
flat,single,0,off,0,101,-5.813624475436518,300.0,0.7796232104301453,0.7171949148178101,0,-5.813624475436518,-5.813624475436518,1,0,off,0,0,0.0,0.0,0.0,0.0,0.0,0.0,0.0,0.0,0.0,0.0,0.0,-5.813624475436518,-5.813624475436518
flat,single,0,off,0,102,-5.568993312312518,300.0,0.7666813731193542,0.557895839214325,0,-5.568993312312518,-5.568993312312518,1,0,off,0,0,0.0,0.0,0.0,0.0,0.0,0.0,0.0,0.0,0.0,0.0,0.0,-5.568993312312518,-5.568993312312518
flat,single,0,off,0,103,-4.41205454271518,281.0,0.8344540596008301,0.7834017276763916,1,-4.41205454271518,-4.41205454271518,1,0,off,0,0,0.0,0.0,0.0,0.0,0.0,0.0,0.0,0.0,0.0,0.0,0.0,-4.41205454271518,-4.41205454271518
flat,single,0,off,0,104,-4.3054230489791205,277.0,0.7895869016647339,0.7456545829772949,1,-4.3054230489791205,-4.3054230489791205,1,0,off,0,0,0.0,0.0,0.0,0.0,0.0,0.0,0.0,0.0,0.0,0.0,0.0,-4.3054230489791205,-4.3054230489791205
flat,single,0,off,0,105,-4.443454462586665,280.0,0.8054085373878479,0.7325624227523804,1,-4.443454462586665,-4.443454462586665,1,0,off,0,0,0.0,0.0,0.0,0.0,0.0,0.0,0.0,0.0,0.0,0.0,0.0,-4.443454462586665,-4.443454462586665
flat,single,0,off,0,106,-5.945550743746578,300.0,0.742883026599884,0.5261426568031311,0,-5.945550743746578,-5.945550743746578,1,0,off,0,0,0.0,0.0,0.0,0.0,0.0,0.0,0.0,0.0,0.0,0.0,0.0,-5.945550743746578,-5.945550743746578
flat,single,0,off,0,107,-5.41411516151857,300.0,0.8077203035354614,0.7487592697143555,0,-5.41411516151857,-5.41411516151857,1,0,off,0,0,0.0,0.0,0.0,0.0,0.0,0.0,0.0,0.0,0.0,0.0,0.0,-5.41411516151857,-5.41411516151857
flat,single,0,off,0,108,-4.180136262021235,271.0,0.7716545462608337,0.7275054454803467,1,-4.180136262021235,-4.180136262021235,1,0,off,0,0,0.0,0.0,0.0,0.0,0.0,0.0,0.0,0.0,0.0,0.0,0.0,-4.180136262021235,-4.180136262021235
flat,single,0,off,0,109,-5.532237817987322,300.0,0.7716385722160339,0.5766196250915527,0,-5.532237817987322,-5.532237817987322,1,0,off,0,0,0.0,0.0,0.0,0.0,0.0,0.0,0.0,0.0,0.0,0.0,0.0,-5.532237817987322,-5.532237817987322
flat,single,0,off,0,110,-5.986761367728461,300.0,0.7190760970115662,0.5266199111938477,0,-5.986761367728461,-5.986761367728461,1,0,off,0,0,0.0,0.0,0.0,0.0,0.0,0.0,0.0,0.0,0.0,0.0,0.0,-5.986761367728461,-5.986761367728461
flat,single,0,off,0,111,-4.9902939149155445,298.0,0.7847916483879089,0.7332590222358704,1,-4.9902939149155445,-4.9902939149155445,1,0,off,0,0,0.0,0.0,0.0,0.0,0.0,0.0,0.0,0.0,0.0,0.0,0.0,-4.9902939149155445,-4.9902939149155445
flat,single,0,off,0,112,-5.403575996181452,300.0,0.8153523206710815,0.7631216645240784,0,-5.403575996181452,-5.403575996181452,1,0,off,0,0,0.0,0.0,0.0,0.0,0.0,0.0,0.0,0.0,0.0,0.0,0.0,-5.403575996181452,-5.403575996181452
flat,single,0,off,0,113,-5.471986311013466,300.0,0.8043442964553833,0.5768992304801941,0,-5.471986311013466,-5.471986311013466,1,0,off,0,0,0.0,0.0,0.0,0.0,0.0,0.0,0.0,0.0,0.0,0.0,0.0,-5.471986311013466,-5.471986311013466
flat,single,0,off,0,114,-5.967580290348292,300.0,0.7217382192611694,0.6238743662834167,0,-5.967580290348292,-5.967580290348292,1,0,off,0,0,0.0,0.0,0.0,0.0,0.0,0.0,0.0,0.0,0.0,0.0,0.0,-5.967580290348292,-5.967580290348292
flat,single,0,off,0,115,-3.3039640827767807,242.0,0.7788147330284119,0.7319686412811279,1,-3.3039640827767807,-3.3039640827767807,1,0,off,0,0,0.0,0.0,0.0,0.0,0.0,0.0,0.0,0.0,0.0,0.0,0.0,-3.3039640827767807,-3.3039640827767807
flat,single,0,off,0,116,-4.62778249220806,287.0,0.8216396570205688,0.7713201642036438,1,-4.62778249220806,-4.62778249220806,1,0,off,0,0,0.0,0.0,0.0,0.0,0.0,0.0,0.0,0.0,0.0,0.0,0.0,-4.62778249220806,-4.62778249220806
flat,single,0,off,0,117,-3.9858685915649223,265.0,0.8009911775588989,0.7650789022445679,1,-3.9858685915649223,-3.9858685915649223,1,0,off,0,0,0.0,0.0,0.0,0.0,0.0,0.0,0.0,0.0,0.0,0.0,0.0,-3.9858685915649223,-3.9858685915649223
flat,single,0,off,0,118,-5.934296686487503,300.0,0.7453622817993164,0.576133668422699,0,-5.934296686487503,-5.934296686487503,1,0,off,0,0,0.0,0.0,0.0,0.0,0.0,0.0,0.0,0.0,0.0,0.0,0.0,-5.934296686487503,-5.934296686487503
flat,single,0,off,0,119,-5.516269419749729,300.0,0.8004183173179626,0.5690847635269165,0,-5.516269419749729,-5.516269419749729,1,0,off,0,0,0.0,0.0,0.0,0.0,0.0,0.0,0.0,0.0,0.0,0.0,0.0,-5.516269419749729,-5.516269419749729
flat,single,0,off,0,120,-4.573497179421821,283.0,0.7856618165969849,0.7052640318870544,1,-4.573497179421821,-4.573497179421821,1,0,off,0,0,0.0,0.0,0.0,0.0,0.0,0.0,0.0,0.0,0.0,0.0,0.0,-4.573497179421821,-4.573497179421821
flat,single,0,off,0,121,-6.308026596176212,300.0,0.7627278566360474,0.6069177985191345,0,-6.308026596176212,-6.308026596176212,1,0,off,0,0,0.0,0.0,0.0,0.0,0.0,0.0,0.0,0.0,0.0,0.0,0.0,-6.308026596176212,-6.308026596176212
flat,single,0,off,0,122,-5.431565129786027,300.0,0.8195181488990784,0.7169485688209534,0,-5.431565129786027,-5.431565129786027,1,0,off,0,0,0.0,0.0,0.0,0.0,0.0,0.0,0.0,0.0,0.0,0.0,0.0,-5.431565129786027,-5.431565129786027
flat,single,0,off,0,123,-5.4136156889609905,300.0,0.7858741879463196,0.7259582877159119,0,-5.4136156889609905,-5.4136156889609905,1,0,off,0,0,0.0,0.0,0.0,0.0,0.0,0.0,0.0,0.0,0.0,0.0,0.0,-5.4136156889609905,-5.4136156889609905
flat,single,0,off,0,124,-4.9765819712739905,297.0,0.7973254323005676,0.7554095387458801,1,-4.9765819712739905,-4.9765819712739905,1,0,off,0,0,0.0,0.0,0.0,0.0,0.0,0.0,0.0,0.0,0.0,0.0,0.0,-4.9765819712739905,-4.9765819712739905
flat,single,0,off,0,125,-5.9370421326835645,300.0,0.7647725343704224,0.558285653591156,0,-5.9370421326835645,-5.9370421326835645,1,0,off,0,0,0.0,0.0,0.0,0.0,0.0,0.0,0.0,0.0,0.0,0.0,0.0,-5.9370421326835645,-5.9370421326835645
flat,single,0,off,0,126,-5.44524115833336,300.0,0.7939868569374084,0.6876190900802612,0,-5.44524115833336,-5.44524115833336,1,0,off,0,0,0.0,0.0,0.0,0.0,0.0,0.0,0.0,0.0,0.0,0.0,0.0,-5.44524115833336,-5.44524115833336
flat,single,0,off,0,127,-5.4065967165748745,300.0,0.7939887046813965,0.7604973316192627,0,-5.4065967165748745,-5.4065967165748745,1,0,off,0,0,0.0,0.0,0.0,0.0,0.0,0.0,0.0,0.0,0.0,0.0,0.0,-5.4065967165748745,-5.4065967165748745
flat,single,0,off,0,128,-5.418692909006503,300.0,0.7934916615486145,0.7449225783348083,0,-5.418692909006503,-5.418692909006503,1,0,off,0,0,0.0,0.0,0.0,0.0,0.0,0.0,0.0,0.0,0.0,0.0,0.0,-5.418692909006503,-5.418692909006503
flat,single,0,off,0,129,-6.533402236190164,300.0,0.706026554107666,0.3423694670200348,0,-6.533402236190164,-6.533402236190164,1,0,off,0,0,0.0,0.0,0.0,0.0,0.0,0.0,0.0,0.0,0.0,0.0,0.0,-6.533402236190164,-6.533402236190164
flat,single,0,off,0,130,-4.344924013972036,278.0,0.8172621130943298,0.785420298576355,1,-4.344924013972036,-4.344924013972036,1,0,off,0,0,0.0,0.0,0.0,0.0,0.0,0.0,0.0,0.0,0.0,0.0,0.0,-4.344924013972036,-4.344924013972036
flat,single,0,off,0,131,-4.802164616106312,292.0,0.8131591081619263,0.762639582157135,1,-4.802164616106312,-4.802164616106312,1,0,off,0,0,0.0,0.0,0.0,0.0,0.0,0.0,0.0,0.0,0.0,0.0,0.0,-4.802164616106312,-4.802164616106312
flat,single,0,off,0,132,-4.845437027810829,295.0,0.8041630983352661,0.754544198513031,1,-4.845437027810829,-4.845437027810829,1,0,off,0,0,0.0,0.0,0.0,0.0,0.0,0.0,0.0,0.0,0.0,0.0,0.0,-4.845437027810829,-4.845437027810829
flat,single,0,off,0,133,-5.420957941678359,300.0,0.8177258372306824,0.7556775212287903,0,-5.420957941678359,-5.420957941678359,1,0,off,0,0,0.0,0.0,0.0,0.0,0.0,0.0,0.0,0.0,0.0,0.0,0.0,-5.420957941678359,-5.420957941678359
flat,single,0,off,0,134,-5.869058852747552,300.0,0.7814309000968933,0.5880047082901001,0,-5.869058852747552,-5.869058852747552,1,0,off,0,0,0.0,0.0,0.0,0.0,0.0,0.0,0.0,0.0,0.0,0.0,0.0,-5.869058852747552,-5.869058852747552
flat,single,0,off,0,135,-6.756684837921082,300.0,0.7464810013771057,0.6862517595291138,0,-6.756684837921082,-6.756684837921082,1,0,off,0,0,0.0,0.0,0.0,0.0,0.0,0.0,0.0,0.0,0.0,0.0,0.0,-6.756684837921082,-6.756684837921082
flat,single,0,off,0,136,-6.315034968184784,300.0,0.6691075563430786,0.20000000298023224,0,-6.315034968184784,-6.315034968184784,1,0,off,0,0,0.0,0.0,0.0,0.0,0.0,0.0,0.0,0.0,0.0,0.0,0.0,-6.315034968184784,-6.315034968184784
flat,single,0,off,0,137,-5.869237882382015,300.0,0.7663875818252563,0.6272187232971191,0,-5.869237882382015,-5.869237882382015,1,0,off,0,0,0.0,0.0,0.0,0.0,0.0,0.0,0.0,0.0,0.0,0.0,0.0,-5.869237882382015,-5.869237882382015
flat,single,0,off,0,138,-4.140932155849871,271.0,0.8071303367614746,0.7723261117935181,1,-4.140932155849871,-4.140932155849871,1,0,off,0,0,0.0,0.0,0.0,0.0,0.0,0.0,0.0,0.0,0.0,0.0,0.0,-4.140932155849871,-4.140932155849871
flat,single,0,off,0,139,-4.1219537612795625,269.0,0.8013796806335449,0.7629700303077698,1,-4.1219537612795625,-4.1219537612795625,1,0,off,0,0,0.0,0.0,0.0,0.0,0.0,0.0,0.0,0.0,0.0,0.0,0.0,-4.1219537612795625,-4.1219537612795625
flat,single,0,off,0,140,-4.777099258067307,294.0,0.8161307573318481,0.7834616303443909,1,-4.777099258067307,-4.777099258067307,1,0,off,0,0,0.0,0.0,0.0,0.0,0.0,0.0,0.0,0.0,0.0,0.0,0.0,-4.777099258067307,-4.777099258067307
flat,single,0,off,0,141,-4.742843943618938,290.0,0.7908787727355957,0.7317221164703369,1,-4.742843943618938,-4.742843943618938,1,0,off,0,0,0.0,0.0,0.0,0.0,0.0,0.0,0.0,0.0,0.0,0.0,0.0,-4.742843943618938,-4.742843943618938
flat,single,0,off,0,142,-5.391117155930256,300.0,0.7984727025032043,0.7563117146492004,0,-5.391117155930256,-5.391117155930256,1,0,off,0,0,0.0,0.0,0.0,0.0,0.0,0.0,0.0,0.0,0.0,0.0,0.0,-5.391117155930256,-5.391117155930256
flat,single,0,off,0,143,-5.434729869861623,300.0,0.8090446591377258,0.7479713559150696,0,-5.434729869861623,-5.434729869861623,1,0,off,0,0,0.0,0.0,0.0,0.0,0.0,0.0,0.0,0.0,0.0,0.0,0.0,-5.434729869861623,-5.434729869861623
flat,single,0,off,0,144,-5.522581865562829,300.0,0.7879191040992737,0.6335850358009338,0,-5.522581865562829,-5.522581865562829,1,0,off,0,0,0.0,0.0,0.0,0.0,0.0,0.0,0.0,0.0,0.0,0.0,0.0,-5.522581865562829,-5.522581865562829
flat,single,0,off,0,145,-4.479913799472841,282.0,0.7836975455284119,0.7364096641540527,1,-4.479913799472841,-4.479913799472841,1,0,off,0,0,0.0,0.0,0.0,0.0,0.0,0.0,0.0,0.0,0.0,0.0,0.0,-4.479913799472841,-4.479913799472841
flat,single,0,off,0,146,-4.605074400150908,284.0,0.7902488112449646,0.7368783354759216,1,-4.605074400150908,-4.605074400150908,1,0,off,0,0,0.0,0.0,0.0,0.0,0.0,0.0,0.0,0.0,0.0,0.0,0.0,-4.605074400150908,-4.605074400150908
flat,single,0,off,0,147,-4.948615319852244,300.0,0.826069712638855,0.7584339380264282,1,-4.948615319852244,-4.948615319852244,1,0,off,0,0,0.0,0.0,0.0,0.0,0.0,0.0,0.0,0.0,0.0,0.0,0.0,-4.948615319852244,-4.948615319852244
flat,single,0,off,0,148,-5.373414805537307,300.0,0.7973335981369019,0.727441132068634,0,-5.373414805537307,-5.373414805537307,1,0,off,0,0,0.0,0.0,0.0,0.0,0.0,0.0,0.0,0.0,0.0,0.0,0.0,-5.373414805537307,-5.373414805537307
flat,single,0,off,0,149,-5.377949886023995,300.0,0.8287400603294373,0.7997873425483704,0,-5.377949886023995,-5.377949886023995,1,0,off,0,0,0.0,0.0,0.0,0.0,0.0,0.0,0.0,0.0,0.0,0.0,0.0,-5.377949886023995,-5.377949886023995
flat,single,0,off,0,150,-3.9858432979229717,267.0,0.8170458078384399,0.7582760453224182,1,-3.9858432979229717,-3.9858432979229717,1,0,off,0,0,0.0,0.0,0.0,0.0,0.0,0.0,0.0,0.0,0.0,0.0,0.0,-3.9858432979229717,-3.9858432979229717
flat,single,0,off,0,151,-5.901394272188206,300.0,0.7614243626594543,0.6615040302276611,0,-5.901394272188206,-5.901394272188206,1,0,off,0,0,0.0,0.0,0.0,0.0,0.0,0.0,0.0,0.0,0.0,0.0,0.0,-5.901394272188206,-5.901394272188206
flat,single,0,off,0,152,-5.87889223679085,300.0,0.7784537076950073,0.5922719836235046,0,-5.87889223679085,-5.87889223679085,1,0,off,0,0,0.0,0.0,0.0,0.0,0.0,0.0,0.0,0.0,0.0,0.0,0.0,-5.87889223679085,-5.87889223679085
flat,single,0,off,0,153,-5.855641753302182,300.0,0.80295330286026,0.6490010619163513,0,-5.855641753302182,-5.855641753302182,1,0,off,0,0,0.0,0.0,0.0,0.0,0.0,0.0,0.0,0.0,0.0,0.0,0.0,-5.855641753302182,-5.855641753302182
flat,single,0,off,0,154,-5.432421907898971,300.0,0.7840755581855774,0.678286075592041,0,-5.432421907898971,-5.432421907898971,1,0,off,0,0,0.0,0.0,0.0,0.0,0.0,0.0,0.0,0.0,0.0,0.0,0.0,-5.432421907898971,-5.432421907898971
flat,single,0,off,0,155,-5.8378699682129165,300.0,0.772985577583313,0.7095352411270142,0,-5.8378699682129165,-5.8378699682129165,1,0,off,0,0,0.0,0.0,0.0,0.0,0.0,0.0,0.0,0.0,0.0,0.0,0.0,-5.8378699682129165,-5.8378699682129165
flat,single,0,off,0,156,-4.287291927548343,275.0,0.788178026676178,0.722091794013977,1,-4.287291927548343,-4.287291927548343,1,0,off,0,0,0.0,0.0,0.0,0.0,0.0,0.0,0.0,0.0,0.0,0.0,0.0,-4.287291927548343,-4.287291927548343
flat,single,0,off,0,157,-3.9302845674531888,262.0,0.7909688949584961,0.7576398253440857,1,-3.9302845674531888,-3.9302845674531888,1,0,off,0,0,0.0,0.0,0.0,0.0,0.0,0.0,0.0,0.0,0.0,0.0,0.0,-3.9302845674531888,-3.9302845674531888
flat,single,0,off,0,158,-5.892489809857215,300.0,0.76598060131073,0.5855770111083984,0,-5.892489809857215,-5.892489809857215,1,0,off,0,0,0.0,0.0,0.0,0.0,0.0,0.0,0.0,0.0,0.0,0.0,0.0,-5.892489809857215,-5.892489809857215
flat,single,0,off,0,159,-5.416423931502505,300.0,0.8032472729682922,0.749961256980896,0,-5.416423931502505,-5.416423931502505,1,0,off,0,0,0.0,0.0,0.0,0.0,0.0,0.0,0.0,0.0,0.0,0.0,0.0,-5.416423931502505,-5.416423931502505
flat,single,0,off,0,160,-5.405501811794242,300.0,0.783569872379303,0.7512233853340149,0,-5.405501811794242,-5.405501811794242,1,0,off,0,0,0.0,0.0,0.0,0.0,0.0,0.0,0.0,0.0,0.0,0.0,0.0,-5.405501811794242,-5.405501811794242
flat,single,0,off,0,161,-4.800625585593499,293.0,0.8430152535438538,0.8042023181915283,1,-4.800625585593499,-4.800625585593499,1,0,off,0,0,0.0,0.0,0.0,0.0,0.0,0.0,0.0,0.0,0.0,0.0,0.0,-4.800625585593499,-4.800625585593499
flat,single,0,off,0,162,-5.896414178854319,300.0,0.774226725101471,0.6482719779014587,0,-5.896414178854319,-5.896414178854319,1,0,off,0,0,0.0,0.0,0.0,0.0,0.0,0.0,0.0,0.0,0.0,0.0,0.0,-5.896414178854319,-5.896414178854319
flat,single,0,off,0,163,-6.409792765567553,300.0,0.7339712381362915,0.4312775731086731,0,-6.409792765567553,-6.409792765567553,1,0,off,0,0,0.0,0.0,0.0,0.0,0.0,0.0,0.0,0.0,0.0,0.0,0.0,-6.409792765567553,-6.409792765567553
flat,single,0,off,0,164,-5.811794680857573,300.0,0.762580394744873,0.6399140357971191,0,-5.811794680857573,-5.811794680857573,1,0,off,0,0,0.0,0.0,0.0,0.0,0.0,0.0,0.0,0.0,0.0,0.0,0.0,-5.811794680857573,-5.811794680857573
flat,single,0,off,0,165,-4.351944248207137,278.0,0.806194007396698,0.7608804702758789,1,-4.351944248207137,-4.351944248207137,1,0,off,0,0,0.0,0.0,0.0,0.0,0.0,0.0,0.0,0.0,0.0,0.0,0.0,-4.351944248207137,-4.351944248207137
flat,single,0,off,0,166,-4.417978574172592,280.0,0.8064532279968262,0.7677785158157349,1,-4.417978574172592,-4.417978574172592,1,0,off,0,0,0.0,0.0,0.0,0.0,0.0,0.0,0.0,0.0,0.0,0.0,0.0,-4.417978574172592,-4.417978574172592
flat,single,0,off,0,167,-5.416037609713388,300.0,0.8081398606300354,0.7317713499069214,0,-5.416037609713388,-5.416037609713388,1,0,off,0,0,0.0,0.0,0.0,0.0,0.0,0.0,0.0,0.0,0.0,0.0,0.0,-5.416037609713388,-5.416037609713388
flat,single,0,off,0,168,-4.138388437473893,269.0,0.8015790581703186,0.7255540490150452,1,-4.138388437473893,-4.138388437473893,1,0,off,0,0,0.0,0.0,0.0,0.0,0.0,0.0,0.0,0.0,0.0,0.0,0.0,-4.138388437473893,-4.138388437473893
flat,single,0,off,0,169,-5.973152307776052,300.0,0.7574282288551331,0.5725486874580383,0,-5.973152307776052,-5.973152307776052,1,0,off,0,0,0.0,0.0,0.0,0.0,0.0,0.0,0.0,0.0,0.0,0.0,0.0,-5.973152307776052,-5.973152307776052
flat,single,0,off,0,170,-5.841945885075262,300.0,0.8195721507072449,0.6462636590003967,0,-5.841945885075262,-5.841945885075262,1,0,off,0,0,0.0,0.0,0.0,0.0,0.0,0.0,0.0,0.0,0.0,0.0,0.0,-5.841945885075262,-5.841945885075262
flat,single,0,off,0,171,-6.374530304677317,300.0,0.6829894781112671,0.20300231873989105,0,-6.374530304677317,-6.374530304677317,1,0,off,0,0,0.0,0.0,0.0,0.0,0.0,0.0,0.0,0.0,0.0,0.0,0.0,-6.374530304677317,-6.374530304677317
flat,single,0,off,0,172,-5.410965134098651,300.0,0.8153988122940063,0.7646236419677734,0,-5.410965134098651,-5.410965134098651,1,0,off,0,0,0.0,0.0,0.0,0.0,0.0,0.0,0.0,0.0,0.0,0.0,0.0,-5.410965134098651,-5.410965134098651
flat,single,0,off,0,173,-3.7846709170890733,259.0,0.8107921481132507,0.7619191408157349,1,-3.7846709170890733,-3.7846709170890733,1,0,off,0,0,0.0,0.0,0.0,0.0,0.0,0.0,0.0,0.0,0.0,0.0,0.0,-3.7846709170890733,-3.7846709170890733
flat,single,0,off,0,174,-5.852442228241134,300.0,0.7766523361206055,0.6783286929130554,0,-5.852442228241134,-5.852442228241134,1,0,off,0,0,0.0,0.0,0.0,0.0,0.0,0.0,0.0,0.0,0.0,0.0,0.0,-5.852442228241134,-5.852442228241134
flat,single,0,off,0,175,-5.42907755413325,300.0,0.7908506393432617,0.7576398253440857,0,-5.42907755413325,-5.42907755413325,1,0,off,0,0,0.0,0.0,0.0,0.0,0.0,0.0,0.0,0.0,0.0,0.0,0.0,-5.42907755413325,-5.42907755413325
flat,single,0,off,0,176,-5.479006237268906,300.0,0.8280400037765503,0.6953740119934082,0,-5.479006237268906,-5.479006237268906,1,0,off,0,0,0.0,0.0,0.0,0.0,0.0,0.0,0.0,0.0,0.0,0.0,0.0,-5.479006237268906,-5.479006237268906
flat,single,0,off,0,177,-5.530309152981497,300.0,0.794251561164856,0.6215042471885681,0,-5.530309152981497,-5.530309152981497,1,0,off,0,0,0.0,0.0,0.0,0.0,0.0,0.0,0.0,0.0,0.0,0.0,0.0,-5.530309152981497,-5.530309152981497
flat,single,0,off,0,178,-5.912471084663418,300.0,0.7606921195983887,0.6114327311515808,0,-5.912471084663418,-5.912471084663418,1,0,off,0,0,0.0,0.0,0.0,0.0,0.0,0.0,0.0,0.0,0.0,0.0,0.0,-5.912471084663418,-5.912471084663418
flat,single,0,off,0,179,-4.491613145982837,281.0,0.8042250275611877,0.7516590356826782,1,-4.491613145982837,-4.491613145982837,1,0,off,0,0,0.0,0.0,0.0,0.0,0.0,0.0,0.0,0.0,0.0,0.0,0.0,-4.491613145982837,-4.491613145982837
flat,single,0,off,0,180,-6.021877777588092,300.0,0.7276484370231628,0.550984263420105,0,-6.021877777588092,-6.021877777588092,1,0,off,0,0,0.0,0.0,0.0,0.0,0.0,0.0,0.0,0.0,0.0,0.0,0.0,-6.021877777588092,-6.021877777588092
flat,single,0,off,0,181,-4.392677835625354,280.0,0.8222187161445618,0.7864133715629578,1,-4.392677835625354,-4.392677835625354,1,0,off,0,0,0.0,0.0,0.0,0.0,0.0,0.0,0.0,0.0,0.0,0.0,0.0,-4.392677835625354,-4.392677835625354
flat,single,0,off,0,182,-5.901179441245035,300.0,0.7847357988357544,0.6315531730651855,0,-5.901179441245035,-5.901179441245035,1,0,off,0,0,0.0,0.0,0.0,0.0,0.0,0.0,0.0,0.0,0.0,0.0,0.0,-5.901179441245035,-5.901179441245035
flat,single,0,off,0,183,-5.416669486864707,300.0,0.812220573425293,0.7113101482391357,0,-5.416669486864707,-5.416669486864707,1,0,off,0,0,0.0,0.0,0.0,0.0,0.0,0.0,0.0,0.0,0.0,0.0,0.0,-5.416669486864707,-5.416669486864707
flat,single,0,off,0,184,-5.8623854160483555,300.0,0.8039942979812622,0.6993696093559265,0,-5.8623854160483555,-5.8623854160483555,1,0,off,0,0,0.0,0.0,0.0,0.0,0.0,0.0,0.0,0.0,0.0,0.0,0.0,-5.8623854160483555,-5.8623854160483555
flat,single,0,off,0,185,-4.7821818451816265,291.0,0.8012282252311707,0.7465232610702515,1,-4.7821818451816265,-4.7821818451816265,1,0,off,0,0,0.0,0.0,0.0,0.0,0.0,0.0,0.0,0.0,0.0,0.0,0.0,-4.7821818451816265,-4.7821818451816265
flat,single,0,off,0,186,-4.98119235090446,299.0,0.8097723722457886,0.7637978196144104,1,-4.98119235090446,-4.98119235090446,1,0,off,0,0,0.0,0.0,0.0,0.0,0.0,0.0,0.0,0.0,0.0,0.0,0.0,-4.98119235090446,-4.98119235090446
flat,single,0,off,0,187,-5.417139584565296,300.0,0.7962421774864197,0.7547505497932434,0,-5.417139584565296,-5.417139584565296,1,0,off,0,0,0.0,0.0,0.0,0.0,0.0,0.0,0.0,0.0,0.0,0.0,0.0,-5.417139584565296,-5.417139584565296
flat,single,0,off,0,188,-5.38712458846857,300.0,0.8369287252426147,0.7648254632949829,0,-5.38712458846857,-5.38712458846857,1,0,off,0,0,0.0,0.0,0.0,0.0,0.0,0.0,0.0,0.0,0.0,0.0,0.0,-5.38712458846857,-5.38712458846857
flat,single,0,off,0,189,-5.388865989388423,300.0,0.8042551279067993,0.7635641098022461,0,-5.388865989388423,-5.388865989388423,1,0,off,0,0,0.0,0.0,0.0,0.0,0.0,0.0,0.0,0.0,0.0,0.0,0.0,-5.388865989388423,-5.388865989388423
flat,single,0,off,0,190,-5.9737653760239695,300.0,0.7643362879753113,0.5667358636856079,0,-5.9737653760239695,-5.9737653760239695,1,0,off,0,0,0.0,0.0,0.0,0.0,0.0,0.0,0.0,0.0,0.0,0.0,0.0,-5.9737653760239695,-5.9737653760239695
flat,single,0,off,0,191,-5.425928929413208,300.0,0.7946484684944153,0.7470993995666504,0,-5.425928929413208,-5.425928929413208,1,0,off,0,0,0.0,0.0,0.0,0.0,0.0,0.0,0.0,0.0,0.0,0.0,0.0,-5.425928929413208,-5.425928929413208
flat,single,0,off,0,192,-3.5487076592968942,249.0,0.776223361492157,0.7126779556274414,1,-3.5487076592968942,-3.5487076592968942,1,0,off,0,0,0.0,0.0,0.0,0.0,0.0,0.0,0.0,0.0,0.0,0.0,0.0,-3.5487076592968942,-3.5487076592968942
flat,single,0,off,0,193,-6.2511388979619555,300.0,0.7399816513061523,0.5631687045097351,0,-6.2511388979619555,-6.2511388979619555,1,0,off,0,0,0.0,0.0,0.0,0.0,0.0,0.0,0.0,0.0,0.0,0.0,0.0,-6.2511388979619555,-6.2511388979619555
flat,single,0,off,0,194,-6.343093099538247,300.0,0.7258465886116028,0.5583390593528748,0,-6.343093099538247,-6.343093099538247,1,0,off,0,0,0.0,0.0,0.0,0.0,0.0,0.0,0.0,0.0,0.0,0.0,0.0,-6.343093099538247,-6.343093099538247
flat,single,0,off,0,195,-5.397111972869606,300.0,0.8408317565917969,0.7985790967941284,0,-5.397111972869606,-5.397111972869606,1,0,off,0,0,0.0,0.0,0.0,0.0,0.0,0.0,0.0,0.0,0.0,0.0,0.0,-5.397111972869606,-5.397111972869606
flat,single,0,off,0,196,-5.4791681949456725,300.0,0.78647381067276,0.743999719619751,0,-5.4791681949456725,-5.4791681949456725,1,0,off,0,0,0.0,0.0,0.0,0.0,0.0,0.0,0.0,0.0,0.0,0.0,0.0,-5.4791681949456725,-5.4791681949456725
flat,single,0,off,0,197,-5.786661778995773,300.0,0.7756871581077576,0.68318110704422,0,-5.786661778995773,-5.786661778995773,1,0,off,0,0,0.0,0.0,0.0,0.0,0.0,0.0,0.0,0.0,0.0,0.0,0.0,-5.786661778995773,-5.786661778995773
flat,single,0,off,0,198,-5.855038214067459,300.0,0.7943220734596252,0.6241312623023987,0,-5.855038214067459,-5.855038214067459,1,0,off,0,0,0.0,0.0,0.0,0.0,0.0,0.0,0.0,0.0,0.0,0.0,0.0,-5.855038214067459,-5.855038214067459
flat,single,0,off,0,199,-4.817318011621247,294.0,0.830173671245575,0.7875019311904907,1,-4.817318011621247,-4.817318011621247,1,0,off,0,0,0.0,0.0,0.0,0.0,0.0,0.0,0.0,0.0,0.0,0.0,0.0,-4.817318011621247,-4.817318011621247
flat,single,0,off,0,200,-5.468726700957637,300.0,0.7942214608192444,0.6361345648765564,0,-5.468726700957637,-5.468726700957637,1,0,off,0,0,0.0,0.0,0.0,0.0,0.0,0.0,0.0,0.0,0.0,0.0,0.0,-5.468726700957637,-5.468726700957637
flat,single,0,off,0,201,-5.414204929664263,300.0,0.7856597304344177,0.725749671459198,0,-5.414204929664263,-5.414204929664263,1,0,off,0,0,0.0,0.0,0.0,0.0,0.0,0.0,0.0,0.0,0.0,0.0,0.0,-5.414204929664263,-5.414204929664263
flat,single,0,off,0,202,-5.844005928235126,300.0,0.8133674263954163,0.6767191290855408,0,-5.844005928235126,-5.844005928235126,1,0,off,0,0,0.0,0.0,0.0,0.0,0.0,0.0,0.0,0.0,0.0,0.0,0.0,-5.844005928235126,-5.844005928235126
flat,single,0,off,0,203,-5.435778355883671,300.0,0.7985830903053284,0.7187591195106506,0,-5.435778355883671,-5.435778355883671,1,0,off,0,0,0.0,0.0,0.0,0.0,0.0,0.0,0.0,0.0,0.0,0.0,0.0,-5.435778355883671,-5.435778355883671
flat,single,0,off,0,204,-5.386282118986136,300.0,0.783768355846405,0.74853515625,0,-5.386282118986136,-5.386282118986136,1,0,off,0,0,0.0,0.0,0.0,0.0,0.0,0.0,0.0,0.0,0.0,0.0,0.0,-5.386282118986136,-5.386282118986136
flat,single,0,off,0,205,-4.177577106243682,272.0,0.8039596676826477,0.7492186427116394,1,-4.177577106243682,-4.177577106243682,1,0,off,0,0,0.0,0.0,0.0,0.0,0.0,0.0,0.0,0.0,0.0,0.0,0.0,-4.177577106243682,-4.177577106243682
flat,single,0,off,0,206,-5.900806476164161,300.0,0.7392969131469727,0.5734169483184814,0,-5.900806476164161,-5.900806476164161,1,0,off,0,0,0.0,0.0,0.0,0.0,0.0,0.0,0.0,0.0,0.0,0.0,0.0,-5.900806476164161,-5.900806476164161
flat,single,0,off,0,207,-6.295010207005552,300.0,0.7563284635543823,0.6739960312843323,0,-6.295010207005552,-6.295010207005552,1,0,off,0,0,0.0,0.0,0.0,0.0,0.0,0.0,0.0,0.0,0.0,0.0,0.0,-6.295010207005552,-6.295010207005552
flat,single,0,off,0,208,-5.43360260647023,300.0,0.789029598236084,0.6927089095115662,0,-5.43360260647023,-5.43360260647023,1,0,off,0,0,0.0,0.0,0.0,0.0,0.0,0.0,0.0,0.0,0.0,0.0,0.0,-5.43360260647023,-5.43360260647023
flat,single,0,off,0,209,-6.534573653724531,300.0,0.7067174315452576,0.4023890197277069,0,-6.534573653724531,-6.534573653724531,1,0,off,0,0,0.0,0.0,0.0,0.0,0.0,0.0,0.0,0.0,0.0,0.0,0.0,-6.534573653724531,-6.534573653724531
flat,single,0,off,0,210,-5.44213649056037,300.0,0.781514048576355,0.7100088000297546,0,-5.44213649056037,-5.44213649056037,1,0,off,0,0,0.0,0.0,0.0,0.0,0.0,0.0,0.0,0.0,0.0,0.0,0.0,-5.44213649056037,-5.44213649056037
flat,single,0,off,0,211,-5.3979422445117935,300.0,0.8173277974128723,0.7585837841033936,0,-5.3979422445117935,-5.3979422445117935,1,0,off,0,0,0.0,0.0,0.0,0.0,0.0,0.0,0.0,0.0,0.0,0.0,0.0,-5.3979422445117935,-5.3979422445117935
flat,single,0,off,0,212,-5.331186913623243,300.0,0.8196819424629211,0.7830913662910461,0,-5.331186913623243,-5.331186913623243,1,0,off,0,0,0.0,0.0,0.0,0.0,0.0,0.0,0.0,0.0,0.0,0.0,0.0,-5.331186913623243,-5.331186913623243
flat,single,0,off,0,213,-5.35575659287861,300.0,0.8091230988502502,0.774215817451477,0,-5.35575659287861,-5.35575659287861,1,0,off,0,0,0.0,0.0,0.0,0.0,0.0,0.0,0.0,0.0,0.0,0.0,0.0,-5.35575659287861,-5.35575659287861
flat,single,0,off,0,214,-5.43585053457646,300.0,0.8371910452842712,0.7867667078971863,0,-5.43585053457646,-5.43585053457646,1,0,off,0,0,0.0,0.0,0.0,0.0,0.0,0.0,0.0,0.0,0.0,0.0,0.0,-5.43585053457646,-5.43585053457646
flat,single,0,off,0,215,-5.459313372906763,300.0,0.8118955492973328,0.7470993995666504,0,-5.459313372906763,-5.459313372906763,1,0,off,0,0,0.0,0.0,0.0,0.0,0.0,0.0,0.0,0.0,0.0,0.0,0.0,-5.459313372906763,-5.459313372906763
flat,single,0,off,0,216,-4.428245812393719,281.0,0.8160355687141418,0.7494757175445557,1,-4.428245812393719,-4.428245812393719,1,0,off,0,0,0.0,0.0,0.0,0.0,0.0,0.0,0.0,0.0,0.0,0.0,0.0,-4.428245812393719,-4.428245812393719
flat,single,0,off,0,217,-5.886210599122571,300.0,0.7828554511070251,0.6475585699081421,0,-5.886210599122571,-5.886210599122571,1,0,off,0,0,0.0,0.0,0.0,0.0,0.0,0.0,0.0,0.0,0.0,0.0,0.0,-5.886210599122571,-5.886210599122571
flat,single,0,off,0,218,-5.904519382753652,300.0,0.7627516984939575,0.587359607219696,0,-5.904519382753652,-5.904519382753652,1,0,off,0,0,0.0,0.0,0.0,0.0,0.0,0.0,0.0,0.0,0.0,0.0,0.0,-5.904519382753652,-5.904519382753652
flat,single,0,off,0,219,-3.3620697449869255,243.0,0.7849321961402893,0.7255064249038696,1,-3.3620697449869255,-3.3620697449869255,1,0,off,0,0,0.0,0.0,0.0,0.0,0.0,0.0,0.0,0.0,0.0,0.0,0.0,-3.3620697449869255,-3.3620697449869255
flat,single,0,off,0,220,-4.716648045899333,291.0,0.8316857218742371,0.801379919052124,1,-4.716648045899333,-4.716648045899333,1,0,off,0,0,0.0,0.0,0.0,0.0,0.0,0.0,0.0,0.0,0.0,0.0,0.0,-4.716648045899333,-4.716648045899333
flat,single,0,off,0,221,-5.871611653279977,300.0,0.7947527766227722,0.6483350992202759,0,-5.871611653279977,-5.871611653279977,1,0,off,0,0,0.0,0.0,0.0,0.0,0.0,0.0,0.0,0.0,0.0,0.0,0.0,-5.871611653279977,-5.871611653279977
flat,single,0,off,0,222,-4.3714706444321125,277.0,0.8018509745597839,0.754544198513031,1,-4.3714706444321125,-4.3714706444321125,1,0,off,0,0,0.0,0.0,0.0,0.0,0.0,0.0,0.0,0.0,0.0,0.0,0.0,-4.3714706444321125,-4.3714706444321125
flat,single,0,off,0,223,-5.8537695606879385,300.0,0.7763184905052185,0.6534872651100159,0,-5.8537695606879385,-5.8537695606879385,1,0,off,0,0,0.0,0.0,0.0,0.0,0.0,0.0,0.0,0.0,0.0,0.0,0.0,-5.8537695606879385,-5.8537695606879385
flat,single,0,off,0,224,-4.644806496140065,289.0,0.8407396078109741,0.8150086998939514,1,-4.644806496140065,-4.644806496140065,1,0,off,0,0,0.0,0.0,0.0,0.0,0.0,0.0,0.0,0.0,0.0,0.0,0.0,-4.644806496140065,-4.644806496140065
flat,single,0,off,0,225,-5.917715773306563,300.0,0.7346398234367371,0.5908584594726562,0,-5.917715773306563,-5.917715773306563,1,0,off,0,0,0.0,0.0,0.0,0.0,0.0,0.0,0.0,0.0,0.0,0.0,0.0,-5.917715773306563,-5.917715773306563
flat,single,0,off,0,226,-5.898434609908151,300.0,0.7541660070419312,0.6324674487113953,0,-5.898434609908151,-5.898434609908151,1,0,off,0,0,0.0,0.0,0.0,0.0,0.0,0.0,0.0,0.0,0.0,0.0,0.0,-5.898434609908151,-5.898434609908151
flat,single,0,off,0,227,-5.398271720594491,300.0,0.8015047907829285,0.718989908695221,0,-5.398271720594491,-5.398271720594491,1,0,off,0,0,0.0,0.0,0.0,0.0,0.0,0.0,0.0,0.0,0.0,0.0,0.0,-5.398271720594491,-5.398271720594491
flat,single,0,off,0,228,-4.3087419689108915,275.0,0.8036064505577087,0.7679414749145508,1,-4.3087419689108915,-4.3087419689108915,1,0,off,0,0,0.0,0.0,0.0,0.0,0.0,0.0,0.0,0.0,0.0,0.0,0.0,-4.3087419689108915,-4.3087419689108915
flat,single,0,off,0,229,-5.768223909422524,300.0,0.7936705350875854,0.7261320948600769,0,-5.768223909422524,-5.768223909422524,1,0,off,0,0,0.0,0.0,0.0,0.0,0.0,0.0,0.0,0.0,0.0,0.0,0.0,-5.768223909422524,-5.768223909422524
flat,single,0,off,0,230,-5.468580870179003,300.0,0.7916104197502136,0.6735575199127197,0,-5.468580870179003,-5.468580870179003,1,0,off,0,0,0.0,0.0,0.0,0.0,0.0,0.0,0.0,0.0,0.0,0.0,0.0,-5.468580870179003,-5.468580870179003
flat,single,0,off,0,231,-4.624376620992556,285.0,0.7971190810203552,0.7506993412971497,1,-4.624376620992556,-4.624376620992556,1,0,off,0,0,0.0,0.0,0.0,0.0,0.0,0.0,0.0,0.0,0.0,0.0,0.0,-4.624376620992556,-4.624376620992556
flat,single,0,off,0,232,-4.300643655050062,278.0,0.800959587097168,0.7839949727058411,1,-4.300643655050062,-4.300643655050062,1,0,off,0,0,0.0,0.0,0.0,0.0,0.0,0.0,0.0,0.0,0.0,0.0,0.0,-4.300643655050062,-4.300643655050062
flat,single,0,off,0,233,-3.861904755450074,265.0,0.8008696436882019,0.7636287212371826,1,-3.861904755450074,-3.861904755450074,1,0,off,0,0,0.0,0.0,0.0,0.0,0.0,0.0,0.0,0.0,0.0,0.0,0.0,-3.861904755450074,-3.861904755450074
flat,single,0,off,0,234,-5.493070283002444,300.0,0.7731159925460815,0.6198299527168274,0,-5.493070283002444,-5.493070283002444,1,0,off,0,0,0.0,0.0,0.0,0.0,0.0,0.0,0.0,0.0,0.0,0.0,0.0,-5.493070283002444,-5.493070283002444
flat,single,0,off,0,235,-3.6388080043287223,253.0,0.8098183274269104,0.7576398253440857,1,-3.6388080043287223,-3.6388080043287223,1,0,off,0,0,0.0,0.0,0.0,0.0,0.0,0.0,0.0,0.0,0.0,0.0,0.0,-3.6388080043287223,-3.6388080043287223
flat,single,0,off,0,236,-4.083245990860724,269.0,0.8086637854576111,0.7586999535560608,1,-4.083245990860724,-4.083245990860724,1,0,off,0,0,0.0,0.0,0.0,0.0,0.0,0.0,0.0,0.0,0.0,0.0,0.0,-4.083245990860724,-4.083245990860724
flat,single,0,off,0,237,-4.758211715221408,289.0,0.7917105555534363,0.7371488809585571,1,-4.758211715221408,-4.758211715221408,1,0,off,0,0,0.0,0.0,0.0,0.0,0.0,0.0,0.0,0.0,0.0,0.0,0.0,-4.758211715221408,-4.758211715221408
flat,single,0,off,0,238,-5.389662289118864,300.0,0.8106759190559387,0.7713552117347717,0,-5.389662289118864,-5.389662289118864,1,0,off,0,0,0.0,0.0,0.0,0.0,0.0,0.0,0.0,0.0,0.0,0.0,0.0,-5.389662289118864,-5.389662289118864
flat,single,0,off,0,239,-5.5158731940784405,300.0,0.8050704002380371,0.7774750590324402,0,-5.5158731940784405,-5.5158731940784405,1,0,off,0,0,0.0,0.0,0.0,0.0,0.0,0.0,0.0,0.0,0.0,0.0,0.0,-5.5158731940784405,-5.5158731940784405
flat,single,0,off,0,240,-4.461360602808415,280.0,0.8062067031860352,0.7232506275177002,1,-4.461360602808415,-4.461360602808415,1,0,off,0,0,0.0,0.0,0.0,0.0,0.0,0.0,0.0,0.0,0.0,0.0,0.0,-4.461360602808415,-4.461360602808415
flat,single,0,off,0,241,-5.820869065215818,300.0,0.7881540060043335,0.7394141554832458,0,-5.820869065215818,-5.820869065215818,1,0,off,0,0,0.0,0.0,0.0,0.0,0.0,0.0,0.0,0.0,0.0,0.0,0.0,-5.820869065215818,-5.820869065215818
flat,single,0,off,0,242,-4.758970941751031,292.0,0.8088961243629456,0.7639793753623962,1,-4.758970941751031,-4.758970941751031,1,0,off,0,0,0.0,0.0,0.0,0.0,0.0,0.0,0.0,0.0,0.0,0.0,0.0,-4.758970941751031,-4.758970941751031
flat,single,0,off,0,243,-5.364116476255013,300.0,0.7885147929191589,0.7539482116699219,0,-5.364116476255013,-5.364116476255013,1,0,off,0,0,0.0,0.0,0.0,0.0,0.0,0.0,0.0,0.0,0.0,0.0,0.0,-5.364116476255013,-5.364116476255013
flat,single,0,off,0,244,-6.4640193293336825,300.0,0.6955702900886536,0.38732945919036865,0,-6.4640193293336825,-6.4640193293336825,1,0,off,0,0,0.0,0.0,0.0,0.0,0.0,0.0,0.0,0.0,0.0,0.0,0.0,-6.4640193293336825,-6.4640193293336825
flat,single,0,off,0,245,-4.175956017533296,273.0,0.8099485039710999,0.7815912365913391,1,-4.175956017533296,-4.175956017533296,1,0,off,0,0,0.0,0.0,0.0,0.0,0.0,0.0,0.0,0.0,0.0,0.0,0.0,-4.175956017533296,-4.175956017533296
flat,single,0,off,0,246,-5.408508198632633,300.0,0.7818323969841003,0.6206659078598022,0,-5.408508198632633,-5.408508198632633,1,0,off,0,0,0.0,0.0,0.0,0.0,0.0,0.0,0.0,0.0,0.0,0.0,0.0,-5.408508198632633,-5.408508198632633
flat,single,0,off,0,247,-4.674090360085242,288.0,0.7935708165168762,0.725801944732666,1,-4.674090360085242,-4.674090360085242,1,0,off,0,0,0.0,0.0,0.0,0.0,0.0,0.0,0.0,0.0,0.0,0.0,0.0,-4.674090360085242,-4.674090360085242
flat,single,0,off,0,248,-4.403621909370402,279.0,0.8086687922477722,0.7677785158157349,1,-4.403621909370402,-4.403621909370402,1,0,off,0,0,0.0,0.0,0.0,0.0,0.0,0.0,0.0,0.0,0.0,0.0,0.0,-4.403621909370402,-4.403621909370402
flat,single,0,off,0,249,-5.374095425143598,300.0,0.7987940907478333,0.7710278034210205,0,-5.374095425143598,-5.374095425143598,1,0,off,0,0,0.0,0.0,0.0,0.0,0.0,0.0,0.0,0.0,0.0,0.0,0.0,-5.374095425143598,-5.374095425143598
flat,single,0,off,0,250,-5.473273572721513,300.0,0.7956934571266174,0.7438072562217712,0,-5.473273572721513,-5.473273572721513,1,0,off,0,0,0.0,0.0,0.0,0.0,0.0,0.0,0.0,0.0,0.0,0.0,0.0,-5.473273572721513,-5.473273572721513
flat,single,0,off,0,251,-5.910580117173962,300.0,0.767464280128479,0.6072406768798828,0,-5.910580117173962,-5.910580117173962,1,0,off,0,0,0.0,0.0,0.0,0.0,0.0,0.0,0.0,0.0,0.0,0.0,0.0,-5.910580117173962,-5.910580117173962
flat,single,0,off,0,252,-3.371638497693909,246.0,0.7802432179450989,0.721501886844635,1,-3.371638497693909,-3.371638497693909,1,0,off,0,0,0.0,0.0,0.0,0.0,0.0,0.0,0.0,0.0,0.0,0.0,0.0,-3.371638497693909,-3.371638497693909
flat,single,0,off,0,253,-5.8275208773207865,300.0,0.7834658026695251,0.7343172430992126,0,-5.8275208773207865,-5.8275208773207865,1,0,off,0,0,0.0,0.0,0.0,0.0,0.0,0.0,0.0,0.0,0.0,0.0,0.0,-5.8275208773207865,-5.8275208773207865
flat,single,0,off,0,254,-5.445832228363719,300.0,0.7892714738845825,0.7214090824127197,0,-5.445832228363719,-5.445832228363719,1,0,off,0,0,0.0,0.0,0.0,0.0,0.0,0.0,0.0,0.0,0.0,0.0,0.0,-5.445832228363719,-5.445832228363719
flat,single,0,off,0,255,-5.923205469193641,300.0,0.7856358885765076,0.6379226446151733,0,-5.923205469193641,-5.923205469193641,1,0,off,0,0,0.0,0.0,0.0,0.0,0.0,0.0,0.0,0.0,0.0,0.0,0.0,-5.923205469193641,-5.923205469193641
flat,single,0,off,0,256,-5.3786074934236225,300.0,0.8312161564826965,0.7266474962234497,0,-5.3786074934236225,-5.3786074934236225,1,0,off,0,0,0.0,0.0,0.0,0.0,0.0,0.0,0.0,0.0,0.0,0.0,0.0,-5.3786074934236225,-5.3786074934236225
flat,single,0,off,0,257,-4.899978819733959,295.0,0.8111801147460938,0.7776991724967957,1,-4.899978819733959,-4.899978819733959,1,0,off,0,0,0.0,0.0,0.0,0.0,0.0,0.0,0.0,0.0,0.0,0.0,0.0,-4.899978819733959,-4.899978819733959
flat,single,0,off,0,258,-5.472465997445391,300.0,0.8111124038696289,0.6191061735153198,0,-5.472465997445391,-5.472465997445391,1,0,off,0,0,0.0,0.0,0.0,0.0,0.0,0.0,0.0,0.0,0.0,0.0,0.0,-5.472465997445391,-5.472465997445391
flat,single,0,off,0,259,-5.431083657767155,300.0,0.812803328037262,0.7504156231880188,0,-5.431083657767155,-5.431083657767155,1,0,off,0,0,0.0,0.0,0.0,0.0,0.0,0.0,0.0,0.0,0.0,0.0,0.0,-5.431083657767155,-5.431083657767155
flat,single,0,off,0,260,-6.466618191404277,300.0,0.7069138288497925,0.5067033171653748,0,-6.466618191404277,-6.466618191404277,1,0,off,0,0,0.0,0.0,0.0,0.0,0.0,0.0,0.0,0.0,0.0,0.0,0.0,-6.466618191404277,-6.466618191404277
flat,single,0,off,0,261,-6.253593212127467,300.0,0.7593997716903687,0.6279529929161072,0,-6.253593212127467,-6.253593212127467,1,0,off,0,0,0.0,0.0,0.0,0.0,0.0,0.0,0.0,0.0,0.0,0.0,0.0,-6.253593212127467,-6.253593212127467
flat,single,0,off,0,262,-5.4448103804024965,300.0,0.7844514846801758,0.7255193591117859,0,-5.4448103804024965,-5.4448103804024965,1,0,off,0,0,0.0,0.0,0.0,0.0,0.0,0.0,0.0,0.0,0.0,0.0,0.0,-5.4448103804024965,-5.4448103804024965
flat,single,0,off,0,263,-4.250742019717563,274.0,0.8127380609512329,0.7848191261291504,1,-4.250742019717563,-4.250742019717563,1,0,off,0,0,0.0,0.0,0.0,0.0,0.0,0.0,0.0,0.0,0.0,0.0,0.0,-4.250742019717563,-4.250742019717563
flat,single,0,off,0,264,-5.481922142335683,300.0,0.7830291986465454,0.6663020253181458,0,-5.481922142335683,-5.481922142335683,1,0,off,0,0,0.0,0.0,0.0,0.0,0.0,0.0,0.0,0.0,0.0,0.0,0.0,-5.481922142335683,-5.481922142335683
flat,single,0,off,0,265,-5.894187350128792,300.0,0.779305636882782,0.7135604619979858,0,-5.894187350128792,-5.894187350128792,1,0,off,0,0,0.0,0.0,0.0,0.0,0.0,0.0,0.0,0.0,0.0,0.0,0.0,-5.894187350128792,-5.894187350128792
flat,single,0,off,0,266,-5.442170038342017,300.0,0.8139477372169495,0.7125773429870605,0,-5.442170038342017,-5.442170038342017,1,0,off,0,0,0.0,0.0,0.0,0.0,0.0,0.0,0.0,0.0,0.0,0.0,0.0,-5.442170038342017,-5.442170038342017
flat,single,0,off,0,267,-4.3971194143267125,278.0,0.8191930055618286,0.7637978196144104,1,-4.3971194143267125,-4.3971194143267125,1,0,off,0,0,0.0,0.0,0.0,0.0,0.0,0.0,0.0,0.0,0.0,0.0,0.0,-4.3971194143267125,-4.3971194143267125
flat,single,0,off,0,268,-5.494777451769934,300.0,0.7720169425010681,0.7132790088653564,0,-5.494777451769934,-5.494777451769934,1,0,off,0,0,0.0,0.0,0.0,0.0,0.0,0.0,0.0,0.0,0.0,0.0,0.0,-5.494777451769934,-5.494777451769934
flat,single,0,off,0,269,-5.452050786610932,300.0,0.7812319993972778,0.7115310430526733,0,-5.452050786610932,-5.452050786610932,1,0,off,0,0,0.0,0.0,0.0,0.0,0.0,0.0,0.0,0.0,0.0,0.0,0.0,-5.452050786610932,-5.452050786610932
flat,single,0,off,0,270,-4.373941467361286,277.0,0.7951442003250122,0.7565975189208984,1,-4.373941467361286,-4.373941467361286,1,0,off,0,0,0.0,0.0,0.0,0.0,0.0,0.0,0.0,0.0,0.0,0.0,0.0,-4.373941467361286,-4.373941467361286
flat,single,0,off,0,271,-5.57988170981407,300.0,0.7630522847175598,0.49217984080314636,0,-5.57988170981407,-5.57988170981407,1,0,off,0,0,0.0,0.0,0.0,0.0,0.0,0.0,0.0,0.0,0.0,0.0,0.0,-5.57988170981407,-5.57988170981407
flat,single,0,off,0,272,-4.007871512569232,266.0,0.8117828369140625,0.7438072562217712,1,-4.007871512569232,-4.007871512569232,1,0,off,0,0,0.0,0.0,0.0,0.0,0.0,0.0,0.0,0.0,0.0,0.0,0.0,-4.007871512569232,-4.007871512569232
flat,single,0,off,0,273,-5.6046204463520635,300.0,0.7610841393470764,0.4437906742095947,0,-5.6046204463520635,-5.6046204463520635,1,0,off,0,0,0.0,0.0,0.0,0.0,0.0,0.0,0.0,0.0,0.0,0.0,0.0,-5.6046204463520635,-5.6046204463520635
flat,single,0,off,0,274,-5.512840761808918,300.0,0.7958735823631287,0.6512135863304138,0,-5.512840761808918,-5.512840761808918,1,0,off,0,0,0.0,0.0,0.0,0.0,0.0,0.0,0.0,0.0,0.0,0.0,0.0,-5.512840761808918,-5.512840761808918
flat,single,0,off,0,275,-4.898641953542816,296.0,0.8172434568405151,0.7679045796394348,1,-4.898641953542816,-4.898641953542816,1,0,off,0,0,0.0,0.0,0.0,0.0,0.0,0.0,0.0,0.0,0.0,0.0,0.0,-4.898641953542816,-4.898641953542816
flat,single,0,off,0,276,-4.279320587491363,275.0,0.8244958519935608,0.7858616709709167,1,-4.279320587491363,-4.279320587491363,1,0,off,0,0,0.0,0.0,0.0,0.0,0.0,0.0,0.0,0.0,0.0,0.0,0.0,-4.279320587491363,-4.279320587491363
flat,single,0,off,0,277,-4.908296639003085,297.0,0.8427799344062805,0.7420971393585205,1,-4.908296639003085,-4.908296639003085,1,0,off,0,0,0.0,0.0,0.0,0.0,0.0,0.0,0.0,0.0,0.0,0.0,0.0,-4.908296639003085,-4.908296639003085
flat,single,0,off,0,278,-6.327366492128932,300.0,0.7516008615493774,0.5951525568962097,0,-6.327366492128932,-6.327366492128932,1,0,off,0,0,0.0,0.0,0.0,0.0,0.0,0.0,0.0,0.0,0.0,0.0,0.0,-6.327366492128932,-6.327366492128932
flat,single,0,off,0,279,-5.487650296042557,300.0,0.8019504547119141,0.6223705410957336,0,-5.487650296042557,-5.487650296042557,1,0,off,0,0,0.0,0.0,0.0,0.0,0.0,0.0,0.0,0.0,0.0,0.0,0.0,-5.487650296042557,-5.487650296042557
flat,single,0,off,0,280,-4.194028973221999,273.0,0.791047215461731,0.7685595750808716,1,-4.194028973221999,-4.194028973221999,1,0,off,0,0,0.0,0.0,0.0,0.0,0.0,0.0,0.0,0.0,0.0,0.0,0.0,-4.194028973221999,-4.194028973221999
flat,single,0,off,0,281,-5.867821677768371,300.0,0.7825242877006531,0.6175212264060974,0,-5.867821677768371,-5.867821677768371,1,0,off,0,0,0.0,0.0,0.0,0.0,0.0,0.0,0.0,0.0,0.0,0.0,0.0,-5.867821677768371,-5.867821677768371
flat,single,0,off,0,282,-5.483584549033539,300.0,0.8059415817260742,0.6256017088890076,0,-5.483584549033539,-5.483584549033539,1,0,off,0,0,0.0,0.0,0.0,0.0,0.0,0.0,0.0,0.0,0.0,0.0,0.0,-5.483584549033539,-5.483584549033539
flat,single,0,off,0,283,-4.014506344016396,267.0,0.8147850036621094,0.7787017226219177,1,-4.014506344016396,-4.014506344016396,1,0,off,0,0,0.0,0.0,0.0,0.0,0.0,0.0,0.0,0.0,0.0,0.0,0.0,-4.014506344016396,-4.014506344016396
flat,single,0,off,0,284,-4.368546509240972,279.0,0.8219431638717651,0.7783516049385071,1,-4.368546509240972,-4.368546509240972,1,0,off,0,0,0.0,0.0,0.0,0.0,0.0,0.0,0.0,0.0,0.0,0.0,0.0,-4.368546509240972,-4.368546509240972
flat,single,0,off,0,285,-4.184347270645654,271.0,0.7925645112991333,0.7310379147529602,1,-4.184347270645654,-4.184347270645654,1,0,off,0,0,0.0,0.0,0.0,0.0,0.0,0.0,0.0,0.0,0.0,0.0,0.0,-4.184347270645654,-4.184347270645654
flat,single,0,off,0,286,-5.494677731493718,300.0,0.787386417388916,0.6136447787284851,0,-5.494677731493718,-5.494677731493718,1,0,off,0,0,0.0,0.0,0.0,0.0,0.0,0.0,0.0,0.0,0.0,0.0,0.0,-5.494677731493718,-5.494677731493718
flat,single,0,off,0,287,-5.42554559981216,300.0,0.8279982805252075,0.7824774980545044,0,-5.42554559981216,-5.42554559981216,1,0,off,0,0,0.0,0.0,0.0,0.0,0.0,0.0,0.0,0.0,0.0,0.0,0.0,-5.42554559981216,-5.42554559981216
flat,single,0,off,0,288,-5.513344190339575,300.0,0.7942510843276978,0.7343708276748657,0,-5.513344190339575,-5.513344190339575,1,0,off,0,0,0.0,0.0,0.0,0.0,0.0,0.0,0.0,0.0,0.0,0.0,0.0,-5.513344190339575,-5.513344190339575
flat,single,0,off,0,289,-4.944204487685341,299.0,0.838113009929657,0.7975490093231201,1,-4.944204487685341,-4.944204487685341,1,0,off,0,0,0.0,0.0,0.0,0.0,0.0,0.0,0.0,0.0,0.0,0.0,0.0,-4.944204487685341,-4.944204487685341
flat,single,0,off,0,290,-5.443168259650694,300.0,0.8000944256782532,0.7520341873168945,0,-5.443168259650694,-5.443168259650694,1,0,off,0,0,0.0,0.0,0.0,0.0,0.0,0.0,0.0,0.0,0.0,0.0,0.0,-5.443168259650694,-5.443168259650694
flat,single,0,off,0,291,-3.5536211486172227,252.0,0.7764080166816711,0.7364097237586975,1,-3.5536211486172227,-3.5536211486172227,1,0,off,0,0,0.0,0.0,0.0,0.0,0.0,0.0,0.0,0.0,0.0,0.0,0.0,-3.5536211486172227,-3.5536211486172227
flat,single,0,off,0,292,-3.9927102152025364,265.0,0.8009150624275208,0.7317221164703369,1,-3.9927102152025364,-3.9927102152025364,1,0,off,0,0,0.0,0.0,0.0,0.0,0.0,0.0,0.0,0.0,0.0,0.0,0.0,-3.9927102152025364,-3.9927102152025364
flat,single,0,off,0,293,-4.430856966560238,281.0,0.8053402304649353,0.7562766075134277,1,-4.430856966560238,-4.430856966560238,1,0,off,0,0,0.0,0.0,0.0,0.0,0.0,0.0,0.0,0.0,0.0,0.0,0.0,-4.430856966560238,-4.430856966560238
flat,single,0,off,0,294,-6.255131802154952,300.0,0.7492305636405945,0.6036123037338257,0,-6.255131802154952,-6.255131802154952,1,0,off,0,0,0.0,0.0,0.0,0.0,0.0,0.0,0.0,0.0,0.0,0.0,0.0,-6.255131802154952,-6.255131802154952
flat,single,0,off,0,295,-3.631648109117511,253.0,0.7793046236038208,0.7364097237586975,1,-3.631648109117511,-3.631648109117511,1,0,off,0,0,0.0,0.0,0.0,0.0,0.0,0.0,0.0,0.0,0.0,0.0,0.0,-3.631648109117511,-3.631648109117511
flat,single,0,off,0,296,-6.019838855625128,300.0,0.7340150475502014,0.4492509663105011,0,-6.019838855625128,-6.019838855625128,1,0,off,0,0,0.0,0.0,0.0,0.0,0.0,0.0,0.0,0.0,0.0,0.0,0.0,-6.019838855625128,-6.019838855625128
flat,single,0,off,0,297,-5.762163266021527,300.0,0.7908446192741394,0.7287353277206421,0,-5.762163266021527,-5.762163266021527,1,0,off,0,0,0.0,0.0,0.0,0.0,0.0,0.0,0.0,0.0,0.0,0.0,0.0,-5.762163266021527,-5.762163266021527
flat,single,0,off,0,298,-5.438247809989839,300.0,0.8162886500358582,0.7200750708580017,0,-5.438247809989839,-5.438247809989839,1,0,off,0,0,0.0,0.0,0.0,0.0,0.0,0.0,0.0,0.0,0.0,0.0,0.0,-5.438247809989839,-5.438247809989839
flat,single,0,off,0,299,-4.767084453363198,293.0,0.7824614644050598,0.7576594352722168,1,-4.767084453363198,-4.767084453363198,1,0,off,0,0,0.0,0.0,0.0,0.0,0.0,0.0,0.0,0.0,0.0,0.0,0.0,-4.767084453363198,-4.767084453363198
flat,single,0,off,0,300,-3.6614878083800235,254.0,0.7908592820167542,0.7419397234916687,1,-3.6614878083800235,-3.6614878083800235,1,0,off,0,0,0.0,0.0,0.0,0.0,0.0,0.0,0.0,0.0,0.0,0.0,0.0,-3.6614878083800235,-3.6614878083800235
flat,single,0,off,0,301,-4.641778142203115,285.0,0.7825344204902649,0.7368783354759216,1,-4.641778142203115,-4.641778142203115,1,0,off,0,0,0.0,0.0,0.0,0.0,0.0,0.0,0.0,0.0,0.0,0.0,0.0,-4.641778142203115,-4.641778142203115
flat,single,0,off,0,302,-5.949340487050362,300.0,0.7512555718421936,0.5596904754638672,0,-5.949340487050362,-5.949340487050362,1,0,off,0,0,0.0,0.0,0.0,0.0,0.0,0.0,0.0,0.0,0.0,0.0,0.0,-5.949340487050362,-5.949340487050362
flat,single,0,off,0,303,-6.225881070428302,300.0,0.773158609867096,0.729203462600708,0,-6.225881070428302,-6.225881070428302,1,0,off,0,0,0.0,0.0,0.0,0.0,0.0,0.0,0.0,0.0,0.0,0.0,0.0,-6.225881070428302,-6.225881070428302
flat,single,0,off,0,304,-5.941500636481225,300.0,0.7474740147590637,0.4771668016910553,0,-5.941500636481225,-5.941500636481225,1,0,off,0,0,0.0,0.0,0.0,0.0,0.0,0.0,0.0,0.0,0.0,0.0,0.0,-5.941500636481225,-5.941500636481225
flat,single,0,off,0,305,-5.024918107832777,299.0,0.7963175773620605,0.7576594352722168,1,-5.024918107832777,-5.024918107832777,1,0,off,0,0,0.0,0.0,0.0,0.0,0.0,0.0,0.0,0.0,0.0,0.0,0.0,-5.024918107832777,-5.024918107832777
flat,single,0,off,0,306,-3.190650454284604,239.0,0.8094881176948547,0.7735932469367981,1,-3.190650454284604,-3.190650454284604,1,0,off,0,0,0.0,0.0,0.0,0.0,0.0,0.0,0.0,0.0,0.0,0.0,0.0,-3.190650454284604,-3.190650454284604
flat,single,0,off,0,307,-5.3915468872466645,300.0,0.7972384691238403,0.7556408047676086,0,-5.3915468872466645,-5.3915468872466645,1,0,off,0,0,0.0,0.0,0.0,0.0,0.0,0.0,0.0,0.0,0.0,0.0,0.0,-5.3915468872466645,-5.3915468872466645
flat,single,0,off,0,308,-4.785554951484074,292.0,0.7892010807991028,0.7125921249389648,1,-4.785554951484074,-4.785554951484074,1,0,off,0,0,0.0,0.0,0.0,0.0,0.0,0.0,0.0,0.0,0.0,0.0,0.0,-4.785554951484074,-4.785554951484074
flat,single,0,off,0,309,-4.628141506762471,286.0,0.7963177561759949,0.7395919561386108,1,-4.628141506762471,-4.628141506762471,1,0,off,0,0,0.0,0.0,0.0,0.0,0.0,0.0,0.0,0.0,0.0,0.0,0.0,-4.628141506762471,-4.628141506762471
flat,single,0,off,0,310,-4.165587799473421,271.0,0.796347975730896,0.7576594352722168,1,-4.165587799473421,-4.165587799473421,1,0,off,0,0,0.0,0.0,0.0,0.0,0.0,0.0,0.0,0.0,0.0,0.0,0.0,-4.165587799473421,-4.165587799473421
flat,single,0,off,0,311,-6.0297412750194885,300.0,0.7408021688461304,0.41908615827560425,0,-6.0297412750194885,-6.0297412750194885,1,0,off,0,0,0.0,0.0,0.0,0.0,0.0,0.0,0.0,0.0,0.0,0.0,0.0,-6.0297412750194885,-6.0297412750194885
flat,single,0,off,0,312,-4.3269963171309636,278.0,0.8210251927375793,0.7677785158157349,1,-4.3269963171309636,-4.3269963171309636,1,0,off,0,0,0.0,0.0,0.0,0.0,0.0,0.0,0.0,0.0,0.0,0.0,0.0,-4.3269963171309636,-4.3269963171309636
flat,single,0,off,0,313,-5.48960341967758,300.0,0.7976989150047302,0.6710675358772278,0,-5.48960341967758,-5.48960341967758,1,0,off,0,0,0.0,0.0,0.0,0.0,0.0,0.0,0.0,0.0,0.0,0.0,0.0,-5.48960341967758,-5.48960341967758
flat,single,0,off,0,314,-5.4789053798594995,300.0,0.7716190218925476,0.6229866743087769,0,-5.4789053798594995,-5.4789053798594995,1,0,off,0,0,0.0,0.0,0.0,0.0,0.0,0.0,0.0,0.0,0.0,0.0,0.0,-5.4789053798594995,-5.4789053798594995
flat,single,0,off,0,315,-5.372689791710577,300.0,0.8449580073356628,0.7817918658256531,0,-5.372689791710577,-5.372689791710577,1,0,off,0,0,0.0,0.0,0.0,0.0,0.0,0.0,0.0,0.0,0.0,0.0,0.0,-5.372689791710577,-5.372689791710577
flat,single,0,off,0,316,-6.261091846454661,300.0,0.7160815000534058,0.25371167063713074,0,-6.261091846454661,-6.261091846454661,1,0,off,0,0,0.0,0.0,0.0,0.0,0.0,0.0,0.0,0.0,0.0,0.0,0.0,-6.261091846454661,-6.261091846454661
flat,single,0,off,0,317,-5.923326565109907,300.0,0.7601240277290344,0.566405713558197,0,-5.923326565109907,-5.923326565109907,1,0,off,0,0,0.0,0.0,0.0,0.0,0.0,0.0,0.0,0.0,0.0,0.0,0.0,-5.923326565109907,-5.923326565109907
flat,single,0,off,0,318,-5.519291767536204,300.0,0.7814591526985168,0.6765862703323364,0,-5.519291767536204,-5.519291767536204,1,0,off,0,0,0.0,0.0,0.0,0.0,0.0,0.0,0.0,0.0,0.0,0.0,0.0,-5.519291767536204,-5.519291767536204
flat,single,0,off,0,319,-3.89264216536888,263.0,0.7911671996116638,0.7245265245437622,1,-3.89264216536888,-3.89264216536888,1,0,off,0,0,0.0,0.0,0.0,0.0,0.0,0.0,0.0,0.0,0.0,0.0,0.0,-3.89264216536888,-3.89264216536888
flat,single,0,off,0,320,-4.345571885348747,278.0,0.8229509592056274,0.7774750590324402,1,-4.345571885348747,-4.345571885348747,1,0,off,0,0,0.0,0.0,0.0,0.0,0.0,0.0,0.0,0.0,0.0,0.0,0.0,-4.345571885348747,-4.345571885348747
flat,single,0,off,0,321,-5.8665995103307065,300.0,0.7732290625572205,0.6714692711830139,0,-5.8665995103307065,-5.8665995103307065,1,0,off,0,0,0.0,0.0,0.0,0.0,0.0,0.0,0.0,0.0,0.0,0.0,0.0,-5.8665995103307065,-5.8665995103307065
flat,single,0,off,0,322,-3.1827063333743473,238.0,0.7809667587280273,0.7218727469444275,1,-3.1827063333743473,-3.1827063333743473,1,0,off,0,0,0.0,0.0,0.0,0.0,0.0,0.0,0.0,0.0,0.0,0.0,0.0,-3.1827063333743473,-3.1827063333743473
flat,single,0,off,0,323,-4.6556864331243375,290.0,0.8120313882827759,0.774215817451477,1,-4.6556864331243375,-4.6556864331243375,1,0,off,0,0,0.0,0.0,0.0,0.0,0.0,0.0,0.0,0.0,0.0,0.0,0.0,-4.6556864331243375,-4.6556864331243375
flat,single,0,off,0,324,-5.38751901024371,300.0,0.8087096214294434,0.769220232963562,0,-5.38751901024371,-5.38751901024371,1,0,off,0,0,0.0,0.0,0.0,0.0,0.0,0.0,0.0,0.0,0.0,0.0,0.0,-5.38751901024371,-5.38751901024371
flat,single,0,off,0,325,-4.680550432105084,289.0,0.8070812225341797,0.7579846382141113,1,-4.680550432105084,-4.680550432105084,1,0,off,0,0,0.0,0.0,0.0,0.0,0.0,0.0,0.0,0.0,0.0,0.0,0.0,-4.680550432105084,-4.680550432105084
flat,single,0,off,0,326,-5.397294080106079,300.0,0.8066086173057556,0.7801417112350464,0,-5.397294080106079,-5.397294080106079,1,0,off,0,0,0.0,0.0,0.0,0.0,0.0,0.0,0.0,0.0,0.0,0.0,0.0,-5.397294080106079,-5.397294080106079
flat,single,0,off,0,327,-5.390814303682417,300.0,0.8235068917274475,0.7735512256622314,0,-5.390814303682417,-5.390814303682417,1,0,off,0,0,0.0,0.0,0.0,0.0,0.0,0.0,0.0,0.0,0.0,0.0,0.0,-5.390814303682417,-5.390814303682417
flat,single,0,off,0,328,-5.481370668654567,300.0,0.8000813722610474,0.6442543864250183,0,-5.481370668654567,-5.481370668654567,1,0,off,0,0,0.0,0.0,0.0,0.0,0.0,0.0,0.0,0.0,0.0,0.0,0.0,-5.481370668654567,-5.481370668654567
flat,single,0,off,0,329,-3.8780824261449665,262.0,0.7975364327430725,0.7401043176651001,1,-3.8780824261449665,-3.8780824261449665,1,0,off,0,0,0.0,0.0,0.0,0.0,0.0,0.0,0.0,0.0,0.0,0.0,0.0,-3.8780824261449665,-3.8780824261449665
flat,single,0,off,0,330,-3.9219314919877597,263.0,0.7871699333190918,0.7477290034294128,1,-3.9219314919877597,-3.9219314919877597,1,0,off,0,0,0.0,0.0,0.0,0.0,0.0,0.0,0.0,0.0,0.0,0.0,0.0,-3.9219314919877597,-3.9219314919877597
flat,single,0,off,0,331,-5.816172400611689,300.0,0.769189715385437,0.7248548269271851,0,-5.816172400611689,-5.816172400611689,1,0,off,0,0,0.0,0.0,0.0,0.0,0.0,0.0,0.0,0.0,0.0,0.0,0.0,-5.816172400611689,-5.816172400611689
flat,single,0,off,0,332,-5.414593061897905,300.0,0.813788115978241,0.7532244920730591,0,-5.414593061897905,-5.414593061897905,1,0,off,0,0,0.0,0.0,0.0,0.0,0.0,0.0,0.0,0.0,0.0,0.0,0.0,-5.414593061897905,-5.414593061897905
flat,single,0,off,0,333,-5.449943635950334,300.0,0.8311840891838074,0.7564290165901184,0,-5.449943635950334,-5.449943635950334,1,0,off,0,0,0.0,0.0,0.0,0.0,0.0,0.0,0.0,0.0,0.0,0.0,0.0,-5.449943635950334,-5.449943635950334
flat,single,0,off,0,334,-5.455304172995977,300.0,0.7944803237915039,0.6869826316833496,0,-5.455304172995977,-5.455304172995977,1,0,off,0,0,0.0,0.0,0.0,0.0,0.0,0.0,0.0,0.0,0.0,0.0,0.0,-5.455304172995977,-5.455304172995977
flat,single,0,off,0,335,-3.684734611354047,256.0,0.8121339678764343,0.7677785158157349,1,-3.684734611354047,-3.684734611354047,1,0,off,0,0,0.0,0.0,0.0,0.0,0.0,0.0,0.0,0.0,0.0,0.0,0.0,-3.684734611354047,-3.684734611354047
flat,single,0,off,0,336,-5.353717521781803,300.0,0.8081008791923523,0.7486332654953003,0,-5.353717521781803,-5.353717521781803,1,0,off,0,0,0.0,0.0,0.0,0.0,0.0,0.0,0.0,0.0,0.0,0.0,0.0,-5.353717521781803,-5.353717521781803
flat,single,0,off,0,337,-4.90634976945352,298.0,0.816926896572113,0.7855026721954346,1,-4.90634976945352,-4.90634976945352,1,0,off,0,0,0.0,0.0,0.0,0.0,0.0,0.0,0.0,0.0,0.0,0.0,0.0,-4.90634976945352,-4.90634976945352
flat,single,0,off,0,338,-5.510336157464181,300.0,0.8237946629524231,0.6238581538200378,0,-5.510336157464181,-5.510336157464181,1,0,off,0,0,0.0,0.0,0.0,0.0,0.0,0.0,0.0,0.0,0.0,0.0,0.0,-5.510336157464181,-5.510336157464181
flat,single,0,off,0,339,-4.4486668598558685,281.0,0.7917323708534241,0.7656981945037842,1,-4.4486668598558685,-4.4486668598558685,1,0,off,0,0,0.0,0.0,0.0,0.0,0.0,0.0,0.0,0.0,0.0,0.0,0.0,-4.4486668598558685,-4.4486668598558685
flat,single,0,off,0,340,-4.869117354439787,296.0,0.8200327157974243,0.7867667078971863,1,-4.869117354439787,-4.869117354439787,1,0,off,0,0,0.0,0.0,0.0,0.0,0.0,0.0,0.0,0.0,0.0,0.0,0.0,-4.869117354439787,-4.869117354439787
flat,single,0,off,0,341,-5.8820941014040855,300.0,0.743196964263916,0.5984343886375427,0,-5.8820941014040855,-5.8820941014040855,1,0,off,0,0,0.0,0.0,0.0,0.0,0.0,0.0,0.0,0.0,0.0,0.0,0.0,-5.8820941014040855,-5.8820941014040855
flat,single,0,off,0,342,-3.941141458241008,266.0,0.8141941428184509,0.7575312256813049,1,-3.941141458241008,-3.941141458241008,1,0,off,0,0,0.0,0.0,0.0,0.0,0.0,0.0,0.0,0.0,0.0,0.0,0.0,-3.941141458241008,-3.941141458241008
flat,single,0,off,0,343,-3.8855880858632705,262.0,0.7821861505508423,0.7232506275177002,1,-3.8855880858632705,-3.8855880858632705,1,0,off,0,0,0.0,0.0,0.0,0.0,0.0,0.0,0.0,0.0,0.0,0.0,0.0,-3.8855880858632705,-3.8855880858632705
flat,single,0,off,0,344,-3.94220942297017,268.0,0.8007127642631531,0.7417055368423462,1,-3.94220942297017,-3.94220942297017,1,0,off,0,0,0.0,0.0,0.0,0.0,0.0,0.0,0.0,0.0,0.0,0.0,0.0,-3.94220942297017,-3.94220942297017
flat,single,0,off,0,345,-4.962331108833914,298.0,0.7833394408226013,0.7368783354759216,1,-4.962331108833914,-4.962331108833914,1,0,off,0,0,0.0,0.0,0.0,0.0,0.0,0.0,0.0,0.0,0.0,0.0,0.0,-4.962331108833914,-4.962331108833914
flat,single,0,off,0,346,-6.3257182777451835,300.0,0.741815984249115,0.5962476134300232,0,-6.3257182777451835,-6.3257182777451835,1,0,off,0,0,0.0,0.0,0.0,0.0,0.0,0.0,0.0,0.0,0.0,0.0,0.0,-6.3257182777451835,-6.3257182777451835
flat,single,0,off,0,347,-5.402219494691223,300.0,0.8357700705528259,0.7266622185707092,0,-5.402219494691223,-5.402219494691223,1,0,off,0,0,0.0,0.0,0.0,0.0,0.0,0.0,0.0,0.0,0.0,0.0,0.0,-5.402219494691223,-5.402219494691223
flat,single,0,off,0,348,-6.008677540579819,300.0,0.7654393315315247,0.6444620490074158,0,-6.008677540579819,-6.008677540579819,1,0,off,0,0,0.0,0.0,0.0,0.0,0.0,0.0,0.0,0.0,0.0,0.0,0.0,-6.008677540579819,-6.008677540579819
flat,single,0,off,0,349,-4.9375549412309185,298.0,0.7902325391769409,0.7407508492469788,1,-4.9375549412309185,-4.9375549412309185,1,0,off,0,0,0.0,0.0,0.0,0.0,0.0,0.0,0.0,0.0,0.0,0.0,0.0,-4.9375549412309185,-4.9375549412309185
flat,single,0,off,0,350,-3.74346512147923,259.0,0.7833490967750549,0.7245265245437622,1,-3.74346512147923,-3.74346512147923,1,0,off,0,0,0.0,0.0,0.0,0.0,0.0,0.0,0.0,0.0,0.0,0.0,0.0,-3.74346512147923,-3.74346512147923
flat,single,0,off,0,351,-5.445190442400056,300.0,0.7959263920783997,0.6682365536689758,0,-5.445190442400056,-5.445190442400056,1,0,off,0,0,0.0,0.0,0.0,0.0,0.0,0.0,0.0,0.0,0.0,0.0,0.0,-5.445190442400056,-5.445190442400056
flat,single,0,off,0,352,-4.050880626983693,269.0,0.8146358132362366,0.7877557873725891,1,-4.050880626983693,-4.050880626983693,1,0,off,0,0,0.0,0.0,0.0,0.0,0.0,0.0,0.0,0.0,0.0,0.0,0.0,-4.050880626983693,-4.050880626983693
flat,single,0,off,0,353,-3.5023690612124945,251.0,0.8002166748046875,0.7576594352722168,1,-3.5023690612124945,-3.5023690612124945,1,0,off,0,0,0.0,0.0,0.0,0.0,0.0,0.0,0.0,0.0,0.0,0.0,0.0,-3.5023690612124945,-3.5023690612124945
flat,single,0,off,0,354,-5.406050925113947,300.0,0.8177433013916016,0.6453000903129578,0,-5.406050925113947,-5.406050925113947,1,0,off,0,0,0.0,0.0,0.0,0.0,0.0,0.0,0.0,0.0,0.0,0.0,0.0,-5.406050925113947,-5.406050925113947
flat,single,0,off,0,355,-5.793443484092139,300.0,0.793891429901123,0.7429620027542114,0,-5.793443484092139,-5.793443484092139,1,0,off,0,0,0.0,0.0,0.0,0.0,0.0,0.0,0.0,0.0,0.0,0.0,0.0,-5.793443484092139,-5.793443484092139
flat,single,0,off,0,356,-4.399028642472107,282.0,0.7879856824874878,0.7177878618240356,1,-4.399028642472107,-4.399028642472107,1,0,off,0,0,0.0,0.0,0.0,0.0,0.0,0.0,0.0,0.0,0.0,0.0,0.0,-4.399028642472107,-4.399028642472107
flat,single,0,off,0,357,-5.329568060114988,300.0,0.8219165802001953,0.7951227426528931,0,-5.329568060114988,-5.329568060114988,1,0,off,0,0,0.0,0.0,0.0,0.0,0.0,0.0,0.0,0.0,0.0,0.0,0.0,-5.329568060114988,-5.329568060114988
flat,single,0,off,0,358,-5.432128547126208,300.0,0.7935298681259155,0.7771399617195129,0,-5.432128547126208,-5.432128547126208,1,0,off,0,0,0.0,0.0,0.0,0.0,0.0,0.0,0.0,0.0,0.0,0.0,0.0,-5.432128547126208,-5.432128547126208
flat,single,0,off,0,359,-5.433152791130127,300.0,0.7865705490112305,0.7325932383537292,0,-5.433152791130127,-5.433152791130127,1,0,off,0,0,0.0,0.0,0.0,0.0,0.0,0.0,0.0,0.0,0.0,0.0,0.0,-5.433152791130127,-5.433152791130127
flat,single,0,off,0,360,-5.8984761216794235,300.0,0.7460880875587463,0.628009021282196,0,-5.8984761216794235,-5.8984761216794235,1,0,off,0,0,0.0,0.0,0.0,0.0,0.0,0.0,0.0,0.0,0.0,0.0,0.0,-5.8984761216794235,-5.8984761216794235
flat,single,0,off,0,361,-5.418832041614217,300.0,0.8149562478065491,0.6816884279251099,0,-5.418832041614217,-5.418832041614217,1,0,off,0,0,0.0,0.0,0.0,0.0,0.0,0.0,0.0,0.0,0.0,0.0,0.0,-5.418832041614217,-5.418832041614217
flat,single,0,off,0,362,-4.174372715693872,274.0,0.8204771280288696,0.7867667078971863,1,-4.174372715693872,-4.174372715693872,1,0,off,0,0,0.0,0.0,0.0,0.0,0.0,0.0,0.0,0.0,0.0,0.0,0.0,-4.174372715693872,-4.174372715693872
flat,single,0,off,0,363,-5.861045848112557,300.0,0.7847064733505249,0.7573936581611633,0,-5.861045848112557,-5.861045848112557,1,0,off,0,0,0.0,0.0,0.0,0.0,0.0,0.0,0.0,0.0,0.0,0.0,0.0,-5.861045848112557,-5.861045848112557
flat,single,0,off,0,364,-4.107474728970531,270.0,0.7860015034675598,0.7570778131484985,1,-4.107474728970531,-4.107474728970531,1,0,off,0,0,0.0,0.0,0.0,0.0,0.0,0.0,0.0,0.0,0.0,0.0,0.0,-4.107474728970531,-4.107474728970531
flat,single,0,off,0,365,-6.4387033928127515,300.0,0.7375310659408569,0.39416182041168213,0,-6.4387033928127515,-6.4387033928127515,1,0,off,0,0,0.0,0.0,0.0,0.0,0.0,0.0,0.0,0.0,0.0,0.0,0.0,-6.4387033928127515,-6.4387033928127515
flat,single,0,off,0,366,-3.8659062906342836,260.0,0.8048218488693237,0.7731971144676208,1,-3.8659062906342836,-3.8659062906342836,1,0,off,0,0,0.0,0.0,0.0,0.0,0.0,0.0,0.0,0.0,0.0,0.0,0.0,-3.8659062906342836,-3.8659062906342836
flat,single,0,off,0,367,-5.859003862505783,300.0,0.7974330186843872,0.7125773429870605,0,-5.859003862505783,-5.859003862505783,1,0,off,0,0,0.0,0.0,0.0,0.0,0.0,0.0,0.0,0.0,0.0,0.0,0.0,-5.859003862505783,-5.859003862505783
flat,single,0,off,0,368,-5.405423237098138,300.0,0.816247284412384,0.7401313781738281,0,-5.405423237098138,-5.405423237098138,1,0,off,0,0,0.0,0.0,0.0,0.0,0.0,0.0,0.0,0.0,0.0,0.0,0.0,-5.405423237098138,-5.405423237098138
flat,single,0,off,0,369,-4.439327573613276,280.0,0.8067013025283813,0.7677785158157349,1,-4.439327573613276,-4.439327573613276,1,0,off,0,0,0.0,0.0,0.0,0.0,0.0,0.0,0.0,0.0,0.0,0.0,0.0,-4.439327573613276,-4.439327573613276
flat,single,0,off,0,370,-5.346204833372028,300.0,0.8024254441261292,0.74046790599823,0,-5.346204833372028,-5.346204833372028,1,0,off,0,0,0.0,0.0,0.0,0.0,0.0,0.0,0.0,0.0,0.0,0.0,0.0,-5.346204833372028,-5.346204833372028
flat,single,0,off,0,371,-3.790013198791991,259.0,0.8050091862678528,0.770906925201416,1,-3.790013198791991,-3.790013198791991,1,0,off,0,0,0.0,0.0,0.0,0.0,0.0,0.0,0.0,0.0,0.0,0.0,0.0,-3.790013198791991,-3.790013198791991
flat,single,0,off,0,372,-5.463796540210018,300.0,0.8058086633682251,0.5536937713623047,0,-5.463796540210018,-5.463796540210018,1,0,off,0,0,0.0,0.0,0.0,0.0,0.0,0.0,0.0,0.0,0.0,0.0,0.0,-5.463796540210018,-5.463796540210018
flat,single,0,off,0,373,-6.245002252195271,300.0,0.7656251788139343,0.6633217930793762,0,-6.245002252195271,-6.245002252195271,1,0,off,0,0,0.0,0.0,0.0,0.0,0.0,0.0,0.0,0.0,0.0,0.0,0.0,-6.245002252195271,-6.245002252195271
flat,single,0,off,0,374,-4.5677385097905026,286.0,0.8336606025695801,0.7837969660758972,1,-4.5677385097905026,-4.5677385097905026,1,0,off,0,0,0.0,0.0,0.0,0.0,0.0,0.0,0.0,0.0,0.0,0.0,0.0,-4.5677385097905026,-4.5677385097905026
flat,single,0,off,0,375,-4.565674077818388,285.0,0.8216748833656311,0.77620530128479,1,-4.565674077818388,-4.565674077818388,1,0,off,0,0,0.0,0.0,0.0,0.0,0.0,0.0,0.0,0.0,0.0,0.0,0.0,-4.565674077818388,-4.565674077818388
flat,single,0,off,0,376,-4.674704144361883,292.0,0.8358579277992249,0.8028887510299683,1,-4.674704144361883,-4.674704144361883,1,0,off,0,0,0.0,0.0,0.0,0.0,0.0,0.0,0.0,0.0,0.0,0.0,0.0,-4.674704144361883,-4.674704144361883
flat,single,0,off,0,377,-3.7082226183172056,257.0,0.793456494808197,0.7576398253440857,1,-3.7082226183172056,-3.7082226183172056,1,0,off,0,0,0.0,0.0,0.0,0.0,0.0,0.0,0.0,0.0,0.0,0.0,0.0,-3.7082226183172056,-3.7082226183172056
flat,single,0,off,0,378,-5.421411944465944,300.0,0.8153200745582581,0.7470993995666504,0,-5.421411944465944,-5.421411944465944,1,0,off,0,0,0.0,0.0,0.0,0.0,0.0,0.0,0.0,0.0,0.0,0.0,0.0,-5.421411944465944,-5.421411944465944
flat,single,0,off,0,379,-3.9989922363159467,267.0,0.8039529919624329,0.7731971144676208,1,-3.9989922363159467,-3.9989922363159467,1,0,off,0,0,0.0,0.0,0.0,0.0,0.0,0.0,0.0,0.0,0.0,0.0,0.0,-3.9989922363159467,-3.9989922363159467
flat,single,0,off,0,380,-4.258969199941493,274.0,0.7813845276832581,0.7311491966247559,1,-4.258969199941493,-4.258969199941493,1,0,off,0,0,0.0,0.0,0.0,0.0,0.0,0.0,0.0,0.0,0.0,0.0,0.0,-4.258969199941493,-4.258969199941493
flat,single,0,off,0,381,-5.856445363356037,300.0,0.7876647710800171,0.7246232032775879,0,-5.856445363356037,-5.856445363356037,1,0,off,0,0,0.0,0.0,0.0,0.0,0.0,0.0,0.0,0.0,0.0,0.0,0.0,-5.856445363356037,-5.856445363356037
flat,single,0,off,0,382,-4.0904251255025015,269.0,0.7994481325149536,0.7689886689186096,1,-4.0904251255025015,-4.0904251255025015,1,0,off,0,0,0.0,0.0,0.0,0.0,0.0,0.0,0.0,0.0,0.0,0.0,0.0,-4.0904251255025015,-4.0904251255025015
flat,single,0,off,0,383,-3.5733873131347256,251.0,0.7834612131118774,0.7236121296882629,1,-3.5733873131347256,-3.5733873131347256,1,0,off,0,0,0.0,0.0,0.0,0.0,0.0,0.0,0.0,0.0,0.0,0.0,0.0,-3.5733873131347256,-3.5733873131347256
flat,single,0,off,0,384,-4.385627834056493,280.0,0.8327916264533997,0.757903516292572,1,-4.385627834056493,-4.385627834056493,1,0,off,0,0,0.0,0.0,0.0,0.0,0.0,0.0,0.0,0.0,0.0,0.0,0.0,-4.385627834056493,-4.385627834056493
flat,single,0,off,0,385,-5.579610481235446,300.0,0.7768712043762207,0.7504186630249023,0,-5.579610481235446,-5.579610481235446,1,0,off,0,0,0.0,0.0,0.0,0.0,0.0,0.0,0.0,0.0,0.0,0.0,0.0,-5.579610481235446,-5.579610481235446
flat,single,0,off,0,386,-4.239227101163684,273.0,0.8063387274742126,0.7507397532463074,1,-4.239227101163684,-4.239227101163684,1,0,off,0,0,0.0,0.0,0.0,0.0,0.0,0.0,0.0,0.0,0.0,0.0,0.0,-4.239227101163684,-4.239227101163684
flat,single,0,off,0,387,-4.344039430360998,277.0,0.7955870628356934,0.7476553320884705,1,-4.344039430360998,-4.344039430360998,1,0,off,0,0,0.0,0.0,0.0,0.0,0.0,0.0,0.0,0.0,0.0,0.0,0.0,-4.344039430360998,-4.344039430360998
flat,single,0,off,0,388,-4.925733884851198,297.0,0.834145188331604,0.7732088565826416,1,-4.925733884851198,-4.925733884851198,1,0,off,0,0,0.0,0.0,0.0,0.0,0.0,0.0,0.0,0.0,0.0,0.0,0.0,-4.925733884851198,-4.925733884851198
flat,single,0,off,0,389,-5.4932895398058585,300.0,0.7662678956985474,0.6283808350563049,0,-5.4932895398058585,-5.4932895398058585,1,0,off,0,0,0.0,0.0,0.0,0.0,0.0,0.0,0.0,0.0,0.0,0.0,0.0,-5.4932895398058585,-5.4932895398058585
flat,single,0,off,0,390,-5.373088376858506,300.0,0.7967457175254822,0.7254301309585571,0,-5.373088376858506,-5.373088376858506,1,0,off,0,0,0.0,0.0,0.0,0.0,0.0,0.0,0.0,0.0,0.0,0.0,0.0,-5.373088376858506,-5.373088376858506
flat,single,0,off,0,391,-4.8530514241312535,295.0,0.8260942101478577,0.7932330369949341,1,-4.8530514241312535,-4.8530514241312535,1,0,off,0,0,0.0,0.0,0.0,0.0,0.0,0.0,0.0,0.0,0.0,0.0,0.0,-4.8530514241312535,-4.8530514241312535
flat,single,0,off,0,392,-5.484343855892088,300.0,0.7668624520301819,0.6380037069320679,0,-5.484343855892088,-5.484343855892088,1,0,off,0,0,0.0,0.0,0.0,0.0,0.0,0.0,0.0,0.0,0.0,0.0,0.0,-5.484343855892088,-5.484343855892088
flat,single,0,off,0,393,-5.397048182849543,300.0,0.834538996219635,0.7751538753509521,0,-5.397048182849543,-5.397048182849543,1,0,off,0,0,0.0,0.0,0.0,0.0,0.0,0.0,0.0,0.0,0.0,0.0,0.0,-5.397048182849543,-5.397048182849543
flat,single,0,off,0,394,-5.524367358349268,300.0,0.7792319059371948,0.5811288952827454,0,-5.524367358349268,-5.524367358349268,1,0,off,0,0,0.0,0.0,0.0,0.0,0.0,0.0,0.0,0.0,0.0,0.0,0.0,-5.524367358349268,-5.524367358349268
flat,single,0,off,0,395,-4.30244960637413,278.0,0.8099847435951233,0.7631852626800537,1,-4.30244960637413,-4.30244960637413,1,0,off,0,0,0.0,0.0,0.0,0.0,0.0,0.0,0.0,0.0,0.0,0.0,0.0,-4.30244960637413,-4.30244960637413
flat,single,0,off,0,396,-5.423474817525146,300.0,0.7871733903884888,0.726387083530426,0,-5.423474817525146,-5.423474817525146,1,0,off,0,0,0.0,0.0,0.0,0.0,0.0,0.0,0.0,0.0,0.0,0.0,0.0,-5.423474817525146,-5.423474817525146
flat,single,0,off,0,397,-4.797348235853719,293.0,0.8146606087684631,0.7584949731826782,1,-4.797348235853719,-4.797348235853719,1,0,off,0,0,0.0,0.0,0.0,0.0,0.0,0.0,0.0,0.0,0.0,0.0,0.0,-4.797348235853719,-4.797348235853719
flat,single,0,off,0,398,-4.81514270666636,296.0,0.8396980166435242,0.8047192692756653,1,-4.81514270666636,-4.81514270666636,1,0,off,0,0,0.0,0.0,0.0,0.0,0.0,0.0,0.0,0.0,0.0,0.0,0.0,-4.81514270666636,-4.81514270666636
flat,single,0,off,0,399,-4.025562991710594,267.0,0.7878729701042175,0.7419397234916687,1,-4.025562991710594,-4.025562991710594,1,0,off,0,0,0.0,0.0,0.0,0.0,0.0,0.0,0.0,0.0,0.0,0.0,0.0,-4.025562991710594,-4.025562991710594
flat,single,0,off,0,400,-4.843342527095217,295.0,0.8196168541908264,0.7677785158157349,1,-4.843342527095217,-4.843342527095217,1,0,off,0,0,0.0,0.0,0.0,0.0,0.0,0.0,0.0,0.0,0.0,0.0,0.0,-4.843342527095217,-4.843342527095217
flat,single,0,off,0,401,-4.091520277655198,270.0,0.8222934007644653,0.7460305094718933,1,-4.091520277655198,-4.091520277655198,1,0,off,0,0,0.0,0.0,0.0,0.0,0.0,0.0,0.0,0.0,0.0,0.0,0.0,-4.091520277655198,-4.091520277655198
flat,single,0,off,0,402,-5.479317193984758,300.0,0.7848984599113464,0.6409913301467896,0,-5.479317193984758,-5.479317193984758,1,0,off,0,0,0.0,0.0,0.0,0.0,0.0,0.0,0.0,0.0,0.0,0.0,0.0,-5.479317193984758,-5.479317193984758
flat,single,0,off,0,403,-5.402157732303008,300.0,0.8168910145759583,0.7625719308853149,0,-5.402157732303008,-5.402157732303008,1,0,off,0,0,0.0,0.0,0.0,0.0,0.0,0.0,0.0,0.0,0.0,0.0,0.0,-5.402157732303008,-5.402157732303008
flat,single,0,off,0,404,-5.435018431412756,300.0,0.8070150017738342,0.7324545383453369,0,-5.435018431412756,-5.435018431412756,1,0,off,0,0,0.0,0.0,0.0,0.0,0.0,0.0,0.0,0.0,0.0,0.0,0.0,-5.435018431412756,-5.435018431412756
flat,single,0,off,0,405,-4.1114156830182615,270.0,0.8050381541252136,0.742821991443634,1,-4.1114156830182615,-4.1114156830182615,1,0,off,0,0,0.0,0.0,0.0,0.0,0.0,0.0,0.0,0.0,0.0,0.0,0.0,-4.1114156830182615,-4.1114156830182615
flat,single,0,off,0,406,-3.9347219025227087,263.0,0.8004498481750488,0.7433414459228516,1,-3.9347219025227087,-3.9347219025227087,1,0,off,0,0,0.0,0.0,0.0,0.0,0.0,0.0,0.0,0.0,0.0,0.0,0.0,-3.9347219025227087,-3.9347219025227087
flat,single,0,off,0,407,-4.32421710245776,277.0,0.8112932443618774,0.7631247639656067,1,-4.32421710245776,-4.32421710245776,1,0,off,0,0,0.0,0.0,0.0,0.0,0.0,0.0,0.0,0.0,0.0,0.0,0.0,-4.32421710245776,-4.32421710245776
flat,single,0,off,0,408,-3.655045206369815,252.0,0.7955876588821411,0.7179409861564636,1,-3.655045206369815,-3.655045206369815,1,0,off,0,0,0.0,0.0,0.0,0.0,0.0,0.0,0.0,0.0,0.0,0.0,0.0,-3.655045206369815,-3.655045206369815
flat,single,0,off,0,409,-4.53003423984511,284.0,0.8220086693763733,0.7522259950637817,1,-4.53003423984511,-4.53003423984511,1,0,off,0,0,0.0,0.0,0.0,0.0,0.0,0.0,0.0,0.0,0.0,0.0,0.0,-4.53003423984511,-4.53003423984511
flat,single,0,off,0,410,-4.298394551064102,275.0,0.8036850690841675,0.7470993995666504,1,-4.298394551064102,-4.298394551064102,1,0,off,0,0,0.0,0.0,0.0,0.0,0.0,0.0,0.0,0.0,0.0,0.0,0.0,-4.298394551064102,-4.298394551064102
flat,single,0,off,0,411,-5.4454006359621365,300.0,0.8150984644889832,0.7576594352722168,0,-5.4454006359621365,-5.4454006359621365,1,0,off,0,0,0.0,0.0,0.0,0.0,0.0,0.0,0.0,0.0,0.0,0.0,0.0,-5.4454006359621365,-5.4454006359621365
flat,single,0,off,0,412,-4.222444001132369,276.0,0.8188479542732239,0.7710180878639221,1,-4.222444001132369,-4.222444001132369,1,0,off,0,0,0.0,0.0,0.0,0.0,0.0,0.0,0.0,0.0,0.0,0.0,0.0,-4.222444001132369,-4.222444001132369
flat,single,0,off,0,413,-5.415988322958569,300.0,0.8281604051589966,0.7514032125473022,0,-5.415988322958569,-5.415988322958569,1,0,off,0,0,0.0,0.0,0.0,0.0,0.0,0.0,0.0,0.0,0.0,0.0,0.0,-5.415988322958569,-5.415988322958569
flat,single,0,off,0,414,-3.9215849073463946,263.0,0.7962395548820496,0.7410153746604919,1,-3.9215849073463946,-3.9215849073463946,1,0,off,0,0,0.0,0.0,0.0,0.0,0.0,0.0,0.0,0.0,0.0,0.0,0.0,-3.9215849073463946,-3.9215849073463946
flat,single,0,off,0,415,-5.41895179244458,300.0,0.8196230530738831,0.7677785158157349,0,-5.41895179244458,-5.41895179244458,1,0,off,0,0,0.0,0.0,0.0,0.0,0.0,0.0,0.0,0.0,0.0,0.0,0.0,-5.41895179244458,-5.41895179244458
flat,single,0,off,0,416,-4.585024560864547,289.0,0.8143741488456726,0.7850884795188904,1,-4.585024560864547,-4.585024560864547,1,0,off,0,0,0.0,0.0,0.0,0.0,0.0,0.0,0.0,0.0,0.0,0.0,0.0,-4.585024560864547,-4.585024560864547
flat,single,0,off,0,417,-4.792982803205956,292.0,0.7978391647338867,0.7574057579040527,1,-4.792982803205956,-4.792982803205956,1,0,off,0,0,0.0,0.0,0.0,0.0,0.0,0.0,0.0,0.0,0.0,0.0,0.0,-4.792982803205956,-4.792982803205956
flat,single,0,off,0,418,-4.094717107382582,271.0,0.8278897404670715,0.795133113861084,1,-4.094717107382582,-4.094717107382582,1,0,off,0,0,0.0,0.0,0.0,0.0,0.0,0.0,0.0,0.0,0.0,0.0,0.0,-4.094717107382582,-4.094717107382582
flat,single,0,off,0,419,-5.42485391623922,300.0,0.7948404550552368,0.7055454254150391,0,-5.42485391623922,-5.42485391623922,1,0,off,0,0,0.0,0.0,0.0,0.0,0.0,0.0,0.0,0.0,0.0,0.0,0.0,-5.42485391623922,-5.42485391623922
flat,single,0,off,0,420,-3.5422730406536562,252.0,0.8008743524551392,0.7440680265426636,1,-3.5422730406536562,-3.5422730406536562,1,0,off,0,0,0.0,0.0,0.0,0.0,0.0,0.0,0.0,0.0,0.0,0.0,0.0,-3.5422730406536562,-3.5422730406536562
flat,single,0,off,0,421,-4.707618777030138,291.0,0.8292441964149475,0.7615612745285034,1,-4.707618777030138,-4.707618777030138,1,0,off,0,0,0.0,0.0,0.0,0.0,0.0,0.0,0.0,0.0,0.0,0.0,0.0,-4.707618777030138,-4.707618777030138
flat,single,0,off,0,422,-5.933217743958811,300.0,0.7462275624275208,0.4936910569667816,0,-5.933217743958811,-5.933217743958811,1,0,off,0,0,0.0,0.0,0.0,0.0,0.0,0.0,0.0,0.0,0.0,0.0,0.0,-5.933217743958811,-5.933217743958811
flat,single,0,off,0,423,-3.419379382616581,246.0,0.7872646450996399,0.74996417760849,1,-3.419379382616581,-3.419379382616581,1,0,off,0,0,0.0,0.0,0.0,0.0,0.0,0.0,0.0,0.0,0.0,0.0,0.0,-3.419379382616581,-3.419379382616581
flat,single,0,off,0,424,-4.475149745228687,282.0,0.8052216172218323,0.7774750590324402,1,-4.475149745228687,-4.475149745228687,1,0,off,0,0,0.0,0.0,0.0,0.0,0.0,0.0,0.0,0.0,0.0,0.0,0.0,-4.475149745228687,-4.475149745228687
flat,single,0,off,0,425,-4.619056061359572,286.0,0.7884796857833862,0.74996417760849,1,-4.619056061359572,-4.619056061359572,1,0,off,0,0,0.0,0.0,0.0,0.0,0.0,0.0,0.0,0.0,0.0,0.0,0.0,-4.619056061359572,-4.619056061359572
flat,single,0,off,0,426,-4.959128665078892,299.0,0.8188735246658325,0.7533053159713745,1,-4.959128665078892,-4.959128665078892,1,0,off,0,0,0.0,0.0,0.0,0.0,0.0,0.0,0.0,0.0,0.0,0.0,0.0,-4.959128665078892,-4.959128665078892
flat,single,0,off,0,427,-5.39356071754009,300.0,0.8311506509780884,0.7658500671386719,0,-5.39356071754009,-5.39356071754009,1,0,off,0,0,0.0,0.0,0.0,0.0,0.0,0.0,0.0,0.0,0.0,0.0,0.0,-5.39356071754009,-5.39356071754009
flat,single,0,off,0,428,-3.9862004053452766,267.0,0.7960084080696106,0.7416922450065613,1,-3.9862004053452766,-3.9862004053452766,1,0,off,0,0,0.0,0.0,0.0,0.0,0.0,0.0,0.0,0.0,0.0,0.0,0.0,-3.9862004053452766,-3.9862004053452766
flat,single,0,off,0,429,-5.472445017792061,300.0,0.773379385471344,0.687698483467102,0,-5.472445017792061,-5.472445017792061,1,0,off,0,0,0.0,0.0,0.0,0.0,0.0,0.0,0.0,0.0,0.0,0.0,0.0,-5.472445017792061,-5.472445017792061
flat,single,0,off,0,430,-4.183237635684196,272.0,0.8174468874931335,0.7523037791252136,1,-4.183237635684196,-4.183237635684196,1,0,off,0,0,0.0,0.0,0.0,0.0,0.0,0.0,0.0,0.0,0.0,0.0,0.0,-4.183237635684196,-4.183237635684196
flat,single,0,off,0,431,-5.416346680215776,300.0,0.8292269706726074,0.7461739778518677,0,-5.416346680215776,-5.416346680215776,1,0,off,0,0,0.0,0.0,0.0,0.0,0.0,0.0,0.0,0.0,0.0,0.0,0.0,-5.416346680215776,-5.416346680215776
flat,single,0,off,0,432,-3.3232499796594275,244.0,0.8016411662101746,0.7470993995666504,1,-3.3232499796594275,-3.3232499796594275,1,0,off,0,0,0.0,0.0,0.0,0.0,0.0,0.0,0.0,0.0,0.0,0.0,0.0,-3.3232499796594275,-3.3232499796594275
flat,single,0,off,0,433,-6.30741656479076,300.0,0.6321069002151489,0.21954689919948578,0,-6.30741656479076,-6.30741656479076,1,0,off,0,0,0.0,0.0,0.0,0.0,0.0,0.0,0.0,0.0,0.0,0.0,0.0,-6.30741656479076,-6.30741656479076
flat,single,0,off,0,434,-3.9658460855844817,266.0,0.8126482963562012,0.7470993995666504,1,-3.9658460855844817,-3.9658460855844817,1,0,off,0,0,0.0,0.0,0.0,0.0,0.0,0.0,0.0,0.0,0.0,0.0,0.0,-3.9658460855844817,-3.9658460855844817
flat,single,0,off,0,435,-4.520746570287719,283.0,0.801325261592865,0.7667514681816101,1,-4.520746570287719,-4.520746570287719,1,0,off,0,0,0.0,0.0,0.0,0.0,0.0,0.0,0.0,0.0,0.0,0.0,0.0,-4.520746570287719,-4.520746570287719
flat,single,0,off,0,436,-4.01676706824334,266.0,0.8011423349380493,0.7303746342658997,1,-4.01676706824334,-4.01676706824334,1,0,off,0,0,0.0,0.0,0.0,0.0,0.0,0.0,0.0,0.0,0.0,0.0,0.0,-4.01676706824334,-4.01676706824334
flat,single,0,off,0,437,-4.731837676588898,291.0,0.8154009580612183,0.7691637277603149,1,-4.731837676588898,-4.731837676588898,1,0,off,0,0,0.0,0.0,0.0,0.0,0.0,0.0,0.0,0.0,0.0,0.0,0.0,-4.731837676588898,-4.731837676588898
flat,single,0,off,0,438,-3.4342351440642727,246.0,0.7841871976852417,0.7442588210105896,1,-3.4342351440642727,-3.4342351440642727,1,0,off,0,0,0.0,0.0,0.0,0.0,0.0,0.0,0.0,0.0,0.0,0.0,0.0,-3.4342351440642727,-3.4342351440642727
flat,single,0,off,0,439,-4.324049001093963,275.0,0.7961191534996033,0.7232506275177002,1,-4.324049001093963,-4.324049001093963,1,0,off,0,0,0.0,0.0,0.0,0.0,0.0,0.0,0.0,0.0,0.0,0.0,0.0,-4.324049001093963,-4.324049001093963
flat,single,0,off,0,440,-3.1881623136158805,239.0,0.7899918556213379,0.7420773506164551,1,-3.1881623136158805,-3.1881623136158805,1,0,off,0,0,0.0,0.0,0.0,0.0,0.0,0.0,0.0,0.0,0.0,0.0,0.0,-3.1881623136158805,-3.1881623136158805
flat,single,0,off,0,441,-5.4797282659041375,300.0,0.7933174967765808,0.7012991905212402,0,-5.4797282659041375,-5.4797282659041375,1,0,off,0,0,0.0,0.0,0.0,0.0,0.0,0.0,0.0,0.0,0.0,0.0,0.0,-5.4797282659041375,-5.4797282659041375
flat,single,0,off,0,442,-4.292809808524316,277.0,0.808972954750061,0.7875781059265137,1,-4.292809808524316,-4.292809808524316,1,0,off,0,0,0.0,0.0,0.0,0.0,0.0,0.0,0.0,0.0,0.0,0.0,0.0,-4.292809808524316,-4.292809808524316
flat,single,0,off,0,443,-5.881385496142331,300.0,0.7818271517753601,0.6741389632225037,0,-5.881385496142331,-5.881385496142331,1,0,off,0,0,0.0,0.0,0.0,0.0,0.0,0.0,0.0,0.0,0.0,0.0,0.0,-5.881385496142331,-5.881385496142331
flat,single,0,off,0,444,-3.7061467624921116,256.0,0.8013321757316589,0.7613377571105957,1,-3.7061467624921116,-3.7061467624921116,1,0,off,0,0,0.0,0.0,0.0,0.0,0.0,0.0,0.0,0.0,0.0,0.0,0.0,-3.7061467624921116,-3.7061467624921116
flat,single,0,off,0,445,-3.468768685845405,249.0,0.8030017018318176,0.7576398253440857,1,-3.468768685845405,-3.468768685845405,1,0,off,0,0,0.0,0.0,0.0,0.0,0.0,0.0,0.0,0.0,0.0,0.0,0.0,-3.468768685845405,-3.468768685845405
flat,single,0,off,0,446,-5.423831209848876,300.0,0.8063673973083496,0.7562209963798523,0,-5.423831209848876,-5.423831209848876,1,0,off,0,0,0.0,0.0,0.0,0.0,0.0,0.0,0.0,0.0,0.0,0.0,0.0,-5.423831209848876,-5.423831209848876
flat,single,0,off,0,447,-5.378131843684249,300.0,0.7879219651222229,0.6316012740135193,0,-5.378131843684249,-5.378131843684249,1,0,off,0,0,0.0,0.0,0.0,0.0,0.0,0.0,0.0,0.0,0.0,0.0,0.0,-5.378131843684249,-5.378131843684249
flat,single,0,off,0,448,-4.4901523771905145,283.0,0.8124221563339233,0.7774750590324402,1,-4.4901523771905145,-4.4901523771905145,1,0,off,0,0,0.0,0.0,0.0,0.0,0.0,0.0,0.0,0.0,0.0,0.0,0.0,-4.4901523771905145,-4.4901523771905145
flat,single,0,off,0,449,-4.970241146009652,299.0,0.8275334239006042,0.7711087465286255,1,-4.970241146009652,-4.970241146009652,1,0,off,0,0,0.0,0.0,0.0,0.0,0.0,0.0,0.0,0.0,0.0,0.0,0.0,-4.970241146009652,-4.970241146009652
flat,single,0,off,0,450,-4.253438332827061,274.0,0.7858893275260925,0.7319686412811279,1,-4.253438332827061,-4.253438332827061,1,0,off,0,0,0.0,0.0,0.0,0.0,0.0,0.0,0.0,0.0,0.0,0.0,0.0,-4.253438332827061,-4.253438332827061
flat,single,0,off,0,451,-3.481320210042158,247.0,0.7981684803962708,0.7684049010276794,1,-3.481320210042158,-3.481320210042158,1,0,off,0,0,0.0,0.0,0.0,0.0,0.0,0.0,0.0,0.0,0.0,0.0,0.0,-3.481320210042158,-3.481320210042158
flat,single,0,off,0,452,-3.515380973883417,252.0,0.802213191986084,0.7576398253440857,1,-3.515380973883417,-3.515380973883417,1,0,off,0,0,0.0,0.0,0.0,0.0,0.0,0.0,0.0,0.0,0.0,0.0,0.0,-3.515380973883417,-3.515380973883417
flat,single,0,off,0,453,-3.8342356510762805,261.0,0.798008918762207,0.7653501629829407,1,-3.8342356510762805,-3.8342356510762805,1,0,off,0,0,0.0,0.0,0.0,0.0,0.0,0.0,0.0,0.0,0.0,0.0,0.0,-3.8342356510762805,-3.8342356510762805
flat,single,0,off,0,454,-4.257055623990016,273.0,0.7850025296211243,0.7058017253875732,1,-4.257055623990016,-4.257055623990016,1,0,off,0,0,0.0,0.0,0.0,0.0,0.0,0.0,0.0,0.0,0.0,0.0,0.0,-4.257055623990016,-4.257055623990016
flat,single,0,off,0,455,-5.4717886972706715,300.0,0.7906766533851624,0.7576594352722168,0,-5.4717886972706715,-5.4717886972706715,1,0,off,0,0,0.0,0.0,0.0,0.0,0.0,0.0,0.0,0.0,0.0,0.0,0.0,-5.4717886972706715,-5.4717886972706715
flat,single,0,off,0,456,-5.450296844664275,300.0,0.7839838862419128,0.7000823616981506,0,-5.450296844664275,-5.450296844664275,1,0,off,0,0,0.0,0.0,0.0,0.0,0.0,0.0,0.0,0.0,0.0,0.0,0.0,-5.450296844664275,-5.450296844664275
flat,single,0,off,0,457,-4.413019149929742,279.0,0.7985931634902954,0.756843090057373,1,-4.413019149929742,-4.413019149929742,1,0,off,0,0,0.0,0.0,0.0,0.0,0.0,0.0,0.0,0.0,0.0,0.0,0.0,-4.413019149929742,-4.413019149929742
flat,single,0,off,0,458,-3.4139225813047704,246.0,0.7914788126945496,0.7307732701301575,1,-3.4139225813047704,-3.4139225813047704,1,0,off,0,0,0.0,0.0,0.0,0.0,0.0,0.0,0.0,0.0,0.0,0.0,0.0,-3.4139225813047704,-3.4139225813047704
flat,single,0,off,0,459,-3.873826613397094,263.0,0.8158688545227051,0.7470993995666504,1,-3.873826613397094,-3.873826613397094,1,0,off,0,0,0.0,0.0,0.0,0.0,0.0,0.0,0.0,0.0,0.0,0.0,0.0,-3.873826613397094,-3.873826613397094
flat,single,0,off,0,460,-3.4980249523615625,252.0,0.7854183912277222,0.7221328616142273,1,-3.4980249523615625,-3.4980249523615625,1,0,off,0,0,0.0,0.0,0.0,0.0,0.0,0.0,0.0,0.0,0.0,0.0,0.0,-3.4980249523615625,-3.4980249523615625
flat,single,0,off,0,461,-4.7092321800451975,288.0,0.7935999035835266,0.7278084754943848,1,-4.7092321800451975,-4.7092321800451975,1,0,off,0,0,0.0,0.0,0.0,0.0,0.0,0.0,0.0,0.0,0.0,0.0,0.0,-4.7092321800451975,-4.7092321800451975
flat,single,0,off,0,462,-5.761409810226171,300.0,0.8247324228286743,0.7602542638778687,0,-5.761409810226171,-5.761409810226171,1,0,off,0,0,0.0,0.0,0.0,0.0,0.0,0.0,0.0,0.0,0.0,0.0,0.0,-5.761409810226171,-5.761409810226171
flat,single,0,off,0,463,-5.953823430486969,300.0,0.7628904581069946,0.5662384033203125,0,-5.953823430486969,-5.953823430486969,1,0,off,0,0,0.0,0.0,0.0,0.0,0.0,0.0,0.0,0.0,0.0,0.0,0.0,-5.953823430486969,-5.953823430486969
flat,single,0,off,0,464,-5.437124602193943,300.0,0.8092082142829895,0.7470993995666504,0,-5.437124602193943,-5.437124602193943,1,0,off,0,0,0.0,0.0,0.0,0.0,0.0,0.0,0.0,0.0,0.0,0.0,0.0,-5.437124602193943,-5.437124602193943
flat,single,0,off,0,465,-4.721640103323141,291.0,0.8000316619873047,0.7581921219825745,1,-4.721640103323141,-4.721640103323141,1,0,off,0,0,0.0,0.0,0.0,0.0,0.0,0.0,0.0,0.0,0.0,0.0,0.0,-4.721640103323141,-4.721640103323141
flat,single,0,off,0,466,-3.148027029134079,236.0,0.7911671996116638,0.7689886689186096,1,-3.148027029134079,-3.148027029134079,1,0,off,0,0,0.0,0.0,0.0,0.0,0.0,0.0,0.0,0.0,0.0,0.0,0.0,-3.148027029134079,-3.148027029134079
flat,single,0,off,0,467,-4.02523898676851,266.0,0.8150020837783813,0.7576594352722168,1,-4.02523898676851,-4.02523898676851,1,0,off,0,0,0.0,0.0,0.0,0.0,0.0,0.0,0.0,0.0,0.0,0.0,0.0,-4.02523898676851,-4.02523898676851
flat,single,0,off,0,468,-5.406392292486268,300.0,0.8050850033760071,0.7279044389724731,0,-5.406392292486268,-5.406392292486268,1,0,off,0,0,0.0,0.0,0.0,0.0,0.0,0.0,0.0,0.0,0.0,0.0,0.0,-5.406392292486268,-5.406392292486268
flat,single,0,off,0,469,-3.5868438189522998,252.0,0.7882183790206909,0.7232506275177002,1,-3.5868438189522998,-3.5868438189522998,1,0,off,0,0,0.0,0.0,0.0,0.0,0.0,0.0,0.0,0.0,0.0,0.0,0.0,-3.5868438189522998,-3.5868438189522998
flat,single,0,off,0,470,-3.407361772715796,246.0,0.7969226837158203,0.7425097227096558,1,-3.407361772715796,-3.407361772715796,1,0,off,0,0,0.0,0.0,0.0,0.0,0.0,0.0,0.0,0.0,0.0,0.0,0.0,-3.407361772715796,-3.407361772715796
flat,single,0,off,0,471,-5.398190808383508,300.0,0.8254749178886414,0.7463087439537048,0,-5.398190808383508,-5.398190808383508,1,0,off,0,0,0.0,0.0,0.0,0.0,0.0,0.0,0.0,0.0,0.0,0.0,0.0,-5.398190808383508,-5.398190808383508
flat,single,0,off,0,472,-4.711138885731348,291.0,0.790068507194519,0.735309362411499,1,-4.711138885731348,-4.711138885731348,1,0,off,0,0,0.0,0.0,0.0,0.0,0.0,0.0,0.0,0.0,0.0,0.0,0.0,-4.711138885731348,-4.711138885731348
flat,single,0,off,0,473,-4.770122845364957,294.0,0.825262725353241,0.7677785158157349,1,-4.770122845364957,-4.770122845364957,1,0,off,0,0,0.0,0.0,0.0,0.0,0.0,0.0,0.0,0.0,0.0,0.0,0.0,-4.770122845364957,-4.770122845364957
flat,single,0,off,0,474,-3.6876001245865835,255.0,0.8099531531333923,0.7278084754943848,1,-3.6876001245865835,-3.6876001245865835,1,0,off,0,0,0.0,0.0,0.0,0.0,0.0,0.0,0.0,0.0,0.0,0.0,0.0,-3.6876001245865835,-3.6876001245865835
flat,single,0,off,0,475,-5.762107711611314,300.0,0.7739719152450562,0.7284108996391296,0,-5.762107711611314,-5.762107711611314,1,0,off,0,0,0.0,0.0,0.0,0.0,0.0,0.0,0.0,0.0,0.0,0.0,0.0,-5.762107711611314,-5.762107711611314
flat,single,0,off,0,476,-4.02539647245661,267.0,0.81169593334198,0.7676556706428528,1,-4.02539647245661,-4.02539647245661,1,0,off,0,0,0.0,0.0,0.0,0.0,0.0,0.0,0.0,0.0,0.0,0.0,0.0,-4.02539647245661,-4.02539647245661
flat,single,0,off,0,477,-5.895777251321132,300.0,0.7762607336044312,0.5324884653091431,0,-5.895777251321132,-5.895777251321132,1,0,off,0,0,0.0,0.0,0.0,0.0,0.0,0.0,0.0,0.0,0.0,0.0,0.0,-5.895777251321132,-5.895777251321132
flat,single,0,off,0,478,-3.161645702315708,237.0,0.7917986512184143,0.7232506275177002,1,-3.161645702315708,-3.161645702315708,1,0,off,0,0,0.0,0.0,0.0,0.0,0.0,0.0,0.0,0.0,0.0,0.0,0.0,-3.161645702315708,-3.161645702315708
flat,single,0,off,0,479,-5.434637589892368,300.0,0.8107416033744812,0.7750640511512756,0,-5.434637589892368,-5.434637589892368,1,0,off,0,0,0.0,0.0,0.0,0.0,0.0,0.0,0.0,0.0,0.0,0.0,0.0,-5.434637589892368,-5.434637589892368
flat,single,0,off,0,480,-4.890850935005563,297.0,0.8301885724067688,0.7470993995666504,1,-4.890850935005563,-4.890850935005563,1,0,off,0,0,0.0,0.0,0.0,0.0,0.0,0.0,0.0,0.0,0.0,0.0,0.0,-4.890850935005563,-4.890850935005563
flat,single,0,off,0,481,-5.857585242722422,300.0,0.775056004524231,0.7125773429870605,0,-5.857585242722422,-5.857585242722422,1,0,off,0,0,0.0,0.0,0.0,0.0,0.0,0.0,0.0,0.0,0.0,0.0,0.0,-5.857585242722422,-5.857585242722422
flat,single,0,off,0,482,-3.6889560451404915,257.0,0.7988850474357605,0.780683696269989,1,-3.6889560451404915,-3.6889560451404915,1,0,off,0,0,0.0,0.0,0.0,0.0,0.0,0.0,0.0,0.0,0.0,0.0,0.0,-3.6889560451404915,-3.6889560451404915
flat,single,0,off,0,483,-5.865472609683654,300.0,0.7589417099952698,0.6459197402000427,0,-5.865472609683654,-5.865472609683654,1,0,off,0,0,0.0,0.0,0.0,0.0,0.0,0.0,0.0,0.0,0.0,0.0,0.0,-5.865472609683654,-5.865472609683654
flat,single,0,off,0,484,-3.664698701497377,255.0,0.7798904776573181,0.7179409861564636,1,-3.664698701497377,-3.664698701497377,1,0,off,0,0,0.0,0.0,0.0,0.0,0.0,0.0,0.0,0.0,0.0,0.0,0.0,-3.664698701497377,-3.664698701497377
flat,single,0,off,0,485,-5.422001370013446,300.0,0.8399905562400818,0.759224534034729,0,-5.422001370013446,-5.422001370013446,1,0,off,0,0,0.0,0.0,0.0,0.0,0.0,0.0,0.0,0.0,0.0,0.0,0.0,-5.422001370013446,-5.422001370013446
flat,single,0,off,0,486,-4.192098941097482,272.0,0.7986317276954651,0.7677785158157349,1,-4.192098941097482,-4.192098941097482,1,0,off,0,0,0.0,0.0,0.0,0.0,0.0,0.0,0.0,0.0,0.0,0.0,0.0,-4.192098941097482,-4.192098941097482
flat,single,0,off,0,487,-3.9146110005967616,265.0,0.8093010187149048,0.7576594352722168,1,-3.9146110005967616,-3.9146110005967616,1,0,off,0,0,0.0,0.0,0.0,0.0,0.0,0.0,0.0,0.0,0.0,0.0,0.0,-3.9146110005967616,-3.9146110005967616
flat,single,0,off,0,488,-3.7006933626567253,257.0,0.810274600982666,0.7774750590324402,1,-3.7006933626567253,-3.7006933626567253,1,0,off,0,0,0.0,0.0,0.0,0.0,0.0,0.0,0.0,0.0,0.0,0.0,0.0,-3.7006933626567253,-3.7006933626567253
flat,single,0,off,0,489,-5.8233087390835845,300.0,0.7825317978858948,0.687624990940094,0,-5.8233087390835845,-5.8233087390835845,1,0,off,0,0,0.0,0.0,0.0,0.0,0.0,0.0,0.0,0.0,0.0,0.0,0.0,-5.8233087390835845,-5.8233087390835845
flat,single,0,off,0,490,-3.7288653318444016,257.0,0.8001311421394348,0.7774750590324402,1,-3.7288653318444016,-3.7288653318444016,1,0,off,0,0,0.0,0.0,0.0,0.0,0.0,0.0,0.0,0.0,0.0,0.0,0.0,-3.7288653318444016,-3.7288653318444016
flat,single,0,off,0,491,-3.9184563083259656,263.0,0.7938146591186523,0.7488612532615662,1,-3.9184563083259656,-3.9184563083259656,1,0,off,0,0,0.0,0.0,0.0,0.0,0.0,0.0,0.0,0.0,0.0,0.0,0.0,-3.9184563083259656,-3.9184563083259656
flat,single,0,off,0,492,-3.978818874777036,265.0,0.80268394947052,0.7533297538757324,1,-3.978818874777036,-3.978818874777036,1,0,off,0,0,0.0,0.0,0.0,0.0,0.0,0.0,0.0,0.0,0.0,0.0,0.0,-3.978818874777036,-3.978818874777036
flat,single,0,off,0,493,-4.311533601951069,277.0,0.8089924454689026,0.7704010605812073,1,-4.311533601951069,-4.311533601951069,1,0,off,0,0,0.0,0.0,0.0,0.0,0.0,0.0,0.0,0.0,0.0,0.0,0.0,-4.311533601951069,-4.311533601951069
flat,single,0,off,0,494,-3.8609522443695257,262.0,0.815930962562561,0.7867667078971863,1,-3.8609522443695257,-3.8609522443695257,1,0,off,0,0,0.0,0.0,0.0,0.0,0.0,0.0,0.0,0.0,0.0,0.0,0.0,-3.8609522443695257,-3.8609522443695257
flat,single,0,off,0,495,-5.885144059965384,300.0,0.78439861536026,0.718355119228363,0,-5.885144059965384,-5.885144059965384,1,0,off,0,0,0.0,0.0,0.0,0.0,0.0,0.0,0.0,0.0,0.0,0.0,0.0,-5.885144059965384,-5.885144059965384
flat,single,0,off,0,496,-5.309337800048515,300.0,0.8232517242431641,0.7991493940353394,0,-5.309337800048515,-5.309337800048515,1,0,off,0,0,0.0,0.0,0.0,0.0,0.0,0.0,0.0,0.0,0.0,0.0,0.0,-5.309337800048515,-5.309337800048515
flat,single,0,off,0,497,-4.242724688705041,274.0,0.823413074016571,0.7576594352722168,1,-4.242724688705041,-4.242724688705041,1,0,off,0,0,0.0,0.0,0.0,0.0,0.0,0.0,0.0,0.0,0.0,0.0,0.0,-4.242724688705041,-4.242724688705041
flat,single,0,off,0,498,-4.66929292266838,291.0,0.8213972449302673,0.766498863697052,1,-4.66929292266838,-4.66929292266838,1,0,off,0,0,0.0,0.0,0.0,0.0,0.0,0.0,0.0,0.0,0.0,0.0,0.0,-4.66929292266838,-4.66929292266838
flat,single,0,off,0,499,-3.652724644535893,255.0,0.8021081686019897,0.7687433958053589,1,-3.652724644535893,-3.652724644535893,1,0,off,0,0,0.0,0.0,0.0,0.0,0.0,0.0,0.0,0.0,0.0,0.0,0.0,-3.652724644535893,-3.652724644535893
flat,single,0,off,0,500,-4.882958121866673,296.0,0.8361746668815613,0.7539070844650269,1,-4.882958121866673,-4.882958121866673,1,0,off,0,0,0.0,0.0,0.0,0.0,0.0,0.0,0.0,0.0,0.0,0.0,0.0,-4.882958121866673,-4.882958121866673
flat,single,0,off,0,501,-5.035787823259611,299.0,0.806605875492096,0.7405460476875305,1,-5.035787823259611,-5.035787823259611,1,0,off,0,0,0.0,0.0,0.0,0.0,0.0,0.0,0.0,0.0,0.0,0.0,0.0,-5.035787823259611,-5.035787823259611
flat,single,0,off,0,502,-3.852098863014228,261.0,0.7912941575050354,0.7126714587211609,1,-3.852098863014228,-3.852098863014228,1,0,off,0,0,0.0,0.0,0.0,0.0,0.0,0.0,0.0,0.0,0.0,0.0,0.0,-3.852098863014228,-3.852098863014228
flat,single,0,off,0,503,-3.6575881079805406,253.0,0.7911563515663147,0.7179409861564636,1,-3.6575881079805406,-3.6575881079805406,1,0,off,0,0,0.0,0.0,0.0,0.0,0.0,0.0,0.0,0.0,0.0,0.0,0.0,-3.6575881079805406,-3.6575881079805406
flat,single,0,off,0,504,-3.8747320048068365,262.0,0.7930668592453003,0.7623991966247559,1,-3.8747320048068365,-3.8747320048068365,1,0,off,0,0,0.0,0.0,0.0,0.0,0.0,0.0,0.0,0.0,0.0,0.0,0.0,-3.8747320048068365,-3.8747320048068365
flat,single,0,off,0,505,-4.345467084262618,278.0,0.8323432207107544,0.8003295660018921,1,-4.345467084262618,-4.345467084262618,1,0,off,0,0,0.0,0.0,0.0,0.0,0.0,0.0,0.0,0.0,0.0,0.0,0.0,-4.345467084262618,-4.345467084262618
flat,single,0,off,0,506,-3.7686236471380035,258.0,0.7909788489341736,0.7232506275177002,1,-3.7686236471380035,-3.7686236471380035,1,0,off,0,0,0.0,0.0,0.0,0.0,0.0,0.0,0.0,0.0,0.0,0.0,0.0,-3.7686236471380035,-3.7686236471380035
flat,single,0,off,0,507,-4.348544112422967,279.0,0.8257685303688049,0.7605777382850647,1,-4.348544112422967,-4.348544112422967,1,0,off,0,0,0.0,0.0,0.0,0.0,0.0,0.0,0.0,0.0,0.0,0.0,0.0,-4.348544112422967,-4.348544112422967
flat,single,0,off,0,508,-4.641518674629023,286.0,0.798911988735199,0.7444138526916504,1,-4.641518674629023,-4.641518674629023,1,0,off,0,0,0.0,0.0,0.0,0.0,0.0,0.0,0.0,0.0,0.0,0.0,0.0,-4.641518674629023,-4.641518674629023
flat,single,0,off,0,509,-3.9367947484121997,264.0,0.7892500162124634,0.7510631084442139,1,-3.9367947484121997,-3.9367947484121997,1,0,off,0,0,0.0,0.0,0.0,0.0,0.0,0.0,0.0,0.0,0.0,0.0,0.0,-3.9367947484121997,-3.9367947484121997
flat,single,0,off,0,510,-3.798634986882072,260.0,0.8143964409828186,0.7689886689186096,1,-3.798634986882072,-3.798634986882072,1,0,off,0,0,0.0,0.0,0.0,0.0,0.0,0.0,0.0,0.0,0.0,0.0,0.0,-3.798634986882072,-3.798634986882072
flat,single,0,off,0,511,-2.725781618102902,223.0,0.7928301095962524,0.768013596534729,1,-2.725781618102902,-2.725781618102902,1,0,off,0,0,0.0,0.0,0.0,0.0,0.0,0.0,0.0,0.0,0.0,0.0,0.0,-2.725781618102902,-2.725781618102902
flat,single,0,off,0,512,-4.729257585875468,289.0,0.80192631483078,0.7692350745201111,1,-4.729257585875468,-4.729257585875468,1,0,off,0,0,0.0,0.0,0.0,0.0,0.0,0.0,0.0,0.0,0.0,0.0,0.0,-4.729257585875468,-4.729257585875468
flat,single,0,off,0,513,-3.1935776226862527,240.0,0.7935321927070618,0.7608805298805237,1,-3.1935776226862527,-3.1935776226862527,1,0,off,0,0,0.0,0.0,0.0,0.0,0.0,0.0,0.0,0.0,0.0,0.0,0.0,-3.1935776226862527,-3.1935776226862527
flat,single,0,off,0,514,-4.460102157582298,282.0,0.7823440432548523,0.7410008311271667,1,-4.460102157582298,-4.460102157582298,1,0,off,0,0,0.0,0.0,0.0,0.0,0.0,0.0,0.0,0.0,0.0,0.0,0.0,-4.460102157582298,-4.460102157582298
flat,single,0,off,0,515,-3.786464672624117,261.0,0.8054530024528503,0.7680124044418335,1,-3.786464672624117,-3.786464672624117,1,0,off,0,0,0.0,0.0,0.0,0.0,0.0,0.0,0.0,0.0,0.0,0.0,0.0,-3.786464672624117,-3.786464672624117
flat,single,0,off,0,516,-3.154353620131709,237.0,0.7826197743415833,0.7319686412811279,1,-3.154353620131709,-3.154353620131709,1,0,off,0,0,0.0,0.0,0.0,0.0,0.0,0.0,0.0,0.0,0.0,0.0,0.0,-3.154353620131709,-3.154353620131709
flat,single,0,off,0,517,-4.482338156236805,280.0,0.7986686825752258,0.7101094126701355,1,-4.482338156236805,-4.482338156236805,1,0,off,0,0,0.0,0.0,0.0,0.0,0.0,0.0,0.0,0.0,0.0,0.0,0.0,-4.482338156236805,-4.482338156236805
flat,single,0,off,0,518,-3.6244553442799665,254.0,0.78960782289505,0.7410153746604919,1,-3.6244553442799665,-3.6244553442799665,1,0,off,0,0,0.0,0.0,0.0,0.0,0.0,0.0,0.0,0.0,0.0,0.0,0.0,-3.6244553442799665,-3.6244553442799665
flat,single,0,off,0,519,-4.070882894783255,268.0,0.7996712923049927,0.740837574005127,1,-4.070882894783255,-4.070882894783255,1,0,off,0,0,0.0,0.0,0.0,0.0,0.0,0.0,0.0,0.0,0.0,0.0,0.0,-4.070882894783255,-4.070882894783255
flat,single,0,off,0,520,-3.91753612444037,264.0,0.7996839880943298,0.7485650181770325,1,-3.91753612444037,-3.91753612444037,1,0,off,0,0,0.0,0.0,0.0,0.0,0.0,0.0,0.0,0.0,0.0,0.0,0.0,-3.91753612444037,-3.91753612444037
flat,single,0,off,0,521,-3.776367441843,259.0,0.7983143925666809,0.7432536482810974,1,-3.776367441843,-3.776367441843,1,0,off,0,0,0.0,0.0,0.0,0.0,0.0,0.0,0.0,0.0,0.0,0.0,0.0,-3.776367441843,-3.776367441843
flat,single,0,off,0,522,-3.582532742395997,253.0,0.7945448160171509,0.7533298134803772,1,-3.582532742395997,-3.582532742395997,1,0,off,0,0,0.0,0.0,0.0,0.0,0.0,0.0,0.0,0.0,0.0,0.0,0.0,-3.582532742395997,-3.582532742395997
flat,single,0,off,0,523,-4.422109869162074,279.0,0.8119363784790039,0.74996417760849,1,-4.422109869162074,-4.422109869162074,1,0,off,0,0,0.0,0.0,0.0,0.0,0.0,0.0,0.0,0.0,0.0,0.0,0.0,-4.422109869162074,-4.422109869162074
flat,single,0,off,0,524,-4.334529716664678,278.0,0.8272255659103394,0.7584949731826782,1,-4.334529716664678,-4.334529716664678,1,0,off,0,0,0.0,0.0,0.0,0.0,0.0,0.0,0.0,0.0,0.0,0.0,0.0,-4.334529716664678,-4.334529716664678
flat,single,0,off,0,525,-5.458053001703231,300.0,0.8031782507896423,0.7520953416824341,0,-5.458053001703231,-5.458053001703231,1,0,off,0,0,0.0,0.0,0.0,0.0,0.0,0.0,0.0,0.0,0.0,0.0,0.0,-5.458053001703231,-5.458053001703231
flat,single,0,off,0,526,-5.401518785278311,300.0,0.8388568758964539,0.7639941573143005,0,-5.401518785278311,-5.401518785278311,1,0,off,0,0,0.0,0.0,0.0,0.0,0.0,0.0,0.0,0.0,0.0,0.0,0.0,-5.401518785278311,-5.401518785278311
flat,single,0,off,0,527,-5.351869954628636,300.0,0.8213047385215759,0.7760541439056396,0,-5.351869954628636,-5.351869954628636,1,0,off,0,0,0.0,0.0,0.0,0.0,0.0,0.0,0.0,0.0,0.0,0.0,0.0,-5.351869954628636,-5.351869954628636
flat,single,0,off,0,528,-3.681300847197395,255.0,0.8099600076675415,0.7473541498184204,1,-3.681300847197395,-3.681300847197395,1,0,off,0,0,0.0,0.0,0.0,0.0,0.0,0.0,0.0,0.0,0.0,0.0,0.0,-3.681300847197395,-3.681300847197395
flat,single,0,off,0,529,-3.550936126873105,251.0,0.8086093068122864,0.750344455242157,1,-3.550936126873105,-3.550936126873105,1,0,off,0,0,0.0,0.0,0.0,0.0,0.0,0.0,0.0,0.0,0.0,0.0,0.0,-3.550936126873105,-3.550936126873105
flat,single,0,off,0,530,-3.8389692766137777,261.0,0.803705632686615,0.7497398257255554,1,-3.8389692766137777,-3.8389692766137777,1,0,off,0,0,0.0,0.0,0.0,0.0,0.0,0.0,0.0,0.0,0.0,0.0,0.0,-3.8389692766137777,-3.8389692766137777
flat,single,0,off,0,531,-5.454856921546149,300.0,0.842104971408844,0.7418472170829773,0,-5.454856921546149,-5.454856921546149,1,0,off,0,0,0.0,0.0,0.0,0.0,0.0,0.0,0.0,0.0,0.0,0.0,0.0,-5.454856921546149,-5.454856921546149
flat,single,0,off,0,532,-5.415257053758245,300.0,0.8123311400413513,0.7586663365364075,0,-5.415257053758245,-5.415257053758245,1,0,off,0,0,0.0,0.0,0.0,0.0,0.0,0.0,0.0,0.0,0.0,0.0,0.0,-5.415257053758245,-5.415257053758245
flat,single,0,off,0,533,-3.9262126945820466,264.0,0.798636794090271,0.7470993995666504,1,-3.9262126945820466,-3.9262126945820466,1,0,off,0,0,0.0,0.0,0.0,0.0,0.0,0.0,0.0,0.0,0.0,0.0,0.0,-3.9262126945820466,-3.9262126945820466
flat,single,0,off,0,534,-4.402365757850917,280.0,0.8048616051673889,0.7576594352722168,1,-4.402365757850917,-4.402365757850917,1,0,off,0,0,0.0,0.0,0.0,0.0,0.0,0.0,0.0,0.0,0.0,0.0,0.0,-4.402365757850917,-4.402365757850917
flat,single,0,off,0,535,-5.95214161794285,300.0,0.7533860802650452,0.5684195160865784,0,-5.95214161794285,-5.95214161794285,1,0,off,0,0,0.0,0.0,0.0,0.0,0.0,0.0,0.0,0.0,0.0,0.0,0.0,-5.95214161794285,-5.95214161794285
flat,single,0,off,0,536,-4.817542848485743,295.0,0.815376877784729,0.7634488344192505,1,-4.817542848485743,-4.817542848485743,1,0,off,0,0,0.0,0.0,0.0,0.0,0.0,0.0,0.0,0.0,0.0,0.0,0.0,-4.817542848485743,-4.817542848485743
flat,single,0,off,0,537,-6.405475394846883,300.0,0.7207722067832947,0.5315698385238647,0,-6.405475394846883,-6.405475394846883,1,0,off,0,0,0.0,0.0,0.0,0.0,0.0,0.0,0.0,0.0,0.0,0.0,0.0,-6.405475394846883,-6.405475394846883
flat,single,0,off,0,538,-3.907500335100317,263.0,0.7964898347854614,0.7734892964363098,1,-3.907500335100317,-3.907500335100317,1,0,off,0,0,0.0,0.0,0.0,0.0,0.0,0.0,0.0,0.0,0.0,0.0,0.0,-3.907500335100317,-3.907500335100317
flat,single,0,off,0,539,-5.389424433262326,300.0,0.7981418967247009,0.739791214466095,0,-5.389424433262326,-5.389424433262326,1,0,off,0,0,0.0,0.0,0.0,0.0,0.0,0.0,0.0,0.0,0.0,0.0,0.0,-5.389424433262326,-5.389424433262326
flat,single,0,off,0,540,-4.153079213843431,271.0,0.8198490142822266,0.7598198056221008,1,-4.153079213843431,-4.153079213843431,1,0,off,0,0,0.0,0.0,0.0,0.0,0.0,0.0,0.0,0.0,0.0,0.0,0.0,-4.153079213843431,-4.153079213843431
flat,single,0,off,0,541,-3.4841462584095773,250.0,0.8281256556510925,0.8036172389984131,1,-3.4841462584095773,-3.4841462584095773,1,0,off,0,0,0.0,0.0,0.0,0.0,0.0,0.0,0.0,0.0,0.0,0.0,0.0,-3.4841462584095773,-3.4841462584095773
flat,single,0,off,0,542,-4.994038397053975,298.0,0.7877362966537476,0.7364097237586975,1,-4.994038397053975,-4.994038397053975,1,0,off,0,0,0.0,0.0,0.0,0.0,0.0,0.0,0.0,0.0,0.0,0.0,0.0,-4.994038397053975,-4.994038397053975
flat,single,0,off,0,543,-5.344733539794095,300.0,0.8443946838378906,0.7677785158157349,0,-5.344733539794095,-5.344733539794095,1,0,off,0,0,0.0,0.0,0.0,0.0,0.0,0.0,0.0,0.0,0.0,0.0,0.0,-5.344733539794095,-5.344733539794095
flat,single,0,off,0,544,-4.537853261576963,284.0,0.8099356889724731,0.7496441006660461,1,-4.537853261576963,-4.537853261576963,1,0,off,0,0,0.0,0.0,0.0,0.0,0.0,0.0,0.0,0.0,0.0,0.0,0.0,-4.537853261576963,-4.537853261576963
flat,single,0,off,0,545,-3.3213549906410957,242.0,0.7961873412132263,0.7677785158157349,1,-3.3213549906410957,-3.3213549906410957,1,0,off,0,0,0.0,0.0,0.0,0.0,0.0,0.0,0.0,0.0,0.0,0.0,0.0,-3.3213549906410957,-3.3213549906410957
flat,single,0,off,0,546,-3.6769021328526783,254.0,0.8022898435592651,0.7179409861564636,1,-3.6769021328526783,-3.6769021328526783,1,0,off,0,0,0.0,0.0,0.0,0.0,0.0,0.0,0.0,0.0,0.0,0.0,0.0,-3.6769021328526783,-3.6769021328526783
flat,single,0,off,0,547,-5.449690361163803,300.0,0.8260898590087891,0.7774750590324402,0,-5.449690361163803,-5.449690361163803,1,0,off,0,0,0.0,0.0,0.0,0.0,0.0,0.0,0.0,0.0,0.0,0.0,0.0,-5.449690361163803,-5.449690361163803
flat,single,0,off,0,548,-4.352062240882072,279.0,0.8307253122329712,0.7971357107162476,1,-4.352062240882072,-4.352062240882072,1,0,off,0,0,0.0,0.0,0.0,0.0,0.0,0.0,0.0,0.0,0.0,0.0,0.0,-4.352062240882072,-4.352062240882072
flat,single,0,off,0,549,-4.777807535756136,296.0,0.8229824304580688,0.7810237407684326,1,-4.777807535756136,-4.777807535756136,1,0,off,0,0,0.0,0.0,0.0,0.0,0.0,0.0,0.0,0.0,0.0,0.0,0.0,-4.777807535756136,-4.777807535756136
flat,single,0,off,0,550,-3.884115381145362,262.0,0.8153999447822571,0.7489131093025208,1,-3.884115381145362,-3.884115381145362,1,0,off,0,0,0.0,0.0,0.0,0.0,0.0,0.0,0.0,0.0,0.0,0.0,0.0,-3.884115381145362,-3.884115381145362
flat,single,0,off,0,551,-5.4149989831668695,300.0,0.8186769485473633,0.7136765122413635,0,-5.4149989831668695,-5.4149989831668695,1,0,off,0,0,0.0,0.0,0.0,0.0,0.0,0.0,0.0,0.0,0.0,0.0,0.0,-5.4149989831668695,-5.4149989831668695
flat,single,0,off,0,552,-3.600420900197924,252.0,0.8058422803878784,0.7470993995666504,1,-3.600420900197924,-3.600420900197924,1,0,off,0,0,0.0,0.0,0.0,0.0,0.0,0.0,0.0,0.0,0.0,0.0,0.0,-3.600420900197924,-3.600420900197924
flat,single,0,off,0,553,-3.8299775055714163,259.0,0.7894840836524963,0.7251652479171753,1,-3.8299775055714163,-3.8299775055714163,1,0,off,0,0,0.0,0.0,0.0,0.0,0.0,0.0,0.0,0.0,0.0,0.0,0.0,-3.8299775055714163,-3.8299775055714163
flat,single,0,off,0,554,-3.620616600515766,254.0,0.8256536722183228,0.7928422093391418,1,-3.620616600515766,-3.620616600515766,1,0,off,0,0,0.0,0.0,0.0,0.0,0.0,0.0,0.0,0.0,0.0,0.0,0.0,-3.620616600515766,-3.620616600515766
flat,single,0,off,0,555,-4.476389062476805,282.0,0.8160126805305481,0.7877557873725891,1,-4.476389062476805,-4.476389062476805,1,0,off,0,0,0.0,0.0,0.0,0.0,0.0,0.0,0.0,0.0,0.0,0.0,0.0,-4.476389062476805,-4.476389062476805
flat,single,0,off,0,556,-5.4739555314939885,300.0,0.8105159401893616,0.739799976348877,0,-5.4739555314939885,-5.4739555314939885,1,0,off,0,0,0.0,0.0,0.0,0.0,0.0,0.0,0.0,0.0,0.0,0.0,0.0,-5.4739555314939885,-5.4739555314939885
flat,single,0,off,0,557,-4.6327994765294624,289.0,0.8378328084945679,0.782575249671936,1,-4.6327994765294624,-4.6327994765294624,1,0,off,0,0,0.0,0.0,0.0,0.0,0.0,0.0,0.0,0.0,0.0,0.0,0.0,-4.6327994765294624,-4.6327994765294624
flat,single,0,off,0,558,-4.152538404237696,272.0,0.8299938440322876,0.7677785158157349,1,-4.152538404237696,-4.152538404237696,1,0,off,0,0,0.0,0.0,0.0,0.0,0.0,0.0,0.0,0.0,0.0,0.0,0.0,-4.152538404237696,-4.152538404237696
flat,single,0,off,0,559,-3.9015351004292995,263.0,0.8183151483535767,0.7576594352722168,1,-3.9015351004292995,-3.9015351004292995,1,0,off,0,0,0.0,0.0,0.0,0.0,0.0,0.0,0.0,0.0,0.0,0.0,0.0,-3.9015351004292995,-3.9015351004292995
flat,single,0,off,0,560,-3.6484730111132144,254.0,0.7976065278053284,0.7534494996070862,1,-3.6484730111132144,-3.6484730111132144,1,0,off,0,0,0.0,0.0,0.0,0.0,0.0,0.0,0.0,0.0,0.0,0.0,0.0,-3.6484730111132144,-3.6484730111132144
flat,single,0,off,0,561,-5.457441735261829,300.0,0.7734754681587219,0.7245265245437622,0,-5.457441735261829,-5.457441735261829,1,0,off,0,0,0.0,0.0,0.0,0.0,0.0,0.0,0.0,0.0,0.0,0.0,0.0,-5.457441735261829,-5.457441735261829
flat,single,0,off,0,562,-3.751502353119407,258.0,0.8178030848503113,0.7677785158157349,1,-3.751502353119407,-3.751502353119407,1,0,off,0,0,0.0,0.0,0.0,0.0,0.0,0.0,0.0,0.0,0.0,0.0,0.0,-3.751502353119407,-3.751502353119407
flat,single,0,off,0,563,-3.9040744235773834,263.0,0.8046708106994629,0.7563117146492004,1,-3.9040744235773834,-3.9040744235773834,1,0,off,0,0,0.0,0.0,0.0,0.0,0.0,0.0,0.0,0.0,0.0,0.0,0.0,-3.9040744235773834,-3.9040744235773834
flat,single,0,off,0,564,-4.201504756688355,273.0,0.8198283910751343,0.780301034450531,1,-4.201504756688355,-4.201504756688355,1,0,off,0,0,0.0,0.0,0.0,0.0,0.0,0.0,0.0,0.0,0.0,0.0,0.0,-4.201504756688355,-4.201504756688355
flat,single,0,off,0,565,-3.77775619776102,259.0,0.8149518966674805,0.7576398253440857,1,-3.77775619776102,-3.77775619776102,1,0,off,0,0,0.0,0.0,0.0,0.0,0.0,0.0,0.0,0.0,0.0,0.0,0.0,-3.77775619776102,-3.77775619776102
flat,single,0,off,0,566,-4.481855592550704,280.0,0.8116078972816467,0.7179409861564636,1,-4.481855592550704,-4.481855592550704,1,0,off,0,0,0.0,0.0,0.0,0.0,0.0,0.0,0.0,0.0,0.0,0.0,0.0,-4.481855592550704,-4.481855592550704
flat,single,0,off,0,567,-4.940090301427989,299.0,0.8092136383056641,0.7576594352722168,1,-4.940090301427989,-4.940090301427989,1,0,off,0,0,0.0,0.0,0.0,0.0,0.0,0.0,0.0,0.0,0.0,0.0,0.0,-4.940090301427989,-4.940090301427989
flat,single,0,off,0,568,-4.269519186530948,274.0,0.7820754051208496,0.7179409861564636,1,-4.269519186530948,-4.269519186530948,1,0,off,0,0,0.0,0.0,0.0,0.0,0.0,0.0,0.0,0.0,0.0,0.0,0.0,-4.269519186530948,-4.269519186530948
flat,single,0,off,0,569,-5.394849654857535,300.0,0.8189032673835754,0.7702178955078125,0,-5.394849654857535,-5.394849654857535,1,0,off,0,0,0.0,0.0,0.0,0.0,0.0,0.0,0.0,0.0,0.0,0.0,0.0,-5.394849654857535,-5.394849654857535
flat,single,0,off,0,570,-4.597167259820275,284.0,0.794748842716217,0.7261267304420471,1,-4.597167259820275,-4.597167259820275,1,0,off,0,0,0.0,0.0,0.0,0.0,0.0,0.0,0.0,0.0,0.0,0.0,0.0,-4.597167259820275,-4.597167259820275
flat,single,0,off,0,571,-4.771694579258336,293.0,0.8088620901107788,0.7440680861473083,1,-4.771694579258336,-4.771694579258336,1,0,off,0,0,0.0,0.0,0.0,0.0,0.0,0.0,0.0,0.0,0.0,0.0,0.0,-4.771694579258336,-4.771694579258336
flat,single,0,off,0,572,-3.423753956980052,246.0,0.7895912528038025,0.7470993995666504,1,-3.423753956980052,-3.423753956980052,1,0,off,0,0,0.0,0.0,0.0,0.0,0.0,0.0,0.0,0.0,0.0,0.0,0.0,-3.423753956980052,-3.423753956980052
flat,single,0,off,0,573,-5.8287886392732755,300.0,0.7855414748191833,0.7470993995666504,0,-5.8287886392732755,-5.8287886392732755,1,0,off,0,0,0.0,0.0,0.0,0.0,0.0,0.0,0.0,0.0,0.0,0.0,0.0,-5.8287886392732755,-5.8287886392732755
flat,single,0,off,0,574,-3.021029603278707,231.0,0.7828668355941772,0.7269673347473145,1,-3.021029603278707,-3.021029603278707,1,0,off,0,0,0.0,0.0,0.0,0.0,0.0,0.0,0.0,0.0,0.0,0.0,0.0,-3.021029603278707,-3.021029603278707
flat,single,0,off,0,575,-4.299481150775672,275.0,0.797679603099823,0.7416922450065613,1,-4.299481150775672,-4.299481150775672,1,0,off,0,0,0.0,0.0,0.0,0.0,0.0,0.0,0.0,0.0,0.0,0.0,0.0,-4.299481150775672,-4.299481150775672
flat,single,0,off,0,576,-3.9670021795737336,266.0,0.828636109828949,0.7774750590324402,1,-3.9670021795737336,-3.9670021795737336,1,0,off,0,0,0.0,0.0,0.0,0.0,0.0,0.0,0.0,0.0,0.0,0.0,0.0,-3.9670021795737336,-3.9670021795737336
flat,single,0,off,0,577,-4.331429375436861,277.0,0.8053489923477173,0.761734664440155,1,-4.331429375436861,-4.331429375436861,1,0,off,0,0,0.0,0.0,0.0,0.0,0.0,0.0,0.0,0.0,0.0,0.0,0.0,-4.331429375436861,-4.331429375436861
flat,single,0,off,0,578,-5.405423053819685,300.0,0.8035245537757874,0.7651019096374512,0,-5.405423053819685,-5.405423053819685,1,0,off,0,0,0.0,0.0,0.0,0.0,0.0,0.0,0.0,0.0,0.0,0.0,0.0,-5.405423053819685,-5.405423053819685
flat,single,0,off,0,579,-3.278631419193674,240.0,0.7837443351745605,0.7005257606506348,1,-3.278631419193674,-3.278631419193674,1,0,off,0,0,0.0,0.0,0.0,0.0,0.0,0.0,0.0,0.0,0.0,0.0,0.0,-3.278631419193674,-3.278631419193674
flat,single,0,off,0,580,-5.3968907735543326,300.0,0.7932354807853699,0.7319686412811279,0,-5.3968907735543326,-5.3968907735543326,1,0,off,0,0,0.0,0.0,0.0,0.0,0.0,0.0,0.0,0.0,0.0,0.0,0.0,-5.3968907735543326,-5.3968907735543326
flat,single,0,off,0,581,-4.8109277047275105,295.0,0.8168864250183105,0.7488490343093872,1,-4.8109277047275105,-4.8109277047275105,1,0,off,0,0,0.0,0.0,0.0,0.0,0.0,0.0,0.0,0.0,0.0,0.0,0.0,-4.8109277047275105,-4.8109277047275105
flat,single,0,off,0,582,-4.607277182112443,286.0,0.8084369897842407,0.7469656467437744,1,-4.607277182112443,-4.607277182112443,1,0,off,0,0,0.0,0.0,0.0,0.0,0.0,0.0,0.0,0.0,0.0,0.0,0.0,-4.607277182112443,-4.607277182112443
flat,single,0,off,0,583,-5.388705211371402,300.0,0.8378201127052307,0.7986366748809814,0,-5.388705211371402,-5.388705211371402,1,0,off,0,0,0.0,0.0,0.0,0.0,0.0,0.0,0.0,0.0,0.0,0.0,0.0,-5.388705211371402,-5.388705211371402
flat,single,0,off,0,584,-3.1944758284638892,238.0,0.7860852479934692,0.7101094126701355,1,-3.1944758284638892,-3.1944758284638892,1,0,off,0,0,0.0,0.0,0.0,0.0,0.0,0.0,0.0,0.0,0.0,0.0,0.0,-3.1944758284638892,-3.1944758284638892
flat,single,0,off,0,585,-5.37427368189673,300.0,0.8140375018119812,0.7616325616836548,0,-5.37427368189673,-5.37427368189673,1,0,off,0,0,0.0,0.0,0.0,0.0,0.0,0.0,0.0,0.0,0.0,0.0,0.0,-5.37427368189673,-5.37427368189673
flat,single,0,off,0,586,-3.936675339906924,264.0,0.8345170617103577,0.7963749170303345,1,-3.936675339906924,-3.936675339906924,1,0,off,0,0,0.0,0.0,0.0,0.0,0.0,0.0,0.0,0.0,0.0,0.0,0.0,-3.936675339906924,-3.936675339906924
flat,single,0,off,0,587,-4.118116415560938,271.0,0.8247862458229065,0.7926220297813416,1,-4.118116415560938,-4.118116415560938,1,0,off,0,0,0.0,0.0,0.0,0.0,0.0,0.0,0.0,0.0,0.0,0.0,0.0,-4.118116415560938,-4.118116415560938
flat,single,0,off,0,588,-5.358046288747583,300.0,0.8077332377433777,0.747997522354126,0,-5.358046288747583,-5.358046288747583,1,0,off,0,0,0.0,0.0,0.0,0.0,0.0,0.0,0.0,0.0,0.0,0.0,0.0,-5.358046288747583,-5.358046288747583
flat,single,0,off,0,589,-4.743634644622211,290.0,0.8085276484489441,0.7407821416854858,1,-4.743634644622211,-4.743634644622211,1,0,off,0,0,0.0,0.0,0.0,0.0,0.0,0.0,0.0,0.0,0.0,0.0,0.0,-4.743634644622211,-4.743634644622211
flat,single,0,off,0,590,-3.723086465595964,258.0,0.7866575121879578,0.712450385093689,1,-3.723086465595964,-3.723086465595964,1,0,off,0,0,0.0,0.0,0.0,0.0,0.0,0.0,0.0,0.0,0.0,0.0,0.0,-3.723086465595964,-3.723086465595964
flat,single,0,off,0,591,-3.21613795185226,241.0,0.766265869140625,0.7093176245689392,1,-3.21613795185226,-3.21613795185226,1,0,off,0,0,0.0,0.0,0.0,0.0,0.0,0.0,0.0,0.0,0.0,0.0,0.0,-3.21613795185226,-3.21613795185226
flat,single,0,off,0,592,-4.635073010079787,288.0,0.8120282888412476,0.758463978767395,1,-4.635073010079787,-4.635073010079787,1,0,off,0,0,0.0,0.0,0.0,0.0,0.0,0.0,0.0,0.0,0.0,0.0,0.0,-4.635073010079787,-4.635073010079787
flat,single,0,off,0,593,-3.9071587427553958,263.0,0.7936509847640991,0.7714059948921204,1,-3.9071587427553958,-3.9071587427553958,1,0,off,0,0,0.0,0.0,0.0,0.0,0.0,0.0,0.0,0.0,0.0,0.0,0.0,-3.9071587427553958,-3.9071587427553958
flat,single,0,off,0,594,-4.065332462023923,267.0,0.8194776773452759,0.7576594352722168,1,-4.065332462023923,-4.065332462023923,1,0,off,0,0,0.0,0.0,0.0,0.0,0.0,0.0,0.0,0.0,0.0,0.0,0.0,-4.065332462023923,-4.065332462023923
flat,single,0,off,0,595,-3.4617237626726007,248.0,0.8085222840309143,0.7470993995666504,1,-3.4617237626726007,-3.4617237626726007,1,0,off,0,0,0.0,0.0,0.0,0.0,0.0,0.0,0.0,0.0,0.0,0.0,0.0,-3.4617237626726007,-3.4617237626726007
flat,single,0,off,0,596,-4.901293964744533,297.0,0.8391769528388977,0.7947849631309509,1,-4.901293964744533,-4.901293964744533,1,0,off,0,0,0.0,0.0,0.0,0.0,0.0,0.0,0.0,0.0,0.0,0.0,0.0,-4.901293964744533,-4.901293964744533
flat,single,0,off,0,597,-4.648901441115883,289.0,0.8307833075523376,0.7880058884620667,1,-4.648901441115883,-4.648901441115883,1,0,off,0,0,0.0,0.0,0.0,0.0,0.0,0.0,0.0,0.0,0.0,0.0,0.0,-4.648901441115883,-4.648901441115883
flat,single,0,off,0,598,-5.443804702756464,300.0,0.8304362893104553,0.7824116945266724,0,-5.443804702756464,-5.443804702756464,1,0,off,0,0,0.0,0.0,0.0,0.0,0.0,0.0,0.0,0.0,0.0,0.0,0.0,-5.443804702756464,-5.443804702756464
flat,single,0,off,0,599,-4.026725374410141,268.0,0.8241981863975525,0.7863973379135132,1,-4.026725374410141,-4.026725374410141,1,0,off,0,0,0.0,0.0,0.0,0.0,0.0,0.0,0.0,0.0,0.0,0.0,0.0,-4.026725374410141,-4.026725374410141
flat,single,0,off,0,600,-4.330461556836963,275.0,0.7854433655738831,0.7232506275177002,1,-4.330461556836963,-4.330461556836963,1,0,off,0,0,0.0,0.0,0.0,0.0,0.0,0.0,0.0,0.0,0.0,0.0,0.0,-4.330461556836963,-4.330461556836963
flat,single,0,off,0,601,-5.398933902426494,300.0,0.8378251791000366,0.7797114253044128,0,-5.398933902426494,-5.398933902426494,1,0,off,0,0,0.0,0.0,0.0,0.0,0.0,0.0,0.0,0.0,0.0,0.0,0.0,-5.398933902426494,-5.398933902426494
flat,single,0,off,0,602,-5.424063445039801,300.0,0.7935262322425842,0.7470993995666504,0,-5.424063445039801,-5.424063445039801,1,0,off,0,0,0.0,0.0,0.0,0.0,0.0,0.0,0.0,0.0,0.0,0.0,0.0,-5.424063445039801,-5.424063445039801
flat,single,0,off,0,603,-4.616932827596322,286.0,0.7952101826667786,0.7449658513069153,1,-4.616932827596322,-4.616932827596322,1,0,off,0,0,0.0,0.0,0.0,0.0,0.0,0.0,0.0,0.0,0.0,0.0,0.0,-4.616932827596322,-4.616932827596322
flat,single,0,off,0,604,-3.4165683127299133,245.0,0.7976350784301758,0.7579656839370728,1,-3.4165683127299133,-3.4165683127299133,1,0,off,0,0,0.0,0.0,0.0,0.0,0.0,0.0,0.0,0.0,0.0,0.0,0.0,-3.4165683127299133,-3.4165683127299133
flat,single,0,off,0,605,-4.889607611031974,296.0,0.8069811463356018,0.7667514681816101,1,-4.889607611031974,-4.889607611031974,1,0,off,0,0,0.0,0.0,0.0,0.0,0.0,0.0,0.0,0.0,0.0,0.0,0.0,-4.889607611031974,-4.889607611031974
flat,single,0,off,0,606,-2.681934219920056,221.0,0.7934345602989197,0.7576594352722168,1,-2.681934219920056,-2.681934219920056,1,0,off,0,0,0.0,0.0,0.0,0.0,0.0,0.0,0.0,0.0,0.0,0.0,0.0,-2.681934219920056,-2.681934219920056
flat,single,0,off,0,607,-5.4546535884321345,300.0,0.7996144890785217,0.6784967184066772,0,-5.4546535884321345,-5.4546535884321345,1,0,off,0,0,0.0,0.0,0.0,0.0,0.0,0.0,0.0,0.0,0.0,0.0,0.0,-5.4546535884321345,-5.4546535884321345
flat,single,0,off,0,608,-5.424646828678663,300.0,0.8198362588882446,0.7377281188964844,0,-5.424646828678663,-5.424646828678663,1,0,off,0,0,0.0,0.0,0.0,0.0,0.0,0.0,0.0,0.0,0.0,0.0,0.0,-5.424646828678663,-5.424646828678663
flat,single,0,off,0,609,-4.863776382936625,294.0,0.7951264977455139,0.7594626545906067,1,-4.863776382936625,-4.863776382936625,1,0,off,0,0,0.0,0.0,0.0,0.0,0.0,0.0,0.0,0.0,0.0,0.0,0.0,-4.863776382936625,-4.863776382936625
flat,single,0,off,0,610,-5.402321809646687,300.0,0.8123279213905334,0.7470993995666504,0,-5.402321809646687,-5.402321809646687,1,0,off,0,0,0.0,0.0,0.0,0.0,0.0,0.0,0.0,0.0,0.0,0.0,0.0,-5.402321809646687,-5.402321809646687
flat,single,0,off,0,611,-2.8002976853272203,224.0,0.7808534502983093,0.7449066638946533,1,-2.8002976853272203,-2.8002976853272203,1,0,off,0,0,0.0,0.0,0.0,0.0,0.0,0.0,0.0,0.0,0.0,0.0,0.0,-2.8002976853272203,-2.8002976853272203
flat,single,0,off,0,612,-6.104515889915651,300.0,0.8009252548217773,0.7677785158157349,0,-6.104515889915651,-6.104515889915651,1,0,off,0,0,0.0,0.0,0.0,0.0,0.0,0.0,0.0,0.0,0.0,0.0,0.0,-6.104515889915651,-6.104515889915651
flat,single,0,off,0,613,-2.946088211437433,231.0,0.7844107747077942,0.7218728065490723,1,-2.946088211437433,-2.946088211437433,1,0,off,0,0,0.0,0.0,0.0,0.0,0.0,0.0,0.0,0.0,0.0,0.0,0.0,-2.946088211437433,-2.946088211437433
flat,single,0,off,0,614,-4.35693582358537,279.0,0.8178906440734863,0.7800381779670715,1,-4.35693582358537,-4.35693582358537,1,0,off,0,0,0.0,0.0,0.0,0.0,0.0,0.0,0.0,0.0,0.0,0.0,0.0,-4.35693582358537,-4.35693582358537
flat,single,0,off,0,615,-4.0217152777482825,268.0,0.8236364722251892,0.7970204949378967,1,-4.0217152777482825,-4.0217152777482825,1,0,off,0,0,0.0,0.0,0.0,0.0,0.0,0.0,0.0,0.0,0.0,0.0,0.0,-4.0217152777482825,-4.0217152777482825
flat,single,0,off,0,616,-2.9997996144718275,232.0,0.7894889116287231,0.7232927680015564,1,-2.9997996144718275,-2.9997996144718275,1,0,off,0,0,0.0,0.0,0.0,0.0,0.0,0.0,0.0,0.0,0.0,0.0,0.0,-2.9997996144718275,-2.9997996144718275
flat,single,0,off,0,617,-4.7917108378466144,293.0,0.8242069482803345,0.760097861289978,1,-4.7917108378466144,-4.7917108378466144,1,0,off,0,0,0.0,0.0,0.0,0.0,0.0,0.0,0.0,0.0,0.0,0.0,0.0,-4.7917108378466144,-4.7917108378466144
flat,single,0,off,0,618,-3.810188631463075,260.0,0.7744442820549011,0.716676652431488,1,-3.810188631463075,-3.810188631463075,1,0,off,0,0,0.0,0.0,0.0,0.0,0.0,0.0,0.0,0.0,0.0,0.0,0.0,-3.810188631463075,-3.810188631463075
flat,single,0,off,0,619,-3.9832778279087258,265.0,0.8166859745979309,0.7658080458641052,1,-3.9832778279087258,-3.9832778279087258,1,0,off,0,0,0.0,0.0,0.0,0.0,0.0,0.0,0.0,0.0,0.0,0.0,0.0,-3.9832778279087258,-3.9832778279087258
flat,single,0,off,0,620,-5.4160616484878235,300.0,0.8268540501594543,0.7477478981018066,0,-5.4160616484878235,-5.4160616484878235,1,0,off,0,0,0.0,0.0,0.0,0.0,0.0,0.0,0.0,0.0,0.0,0.0,0.0,-5.4160616484878235,-5.4160616484878235
flat,single,0,off,0,621,-5.940476105804553,300.0,0.7570590972900391,0.5587763786315918,0,-5.940476105804553,-5.940476105804553,1,0,off,0,0,0.0,0.0,0.0,0.0,0.0,0.0,0.0,0.0,0.0,0.0,0.0,-5.940476105804553,-5.940476105804553
flat,single,0,off,0,622,-4.4124678865202975,281.0,0.8142480850219727,0.7691637277603149,1,-4.4124678865202975,-4.4124678865202975,1,0,off,0,0,0.0,0.0,0.0,0.0,0.0,0.0,0.0,0.0,0.0,0.0,0.0,-4.4124678865202975,-4.4124678865202975
flat,single,0,off,0,623,-5.416472407107344,300.0,0.8410541415214539,0.7761713862419128,0,-5.416472407107344,-5.416472407107344,1,0,off,0,0,0.0,0.0,0.0,0.0,0.0,0.0,0.0,0.0,0.0,0.0,0.0,-5.416472407107344,-5.416472407107344
flat,single,0,off,0,624,-5.493492276669698,300.0,0.8076480031013489,0.5900892615318298,0,-5.493492276669698,-5.493492276669698,1,0,off,0,0,0.0,0.0,0.0,0.0,0.0,0.0,0.0,0.0,0.0,0.0,0.0,-5.493492276669698,-5.493492276669698
flat,single,0,off,0,625,-4.221159229247116,275.0,0.8186460137367249,0.801379919052124,1,-4.221159229247116,-4.221159229247116,1,0,off,0,0,0.0,0.0,0.0,0.0,0.0,0.0,0.0,0.0,0.0,0.0,0.0,-4.221159229247116,-4.221159229247116
flat,single,0,off,0,626,-3.87103675544144,262.0,0.8105371594429016,0.7652224898338318,1,-3.87103675544144,-3.87103675544144,1,0,off,0,0,0.0,0.0,0.0,0.0,0.0,0.0,0.0,0.0,0.0,0.0,0.0,-3.87103675544144,-3.87103675544144
flat,single,0,off,0,627,-3.776727738388564,260.0,0.8286709189414978,0.7750688791275024,1,-3.776727738388564,-3.776727738388564,1,0,off,0,0,0.0,0.0,0.0,0.0,0.0,0.0,0.0,0.0,0.0,0.0,0.0,-3.776727738388564,-3.776727738388564
flat,single,0,off,0,628,-3.019338663030625,233.0,0.7750798463821411,0.718355119228363,1,-3.019338663030625,-3.019338663030625,1,0,off,0,0,0.0,0.0,0.0,0.0,0.0,0.0,0.0,0.0,0.0,0.0,0.0,-3.019338663030625,-3.019338663030625
flat,single,0,off,0,629,-4.1100337428564595,270.0,0.8005419373512268,0.7677785158157349,1,-4.1100337428564595,-4.1100337428564595,1,0,off,0,0,0.0,0.0,0.0,0.0,0.0,0.0,0.0,0.0,0.0,0.0,0.0,-4.1100337428564595,-4.1100337428564595
flat,single,0,off,0,630,-4.2449323885666495,275.0,0.8035078048706055,0.7677785158157349,1,-4.2449323885666495,-4.2449323885666495,1,0,off,0,0,0.0,0.0,0.0,0.0,0.0,0.0,0.0,0.0,0.0,0.0,0.0,-4.2449323885666495,-4.2449323885666495
flat,single,0,off,0,631,-5.377390670956807,300.0,0.8331241011619568,0.8107276558876038,0,-5.377390670956807,-5.377390670956807,1,0,off,0,0,0.0,0.0,0.0,0.0,0.0,0.0,0.0,0.0,0.0,0.0,0.0,-5.377390670956807,-5.377390670956807
flat,single,0,off,0,632,-3.6615689045737785,254.0,0.79896080493927,0.7481568455696106,1,-3.6615689045737785,-3.6615689045737785,1,0,off,0,0,0.0,0.0,0.0,0.0,0.0,0.0,0.0,0.0,0.0,0.0,0.0,-3.6615689045737785,-3.6615689045737785
flat,single,0,off,0,633,-3.6248154381150166,253.0,0.7986730337142944,0.7535606026649475,1,-3.6248154381150166,-3.6248154381150166,1,0,off,0,0,0.0,0.0,0.0,0.0,0.0,0.0,0.0,0.0,0.0,0.0,0.0,-3.6248154381150166,-3.6248154381150166
flat,single,0,off,0,634,-5.473873755231035,300.0,0.8124892115592957,0.7382266521453857,0,-5.473873755231035,-5.473873755231035,1,0,off,0,0,0.0,0.0,0.0,0.0,0.0,0.0,0.0,0.0,0.0,0.0,0.0,-5.473873755231035,-5.473873755231035
flat,single,0,off,0,635,-4.947982208826592,300.0,0.8049200773239136,0.7677785158157349,1,-4.947982208826592,-4.947982208826592,1,0,off,0,0,0.0,0.0,0.0,0.0,0.0,0.0,0.0,0.0,0.0,0.0,0.0,-4.947982208826592,-4.947982208826592
flat,single,0,off,0,636,-2.8659382569172696,228.0,0.7887320518493652,0.7689886689186096,1,-2.8659382569172696,-2.8659382569172696,1,0,off,0,0,0.0,0.0,0.0,0.0,0.0,0.0,0.0,0.0,0.0,0.0,0.0,-2.8659382569172696,-2.8659382569172696
flat,single,0,off,0,637,-5.370998768747073,300.0,0.8255221247673035,0.7510533332824707,0,-5.370998768747073,-5.370998768747073,1,0,off,0,0,0.0,0.0,0.0,0.0,0.0,0.0,0.0,0.0,0.0,0.0,0.0,-5.370998768747073,-5.370998768747073
flat,single,0,off,0,638,-4.151741562725505,270.0,0.8204182386398315,0.7232844829559326,1,-4.151741562725505,-4.151741562725505,1,0,off,0,0,0.0,0.0,0.0,0.0,0.0,0.0,0.0,0.0,0.0,0.0,0.0,-4.151741562725505,-4.151741562725505
flat,single,0,off,0,639,-5.43381292945123,300.0,0.8258594274520874,0.7642402648925781,0,-5.43381292945123,-5.43381292945123,1,0,off,0,0,0.0,0.0,0.0,0.0,0.0,0.0,0.0,0.0,0.0,0.0,0.0,-5.43381292945123,-5.43381292945123
flat,single,0,off,0,640,-5.863270245440078,300.0,0.8012744188308716,0.6582105755805969,0,-5.863270245440078,-5.863270245440078,1,0,off,0,0,0.0,0.0,0.0,0.0,0.0,0.0,0.0,0.0,0.0,0.0,0.0,-5.863270245440078,-5.863270245440078
flat,single,0,off,0,641,-3.331038556821857,243.0,0.7828150987625122,0.7470993995666504,1,-3.331038556821857,-3.331038556821857,1,0,off,0,0,0.0,0.0,0.0,0.0,0.0,0.0,0.0,0.0,0.0,0.0,0.0,-3.331038556821857,-3.331038556821857
flat,single,0,off,0,642,-4.28992216998709,276.0,0.8228057622909546,0.7245265245437622,1,-4.28992216998709,-4.28992216998709,1,0,off,0,0,0.0,0.0,0.0,0.0,0.0,0.0,0.0,0.0,0.0,0.0,0.0,-4.28992216998709,-4.28992216998709
flat,single,0,off,0,643,-4.4266506224707545,281.0,0.8296812176704407,0.773422360420227,1,-4.4266506224707545,-4.4266506224707545,1,0,off,0,0,0.0,0.0,0.0,0.0,0.0,0.0,0.0,0.0,0.0,0.0,0.0,-4.4266506224707545,-4.4266506224707545
flat,single,0,off,0,644,-3.868562032405748,261.0,0.8052013516426086,0.7465232610702515,1,-3.868562032405748,-3.868562032405748,1,0,off,0,0,0.0,0.0,0.0,0.0,0.0,0.0,0.0,0.0,0.0,0.0,0.0,-3.868562032405748,-3.868562032405748
flat,single,0,off,0,645,-4.0084739241876965,266.0,0.7965890169143677,0.754544198513031,1,-4.0084739241876965,-4.0084739241876965,1,0,off,0,0,0.0,0.0,0.0,0.0,0.0,0.0,0.0,0.0,0.0,0.0,0.0,-4.0084739241876965,-4.0084739241876965
flat,single,0,off,0,646,-3.771726492424479,259.0,0.7850192785263062,0.7393889427185059,1,-3.771726492424479,-3.771726492424479,1,0,off,0,0,0.0,0.0,0.0,0.0,0.0,0.0,0.0,0.0,0.0,0.0,0.0,-3.771726492424479,-3.771726492424479
flat,single,0,off,0,647,-3.3348910079733245,244.0,0.8024021983146667,0.7677785158157349,1,-3.3348910079733245,-3.3348910079733245,1,0,off,0,0,0.0,0.0,0.0,0.0,0.0,0.0,0.0,0.0,0.0,0.0,0.0,-3.3348910079733245,-3.3348910079733245
flat,single,0,off,0,648,-3.5539941797614825,250.0,0.7941032648086548,0.7410470843315125,1,-3.5539941797614825,-3.5539941797614825,1,0,off,0,0,0.0,0.0,0.0,0.0,0.0,0.0,0.0,0.0,0.0,0.0,0.0,-3.5539941797614825,-3.5539941797614825
flat,single,0,off,0,649,-4.699498589034187,290.0,0.8376023173332214,0.7863973379135132,1,-4.699498589034187,-4.699498589034187,1,0,off,0,0,0.0,0.0,0.0,0.0,0.0,0.0,0.0,0.0,0.0,0.0,0.0,-4.699498589034187,-4.699498589034187
flat,single,0,off,0,650,-4.181659295348196,272.0,0.8062826991081238,0.7576594352722168,1,-4.181659295348196,-4.181659295348196,1,0,off,0,0,0.0,0.0,0.0,0.0,0.0,0.0,0.0,0.0,0.0,0.0,0.0,-4.181659295348196,-4.181659295348196
flat,single,0,off,0,651,-3.4405036898178327,247.0,0.7988876104354858,0.7549920678138733,1,-3.4405036898178327,-3.4405036898178327,1,0,off,0,0,0.0,0.0,0.0,0.0,0.0,0.0,0.0,0.0,0.0,0.0,0.0,-3.4405036898178327,-3.4405036898178327
flat,single,0,off,0,652,-3.724617930439977,257.0,0.8054665923118591,0.750344455242157,1,-3.724617930439977,-3.724617930439977,1,0,off,0,0,0.0,0.0,0.0,0.0,0.0,0.0,0.0,0.0,0.0,0.0,0.0,-3.724617930439977,-3.724617930439977
flat,single,0,off,0,653,-4.152804062080092,271.0,0.8006836771965027,0.7498254179954529,1,-4.152804062080092,-4.152804062080092,1,0,off,0,0,0.0,0.0,0.0,0.0,0.0,0.0,0.0,0.0,0.0,0.0,0.0,-4.152804062080092,-4.152804062080092
flat,single,0,off,0,654,-4.296978845492098,276.0,0.843255341053009,0.8194350004196167,1,-4.296978845492098,-4.296978845492098,1,0,off,0,0,0.0,0.0,0.0,0.0,0.0,0.0,0.0,0.0,0.0,0.0,0.0,-4.296978845492098,-4.296978845492098
flat,single,0,off,0,655,-3.6526330068171715,254.0,0.8082337379455566,0.729572594165802,1,-3.6526330068171715,-3.6526330068171715,1,0,off,0,0,0.0,0.0,0.0,0.0,0.0,0.0,0.0,0.0,0.0,0.0,0.0,-3.6526330068171715,-3.6526330068171715
flat,single,0,off,0,656,-5.394287304108731,300.0,0.8132802844047546,0.7051331400871277,0,-5.394287304108731,-5.394287304108731,1,0,off,0,0,0.0,0.0,0.0,0.0,0.0,0.0,0.0,0.0,0.0,0.0,0.0,-5.394287304108731,-5.394287304108731
flat,single,0,off,0,657,-2.882743788881906,229.0,0.781988263130188,0.7232506275177002,1,-2.882743788881906,-2.882743788881906,1,0,off,0,0,0.0,0.0,0.0,0.0,0.0,0.0,0.0,0.0,0.0,0.0,0.0,-2.882743788881906,-2.882743788881906
flat,single,0,off,0,658,-3.7177371079067028,257.0,0.8049150109291077,0.7833630442619324,1,-3.7177371079067028,-3.7177371079067028,1,0,off,0,0,0.0,0.0,0.0,0.0,0.0,0.0,0.0,0.0,0.0,0.0,0.0,-3.7177371079067028,-3.7177371079067028
flat,single,0,off,0,659,-6.080683904071344,300.0,0.716713547706604,0.4325450360774994,0,-6.080683904071344,-6.080683904071344,1,0,off,0,0,0.0,0.0,0.0,0.0,0.0,0.0,0.0,0.0,0.0,0.0,0.0,-6.080683904071344,-6.080683904071344
flat,single,0,off,0,660,-2.9949672250391264,232.0,0.7901808619499207,0.761734664440155,1,-2.9949672250391264,-2.9949672250391264,1,0,off,0,0,0.0,0.0,0.0,0.0,0.0,0.0,0.0,0.0,0.0,0.0,0.0,-2.9949672250391264,-2.9949672250391264
flat,single,0,off,0,661,-3.923106767904221,263.0,0.7908883690834045,0.7452986240386963,1,-3.923106767904221,-3.923106767904221,1,0,off,0,0,0.0,0.0,0.0,0.0,0.0,0.0,0.0,0.0,0.0,0.0,0.0,-3.923106767904221,-3.923106767904221
flat,single,0,off,0,662,-5.030210666998744,300.0,0.8323153257369995,0.8042023181915283,1,-5.030210666998744,-5.030210666998744,1,0,off,0,0,0.0,0.0,0.0,0.0,0.0,0.0,0.0,0.0,0.0,0.0,0.0,-5.030210666998744,-5.030210666998744
flat,single,0,off,0,663,-3.7425686140253696,255.0,0.7914676666259766,0.7101094126701355,1,-3.7425686140253696,-3.7425686140253696,1,0,off,0,0,0.0,0.0,0.0,0.0,0.0,0.0,0.0,0.0,0.0,0.0,0.0,-3.7425686140253696,-3.7425686140253696
flat,single,0,off,0,664,-3.547054572706084,250.0,0.7834941148757935,0.7179409861564636,1,-3.547054572706084,-3.547054572706084,1,0,off,0,0,0.0,0.0,0.0,0.0,0.0,0.0,0.0,0.0,0.0,0.0,0.0,-3.547054572706084,-3.547054572706084
flat,single,0,off,0,665,-4.718585048378439,291.0,0.8461298942565918,0.7880071997642517,1,-4.718585048378439,-4.718585048378439,1,0,off,0,0,0.0,0.0,0.0,0.0,0.0,0.0,0.0,0.0,0.0,0.0,0.0,-4.718585048378439,-4.718585048378439
flat,single,0,off,0,666,-5.56048474266429,300.0,0.787725567817688,0.5857003331184387,0,-5.56048474266429,-5.56048474266429,1,0,off,0,0,0.0,0.0,0.0,0.0,0.0,0.0,0.0,0.0,0.0,0.0,0.0,-5.56048474266429,-5.56048474266429
flat,single,0,off,0,667,-3.604483603702369,254.0,0.8057305216789246,0.7635220289230347,1,-3.604483603702369,-3.604483603702369,1,0,off,0,0,0.0,0.0,0.0,0.0,0.0,0.0,0.0,0.0,0.0,0.0,0.0,-3.604483603702369,-3.604483603702369
flat,single,0,off,0,668,-3.678907444296608,253.0,0.7899888753890991,0.7126779556274414,1,-3.678907444296608,-3.678907444296608,1,0,off,0,0,0.0,0.0,0.0,0.0,0.0,0.0,0.0,0.0,0.0,0.0,0.0,-3.678907444296608,-3.678907444296608
flat,single,0,off,0,669,-4.907157558726628,295.0,0.7908617854118347,0.7068994641304016,1,-4.907157558726628,-4.907157558726628,1,0,off,0,0,0.0,0.0,0.0,0.0,0.0,0.0,0.0,0.0,0.0,0.0,0.0,-4.907157558726628,-4.907157558726628
flat,single,0,off,0,670,-4.346212546033774,276.0,0.7768317461013794,0.7179409861564636,1,-4.346212546033774,-4.346212546033774,1,0,off,0,0,0.0,0.0,0.0,0.0,0.0,0.0,0.0,0.0,0.0,0.0,0.0,-4.346212546033774,-4.346212546033774
flat,single,0,off,0,671,-4.379563112206509,279.0,0.8088759183883667,0.7772842049598694,1,-4.379563112206509,-4.379563112206509,1,0,off,0,0,0.0,0.0,0.0,0.0,0.0,0.0,0.0,0.0,0.0,0.0,0.0,-4.379563112206509,-4.379563112206509
flat,single,0,off,0,672,-3.8268340039602258,261.0,0.8195272088050842,0.7897676229476929,1,-3.8268340039602258,-3.8268340039602258,1,0,off,0,0,0.0,0.0,0.0,0.0,0.0,0.0,0.0,0.0,0.0,0.0,0.0,-3.8268340039602258,-3.8268340039602258
flat,single,0,off,0,673,-4.701888682302089,289.0,0.8064199090003967,0.7511011958122253,1,-4.701888682302089,-4.701888682302089,1,0,off,0,0,0.0,0.0,0.0,0.0,0.0,0.0,0.0,0.0,0.0,0.0,0.0,-4.701888682302089,-4.701888682302089
flat,single,0,off,0,674,-5.816512401268125,300.0,0.8180924654006958,0.7657544612884521,0,-5.816512401268125,-5.816512401268125,1,0,off,0,0,0.0,0.0,0.0,0.0,0.0,0.0,0.0,0.0,0.0,0.0,0.0,-5.816512401268125,-5.816512401268125
flat,single,0,off,0,675,-4.509954486965424,283.0,0.8091874122619629,0.7719652652740479,1,-4.509954486965424,-4.509954486965424,1,0,off,0,0,0.0,0.0,0.0,0.0,0.0,0.0,0.0,0.0,0.0,0.0,0.0,-4.509954486965424,-4.509954486965424
flat,single,0,off,0,676,-2.8376843227736956,227.0,0.8019680976867676,0.7470993995666504,1,-2.8376843227736956,-2.8376843227736956,1,0,off,0,0,0.0,0.0,0.0,0.0,0.0,0.0,0.0,0.0,0.0,0.0,0.0,-2.8376843227736956,-2.8376843227736956
flat,single,0,off,0,677,-5.40144801352289,300.0,0.8100058436393738,0.7495682835578918,0,-5.40144801352289,-5.40144801352289,1,0,off,0,0,0.0,0.0,0.0,0.0,0.0,0.0,0.0,0.0,0.0,0.0,0.0,-5.40144801352289,-5.40144801352289
flat,single,0,off,0,678,-4.6035701842012235,287.0,0.8427233695983887,0.7945340871810913,1,-4.6035701842012235,-4.6035701842012235,1,0,off,0,0,0.0,0.0,0.0,0.0,0.0,0.0,0.0,0.0,0.0,0.0,0.0,-4.6035701842012235,-4.6035701842012235
flat,single,0,off,0,679,-5.467648200434624,300.0,0.7958935499191284,0.7410153746604919,0,-5.467648200434624,-5.467648200434624,1,0,off,0,0,0.0,0.0,0.0,0.0,0.0,0.0,0.0,0.0,0.0,0.0,0.0,-5.467648200434624,-5.467648200434624
flat,single,0,off,0,680,-3.58412094475466,251.0,0.8151384592056274,0.7639100551605225,1,-3.58412094475466,-3.58412094475466,1,0,off,0,0,0.0,0.0,0.0,0.0,0.0,0.0,0.0,0.0,0.0,0.0,0.0,-3.58412094475466,-3.58412094475466
flat,single,0,off,0,681,-5.417717677599305,300.0,0.7932408452033997,0.7608804702758789,0,-5.417717677599305,-5.417717677599305,1,0,off,0,0,0.0,0.0,0.0,0.0,0.0,0.0,0.0,0.0,0.0,0.0,0.0,-5.417717677599305,-5.417717677599305
flat,single,0,off,0,682,-3.2035712168912727,241.0,0.7775688767433167,0.7232506275177002,1,-3.2035712168912727,-3.2035712168912727,1,0,off,0,0,0.0,0.0,0.0,0.0,0.0,0.0,0.0,0.0,0.0,0.0,0.0,-3.2035712168912727,-3.2035712168912727
flat,single,0,off,0,683,-3.1725849336176,239.0,0.7885528206825256,0.7650586366653442,1,-3.1725849336176,-3.1725849336176,1,0,off,0,0,0.0,0.0,0.0,0.0,0.0,0.0,0.0,0.0,0.0,0.0,0.0,-3.1725849336176,-3.1725849336176
flat,single,0,off,0,684,-3.773565502957183,258.0,0.7896455526351929,0.7368783354759216,1,-3.773565502957183,-3.773565502957183,1,0,off,0,0,0.0,0.0,0.0,0.0,0.0,0.0,0.0,0.0,0.0,0.0,0.0,-3.773565502957183,-3.773565502957183
flat,single,0,off,0,685,-4.331564034611205,277.0,0.8137369155883789,0.7742158770561218,1,-4.331564034611205,-4.331564034611205,1,0,off,0,0,0.0,0.0,0.0,0.0,0.0,0.0,0.0,0.0,0.0,0.0,0.0,-4.331564034611205,-4.331564034611205
flat,single,0,off,0,686,-4.111441466992235,270.0,0.8090620040893555,0.7774750590324402,1,-4.111441466992235,-4.111441466992235,1,0,off,0,0,0.0,0.0,0.0,0.0,0.0,0.0,0.0,0.0,0.0,0.0,0.0,-4.111441466992235,-4.111441466992235
flat,single,0,off,0,687,-3.5840663328708406,250.0,0.7843605279922485,0.7576398253440857,1,-3.5840663328708406,-3.5840663328708406,1,0,off,0,0,0.0,0.0,0.0,0.0,0.0,0.0,0.0,0.0,0.0,0.0,0.0,-3.5840663328708406,-3.5840663328708406
flat,single,0,off,0,688,-4.058099110616582,270.0,0.7987378835678101,0.755659282207489,1,-4.058099110616582,-4.058099110616582,1,0,off,0,0,0.0,0.0,0.0,0.0,0.0,0.0,0.0,0.0,0.0,0.0,0.0,-4.058099110616582,-4.058099110616582
flat,single,0,off,0,689,-4.9199016111285765,297.0,0.8105015158653259,0.7504737973213196,1,-4.9199016111285765,-4.9199016111285765,1,0,off,0,0,0.0,0.0,0.0,0.0,0.0,0.0,0.0,0.0,0.0,0.0,0.0,-4.9199016111285765,-4.9199016111285765
flat,single,0,off,0,690,-4.990042396716305,300.0,0.8481619954109192,0.8045920729637146,1,-4.990042396716305,-4.990042396716305,1,0,off,0,0,0.0,0.0,0.0,0.0,0.0,0.0,0.0,0.0,0.0,0.0,0.0,-4.990042396716305,-4.990042396716305
flat,single,0,off,0,691,-5.438768139638693,300.0,0.841346800327301,0.7851670980453491,0,-5.438768139638693,-5.438768139638693,1,0,off,0,0,0.0,0.0,0.0,0.0,0.0,0.0,0.0,0.0,0.0,0.0,0.0,-5.438768139638693,-5.438768139638693
flat,single,0,off,0,692,-4.026394041095611,268.0,0.8194059729576111,0.7839813232421875,1,-4.026394041095611,-4.026394041095611,1,0,off,0,0,0.0,0.0,0.0,0.0,0.0,0.0,0.0,0.0,0.0,0.0,0.0,-4.026394041095611,-4.026394041095611
flat,single,0,off,0,693,-4.943967879335406,299.0,0.8225952386856079,0.786981463432312,1,-4.943967879335406,-4.943967879335406,1,0,off,0,0,0.0,0.0,0.0,0.0,0.0,0.0,0.0,0.0,0.0,0.0,0.0,-4.943967879335406,-4.943967879335406
flat,single,0,off,0,694,-4.634051368628849,289.0,0.8388397097587585,0.7713201642036438,1,-4.634051368628849,-4.634051368628849,1,0,off,0,0,0.0,0.0,0.0,0.0,0.0,0.0,0.0,0.0,0.0,0.0,0.0,-4.634051368628849,-4.634051368628849
flat,single,0,off,0,695,-2.8250344151712348,227.0,0.7898343205451965,0.7584662437438965,1,-2.8250344151712348,-2.8250344151712348,1,0,off,0,0,0.0,0.0,0.0,0.0,0.0,0.0,0.0,0.0,0.0,0.0,0.0,-2.8250344151712348,-2.8250344151712348
flat,single,0,off,0,696,-4.902373667710916,298.0,0.8437409996986389,0.7841649651527405,1,-4.902373667710916,-4.902373667710916,1,0,off,0,0,0.0,0.0,0.0,0.0,0.0,0.0,0.0,0.0,0.0,0.0,0.0,-4.902373667710916,-4.902373667710916
flat,single,0,off,0,697,-4.615373397504439,287.0,0.8247451186180115,0.7942526936531067,1,-4.615373397504439,-4.615373397504439,1,0,off,0,0,0.0,0.0,0.0,0.0,0.0,0.0,0.0,0.0,0.0,0.0,0.0,-4.615373397504439,-4.615373397504439
flat,single,0,off,0,698,-5.391031361301436,300.0,0.8031429648399353,0.7677785158157349,0,-5.391031361301436,-5.391031361301436,1,0,off,0,0,0.0,0.0,0.0,0.0,0.0,0.0,0.0,0.0,0.0,0.0,0.0,-5.391031361301436,-5.391031361301436
flat,single,0,off,0,699,-5.478750350308847,300.0,0.7768474221229553,0.7099296450614929,0,-5.478750350308847,-5.478750350308847,1,0,off,0,0,0.0,0.0,0.0,0.0,0.0,0.0,0.0,0.0,0.0,0.0,0.0,-5.478750350308847,-5.478750350308847
flat,single,0,off,0,700,-4.702311085507964,290.0,0.8283819556236267,0.7867667078971863,1,-4.702311085507964,-4.702311085507964,1,0,off,0,0,0.0,0.0,0.0,0.0,0.0,0.0,0.0,0.0,0.0,0.0,0.0,-4.702311085507964,-4.702311085507964
flat,single,0,off,0,701,-5.388694495806689,300.0,0.8339824676513672,0.7719114422798157,0,-5.388694495806689,-5.388694495806689,1,0,off,0,0,0.0,0.0,0.0,0.0,0.0,0.0,0.0,0.0,0.0,0.0,0.0,-5.388694495806689,-5.388694495806689
flat,single,0,off,0,702,-4.5905428506457095,287.0,0.7868580222129822,0.7526192665100098,1,-4.5905428506457095,-4.5905428506457095,1,0,off,0,0,0.0,0.0,0.0,0.0,0.0,0.0,0.0,0.0,0.0,0.0,0.0,-4.5905428506457095,-4.5905428506457095
flat,single,0,off,0,703,-6.191871200304035,300.0,0.7684970498085022,0.6759268045425415,0,-6.191871200304035,-6.191871200304035,1,0,off,0,0,0.0,0.0,0.0,0.0,0.0,0.0,0.0,0.0,0.0,0.0,0.0,-6.191871200304035,-6.191871200304035
flat,single,0,off,0,704,-3.703980423791771,257.0,0.813385009765625,0.7783516049385071,1,-3.703980423791771,-3.703980423791771,1,0,off,0,0,0.0,0.0,0.0,0.0,0.0,0.0,0.0,0.0,0.0,0.0,0.0,-3.703980423791771,-3.703980423791771
flat,single,0,off,0,705,-5.403641534072802,300.0,0.8337076902389526,0.6866350173950195,0,-5.403641534072802,-5.403641534072802,1,0,off,0,0,0.0,0.0,0.0,0.0,0.0,0.0,0.0,0.0,0.0,0.0,0.0,-5.403641534072802,-5.403641534072802
flat,single,0,off,0,706,-4.4027993178926295,280.0,0.822085440158844,0.7873246669769287,1,-4.4027993178926295,-4.4027993178926295,1,0,off,0,0,0.0,0.0,0.0,0.0,0.0,0.0,0.0,0.0,0.0,0.0,0.0,-4.4027993178926295,-4.4027993178926295
flat,single,0,off,0,707,-4.172699086562478,272.0,0.8232712149620056,0.7576594352722168,1,-4.172699086562478,-4.172699086562478,1,0,off,0,0,0.0,0.0,0.0,0.0,0.0,0.0,0.0,0.0,0.0,0.0,0.0,-4.172699086562478,-4.172699086562478
flat,single,0,off,0,708,-4.013226037304834,266.0,0.7949749827384949,0.7368783354759216,1,-4.013226037304834,-4.013226037304834,1,0,off,0,0,0.0,0.0,0.0,0.0,0.0,0.0,0.0,0.0,0.0,0.0,0.0,-4.013226037304834,-4.013226037304834
flat,single,0,off,0,709,-3.0986651724332246,236.0,0.7973341941833496,0.7689886689186096,1,-3.0986651724332246,-3.0986651724332246,1,0,off,0,0,0.0,0.0,0.0,0.0,0.0,0.0,0.0,0.0,0.0,0.0,0.0,-3.0986651724332246,-3.0986651724332246
flat,single,0,off,0,710,-3.545413893822094,250.0,0.8189970850944519,0.772873044013977,1,-3.545413893822094,-3.545413893822094,1,0,off,0,0,0.0,0.0,0.0,0.0,0.0,0.0,0.0,0.0,0.0,0.0,0.0,-3.545413893822094,-3.545413893822094
flat,single,0,off,0,711,-4.99646053051109,300.0,0.826375424861908,0.785301685333252,1,-4.99646053051109,-4.99646053051109,1,0,off,0,0,0.0,0.0,0.0,0.0,0.0,0.0,0.0,0.0,0.0,0.0,0.0,-4.99646053051109,-4.99646053051109
flat,single,0,off,0,712,-5.460033504938493,300.0,0.8014270663261414,0.7576398253440857,0,-5.460033504938493,-5.460033504938493,1,0,off,0,0,0.0,0.0,0.0,0.0,0.0,0.0,0.0,0.0,0.0,0.0,0.0,-5.460033504938493,-5.460033504938493
flat,single,0,off,0,713,-4.2303488330717505,273.0,0.8203989267349243,0.7470993995666504,1,-4.2303488330717505,-4.2303488330717505,1,0,off,0,0,0.0,0.0,0.0,0.0,0.0,0.0,0.0,0.0,0.0,0.0,0.0,-4.2303488330717505,-4.2303488330717505
flat,single,0,off,0,714,-3.5086963656463017,249.0,0.7915800213813782,0.7311491966247559,1,-3.5086963656463017,-3.5086963656463017,1,0,off,0,0,0.0,0.0,0.0,0.0,0.0,0.0,0.0,0.0,0.0,0.0,0.0,-3.5086963656463017,-3.5086963656463017
flat,single,0,off,0,715,-5.41513610078836,300.0,0.794117271900177,0.7606532573699951,0,-5.41513610078836,-5.41513610078836,1,0,off,0,0,0.0,0.0,0.0,0.0,0.0,0.0,0.0,0.0,0.0,0.0,0.0,-5.41513610078836,-5.41513610078836
flat,single,0,off,0,716,-3.80901089593534,260.0,0.7962362170219421,0.754544198513031,1,-3.80901089593534,-3.80901089593534,1,0,off,0,0,0.0,0.0,0.0,0.0,0.0,0.0,0.0,0.0,0.0,0.0,0.0,-3.80901089593534,-3.80901089593534
flat,single,0,off,0,717,-4.206667280374075,272.0,0.8165111541748047,0.7731971144676208,1,-4.206667280374075,-4.206667280374075,1,0,off,0,0,0.0,0.0,0.0,0.0,0.0,0.0,0.0,0.0,0.0,0.0,0.0,-4.206667280374075,-4.206667280374075
flat,single,0,off,0,718,-2.8192333886539354,227.0,0.7942484021186829,0.74996417760849,1,-2.8192333886539354,-2.8192333886539354,1,0,off,0,0,0.0,0.0,0.0,0.0,0.0,0.0,0.0,0.0,0.0,0.0,0.0,-2.8192333886539354,-2.8192333886539354
flat,single,0,off,0,719,-4.622722318884908,285.0,0.7874017357826233,0.7470993995666504,1,-4.622722318884908,-4.622722318884908,1,0,off,0,0,0.0,0.0,0.0,0.0,0.0,0.0,0.0,0.0,0.0,0.0,0.0,-4.622722318884908,-4.622722318884908
flat,single,0,off,0,720,-5.372857003123483,300.0,0.8178434371948242,0.7731971144676208,0,-5.372857003123483,-5.372857003123483,1,0,off,0,0,0.0,0.0,0.0,0.0,0.0,0.0,0.0,0.0,0.0,0.0,0.0,-5.372857003123483,-5.372857003123483
flat,single,0,off,0,721,-5.386790407198701,300.0,0.8295803070068359,0.7814412117004395,0,-5.386790407198701,-5.386790407198701,1,0,off,0,0,0.0,0.0,0.0,0.0,0.0,0.0,0.0,0.0,0.0,0.0,0.0,-5.386790407198701,-5.386790407198701
flat,single,0,off,0,722,-3.6167478381271714,252.0,0.7875004410743713,0.7319686412811279,1,-3.6167478381271714,-3.6167478381271714,1,0,off,0,0,0.0,0.0,0.0,0.0,0.0,0.0,0.0,0.0,0.0,0.0,0.0,-3.6167478381271714,-3.6167478381271714
flat,single,0,off,0,723,-2.8404772915376646,227.0,0.7849909067153931,0.7470993995666504,1,-2.8404772915376646,-2.8404772915376646,1,0,off,0,0,0.0,0.0,0.0,0.0,0.0,0.0,0.0,0.0,0.0,0.0,0.0,-2.8404772915376646,-2.8404772915376646
flat,single,0,off,0,724,-3.267145069187945,240.0,0.7970141768455505,0.7232506275177002,1,-3.267145069187945,-3.267145069187945,1,0,off,0,0,0.0,0.0,0.0,0.0,0.0,0.0,0.0,0.0,0.0,0.0,0.0,-3.267145069187945,-3.267145069187945
flat,single,0,off,0,725,-4.917267257063659,296.0,0.7839683294296265,0.7307732701301575,1,-4.917267257063659,-4.917267257063659,1,0,off,0,0,0.0,0.0,0.0,0.0,0.0,0.0,0.0,0.0,0.0,0.0,0.0,-4.917267257063659,-4.917267257063659
flat,single,0,off,0,726,-4.366594950740678,277.0,0.8186922073364258,0.7692831754684448,1,-4.366594950740678,-4.366594950740678,1,0,off,0,0,0.0,0.0,0.0,0.0,0.0,0.0,0.0,0.0,0.0,0.0,0.0,-4.366594950740678,-4.366594950740678
flat,single,0,off,0,727,-3.404244048335801,246.0,0.7925985455513,0.7232506275177002,1,-3.404244048335801,-3.404244048335801,1,0,off,0,0,0.0,0.0,0.0,0.0,0.0,0.0,0.0,0.0,0.0,0.0,0.0,-3.404244048335801,-3.404244048335801
flat,single,0,off,0,728,-4.208972669694326,274.0,0.8076192140579224,0.7740473747253418,1,-4.208972669694326,-4.208972669694326,1,0,off,0,0,0.0,0.0,0.0,0.0,0.0,0.0,0.0,0.0,0.0,0.0,0.0,-4.208972669694326,-4.208972669694326
flat,single,0,off,0,729,-5.3590095798310395,300.0,0.8173449635505676,0.7811198830604553,0,-5.3590095798310395,-5.3590095798310395,1,0,off,0,0,0.0,0.0,0.0,0.0,0.0,0.0,0.0,0.0,0.0,0.0,0.0,-5.3590095798310395,-5.3590095798310395
flat,single,0,off,0,730,-4.2472297725267625,275.0,0.8097006678581238,0.7677785158157349,1,-4.2472297725267625,-4.2472297725267625,1,0,off,0,0,0.0,0.0,0.0,0.0,0.0,0.0,0.0,0.0,0.0,0.0,0.0,-4.2472297725267625,-4.2472297725267625
flat,single,0,off,0,731,-3.269571601892793,242.0,0.8052437901496887,0.7547025680541992,1,-3.269571601892793,-3.269571601892793,1,0,off,0,0,0.0,0.0,0.0,0.0,0.0,0.0,0.0,0.0,0.0,0.0,0.0,-3.269571601892793,-3.269571601892793
flat,single,0,off,0,732,-5.413032692379783,300.0,0.8166926503181458,0.7748078107833862,0,-5.413032692379783,-5.413032692379783,1,0,off,0,0,0.0,0.0,0.0,0.0,0.0,0.0,0.0,0.0,0.0,0.0,0.0,-5.413032692379783,-5.413032692379783
flat,single,0,off,0,733,-4.21144836799764,276.0,0.8396422266960144,0.8039258122444153,1,-4.21144836799764,-4.21144836799764,1,0,off,0,0,0.0,0.0,0.0,0.0,0.0,0.0,0.0,0.0,0.0,0.0,0.0,-4.21144836799764,-4.21144836799764
flat,single,0,off,0,734,-5.8464699313452035,300.0,0.7795006036758423,0.6347827911376953,0,-5.8464699313452035,-5.8464699313452035,1,0,off,0,0,0.0,0.0,0.0,0.0,0.0,0.0,0.0,0.0,0.0,0.0,0.0,-5.8464699313452035,-5.8464699313452035
flat,single,0,off,0,735,-3.663612259657797,256.0,0.8031034469604492,0.769916296005249,1,-3.663612259657797,-3.663612259657797,1,0,off,0,0,0.0,0.0,0.0,0.0,0.0,0.0,0.0,0.0,0.0,0.0,0.0,-3.663612259657797,-3.663612259657797
flat,single,0,off,0,736,-4.65064125401433,289.0,0.8217831254005432,0.785788893699646,1,-4.65064125401433,-4.65064125401433,1,0,off,0,0,0.0,0.0,0.0,0.0,0.0,0.0,0.0,0.0,0.0,0.0,0.0,-4.65064125401433,-4.65064125401433
flat,single,0,off,0,737,-5.839197202125798,300.0,0.7949880361557007,0.724578857421875,0,-5.839197202125798,-5.839197202125798,1,0,off,0,0,0.0,0.0,0.0,0.0,0.0,0.0,0.0,0.0,0.0,0.0,0.0,-5.839197202125798,-5.839197202125798
flat,single,0,off,0,738,-5.412838811945402,300.0,0.8172003626823425,0.7056164145469666,0,-5.412838811945402,-5.412838811945402,1,0,off,0,0,0.0,0.0,0.0,0.0,0.0,0.0,0.0,0.0,0.0,0.0,0.0,-5.412838811945402,-5.412838811945402
flat,single,0,off,0,739,-3.713401904144538,256.0,0.8030090928077698,0.7677785158157349,1,-3.713401904144538,-3.713401904144538,1,0,off,0,0,0.0,0.0,0.0,0.0,0.0,0.0,0.0,0.0,0.0,0.0,0.0,-3.713401904144538,-3.713401904144538
flat,single,0,off,0,740,-4.447842779686894,281.0,0.8407395482063293,0.8025693893432617,1,-4.447842779686894,-4.447842779686894,1,0,off,0,0,0.0,0.0,0.0,0.0,0.0,0.0,0.0,0.0,0.0,0.0,0.0,-4.447842779686894,-4.447842779686894
flat,single,0,off,0,741,-3.7497642723528974,258.0,0.81334388256073,0.7813882827758789,1,-3.7497642723528974,-3.7497642723528974,1,0,off,0,0,0.0,0.0,0.0,0.0,0.0,0.0,0.0,0.0,0.0,0.0,0.0,-3.7497642723528974,-3.7497642723528974
flat,single,0,off,0,742,-3.558444438092397,253.0,0.8022750020027161,0.7576594352722168,1,-3.558444438092397,-3.558444438092397,1,0,off,0,0,0.0,0.0,0.0,0.0,0.0,0.0,0.0,0.0,0.0,0.0,0.0,-3.558444438092397,-3.558444438092397
flat,single,0,off,0,743,-3.134217299444111,239.0,0.7948004603385925,0.7605673670768738,1,-3.134217299444111,-3.134217299444111,1,0,off,0,0,0.0,0.0,0.0,0.0,0.0,0.0,0.0,0.0,0.0,0.0,0.0,-3.134217299444111,-3.134217299444111
flat,single,0,off,0,744,-3.3928367822279473,247.0,0.8110986351966858,0.7904055714607239,1,-3.3928367822279473,-3.3928367822279473,1,0,off,0,0,0.0,0.0,0.0,0.0,0.0,0.0,0.0,0.0,0.0,0.0,0.0,-3.3928367822279473,-3.3928367822279473
flat,single,0,off,0,745,-3.802534962380289,259.0,0.798633873462677,0.7677785158157349,1,-3.802534962380289,-3.802534962380289,1,0,off,0,0,0.0,0.0,0.0,0.0,0.0,0.0,0.0,0.0,0.0,0.0,0.0,-3.802534962380289,-3.802534962380289
flat,single,0,off,0,746,-5.392163312749459,300.0,0.8292935490608215,0.7840619087219238,0,-5.392163312749459,-5.392163312749459,1,0,off,0,0,0.0,0.0,0.0,0.0,0.0,0.0,0.0,0.0,0.0,0.0,0.0,-5.392163312749459,-5.392163312749459
flat,single,0,off,0,747,-3.3442893627832895,243.0,0.8070540428161621,0.7830933332443237,1,-3.3442893627832895,-3.3442893627832895,1,0,off,0,0,0.0,0.0,0.0,0.0,0.0,0.0,0.0,0.0,0.0,0.0,0.0,-3.3442893627832895,-3.3442893627832895
flat,single,0,off,0,748,-3.2118415352422467,240.0,0.8006234169006348,0.7470993995666504,1,-3.2118415352422467,-3.2118415352422467,1,0,off,0,0,0.0,0.0,0.0,0.0,0.0,0.0,0.0,0.0,0.0,0.0,0.0,-3.2118415352422467,-3.2118415352422467
flat,single,0,off,0,749,-3.516474615312159,251.0,0.8140058517456055,0.778242290019989,1,-3.516474615312159,-3.516474615312159,1,0,off,0,0,0.0,0.0,0.0,0.0,0.0,0.0,0.0,0.0,0.0,0.0,0.0,-3.516474615312159,-3.516474615312159
flat,single,0,off,0,750,-5.917816969612637,300.0,0.7543794512748718,0.4979957938194275,0,-5.917816969612637,-5.917816969612637,1,0,off,0,0,0.0,0.0,0.0,0.0,0.0,0.0,0.0,0.0,0.0,0.0,0.0,-5.917816969612637,-5.917816969612637
flat,single,0,off,0,751,-4.396002220397341,280.0,0.8247982859611511,0.7735932469367981,1,-4.396002220397341,-4.396002220397341,1,0,off,0,0,0.0,0.0,0.0,0.0,0.0,0.0,0.0,0.0,0.0,0.0,0.0,-4.396002220397341,-4.396002220397341
flat,single,0,off,0,752,-5.872277673601644,300.0,0.7730534672737122,0.6222866177558899,0,-5.872277673601644,-5.872277673601644,1,0,off,0,0,0.0,0.0,0.0,0.0,0.0,0.0,0.0,0.0,0.0,0.0,0.0,-5.872277673601644,-5.872277673601644
flat,single,0,off,0,753,-3.917432876633221,263.0,0.8185234069824219,0.7884401082992554,1,-3.917432876633221,-3.917432876633221,1,0,off,0,0,0.0,0.0,0.0,0.0,0.0,0.0,0.0,0.0,0.0,0.0,0.0,-3.917432876633221,-3.917432876633221
flat,single,0,off,0,754,-3.5129391412134137,250.0,0.8091065287590027,0.7487021088600159,1,-3.5129391412134137,-3.5129391412134137,1,0,off,0,0,0.0,0.0,0.0,0.0,0.0,0.0,0.0,0.0,0.0,0.0,0.0,-3.5129391412134137,-3.5129391412134137
flat,single,0,off,0,755,-5.395597420196295,300.0,0.8097057938575745,0.7454295754432678,0,-5.395597420196295,-5.395597420196295,1,0,off,0,0,0.0,0.0,0.0,0.0,0.0,0.0,0.0,0.0,0.0,0.0,0.0,-5.395597420196295,-5.395597420196295
flat,single,0,off,0,756,-3.065043052593225,234.0,0.7896480560302734,0.7576594352722168,1,-3.065043052593225,-3.065043052593225,1,0,off,0,0,0.0,0.0,0.0,0.0,0.0,0.0,0.0,0.0,0.0,0.0,0.0,-3.065043052593225,-3.065043052593225
flat,single,0,off,0,757,-4.306984796766178,276.0,0.840595543384552,0.7867667078971863,1,-4.306984796766178,-4.306984796766178,1,0,off,0,0,0.0,0.0,0.0,0.0,0.0,0.0,0.0,0.0,0.0,0.0,0.0,-4.306984796766178,-4.306984796766178
flat,single,0,off,0,758,-5.498543703608459,300.0,0.7663804888725281,0.5619727969169617,0,-5.498543703608459,-5.498543703608459,1,0,off,0,0,0.0,0.0,0.0,0.0,0.0,0.0,0.0,0.0,0.0,0.0,0.0,-5.498543703608459,-5.498543703608459
flat,single,0,off,0,759,-3.2187134283408305,239.0,0.778256893157959,0.7179409861564636,1,-3.2187134283408305,-3.2187134283408305,1,0,off,0,0,0.0,0.0,0.0,0.0,0.0,0.0,0.0,0.0,0.0,0.0,0.0,-3.2187134283408305,-3.2187134283408305
flat,single,0,off,0,760,-3.9264180141151748,265.0,0.8359594941139221,0.7844265103340149,1,-3.9264180141151748,-3.9264180141151748,1,0,off,0,0,0.0,0.0,0.0,0.0,0.0,0.0,0.0,0.0,0.0,0.0,0.0,-3.9264180141151748,-3.9264180141151748
flat,single,0,off,0,761,-3.803200365665809,259.0,0.801946759223938,0.7797876000404358,1,-3.803200365665809,-3.803200365665809,1,0,off,0,0,0.0,0.0,0.0,0.0,0.0,0.0,0.0,0.0,0.0,0.0,0.0,-3.803200365665809,-3.803200365665809
flat,single,0,off,0,762,-3.8409245378244403,262.0,0.8117222189903259,0.7835058569908142,1,-3.8409245378244403,-3.8409245378244403,1,0,off,0,0,0.0,0.0,0.0,0.0,0.0,0.0,0.0,0.0,0.0,0.0,0.0,-3.8409245378244403,-3.8409245378244403
flat,single,0,off,0,763,-3.7848921664815602,260.0,0.8108140230178833,0.7515988349914551,1,-3.7848921664815602,-3.7848921664815602,1,0,off,0,0,0.0,0.0,0.0,0.0,0.0,0.0,0.0,0.0,0.0,0.0,0.0,-3.7848921664815602,-3.7848921664815602
flat,single,0,off,0,764,-4.323987386045035,276.0,0.8363901972770691,0.7824116349220276,1,-4.323987386045035,-4.323987386045035,1,0,off,0,0,0.0,0.0,0.0,0.0,0.0,0.0,0.0,0.0,0.0,0.0,0.0,-4.323987386045035,-4.323987386045035
flat,single,0,off,0,765,-3.3988822777534113,246.0,0.8057745695114136,0.7683975696563721,1,-3.3988822777534113,-3.3988822777534113,1,0,off,0,0,0.0,0.0,0.0,0.0,0.0,0.0,0.0,0.0,0.0,0.0,0.0,-3.3988822777534113,-3.3988822777534113
flat,single,0,off,0,766,-3.4691575000865558,249.0,0.7812021970748901,0.7452929019927979,1,-3.4691575000865558,-3.4691575000865558,1,0,off,0,0,0.0,0.0,0.0,0.0,0.0,0.0,0.0,0.0,0.0,0.0,0.0,-3.4691575000865558,-3.4691575000865558
flat,single,0,off,0,767,-3.976571519364364,265.0,0.7983260154724121,0.7677785158157349,1,-3.976571519364364,-3.976571519364364,1,0,off,0,0,0.0,0.0,0.0,0.0,0.0,0.0,0.0,0.0,0.0,0.0,0.0,-3.976571519364364,-3.976571519364364
flat,single,0,off,0,768,-4.491864536344077,282.0,0.7968178391456604,0.7646443247795105,1,-4.491864536344077,-4.491864536344077,1,0,off,0,0,0.0,0.0,0.0,0.0,0.0,0.0,0.0,0.0,0.0,0.0,0.0,-4.491864536344077,-4.491864536344077
flat,single,0,off,0,769,-4.084990435370699,268.0,0.798483669757843,0.7470993995666504,1,-4.084990435370699,-4.084990435370699,1,0,off,0,0,0.0,0.0,0.0,0.0,0.0,0.0,0.0,0.0,0.0,0.0,0.0,-4.084990435370699,-4.084990435370699
flat,single,0,off,0,770,-4.632157758733945,285.0,0.7930202484130859,0.725749671459198,1,-4.632157758733945,-4.632157758733945,1,0,off,0,0,0.0,0.0,0.0,0.0,0.0,0.0,0.0,0.0,0.0,0.0,0.0,-4.632157758733945,-4.632157758733945
flat,single,0,off,0,771,-5.408392883389036,300.0,0.7916203737258911,0.6984120011329651,0,-5.408392883389036,-5.408392883389036,1,0,off,0,0,0.0,0.0,0.0,0.0,0.0,0.0,0.0,0.0,0.0,0.0,0.0,-5.408392883389036,-5.408392883389036
flat,single,0,off,0,772,-4.626381218740715,289.0,0.8230491280555725,0.7604742646217346,1,-4.626381218740715,-4.626381218740715,1,0,off,0,0,0.0,0.0,0.0,0.0,0.0,0.0,0.0,0.0,0.0,0.0,0.0,-4.626381218740715,-4.626381218740715
flat,single,0,off,0,773,-5.885293683444617,300.0,0.7787181735038757,0.6009146571159363,0,-5.885293683444617,-5.885293683444617,1,0,off,0,0,0.0,0.0,0.0,0.0,0.0,0.0,0.0,0.0,0.0,0.0,0.0,-5.885293683444617,-5.885293683444617
flat,single,0,off,0,774,-3.811440535569538,259.0,0.8106346726417542,0.7558020353317261,1,-3.811440535569538,-3.811440535569538,1,0,off,0,0,0.0,0.0,0.0,0.0,0.0,0.0,0.0,0.0,0.0,0.0,0.0,-3.811440535569538,-3.811440535569538
flat,single,0,off,0,775,-5.410438382579,300.0,0.8317018151283264,0.7771558165550232,0,-5.410438382579,-5.410438382579,1,0,off,0,0,0.0,0.0,0.0,0.0,0.0,0.0,0.0,0.0,0.0,0.0,0.0,-5.410438382579,-5.410438382579
flat,single,0,off,0,776,-3.2490009456372175,242.0,0.8089693188667297,0.7478793859481812,1,-3.2490009456372175,-3.2490009456372175,1,0,off,0,0,0.0,0.0,0.0,0.0,0.0,0.0,0.0,0.0,0.0,0.0,0.0,-3.2490009456372175,-3.2490009456372175
flat,single,0,off,0,777,-3.4016497052868138,246.0,0.7873360514640808,0.7470993995666504,1,-3.4016497052868138,-3.4016497052868138,1,0,off,0,0,0.0,0.0,0.0,0.0,0.0,0.0,0.0,0.0,0.0,0.0,0.0,-3.4016497052868138,-3.4016497052868138
flat,single,0,off,0,778,-5.380857850296871,300.0,0.8131409883499146,0.7576594352722168,0,-5.380857850296871,-5.380857850296871,1,0,off,0,0,0.0,0.0,0.0,0.0,0.0,0.0,0.0,0.0,0.0,0.0,0.0,-5.380857850296871,-5.380857850296871
flat,single,0,off,0,779,-3.4109004375710863,246.0,0.7998266220092773,0.7470993995666504,1,-3.4109004375710863,-3.4109004375710863,1,0,off,0,0,0.0,0.0,0.0,0.0,0.0,0.0,0.0,0.0,0.0,0.0,0.0,-3.4109004375710863,-3.4109004375710863
flat,single,0,off,0,780,-5.35410033040098,300.0,0.8358275294303894,0.7770606279373169,0,-5.35410033040098,-5.35410033040098,1,0,off,0,0,0.0,0.0,0.0,0.0,0.0,0.0,0.0,0.0,0.0,0.0,0.0,-5.35410033040098,-5.35410033040098
flat,single,0,off,0,781,-3.8622654567367665,261.0,0.8044481873512268,0.7275387644767761,1,-3.8622654567367665,-3.8622654567367665,1,0,off,0,0,0.0,0.0,0.0,0.0,0.0,0.0,0.0,0.0,0.0,0.0,0.0,-3.8622654567367665,-3.8622654567367665
flat,single,0,off,0,782,-3.566678001092487,251.0,0.8051990270614624,0.7576594352722168,1,-3.566678001092487,-3.566678001092487,1,0,off,0,0,0.0,0.0,0.0,0.0,0.0,0.0,0.0,0.0,0.0,0.0,0.0,-3.566678001092487,-3.566678001092487
flat,single,0,off,0,783,-3.8498601584823113,261.0,0.8012343645095825,0.7470993995666504,1,-3.8498601584823113,-3.8498601584823113,1,0,off,0,0,0.0,0.0,0.0,0.0,0.0,0.0,0.0,0.0,0.0,0.0,0.0,-3.8498601584823113,-3.8498601584823113
flat,single,0,off,0,784,-3.3268463775329042,244.0,0.8012778162956238,0.754544198513031,1,-3.3268463775329042,-3.3268463775329042,1,0,off,0,0,0.0,0.0,0.0,0.0,0.0,0.0,0.0,0.0,0.0,0.0,0.0,-3.3268463775329042,-3.3268463775329042
flat,single,0,off,0,785,-3.701373988357349,257.0,0.815682053565979,0.7700027823448181,1,-3.701373988357349,-3.701373988357349,1,0,off,0,0,0.0,0.0,0.0,0.0,0.0,0.0,0.0,0.0,0.0,0.0,0.0,-3.701373988357349,-3.701373988357349
flat,single,0,off,0,786,-5.400816321826999,300.0,0.806286633014679,0.7470993995666504,0,-5.400816321826999,-5.400816321826999,1,0,off,0,0,0.0,0.0,0.0,0.0,0.0,0.0,0.0,0.0,0.0,0.0,0.0,-5.400816321826999,-5.400816321826999
flat,single,0,off,0,787,-4.442812458792467,280.0,0.8032369613647461,0.7576594352722168,1,-4.442812458792467,-4.442812458792467,1,0,off,0,0,0.0,0.0,0.0,0.0,0.0,0.0,0.0,0.0,0.0,0.0,0.0,-4.442812458792467,-4.442812458792467
flat,single,0,off,0,788,-3.202985057122985,239.0,0.7929791212081909,0.7470993995666504,1,-3.202985057122985,-3.202985057122985,1,0,off,0,0,0.0,0.0,0.0,0.0,0.0,0.0,0.0,0.0,0.0,0.0,0.0,-3.202985057122985,-3.202985057122985
flat,single,0,off,0,789,-3.2451481847104002,241.0,0.8078415989875793,0.7830470204353333,1,-3.2451481847104002,-3.2451481847104002,1,0,off,0,0,0.0,0.0,0.0,0.0,0.0,0.0,0.0,0.0,0.0,0.0,0.0,-3.2451481847104002,-3.2451481847104002
flat,single,0,off,0,790,-3.7503578225185477,258.0,0.8093011975288391,0.7677785158157349,1,-3.7503578225185477,-3.7503578225185477,1,0,off,0,0,0.0,0.0,0.0,0.0,0.0,0.0,0.0,0.0,0.0,0.0,0.0,-3.7503578225185477,-3.7503578225185477
flat,single,0,off,0,791,-2.93614333344505,228.0,0.7839629054069519,0.7101094126701355,1,-2.93614333344505,-2.93614333344505,1,0,off,0,0,0.0,0.0,0.0,0.0,0.0,0.0,0.0,0.0,0.0,0.0,0.0,-2.93614333344505,-2.93614333344505
flat,single,0,off,0,792,-3.401310157721143,248.0,0.791098952293396,0.754544198513031,1,-3.401310157721143,-3.401310157721143,1,0,off,0,0,0.0,0.0,0.0,0.0,0.0,0.0,0.0,0.0,0.0,0.0,0.0,-3.401310157721143,-3.401310157721143
flat,single,0,off,0,793,-4.5080700705619305,283.0,0.8087260127067566,0.7613396048545837,1,-4.5080700705619305,-4.5080700705619305,1,0,off,0,0,0.0,0.0,0.0,0.0,0.0,0.0,0.0,0.0,0.0,0.0,0.0,-4.5080700705619305,-4.5080700705619305
flat,single,0,off,0,794,-3.275065629308782,242.0,0.7875860929489136,0.7470993995666504,1,-3.275065629308782,-3.275065629308782,1,0,off,0,0,0.0,0.0,0.0,0.0,0.0,0.0,0.0,0.0,0.0,0.0,0.0,-3.275065629308782,-3.275065629308782
flat,single,0,off,0,795,-3.1678009380388366,238.0,0.7857938408851624,0.7453203201293945,1,-3.1678009380388366,-3.1678009380388366,1,0,off,0,0,0.0,0.0,0.0,0.0,0.0,0.0,0.0,0.0,0.0,0.0,0.0,-3.1678009380388366,-3.1678009380388366
flat,single,0,off,0,796,-4.24771290570379,274.0,0.8177571892738342,0.7452986240386963,1,-4.24771290570379,-4.24771290570379,1,0,off,0,0,0.0,0.0,0.0,0.0,0.0,0.0,0.0,0.0,0.0,0.0,0.0,-4.24771290570379,-4.24771290570379
flat,single,0,off,0,797,-4.598166047430703,286.0,0.8315264582633972,0.7991480827331543,1,-4.598166047430703,-4.598166047430703,1,0,off,0,0,0.0,0.0,0.0,0.0,0.0,0.0,0.0,0.0,0.0,0.0,0.0,-4.598166047430703,-4.598166047430703
flat,single,0,off,0,798,-4.503809822732575,283.0,0.8127684593200684,0.7576594352722168,1,-4.503809822732575,-4.503809822732575,1,0,off,0,0,0.0,0.0,0.0,0.0,0.0,0.0,0.0,0.0,0.0,0.0,0.0,-4.503809822732575,-4.503809822732575
flat,single,0,off,0,799,-4.4582170928083436,281.0,0.8068920969963074,0.7220953702926636,1,-4.4582170928083436,-4.4582170928083436,1,0,off,0,0,0.0,0.0,0.0,0.0,0.0,0.0,0.0,0.0,0.0,0.0,0.0,-4.4582170928083436,-4.4582170928083436
flat,single,0,off,0,800,-3.430810620940733,247.0,0.7955461144447327,0.76027512550354,1,-3.430810620940733,-3.430810620940733,1,0,off,0,0,0.0,0.0,0.0,0.0,0.0,0.0,0.0,0.0,0.0,0.0,0.0,-3.430810620940733,-3.430810620940733
flat,single,0,off,0,801,-3.935860564073076,262.0,0.8107362985610962,0.7470993995666504,1,-3.935860564073076,-3.935860564073076,1,0,off,0,0,0.0,0.0,0.0,0.0,0.0,0.0,0.0,0.0,0.0,0.0,0.0,-3.935860564073076,-3.935860564073076
flat,single,0,off,0,802,-3.141548321956052,236.0,0.7841968536376953,0.705984354019165,1,-3.141548321956052,-3.141548321956052,1,0,off,0,0,0.0,0.0,0.0,0.0,0.0,0.0,0.0,0.0,0.0,0.0,0.0,-3.141548321956052,-3.141548321956052
flat,single,0,off,0,803,-3.409760559612158,245.0,0.8013830780982971,0.7677785158157349,1,-3.409760559612158,-3.409760559612158,1,0,off,0,0,0.0,0.0,0.0,0.0,0.0,0.0,0.0,0.0,0.0,0.0,0.0,-3.409760559612158,-3.409760559612158
flat,single,0,off,0,804,-5.35318683771764,300.0,0.8435720205307007,0.8123779892921448,0,-5.35318683771764,-5.35318683771764,1,0,off,0,0,0.0,0.0,0.0,0.0,0.0,0.0,0.0,0.0,0.0,0.0,0.0,-5.35318683771764,-5.35318683771764
flat,single,0,off,0,805,-4.2045650980400255,272.0,0.7898778319358826,0.754544198513031,1,-4.2045650980400255,-4.2045650980400255,1,0,off,0,0,0.0,0.0,0.0,0.0,0.0,0.0,0.0,0.0,0.0,0.0,0.0,-4.2045650980400255,-4.2045650980400255
flat,single,0,off,0,806,-4.484369203234104,281.0,0.7830051183700562,0.7317221164703369,1,-4.484369203234104,-4.484369203234104,1,0,off,0,0,0.0,0.0,0.0,0.0,0.0,0.0,0.0,0.0,0.0,0.0,0.0,-4.484369203234104,-4.484369203234104
flat,single,0,off,0,807,-4.562347685405972,285.0,0.8384779691696167,0.7814022302627563,1,-4.562347685405972,-4.562347685405972,1,0,off,0,0,0.0,0.0,0.0,0.0,0.0,0.0,0.0,0.0,0.0,0.0,0.0,-4.562347685405972,-4.562347685405972
flat,single,0,off,0,808,-4.08010702365309,269.0,0.8041781187057495,0.7576594352722168,1,-4.08010702365309,-4.08010702365309,1,0,off,0,0,0.0,0.0,0.0,0.0,0.0,0.0,0.0,0.0,0.0,0.0,0.0,-4.08010702365309,-4.08010702365309
flat,single,0,off,0,809,-3.256434256200424,241.0,0.790463387966156,0.7368783354759216,1,-3.256434256200424,-3.256434256200424,1,0,off,0,0,0.0,0.0,0.0,0.0,0.0,0.0,0.0,0.0,0.0,0.0,0.0,-3.256434256200424,-3.256434256200424
flat,single,0,off,0,810,-3.2395304436096706,240.0,0.8053045868873596,0.7576398253440857,1,-3.2395304436096706,-3.2395304436096706,1,0,off,0,0,0.0,0.0,0.0,0.0,0.0,0.0,0.0,0.0,0.0,0.0,0.0,-3.2395304436096706,-3.2395304436096706
flat,single,0,off,0,811,-4.626580591164536,287.0,0.7993916273117065,0.7470993995666504,1,-4.626580591164536,-4.626580591164536,1,0,off,0,0,0.0,0.0,0.0,0.0,0.0,0.0,0.0,0.0,0.0,0.0,0.0,-4.626580591164536,-4.626580591164536
flat,single,0,off,0,812,-3.5581853261822647,252.0,0.8186370730400085,0.7631852626800537,1,-3.5581853261822647,-3.5581853261822647,1,0,off,0,0,0.0,0.0,0.0,0.0,0.0,0.0,0.0,0.0,0.0,0.0,0.0,-3.5581853261822647,-3.5581853261822647
flat,single,0,off,0,813,-4.355685934916824,278.0,0.822074830532074,0.7470993995666504,1,-4.355685934916824,-4.355685934916824,1,0,off,0,0,0.0,0.0,0.0,0.0,0.0,0.0,0.0,0.0,0.0,0.0,0.0,-4.355685934916824,-4.355685934916824
flat,single,0,off,0,814,-3.815057688708169,261.0,0.8308771848678589,0.7934609651565552,1,-3.815057688708169,-3.815057688708169,1,0,off,0,0,0.0,0.0,0.0,0.0,0.0,0.0,0.0,0.0,0.0,0.0,0.0,-3.815057688708169,-3.815057688708169
flat,single,0,off,0,815,-3.690902936845073,257.0,0.8275359869003296,0.8123633861541748,1,-3.690902936845073,-3.690902936845073,1,0,off,0,0,0.0,0.0,0.0,0.0,0.0,0.0,0.0,0.0,0.0,0.0,0.0,-3.690902936845073,-3.690902936845073
flat,single,0,off,0,816,-5.4295673780317895,300.0,0.7933871150016785,0.7245621085166931,0,-5.4295673780317895,-5.4295673780317895,1,0,off,0,0,0.0,0.0,0.0,0.0,0.0,0.0,0.0,0.0,0.0,0.0,0.0,-5.4295673780317895,-5.4295673780317895
flat,single,0,off,0,817,-4.646816855089257,287.0,0.8297640681266785,0.7580565810203552,1,-4.646816855089257,-4.646816855089257,1,0,off,0,0,0.0,0.0,0.0,0.0,0.0,0.0,0.0,0.0,0.0,0.0,0.0,-4.646816855089257,-4.646816855089257
flat,single,0,off,0,818,-5.483035919023668,300.0,0.7764796614646912,0.621952474117279,0,-5.483035919023668,-5.483035919023668,1,0,off,0,0,0.0,0.0,0.0,0.0,0.0,0.0,0.0,0.0,0.0,0.0,0.0,-5.483035919023668,-5.483035919023668
flat,single,0,off,0,819,-4.374127030039674,279.0,0.8027623891830444,0.7774750590324402,1,-4.374127030039674,-4.374127030039674,1,0,off,0,0,0.0,0.0,0.0,0.0,0.0,0.0,0.0,0.0,0.0,0.0,0.0,-4.374127030039674,-4.374127030039674
flat,single,0,off,0,820,-3.3654535942652486,245.0,0.8073620200157166,0.7669124007225037,1,-3.3654535942652486,-3.3654535942652486,1,0,off,0,0,0.0,0.0,0.0,0.0,0.0,0.0,0.0,0.0,0.0,0.0,0.0,-3.3654535942652486,-3.3654535942652486
flat,single,0,off,0,821,-3.923724221255373,263.0,0.8186689019203186,0.7839813232421875,1,-3.923724221255373,-3.923724221255373,1,0,off,0,0,0.0,0.0,0.0,0.0,0.0,0.0,0.0,0.0,0.0,0.0,0.0,-3.923724221255373,-3.923724221255373
flat,single,0,off,0,822,-4.58720906471135,285.0,0.8335763812065125,0.7844510674476624,1,-4.58720906471135,-4.58720906471135,1,0,off,0,0,0.0,0.0,0.0,0.0,0.0,0.0,0.0,0.0,0.0,0.0,0.0,-4.58720906471135,-4.58720906471135
flat,single,0,off,0,823,-4.576653920822999,289.0,0.8567480444908142,0.8213417530059814,1,-4.576653920822999,-4.576653920822999,1,0,off,0,0,0.0,0.0,0.0,0.0,0.0,0.0,0.0,0.0,0.0,0.0,0.0,-4.576653920822999,-4.576653920822999
flat,single,0,off,0,824,-3.987510471530231,266.0,0.8066286444664001,0.7774750590324402,1,-3.987510471530231,-3.987510471530231,1,0,off,0,0,0.0,0.0,0.0,0.0,0.0,0.0,0.0,0.0,0.0,0.0,0.0,-3.987510471530231,-3.987510471530231
flat,single,0,off,0,825,-3.8082568856153918,262.0,0.8029400706291199,0.7452986240386963,1,-3.8082568856153918,-3.8082568856153918,1,0,off,0,0,0.0,0.0,0.0,0.0,0.0,0.0,0.0,0.0,0.0,0.0,0.0,-3.8082568856153918,-3.8082568856153918
flat,single,0,off,0,826,-4.408503342630558,281.0,0.8447001576423645,0.7814750075340271,1,-4.408503342630558,-4.408503342630558,1,0,off,0,0,0.0,0.0,0.0,0.0,0.0,0.0,0.0,0.0,0.0,0.0,0.0,-4.408503342630558,-4.408503342630558
flat,single,0,off,0,827,-4.121942694113805,271.0,0.8309028744697571,0.8023844957351685,1,-4.121942694113805,-4.121942694113805,1,0,off,0,0,0.0,0.0,0.0,0.0,0.0,0.0,0.0,0.0,0.0,0.0,0.0,-4.121942694113805,-4.121942694113805
flat,single,0,off,0,828,-4.749661394951391,293.0,0.8235734105110168,0.7667514681816101,1,-4.749661394951391,-4.749661394951391,1,0,off,0,0,0.0,0.0,0.0,0.0,0.0,0.0,0.0,0.0,0.0,0.0,0.0,-4.749661394951391,-4.749661394951391
flat,single,0,off,0,829,-3.1378698914055447,238.0,0.7848145365715027,0.7584949731826782,1,-3.1378698914055447,-3.1378698914055447,1,0,off,0,0,0.0,0.0,0.0,0.0,0.0,0.0,0.0,0.0,0.0,0.0,0.0,-3.1378698914055447,-3.1378698914055447
flat,single,0,off,0,830,-4.204230933854104,277.0,0.8362182974815369,0.7992636561393738,1,-4.204230933854104,-4.204230933854104,1,0,off,0,0,0.0,0.0,0.0,0.0,0.0,0.0,0.0,0.0,0.0,0.0,0.0,-4.204230933854104,-4.204230933854104
flat,single,0,off,0,831,-3.030720615925944,233.0,0.7924532294273376,0.7479713559150696,1,-3.030720615925944,-3.030720615925944,1,0,off,0,0,0.0,0.0,0.0,0.0,0.0,0.0,0.0,0.0,0.0,0.0,0.0,-3.030720615925944,-3.030720615925944
flat,single,0,off,0,832,-3.1191056538920225,237.0,0.8037448525428772,0.7774750590324402,1,-3.1191056538920225,-3.1191056538920225,1,0,off,0,0,0.0,0.0,0.0,0.0,0.0,0.0,0.0,0.0,0.0,0.0,0.0,-3.1191056538920225,-3.1191056538920225
flat,single,0,off,0,833,-5.473612374515513,300.0,0.782616913318634,0.635008692741394,0,-5.473612374515513,-5.473612374515513,1,0,off,0,0,0.0,0.0,0.0,0.0,0.0,0.0,0.0,0.0,0.0,0.0,0.0,-5.473612374515513,-5.473612374515513
flat,single,0,off,0,834,-3.2671285884862034,240.0,0.792552649974823,0.7218727469444275,1,-3.2671285884862034,-3.2671285884862034,1,0,off,0,0,0.0,0.0,0.0,0.0,0.0,0.0,0.0,0.0,0.0,0.0,0.0,-3.2671285884862034,-3.2671285884862034
flat,single,0,off,0,835,-4.017176361419237,267.0,0.822293221950531,0.7774750590324402,1,-4.017176361419237,-4.017176361419237,1,0,off,0,0,0.0,0.0,0.0,0.0,0.0,0.0,0.0,0.0,0.0,0.0,0.0,-4.017176361419237,-4.017176361419237
flat,single,0,off,0,836,-4.264359179475572,274.0,0.8145214915275574,0.7528660297393799,1,-4.264359179475572,-4.264359179475572,1,0,off,0,0,0.0,0.0,0.0,0.0,0.0,0.0,0.0,0.0,0.0,0.0,0.0,-4.264359179475572,-4.264359179475572
flat,single,0,off,0,837,-4.342814982272684,278.0,0.8080301284790039,0.7774750590324402,1,-4.342814982272684,-4.342814982272684,1,0,off,0,0,0.0,0.0,0.0,0.0,0.0,0.0,0.0,0.0,0.0,0.0,0.0,-4.342814982272684,-4.342814982272684
flat,single,0,off,0,838,-4.99573789382586,299.0,0.8113265037536621,0.7493768334388733,1,-4.99573789382586,-4.99573789382586,1,0,off,0,0,0.0,0.0,0.0,0.0,0.0,0.0,0.0,0.0,0.0,0.0,0.0,-4.99573789382586,-4.99573789382586
flat,single,0,off,0,839,-4.59839478857814,288.0,0.8574036359786987,0.8223709464073181,1,-4.59839478857814,-4.59839478857814,1,0,off,0,0,0.0,0.0,0.0,0.0,0.0,0.0,0.0,0.0,0.0,0.0,0.0,-4.59839478857814,-4.59839478857814
flat,single,0,off,0,840,-3.2792010022536666,243.0,0.814692497253418,0.7956703901290894,1,-3.2792010022536666,-3.2792010022536666,1,0,off,0,0,0.0,0.0,0.0,0.0,0.0,0.0,0.0,0.0,0.0,0.0,0.0,-3.2792010022536666,-3.2792010022536666
flat,single,0,off,0,841,-3.6201515776081665,253.0,0.7747330069541931,0.7073166966438293,1,-3.6201515776081665,-3.6201515776081665,1,0,off,0,0,0.0,0.0,0.0,0.0,0.0,0.0,0.0,0.0,0.0,0.0,0.0,-3.6201515776081665,-3.6201515776081665
flat,single,0,off,0,842,-3.5436078795161907,249.0,0.7902582287788391,0.7470993995666504,1,-3.5436078795161907,-3.5436078795161907,1,0,off,0,0,0.0,0.0,0.0,0.0,0.0,0.0,0.0,0.0,0.0,0.0,0.0,-3.5436078795161907,-3.5436078795161907
flat,single,0,off,0,843,-3.504561175195244,249.0,0.804908275604248,0.7551705837249756,1,-3.504561175195244,-3.504561175195244,1,0,off,0,0,0.0,0.0,0.0,0.0,0.0,0.0,0.0,0.0,0.0,0.0,0.0,-3.504561175195244,-3.504561175195244
flat,single,0,off,0,844,-5.451360849197943,300.0,0.829225480556488,0.6490235924720764,0,-5.451360849197943,-5.451360849197943,1,0,off,0,0,0.0,0.0,0.0,0.0,0.0,0.0,0.0,0.0,0.0,0.0,0.0,-5.451360849197943,-5.451360849197943
flat,single,0,off,0,845,-4.6263856769644,289.0,0.83452969789505,0.8056064248085022,1,-4.6263856769644,-4.6263856769644,1,0,off,0,0,0.0,0.0,0.0,0.0,0.0,0.0,0.0,0.0,0.0,0.0,0.0,-4.6263856769644,-4.6263856769644
flat,single,0,off,0,846,-4.272905050556861,276.0,0.8299795985221863,0.8042023181915283,1,-4.272905050556861,-4.272905050556861,1,0,off,0,0,0.0,0.0,0.0,0.0,0.0,0.0,0.0,0.0,0.0,0.0,0.0,-4.272905050556861,-4.272905050556861
flat,single,0,off,0,847,-2.823127553357019,226.0,0.7791481614112854,0.7231810688972473,1,-2.823127553357019,-2.823127553357019,1,0,off,0,0,0.0,0.0,0.0,0.0,0.0,0.0,0.0,0.0,0.0,0.0,0.0,-2.823127553357019,-2.823127553357019
flat,single,0,off,0,848,-3.3573099050018733,244.0,0.7974761128425598,0.7470993995666504,1,-3.3573099050018733,-3.3573099050018733,1,0,off,0,0,0.0,0.0,0.0,0.0,0.0,0.0,0.0,0.0,0.0,0.0,0.0,-3.3573099050018733,-3.3573099050018733
flat,single,0,off,0,849,-4.136241346680317,271.0,0.7890506982803345,0.7557258605957031,1,-4.136241346680317,-4.136241346680317,1,0,off,0,0,0.0,0.0,0.0,0.0,0.0,0.0,0.0,0.0,0.0,0.0,0.0,-4.136241346680317,-4.136241346680317
flat,single,0,off,0,850,-4.7736173303413505,292.0,0.8094475865364075,0.7470993995666504,1,-4.7736173303413505,-4.7736173303413505,1,0,off,0,0,0.0,0.0,0.0,0.0,0.0,0.0,0.0,0.0,0.0,0.0,0.0,-4.7736173303413505,-4.7736173303413505
flat,single,0,off,0,851,-5.474387358321108,300.0,0.767998218536377,0.6240743398666382,0,-5.474387358321108,-5.474387358321108,1,0,off,0,0,0.0,0.0,0.0,0.0,0.0,0.0,0.0,0.0,0.0,0.0,0.0,-5.474387358321108,-5.474387358321108
flat,single,0,off,0,852,-3.7941946282586807,261.0,0.8223139643669128,0.7689886689186096,1,-3.7941946282586807,-3.7941946282586807,1,0,off,0,0,0.0,0.0,0.0,0.0,0.0,0.0,0.0,0.0,0.0,0.0,0.0,-3.7941946282586807,-3.7941946282586807
flat,single,0,off,0,853,-3.552823234612583,251.0,0.7945624589920044,0.7470993995666504,1,-3.552823234612583,-3.552823234612583,1,0,off,0,0,0.0,0.0,0.0,0.0,0.0,0.0,0.0,0.0,0.0,0.0,0.0,-3.552823234612583,-3.552823234612583
flat,single,0,off,0,854,-5.481985178589818,300.0,0.7955964207649231,0.6468302011489868,0,-5.481985178589818,-5.481985178589818,1,0,off,0,0,0.0,0.0,0.0,0.0,0.0,0.0,0.0,0.0,0.0,0.0,0.0,-5.481985178589818,-5.481985178589818
flat,single,0,off,0,855,-2.64509164628222,221.0,0.7843440771102905,0.7576594352722168,1,-2.64509164628222,-2.64509164628222,1,0,off,0,0,0.0,0.0,0.0,0.0,0.0,0.0,0.0,0.0,0.0,0.0,0.0,-2.64509164628222,-2.64509164628222
flat,single,0,off,0,856,-5.453236868220839,300.0,0.7903574109077454,0.6762212514877319,0,-5.453236868220839,-5.453236868220839,1,0,off,0,0,0.0,0.0,0.0,0.0,0.0,0.0,0.0,0.0,0.0,0.0,0.0,-5.453236868220839,-5.453236868220839
flat,single,0,off,0,857,-3.4696694664098047,247.0,0.7868165373802185,0.7179409861564636,1,-3.4696694664098047,-3.4696694664098047,1,0,off,0,0,0.0,0.0,0.0,0.0,0.0,0.0,0.0,0.0,0.0,0.0,0.0,-3.4696694664098047,-3.4696694664098047
flat,single,0,off,0,858,-4.6970513869298065,289.0,0.8208323121070862,0.7154195308685303,1,-4.6970513869298065,-4.6970513869298065,1,0,off,0,0,0.0,0.0,0.0,0.0,0.0,0.0,0.0,0.0,0.0,0.0,0.0,-4.6970513869298065,-4.6970513869298065
flat,single,0,off,0,859,-5.389465112751346,300.0,0.8121991157531738,0.7410004138946533,0,-5.389465112751346,-5.389465112751346,1,0,off,0,0,0.0,0.0,0.0,0.0,0.0,0.0,0.0,0.0,0.0,0.0,0.0,-5.389465112751346,-5.389465112751346
flat,single,0,off,0,860,-6.3313928235555155,300.0,0.7447772026062012,0.5079624652862549,0,-6.3313928235555155,-6.3313928235555155,1,0,off,0,0,0.0,0.0,0.0,0.0,0.0,0.0,0.0,0.0,0.0,0.0,0.0,-6.3313928235555155,-6.3313928235555155
flat,single,0,off,0,861,-2.996129323941406,233.0,0.7991658449172974,0.7677785158157349,1,-2.996129323941406,-2.996129323941406,1,0,off,0,0,0.0,0.0,0.0,0.0,0.0,0.0,0.0,0.0,0.0,0.0,0.0,-2.996129323941406,-2.996129323941406
flat,single,0,off,0,862,-3.232825658562339,239.0,0.7988937497138977,0.7521733641624451,1,-3.232825658562339,-3.232825658562339,1,0,off,0,0,0.0,0.0,0.0,0.0,0.0,0.0,0.0,0.0,0.0,0.0,0.0,-3.232825658562339,-3.232825658562339
flat,single,0,off,0,863,-3.9288919775269235,264.0,0.809371829032898,0.7410153746604919,1,-3.9288919775269235,-3.9288919775269235,1,0,off,0,0,0.0,0.0,0.0,0.0,0.0,0.0,0.0,0.0,0.0,0.0,0.0,-3.9288919775269235,-3.9288919775269235
flat,single,0,off,0,864,-3.3861765219550457,246.0,0.820921003818512,0.7988347411155701,1,-3.3861765219550457,-3.3861765219550457,1,0,off,0,0,0.0,0.0,0.0,0.0,0.0,0.0,0.0,0.0,0.0,0.0,0.0,-3.3861765219550457,-3.3861765219550457
flat,single,0,off,0,865,-4.062145140741478,268.0,0.8109620213508606,0.7677785158157349,1,-4.062145140741478,-4.062145140741478,1,0,off,0,0,0.0,0.0,0.0,0.0,0.0,0.0,0.0,0.0,0.0,0.0,0.0,-4.062145140741478,-4.062145140741478
flat,single,0,off,0,866,-3.7698743849806258,259.0,0.803733766078949,0.7834591269493103,1,-3.7698743849806258,-3.7698743849806258,1,0,off,0,0,0.0,0.0,0.0,0.0,0.0,0.0,0.0,0.0,0.0,0.0,0.0,-3.7698743849806258,-3.7698743849806258
flat,single,0,off,0,867,-4.731374780343623,289.0,0.7897013425827026,0.7179409861564636,1,-4.731374780343623,-4.731374780343623,1,0,off,0,0,0.0,0.0,0.0,0.0,0.0,0.0,0.0,0.0,0.0,0.0,0.0,-4.731374780343623,-4.731374780343623
flat,single,0,off,0,868,-5.4241643243731215,300.0,0.8321852087974548,0.7134706974029541,0,-5.4241643243731215,-5.4241643243731215,1,0,off,0,0,0.0,0.0,0.0,0.0,0.0,0.0,0.0,0.0,0.0,0.0,0.0,-5.4241643243731215,-5.4241643243731215
flat,single,0,off,0,869,-5.515746384760122,300.0,0.7739102244377136,0.5391461253166199,0,-5.515746384760122,-5.515746384760122,1,0,off,0,0,0.0,0.0,0.0,0.0,0.0,0.0,0.0,0.0,0.0,0.0,0.0,-5.515746384760122,-5.515746384760122
flat,single,0,off,0,870,-3.860970349977703,261.0,0.7883228659629822,0.7505034804344177,1,-3.860970349977703,-3.860970349977703,1,0,off,0,0,0.0,0.0,0.0,0.0,0.0,0.0,0.0,0.0,0.0,0.0,0.0,-3.860970349977703,-3.860970349977703
flat,single,0,off,0,871,-3.2362978947767873,241.0,0.8026108145713806,0.7470993995666504,1,-3.2362978947767873,-3.2362978947767873,1,0,off,0,0,0.0,0.0,0.0,0.0,0.0,0.0,0.0,0.0,0.0,0.0,0.0,-3.2362978947767873,-3.2362978947767873
flat,single,0,off,0,872,-3.106397458757252,238.0,0.7979840040206909,0.766498863697052,1,-3.106397458757252,-3.106397458757252,1,0,off,0,0,0.0,0.0,0.0,0.0,0.0,0.0,0.0,0.0,0.0,0.0,0.0,-3.106397458757252,-3.106397458757252
flat,single,0,off,0,873,-3.894242990090256,263.0,0.8214576840400696,0.7470993995666504,1,-3.894242990090256,-3.894242990090256,1,0,off,0,0,0.0,0.0,0.0,0.0,0.0,0.0,0.0,0.0,0.0,0.0,0.0,-3.894242990090256,-3.894242990090256
flat,single,0,off,0,874,-5.435147888085338,300.0,0.8160141706466675,0.6856997013092041,0,-5.435147888085338,-5.435147888085338,1,0,off,0,0,0.0,0.0,0.0,0.0,0.0,0.0,0.0,0.0,0.0,0.0,0.0,-5.435147888085338,-5.435147888085338
flat,single,0,off,0,875,-4.165150271154684,272.0,0.82978755235672,0.7735932469367981,1,-4.165150271154684,-4.165150271154684,1,0,off,0,0,0.0,0.0,0.0,0.0,0.0,0.0,0.0,0.0,0.0,0.0,0.0,-4.165150271154684,-4.165150271154684
flat,single,0,off,0,876,-4.1279618036246255,271.0,0.8226975202560425,0.7668448090553284,1,-4.1279618036246255,-4.1279618036246255,1,0,off,0,0,0.0,0.0,0.0,0.0,0.0,0.0,0.0,0.0,0.0,0.0,0.0,-4.1279618036246255,-4.1279618036246255
flat,single,0,off,0,877,-5.472952646552597,300.0,0.7932062149047852,0.6949447989463806,0,-5.472952646552597,-5.472952646552597,1,0,off,0,0,0.0,0.0,0.0,0.0,0.0,0.0,0.0,0.0,0.0,0.0,0.0,-5.472952646552597,-5.472952646552597
flat,single,0,off,0,878,-3.6163201634748585,253.0,0.7907944917678833,0.7470993995666504,1,-3.6163201634748585,-3.6163201634748585,1,0,off,0,0,0.0,0.0,0.0,0.0,0.0,0.0,0.0,0.0,0.0,0.0,0.0,-3.6163201634748585,-3.6163201634748585
flat,single,0,off,0,879,-4.951830404833874,300.0,0.8436031341552734,0.8181689381599426,1,-4.951830404833874,-4.951830404833874,1,0,off,0,0,0.0,0.0,0.0,0.0,0.0,0.0,0.0,0.0,0.0,0.0,0.0,-4.951830404833874,-4.951830404833874
flat,single,0,off,0,880,-3.770858273587627,257.0,0.8095101118087769,0.778242290019989,1,-3.770858273587627,-3.770858273587627,1,0,off,0,0,0.0,0.0,0.0,0.0,0.0,0.0,0.0,0.0,0.0,0.0,0.0,-3.770858273587627,-3.770858273587627
flat,single,0,off,0,881,-4.570485788020314,286.0,0.791659951210022,0.7343644499778748,1,-4.570485788020314,-4.570485788020314,1,0,off,0,0,0.0,0.0,0.0,0.0,0.0,0.0,0.0,0.0,0.0,0.0,0.0,-4.570485788020314,-4.570485788020314
flat,single,0,off,0,882,-3.77583162784458,259.0,0.8302637338638306,0.7843397855758667,1,-3.77583162784458,-3.77583162784458,1,0,off,0,0,0.0,0.0,0.0,0.0,0.0,0.0,0.0,0.0,0.0,0.0,0.0,-3.77583162784458,-3.77583162784458
flat,single,0,off,0,883,-3.4960881333623397,250.0,0.8166550397872925,0.7677785158157349,1,-3.4960881333623397,-3.4960881333623397,1,0,off,0,0,0.0,0.0,0.0,0.0,0.0,0.0,0.0,0.0,0.0,0.0,0.0,-3.4960881333623397,-3.4960881333623397
flat,single,0,off,0,884,-5.984967453859297,300.0,0.7498756051063538,0.49781879782676697,0,-5.984967453859297,-5.984967453859297,1,0,off,0,0,0.0,0.0,0.0,0.0,0.0,0.0,0.0,0.0,0.0,0.0,0.0,-5.984967453859297,-5.984967453859297
flat,single,0,off,0,885,-5.956771817663694,300.0,0.7356100082397461,0.5532269477844238,0,-5.956771817663694,-5.956771817663694,1,0,off,0,0,0.0,0.0,0.0,0.0,0.0,0.0,0.0,0.0,0.0,0.0,0.0,-5.956771817663694,-5.956771817663694
flat,single,0,off,0,886,-5.384983308473607,300.0,0.8102825880050659,0.7619211673736572,0,-5.384983308473607,-5.384983308473607,1,0,off,0,0,0.0,0.0,0.0,0.0,0.0,0.0,0.0,0.0,0.0,0.0,0.0,-5.384983308473607,-5.384983308473607
flat,single,0,off,0,887,-4.201044911292837,271.0,0.812537670135498,0.7576594352722168,1,-4.201044911292837,-4.201044911292837,1,0,off,0,0,0.0,0.0,0.0,0.0,0.0,0.0,0.0,0.0,0.0,0.0,0.0,-4.201044911292837,-4.201044911292837
flat,single,0,off,0,888,-4.777015925126617,293.0,0.8048530220985413,0.7368783354759216,1,-4.777015925126617,-4.777015925126617,1,0,off,0,0,0.0,0.0,0.0,0.0,0.0,0.0,0.0,0.0,0.0,0.0,0.0,-4.777015925126617,-4.777015925126617
flat,single,0,off,0,889,-3.200246109132403,240.0,0.8097847700119019,0.7576594352722168,1,-3.200246109132403,-3.200246109132403,1,0,off,0,0,0.0,0.0,0.0,0.0,0.0,0.0,0.0,0.0,0.0,0.0,0.0,-3.200246109132403,-3.200246109132403
flat,single,0,off,0,890,-3.4911146229062995,249.0,0.8060740828514099,0.7179409861564636,1,-3.4911146229062995,-3.4911146229062995,1,0,off,0,0,0.0,0.0,0.0,0.0,0.0,0.0,0.0,0.0,0.0,0.0,0.0,-3.4911146229062995,-3.4911146229062995
flat,single,0,off,0,891,-3.0944579505664125,236.0,0.7999427914619446,0.7576594352722168,1,-3.0944579505664125,-3.0944579505664125,1,0,off,0,0,0.0,0.0,0.0,0.0,0.0,0.0,0.0,0.0,0.0,0.0,0.0,-3.0944579505664125,-3.0944579505664125
flat,single,0,off,0,892,-6.68783628857347,300.0,0.6366875767707825,0.20000000298023224,0,-6.68783628857347,-6.68783628857347,1,0,off,0,0,0.0,0.0,0.0,0.0,0.0,0.0,0.0,0.0,0.0,0.0,0.0,-6.68783628857347,-6.68783628857347
flat,single,0,off,0,893,-4.567034514863612,286.0,0.8393228650093079,0.8021866083145142,1,-4.567034514863612,-4.567034514863612,1,0,off,0,0,0.0,0.0,0.0,0.0,0.0,0.0,0.0,0.0,0.0,0.0,0.0,-4.567034514863612,-4.567034514863612
flat,single,0,off,0,894,-3.6826693197968208,257.0,0.8256996273994446,0.8033207654953003,1,-3.6826693197968208,-3.6826693197968208,1,0,off,0,0,0.0,0.0,0.0,0.0,0.0,0.0,0.0,0.0,0.0,0.0,0.0,-3.6826693197968208,-3.6826693197968208
flat,single,0,off,0,895,-5.456920348195134,300.0,0.7729467749595642,0.652888834476471,0,-5.456920348195134,-5.456920348195134,1,0,off,0,0,0.0,0.0,0.0,0.0,0.0,0.0,0.0,0.0,0.0,0.0,0.0,-5.456920348195134,-5.456920348195134
flat,single,0,off,0,896,-5.356599117832937,300.0,0.8320913314819336,0.7823021411895752,0,-5.356599117832937,-5.356599117832937,1,0,off,0,0,0.0,0.0,0.0,0.0,0.0,0.0,0.0,0.0,0.0,0.0,0.0,-5.356599117832937,-5.356599117832937
flat,single,0,off,0,897,-5.4850465999537885,300.0,0.829108715057373,0.7014923691749573,0,-5.4850465999537885,-5.4850465999537885,1,0,off,0,0,0.0,0.0,0.0,0.0,0.0,0.0,0.0,0.0,0.0,0.0,0.0,-5.4850465999537885,-5.4850465999537885
flat,single,0,off,0,898,-4.363188717825086,277.0,0.8075835108757019,0.7677785158157349,1,-4.363188717825086,-4.363188717825086,1,0,off,0,0,0.0,0.0,0.0,0.0,0.0,0.0,0.0,0.0,0.0,0.0,0.0,-4.363188717825086,-4.363188717825086
flat,single,0,off,0,899,-4.545449267495415,284.0,0.8091742396354675,0.7470993995666504,1,-4.545449267495415,-4.545449267495415,1,0,off,0,0,0.0,0.0,0.0,0.0,0.0,0.0,0.0,0.0,0.0,0.0,0.0,-4.545449267495415,-4.545449267495415
flat,single,0,off,0,900,-5.3256463056080845,300.0,0.8404440879821777,0.7791088223457336,0,-5.3256463056080845,-5.3256463056080845,1,0,off,0,0,0.0,0.0,0.0,0.0,0.0,0.0,0.0,0.0,0.0,0.0,0.0,-5.3256463056080845,-5.3256463056080845
flat,single,0,off,0,901,-3.8495261451578466,260.0,0.8157737851142883,0.7845576405525208,1,-3.8495261451578466,-3.8495261451578466,1,0,off,0,0,0.0,0.0,0.0,0.0,0.0,0.0,0.0,0.0,0.0,0.0,0.0,-3.8495261451578466,-3.8495261451578466
flat,single,0,off,0,902,-5.441372462449358,300.0,0.8082112073898315,0.7400399446487427,0,-5.441372462449358,-5.441372462449358,1,0,off,0,0,0.0,0.0,0.0,0.0,0.0,0.0,0.0,0.0,0.0,0.0,0.0,-5.441372462449358,-5.441372462449358
flat,single,0,off,0,903,-4.2880498999077785,274.0,0.8070773482322693,0.7470993995666504,1,-4.2880498999077785,-4.2880498999077785,1,0,off,0,0,0.0,0.0,0.0,0.0,0.0,0.0,0.0,0.0,0.0,0.0,0.0,-4.2880498999077785,-4.2880498999077785
flat,single,0,off,0,904,-3.8163156476628215,260.0,0.8120209574699402,0.7576398253440857,1,-3.8163156476628215,-3.8163156476628215,1,0,off,0,0,0.0,0.0,0.0,0.0,0.0,0.0,0.0,0.0,0.0,0.0,0.0,-3.8163156476628215,-3.8163156476628215
flat,single,0,off,0,905,-5.524770722584798,300.0,0.7965033650398254,0.627441942691803,0,-5.524770722584798,-5.524770722584798,1,0,off,0,0,0.0,0.0,0.0,0.0,0.0,0.0,0.0,0.0,0.0,0.0,0.0,-5.524770722584798,-5.524770722584798
flat,single,0,off,0,906,-4.824673160332026,293.0,0.804287850856781,0.7707284092903137,1,-4.824673160332026,-4.824673160332026,1,0,off,0,0,0.0,0.0,0.0,0.0,0.0,0.0,0.0,0.0,0.0,0.0,0.0,-4.824673160332026,-4.824673160332026
flat,single,0,off,0,907,-3.2210538130439694,241.0,0.801175057888031,0.7782219052314758,1,-3.2210538130439694,-3.2210538130439694,1,0,off,0,0,0.0,0.0,0.0,0.0,0.0,0.0,0.0,0.0,0.0,0.0,0.0,-3.2210538130439694,-3.2210538130439694
flat,single,0,off,0,908,-4.210017540892568,274.0,0.8156818747520447,0.7804441452026367,1,-4.210017540892568,-4.210017540892568,1,0,off,0,0,0.0,0.0,0.0,0.0,0.0,0.0,0.0,0.0,0.0,0.0,0.0,-4.210017540892568,-4.210017540892568
flat,single,0,off,0,909,-3.6151371990423375,253.0,0.7907188534736633,0.7503312230110168,1,-3.6151371990423375,-3.6151371990423375,1,0,off,0,0,0.0,0.0,0.0,0.0,0.0,0.0,0.0,0.0,0.0,0.0,0.0,-3.6151371990423375,-3.6151371990423375
flat,single,0,off,0,910,-5.8812168466625785,300.0,0.7647658586502075,0.7030873894691467,0,-5.8812168466625785,-5.8812168466625785,1,0,off,0,0,0.0,0.0,0.0,0.0,0.0,0.0,0.0,0.0,0.0,0.0,0.0,-5.8812168466625785,-5.8812168466625785
flat,single,0,off,0,911,-3.6924824145412787,257.0,0.8311849236488342,0.7867667078971863,1,-3.6924824145412787,-3.6924824145412787,1,0,off,0,0,0.0,0.0,0.0,0.0,0.0,0.0,0.0,0.0,0.0,0.0,0.0,-3.6924824145412787,-3.6924824145412787
flat,single,0,off,0,912,-3.485068708987644,248.0,0.7903388142585754,0.7407205104827881,1,-3.485068708987644,-3.485068708987644,1,0,off,0,0,0.0,0.0,0.0,0.0,0.0,0.0,0.0,0.0,0.0,0.0,0.0,-3.485068708987644,-3.485068708987644
flat,single,0,off,0,913,-3.0681697548494955,236.0,0.8024764657020569,0.7576594352722168,1,-3.0681697548494955,-3.0681697548494955,1,0,off,0,0,0.0,0.0,0.0,0.0,0.0,0.0,0.0,0.0,0.0,0.0,0.0,-3.0681697548494955,-3.0681697548494955
flat,single,0,off,0,914,-4.42697409662767,281.0,0.81077641248703,0.783991813659668,1,-4.42697409662767,-4.42697409662767,1,0,off,0,0,0.0,0.0,0.0,0.0,0.0,0.0,0.0,0.0,0.0,0.0,0.0,-4.42697409662767,-4.42697409662767
flat,single,0,off,0,915,-4.179841199471835,271.0,0.8042750358581543,0.7470993995666504,1,-4.179841199471835,-4.179841199471835,1,0,off,0,0,0.0,0.0,0.0,0.0,0.0,0.0,0.0,0.0,0.0,0.0,0.0,-4.179841199471835,-4.179841199471835
flat,single,0,off,0,916,-3.9800873737968274,266.0,0.8116234540939331,0.7254651784896851,1,-3.9800873737968274,-3.9800873737968274,1,0,off,0,0,0.0,0.0,0.0,0.0,0.0,0.0,0.0,0.0,0.0,0.0,0.0,-3.9800873737968274,-3.9800873737968274
flat,single,0,off,0,917,-2.9760565265489047,230.0,0.7924375534057617,0.7401794791221619,1,-2.9760565265489047,-2.9760565265489047,1,0,off,0,0,0.0,0.0,0.0,0.0,0.0,0.0,0.0,0.0,0.0,0.0,0.0,-2.9760565265489047,-2.9760565265489047
flat,single,0,off,0,918,-4.208556206806094,272.0,0.7926791310310364,0.7603358030319214,1,-4.208556206806094,-4.208556206806094,1,0,off,0,0,0.0,0.0,0.0,0.0,0.0,0.0,0.0,0.0,0.0,0.0,0.0,-4.208556206806094,-4.208556206806094
flat,single,0,off,0,919,-3.257335489221125,241.0,0.7945075035095215,0.742821991443634,1,-3.257335489221125,-3.257335489221125,1,0,off,0,0,0.0,0.0,0.0,0.0,0.0,0.0,0.0,0.0,0.0,0.0,0.0,-3.257335489221125,-3.257335489221125
flat,single,0,off,0,920,-3.7645938423718333,257.0,0.7853859663009644,0.7576398253440857,1,-3.7645938423718333,-3.7645938423718333,1,0,off,0,0,0.0,0.0,0.0,0.0,0.0,0.0,0.0,0.0,0.0,0.0,0.0,-3.7645938423718333,-3.7645938423718333
flat,single,0,off,0,921,-3.985487040498981,265.0,0.8139300346374512,0.7576594352722168,1,-3.985487040498981,-3.985487040498981,1,0,off,0,0,0.0,0.0,0.0,0.0,0.0,0.0,0.0,0.0,0.0,0.0,0.0,-3.985487040498981,-3.985487040498981
flat,single,0,off,0,922,-4.255545609553804,274.0,0.7889702916145325,0.7292168140411377,1,-4.255545609553804,-4.255545609553804,1,0,off,0,0,0.0,0.0,0.0,0.0,0.0,0.0,0.0,0.0,0.0,0.0,0.0,-4.255545609553804,-4.255545609553804
flat,single,0,off,0,923,-3.596522215594288,253.0,0.8128451108932495,0.7534494996070862,1,-3.596522215594288,-3.596522215594288,1,0,off,0,0,0.0,0.0,0.0,0.0,0.0,0.0,0.0,0.0,0.0,0.0,0.0,-3.596522215594288,-3.596522215594288
flat,single,0,off,0,924,-3.6097489467914907,253.0,0.805493175983429,0.7218728065490723,1,-3.6097489467914907,-3.6097489467914907,1,0,off,0,0,0.0,0.0,0.0,0.0,0.0,0.0,0.0,0.0,0.0,0.0,0.0,-3.6097489467914907,-3.6097489467914907
flat,single,0,off,0,925,-4.708424067605505,288.0,0.7996639013290405,0.7060114145278931,1,-4.708424067605505,-4.708424067605505,1,0,off,0,0,0.0,0.0,0.0,0.0,0.0,0.0,0.0,0.0,0.0,0.0,0.0,-4.708424067605505,-4.708424067605505
flat,single,0,off,0,926,-4.191448802939824,272.0,0.8247249722480774,0.789374828338623,1,-4.191448802939824,-4.191448802939824,1,0,off,0,0,0.0,0.0,0.0,0.0,0.0,0.0,0.0,0.0,0.0,0.0,0.0,-4.191448802939824,-4.191448802939824
flat,single,0,off,0,927,-4.3312106880172925,279.0,0.8471116423606873,0.8251737356185913,1,-4.3312106880172925,-4.3312106880172925,1,0,off,0,0,0.0,0.0,0.0,0.0,0.0,0.0,0.0,0.0,0.0,0.0,0.0,-4.3312106880172925,-4.3312106880172925
flat,single,0,off,0,928,-2.9169538695888875,230.0,0.8051748871803284,0.7470993995666504,1,-2.9169538695888875,-2.9169538695888875,1,0,off,0,0,0.0,0.0,0.0,0.0,0.0,0.0,0.0,0.0,0.0,0.0,0.0,-2.9169538695888875,-2.9169538695888875
flat,single,0,off,0,929,-3.4889823029760483,251.0,0.8150033950805664,0.7867667078971863,1,-3.4889823029760483,-3.4889823029760483,1,0,off,0,0,0.0,0.0,0.0,0.0,0.0,0.0,0.0,0.0,0.0,0.0,0.0,-3.4889823029760483,-3.4889823029760483
flat,single,0,off,0,930,-4.2938467249320675,274.0,0.7966347336769104,0.7317221760749817,1,-4.2938467249320675,-4.2938467249320675,1,0,off,0,0,0.0,0.0,0.0,0.0,0.0,0.0,0.0,0.0,0.0,0.0,0.0,-4.2938467249320675,-4.2938467249320675
flat,single,0,off,0,931,-3.0180982894892656,234.0,0.8124294281005859,0.7689886689186096,1,-3.0180982894892656,-3.0180982894892656,1,0,off,0,0,0.0,0.0,0.0,0.0,0.0,0.0,0.0,0.0,0.0,0.0,0.0,-3.0180982894892656,-3.0180982894892656
flat,single,0,off,0,932,-3.6707641972065685,256.0,0.8173187375068665,0.7873260974884033,1,-3.6707641972065685,-3.6707641972065685,1,0,off,0,0,0.0,0.0,0.0,0.0,0.0,0.0,0.0,0.0,0.0,0.0,0.0,-3.6707641972065685,-3.6707641972065685
flat,single,0,off,0,933,-5.438879436481507,300.0,0.801914632320404,0.7333178520202637,0,-5.438879436481507,-5.438879436481507,1,0,off,0,0,0.0,0.0,0.0,0.0,0.0,0.0,0.0,0.0,0.0,0.0,0.0,-5.438879436481507,-5.438879436481507
flat,single,0,off,0,934,-3.930697136771639,263.0,0.7917997241020203,0.7232506275177002,1,-3.930697136771639,-3.930697136771639,1,0,off,0,0,0.0,0.0,0.0,0.0,0.0,0.0,0.0,0.0,0.0,0.0,0.0,-3.930697136771639,-3.930697136771639
flat,single,0,off,0,935,-3.2705815780930965,242.0,0.8224616050720215,0.7576594352722168,1,-3.2705815780930965,-3.2705815780930965,1,0,off,0,0,0.0,0.0,0.0,0.0,0.0,0.0,0.0,0.0,0.0,0.0,0.0,-3.2705815780930965,-3.2705815780930965
flat,single,0,off,0,936,-3.9684477300906957,265.0,0.8256222605705261,0.7438072562217712,1,-3.9684477300906957,-3.9684477300906957,1,0,off,0,0,0.0,0.0,0.0,0.0,0.0,0.0,0.0,0.0,0.0,0.0,0.0,-3.9684477300906957,-3.9684477300906957
flat,single,0,off,0,937,-3.522879586694738,250.0,0.7990160584449768,0.754544198513031,1,-3.522879586694738,-3.522879586694738,1,0,off,0,0,0.0,0.0,0.0,0.0,0.0,0.0,0.0,0.0,0.0,0.0,0.0,-3.522879586694738,-3.522879586694738
flat,single,0,off,0,938,-4.157531360536799,270.0,0.817453920841217,0.754544198513031,1,-4.157531360536799,-4.157531360536799,1,0,off,0,0,0.0,0.0,0.0,0.0,0.0,0.0,0.0,0.0,0.0,0.0,0.0,-4.157531360536799,-4.157531360536799
flat,single,0,off,0,939,-5.4203181796649025,300.0,0.8282157182693481,0.7731971144676208,0,-5.4203181796649025,-5.4203181796649025,1,0,off,0,0,0.0,0.0,0.0,0.0,0.0,0.0,0.0,0.0,0.0,0.0,0.0,-5.4203181796649025,-5.4203181796649025
flat,single,0,off,0,940,-4.1359096064464955,270.0,0.794377326965332,0.7410153746604919,1,-4.1359096064464955,-4.1359096064464955,1,0,off,0,0,0.0,0.0,0.0,0.0,0.0,0.0,0.0,0.0,0.0,0.0,0.0,-4.1359096064464955,-4.1359096064464955
flat,single,0,off,0,941,-3.492221164159703,248.0,0.7758608460426331,0.7101094126701355,1,-3.492221164159703,-3.492221164159703,1,0,off,0,0,0.0,0.0,0.0,0.0,0.0,0.0,0.0,0.0,0.0,0.0,0.0,-3.492221164159703,-3.492221164159703
flat,single,0,off,0,942,-5.424025444546715,300.0,0.8181829452514648,0.7456929683685303,0,-5.424025444546715,-5.424025444546715,1,0,off,0,0,0.0,0.0,0.0,0.0,0.0,0.0,0.0,0.0,0.0,0.0,0.0,-5.424025444546715,-5.424025444546715
flat,single,0,off,0,943,-3.3502006574650136,245.0,0.7982360124588013,0.7470993995666504,1,-3.3502006574650136,-3.3502006574650136,1,0,off,0,0,0.0,0.0,0.0,0.0,0.0,0.0,0.0,0.0,0.0,0.0,0.0,-3.3502006574650136,-3.3502006574650136
flat,single,0,off,0,944,-6.061673977191121,300.0,0.7810617089271545,0.6976407170295715,0,-6.061673977191121,-6.061673977191121,1,0,off,0,0,0.0,0.0,0.0,0.0,0.0,0.0,0.0,0.0,0.0,0.0,0.0,-6.061673977191121,-6.061673977191121
flat,single,0,off,0,945,-3.1626224496855655,239.0,0.7895058393478394,0.7232506275177002,1,-3.1626224496855655,-3.1626224496855655,1,0,off,0,0,0.0,0.0,0.0,0.0,0.0,0.0,0.0,0.0,0.0,0.0,0.0,-3.1626224496855655,-3.1626224496855655
flat,single,0,off,0,946,-3.258666157246316,241.0,0.7959914803504944,0.7470993995666504,1,-3.258666157246316,-3.258666157246316,1,0,off,0,0,0.0,0.0,0.0,0.0,0.0,0.0,0.0,0.0,0.0,0.0,0.0,-3.258666157246316,-3.258666157246316
flat,single,0,off,0,947,-3.849172276747388,260.0,0.8166030645370483,0.7942528128623962,1,-3.849172276747388,-3.849172276747388,1,0,off,0,0,0.0,0.0,0.0,0.0,0.0,0.0,0.0,0.0,0.0,0.0,0.0,-3.849172276747388,-3.849172276747388
flat,single,0,off,0,948,-3.0550214208825275,234.0,0.7890716195106506,0.7470993995666504,1,-3.0550214208825275,-3.0550214208825275,1,0,off,0,0,0.0,0.0,0.0,0.0,0.0,0.0,0.0,0.0,0.0,0.0,0.0,-3.0550214208825275,-3.0550214208825275
flat,single,0,off,0,949,-4.07553618534001,270.0,0.8443910479545593,0.7991448044776917,1,-4.07553618534001,-4.07553618534001,1,0,off,0,0,0.0,0.0,0.0,0.0,0.0,0.0,0.0,0.0,0.0,0.0,0.0,-4.07553618534001,-4.07553618534001
flat,single,0,off,0,950,-4.6825462647888205,290.0,0.8174564242362976,0.7774750590324402,1,-4.6825462647888205,-4.6825462647888205,1,0,off,0,0,0.0,0.0,0.0,0.0,0.0,0.0,0.0,0.0,0.0,0.0,0.0,-4.6825462647888205,-4.6825462647888205
flat,single,0,off,0,951,-4.457552863463048,283.0,0.8396757245063782,0.7470993995666504,1,-4.457552863463048,-4.457552863463048,1,0,off,0,0,0.0,0.0,0.0,0.0,0.0,0.0,0.0,0.0,0.0,0.0,0.0,-4.457552863463048,-4.457552863463048
flat,single,0,off,0,952,-3.899778497582287,267.0,0.8370144963264465,0.8089063167572021,1,-3.899778497582287,-3.899778497582287,1,0,off,0,0,0.0,0.0,0.0,0.0,0.0,0.0,0.0,0.0,0.0,0.0,0.0,-3.899778497582287,-3.899778497582287
flat,single,0,off,0,953,-2.542614314067163,217.0,0.7830149531364441,0.7232506275177002,1,-2.542614314067163,-2.542614314067163,1,0,off,0,0,0.0,0.0,0.0,0.0,0.0,0.0,0.0,0.0,0.0,0.0,0.0,-2.542614314067163,-2.542614314067163
flat,single,0,off,0,954,-3.361034816763109,243.0,0.7976717352867126,0.74996417760849,1,-3.361034816763109,-3.361034816763109,1,0,off,0,0,0.0,0.0,0.0,0.0,0.0,0.0,0.0,0.0,0.0,0.0,0.0,-3.361034816763109,-3.361034816763109
flat,single,0,off,0,955,-4.001701393517419,268.0,0.8285892605781555,0.8103489279747009,1,-4.001701393517419,-4.001701393517419,1,0,off,0,0,0.0,0.0,0.0,0.0,0.0,0.0,0.0,0.0,0.0,0.0,0.0,-4.001701393517419,-4.001701393517419
flat,single,0,off,0,956,-2.953217297445506,232.0,0.8112629652023315,0.7854447364807129,1,-2.953217297445506,-2.953217297445506,1,0,off,0,0,0.0,0.0,0.0,0.0,0.0,0.0,0.0,0.0,0.0,0.0,0.0,-2.953217297445506,-2.953217297445506
flat,single,0,off,0,957,-2.8101186910481037,226.0,0.7914661765098572,0.7576594352722168,1,-2.8101186910481037,-2.8101186910481037,1,0,off,0,0,0.0,0.0,0.0,0.0,0.0,0.0,0.0,0.0,0.0,0.0,0.0,-2.8101186910481037,-2.8101186910481037
flat,single,0,off,0,958,-3.289695168191085,243.0,0.813886284828186,0.7677785158157349,1,-3.289695168191085,-3.289695168191085,1,0,off,0,0,0.0,0.0,0.0,0.0,0.0,0.0,0.0,0.0,0.0,0.0,0.0,-3.289695168191085,-3.289695168191085
flat,single,0,off,0,959,-4.197720231455737,272.0,0.8177990317344666,0.792814314365387,1,-4.197720231455737,-4.197720231455737,1,0,off,0,0,0.0,0.0,0.0,0.0,0.0,0.0,0.0,0.0,0.0,0.0,0.0,-4.197720231455737,-4.197720231455737
flat,single,0,off,0,960,-4.108789210288062,269.0,0.8200268745422363,0.7368783354759216,1,-4.108789210288062,-4.108789210288062,1,0,off,0,0,0.0,0.0,0.0,0.0,0.0,0.0,0.0,0.0,0.0,0.0,0.0,-4.108789210288062,-4.108789210288062
flat,single,0,off,0,961,-4.149430362825497,273.0,0.8159980773925781,0.7473541498184204,1,-4.149430362825497,-4.149430362825497,1,0,off,0,0,0.0,0.0,0.0,0.0,0.0,0.0,0.0,0.0,0.0,0.0,0.0,-4.149430362825497,-4.149430362825497
flat,single,0,off,0,962,-6.520144616835756,300.0,0.7097522616386414,0.32950323820114136,0,-6.520144616835756,-6.520144616835756,1,0,off,0,0,0.0,0.0,0.0,0.0,0.0,0.0,0.0,0.0,0.0,0.0,0.0,-6.520144616835756,-6.520144616835756
flat,single,0,off,0,963,-4.288277305542704,277.0,0.8273147940635681,0.7957034707069397,1,-4.288277305542704,-4.288277305542704,1,0,off,0,0,0.0,0.0,0.0,0.0,0.0,0.0,0.0,0.0,0.0,0.0,0.0,-4.288277305542704,-4.288277305542704
flat,single,0,off,0,964,-4.8269465369591344,296.0,0.829987645149231,0.7910891175270081,1,-4.8269465369591344,-4.8269465369591344,1,0,off,0,0,0.0,0.0,0.0,0.0,0.0,0.0,0.0,0.0,0.0,0.0,0.0,-4.8269465369591344,-4.8269465369591344
flat,single,0,off,0,965,-3.5479504255181866,251.0,0.7951154708862305,0.7470993995666504,1,-3.5479504255181866,-3.5479504255181866,1,0,off,0,0,0.0,0.0,0.0,0.0,0.0,0.0,0.0,0.0,0.0,0.0,0.0,-3.5479504255181866,-3.5479504255181866
flat,single,0,off,0,966,-4.600389821924023,288.0,0.8296586871147156,0.7831831574440002,1,-4.600389821924023,-4.600389821924023,1,0,off,0,0,0.0,0.0,0.0,0.0,0.0,0.0,0.0,0.0,0.0,0.0,0.0,-4.600389821924023,-4.600389821924023
flat,single,0,off,0,967,-3.987906259117862,265.0,0.7885149121284485,0.7410153746604919,1,-3.987906259117862,-3.987906259117862,1,0,off,0,0,0.0,0.0,0.0,0.0,0.0,0.0,0.0,0.0,0.0,0.0,0.0,-3.987906259117862,-3.987906259117862
flat,single,0,off,0,968,-2.8059966465923707,225.0,0.7986303567886353,0.7608805894851685,1,-2.8059966465923707,-2.8059966465923707,1,0,off,0,0,0.0,0.0,0.0,0.0,0.0,0.0,0.0,0.0,0.0,0.0,0.0,-2.8059966465923707,-2.8059966465923707
flat,single,0,off,0,969,-4.820500013073902,294.0,0.8243991136550903,0.7934390902519226,1,-4.820500013073902,-4.820500013073902,1,0,off,0,0,0.0,0.0,0.0,0.0,0.0,0.0,0.0,0.0,0.0,0.0,0.0,-4.820500013073902,-4.820500013073902
flat,single,0,off,0,970,-5.3719924077158705,300.0,0.8477277755737305,0.7987937927246094,0,-5.3719924077158705,-5.3719924077158705,1,0,off,0,0,0.0,0.0,0.0,0.0,0.0,0.0,0.0,0.0,0.0,0.0,0.0,-5.3719924077158705,-5.3719924077158705
flat,single,0,off,0,971,-4.043727776756259,269.0,0.8004975914955139,0.736735463142395,1,-4.043727776756259,-4.043727776756259,1,0,off,0,0,0.0,0.0,0.0,0.0,0.0,0.0,0.0,0.0,0.0,0.0,0.0,-4.043727776756259,-4.043727776756259
flat,single,0,off,0,972,-2.6686003798583853,222.0,0.7995424270629883,0.7576594352722168,1,-2.6686003798583853,-2.6686003798583853,1,0,off,0,0,0.0,0.0,0.0,0.0,0.0,0.0,0.0,0.0,0.0,0.0,0.0,-2.6686003798583853,-2.6686003798583853
flat,single,0,off,0,973,-3.668357431947938,256.0,0.8253549933433533,0.801379919052124,1,-3.668357431947938,-3.668357431947938,1,0,off,0,0,0.0,0.0,0.0,0.0,0.0,0.0,0.0,0.0,0.0,0.0,0.0,-3.668357431947938,-3.668357431947938
flat,single,0,off,0,974,-3.399938824098767,246.0,0.813461422920227,0.754544198513031,1,-3.399938824098767,-3.399938824098767,1,0,off,0,0,0.0,0.0,0.0,0.0,0.0,0.0,0.0,0.0,0.0,0.0,0.0,-3.399938824098767,-3.399938824098767
flat,single,0,off,0,975,-4.188074972240697,274.0,0.8294416666030884,0.7884401082992554,1,-4.188074972240697,-4.188074972240697,1,0,off,0,0,0.0,0.0,0.0,0.0,0.0,0.0,0.0,0.0,0.0,0.0,0.0,-4.188074972240697,-4.188074972240697
flat,single,0,off,0,976,-3.1386285113950496,237.0,0.7977886199951172,0.7470993995666504,1,-3.1386285113950496,-3.1386285113950496,1,0,off,0,0,0.0,0.0,0.0,0.0,0.0,0.0,0.0,0.0,0.0,0.0,0.0,-3.1386285113950496,-3.1386285113950496
flat,single,0,off,0,977,-4.258488172823548,276.0,0.8252917528152466,0.7867667078971863,1,-4.258488172823548,-4.258488172823548,1,0,off,0,0,0.0,0.0,0.0,0.0,0.0,0.0,0.0,0.0,0.0,0.0,0.0,-4.258488172823548,-4.258488172823548
flat,single,0,off,0,978,-7.055037479224861,300.0,0.6913791298866272,0.39698541164398193,0,-7.055037479224861,-7.055037479224861,1,0,off,0,0,0.0,0.0,0.0,0.0,0.0,0.0,0.0,0.0,0.0,0.0,0.0,-7.055037479224861,-7.055037479224861
flat,single,0,off,0,979,-4.778684631431228,294.0,0.8485192656517029,0.8212849497795105,1,-4.778684631431228,-4.778684631431228,1,0,off,0,0,0.0,0.0,0.0,0.0,0.0,0.0,0.0,0.0,0.0,0.0,0.0,-4.778684631431228,-4.778684631431228
flat,single,0,off,0,980,-3.552746580879883,251.0,0.7960180044174194,0.754544198513031,1,-3.552746580879883,-3.552746580879883,1,0,off,0,0,0.0,0.0,0.0,0.0,0.0,0.0,0.0,0.0,0.0,0.0,0.0,-3.552746580879883,-3.552746580879883
flat,single,0,off,0,981,-2.899545515075999,228.0,0.797838032245636,0.7677785158157349,1,-2.899545515075999,-2.899545515075999,1,0,off,0,0,0.0,0.0,0.0,0.0,0.0,0.0,0.0,0.0,0.0,0.0,0.0,-2.899545515075999,-2.899545515075999
flat,single,0,off,0,982,-3.9608866348280367,265.0,0.8124208450317383,0.780683696269989,1,-3.9608866348280367,-3.9608866348280367,1,0,off,0,0,0.0,0.0,0.0,0.0,0.0,0.0,0.0,0.0,0.0,0.0,0.0,-3.9608866348280367,-3.9608866348280367
flat,single,0,off,0,983,-3.379966191982359,245.0,0.8073921799659729,0.7470993995666504,1,-3.379966191982359,-3.379966191982359,1,0,off,0,0,0.0,0.0,0.0,0.0,0.0,0.0,0.0,0.0,0.0,0.0,0.0,-3.379966191982359,-3.379966191982359
flat,single,0,off,0,984,-2.8344628489401464,225.0,0.7763435244560242,0.7470993995666504,1,-2.8344628489401464,-2.8344628489401464,1,0,off,0,0,0.0,0.0,0.0,0.0,0.0,0.0,0.0,0.0,0.0,0.0,0.0,-2.8344628489401464,-2.8344628489401464
flat,single,0,off,0,985,-4.008967004759461,267.0,0.8164492249488831,0.7776991724967957,1,-4.008967004759461,-4.008967004759461,1,0,off,0,0,0.0,0.0,0.0,0.0,0.0,0.0,0.0,0.0,0.0,0.0,0.0,-4.008967004759461,-4.008967004759461
flat,single,0,off,0,986,-3.372165938020904,242.0,0.7807005643844604,0.7245265245437622,1,-3.372165938020904,-3.372165938020904,1,0,off,0,0,0.0,0.0,0.0,0.0,0.0,0.0,0.0,0.0,0.0,0.0,0.0,-3.372165938020904,-3.372165938020904
flat,single,0,off,0,987,-2.630930123141727,221.0,0.8013678789138794,0.7811338305473328,1,-2.630930123141727,-2.630930123141727,1,0,off,0,0,0.0,0.0,0.0,0.0,0.0,0.0,0.0,0.0,0.0,0.0,0.0,-2.630930123141727,-2.630930123141727
flat,single,0,off,0,988,-5.808172249770725,300.0,0.8095644116401672,0.7128164768218994,0,-5.808172249770725,-5.808172249770725,1,0,off,0,0,0.0,0.0,0.0,0.0,0.0,0.0,0.0,0.0,0.0,0.0,0.0,-5.808172249770725,-5.808172249770725
flat,single,0,off,0,989,-4.283188812894492,275.0,0.8071576356887817,0.7245265245437622,1,-4.283188812894492,-4.283188812894492,1,0,off,0,0,0.0,0.0,0.0,0.0,0.0,0.0,0.0,0.0,0.0,0.0,0.0,-4.283188812894492,-4.283188812894492
flat,single,0,off,0,990,-3.9904482301790134,265.0,0.8119382262229919,0.7710239887237549,1,-3.9904482301790134,-3.9904482301790134,1,0,off,0,0,0.0,0.0,0.0,0.0,0.0,0.0,0.0,0.0,0.0,0.0,0.0,-3.9904482301790134,-3.9904482301790134
flat,single,0,off,0,991,-4.841670086508386,295.0,0.8142134547233582,0.7677785158157349,1,-4.841670086508386,-4.841670086508386,1,0,off,0,0,0.0,0.0,0.0,0.0,0.0,0.0,0.0,0.0,0.0,0.0,0.0,-4.841670086508386,-4.841670086508386
flat,single,0,off,0,992,-3.6250861379946406,254.0,0.8041309714317322,0.74996417760849,1,-3.6250861379946406,-3.6250861379946406,1,0,off,0,0,0.0,0.0,0.0,0.0,0.0,0.0,0.0,0.0,0.0,0.0,0.0,-3.6250861379946406,-3.6250861379946406
flat,single,0,off,0,993,-4.061735557495828,269.0,0.8344777822494507,0.7634971141815186,1,-4.061735557495828,-4.061735557495828,1,0,off,0,0,0.0,0.0,0.0,0.0,0.0,0.0,0.0,0.0,0.0,0.0,0.0,-4.061735557495828,-4.061735557495828
flat,single,0,off,0,994,-3.559289977722774,250.0,0.8165900111198425,0.7774750590324402,1,-3.559289977722774,-3.559289977722774,1,0,off,0,0,0.0,0.0,0.0,0.0,0.0,0.0,0.0,0.0,0.0,0.0,0.0,-3.559289977722774,-3.559289977722774
flat,single,0,off,0,995,-4.479062290312708,283.0,0.8508294820785522,0.780683696269989,1,-4.479062290312708,-4.479062290312708,1,0,off,0,0,0.0,0.0,0.0,0.0,0.0,0.0,0.0,0.0,0.0,0.0,0.0,-4.479062290312708,-4.479062290312708
flat,single,0,off,0,996,-4.317957484248311,278.0,0.8566046953201294,0.8123779892921448,1,-4.317957484248311,-4.317957484248311,1,0,off,0,0,0.0,0.0,0.0,0.0,0.0,0.0,0.0,0.0,0.0,0.0,0.0,-4.317957484248311,-4.317957484248311
flat,single,0,off,0,997,-5.5372463267296625,300.0,0.7762413620948792,0.6046582460403442,0,-5.5372463267296625,-5.5372463267296625,1,0,off,0,0,0.0,0.0,0.0,0.0,0.0,0.0,0.0,0.0,0.0,0.0,0.0,-5.5372463267296625,-5.5372463267296625
flat,single,0,off,0,998,-3.080105396866542,235.0,0.7860772013664246,0.7470993995666504,1,-3.080105396866542,-3.080105396866542,1,0,off,0,0,0.0,0.0,0.0,0.0,0.0,0.0,0.0,0.0,0.0,0.0,0.0,-3.080105396866542,-3.080105396866542
flat,single,0,off,0,999,-3.3184705997735513,243.0,0.8140681982040405,0.7689886689186096,1,-3.3184705997735513,-3.3184705997735513,1,0,off,0,0,0.0,0.0,0.0,0.0,0.0,0.0,0.0,0.0,0.0,0.0,0.0,-3.3184705997735513,-3.3184705997735513
flat,single,0,off,0,1000,-4.838566076073328,294.0,0.8194422125816345,0.7677785158157349,1,-4.838566076073328,-4.838566076073328,1,0,off,0,0,0.0,0.0,0.0,0.0,0.0,0.0,0.0,0.0,0.0,0.0,0.0,-4.838566076073328,-4.838566076073328
flat,single,0,off,0,1001,-3.4682029846845857,247.0,0.8140591382980347,0.7576594352722168,1,-3.4682029846845857,-3.4682029846845857,1,0,off,0,0,0.0,0.0,0.0,0.0,0.0,0.0,0.0,0.0,0.0,0.0,0.0,-3.4682029846845857,-3.4682029846845857
flat,single,0,off,0,1002,-3.421992863244362,246.0,0.8159212470054626,0.7368783354759216,1,-3.421992863244362,-3.421992863244362,1,0,off,0,0,0.0,0.0,0.0,0.0,0.0,0.0,0.0,0.0,0.0,0.0,0.0,-3.421992863244362,-3.421992863244362
flat,single,0,off,0,1003,-3.3918148181284486,245.0,0.8100067377090454,0.7694438695907593,1,-3.3918148181284486,-3.3918148181284486,1,0,off,0,0,0.0,0.0,0.0,0.0,0.0,0.0,0.0,0.0,0.0,0.0,0.0,-3.3918148181284486,-3.3918148181284486
flat,single,0,off,0,1004,-5.436830616311625,300.0,0.8319355249404907,0.7467876076698303,0,-5.436830616311625,-5.436830616311625,1,0,off,0,0,0.0,0.0,0.0,0.0,0.0,0.0,0.0,0.0,0.0,0.0,0.0,-5.436830616311625,-5.436830616311625
flat,single,0,off,0,1005,-3.2922861832624535,242.0,0.7961078882217407,0.7368783354759216,1,-3.2922861832624535,-3.2922861832624535,1,0,off,0,0,0.0,0.0,0.0,0.0,0.0,0.0,0.0,0.0,0.0,0.0,0.0,-3.2922861832624535,-3.2922861832624535
flat,single,0,off,0,1006,-2.8337030668591514,227.0,0.7900682091712952,0.7179409861564636,1,-2.8337030668591514,-2.8337030668591514,1,0,off,0,0,0.0,0.0,0.0,0.0,0.0,0.0,0.0,0.0,0.0,0.0,0.0,-2.8337030668591514,-2.8337030668591514
flat,single,0,off,0,1007,-3.0088991683244113,233.0,0.8087345361709595,0.780683696269989,1,-3.0088991683244113,-3.0088991683244113,1,0,off,0,0,0.0,0.0,0.0,0.0,0.0,0.0,0.0,0.0,0.0,0.0,0.0,-3.0088991683244113,-3.0088991683244113
flat,single,0,off,0,1008,-2.8407394918647846,228.0,0.7998942136764526,0.7677785158157349,1,-2.8407394918647846,-2.8407394918647846,1,0,off,0,0,0.0,0.0,0.0,0.0,0.0,0.0,0.0,0.0,0.0,0.0,0.0,-2.8407394918647846,-2.8407394918647846
flat,single,0,off,0,1009,-2.9643718805326853,229.0,0.7810338139533997,0.7113965153694153,1,-2.9643718805326853,-2.9643718805326853,1,0,off,0,0,0.0,0.0,0.0,0.0,0.0,0.0,0.0,0.0,0.0,0.0,0.0,-2.9643718805326853,-2.9643718805326853
flat,single,0,off,0,1010,-4.344144235829588,279.0,0.8262270092964172,0.780619204044342,1,-4.344144235829588,-4.344144235829588,1,0,off,0,0,0.0,0.0,0.0,0.0,0.0,0.0,0.0,0.0,0.0,0.0,0.0,-4.344144235829588,-4.344144235829588
flat,single,0,off,0,1011,-3.413411616703939,246.0,0.8164687156677246,0.7440680265426636,1,-3.413411616703939,-3.413411616703939,1,0,off,0,0,0.0,0.0,0.0,0.0,0.0,0.0,0.0,0.0,0.0,0.0,0.0,-3.413411616703939,-3.413411616703939
flat,single,0,off,0,1012,-5.397262837301253,300.0,0.8126479983329773,0.7960793375968933,0,-5.397262837301253,-5.397262837301253,1,0,off,0,0,0.0,0.0,0.0,0.0,0.0,0.0,0.0,0.0,0.0,0.0,0.0,-5.397262837301253,-5.397262837301253
flat,single,0,off,0,1013,-2.827940994547655,225.0,0.7723429799079895,0.7166830897331238,1,-2.827940994547655,-2.827940994547655,1,0,off,0,0,0.0,0.0,0.0,0.0,0.0,0.0,0.0,0.0,0.0,0.0,0.0,-2.827940994547655,-2.827940994547655
flat,single,0,off,0,1014,-3.646512631283822,253.0,0.8004664182662964,0.7179409861564636,1,-3.646512631283822,-3.646512631283822,1,0,off,0,0,0.0,0.0,0.0,0.0,0.0,0.0,0.0,0.0,0.0,0.0,0.0,-3.646512631283822,-3.646512631283822
flat,single,0,off,0,1015,-3.7473660140286436,259.0,0.8267143368721008,0.7401043176651001,1,-3.7473660140286436,-3.7473660140286436,1,0,off,0,0,0.0,0.0,0.0,0.0,0.0,0.0,0.0,0.0,0.0,0.0,0.0,-3.7473660140286436,-3.7473660140286436
flat,single,0,off,0,1016,-3.8454805611353144,261.0,0.803953230381012,0.7741684317588806,1,-3.8454805611353144,-3.8454805611353144,1,0,off,0,0,0.0,0.0,0.0,0.0,0.0,0.0,0.0,0.0,0.0,0.0,0.0,-3.8454805611353144,-3.8454805611353144
flat,single,0,off,0,1017,-3.4591405090864074,249.0,0.8029618859291077,0.7470993995666504,1,-3.4591405090864074,-3.4591405090864074,1,0,off,0,0,0.0,0.0,0.0,0.0,0.0,0.0,0.0,0.0,0.0,0.0,0.0,-3.4591405090864074,-3.4591405090864074
flat,single,0,off,0,1018,-3.8994069436599714,263.0,0.8243712782859802,0.7689771056175232,1,-3.8994069436599714,-3.8994069436599714,1,0,off,0,0,0.0,0.0,0.0,0.0,0.0,0.0,0.0,0.0,0.0,0.0,0.0,-3.8994069436599714,-3.8994069436599714
flat,single,0,off,0,1019,-4.014215773004101,268.0,0.8353756070137024,0.7887081503868103,1,-4.014215773004101,-4.014215773004101,1,0,off,0,0,0.0,0.0,0.0,0.0,0.0,0.0,0.0,0.0,0.0,0.0,0.0,-4.014215773004101,-4.014215773004101
flat,single,0,off,0,1020,-3.921978329289683,264.0,0.8123884201049805,0.7623991966247559,1,-3.921978329289683,-3.921978329289683,1,0,off,0,0,0.0,0.0,0.0,0.0,0.0,0.0,0.0,0.0,0.0,0.0,0.0,-3.921978329289683,-3.921978329289683
flat,single,0,off,0,1021,-3.318392841061553,243.0,0.7875767946243286,0.7440680861473083,1,-3.318392841061553,-3.318392841061553,1,0,off,0,0,0.0,0.0,0.0,0.0,0.0,0.0,0.0,0.0,0.0,0.0,0.0,-3.318392841061553,-3.318392841061553
flat,single,0,off,0,1022,-3.939053320107049,262.0,0.7959470748901367,0.7454992532730103,1,-3.939053320107049,-3.939053320107049,1,0,off,0,0,0.0,0.0,0.0,0.0,0.0,0.0,0.0,0.0,0.0,0.0,0.0,-3.939053320107049,-3.939053320107049
flat,single,0,off,0,1023,-4.544043408660208,285.0,0.8292720913887024,0.7731971144676208,1,-4.544043408660208,-4.544043408660208,1,0,off,0,0,0.0,0.0,0.0,0.0,0.0,0.0,0.0,0.0,0.0,0.0,0.0,-4.544043408660208,-4.544043408660208
flat,single,0,off,0,1024,-3.2579338133393083,240.0,0.8002911806106567,0.7576594352722168,1,-3.2579338133393083,-3.2579338133393083,1,0,off,0,0,0.0,0.0,0.0,0.0,0.0,0.0,0.0,0.0,0.0,0.0,0.0,-3.2579338133393083,-3.2579338133393083
flat,single,0,off,0,1025,-3.7968890574760534,260.0,0.8011618852615356,0.754544198513031,1,-3.7968890574760534,-3.7968890574760534,1,0,off,0,0,0.0,0.0,0.0,0.0,0.0,0.0,0.0,0.0,0.0,0.0,0.0,-3.7968890574760534,-3.7968890574760534
flat,single,0,off,0,1026,-5.41284529968397,300.0,0.8076653480529785,0.7257165908813477,0,-5.41284529968397,-5.41284529968397,1,0,off,0,0,0.0,0.0,0.0,0.0,0.0,0.0,0.0,0.0,0.0,0.0,0.0,-5.41284529968397,-5.41284529968397
flat,single,0,off,0,1027,-4.358970236310253,278.0,0.8265311121940613,0.7470993995666504,1,-4.358970236310253,-4.358970236310253,1,0,off,0,0,0.0,0.0,0.0,0.0,0.0,0.0,0.0,0.0,0.0,0.0,0.0,-4.358970236310253,-4.358970236310253
flat,single,0,off,0,1028,-4.609250338096163,285.0,0.8350207209587097,0.7417936325073242,1,-4.609250338096163,-4.609250338096163,1,0,off,0,0,0.0,0.0,0.0,0.0,0.0,0.0,0.0,0.0,0.0,0.0,0.0,-4.609250338096163,-4.609250338096163
flat,single,0,off,0,1029,-4.255725241882005,274.0,0.823862612247467,0.7663620114326477,1,-4.255725241882005,-4.255725241882005,1,0,off,0,0,0.0,0.0,0.0,0.0,0.0,0.0,0.0,0.0,0.0,0.0,0.0,-4.255725241882005,-4.255725241882005
flat,single,0,off,0,1030,-3.232163568654771,239.0,0.8094377517700195,0.7218727469444275,1,-3.232163568654771,-3.232163568654771,1,0,off,0,0,0.0,0.0,0.0,0.0,0.0,0.0,0.0,0.0,0.0,0.0,0.0,-3.232163568654771,-3.232163568654771
flat,single,0,off,0,1031,-3.826159996528858,261.0,0.8222749829292297,0.7863973379135132,1,-3.826159996528858,-3.826159996528858,1,0,off,0,0,0.0,0.0,0.0,0.0,0.0,0.0,0.0,0.0,0.0,0.0,0.0,-3.826159996528858,-3.826159996528858
flat,single,0,off,0,1032,-3.5006569039053086,248.0,0.8032075762748718,0.7691637277603149,1,-3.5006569039053086,-3.5006569039053086,1,0,off,0,0,0.0,0.0,0.0,0.0,0.0,0.0,0.0,0.0,0.0,0.0,0.0,-3.5006569039053086,-3.5006569039053086
flat,single,0,off,0,1033,-2.6329836695850624,219.0,0.7816101908683777,0.7018553614616394,1,-2.6329836695850624,-2.6329836695850624,1,0,off,0,0,0.0,0.0,0.0,0.0,0.0,0.0,0.0,0.0,0.0,0.0,0.0,-2.6329836695850624,-2.6329836695850624
flat,single,0,off,0,1034,-4.730606365047845,291.0,0.8227792978286743,0.7863973379135132,1,-4.730606365047845,-4.730606365047845,1,0,off,0,0,0.0,0.0,0.0,0.0,0.0,0.0,0.0,0.0,0.0,0.0,0.0,-4.730606365047845,-4.730606365047845
flat,single,0,off,0,1035,-5.868404415692212,300.0,0.780456006526947,0.6591087579727173,0,-5.868404415692212,-5.868404415692212,1,0,off,0,0,0.0,0.0,0.0,0.0,0.0,0.0,0.0,0.0,0.0,0.0,0.0,-5.868404415692212,-5.868404415692212
flat,single,0,off,0,1036,-3.47843970905172,247.0,0.7981382012367249,0.7519832253456116,1,-3.47843970905172,-3.47843970905172,1,0,off,0,0,0.0,0.0,0.0,0.0,0.0,0.0,0.0,0.0,0.0,0.0,0.0,-3.47843970905172,-3.47843970905172
flat,single,0,off,0,1037,-4.28287376357823,273.0,0.8182473182678223,0.8032975196838379,1,-4.28287376357823,-4.28287376357823,1,0,off,0,0,0.0,0.0,0.0,0.0,0.0,0.0,0.0,0.0,0.0,0.0,0.0,-4.28287376357823,-4.28287376357823
flat,single,0,off,0,1038,-6.601271024125173,300.0,0.608104407787323,0.08804672211408615,0,-6.601271024125173,-6.601271024125173,1,0,off,0,0,0.0,0.0,0.0,0.0,0.0,0.0,0.0,0.0,0.0,0.0,0.0,-6.601271024125173,-6.601271024125173
flat,single,0,off,0,1039,-3.3519509609369424,244.0,0.809056282043457,0.7452986240386963,1,-3.3519509609369424,-3.3519509609369424,1,0,off,0,0,0.0,0.0,0.0,0.0,0.0,0.0,0.0,0.0,0.0,0.0,0.0,-3.3519509609369424,-3.3519509609369424
flat,single,0,off,0,1040,-4.174373961630026,270.0,0.8161192536354065,0.7144550085067749,1,-4.174373961630026,-4.174373961630026,1,0,off,0,0,0.0,0.0,0.0,0.0,0.0,0.0,0.0,0.0,0.0,0.0,0.0,-4.174373961630026,-4.174373961630026
flat,single,0,off,0,1041,-3.9902073761343333,266.0,0.8130306601524353,0.778242290019989,1,-3.9902073761343333,-3.9902073761343333,1,0,off,0,0,0.0,0.0,0.0,0.0,0.0,0.0,0.0,0.0,0.0,0.0,0.0,-3.9902073761343333,-3.9902073761343333
flat,single,0,off,0,1042,-3.689319608604981,255.0,0.808453381061554,0.7319686412811279,1,-3.689319608604981,-3.689319608604981,1,0,off,0,0,0.0,0.0,0.0,0.0,0.0,0.0,0.0,0.0,0.0,0.0,0.0,-3.689319608604981,-3.689319608604981
flat,single,0,off,0,1043,-3.6335199977946164,253.0,0.8083558082580566,0.7470993995666504,1,-3.6335199977946164,-3.6335199977946164,1,0,off,0,0,0.0,0.0,0.0,0.0,0.0,0.0,0.0,0.0,0.0,0.0,0.0,-3.6335199977946164,-3.6335199977946164
flat,single,0,off,0,1044,-4.86162431031115,295.0,0.8357306122779846,0.7956703901290894,1,-4.86162431031115,-4.86162431031115,1,0,off,0,0,0.0,0.0,0.0,0.0,0.0,0.0,0.0,0.0,0.0,0.0,0.0,-4.86162431031115,-4.86162431031115
flat,single,0,off,0,1045,-3.3653935217647537,245.0,0.8088103532791138,0.7703287601470947,1,-3.3653935217647537,-3.3653935217647537,1,0,off,0,0,0.0,0.0,0.0,0.0,0.0,0.0,0.0,0.0,0.0,0.0,0.0,-3.3653935217647537,-3.3653935217647537
flat,single,0,off,0,1046,-3.99459671923191,267.0,0.8022339940071106,0.7470993995666504,1,-3.99459671923191,-3.99459671923191,1,0,off,0,0,0.0,0.0,0.0,0.0,0.0,0.0,0.0,0.0,0.0,0.0,0.0,-3.99459671923191,-3.99459671923191
flat,single,0,off,0,1047,-3.8128431847796094,261.0,0.7946683168411255,0.7179409861564636,1,-3.8128431847796094,-3.8128431847796094,1,0,off,0,0,0.0,0.0,0.0,0.0,0.0,0.0,0.0,0.0,0.0,0.0,0.0,-3.8128431847796094,-3.8128431847796094
flat,single,0,off,0,1048,-3.046060622067864,233.0,0.7932335734367371,0.7440680861473083,1,-3.046060622067864,-3.046060622067864,1,0,off,0,0,0.0,0.0,0.0,0.0,0.0,0.0,0.0,0.0,0.0,0.0,0.0,-3.046060622067864,-3.046060622067864
flat,single,0,off,0,1049,-5.841566310374762,300.0,0.8167470097541809,0.7592577338218689,0,-5.841566310374762,-5.841566310374762,1,0,off,0,0,0.0,0.0,0.0,0.0,0.0,0.0,0.0,0.0,0.0,0.0,0.0,-5.841566310374762,-5.841566310374762
flat,single,0,off,0,1050,-2.6511018020286974,221.0,0.7974476218223572,0.7576398253440857,1,-2.6511018020286974,-2.6511018020286974,1,0,off,0,0,0.0,0.0,0.0,0.0,0.0,0.0,0.0,0.0,0.0,0.0,0.0,-2.6511018020286974,-2.6511018020286974
flat,single,0,off,0,1051,-3.807392199778681,259.0,0.8012768626213074,0.7368783354759216,1,-3.807392199778681,-3.807392199778681,1,0,off,0,0,0.0,0.0,0.0,0.0,0.0,0.0,0.0,0.0,0.0,0.0,0.0,-3.807392199778681,-3.807392199778681
flat,single,0,off,0,1052,-3.3760163654992104,246.0,0.804092288017273,0.7710239887237549,1,-3.3760163654992104,-3.3760163654992104,1,0,off,0,0,0.0,0.0,0.0,0.0,0.0,0.0,0.0,0.0,0.0,0.0,0.0,-3.3760163654992104,-3.3760163654992104
flat,single,0,off,0,1053,-2.723763249922768,223.0,0.7833302617073059,0.7179409861564636,1,-2.723763249922768,-2.723763249922768,1,0,off,0,0,0.0,0.0,0.0,0.0,0.0,0.0,0.0,0.0,0.0,0.0,0.0,-2.723763249922768,-2.723763249922768
flat,single,0,off,0,1054,-3.304181266041683,241.0,0.7847909331321716,0.7108073234558105,1,-3.304181266041683,-3.304181266041683,1,0,off,0,0,0.0,0.0,0.0,0.0,0.0,0.0,0.0,0.0,0.0,0.0,0.0,-3.304181266041683,-3.304181266041683
flat,single,0,off,0,1055,-3.97939443959853,267.0,0.797416090965271,0.7781203985214233,1,-3.97939443959853,-3.97939443959853,1,0,off,0,0,0.0,0.0,0.0,0.0,0.0,0.0,0.0,0.0,0.0,0.0,0.0,-3.97939443959853,-3.97939443959853
flat,single,0,off,0,1056,-2.8328661872492886,226.0,0.78338623046875,0.7410153746604919,1,-2.8328661872492886,-2.8328661872492886,1,0,off,0,0,0.0,0.0,0.0,0.0,0.0,0.0,0.0,0.0,0.0,0.0,0.0,-2.8328661872492886,-2.8328661872492886
flat,single,0,off,0,1057,-4.69270274796755,289.0,0.8270420432090759,0.7722199559211731,1,-4.69270274796755,-4.69270274796755,1,0,off,0,0,0.0,0.0,0.0,0.0,0.0,0.0,0.0,0.0,0.0,0.0,0.0,-4.69270274796755,-4.69270274796755
flat,single,0,off,0,1058,-3.6752540737099277,255.0,0.8245012164115906,0.7232506275177002,1,-3.6752540737099277,-3.6752540737099277,1,0,off,0,0,0.0,0.0,0.0,0.0,0.0,0.0,0.0,0.0,0.0,0.0,0.0,-3.6752540737099277,-3.6752540737099277
flat,single,0,off,0,1059,-3.115889486822984,236.0,0.8158876299858093,0.800738513469696,1,-3.115889486822984,-3.115889486822984,1,0,off,0,0,0.0,0.0,0.0,0.0,0.0,0.0,0.0,0.0,0.0,0.0,0.0,-3.115889486822984,-3.115889486822984
flat,single,0,off,0,1060,-3.2565945108502508,242.0,0.8109573125839233,0.7774750590324402,1,-3.2565945108502508,-3.2565945108502508,1,0,off,0,0,0.0,0.0,0.0,0.0,0.0,0.0,0.0,0.0,0.0,0.0,0.0,-3.2565945108502508,-3.2565945108502508
flat,single,0,off,0,1061,-5.417543134005963,300.0,0.8235489726066589,0.6772741079330444,0,-5.417543134005963,-5.417543134005963,1,0,off,0,0,0.0,0.0,0.0,0.0,0.0,0.0,0.0,0.0,0.0,0.0,0.0,-5.417543134005963,-5.417543134005963
flat,single,0,off,0,1062,-3.485992161888845,250.0,0.8235960602760315,0.7677785158157349,1,-3.485992161888845,-3.485992161888845,1,0,off,0,0,0.0,0.0,0.0,0.0,0.0,0.0,0.0,0.0,0.0,0.0,0.0,-3.485992161888845,-3.485992161888845
flat,single,0,off,0,1063,-3.096143974101854,235.0,0.7995428442955017,0.7689770460128784,1,-3.096143974101854,-3.096143974101854,1,0,off,0,0,0.0,0.0,0.0,0.0,0.0,0.0,0.0,0.0,0.0,0.0,0.0,-3.096143974101854,-3.096143974101854
flat,single,0,off,0,1064,-3.600364720493062,253.0,0.8149039149284363,0.7774750590324402,1,-3.600364720493062,-3.600364720493062,1,0,off,0,0,0.0,0.0,0.0,0.0,0.0,0.0,0.0,0.0,0.0,0.0,0.0,-3.600364720493062,-3.600364720493062
flat,single,0,off,0,1065,-3.318390059812212,243.0,0.8098249435424805,0.7791026830673218,1,-3.318390059812212,-3.318390059812212,1,0,off,0,0,0.0,0.0,0.0,0.0,0.0,0.0,0.0,0.0,0.0,0.0,0.0,-3.318390059812212,-3.318390059812212
flat,single,0,off,0,1066,-3.3289183834183276,242.0,0.8164190649986267,0.752349853515625,1,-3.3289183834183276,-3.3289183834183276,1,0,off,0,0,0.0,0.0,0.0,0.0,0.0,0.0,0.0,0.0,0.0,0.0,0.0,-3.3289183834183276,-3.3289183834183276
flat,single,0,off,0,1067,-4.043716830012847,268.0,0.8004885315895081,0.7576398253440857,1,-4.043716830012847,-4.043716830012847,1,0,off,0,0,0.0,0.0,0.0,0.0,0.0,0.0,0.0,0.0,0.0,0.0,0.0,-4.043716830012847,-4.043716830012847
flat,single,0,off,0,1068,-4.537906181217396,284.0,0.8039863705635071,0.7576594352722168,1,-4.537906181217396,-4.537906181217396,1,0,off,0,0,0.0,0.0,0.0,0.0,0.0,0.0,0.0,0.0,0.0,0.0,0.0,-4.537906181217396,-4.537906181217396
flat,single,0,off,0,1069,-4.0376727757253565,268.0,0.8248308300971985,0.7470993995666504,1,-4.0376727757253565,-4.0376727757253565,1,0,off,0,0,0.0,0.0,0.0,0.0,0.0,0.0,0.0,0.0,0.0,0.0,0.0,-4.0376727757253565,-4.0376727757253565
flat,single,0,off,0,1070,-6.778487307377522,300.0,0.6110959053039551,0.05710132047533989,0,-6.778487307377522,-6.778487307377522,1,0,off,0,0,0.0,0.0,0.0,0.0,0.0,0.0,0.0,0.0,0.0,0.0,0.0,-6.778487307377522,-6.778487307377522
flat,single,0,off,0,1071,-3.4669779496430215,249.0,0.7994952201843262,0.7689886689186096,1,-3.4669779496430215,-3.4669779496430215,1,0,off,0,0,0.0,0.0,0.0,0.0,0.0,0.0,0.0,0.0,0.0,0.0,0.0,-3.4669779496430215,-3.4669779496430215
flat,single,0,off,0,1072,-5.364195740228745,300.0,0.8672670125961304,0.8148692846298218,0,-5.364195740228745,-5.364195740228745,1,0,off,0,0,0.0,0.0,0.0,0.0,0.0,0.0,0.0,0.0,0.0,0.0,0.0,-5.364195740228745,-5.364195740228745
flat,single,0,off,0,1073,-3.0695597434008732,235.0,0.7819614410400391,0.7405460476875305,1,-3.0695597434008732,-3.0695597434008732,1,0,off,0,0,0.0,0.0,0.0,0.0,0.0,0.0,0.0,0.0,0.0,0.0,0.0,-3.0695597434008732,-3.0695597434008732
flat,single,0,off,0,1074,-3.9696477444388307,266.0,0.8353757858276367,0.8098039031028748,1,-3.9696477444388307,-3.9696477444388307,1,0,off,0,0,0.0,0.0,0.0,0.0,0.0,0.0,0.0,0.0,0.0,0.0,0.0,-3.9696477444388307,-3.9696477444388307
flat,single,0,off,0,1075,-4.5468289730424125,287.0,0.847370445728302,0.8042023181915283,1,-4.5468289730424125,-4.5468289730424125,1,0,off,0,0,0.0,0.0,0.0,0.0,0.0,0.0,0.0,0.0,0.0,0.0,0.0,-4.5468289730424125,-4.5468289730424125
flat,single,0,off,0,1076,-3.045846439221618,234.0,0.7915658950805664,0.7364096641540527,1,-3.045846439221618,-3.045846439221618,1,0,off,0,0,0.0,0.0,0.0,0.0,0.0,0.0,0.0,0.0,0.0,0.0,0.0,-3.045846439221618,-3.045846439221618
flat,single,0,off,0,1077,-4.451563478353187,284.0,0.8363259434700012,0.7969411015510559,1,-4.451563478353187,-4.451563478353187,1,0,off,0,0,0.0,0.0,0.0,0.0,0.0,0.0,0.0,0.0,0.0,0.0,0.0,-4.451563478353187,-4.451563478353187
flat,single,0,off,0,1078,-3.6465800445934056,255.0,0.8320173025131226,0.8123779892921448,1,-3.6465800445934056,-3.6465800445934056,1,0,off,0,0,0.0,0.0,0.0,0.0,0.0,0.0,0.0,0.0,0.0,0.0,0.0,-3.6465800445934056,-3.6465800445934056
flat,single,0,off,0,1079,-2.8578977885749066,228.0,0.8013413548469543,0.7710239887237549,1,-2.8578977885749066,-2.8578977885749066,1,0,off,0,0,0.0,0.0,0.0,0.0,0.0,0.0,0.0,0.0,0.0,0.0,0.0,-2.8578977885749066,-2.8578977885749066
flat,single,0,off,0,1080,-4.144119732682581,271.0,0.8118160963058472,0.754544198513031,1,-4.144119732682581,-4.144119732682581,1,0,off,0,0,0.0,0.0,0.0,0.0,0.0,0.0,0.0,0.0,0.0,0.0,0.0,-4.144119732682581,-4.144119732682581
flat,single,0,off,0,1081,-5.963007416157072,300.0,0.76740962266922,0.6446924209594727,0,-5.963007416157072,-5.963007416157072,1,0,off,0,0,0.0,0.0,0.0,0.0,0.0,0.0,0.0,0.0,0.0,0.0,0.0,-5.963007416157072,-5.963007416157072
flat,single,0,off,0,1082,-3.1574445333529537,237.0,0.8056438565254211,0.7855808734893799,1,-3.1574445333529537,-3.1574445333529537,1,0,off,0,0,0.0,0.0,0.0,0.0,0.0,0.0,0.0,0.0,0.0,0.0,0.0,-3.1574445333529537,-3.1574445333529537
flat,single,0,off,0,1083,-4.407602185417179,279.0,0.8344282507896423,0.7933938503265381,1,-4.407602185417179,-4.407602185417179,1,0,off,0,0,0.0,0.0,0.0,0.0,0.0,0.0,0.0,0.0,0.0,0.0,0.0,-4.407602185417179,-4.407602185417179
flat,single,0,off,0,1084,-3.843789515326483,262.0,0.8345586061477661,0.7867667078971863,1,-3.843789515326483,-3.843789515326483,1,0,off,0,0,0.0,0.0,0.0,0.0,0.0,0.0,0.0,0.0,0.0,0.0,0.0,-3.843789515326483,-3.843789515326483
flat,single,0,off,0,1085,-3.788015249164303,257.0,0.7813535332679749,0.7364097237586975,1,-3.788015249164303,-3.788015249164303,1,0,off,0,0,0.0,0.0,0.0,0.0,0.0,0.0,0.0,0.0,0.0,0.0,0.0,-3.788015249164303,-3.788015249164303
flat,single,0,off,0,1086,-3.866731879854326,260.0,0.7996129393577576,0.7382266521453857,1,-3.866731879854326,-3.866731879854326,1,0,off,0,0,0.0,0.0,0.0,0.0,0.0,0.0,0.0,0.0,0.0,0.0,0.0,-3.866731879854326,-3.866731879854326
flat,single,0,off,0,1087,-4.355066329649403,281.0,0.8479260802268982,0.8042023181915283,1,-4.355066329649403,-4.355066329649403,1,0,off,0,0,0.0,0.0,0.0,0.0,0.0,0.0,0.0,0.0,0.0,0.0,0.0,-4.355066329649403,-4.355066329649403
flat,single,0,off,0,1088,-2.828657249159866,227.0,0.8101787567138672,0.7440680861473083,1,-2.828657249159866,-2.828657249159866,1,0,off,0,0,0.0,0.0,0.0,0.0,0.0,0.0,0.0,0.0,0.0,0.0,0.0,-2.828657249159866,-2.828657249159866
flat,single,0,off,0,1089,-5.443792462686543,300.0,0.8149096369743347,0.7576594352722168,0,-5.443792462686543,-5.443792462686543,1,0,off,0,0,0.0,0.0,0.0,0.0,0.0,0.0,0.0,0.0,0.0,0.0,0.0,-5.443792462686543,-5.443792462686543
flat,single,0,off,0,1090,-2.9671397101960384,231.0,0.7817816734313965,0.7412227392196655,1,-2.9671397101960384,-2.9671397101960384,1,0,off,0,0,0.0,0.0,0.0,0.0,0.0,0.0,0.0,0.0,0.0,0.0,0.0,-2.9671397101960384,-2.9671397101960384
flat,single,0,off,0,1091,-4.312732846580314,277.0,0.8353142738342285,0.780683696269989,1,-4.312732846580314,-4.312732846580314,1,0,off,0,0,0.0,0.0,0.0,0.0,0.0,0.0,0.0,0.0,0.0,0.0,0.0,-4.312732846580314,-4.312732846580314
flat,single,0,off,0,1092,-2.8671398538432378,228.0,0.7994660139083862,0.7470993995666504,1,-2.8671398538432378,-2.8671398538432378,1,0,off,0,0,0.0,0.0,0.0,0.0,0.0,0.0,0.0,0.0,0.0,0.0,0.0,-2.8671398538432378,-2.8671398538432378
flat,single,0,off,0,1093,-3.1205787378828735,235.0,0.7975233197212219,0.7317221760749817,1,-3.1205787378828735,-3.1205787378828735,1,0,off,0,0,0.0,0.0,0.0,0.0,0.0,0.0,0.0,0.0,0.0,0.0,0.0,-3.1205787378828735,-3.1205787378828735
flat,single,0,off,0,1094,-4.038593795924659,270.0,0.8341537714004517,0.7689886689186096,1,-4.038593795924659,-4.038593795924659,1,0,off,0,0,0.0,0.0,0.0,0.0,0.0,0.0,0.0,0.0,0.0,0.0,0.0,-4.038593795924659,-4.038593795924659
flat,single,0,off,0,1095,-3.617831399894758,253.0,0.7976478338241577,0.7179409861564636,1,-3.617831399894758,-3.617831399894758,1,0,off,0,0,0.0,0.0,0.0,0.0,0.0,0.0,0.0,0.0,0.0,0.0,0.0,-3.617831399894758,-3.617831399894758
flat,single,0,off,0,1096,-3.415102248958985,245.0,0.8183870911598206,0.7575312256813049,1,-3.415102248958985,-3.415102248958985,1,0,off,0,0,0.0,0.0,0.0,0.0,0.0,0.0,0.0,0.0,0.0,0.0,0.0,-3.415102248958985,-3.415102248958985
flat,single,0,off,0,1097,-2.894645872961246,229.0,0.8059245944023132,0.7470993995666504,1,-2.894645872961246,-2.894645872961246,1,0,off,0,0,0.0,0.0,0.0,0.0,0.0,0.0,0.0,0.0,0.0,0.0,0.0,-2.894645872961246,-2.894645872961246
flat,single,0,off,0,1098,-4.74781274745124,292.0,0.8184128403663635,0.7854447364807129,1,-4.74781274745124,-4.74781274745124,1,0,off,0,0,0.0,0.0,0.0,0.0,0.0,0.0,0.0,0.0,0.0,0.0,0.0,-4.74781274745124,-4.74781274745124
flat,single,0,off,0,1099,-2.9831564284604837,233.0,0.8147767782211304,0.8021400570869446,1,-2.9831564284604837,-2.9831564284604837,1,0,off,0,0,0.0,0.0,0.0,0.0,0.0,0.0,0.0,0.0,0.0,0.0,0.0,-2.9831564284604837,-2.9831564284604837
flat,single,0,off,0,1100,-5.404650240455517,300.0,0.821259081363678,0.7281782031059265,0,-5.404650240455517,-5.404650240455517,1,0,off,0,0,0.0,0.0,0.0,0.0,0.0,0.0,0.0,0.0,0.0,0.0,0.0,-5.404650240455517,-5.404650240455517
flat,single,0,off,0,1101,-3.01367627995552,233.0,0.800403892993927,0.754544198513031,1,-3.01367627995552,-3.01367627995552,1,0,off,0,0,0.0,0.0,0.0,0.0,0.0,0.0,0.0,0.0,0.0,0.0,0.0,-3.01367627995552,-3.01367627995552
flat,single,0,off,0,1102,-4.170517169046204,272.0,0.8417219519615173,0.7875019311904907,1,-4.170517169046204,-4.170517169046204,1,0,off,0,0,0.0,0.0,0.0,0.0,0.0,0.0,0.0,0.0,0.0,0.0,0.0,-4.170517169046204,-4.170517169046204
flat,single,0,off,0,1103,-3.48064510824972,248.0,0.7892231345176697,0.7368783354759216,1,-3.48064510824972,-3.48064510824972,1,0,off,0,0,0.0,0.0,0.0,0.0,0.0,0.0,0.0,0.0,0.0,0.0,0.0,-3.48064510824972,-3.48064510824972
flat,single,0,off,0,1104,-3.4858966909628157,249.0,0.8135295510292053,0.7677785158157349,1,-3.4858966909628157,-3.4858966909628157,1,0,off,0,0,0.0,0.0,0.0,0.0,0.0,0.0,0.0,0.0,0.0,0.0,0.0,-3.4858966909628157,-3.4858966909628157
flat,single,0,off,0,1105,-3.0755103945499096,235.0,0.7999697923660278,0.7689886689186096,1,-3.0755103945499096,-3.0755103945499096,1,0,off,0,0,0.0,0.0,0.0,0.0,0.0,0.0,0.0,0.0,0.0,0.0,0.0,-3.0755103945499096,-3.0755103945499096
flat,single,0,off,0,1106,-2.8132802213355697,224.0,0.796355664730072,0.7126779556274414,1,-2.8132802213355697,-2.8132802213355697,1,0,off,0,0,0.0,0.0,0.0,0.0,0.0,0.0,0.0,0.0,0.0,0.0,0.0,-2.8132802213355697,-2.8132802213355697
flat,single,0,off,0,1107,-4.398419389413893,280.0,0.8072404861450195,0.7863973379135132,1,-4.398419389413893,-4.398419389413893,1,0,off,0,0,0.0,0.0,0.0,0.0,0.0,0.0,0.0,0.0,0.0,0.0,0.0,-4.398419389413893,-4.398419389413893
flat,single,0,off,0,1108,-4.151448249603845,272.0,0.810181200504303,0.7470993995666504,1,-4.151448249603845,-4.151448249603845,1,0,off,0,0,0.0,0.0,0.0,0.0,0.0,0.0,0.0,0.0,0.0,0.0,0.0,-4.151448249603845,-4.151448249603845
flat,single,0,off,0,1109,-3.668105836682935,254.0,0.7917593717575073,0.7413890957832336,1,-3.668105836682935,-3.668105836682935,1,0,off,0,0,0.0,0.0,0.0,0.0,0.0,0.0,0.0,0.0,0.0,0.0,0.0,-3.668105836682935,-3.668105836682935
flat,single,0,off,0,1110,-6.085666257154677,300.0,0.7447265386581421,0.3732096552848816,0,-6.085666257154677,-6.085666257154677,1,0,off,0,0,0.0,0.0,0.0,0.0,0.0,0.0,0.0,0.0,0.0,0.0,0.0,-6.085666257154677,-6.085666257154677
flat,single,0,off,0,1111,-4.048905334408623,267.0,0.8050457835197449,0.7179409861564636,1,-4.048905334408623,-4.048905334408623,1,0,off,0,0,0.0,0.0,0.0,0.0,0.0,0.0,0.0,0.0,0.0,0.0,0.0,-4.048905334408623,-4.048905334408623
flat,single,0,off,0,1112,-5.412251535133692,300.0,0.8281946182250977,0.7456871271133423,0,-5.412251535133692,-5.412251535133692,1,0,off,0,0,0.0,0.0,0.0,0.0,0.0,0.0,0.0,0.0,0.0,0.0,0.0,-5.412251535133692,-5.412251535133692
flat,single,0,off,0,1113,-3.7589443231047914,259.0,0.8187125325202942,0.7821956276893616,1,-3.7589443231047914,-3.7589443231047914,1,0,off,0,0,0.0,0.0,0.0,0.0,0.0,0.0,0.0,0.0,0.0,0.0,0.0,-3.7589443231047914,-3.7589443231047914
flat,single,0,off,0,1114,-4.214213641415093,272.0,0.8099831342697144,0.7576594352722168,1,-4.214213641415093,-4.214213641415093,1,0,off,0,0,0.0,0.0,0.0,0.0,0.0,0.0,0.0,0.0,0.0,0.0,0.0,-4.214213641415093,-4.214213641415093
flat,single,0,off,0,1115,-3.4018767131608696,245.0,0.7829926609992981,0.7179409861564636,1,-3.4018767131608696,-3.4018767131608696,1,0,off,0,0,0.0,0.0,0.0,0.0,0.0,0.0,0.0,0.0,0.0,0.0,0.0,-3.4018767131608696,-3.4018767131608696
flat,single,0,off,0,1116,-3.5424376716476256,249.0,0.8107326626777649,0.7179409861564636,1,-3.5424376716476256,-3.5424376716476256,1,0,off,0,0,0.0,0.0,0.0,0.0,0.0,0.0,0.0,0.0,0.0,0.0,0.0,-3.5424376716476256,-3.5424376716476256
flat,single,0,off,0,1117,-5.388283570297052,300.0,0.8433475494384766,0.7576594352722168,0,-5.388283570297052,-5.388283570297052,1,0,off,0,0,0.0,0.0,0.0,0.0,0.0,0.0,0.0,0.0,0.0,0.0,0.0,-5.388283570297052,-5.388283570297052
flat,single,0,off,0,1118,-3.536591324459267,249.0,0.787233829498291,0.7179409861564636,1,-3.536591324459267,-3.536591324459267,1,0,off,0,0,0.0,0.0,0.0,0.0,0.0,0.0,0.0,0.0,0.0,0.0,0.0,-3.536591324459267,-3.536591324459267
flat,single,0,off,0,1119,-2.6553368722565893,221.0,0.7853750586509705,0.7307732701301575,1,-2.6553368722565893,-2.6553368722565893,1,0,off,0,0,0.0,0.0,0.0,0.0,0.0,0.0,0.0,0.0,0.0,0.0,0.0,-2.6553368722565893,-2.6553368722565893
flat,single,0,off,0,1120,-3.0531589688092784,235.0,0.8126145601272583,0.7584949731826782,1,-3.0531589688092784,-3.0531589688092784,1,0,off,0,0,0.0,0.0,0.0,0.0,0.0,0.0,0.0,0.0,0.0,0.0,0.0,-3.0531589688092784,-3.0531589688092784
flat,single,0,off,0,1121,-3.2230065219045887,240.0,0.8160049319267273,0.7576594352722168,1,-3.2230065219045887,-3.2230065219045887,1,0,off,0,0,0.0,0.0,0.0,0.0,0.0,0.0,0.0,0.0,0.0,0.0,0.0,-3.2230065219045887,-3.2230065219045887
flat,single,0,off,0,1122,-3.412080285133542,245.0,0.8183861374855042,0.7410153746604919,1,-3.412080285133542,-3.412080285133542,1,0,off,0,0,0.0,0.0,0.0,0.0,0.0,0.0,0.0,0.0,0.0,0.0,0.0,-3.412080285133542,-3.412080285133542
flat,single,0,off,0,1123,-3.40210215049561,246.0,0.8267256617546082,0.7634971141815186,1,-3.40210215049561,-3.40210215049561,1,0,off,0,0,0.0,0.0,0.0,0.0,0.0,0.0,0.0,0.0,0.0,0.0,0.0,-3.40210215049561,-3.40210215049561
flat,single,0,off,0,1124,-4.511913921808569,282.0,0.8114232420921326,0.7368783354759216,1,-4.511913921808569,-4.511913921808569,1,0,off,0,0,0.0,0.0,0.0,0.0,0.0,0.0,0.0,0.0,0.0,0.0,0.0,-4.511913921808569,-4.511913921808569
flat,single,0,off,0,1125,-3.642704404599482,255.0,0.8220816850662231,0.7685791850090027,1,-3.642704404599482,-3.642704404599482,1,0,off,0,0,0.0,0.0,0.0,0.0,0.0,0.0,0.0,0.0,0.0,0.0,0.0,-3.642704404599482,-3.642704404599482
flat,single,0,off,0,1126,-3.826323104319145,261.0,0.8097256422042847,0.7677785158157349,1,-3.826323104319145,-3.826323104319145,1,0,off,0,0,0.0,0.0,0.0,0.0,0.0,0.0,0.0,0.0,0.0,0.0,0.0,-3.826323104319145,-3.826323104319145
flat,single,0,off,0,1127,-4.019526419767646,267.0,0.8026358485221863,0.7470993995666504,1,-4.019526419767646,-4.019526419767646,1,0,off,0,0,0.0,0.0,0.0,0.0,0.0,0.0,0.0,0.0,0.0,0.0,0.0,-4.019526419767646,-4.019526419767646
flat,single,0,off,0,1128,-4.816035421618726,281.0,0.8205494284629822,0.7755348682403564,1,-4.816035421618726,-4.816035421618726,1,0,off,0,0,0.0,0.0,0.0,0.0,0.0,0.0,0.0,0.0,0.0,0.0,0.0,-4.816035421618726,-4.816035421618726
flat,single,0,off,0,1129,-2.7810235691116962,223.0,0.7920093536376953,0.7073166966438293,1,-2.7810235691116962,-2.7810235691116962,1,0,off,0,0,0.0,0.0,0.0,0.0,0.0,0.0,0.0,0.0,0.0,0.0,0.0,-2.7810235691116962,-2.7810235691116962
flat,single,0,off,0,1130,-2.9398486409231324,231.0,0.7969818711280823,0.7479713559150696,1,-2.9398486409231324,-2.9398486409231324,1,0,off,0,0,0.0,0.0,0.0,0.0,0.0,0.0,0.0,0.0,0.0,0.0,0.0,-2.9398486409231324,-2.9398486409231324
flat,single,0,off,0,1131,-2.6327369394188143,220.0,0.7737919092178345,0.7179409861564636,1,-2.6327369394188143,-2.6327369394188143,1,0,off,0,0,0.0,0.0,0.0,0.0,0.0,0.0,0.0,0.0,0.0,0.0,0.0,-2.6327369394188143,-2.6327369394188143
flat,single,0,off,0,1132,-3.4318011986277766,246.0,0.8117043375968933,0.7667514681816101,1,-3.4318011986277766,-3.4318011986277766,1,0,off,0,0,0.0,0.0,0.0,0.0,0.0,0.0,0.0,0.0,0.0,0.0,0.0,-3.4318011986277766,-3.4318011986277766
flat,single,0,off,0,1133,-5.846447929076383,300.0,0.8022862076759338,0.6869826316833496,0,-5.846447929076383,-5.846447929076383,1,0,off,0,0,0.0,0.0,0.0,0.0,0.0,0.0,0.0,0.0,0.0,0.0,0.0,-5.846447929076383,-5.846447929076383
flat,single,0,off,0,1134,-3.9588109266792824,267.0,0.8137120604515076,0.7470993995666504,1,-3.9588109266792824,-3.9588109266792824,1,0,off,0,0,0.0,0.0,0.0,0.0,0.0,0.0,0.0,0.0,0.0,0.0,0.0,-3.9588109266792824,-3.9588109266792824
flat,single,0,off,0,1135,-3.5318753233423656,251.0,0.8049393892288208,0.7470993995666504,1,-3.5318753233423656,-3.5318753233423656,1,0,off,0,0,0.0,0.0,0.0,0.0,0.0,0.0,0.0,0.0,0.0,0.0,0.0,-3.5318753233423656,-3.5318753233423656
flat,single,0,off,0,1136,-3.425051314368586,247.0,0.7929503321647644,0.7470993995666504,1,-3.425051314368586,-3.425051314368586,1,0,off,0,0,0.0,0.0,0.0,0.0,0.0,0.0,0.0,0.0,0.0,0.0,0.0,-3.425051314368586,-3.425051314368586
flat,single,0,off,0,1137,-3.3493528785067497,245.0,0.816739022731781,0.7710239887237549,1,-3.3493528785067497,-3.3493528785067497,1,0,off,0,0,0.0,0.0,0.0,0.0,0.0,0.0,0.0,0.0,0.0,0.0,0.0,-3.3493528785067497,-3.3493528785067497
flat,single,0,off,0,1138,-3.3243954095686625,244.0,0.8023379445075989,0.7470993995666504,1,-3.3243954095686625,-3.3243954095686625,1,0,off,0,0,0.0,0.0,0.0,0.0,0.0,0.0,0.0,0.0,0.0,0.0,0.0,-3.3243954095686625,-3.3243954095686625
flat,single,0,off,0,1139,-3.9187703689839415,264.0,0.8422943949699402,0.820940375328064,1,-3.9187703689839415,-3.9187703689839415,1,0,off,0,0,0.0,0.0,0.0,0.0,0.0,0.0,0.0,0.0,0.0,0.0,0.0,-3.9187703689839415,-3.9187703689839415
flat,single,0,off,0,1140,-3.436090793363958,247.0,0.7933610677719116,0.754544198513031,1,-3.436090793363958,-3.436090793363958,1,0,off,0,0,0.0,0.0,0.0,0.0,0.0,0.0,0.0,0.0,0.0,0.0,0.0,-3.436090793363958,-3.436090793363958
flat,single,0,off,0,1141,-5.412093159195507,300.0,0.8080225586891174,0.7454205751419067,0,-5.412093159195507,-5.412093159195507,1,0,off,0,0,0.0,0.0,0.0,0.0,0.0,0.0,0.0,0.0,0.0,0.0,0.0,-5.412093159195507,-5.412093159195507
flat,single,0,off,0,1142,-3.113316038316097,236.0,0.8100898861885071,0.7364096641540527,1,-3.113316038316097,-3.113316038316097,1,0,off,0,0,0.0,0.0,0.0,0.0,0.0,0.0,0.0,0.0,0.0,0.0,0.0,-3.113316038316097,-3.113316038316097
flat,single,0,off,0,1143,-3.3847710259910486,246.0,0.8134726881980896,0.783658504486084,1,-3.3847710259910486,-3.3847710259910486,1,0,off,0,0,0.0,0.0,0.0,0.0,0.0,0.0,0.0,0.0,0.0,0.0,0.0,-3.3847710259910486,-3.3847710259910486
flat,single,0,off,0,1144,-3.1444623438699413,235.0,0.7938067317008972,0.7073167562484741,1,-3.1444623438699413,-3.1444623438699413,1,0,off,0,0,0.0,0.0,0.0,0.0,0.0,0.0,0.0,0.0,0.0,0.0,0.0,-3.1444623438699413,-3.1444623438699413
flat,single,0,off,0,1145,-6.108706469973555,300.0,0.706622302532196,0.3536444902420044,0,-6.108706469973555,-6.108706469973555,1,0,off,0,0,0.0,0.0,0.0,0.0,0.0,0.0,0.0,0.0,0.0,0.0,0.0,-6.108706469973555,-6.108706469973555
flat,single,0,off,0,1146,-3.565611129697618,251.0,0.8078548312187195,0.754544198513031,1,-3.565611129697618,-3.565611129697618,1,0,off,0,0,0.0,0.0,0.0,0.0,0.0,0.0,0.0,0.0,0.0,0.0,0.0,-3.565611129697618,-3.565611129697618
flat,single,0,off,0,1147,-5.9191292074217845,300.0,0.7849808931350708,0.653002142906189,0,-5.9191292074217845,-5.9191292074217845,1,0,off,0,0,0.0,0.0,0.0,0.0,0.0,0.0,0.0,0.0,0.0,0.0,0.0,-5.9191292074217845,-5.9191292074217845
flat,single,0,off,0,1148,-3.9376600731035962,264.0,0.8173037767410278,0.7477289438247681,1,-3.9376600731035962,-3.9376600731035962,1,0,off,0,0,0.0,0.0,0.0,0.0,0.0,0.0,0.0,0.0,0.0,0.0,0.0,-3.9376600731035962,-3.9376600731035962
flat,single,0,off,0,1149,-2.6916223499527954,221.0,0.7912096381187439,0.7576398253440857,1,-2.6916223499527954,-2.6916223499527954,1,0,off,0,0,0.0,0.0,0.0,0.0,0.0,0.0,0.0,0.0,0.0,0.0,0.0,-2.6916223499527954,-2.6916223499527954
flat,single,0,off,0,1150,-3.8607881625019758,261.0,0.7893595099449158,0.7576398253440857,1,-3.8607881625019758,-3.8607881625019758,1,0,off,0,0,0.0,0.0,0.0,0.0,0.0,0.0,0.0,0.0,0.0,0.0,0.0,-3.8607881625019758,-3.8607881625019758
flat,single,0,off,0,1151,-3.620698455068031,254.0,0.8095677495002747,0.7677785158157349,1,-3.620698455068031,-3.620698455068031,1,0,off,0,0,0.0,0.0,0.0,0.0,0.0,0.0,0.0,0.0,0.0,0.0,0.0,-3.620698455068031,-3.620698455068031
flat,single,0,off,0,1152,-3.949612626765151,265.0,0.7828691601753235,0.7179149985313416,1,-3.949612626765151,-3.949612626765151,1,0,off,0,0,0.0,0.0,0.0,0.0,0.0,0.0,0.0,0.0,0.0,0.0,0.0,-3.949612626765151,-3.949612626765151
flat,single,0,off,0,1153,-3.6949606061703353,257.0,0.8213791251182556,0.7936967015266418,1,-3.6949606061703353,-3.6949606061703353,1,0,off,0,0,0.0,0.0,0.0,0.0,0.0,0.0,0.0,0.0,0.0,0.0,0.0,-3.6949606061703353,-3.6949606061703353
flat,single,0,off,0,1154,-3.6563872325816025,255.0,0.8229547142982483,0.7469656467437744,1,-3.6563872325816025,-3.6563872325816025,1,0,off,0,0,0.0,0.0,0.0,0.0,0.0,0.0,0.0,0.0,0.0,0.0,0.0,-3.6563872325816025,-3.6563872325816025
flat,single,0,off,0,1155,-3.5839600699243417,254.0,0.837575376033783,0.8200653791427612,1,-3.5839600699243417,-3.5839600699243417,1,0,off,0,0,0.0,0.0,0.0,0.0,0.0,0.0,0.0,0.0,0.0,0.0,0.0,-3.5839600699243417,-3.5839600699243417
flat,single,0,off,0,1156,-2.8708145028352545,227.0,0.7867308855056763,0.7179409861564636,1,-2.8708145028352545,-2.8708145028352545,1,0,off,0,0,0.0,0.0,0.0,0.0,0.0,0.0,0.0,0.0,0.0,0.0,0.0,-2.8708145028352545,-2.8708145028352545
flat,single,0,off,0,1157,-5.508408110908949,300.0,0.7963628172874451,0.5879376530647278,0,-5.508408110908949,-5.508408110908949,1,0,off,0,0,0.0,0.0,0.0,0.0,0.0,0.0,0.0,0.0,0.0,0.0,0.0,-5.508408110908949,-5.508408110908949
flat,single,0,off,0,1158,-2.5857584647473306,219.0,0.794703483581543,0.7470993995666504,1,-2.5857584647473306,-2.5857584647473306,1,0,off,0,0,0.0,0.0,0.0,0.0,0.0,0.0,0.0,0.0,0.0,0.0,0.0,-2.5857584647473306,-2.5857584647473306
flat,single,0,off,0,1159,-3.4414574701606644,248.0,0.8313065767288208,0.780683696269989,1,-3.4414574701606644,-3.4414574701606644,1,0,off,0,0,0.0,0.0,0.0,0.0,0.0,0.0,0.0,0.0,0.0,0.0,0.0,-3.4414574701606644,-3.4414574701606644
flat,single,0,off,0,1160,-3.294373286204621,243.0,0.8222907185554504,0.7470993995666504,1,-3.294373286204621,-3.294373286204621,1,0,off,0,0,0.0,0.0,0.0,0.0,0.0,0.0,0.0,0.0,0.0,0.0,0.0,-3.294373286204621,-3.294373286204621
flat,single,0,off,0,1161,-4.063733021528464,268.0,0.7957339286804199,0.7576594352722168,1,-4.063733021528464,-4.063733021528464,1,0,off,0,0,0.0,0.0,0.0,0.0,0.0,0.0,0.0,0.0,0.0,0.0,0.0,-4.063733021528464,-4.063733021528464
flat,single,0,off,0,1162,-4.864493542371781,293.0,0.8149927854537964,0.731120228767395,1,-4.864493542371781,-4.864493542371781,1,0,off,0,0,0.0,0.0,0.0,0.0,0.0,0.0,0.0,0.0,0.0,0.0,0.0,-4.864493542371781,-4.864493542371781
flat,single,0,off,0,1163,-3.4810157865972458,249.0,0.8185121417045593,0.7774750590324402,1,-3.4810157865972458,-3.4810157865972458,1,0,off,0,0,0.0,0.0,0.0,0.0,0.0,0.0,0.0,0.0,0.0,0.0,0.0,-3.4810157865972458,-3.4810157865972458
flat,single,0,off,0,1164,-2.9696801403502278,232.0,0.8016133308410645,0.7634971141815186,1,-2.9696801403502278,-2.9696801403502278,1,0,off,0,0,0.0,0.0,0.0,0.0,0.0,0.0,0.0,0.0,0.0,0.0,0.0,-2.9696801403502278,-2.9696801403502278
flat,single,0,off,0,1165,-3.202347128125812,238.0,0.8132626414299011,0.7456563115119934,1,-3.202347128125812,-3.202347128125812,1,0,off,0,0,0.0,0.0,0.0,0.0,0.0,0.0,0.0,0.0,0.0,0.0,0.0,-3.202347128125812,-3.202347128125812
flat,single,0,off,0,1166,-3.596479456698266,251.0,0.8316274285316467,0.7479713559150696,1,-3.596479456698266,-3.596479456698266,1,0,off,0,0,0.0,0.0,0.0,0.0,0.0,0.0,0.0,0.0,0.0,0.0,0.0,-3.596479456698266,-3.596479456698266
flat,single,0,off,0,1167,-3.473391601346643,247.0,0.8239578604698181,0.753329873085022,1,-3.473391601346643,-3.473391601346643,1,0,off,0,0,0.0,0.0,0.0,0.0,0.0,0.0,0.0,0.0,0.0,0.0,0.0,-3.473391601346643,-3.473391601346643
flat,single,0,off,0,1168,-3.8262509864812895,260.0,0.8006230592727661,0.74996417760849,1,-3.8262509864812895,-3.8262509864812895,1,0,off,0,0,0.0,0.0,0.0,0.0,0.0,0.0,0.0,0.0,0.0,0.0,0.0,-3.8262509864812895,-3.8262509864812895
flat,single,0,off,0,1169,-3.66419676674877,254.0,0.8025683760643005,0.7576398253440857,1,-3.66419676674877,-3.66419676674877,1,0,off,0,0,0.0,0.0,0.0,0.0,0.0,0.0,0.0,0.0,0.0,0.0,0.0,-3.66419676674877,-3.66419676674877
flat,single,0,off,0,1170,-2.9763020271679688,231.0,0.8017312288284302,0.7677785158157349,1,-2.9763020271679688,-2.9763020271679688,1,0,off,0,0,0.0,0.0,0.0,0.0,0.0,0.0,0.0,0.0,0.0,0.0,0.0,-2.9763020271679688,-2.9763020271679688
flat,single,0,off,0,1171,-2.672314173562906,223.0,0.7952660322189331,0.7646663188934326,1,-2.672314173562906,-2.672314173562906,1,0,off,0,0,0.0,0.0,0.0,0.0,0.0,0.0,0.0,0.0,0.0,0.0,0.0,-2.672314173562906,-2.672314173562906
flat,single,0,off,0,1172,-2.9861453436780554,230.0,0.8022739291191101,0.7073167562484741,1,-2.9861453436780554,-2.9861453436780554,1,0,off,0,0,0.0,0.0,0.0,0.0,0.0,0.0,0.0,0.0,0.0,0.0,0.0,-2.9861453436780554,-2.9861453436780554
flat,single,0,off,0,1173,-4.669896063817422,288.0,0.8473197221755981,0.8045920729637146,1,-4.669896063817422,-4.669896063817422,1,0,off,0,0,0.0,0.0,0.0,0.0,0.0,0.0,0.0,0.0,0.0,0.0,0.0,-4.669896063817422,-4.669896063817422
flat,single,0,off,0,1174,-2.9408023640874212,231.0,0.7895911335945129,0.7179409861564636,1,-2.9408023640874212,-2.9408023640874212,1,0,off,0,0,0.0,0.0,0.0,0.0,0.0,0.0,0.0,0.0,0.0,0.0,0.0,-2.9408023640874212,-2.9408023640874212
flat,single,0,off,0,1175,-4.13756018582497,270.0,0.8052244782447815,0.7503508925437927,1,-4.13756018582497,-4.13756018582497,1,0,off,0,0,0.0,0.0,0.0,0.0,0.0,0.0,0.0,0.0,0.0,0.0,0.0,-4.13756018582497,-4.13756018582497
flat,single,0,off,0,1176,-3.0627196305256565,235.0,0.7996847033500671,0.7689886689186096,1,-3.0627196305256565,-3.0627196305256565,1,0,off,0,0,0.0,0.0,0.0,0.0,0.0,0.0,0.0,0.0,0.0,0.0,0.0,-3.0627196305256565,-3.0627196305256565
flat,single,0,off,0,1177,-3.104141200596914,236.0,0.8048259615898132,0.7811338305473328,1,-3.104141200596914,-3.104141200596914,1,0,off,0,0,0.0,0.0,0.0,0.0,0.0,0.0,0.0,0.0,0.0,0.0,0.0,-3.104141200596914,-3.104141200596914
flat,single,0,off,0,1178,-2.8498497930669475,227.0,0.7821230888366699,0.7368783354759216,1,-2.8498497930669475,-2.8498497930669475,1,0,off,0,0,0.0,0.0,0.0,0.0,0.0,0.0,0.0,0.0,0.0,0.0,0.0,-2.8498497930669475,-2.8498497930669475
flat,single,0,off,0,1179,-3.5423774345486625,250.0,0.8136972784996033,0.7576594352722168,1,-3.5423774345486625,-3.5423774345486625,1,0,off,0,0,0.0,0.0,0.0,0.0,0.0,0.0,0.0,0.0,0.0,0.0,0.0,-3.5423774345486625,-3.5423774345486625
flat,single,0,off,0,1180,-5.433372014132331,300.0,0.8247221112251282,0.7479713559150696,0,-5.433372014132331,-5.433372014132331,1,0,off,0,0,0.0,0.0,0.0,0.0,0.0,0.0,0.0,0.0,0.0,0.0,0.0,-5.433372014132331,-5.433372014132331
flat,single,0,off,0,1181,-2.8222972690267354,227.0,0.8055853247642517,0.7839813232421875,1,-2.8222972690267354,-2.8222972690267354,1,0,off,0,0,0.0,0.0,0.0,0.0,0.0,0.0,0.0,0.0,0.0,0.0,0.0,-2.8222972690267354,-2.8222972690267354
flat,single,0,off,0,1182,-3.566389344225148,250.0,0.7967210412025452,0.754544198513031,1,-3.566389344225148,-3.566389344225148,1,0,off,0,0,0.0,0.0,0.0,0.0,0.0,0.0,0.0,0.0,0.0,0.0,0.0,-3.566389344225148,-3.566389344225148
flat,single,0,off,0,1183,-4.383365926785611,279.0,0.8002098798751831,0.7700027823448181,1,-4.383365926785611,-4.383365926785611,1,0,off,0,0,0.0,0.0,0.0,0.0,0.0,0.0,0.0,0.0,0.0,0.0,0.0,-4.383365926785611,-4.383365926785611
flat,single,0,off,0,1184,-3.2659537413436652,239.0,0.7876924276351929,0.7179409861564636,1,-3.2659537413436652,-3.2659537413436652,1,0,off,0,0,0.0,0.0,0.0,0.0,0.0,0.0,0.0,0.0,0.0,0.0,0.0,-3.2659537413436652,-3.2659537413436652
flat,single,0,off,0,1185,-2.9664946987072303,231.0,0.7918785214424133,0.7438477277755737,1,-2.9664946987072303,-2.9664946987072303,1,0,off,0,0,0.0,0.0,0.0,0.0,0.0,0.0,0.0,0.0,0.0,0.0,0.0,-2.9664946987072303,-2.9664946987072303
flat,single,0,off,0,1186,-3.6457450823217883,255.0,0.8268431425094604,0.7774750590324402,1,-3.6457450823217883,-3.6457450823217883,1,0,off,0,0,0.0,0.0,0.0,0.0,0.0,0.0,0.0,0.0,0.0,0.0,0.0,-3.6457450823217883,-3.6457450823217883
flat,single,0,off,0,1187,-3.775447704575467,257.0,0.7845262289047241,0.7368783354759216,1,-3.775447704575467,-3.775447704575467,1,0,off,0,0,0.0,0.0,0.0,0.0,0.0,0.0,0.0,0.0,0.0,0.0,0.0,-3.775447704575467,-3.775447704575467
flat,single,0,off,0,1188,-2.6305907798872705,220.0,0.7806876301765442,0.7232506275177002,1,-2.6305907798872705,-2.6305907798872705,1,0,off,0,0,0.0,0.0,0.0,0.0,0.0,0.0,0.0,0.0,0.0,0.0,0.0,-2.6305907798872705,-2.6305907798872705
flat,single,0,off,0,1189,-3.0219168159446985,233.0,0.7961052656173706,0.7576594352722168,1,-3.0219168159446985,-3.0219168159446985,1,0,off,0,0,0.0,0.0,0.0,0.0,0.0,0.0,0.0,0.0,0.0,0.0,0.0,-3.0219168159446985,-3.0219168159446985
flat,single,0,off,0,1190,-3.6921818920131555,256.0,0.8082619309425354,0.7811338305473328,1,-3.6921818920131555,-3.6921818920131555,1,0,off,0,0,0.0,0.0,0.0,0.0,0.0,0.0,0.0,0.0,0.0,0.0,0.0,-3.6921818920131555,-3.6921818920131555
flat,single,0,off,0,1191,-3.1480262195202324,238.0,0.812068521976471,0.7774750590324402,1,-3.1480262195202324,-3.1480262195202324,1,0,off,0,0,0.0,0.0,0.0,0.0,0.0,0.0,0.0,0.0,0.0,0.0,0.0,-3.1480262195202324,-3.1480262195202324
flat,single,0,off,0,1192,-3.1928683555149253,239.0,0.8027812838554382,0.7470993995666504,1,-3.1928683555149253,-3.1928683555149253,1,0,off,0,0,0.0,0.0,0.0,0.0,0.0,0.0,0.0,0.0,0.0,0.0,0.0,-3.1928683555149253,-3.1928683555149253
flat,single,0,off,0,1193,-2.99465056427985,231.0,0.7996268272399902,0.74996417760849,1,-2.99465056427985,-2.99465056427985,1,0,off,0,0,0.0,0.0,0.0,0.0,0.0,0.0,0.0,0.0,0.0,0.0,0.0,-2.99465056427985,-2.99465056427985
flat,single,0,off,0,1194,-2.7898359522351353,226.0,0.805197536945343,0.7774750590324402,1,-2.7898359522351353,-2.7898359522351353,1,0,off,0,0,0.0,0.0,0.0,0.0,0.0,0.0,0.0,0.0,0.0,0.0,0.0,-2.7898359522351353,-2.7898359522351353
flat,single,0,off,0,1195,-3.756771132790008,258.0,0.8013219833374023,0.7420971393585205,1,-3.756771132790008,-3.756771132790008,1,0,off,0,0,0.0,0.0,0.0,0.0,0.0,0.0,0.0,0.0,0.0,0.0,0.0,-3.756771132790008,-3.756771132790008
flat,single,0,off,0,1196,-3.1255820891936055,235.0,0.8101409077644348,0.7368783354759216,1,-3.1255820891936055,-3.1255820891936055,1,0,off,0,0,0.0,0.0,0.0,0.0,0.0,0.0,0.0,0.0,0.0,0.0,0.0,-3.1255820891936055,-3.1255820891936055
flat,single,0,off,0,1197,-3.22809426049933,240.0,0.8027409315109253,0.7462918758392334,1,-3.22809426049933,-3.22809426049933,1,0,off,0,0,0.0,0.0,0.0,0.0,0.0,0.0,0.0,0.0,0.0,0.0,0.0,-3.22809426049933,-3.22809426049933
flat,single,0,off,0,1198,-4.153355891748774,272.0,0.8112260103225708,0.7863973379135132,1,-4.153355891748774,-4.153355891748774,1,0,off,0,0,0.0,0.0,0.0,0.0,0.0,0.0,0.0,0.0,0.0,0.0,0.0,-4.153355891748774,-4.153355891748774
flat,single,0,off,0,1199,-6.0123627255321574,300.0,0.7871531248092651,0.6501962542533875,0,-6.0123627255321574,-6.0123627255321574,1,0,off,0,0,0.0,0.0,0.0,0.0,0.0,0.0,0.0,0.0,0.0,0.0,0.0,-6.0123627255321574,-6.0123627255321574
flat,single,0,off,0,1200,-2.8489477198896713,228.0,0.8053179979324341,0.7307732701301575,1,-2.8489477198896713,-2.8489477198896713,1,0,off,0,0,0.0,0.0,0.0,0.0,0.0,0.0,0.0,0.0,0.0,0.0,0.0,-2.8489477198896713,-2.8489477198896713
flat,single,0,off,0,1201,-3.359449662696548,243.0,0.8092439770698547,0.7470993995666504,1,-3.359449662696548,-3.359449662696548,1,0,off,0,0,0.0,0.0,0.0,0.0,0.0,0.0,0.0,0.0,0.0,0.0,0.0,-3.359449662696548,-3.359449662696548
flat,single,0,off,0,1202,-2.9319108965457192,230.0,0.7989866137504578,0.7689886689186096,1,-2.9319108965457192,-2.9319108965457192,1,0,off,0,0,0.0,0.0,0.0,0.0,0.0,0.0,0.0,0.0,0.0,0.0,0.0,-2.9319108965457192,-2.9319108965457192
flat,single,0,off,0,1203,-3.8623772234096867,262.0,0.8002744317054749,0.7444784045219421,1,-3.8623772234096867,-3.8623772234096867,1,0,off,0,0,0.0,0.0,0.0,0.0,0.0,0.0,0.0,0.0,0.0,0.0,0.0,-3.8623772234096867,-3.8623772234096867
flat,single,0,off,0,1204,-2.7507749876344905,224.0,0.8023256063461304,0.7470993995666504,1,-2.7507749876344905,-2.7507749876344905,1,0,off,0,0,0.0,0.0,0.0,0.0,0.0,0.0,0.0,0.0,0.0,0.0,0.0,-2.7507749876344905,-2.7507749876344905
flat,single,0,off,0,1205,-3.445185705985616,246.0,0.8033036589622498,0.7584949731826782,1,-3.445185705985616,-3.445185705985616,1,0,off,0,0,0.0,0.0,0.0,0.0,0.0,0.0,0.0,0.0,0.0,0.0,0.0,-3.445185705985616,-3.445185705985616
flat,single,0,off,0,1206,-2.9887248124775687,232.0,0.8031932711601257,0.7433414459228516,1,-2.9887248124775687,-2.9887248124775687,1,0,off,0,0,0.0,0.0,0.0,0.0,0.0,0.0,0.0,0.0,0.0,0.0,0.0,-2.9887248124775687,-2.9887248124775687
flat,single,0,off,0,1207,-3.57292852794865,252.0,0.8255825042724609,0.7470993995666504,1,-3.57292852794865,-3.57292852794865,1,0,off,0,0,0.0,0.0,0.0,0.0,0.0,0.0,0.0,0.0,0.0,0.0,0.0,-3.57292852794865,-3.57292852794865
flat,single,0,off,0,1208,-5.38517018270795,300.0,0.8302351236343384,0.746938169002533,0,-5.38517018270795,-5.38517018270795,1,0,off,0,0,0.0,0.0,0.0,0.0,0.0,0.0,0.0,0.0,0.0,0.0,0.0,-5.38517018270795,-5.38517018270795
flat,single,0,off,0,1209,-2.5252956282195957,217.0,0.7851499915122986,0.754544198513031,1,-2.5252956282195957,-2.5252956282195957,1,0,off,0,0,0.0,0.0,0.0,0.0,0.0,0.0,0.0,0.0,0.0,0.0,0.0,-2.5252956282195957,-2.5252956282195957
flat,single,0,off,0,1210,-2.53507113772792,215.0,0.7854695916175842,0.7319686412811279,1,-2.53507113772792,-2.53507113772792,1,0,off,0,0,0.0,0.0,0.0,0.0,0.0,0.0,0.0,0.0,0.0,0.0,0.0,-2.53507113772792,-2.53507113772792
flat,single,0,off,0,1211,-2.942512625659564,230.0,0.8040400147438049,0.7410153746604919,1,-2.942512625659564,-2.942512625659564,1,0,off,0,0,0.0,0.0,0.0,0.0,0.0,0.0,0.0,0.0,0.0,0.0,0.0,-2.942512625659564,-2.942512625659564
flat,single,0,off,0,1212,-5.935639198846214,300.0,0.7931616902351379,0.7576398253440857,0,-5.935639198846214,-5.935639198846214,1,0,off,0,0,0.0,0.0,0.0,0.0,0.0,0.0,0.0,0.0,0.0,0.0,0.0,-5.935639198846214,-5.935639198846214
flat,single,0,off,0,1213,-3.10738276320159,236.0,0.814319908618927,0.7811338305473328,1,-3.10738276320159,-3.10738276320159,1,0,off,0,0,0.0,0.0,0.0,0.0,0.0,0.0,0.0,0.0,0.0,0.0,0.0,-3.10738276320159,-3.10738276320159
flat,single,0,off,0,1214,-3.167503821032573,238.0,0.8085326552391052,0.7364097237586975,1,-3.167503821032573,-3.167503821032573,1,0,off,0,0,0.0,0.0,0.0,0.0,0.0,0.0,0.0,0.0,0.0,0.0,0.0,-3.167503821032573,-3.167503821032573
flat,single,0,off,0,1215,-2.550638492732523,216.0,0.7965856194496155,0.7364096641540527,1,-2.550638492732523,-2.550638492732523,1,0,off,0,0,0.0,0.0,0.0,0.0,0.0,0.0,0.0,0.0,0.0,0.0,0.0,-2.550638492732523,-2.550638492732523
flat,single,0,off,0,1216,-5.426738109136934,300.0,0.8171762228012085,0.7174002528190613,0,-5.426738109136934,-5.426738109136934,1,0,off,0,0,0.0,0.0,0.0,0.0,0.0,0.0,0.0,0.0,0.0,0.0,0.0,-5.426738109136934,-5.426738109136934
flat,single,0,off,0,1217,-2.9980453453224407,232.0,0.7888281941413879,0.7179409861564636,1,-2.9980453453224407,-2.9980453453224407,1,0,off,0,0,0.0,0.0,0.0,0.0,0.0,0.0,0.0,0.0,0.0,0.0,0.0,-2.9980453453224407,-2.9980453453224407
flat,single,0,off,0,1218,-4.129380054515786,270.0,0.8070039749145508,0.7470993995666504,1,-4.129380054515786,-4.129380054515786,1,0,off,0,0,0.0,0.0,0.0,0.0,0.0,0.0,0.0,0.0,0.0,0.0,0.0,-4.129380054515786,-4.129380054515786
flat,single,0,off,0,1219,-4.78578818030073,290.0,0.8251367211341858,0.7576594352722168,1,-4.78578818030073,-4.78578818030073,1,0,off,0,0,0.0,0.0,0.0,0.0,0.0,0.0,0.0,0.0,0.0,0.0,0.0,-4.78578818030073,-4.78578818030073
flat,single,0,off,0,1220,-4.430510252091316,280.0,0.8102496266365051,0.7691637873649597,1,-4.430510252091316,-4.430510252091316,1,0,off,0,0,0.0,0.0,0.0,0.0,0.0,0.0,0.0,0.0,0.0,0.0,0.0,-4.430510252091316,-4.430510252091316
flat,single,0,off,0,1221,-6.041132150572973,300.0,0.7643058896064758,0.6685936450958252,0,-6.041132150572973,-6.041132150572973,1,0,off,0,0,0.0,0.0,0.0,0.0,0.0,0.0,0.0,0.0,0.0,0.0,0.0,-6.041132150572973,-6.041132150572973
flat,single,0,off,0,1222,-3.8934611673734425,263.0,0.84312504529953,0.8123779892921448,1,-3.8934611673734425,-3.8934611673734425,1,0,off,0,0,0.0,0.0,0.0,0.0,0.0,0.0,0.0,0.0,0.0,0.0,0.0,-3.8934611673734425,-3.8934611673734425
flat,single,0,off,0,1223,-3.0388183650432388,234.0,0.8113932609558105,0.7677785158157349,1,-3.0388183650432388,-3.0388183650432388,1,0,off,0,0,0.0,0.0,0.0,0.0,0.0,0.0,0.0,0.0,0.0,0.0,0.0,-3.0388183650432388,-3.0388183650432388
flat,single,0,off,0,1224,-4.684306150603794,289.0,0.8356074094772339,0.8045920729637146,1,-4.684306150603794,-4.684306150603794,1,0,off,0,0,0.0,0.0,0.0,0.0,0.0,0.0,0.0,0.0,0.0,0.0,0.0,-4.684306150603794,-4.684306150603794
flat,single,0,off,0,1225,-2.959686288582142,231.0,0.7878909707069397,0.7269511222839355,1,-2.959686288582142,-2.959686288582142,1,0,off,0,0,0.0,0.0,0.0,0.0,0.0,0.0,0.0,0.0,0.0,0.0,0.0,-2.959686288582142,-2.959686288582142
flat,single,0,off,0,1226,-3.808230163815881,261.0,0.8522005677223206,0.8221202492713928,1,-3.808230163815881,-3.808230163815881,1,0,off,0,0,0.0,0.0,0.0,0.0,0.0,0.0,0.0,0.0,0.0,0.0,0.0,-3.808230163815881,-3.808230163815881
flat,single,0,off,0,1227,-2.5952108249638512,219.0,0.7946690320968628,0.7470993995666504,1,-2.5952108249638512,-2.5952108249638512,1,0,off,0,0,0.0,0.0,0.0,0.0,0.0,0.0,0.0,0.0,0.0,0.0,0.0,-2.5952108249638512,-2.5952108249638512
flat,single,0,off,0,1228,-3.6320163107872743,254.0,0.8327983021736145,0.7576594352722168,1,-3.6320163107872743,-3.6320163107872743,1,0,off,0,0,0.0,0.0,0.0,0.0,0.0,0.0,0.0,0.0,0.0,0.0,0.0,-3.6320163107872743,-3.6320163107872743
flat,single,0,off,0,1229,-4.845566144278261,296.0,0.8161291480064392,0.7470993995666504,1,-4.845566144278261,-4.845566144278261,1,0,off,0,0,0.0,0.0,0.0,0.0,0.0,0.0,0.0,0.0,0.0,0.0,0.0,-4.845566144278261,-4.845566144278261
flat,single,0,off,0,1230,-3.6857754517288193,255.0,0.7957448363304138,0.754544198513031,1,-3.6857754517288193,-3.6857754517288193,1,0,off,0,0,0.0,0.0,0.0,0.0,0.0,0.0,0.0,0.0,0.0,0.0,0.0,-3.6857754517288193,-3.6857754517288193
flat,single,0,off,0,1231,-3.4829240749217294,248.0,0.8269120454788208,0.7774750590324402,1,-3.4829240749217294,-3.4829240749217294,1,0,off,0,0,0.0,0.0,0.0,0.0,0.0,0.0,0.0,0.0,0.0,0.0,0.0,-3.4829240749217294,-3.4829240749217294
flat,single,0,off,0,1232,-4.802041847205244,294.0,0.8305948972702026,0.8021400570869446,1,-4.802041847205244,-4.802041847205244,1,0,off,0,0,0.0,0.0,0.0,0.0,0.0,0.0,0.0,0.0,0.0,0.0,0.0,-4.802041847205244,-4.802041847205244
flat,single,0,off,0,1233,-4.0421104370522976,267.0,0.8338059186935425,0.7963749170303345,1,-4.0421104370522976,-4.0421104370522976,1,0,off,0,0,0.0,0.0,0.0,0.0,0.0,0.0,0.0,0.0,0.0,0.0,0.0,-4.0421104370522976,-4.0421104370522976
flat,single,0,off,0,1234,-3.7839767466112786,259.0,0.8283055424690247,0.7470993995666504,1,-3.7839767466112786,-3.7839767466112786,1,0,off,0,0,0.0,0.0,0.0,0.0,0.0,0.0,0.0,0.0,0.0,0.0,0.0,-3.7839767466112786,-3.7839767466112786
flat,single,0,off,0,1235,-3.0812283735663963,235.0,0.810064971446991,0.7677785158157349,1,-3.0812283735663963,-3.0812283735663963,1,0,off,0,0,0.0,0.0,0.0,0.0,0.0,0.0,0.0,0.0,0.0,0.0,0.0,-3.0812283735663963,-3.0812283735663963
flat,single,0,off,0,1236,-2.9564355811755902,231.0,0.7854458689689636,0.7179409861564636,1,-2.9564355811755902,-2.9564355811755902,1,0,off,0,0,0.0,0.0,0.0,0.0,0.0,0.0,0.0,0.0,0.0,0.0,0.0,-2.9564355811755902,-2.9564355811755902
flat,single,0,off,0,1237,-2.812830270670798,226.0,0.7964745759963989,0.7436272501945496,1,-2.812830270670798,-2.812830270670798,1,0,off,0,0,0.0,0.0,0.0,0.0,0.0,0.0,0.0,0.0,0.0,0.0,0.0,-2.812830270670798,-2.812830270670798
flat,single,0,off,0,1238,-4.946491131277867,296.0,0.8159468770027161,0.7452986240386963,1,-4.946491131277867,-4.946491131277867,1,0,off,0,0,0.0,0.0,0.0,0.0,0.0,0.0,0.0,0.0,0.0,0.0,0.0,-4.946491131277867,-4.946491131277867
flat,single,0,off,0,1239,-6.379796403169188,300.0,0.7651097178459167,0.649700403213501,0,-6.379796403169188,-6.379796403169188,1,0,off,0,0,0.0,0.0,0.0,0.0,0.0,0.0,0.0,0.0,0.0,0.0,0.0,-6.379796403169188,-6.379796403169188
flat,single,0,off,0,1240,-2.8116161646158258,226.0,0.8024077415466309,0.7364097237586975,1,-2.8116161646158258,-2.8116161646158258,1,0,off,0,0,0.0,0.0,0.0,0.0,0.0,0.0,0.0,0.0,0.0,0.0,0.0,-2.8116161646158258,-2.8116161646158258
flat,single,0,off,0,1241,-4.505237948041162,282.0,0.8316308856010437,0.7867667078971863,1,-4.505237948041162,-4.505237948041162,1,0,off,0,0,0.0,0.0,0.0,0.0,0.0,0.0,0.0,0.0,0.0,0.0,0.0,-4.505237948041162,-4.505237948041162
flat,single,0,off,0,1242,-3.355352796922653,245.0,0.8223670125007629,0.7867667078971863,1,-3.355352796922653,-3.355352796922653,1,0,off,0,0,0.0,0.0,0.0,0.0,0.0,0.0,0.0,0.0,0.0,0.0,0.0,-3.355352796922653,-3.355352796922653
flat,single,0,off,0,1243,-3.1152855061890876,237.0,0.792399525642395,0.7689886689186096,1,-3.1152855061890876,-3.1152855061890876,1,0,off,0,0,0.0,0.0,0.0,0.0,0.0,0.0,0.0,0.0,0.0,0.0,0.0,-3.1152855061890876,-3.1152855061890876
flat,single,0,off,0,1244,-2.8657871052238475,227.0,0.8002727627754211,0.7470993995666504,1,-2.8657871052238475,-2.8657871052238475,1,0,off,0,0,0.0,0.0,0.0,0.0,0.0,0.0,0.0,0.0,0.0,0.0,0.0,-2.8657871052238475,-2.8657871052238475
flat,single,0,off,0,1245,-5.48218604972355,300.0,0.7958126068115234,0.6767402291297913,0,-5.48218604972355,-5.48218604972355,1,0,off,0,0,0.0,0.0,0.0,0.0,0.0,0.0,0.0,0.0,0.0,0.0,0.0,-5.48218604972355,-5.48218604972355
flat,single,0,off,0,1246,-4.7480657008255385,291.0,0.8268623352050781,0.7470993995666504,1,-4.7480657008255385,-4.7480657008255385,1,0,off,0,0,0.0,0.0,0.0,0.0,0.0,0.0,0.0,0.0,0.0,0.0,0.0,-4.7480657008255385,-4.7480657008255385
flat,single,0,off,0,1247,-3.231572212548913,242.0,0.81019526720047,0.7956703901290894,1,-3.231572212548913,-3.231572212548913,1,0,off,0,0,0.0,0.0,0.0,0.0,0.0,0.0,0.0,0.0,0.0,0.0,0.0,-3.231572212548913,-3.231572212548913
flat,single,0,off,0,1248,-2.7098509054293194,221.0,0.7864434123039246,0.7232506275177002,1,-2.7098509054293194,-2.7098509054293194,1,0,off,0,0,0.0,0.0,0.0,0.0,0.0,0.0,0.0,0.0,0.0,0.0,0.0,-2.7098509054293194,-2.7098509054293194
flat,single,0,off,0,1249,-5.7238067448081225,300.0,0.7984002828598022,0.7364659309387207,0,-5.7238067448081225,-5.7238067448081225,1,0,off,0,0,0.0,0.0,0.0,0.0,0.0,0.0,0.0,0.0,0.0,0.0,0.0,-5.7238067448081225,-5.7238067448081225
flat,single,0,off,0,1250,-4.111125298781548,270.0,0.8043645024299622,0.7584949731826782,1,-4.111125298781548,-4.111125298781548,1,0,off,0,0,0.0,0.0,0.0,0.0,0.0,0.0,0.0,0.0,0.0,0.0,0.0,-4.111125298781548,-4.111125298781548
flat,single,0,off,0,1251,-2.862052616998545,228.0,0.801322340965271,0.7576398253440857,1,-2.862052616998545,-2.862052616998545,1,0,off,0,0,0.0,0.0,0.0,0.0,0.0,0.0,0.0,0.0,0.0,0.0,0.0,-2.862052616998545,-2.862052616998545
flat,single,0,off,0,1252,-3.2503509614942394,243.0,0.8258480429649353,0.780683696269989,1,-3.2503509614942394,-3.2503509614942394,1,0,off,0,0,0.0,0.0,0.0,0.0,0.0,0.0,0.0,0.0,0.0,0.0,0.0,-3.2503509614942394,-3.2503509614942394
flat,single,0,off,0,1253,-3.354307282663627,245.0,0.8096376657485962,0.778242290019989,1,-3.354307282663627,-3.354307282663627,1,0,off,0,0,0.0,0.0,0.0,0.0,0.0,0.0,0.0,0.0,0.0,0.0,0.0,-3.354307282663627,-3.354307282663627
flat,single,0,off,0,1254,-2.659966128041249,221.0,0.7971515655517578,0.7479713559150696,1,-2.659966128041249,-2.659966128041249,1,0,off,0,0,0.0,0.0,0.0,0.0,0.0,0.0,0.0,0.0,0.0,0.0,0.0,-2.659966128041249,-2.659966128041249
flat,single,0,off,0,1255,-4.421797221265726,281.0,0.8336762189865112,0.7713747620582581,1,-4.421797221265726,-4.421797221265726,1,0,off,0,0,0.0,0.0,0.0,0.0,0.0,0.0,0.0,0.0,0.0,0.0,0.0,-4.421797221265726,-4.421797221265726
flat,single,0,off,0,1256,-3.0423287167015682,233.0,0.7980947494506836,0.7368783354759216,1,-3.0423287167015682,-3.0423287167015682,1,0,off,0,0,0.0,0.0,0.0,0.0,0.0,0.0,0.0,0.0,0.0,0.0,0.0,-3.0423287167015682,-3.0423287167015682
flat,single,0,off,0,1257,-3.5846792116691186,254.0,0.8055657744407654,0.778242290019989,1,-3.5846792116691186,-3.5846792116691186,1,0,off,0,0,0.0,0.0,0.0,0.0,0.0,0.0,0.0,0.0,0.0,0.0,0.0,-3.5846792116691186,-3.5846792116691186
flat,single,0,off,0,1258,-3.053713915483068,233.0,0.7826809287071228,0.7179409861564636,1,-3.053713915483068,-3.053713915483068,1,0,off,0,0,0.0,0.0,0.0,0.0,0.0,0.0,0.0,0.0,0.0,0.0,0.0,-3.053713915483068,-3.053713915483068
flat,single,0,off,0,1259,-3.10931951656819,235.0,0.8019688725471497,0.7179409861564636,1,-3.10931951656819,-3.10931951656819,1,0,off,0,0,0.0,0.0,0.0,0.0,0.0,0.0,0.0,0.0,0.0,0.0,0.0,-3.10931951656819,-3.10931951656819
flat,single,0,off,0,1260,-3.3127395570522364,241.0,0.8073135614395142,0.7319686412811279,1,-3.3127395570522364,-3.3127395570522364,1,0,off,0,0,0.0,0.0,0.0,0.0,0.0,0.0,0.0,0.0,0.0,0.0,0.0,-3.3127395570522364,-3.3127395570522364
flat,single,0,off,0,1261,-3.4671838229626673,249.0,0.8105437159538269,0.7654480338096619,1,-3.4671838229626673,-3.4671838229626673,1,0,off,0,0,0.0,0.0,0.0,0.0,0.0,0.0,0.0,0.0,0.0,0.0,0.0,-3.4671838229626673,-3.4671838229626673
flat,single,0,off,0,1262,-3.5100470230669942,249.0,0.8189217448234558,0.7932329773902893,1,-3.5100470230669942,-3.5100470230669942,1,0,off,0,0,0.0,0.0,0.0,0.0,0.0,0.0,0.0,0.0,0.0,0.0,0.0,-3.5100470230669942,-3.5100470230669942
flat,single,0,off,0,1263,-3.403197407381354,247.0,0.7975355982780457,0.7814412117004395,1,-3.403197407381354,-3.403197407381354,1,0,off,0,0,0.0,0.0,0.0,0.0,0.0,0.0,0.0,0.0,0.0,0.0,0.0,-3.403197407381354,-3.403197407381354
flat,single,0,off,0,1264,-4.079775497465728,270.0,0.8424860239028931,0.8050177097320557,1,-4.079775497465728,-4.079775497465728,1,0,off,0,0,0.0,0.0,0.0,0.0,0.0,0.0,0.0,0.0,0.0,0.0,0.0,-4.079775497465728,-4.079775497465728
flat,single,0,off,0,1265,-2.9530725810630116,231.0,0.7940376400947571,0.7364096641540527,1,-2.9530725810630116,-2.9530725810630116,1,0,off,0,0,0.0,0.0,0.0,0.0,0.0,0.0,0.0,0.0,0.0,0.0,0.0,-2.9530725810630116,-2.9530725810630116
flat,single,0,off,0,1266,-3.071005369168681,234.0,0.7926498055458069,0.7179409861564636,1,-3.071005369168681,-3.071005369168681,1,0,off,0,0,0.0,0.0,0.0,0.0,0.0,0.0,0.0,0.0,0.0,0.0,0.0,-3.071005369168681,-3.071005369168681
flat,single,0,off,0,1267,-2.9396617087325865,232.0,0.8114942312240601,0.7685791850090027,1,-2.9396617087325865,-2.9396617087325865,1,0,off,0,0,0.0,0.0,0.0,0.0,0.0,0.0,0.0,0.0,0.0,0.0,0.0,-2.9396617087325865,-2.9396617087325865
flat,single,0,off,0,1268,-4.4403061112458735,281.0,0.8173586130142212,0.7691637277603149,1,-4.4403061112458735,-4.4403061112458735,1,0,off,0,0,0.0,0.0,0.0,0.0,0.0,0.0,0.0,0.0,0.0,0.0,0.0,-4.4403061112458735,-4.4403061112458735
flat,single,0,off,0,1269,-3.117288925257733,238.0,0.8231548070907593,0.8021400570869446,1,-3.117288925257733,-3.117288925257733,1,0,off,0,0,0.0,0.0,0.0,0.0,0.0,0.0,0.0,0.0,0.0,0.0,0.0,-3.117288925257733,-3.117288925257733
flat,single,0,off,0,1270,-3.108618640581823,237.0,0.8155434727668762,0.7877557873725891,1,-3.108618640581823,-3.108618640581823,1,0,off,0,0,0.0,0.0,0.0,0.0,0.0,0.0,0.0,0.0,0.0,0.0,0.0,-3.108618640581823,-3.108618640581823
flat,single,0,off,0,1271,-2.9344381153362216,231.0,0.8056454062461853,0.7579656839370728,1,-2.9344381153362216,-2.9344381153362216,1,0,off,0,0,0.0,0.0,0.0,0.0,0.0,0.0,0.0,0.0,0.0,0.0,0.0,-2.9344381153362216,-2.9344381153362216
flat,single,0,off,0,1272,-2.8290370069455637,226.0,0.8036346435546875,0.7470993995666504,1,-2.8290370069455637,-2.8290370069455637,1,0,off,0,0,0.0,0.0,0.0,0.0,0.0,0.0,0.0,0.0,0.0,0.0,0.0,-2.8290370069455637,-2.8290370069455637
flat,single,0,off,0,1273,-3.43036297396289,246.0,0.8068996071815491,0.7584949731826782,1,-3.43036297396289,-3.43036297396289,1,0,off,0,0,0.0,0.0,0.0,0.0,0.0,0.0,0.0,0.0,0.0,0.0,0.0,-3.43036297396289,-3.43036297396289
flat,single,0,off,0,1274,-5.3762581397197104,300.0,0.8086100816726685,0.7573087215423584,0,-5.3762581397197104,-5.3762581397197104,1,0,off,0,0,0.0,0.0,0.0,0.0,0.0,0.0,0.0,0.0,0.0,0.0,0.0,-5.3762581397197104,-5.3762581397197104
flat,single,0,off,0,1275,-3.5084372880903283,248.0,0.8028059601783752,0.7470993995666504,1,-3.5084372880903283,-3.5084372880903283,1,0,off,0,0,0.0,0.0,0.0,0.0,0.0,0.0,0.0,0.0,0.0,0.0,0.0,-3.5084372880903283,-3.5084372880903283
flat,single,0,off,0,1276,-6.595991676568519,300.0,0.7093639373779297,0.49387556314468384,0,-6.595991676568519,-6.595991676568519,1,0,off,0,0,0.0,0.0,0.0,0.0,0.0,0.0,0.0,0.0,0.0,0.0,0.0,-6.595991676568519,-6.595991676568519
flat,single,0,off,0,1277,-3.87555807298863,262.0,0.8097552061080933,0.7613554000854492,1,-3.87555807298863,-3.87555807298863,1,0,off,0,0,0.0,0.0,0.0,0.0,0.0,0.0,0.0,0.0,0.0,0.0,0.0,-3.87555807298863,-3.87555807298863
flat,single,0,off,0,1278,-4.373188017678903,278.0,0.8211612105369568,0.7861467003822327,1,-4.373188017678903,-4.373188017678903,1,0,off,0,0,0.0,0.0,0.0,0.0,0.0,0.0,0.0,0.0,0.0,0.0,0.0,-4.373188017678903,-4.373188017678903
flat,single,0,off,0,1279,-4.378849527802068,278.0,0.812739908695221,0.7811338305473328,1,-4.378849527802068,-4.378849527802068,1,0,off,0,0,0.0,0.0,0.0,0.0,0.0,0.0,0.0,0.0,0.0,0.0,0.0,-4.378849527802068,-4.378849527802068
flat,single,0,off,0,1280,-3.59846903427269,254.0,0.8304371237754822,0.803922712802887,1,-3.59846903427269,-3.59846903427269,1,0,off,0,0,0.0,0.0,0.0,0.0,0.0,0.0,0.0,0.0,0.0,0.0,0.0,-3.59846903427269,-3.59846903427269
flat,single,0,off,0,1281,-3.2437121432565426,240.0,0.7997394800186157,0.7710239887237549,1,-3.2437121432565426,-3.2437121432565426,1,0,off,0,0,0.0,0.0,0.0,0.0,0.0,0.0,0.0,0.0,0.0,0.0,0.0,-3.2437121432565426,-3.2437121432565426
flat,single,0,off,0,1282,-3.0246227609668637,233.0,0.7845072150230408,0.7470993995666504,1,-3.0246227609668637,-3.0246227609668637,1,0,off,0,0,0.0,0.0,0.0,0.0,0.0,0.0,0.0,0.0,0.0,0.0,0.0,-3.0246227609668637,-3.0246227609668637
flat,single,0,off,0,1283,-3.485195400187501,250.0,0.8279774785041809,0.7854447364807129,1,-3.485195400187501,-3.485195400187501,1,0,off,0,0,0.0,0.0,0.0,0.0,0.0,0.0,0.0,0.0,0.0,0.0,0.0,-3.485195400187501,-3.485195400187501
flat,single,0,off,0,1284,-2.72219298319307,223.0,0.787304699420929,0.7470993995666504,1,-2.72219298319307,-2.72219298319307,1,0,off,0,0,0.0,0.0,0.0,0.0,0.0,0.0,0.0,0.0,0.0,0.0,0.0,-2.72219298319307,-2.72219298319307
flat,single,0,off,0,1285,-3.3055100643587996,244.0,0.788126528263092,0.7489430904388428,1,-3.3055100643587996,-3.3055100643587996,1,0,off,0,0,0.0,0.0,0.0,0.0,0.0,0.0,0.0,0.0,0.0,0.0,0.0,-3.3055100643587996,-3.3055100643587996
flat,single,0,off,0,1286,-2.9206099729635606,230.0,0.8022403717041016,0.7269673347473145,1,-2.9206099729635606,-2.9206099729635606,1,0,off,0,0,0.0,0.0,0.0,0.0,0.0,0.0,0.0,0.0,0.0,0.0,0.0,-2.9206099729635606,-2.9206099729635606
flat,single,0,off,0,1287,-3.0194264936342217,232.0,0.8009480237960815,0.780683696269989,1,-3.0194264936342217,-3.0194264936342217,1,0,off,0,0,0.0,0.0,0.0,0.0,0.0,0.0,0.0,0.0,0.0,0.0,0.0,-3.0194264936342217,-3.0194264936342217
flat,single,0,off,0,1288,-3.119116836180884,235.0,0.7894303202629089,0.7232506275177002,1,-3.119116836180884,-3.119116836180884,1,0,off,0,0,0.0,0.0,0.0,0.0,0.0,0.0,0.0,0.0,0.0,0.0,0.0,-3.119116836180884,-3.119116836180884
flat,single,0,off,0,1289,-3.2615800016640937,242.0,0.7931381464004517,0.7060114145278931,1,-3.2615800016640937,-3.2615800016640937,1,0,off,0,0,0.0,0.0,0.0,0.0,0.0,0.0,0.0,0.0,0.0,0.0,0.0,-3.2615800016640937,-3.2615800016640937
flat,single,0,off,0,1290,-2.48504573530283,213.0,0.7754293084144592,0.7179409861564636,1,-2.48504573530283,-2.48504573530283,1,0,off,0,0,0.0,0.0,0.0,0.0,0.0,0.0,0.0,0.0,0.0,0.0,0.0,-2.48504573530283,-2.48504573530283
flat,single,0,off,0,1291,-3.9011332110664547,264.0,0.8455210328102112,0.8052442073822021,1,-3.9011332110664547,-3.9011332110664547,1,0,off,0,0,0.0,0.0,0.0,0.0,0.0,0.0,0.0,0.0,0.0,0.0,0.0,-3.9011332110664547,-3.9011332110664547
flat,single,0,off,0,1292,-3.4180585899820866,247.0,0.8253504037857056,0.7710239887237549,1,-3.4180585899820866,-3.4180585899820866,1,0,off,0,0,0.0,0.0,0.0,0.0,0.0,0.0,0.0,0.0,0.0,0.0,0.0,-3.4180585899820866,-3.4180585899820866
flat,single,0,off,0,1293,-2.919337761211191,231.0,0.8130384087562561,0.7877557873725891,1,-2.919337761211191,-2.919337761211191,1,0,off,0,0,0.0,0.0,0.0,0.0,0.0,0.0,0.0,0.0,0.0,0.0,0.0,-2.919337761211191,-2.919337761211191
flat,single,0,off,0,1294,-6.100003850227232,300.0,0.751039981842041,0.5770589709281921,0,-6.100003850227232,-6.100003850227232,1,0,off,0,0,0.0,0.0,0.0,0.0,0.0,0.0,0.0,0.0,0.0,0.0,0.0,-6.100003850227232,-6.100003850227232
flat,single,0,off,0,1295,-4.557769734172621,284.0,0.7941266298294067,0.7179409861564636,1,-4.557769734172621,-4.557769734172621,1,0,off,0,0,0.0,0.0,0.0,0.0,0.0,0.0,0.0,0.0,0.0,0.0,0.0,-4.557769734172621,-4.557769734172621
flat,single,0,off,0,1296,-4.61334346944581,287.0,0.825962245464325,0.7767258882522583,1,-4.61334346944581,-4.61334346944581,1,0,off,0,0,0.0,0.0,0.0,0.0,0.0,0.0,0.0,0.0,0.0,0.0,0.0,-4.61334346944581,-4.61334346944581
flat,single,0,off,0,1297,-3.7663326424010846,259.0,0.8250085711479187,0.8042023181915283,1,-3.7663326424010846,-3.7663326424010846,1,0,off,0,0,0.0,0.0,0.0,0.0,0.0,0.0,0.0,0.0,0.0,0.0,0.0,-3.7663326424010846,-3.7663326424010846
flat,single,0,off,0,1298,-5.505328688502781,300.0,0.8217935562133789,0.6948580145835876,0,-5.505328688502781,-5.505328688502781,1,0,off,0,0,0.0,0.0,0.0,0.0,0.0,0.0,0.0,0.0,0.0,0.0,0.0,-5.505328688502781,-5.505328688502781
flat,single,0,off,0,1299,-4.968712183043824,297.0,0.8135823011398315,0.761339545249939,1,-4.968712183043824,-4.968712183043824,1,0,off,0,0,0.0,0.0,0.0,0.0,0.0,0.0,0.0,0.0,0.0,0.0,0.0,-4.968712183043824,-4.968712183043824
flat,single,0,off,0,1300,-2.6896228848269557,221.0,0.7823722958564758,0.7232506275177002,1,-2.6896228848269557,-2.6896228848269557,1,0,off,0,0,0.0,0.0,0.0,0.0,0.0,0.0,0.0,0.0,0.0,0.0,0.0,-2.6896228848269557,-2.6896228848269557
flat,single,0,off,0,1301,-3.044023982722988,232.0,0.8000221848487854,0.7179409861564636,1,-3.044023982722988,-3.044023982722988,1,0,off,0,0,0.0,0.0,0.0,0.0,0.0,0.0,0.0,0.0,0.0,0.0,0.0,-3.044023982722988,-3.044023982722988
flat,single,0,off,0,1302,-3.6917997841443704,256.0,0.8071680665016174,0.7677785158157349,1,-3.6917997841443704,-3.6917997841443704,1,0,off,0,0,0.0,0.0,0.0,0.0,0.0,0.0,0.0,0.0,0.0,0.0,0.0,-3.6917997841443704,-3.6917997841443704
flat,single,0,off,0,1303,-6.260164458735396,300.0,0.6893860101699829,0.3577422499656677,0,-6.260164458735396,-6.260164458735396,1,0,off,0,0,0.0,0.0,0.0,0.0,0.0,0.0,0.0,0.0,0.0,0.0,0.0,-6.260164458735396,-6.260164458735396
flat,single,0,off,0,1304,-4.157892535360282,271.0,0.8186883926391602,0.7689886689186096,1,-4.157892535360282,-4.157892535360282,1,0,off,0,0,0.0,0.0,0.0,0.0,0.0,0.0,0.0,0.0,0.0,0.0,0.0,-4.157892535360282,-4.157892535360282
flat,single,0,off,0,1305,-4.52566170729638,282.0,0.809924304485321,0.7410153746604919,1,-4.52566170729638,-4.52566170729638,1,0,off,0,0,0.0,0.0,0.0,0.0,0.0,0.0,0.0,0.0,0.0,0.0,0.0,-4.52566170729638,-4.52566170729638
flat,single,0,off,0,1306,-3.286749458669194,241.0,0.7905262112617493,0.7295725345611572,1,-3.286749458669194,-3.286749458669194,1,0,off,0,0,0.0,0.0,0.0,0.0,0.0,0.0,0.0,0.0,0.0,0.0,0.0,-3.286749458669194,-3.286749458669194
flat,single,0,off,0,1307,-3.6329285473783814,254.0,0.8036738038063049,0.7774750590324402,1,-3.6329285473783814,-3.6329285473783814,1,0,off,0,0,0.0,0.0,0.0,0.0,0.0,0.0,0.0,0.0,0.0,0.0,0.0,-3.6329285473783814,-3.6329285473783814
flat,single,0,off,0,1308,-4.63169188551255,285.0,0.8126221895217896,0.7179409861564636,1,-4.63169188551255,-4.63169188551255,1,0,off,0,0,0.0,0.0,0.0,0.0,0.0,0.0,0.0,0.0,0.0,0.0,0.0,-4.63169188551255,-4.63169188551255
flat,single,0,off,0,1309,-3.2317999566940006,243.0,0.8183169364929199,0.7877557873725891,1,-3.2317999566940006,-3.2317999566940006,1,0,off,0,0,0.0,0.0,0.0,0.0,0.0,0.0,0.0,0.0,0.0,0.0,0.0,-3.2317999566940006,-3.2317999566940006
flat,single,0,off,0,1310,-3.1772368560300444,239.0,0.7983999848365784,0.754544198513031,1,-3.1772368560300444,-3.1772368560300444,1,0,off,0,0,0.0,0.0,0.0,0.0,0.0,0.0,0.0,0.0,0.0,0.0,0.0,-3.1772368560300444,-3.1772368560300444
flat,single,0,off,0,1311,-4.044168024542721,268.0,0.789150059223175,0.7319686412811279,1,-4.044168024542721,-4.044168024542721,1,0,off,0,0,0.0,0.0,0.0,0.0,0.0,0.0,0.0,0.0,0.0,0.0,0.0,-4.044168024542721,-4.044168024542721
flat,single,0,off,0,1312,-3.5914621937693756,252.0,0.7921954393386841,0.7319686412811279,1,-3.5914621937693756,-3.5914621937693756,1,0,off,0,0,0.0,0.0,0.0,0.0,0.0,0.0,0.0,0.0,0.0,0.0,0.0,-3.5914621937693756,-3.5914621937693756
flat,single,0,off,0,1313,-6.11770051916246,300.0,0.750546395778656,0.3254794776439667,0,-6.11770051916246,-6.11770051916246,1,0,off,0,0,0.0,0.0,0.0,0.0,0.0,0.0,0.0,0.0,0.0,0.0,0.0,-6.11770051916246,-6.11770051916246
flat,single,0,off,0,1314,-3.226328077958879,240.0,0.8208495378494263,0.7863973379135132,1,-3.226328077958879,-3.226328077958879,1,0,off,0,0,0.0,0.0,0.0,0.0,0.0,0.0,0.0,0.0,0.0,0.0,0.0,-3.226328077958879,-3.226328077958879
flat,single,0,off,0,1315,-3.65302341855013,254.0,0.7979978919029236,0.7584949731826782,1,-3.65302341855013,-3.65302341855013,1,0,off,0,0,0.0,0.0,0.0,0.0,0.0,0.0,0.0,0.0,0.0,0.0,0.0,-3.65302341855013,-3.65302341855013
flat,single,0,off,0,1316,-2.7212086200690706,223.0,0.796035885810852,0.7533297538757324,1,-2.7212086200690706,-2.7212086200690706,1,0,off,0,0,0.0,0.0,0.0,0.0,0.0,0.0,0.0,0.0,0.0,0.0,0.0,-2.7212086200690706,-2.7212086200690706
flat,single,0,off,0,1317,-2.6938157890480805,222.0,0.7855738997459412,0.7410153746604919,1,-2.6938157890480805,-2.6938157890480805,1,0,off,0,0,0.0,0.0,0.0,0.0,0.0,0.0,0.0,0.0,0.0,0.0,0.0,-2.6938157890480805,-2.6938157890480805
flat,single,0,off,0,1318,-4.075773645596319,267.0,0.8107984662055969,0.7368783354759216,1,-4.075773645596319,-4.075773645596319,1,0,off,0,0,0.0,0.0,0.0,0.0,0.0,0.0,0.0,0.0,0.0,0.0,0.0,-4.075773645596319,-4.075773645596319
flat,single,0,off,0,1319,-5.0007282298453966,299.0,0.8407001495361328,0.8021400570869446,1,-5.0007282298453966,-5.0007282298453966,1,0,off,0,0,0.0,0.0,0.0,0.0,0.0,0.0,0.0,0.0,0.0,0.0,0.0,-5.0007282298453966,-5.0007282298453966
flat,single,0,off,0,1320,-3.122717056139348,236.0,0.8013144135475159,0.7689886689186096,1,-3.122717056139348,-3.122717056139348,1,0,off,0,0,0.0,0.0,0.0,0.0,0.0,0.0,0.0,0.0,0.0,0.0,0.0,-3.122717056139348,-3.122717056139348
flat,single,0,off,0,1321,-3.2126327076821894,241.0,0.8253580331802368,0.8110623955726624,1,-3.2126327076821894,-3.2126327076821894,1,0,off,0,0,0.0,0.0,0.0,0.0,0.0,0.0,0.0,0.0,0.0,0.0,0.0,-3.2126327076821894,-3.2126327076821894
flat,single,0,off,0,1322,-3.890429281655215,262.0,0.8194032311439514,0.7212250828742981,1,-3.890429281655215,-3.890429281655215,1,0,off,0,0,0.0,0.0,0.0,0.0,0.0,0.0,0.0,0.0,0.0,0.0,0.0,-3.890429281655215,-3.890429281655215
flat,single,0,off,0,1323,-4.121143916975704,269.0,0.7933796644210815,0.7410153746604919,1,-4.121143916975704,-4.121143916975704,1,0,off,0,0,0.0,0.0,0.0,0.0,0.0,0.0,0.0,0.0,0.0,0.0,0.0,-4.121143916975704,-4.121143916975704
flat,single,0,off,0,1324,-3.1042913169611523,236.0,0.8059543967247009,0.7576594352722168,1,-3.1042913169611523,-3.1042913169611523,1,0,off,0,0,0.0,0.0,0.0,0.0,0.0,0.0,0.0,0.0,0.0,0.0,0.0,-3.1042913169611523,-3.1042913169611523
flat,single,0,off,0,1325,-3.7468879679834766,258.0,0.8193915486335754,0.7677785158157349,1,-3.7468879679834766,-3.7468879679834766,1,0,off,0,0,0.0,0.0,0.0,0.0,0.0,0.0,0.0,0.0,0.0,0.0,0.0,-3.7468879679834766,-3.7468879679834766
flat,single,0,off,0,1326,-5.426084041595458,300.0,0.8053888082504272,0.7470993995666504,0,-5.426084041595458,-5.426084041595458,1,0,off,0,0,0.0,0.0,0.0,0.0,0.0,0.0,0.0,0.0,0.0,0.0,0.0,-5.426084041595458,-5.426084041595458
flat,single,0,off,0,1327,-3.8352595145173574,260.0,0.8097690939903259,0.7126779556274414,1,-3.8352595145173574,-3.8352595145173574,1,0,off,0,0,0.0,0.0,0.0,0.0,0.0,0.0,0.0,0.0,0.0,0.0,0.0,-3.8352595145173574,-3.8352595145173574
flat,single,0,off,0,1328,-2.936240509479518,231.0,0.8084346055984497,0.7814412117004395,1,-2.936240509479518,-2.936240509479518,1,0,off,0,0,0.0,0.0,0.0,0.0,0.0,0.0,0.0,0.0,0.0,0.0,0.0,-2.936240509479518,-2.936240509479518
flat,single,0,off,0,1329,-3.623482072756147,256.0,0.8315172791481018,0.8062549233436584,1,-3.623482072756147,-3.623482072756147,1,0,off,0,0,0.0,0.0,0.0,0.0,0.0,0.0,0.0,0.0,0.0,0.0,0.0,-3.623482072756147,-3.623482072756147
flat,single,0,off,0,1330,-4.062026840085144,268.0,0.8293541669845581,0.8138706684112549,1,-4.062026840085144,-4.062026840085144,1,0,off,0,0,0.0,0.0,0.0,0.0,0.0,0.0,0.0,0.0,0.0,0.0,0.0,-4.062026840085144,-4.062026840085144
flat,single,0,off,0,1331,-2.985429507176144,232.0,0.8158406615257263,0.7470993995666504,1,-2.985429507176144,-2.985429507176144,1,0,off,0,0,0.0,0.0,0.0,0.0,0.0,0.0,0.0,0.0,0.0,0.0,0.0,-2.985429507176144,-2.985429507176144
flat,single,0,off,0,1332,-3.3578189352340777,244.0,0.8078576922416687,0.7733562588691711,1,-3.3578189352340777,-3.3578189352340777,1,0,off,0,0,0.0,0.0,0.0,0.0,0.0,0.0,0.0,0.0,0.0,0.0,0.0,-3.3578189352340777,-3.3578189352340777
flat,single,0,off,0,1333,-3.9446228603180273,264.0,0.8223752975463867,0.7242881059646606,1,-3.9446228603180273,-3.9446228603180273,1,0,off,0,0,0.0,0.0,0.0,0.0,0.0,0.0,0.0,0.0,0.0,0.0,0.0,-3.9446228603180273,-3.9446228603180273
flat,single,0,off,0,1334,-3.52236444133216,248.0,0.7909923791885376,0.7179409861564636,1,-3.52236444133216,-3.52236444133216,1,0,off,0,0,0.0,0.0,0.0,0.0,0.0,0.0,0.0,0.0,0.0,0.0,0.0,-3.52236444133216,-3.52236444133216
flat,single,0,off,0,1335,-3.8186866890953173,262.0,0.8188203573226929,0.7470993995666504,1,-3.8186866890953173,-3.8186866890953173,1,0,off,0,0,0.0,0.0,0.0,0.0,0.0,0.0,0.0,0.0,0.0,0.0,0.0,-3.8186866890953173,-3.8186866890953173
flat,single,0,off,0,1336,-3.291652572621802,241.0,0.7961992621421814,0.7470993995666504,1,-3.291652572621802,-3.291652572621802,1,0,off,0,0,0.0,0.0,0.0,0.0,0.0,0.0,0.0,0.0,0.0,0.0,0.0,-3.291652572621802,-3.291652572621802
flat,single,0,off,0,1337,-2.943377281150301,231.0,0.8069316148757935,0.7750285863876343,1,-2.943377281150301,-2.943377281150301,1,0,off,0,0,0.0,0.0,0.0,0.0,0.0,0.0,0.0,0.0,0.0,0.0,0.0,-2.943377281150301,-2.943377281150301
flat,single,0,off,0,1338,-3.2416716781747406,241.0,0.811402440071106,0.7677785158157349,1,-3.2416716781747406,-3.2416716781747406,1,0,off,0,0,0.0,0.0,0.0,0.0,0.0,0.0,0.0,0.0,0.0,0.0,0.0,-3.2416716781747406,-3.2416716781747406
flat,single,0,off,0,1339,-4.950515139781643,298.0,0.798031747341156,0.7470993995666504,1,-4.950515139781643,-4.950515139781643,1,0,off,0,0,0.0,0.0,0.0,0.0,0.0,0.0,0.0,0.0,0.0,0.0,0.0,-4.950515139781643,-4.950515139781643
flat,single,0,off,0,1340,-4.10911621482691,269.0,0.7935048341751099,0.7667514681816101,1,-4.10911621482691,-4.10911621482691,1,0,off,0,0,0.0,0.0,0.0,0.0,0.0,0.0,0.0,0.0,0.0,0.0,0.0,-4.10911621482691,-4.10911621482691
flat,single,0,off,0,1341,-4.066090601076126,269.0,0.837012767791748,0.7870871424674988,1,-4.066090601076126,-4.066090601076126,1,0,off,0,0,0.0,0.0,0.0,0.0,0.0,0.0,0.0,0.0,0.0,0.0,0.0,-4.066090601076126,-4.066090601076126
flat,single,0,off,0,1342,-2.8000463243352636,226.0,0.8013190031051636,0.7731971144676208,1,-2.8000463243352636,-2.8000463243352636,1,0,off,0,0,0.0,0.0,0.0,0.0,0.0,0.0,0.0,0.0,0.0,0.0,0.0,-2.8000463243352636,-2.8000463243352636
flat,single,0,off,0,1343,-2.622695569886112,220.0,0.7925475835800171,0.7576594352722168,1,-2.622695569886112,-2.622695569886112,1,0,off,0,0,0.0,0.0,0.0,0.0,0.0,0.0,0.0,0.0,0.0,0.0,0.0,-2.622695569886112,-2.622695569886112
flat,single,0,off,0,1344,-3.3995218656561152,246.0,0.8143952488899231,0.7631852626800537,1,-3.3995218656561152,-3.3995218656561152,1,0,off,0,0,0.0,0.0,0.0,0.0,0.0,0.0,0.0,0.0,0.0,0.0,0.0,-3.3995218656561152,-3.3995218656561152
flat,single,0,off,0,1345,-4.213609990994426,274.0,0.8314949870109558,0.7956703901290894,1,-4.213609990994426,-4.213609990994426,1,0,off,0,0,0.0,0.0,0.0,0.0,0.0,0.0,0.0,0.0,0.0,0.0,0.0,-4.213609990994426,-4.213609990994426
flat,single,0,off,0,1346,-3.8109708481118814,260.0,0.803601086139679,0.7783516049385071,1,-3.8109708481118814,-3.8109708481118814,1,0,off,0,0,0.0,0.0,0.0,0.0,0.0,0.0,0.0,0.0,0.0,0.0,0.0,-3.8109708481118814,-3.8109708481118814
flat,single,0,off,0,1347,-3.253568788903039,240.0,0.7848419547080994,0.7410153746604919,1,-3.253568788903039,-3.253568788903039,1,0,off,0,0,0.0,0.0,0.0,0.0,0.0,0.0,0.0,0.0,0.0,0.0,0.0,-3.253568788903039,-3.253568788903039
flat,single,0,off,0,1348,-3.6235193389281326,254.0,0.8106592893600464,0.7542726993560791,1,-3.6235193389281326,-3.6235193389281326,1,0,off,0,0,0.0,0.0,0.0,0.0,0.0,0.0,0.0,0.0,0.0,0.0,0.0,-3.6235193389281326,-3.6235193389281326
flat,single,0,off,0,1349,-3.949695079105428,266.0,0.8309170603752136,0.8141168355941772,1,-3.949695079105428,-3.949695079105428,1,0,off,0,0,0.0,0.0,0.0,0.0,0.0,0.0,0.0,0.0,0.0,0.0,0.0,-3.949695079105428,-3.949695079105428
flat,single,0,off,0,1350,-4.786916975616476,293.0,0.8108387589454651,0.7677785158157349,1,-4.786916975616476,-4.786916975616476,1,0,off,0,0,0.0,0.0,0.0,0.0,0.0,0.0,0.0,0.0,0.0,0.0,0.0,-4.786916975616476,-4.786916975616476
flat,single,0,off,0,1351,-4.805877115902823,292.0,0.8516949415206909,0.7470993995666504,1,-4.805877115902823,-4.805877115902823,1,0,off,0,0,0.0,0.0,0.0,0.0,0.0,0.0,0.0,0.0,0.0,0.0,0.0,-4.805877115902823,-4.805877115902823
flat,single,0,off,0,1352,-4.3314100149879025,278.0,0.835187554359436,0.8042023181915283,1,-4.3314100149879025,-4.3314100149879025,1,0,off,0,0,0.0,0.0,0.0,0.0,0.0,0.0,0.0,0.0,0.0,0.0,0.0,-4.3314100149879025,-4.3314100149879025
flat,single,0,off,0,1353,-3.7811340268025875,257.0,0.8316712975502014,0.7179409861564636,1,-3.7811340268025875,-3.7811340268025875,1,0,off,0,0,0.0,0.0,0.0,0.0,0.0,0.0,0.0,0.0,0.0,0.0,0.0,-3.7811340268025875,-3.7811340268025875
flat,single,0,off,0,1354,-4.147380800941031,270.0,0.8066617250442505,0.7576594352722168,1,-4.147380800941031,-4.147380800941031,1,0,off,0,0,0.0,0.0,0.0,0.0,0.0,0.0,0.0,0.0,0.0,0.0,0.0,-4.147380800941031,-4.147380800941031
flat,single,0,off,0,1355,-4.081782802290959,268.0,0.8202824592590332,0.7623991966247559,1,-4.081782802290959,-4.081782802290959,1,0,off,0,0,0.0,0.0,0.0,0.0,0.0,0.0,0.0,0.0,0.0,0.0,0.0,-4.081782802290959,-4.081782802290959
flat,single,0,off,0,1356,-3.423479999871905,247.0,0.815719723701477,0.7677785158157349,1,-3.423479999871905,-3.423479999871905,1,0,off,0,0,0.0,0.0,0.0,0.0,0.0,0.0,0.0,0.0,0.0,0.0,0.0,-3.423479999871905,-3.423479999871905
flat,single,0,off,0,1357,-4.438385975024417,281.0,0.8281832337379456,0.7731971144676208,1,-4.438385975024417,-4.438385975024417,1,0,off,0,0,0.0,0.0,0.0,0.0,0.0,0.0,0.0,0.0,0.0,0.0,0.0,-4.438385975024417,-4.438385975024417
flat,single,0,off,0,1358,-2.8646773264487027,228.0,0.7861661314964294,0.754544198513031,1,-2.8646773264487027,-2.8646773264487027,1,0,off,0,0,0.0,0.0,0.0,0.0,0.0,0.0,0.0,0.0,0.0,0.0,0.0,-2.8646773264487027,-2.8646773264487027
flat,single,0,off,0,1359,-2.6447444615536213,220.0,0.7962340116500854,0.7470993995666504,1,-2.6447444615536213,-2.6447444615536213,1,0,off,0,0,0.0,0.0,0.0,0.0,0.0,0.0,0.0,0.0,0.0,0.0,0.0,-2.6447444615536213,-2.6447444615536213
flat,single,0,off,0,1360,-3.583200784472263,252.0,0.8242971301078796,0.7685791850090027,1,-3.583200784472263,-3.583200784472263,1,0,off,0,0,0.0,0.0,0.0,0.0,0.0,0.0,0.0,0.0,0.0,0.0,0.0,-3.583200784472263,-3.583200784472263
flat,single,0,off,0,1361,-2.9147250627563115,229.0,0.7873024344444275,0.7232506275177002,1,-2.9147250627563115,-2.9147250627563115,1,0,off,0,0,0.0,0.0,0.0,0.0,0.0,0.0,0.0,0.0,0.0,0.0,0.0,-2.9147250627563115,-2.9147250627563115
flat,single,0,off,0,1362,-3.8453866082860424,263.0,0.8207950592041016,0.7470993995666504,1,-3.8453866082860424,-3.8453866082860424,1,0,off,0,0,0.0,0.0,0.0,0.0,0.0,0.0,0.0,0.0,0.0,0.0,0.0,-3.8453866082860424,-3.8453866082860424
flat,single,0,off,0,1363,-3.50186880552557,248.0,0.8134799599647522,0.7410153746604919,1,-3.50186880552557,-3.50186880552557,1,0,off,0,0,0.0,0.0,0.0,0.0,0.0,0.0,0.0,0.0,0.0,0.0,0.0,-3.50186880552557,-3.50186880552557
flat,single,0,off,0,1364,-4.151763588620806,270.0,0.8003950119018555,0.7774750590324402,1,-4.151763588620806,-4.151763588620806,1,0,off,0,0,0.0,0.0,0.0,0.0,0.0,0.0,0.0,0.0,0.0,0.0,0.0,-4.151763588620806,-4.151763588620806
flat,single,0,off,0,1365,-5.663866130955301,300.0,0.7847038507461548,0.7154980897903442,0,-5.663866130955301,-5.663866130955301,1,0,off,0,0,0.0,0.0,0.0,0.0,0.0,0.0,0.0,0.0,0.0,0.0,0.0,-5.663866130955301,-5.663866130955301
flat,single,0,off,0,1366,-5.86780713595799,300.0,0.7875311970710754,0.722032904624939,0,-5.86780713595799,-5.86780713595799,1,0,off,0,0,0.0,0.0,0.0,0.0,0.0,0.0,0.0,0.0,0.0,0.0,0.0,-5.86780713595799,-5.86780713595799
flat,single,0,off,0,1367,-3.5871573441382205,251.0,0.7789613604545593,0.7319686412811279,1,-3.5871573441382205,-3.5871573441382205,1,0,off,0,0,0.0,0.0,0.0,0.0,0.0,0.0,0.0,0.0,0.0,0.0,0.0,-3.5871573441382205,-3.5871573441382205
flat,single,0,off,0,1368,-2.849808623213301,227.0,0.7949088215827942,0.7232506275177002,1,-2.849808623213301,-2.849808623213301,1,0,off,0,0,0.0,0.0,0.0,0.0,0.0,0.0,0.0,0.0,0.0,0.0,0.0,-2.849808623213301,-2.849808623213301
flat,single,0,off,0,1369,-3.771830764912284,259.0,0.8114712834358215,0.7774750590324402,1,-3.771830764912284,-3.771830764912284,1,0,off,0,0,0.0,0.0,0.0,0.0,0.0,0.0,0.0,0.0,0.0,0.0,0.0,-3.771830764912284,-3.771830764912284
flat,single,0,off,0,1370,-3.1653177009115283,238.0,0.7949074506759644,0.754544198513031,1,-3.1653177009115283,-3.1653177009115283,1,0,off,0,0,0.0,0.0,0.0,0.0,0.0,0.0,0.0,0.0,0.0,0.0,0.0,-3.1653177009115283,-3.1653177009115283
flat,single,0,off,0,1371,-3.9918351737025484,265.0,0.8205638527870178,0.8020995855331421,1,-3.9918351737025484,-3.9918351737025484,1,0,off,0,0,0.0,0.0,0.0,0.0,0.0,0.0,0.0,0.0,0.0,0.0,0.0,-3.9918351737025484,-3.9918351737025484
flat,single,0,off,0,1372,-4.535067324476543,282.0,0.7817482948303223,0.7179409861564636,1,-4.535067324476543,-4.535067324476543,1,0,off,0,0,0.0,0.0,0.0,0.0,0.0,0.0,0.0,0.0,0.0,0.0,0.0,-4.535067324476543,-4.535067324476543
flat,single,0,off,0,1373,-3.2590163000439953,239.0,0.7802486419677734,0.7218728065490723,1,-3.2590163000439953,-3.2590163000439953,1,0,off,0,0,0.0,0.0,0.0,0.0,0.0,0.0,0.0,0.0,0.0,0.0,0.0,-3.2590163000439953,-3.2590163000439953
flat,single,0,off,0,1374,-3.3782064289785687,245.0,0.7994181513786316,0.716676652431488,1,-3.3782064289785687,-3.3782064289785687,1,0,off,0,0,0.0,0.0,0.0,0.0,0.0,0.0,0.0,0.0,0.0,0.0,0.0,-3.3782064289785687,-3.3782064289785687
flat,single,0,off,0,1375,-3.8197403761965463,260.0,0.8301724195480347,0.7689886689186096,1,-3.8197403761965463,-3.8197403761965463,1,0,off,0,0,0.0,0.0,0.0,0.0,0.0,0.0,0.0,0.0,0.0,0.0,0.0,-3.8197403761965463,-3.8197403761965463
flat,single,0,off,0,1376,-5.535341143672126,300.0,0.789264976978302,0.6275454163551331,0,-5.535341143672126,-5.535341143672126,1,0,off,0,0,0.0,0.0,0.0,0.0,0.0,0.0,0.0,0.0,0.0,0.0,0.0,-5.535341143672126,-5.535341143672126
flat,single,0,off,0,1377,-3.0927516186446655,236.0,0.8198237419128418,0.7710239887237549,1,-3.0927516186446655,-3.0927516186446655,1,0,off,0,0,0.0,0.0,0.0,0.0,0.0,0.0,0.0,0.0,0.0,0.0,0.0,-3.0927516186446655,-3.0927516186446655
flat,single,0,off,0,1378,-2.987474413055441,232.0,0.7860163450241089,0.7073166966438293,1,-2.987474413055441,-2.987474413055441,1,0,off,0,0,0.0,0.0,0.0,0.0,0.0,0.0,0.0,0.0,0.0,0.0,0.0,-2.987474413055441,-2.987474413055441
flat,single,0,off,0,1379,-3.99103206256636,267.0,0.8526420593261719,0.8189660310745239,1,-3.99103206256636,-3.99103206256636,1,0,off,0,0,0.0,0.0,0.0,0.0,0.0,0.0,0.0,0.0,0.0,0.0,0.0,-3.99103206256636,-3.99103206256636
flat,single,0,off,0,1380,-3.3464943657081756,243.0,0.8033541440963745,0.7700027823448181,1,-3.3464943657081756,-3.3464943657081756,1,0,off,0,0,0.0,0.0,0.0,0.0,0.0,0.0,0.0,0.0,0.0,0.0,0.0,-3.3464943657081756,-3.3464943657081756
flat,single,0,off,0,1381,-4.515017397619075,284.0,0.8204365968704224,0.787647545337677,1,-4.515017397619075,-4.515017397619075,1,0,off,0,0,0.0,0.0,0.0,0.0,0.0,0.0,0.0,0.0,0.0,0.0,0.0,-4.515017397619075,-4.515017397619075
flat,single,0,off,0,1382,-3.549868664513319,251.0,0.8054017424583435,0.7807530760765076,1,-3.549868664513319,-3.549868664513319,1,0,off,0,0,0.0,0.0,0.0,0.0,0.0,0.0,0.0,0.0,0.0,0.0,0.0,-3.549868664513319,-3.549868664513319
flat,single,0,off,0,1383,-3.223045288006519,238.0,0.7992712259292603,0.7488333582878113,1,-3.223045288006519,-3.223045288006519,1,0,off,0,0,0.0,0.0,0.0,0.0,0.0,0.0,0.0,0.0,0.0,0.0,0.0,-3.223045288006519,-3.223045288006519
flat,single,0,off,0,1384,-3.1096368601836524,235.0,0.8119855523109436,0.7858616709709167,1,-3.1096368601836524,-3.1096368601836524,1,0,off,0,0,0.0,0.0,0.0,0.0,0.0,0.0,0.0,0.0,0.0,0.0,0.0,-3.1096368601836524,-3.1096368601836524
flat,single,0,off,0,1385,-3.5973779030667883,255.0,0.8301644921302795,0.7926404476165771,1,-3.5973779030667883,-3.5973779030667883,1,0,off,0,0,0.0,0.0,0.0,0.0,0.0,0.0,0.0,0.0,0.0,0.0,0.0,-3.5973779030667883,-3.5973779030667883
flat,single,0,off,0,1386,-3.124545474805619,236.0,0.7895908355712891,0.7364097237586975,1,-3.124545474805619,-3.124545474805619,1,0,off,0,0,0.0,0.0,0.0,0.0,0.0,0.0,0.0,0.0,0.0,0.0,0.0,-3.124545474805619,-3.124545474805619
flat,single,0,off,0,1387,-3.056692606920827,235.0,0.8168835043907166,0.7774750590324402,1,-3.056692606920827,-3.056692606920827,1,0,off,0,0,0.0,0.0,0.0,0.0,0.0,0.0,0.0,0.0,0.0,0.0,0.0,-3.056692606920827,-3.056692606920827
flat,single,0,off,0,1388,-5.421593504206959,300.0,0.8603256940841675,0.7898797392845154,0,-5.421593504206959,-5.421593504206959,1,0,off,0,0,0.0,0.0,0.0,0.0,0.0,0.0,0.0,0.0,0.0,0.0,0.0,-5.421593504206959,-5.421593504206959
flat,single,0,off,0,1389,-3.742546406232271,256.0,0.8109919428825378,0.7179409861564636,1,-3.742546406232271,-3.742546406232271,1,0,off,0,0,0.0,0.0,0.0,0.0,0.0,0.0,0.0,0.0,0.0,0.0,0.0,-3.742546406232271,-3.742546406232271
flat,single,0,off,0,1390,-3.5327937958470788,250.0,0.8046556115150452,0.7368783354759216,1,-3.5327937958470788,-3.5327937958470788,1,0,off,0,0,0.0,0.0,0.0,0.0,0.0,0.0,0.0,0.0,0.0,0.0,0.0,-3.5327937958470788,-3.5327937958470788
flat,single,0,off,0,1391,-4.570788860010235,283.0,0.7776687741279602,0.7364096641540527,1,-4.570788860010235,-4.570788860010235,1,0,off,0,0,0.0,0.0,0.0,0.0,0.0,0.0,0.0,0.0,0.0,0.0,0.0,-4.570788860010235,-4.570788860010235
flat,single,0,off,0,1392,-3.991463987576993,266.0,0.7940831184387207,0.7470993995666504,1,-3.991463987576993,-3.991463987576993,1,0,off,0,0,0.0,0.0,0.0,0.0,0.0,0.0,0.0,0.0,0.0,0.0,0.0,-3.991463987576993,-3.991463987576993
flat,single,0,off,0,1393,-3.546323536511024,250.0,0.7841573357582092,0.7179409861564636,1,-3.546323536511024,-3.546323536511024,1,0,off,0,0,0.0,0.0,0.0,0.0,0.0,0.0,0.0,0.0,0.0,0.0,0.0,-3.546323536511024,-3.546323536511024
flat,single,0,off,0,1394,-3.5846653082954956,252.0,0.810840904712677,0.7489131093025208,1,-3.5846653082954956,-3.5846653082954956,1,0,off,0,0,0.0,0.0,0.0,0.0,0.0,0.0,0.0,0.0,0.0,0.0,0.0,-3.5846653082954956,-3.5846653082954956
flat,single,0,off,0,1395,-4.350215031792171,278.0,0.7932602763175964,0.7579658031463623,1,-4.350215031792171,-4.350215031792171,1,0,off,0,0,0.0,0.0,0.0,0.0,0.0,0.0,0.0,0.0,0.0,0.0,0.0,-4.350215031792171,-4.350215031792171
flat,single,0,off,0,1396,-3.189643109103174,242.0,0.8144590258598328,0.7877557873725891,1,-3.189643109103174,-3.189643109103174,1,0,off,0,0,0.0,0.0,0.0,0.0,0.0,0.0,0.0,0.0,0.0,0.0,0.0,-3.189643109103174,-3.189643109103174
flat,single,0,off,0,1397,-3.0393204431969054,234.0,0.8050543069839478,0.774215817451477,1,-3.0393204431969054,-3.0393204431969054,1,0,off,0,0,0.0,0.0,0.0,0.0,0.0,0.0,0.0,0.0,0.0,0.0,0.0,-3.0393204431969054,-3.0393204431969054
flat,single,0,off,0,1398,-4.312507559124475,276.0,0.8248583674430847,0.7108073234558105,1,-4.312507559124475,-4.312507559124475,1,0,off,0,0,0.0,0.0,0.0,0.0,0.0,0.0,0.0,0.0,0.0,0.0,0.0,-4.312507559124475,-4.312507559124475
flat,single,0,off,0,1399,-4.235043210757418,275.0,0.8257137537002563,0.7863973379135132,1,-4.235043210757418,-4.235043210757418,1,0,off,0,0,0.0,0.0,0.0,0.0,0.0,0.0,0.0,0.0,0.0,0.0,0.0,-4.235043210757418,-4.235043210757418
flat,single,0,off,0,1400,-3.5108292910561305,250.0,0.8294240236282349,0.7677785158157349,1,-3.5108292910561305,-3.5108292910561305,1,0,off,0,0,0.0,0.0,0.0,0.0,0.0,0.0,0.0,0.0,0.0,0.0,0.0,-3.5108292910561305,-3.5108292910561305
flat,single,0,off,0,1401,-3.409753770823569,245.0,0.8059573769569397,0.7179409861564636,1,-3.409753770823569,-3.409753770823569,1,0,off,0,0,0.0,0.0,0.0,0.0,0.0,0.0,0.0,0.0,0.0,0.0,0.0,-3.409753770823569,-3.409753770823569
flat,single,0,off,0,1402,-3.532763348076233,249.0,0.7987040281295776,0.7179409861564636,1,-3.532763348076233,-3.532763348076233,1,0,off,0,0,0.0,0.0,0.0,0.0,0.0,0.0,0.0,0.0,0.0,0.0,0.0,-3.532763348076233,-3.532763348076233
flat,single,0,off,0,1403,-3.9725360848358644,265.0,0.8253693580627441,0.7060114145278931,1,-3.9725360848358644,-3.9725360848358644,1,0,off,0,0,0.0,0.0,0.0,0.0,0.0,0.0,0.0,0.0,0.0,0.0,0.0,-3.9725360848358644,-3.9725360848358644
flat,single,0,off,0,1404,-3.4219981314625807,246.0,0.8208163380622864,0.7956703901290894,1,-3.4219981314625807,-3.4219981314625807,1,0,off,0,0,0.0,0.0,0.0,0.0,0.0,0.0,0.0,0.0,0.0,0.0,0.0,-3.4219981314625807,-3.4219981314625807
flat,single,0,off,0,1405,-3.0734314029465746,236.0,0.8145211338996887,0.7824116945266724,1,-3.0734314029465746,-3.0734314029465746,1,0,off,0,0,0.0,0.0,0.0,0.0,0.0,0.0,0.0,0.0,0.0,0.0,0.0,-3.0734314029465746,-3.0734314029465746
flat,single,0,off,0,1406,-3.4609087777416914,248.0,0.7920064926147461,0.7368783354759216,1,-3.4609087777416914,-3.4609087777416914,1,0,off,0,0,0.0,0.0,0.0,0.0,0.0,0.0,0.0,0.0,0.0,0.0,0.0,-3.4609087777416914,-3.4609087777416914
flat,single,0,off,0,1407,-4.1419560008274745,270.0,0.8428205847740173,0.7818243503570557,1,-4.1419560008274745,-4.1419560008274745,1,0,off,0,0,0.0,0.0,0.0,0.0,0.0,0.0,0.0,0.0,0.0,0.0,0.0,-4.1419560008274745,-4.1419560008274745
flat,single,0,off,0,1408,-4.061395004105274,269.0,0.8506770730018616,0.8179753422737122,1,-4.061395004105274,-4.061395004105274,1,0,off,0,0,0.0,0.0,0.0,0.0,0.0,0.0,0.0,0.0,0.0,0.0,0.0,-4.061395004105274,-4.061395004105274
flat,single,0,off,0,1409,-3.83799573838127,262.0,0.8094164729118347,0.754544198513031,1,-3.83799573838127,-3.83799573838127,1,0,off,0,0,0.0,0.0,0.0,0.0,0.0,0.0,0.0,0.0,0.0,0.0,0.0,-3.83799573838127,-3.83799573838127
flat,single,0,off,0,1410,-2.921075041405843,230.0,0.8033499121665955,0.7470993995666504,1,-2.921075041405843,-2.921075041405843,1,0,off,0,0,0.0,0.0,0.0,0.0,0.0,0.0,0.0,0.0,0.0,0.0,0.0,-2.921075041405843,-2.921075041405843
flat,single,0,off,0,1411,-5.406801227902164,300.0,0.8721402287483215,0.7416783571243286,0,-5.406801227902164,-5.406801227902164,1,0,off,0,0,0.0,0.0,0.0,0.0,0.0,0.0,0.0,0.0,0.0,0.0,0.0,-5.406801227902164,-5.406801227902164
flat,single,0,off,0,1412,-3.6902699620125174,256.0,0.8271089196205139,0.750344455242157,1,-3.6902699620125174,-3.6902699620125174,1,0,off,0,0,0.0,0.0,0.0,0.0,0.0,0.0,0.0,0.0,0.0,0.0,0.0,-3.6902699620125174,-3.6902699620125174
flat,single,0,off,0,1413,-3.6310608546179592,254.0,0.8203064203262329,0.7368783354759216,1,-3.6310608546179592,-3.6310608546179592,1,0,off,0,0,0.0,0.0,0.0,0.0,0.0,0.0,0.0,0.0,0.0,0.0,0.0,-3.6310608546179592,-3.6310608546179592
flat,single,0,off,0,1414,-3.6786953459132743,254.0,0.7886377573013306,0.7470993995666504,1,-3.6786953459132743,-3.6786953459132743,1,0,off,0,0,0.0,0.0,0.0,0.0,0.0,0.0,0.0,0.0,0.0,0.0,0.0,-3.6786953459132743,-3.6786953459132743
flat,single,0,off,0,1415,-3.4333002292201593,245.0,0.7919529676437378,0.7232506275177002,1,-3.4333002292201593,-3.4333002292201593,1,0,off,0,0,0.0,0.0,0.0,0.0,0.0,0.0,0.0,0.0,0.0,0.0,0.0,-3.4333002292201593,-3.4333002292201593
flat,single,0,off,0,1416,-2.7332095066597577,224.0,0.7951369881629944,0.754544198513031,1,-2.7332095066597577,-2.7332095066597577,1,0,off,0,0,0.0,0.0,0.0,0.0,0.0,0.0,0.0,0.0,0.0,0.0,0.0,-2.7332095066597577,-2.7332095066597577
flat,single,0,off,0,1417,-3.67917133533044,255.0,0.8075489401817322,0.7470993995666504,1,-3.67917133533044,-3.67917133533044,1,0,off,0,0,0.0,0.0,0.0,0.0,0.0,0.0,0.0,0.0,0.0,0.0,0.0,-3.67917133533044,-3.67917133533044
flat,single,0,off,0,1418,-3.0085682935232607,233.0,0.8059643507003784,0.7576594352722168,1,-3.0085682935232607,-3.0085682935232607,1,0,off,0,0,0.0,0.0,0.0,0.0,0.0,0.0,0.0,0.0,0.0,0.0,0.0,-3.0085682935232607,-3.0085682935232607
flat,single,0,off,0,1419,-5.477943530597256,300.0,0.8347489237785339,0.703495442867279,0,-5.477943530597256,-5.477943530597256,1,0,off,0,0,0.0,0.0,0.0,0.0,0.0,0.0,0.0,0.0,0.0,0.0,0.0,-5.477943530597256,-5.477943530597256
flat,single,0,off,0,1420,-3.0961184650019145,235.0,0.7968963980674744,0.7232506275177002,1,-3.0961184650019145,-3.0961184650019145,1,0,off,0,0,0.0,0.0,0.0,0.0,0.0,0.0,0.0,0.0,0.0,0.0,0.0,-3.0961184650019145,-3.0961184650019145
flat,single,0,off,0,1421,-3.3813599726196695,246.0,0.8323249816894531,0.780683696269989,1,-3.3813599726196695,-3.3813599726196695,1,0,off,0,0,0.0,0.0,0.0,0.0,0.0,0.0,0.0,0.0,0.0,0.0,0.0,-3.3813599726196695,-3.3813599726196695
flat,single,0,off,0,1422,-3.164793396919248,238.0,0.8038869500160217,0.761660099029541,1,-3.164793396919248,-3.164793396919248,1,0,off,0,0,0.0,0.0,0.0,0.0,0.0,0.0,0.0,0.0,0.0,0.0,0.0,-3.164793396919248,-3.164793396919248
flat,single,0,off,0,1423,-3.5817532637994502,252.0,0.801058828830719,0.7382266521453857,1,-3.5817532637994502,-3.5817532637994502,1,0,off,0,0,0.0,0.0,0.0,0.0,0.0,0.0,0.0,0.0,0.0,0.0,0.0,-3.5817532637994502,-3.5817532637994502
flat,single,0,off,0,1424,-3.5613513915752804,251.0,0.7968307137489319,0.754544198513031,1,-3.5613513915752804,-3.5613513915752804,1,0,off,0,0,0.0,0.0,0.0,0.0,0.0,0.0,0.0,0.0,0.0,0.0,0.0,-3.5613513915752804,-3.5613513915752804
flat,single,0,off,0,1425,-4.489548785712114,276.0,0.7861018776893616,0.7417936325073242,1,-4.489548785712114,-4.489548785712114,1,0,off,0,0,0.0,0.0,0.0,0.0,0.0,0.0,0.0,0.0,0.0,0.0,0.0,-4.489548785712114,-4.489548785712114
flat,single,0,off,0,1426,-5.878555519192035,300.0,0.7619450688362122,0.6531895399093628,0,-5.878555519192035,-5.878555519192035,1,0,off,0,0,0.0,0.0,0.0,0.0,0.0,0.0,0.0,0.0,0.0,0.0,0.0,-5.878555519192035,-5.878555519192035
flat,single,0,off,0,1427,-2.9065327460283714,229.0,0.7841079831123352,0.7295725345611572,1,-2.9065327460283714,-2.9065327460283714,1,0,off,0,0,0.0,0.0,0.0,0.0,0.0,0.0,0.0,0.0,0.0,0.0,0.0,-2.9065327460283714,-2.9065327460283714
flat,single,0,off,0,1428,-3.2580139366246126,243.0,0.8033008575439453,0.7576594352722168,1,-3.2580139366246126,-3.2580139366246126,1,0,off,0,0,0.0,0.0,0.0,0.0,0.0,0.0,0.0,0.0,0.0,0.0,0.0,-3.2580139366246126,-3.2580139366246126
flat,single,0,off,0,1429,-3.9237644123937656,263.0,0.8318878412246704,0.804924726486206,1,-3.9237644123937656,-3.9237644123937656,1,0,off,0,0,0.0,0.0,0.0,0.0,0.0,0.0,0.0,0.0,0.0,0.0,0.0,-3.9237644123937656,-3.9237644123937656
flat,single,0,off,0,1430,-4.327229187651514,277.0,0.8442763686180115,0.7870871424674988,1,-4.327229187651514,-4.327229187651514,1,0,off,0,0,0.0,0.0,0.0,0.0,0.0,0.0,0.0,0.0,0.0,0.0,0.0,-4.327229187651514,-4.327229187651514
flat,single,0,off,0,1431,-2.876503682343736,228.0,0.7969304323196411,0.7410153746604919,1,-2.876503682343736,-2.876503682343736,1,0,off,0,0,0.0,0.0,0.0,0.0,0.0,0.0,0.0,0.0,0.0,0.0,0.0,-2.876503682343736,-2.876503682343736
flat,single,0,off,0,1432,-7.385214598249907,300.0,0.6709243655204773,0.4258485734462738,0,-7.385214598249907,-7.385214598249907,1,0,off,0,0,0.0,0.0,0.0,0.0,0.0,0.0,0.0,0.0,0.0,0.0,0.0,-7.385214598249907,-7.385214598249907
flat,single,0,off,0,1433,-4.118194475979539,270.0,0.8134773969650269,0.7689886689186096,1,-4.118194475979539,-4.118194475979539,1,0,off,0,0,0.0,0.0,0.0,0.0,0.0,0.0,0.0,0.0,0.0,0.0,0.0,-4.118194475979539,-4.118194475979539
flat,single,0,off,0,1434,-3.6845433178136338,256.0,0.8012374043464661,0.7544940114021301,1,-3.6845433178136338,-3.6845433178136338,1,0,off,0,0,0.0,0.0,0.0,0.0,0.0,0.0,0.0,0.0,0.0,0.0,0.0,-3.6845433178136338,-3.6845433178136338
flat,single,0,off,0,1435,-3.230349632109261,241.0,0.7886005640029907,0.7470993995666504,1,-3.230349632109261,-3.230349632109261,1,0,off,0,0,0.0,0.0,0.0,0.0,0.0,0.0,0.0,0.0,0.0,0.0,0.0,-3.230349632109261,-3.230349632109261
flat,single,0,off,0,1436,-5.416766485449627,300.0,0.8292218446731567,0.7867667078971863,0,-5.416766485449627,-5.416766485449627,1,0,off,0,0,0.0,0.0,0.0,0.0,0.0,0.0,0.0,0.0,0.0,0.0,0.0,-5.416766485449627,-5.416766485449627
flat,single,0,off,0,1437,-3.7194671681674505,255.0,0.7900352478027344,0.7364097237586975,1,-3.7194671681674505,-3.7194671681674505,1,0,off,0,0,0.0,0.0,0.0,0.0,0.0,0.0,0.0,0.0,0.0,0.0,0.0,-3.7194671681674505,-3.7194671681674505
flat,single,0,off,0,1438,-2.8520800713018803,228.0,0.8022820353507996,0.7470993995666504,1,-2.8520800713018803,-2.8520800713018803,1,0,off,0,0,0.0,0.0,0.0,0.0,0.0,0.0,0.0,0.0,0.0,0.0,0.0,-2.8520800713018803,-2.8520800713018803
flat,single,0,off,0,1439,-4.049525730198928,268.0,0.830095648765564,0.7987866997718811,1,-4.049525730198928,-4.049525730198928,1,0,off,0,0,0.0,0.0,0.0,0.0,0.0,0.0,0.0,0.0,0.0,0.0,0.0,-4.049525730198928,-4.049525730198928
flat,single,0,off,0,1440,-4.226839054834548,274.0,0.8453329205513,0.7470993995666504,1,-4.226839054834548,-4.226839054834548,1,0,off,0,0,0.0,0.0,0.0,0.0,0.0,0.0,0.0,0.0,0.0,0.0,0.0,-4.226839054834548,-4.226839054834548
flat,single,0,off,0,1441,-3.1643816605058785,237.0,0.7879589200019836,0.7410153746604919,1,-3.1643816605058785,-3.1643816605058785,1,0,off,0,0,0.0,0.0,0.0,0.0,0.0,0.0,0.0,0.0,0.0,0.0,0.0,-3.1643816605058785,-3.1643816605058785
flat,single,0,off,0,1442,-4.583421721117326,285.0,0.8050215840339661,0.7801962494850159,1,-4.583421721117326,-4.583421721117326,1,0,off,0,0,0.0,0.0,0.0,0.0,0.0,0.0,0.0,0.0,0.0,0.0,0.0,-4.583421721117326,-4.583421721117326
flat,single,0,off,0,1443,-3.8026348530594003,259.0,0.8174031972885132,0.7689886689186096,1,-3.8026348530594003,-3.8026348530594003,1,0,off,0,0,0.0,0.0,0.0,0.0,0.0,0.0,0.0,0.0,0.0,0.0,0.0,-3.8026348530594003,-3.8026348530594003
flat,single,0,off,0,1444,-2.8400124171422543,227.0,0.7989587187767029,0.7689886689186096,1,-2.8400124171422543,-2.8400124171422543,1,0,off,0,0,0.0,0.0,0.0,0.0,0.0,0.0,0.0,0.0,0.0,0.0,0.0,-2.8400124171422543,-2.8400124171422543
flat,single,0,off,0,1445,-5.51616485872074,300.0,0.8188641667366028,0.7271590232849121,0,-5.51616485872074,-5.51616485872074,1,0,off,0,0,0.0,0.0,0.0,0.0,0.0,0.0,0.0,0.0,0.0,0.0,0.0,-5.51616485872074,-5.51616485872074
flat,single,0,off,0,1446,-2.895297542882599,229.0,0.7955082654953003,0.7245265245437622,1,-2.895297542882599,-2.895297542882599,1,0,off,0,0,0.0,0.0,0.0,0.0,0.0,0.0,0.0,0.0,0.0,0.0,0.0,-2.895297542882599,-2.895297542882599
flat,single,0,off,0,1447,-2.968845151937548,232.0,0.8066765666007996,0.7811338305473328,1,-2.968845151937548,-2.968845151937548,1,0,off,0,0,0.0,0.0,0.0,0.0,0.0,0.0,0.0,0.0,0.0,0.0,0.0,-2.968845151937548,-2.968845151937548
flat,single,0,off,0,1448,-4.428202455532722,281.0,0.8346700668334961,0.780683696269989,1,-4.428202455532722,-4.428202455532722,1,0,off,0,0,0.0,0.0,0.0,0.0,0.0,0.0,0.0,0.0,0.0,0.0,0.0,-4.428202455532722,-4.428202455532722
flat,single,0,off,0,1449,-3.7298776152799675,257.0,0.799416184425354,0.7667514681816101,1,-3.7298776152799675,-3.7298776152799675,1,0,off,0,0,0.0,0.0,0.0,0.0,0.0,0.0,0.0,0.0,0.0,0.0,0.0,-3.7298776152799675,-3.7298776152799675
flat,single,0,off,0,1450,-4.4024664657947,280.0,0.8324075937271118,0.8137233257293701,1,-4.4024664657947,-4.4024664657947,1,0,off,0,0,0.0,0.0,0.0,0.0,0.0,0.0,0.0,0.0,0.0,0.0,0.0,-4.4024664657947,-4.4024664657947
flat,single,0,off,0,1451,-2.98088471626745,233.0,0.8130150437355042,0.7710239887237549,1,-2.98088471626745,-2.98088471626745,1,0,off,0,0,0.0,0.0,0.0,0.0,0.0,0.0,0.0,0.0,0.0,0.0,0.0,-2.98088471626745,-2.98088471626745
flat,single,0,off,0,1452,-4.0173554417572195,266.0,0.787925660610199,0.7470993995666504,1,-4.0173554417572195,-4.0173554417572195,1,0,off,0,0,0.0,0.0,0.0,0.0,0.0,0.0,0.0,0.0,0.0,0.0,0.0,-4.0173554417572195,-4.0173554417572195
flat,single,0,off,0,1453,-3.0986973805480935,236.0,0.808332085609436,0.7677785158157349,1,-3.0986973805480935,-3.0986973805480935,1,0,off,0,0,0.0,0.0,0.0,0.0,0.0,0.0,0.0,0.0,0.0,0.0,0.0,-3.0986973805480935,-3.0986973805480935
flat,single,0,off,0,1454,-4.5379255181388,283.0,0.7822694778442383,0.7232506275177002,1,-4.5379255181388,-4.5379255181388,1,0,off,0,0,0.0,0.0,0.0,0.0,0.0,0.0,0.0,0.0,0.0,0.0,0.0,-4.5379255181388,-4.5379255181388
flat,single,0,off,0,1455,-3.160316224149412,238.0,0.8163280487060547,0.7926404476165771,1,-3.160316224149412,-3.160316224149412,1,0,off,0,0,0.0,0.0,0.0,0.0,0.0,0.0,0.0,0.0,0.0,0.0,0.0,-3.160316224149412,-3.160316224149412
flat,single,0,off,0,1456,-3.7487289495696157,259.0,0.8368811011314392,0.8138706684112549,1,-3.7487289495696157,-3.7487289495696157,1,0,off,0,0,0.0,0.0,0.0,0.0,0.0,0.0,0.0,0.0,0.0,0.0,0.0,-3.7487289495696157,-3.7487289495696157
flat,single,0,off,0,1457,-4.045183102036813,266.0,0.8114352822303772,0.7364096641540527,1,-4.045183102036813,-4.045183102036813,1,0,off,0,0,0.0,0.0,0.0,0.0,0.0,0.0,0.0,0.0,0.0,0.0,0.0,-4.045183102036813,-4.045183102036813
flat,single,0,off,0,1458,-3.627694013556441,254.0,0.8164795637130737,0.7470993995666504,1,-3.627694013556441,-3.627694013556441,1,0,off,0,0,0.0,0.0,0.0,0.0,0.0,0.0,0.0,0.0,0.0,0.0,0.0,-3.627694013556441,-3.627694013556441
flat,single,0,off,0,1459,-4.028712832935829,267.0,0.8352428674697876,0.7858616709709167,1,-4.028712832935829,-4.028712832935829,1,0,off,0,0,0.0,0.0,0.0,0.0,0.0,0.0,0.0,0.0,0.0,0.0,0.0,-4.028712832935829,-4.028712832935829
flat,single,0,off,0,1460,-3.1242622744326836,238.0,0.8116289973258972,0.796438992023468,1,-3.1242622744326836,-3.1242622744326836,1,0,off,0,0,0.0,0.0,0.0,0.0,0.0,0.0,0.0,0.0,0.0,0.0,0.0,-3.1242622744326836,-3.1242622744326836
flat,single,0,off,0,1461,-2.9242161773028617,230.0,0.7950280904769897,0.7576594352722168,1,-2.9242161773028617,-2.9242161773028617,1,0,off,0,0,0.0,0.0,0.0,0.0,0.0,0.0,0.0,0.0,0.0,0.0,0.0,-2.9242161773028617,-2.9242161773028617
flat,single,0,off,0,1462,-2.842327093805627,226.0,0.7913947701454163,0.7576398253440857,1,-2.842327093805627,-2.842327093805627,1,0,off,0,0,0.0,0.0,0.0,0.0,0.0,0.0,0.0,0.0,0.0,0.0,0.0,-2.842327093805627,-2.842327093805627
flat,single,0,off,0,1463,-3.4472524184756663,247.0,0.7927719950675964,0.7452986240386963,1,-3.4472524184756663,-3.4472524184756663,1,0,off,0,0,0.0,0.0,0.0,0.0,0.0,0.0,0.0,0.0,0.0,0.0,0.0,-3.4472524184756663,-3.4472524184756663
flat,single,0,off,0,1464,-2.7272024439670894,222.0,0.7876208424568176,0.7060114145278931,1,-2.7272024439670894,-2.7272024439670894,1,0,off,0,0,0.0,0.0,0.0,0.0,0.0,0.0,0.0,0.0,0.0,0.0,0.0,-2.7272024439670894,-2.7272024439670894
flat,single,0,off,0,1465,-2.861003690152415,228.0,0.8076578974723816,0.7576594352722168,1,-2.861003690152415,-2.861003690152415,1,0,off,0,0,0.0,0.0,0.0,0.0,0.0,0.0,0.0,0.0,0.0,0.0,0.0,-2.861003690152415,-2.861003690152415
flat,single,0,off,0,1466,-3.5631718521751305,254.0,0.8378055691719055,0.780683696269989,1,-3.5631718521751305,-3.5631718521751305,1,0,off,0,0,0.0,0.0,0.0,0.0,0.0,0.0,0.0,0.0,0.0,0.0,0.0,-3.5631718521751305,-3.5631718521751305
flat,single,0,off,0,1467,-2.556037402393983,217.0,0.791934609413147,0.7368783354759216,1,-2.556037402393983,-2.556037402393983,1,0,off,0,0,0.0,0.0,0.0,0.0,0.0,0.0,0.0,0.0,0.0,0.0,0.0,-2.556037402393983,-2.556037402393983
flat,single,0,off,0,1468,-3.801491318891043,258.0,0.7820452451705933,0.701855480670929,1,-3.801491318891043,-3.801491318891043,1,0,off,0,0,0.0,0.0,0.0,0.0,0.0,0.0,0.0,0.0,0.0,0.0,0.0,-3.801491318891043,-3.801491318891043
flat,single,0,off,0,1469,-3.4125555316218956,245.0,0.8117918968200684,0.7576398253440857,1,-3.4125555316218956,-3.4125555316218956,1,0,off,0,0,0.0,0.0,0.0,0.0,0.0,0.0,0.0,0.0,0.0,0.0,0.0,-3.4125555316218956,-3.4125555316218956
flat,single,0,off,0,1470,-3.1794649488094455,238.0,0.8013567328453064,0.7179409861564636,1,-3.1794649488094455,-3.1794649488094455,1,0,off,0,0,0.0,0.0,0.0,0.0,0.0,0.0,0.0,0.0,0.0,0.0,0.0,-3.1794649488094455,-3.1794649488094455
flat,single,0,off,0,1471,-3.899451883753046,264.0,0.8162685632705688,0.786421537399292,1,-3.899451883753046,-3.899451883753046,1,0,off,0,0,0.0,0.0,0.0,0.0,0.0,0.0,0.0,0.0,0.0,0.0,0.0,-3.899451883753046,-3.899451883753046
flat,single,0,off,0,1472,-3.0461292099847777,235.0,0.8115435838699341,0.7811338305473328,1,-3.0461292099847777,-3.0461292099847777,1,0,off,0,0,0.0,0.0,0.0,0.0,0.0,0.0,0.0,0.0,0.0,0.0,0.0,-3.0461292099847777,-3.0461292099847777
flat,single,0,off,0,1473,-4.598807243724574,286.0,0.8504475355148315,0.7470993995666504,1,-4.598807243724574,-4.598807243724574,1,0,off,0,0,0.0,0.0,0.0,0.0,0.0,0.0,0.0,0.0,0.0,0.0,0.0,-4.598807243724574,-4.598807243724574
flat,single,0,off,0,1474,-3.1568162617890425,238.0,0.8219664692878723,0.7689886689186096,1,-3.1568162617890425,-3.1568162617890425,1,0,off,0,0,0.0,0.0,0.0,0.0,0.0,0.0,0.0,0.0,0.0,0.0,0.0,-3.1568162617890425,-3.1568162617890425
flat,single,0,off,0,1475,-3.3178399409365134,242.0,0.7916198372840881,0.7576398253440857,1,-3.3178399409365134,-3.3178399409365134,1,0,off,0,0,0.0,0.0,0.0,0.0,0.0,0.0,0.0,0.0,0.0,0.0,0.0,-3.3178399409365134,-3.3178399409365134
flat,single,0,off,0,1476,-4.227236932227364,272.0,0.8116592168807983,0.7470993995666504,1,-4.227236932227364,-4.227236932227364,1,0,off,0,0,0.0,0.0,0.0,0.0,0.0,0.0,0.0,0.0,0.0,0.0,0.0,-4.227236932227364,-4.227236932227364
flat,single,0,off,0,1477,-2.636498578187297,218.0,0.7928348779678345,0.7179409861564636,1,-2.636498578187297,-2.636498578187297,1,0,off,0,0,0.0,0.0,0.0,0.0,0.0,0.0,0.0,0.0,0.0,0.0,0.0,-2.636498578187297,-2.636498578187297
flat,single,0,off,0,1478,-2.7797914886427795,224.0,0.799843430519104,0.7470993995666504,1,-2.7797914886427795,-2.7797914886427795,1,0,off,0,0,0.0,0.0,0.0,0.0,0.0,0.0,0.0,0.0,0.0,0.0,0.0,-2.7797914886427795,-2.7797914886427795
flat,single,0,off,0,1479,-4.341182237488663,278.0,0.826747477054596,0.7547546625137329,1,-4.341182237488663,-4.341182237488663,1,0,off,0,0,0.0,0.0,0.0,0.0,0.0,0.0,0.0,0.0,0.0,0.0,0.0,-4.341182237488663,-4.341182237488663
flat,single,0,off,0,1480,-4.389094183659172,276.0,0.8145984411239624,0.7731971144676208,1,-4.389094183659172,-4.389094183659172,1,0,off,0,0,0.0,0.0,0.0,0.0,0.0,0.0,0.0,0.0,0.0,0.0,0.0,-4.389094183659172,-4.389094183659172
flat,single,0,off,0,1481,-3.3737147004494705,243.0,0.7767672538757324,0.7368783354759216,1,-3.3737147004494705,-3.3737147004494705,1,0,off,0,0,0.0,0.0,0.0,0.0,0.0,0.0,0.0,0.0,0.0,0.0,0.0,-3.3737147004494705,-3.3737147004494705
flat,single,0,off,0,1482,-3.205640072525684,239.0,0.7964875102043152,0.7576398253440857,1,-3.205640072525684,-3.205640072525684,1,0,off,0,0,0.0,0.0,0.0,0.0,0.0,0.0,0.0,0.0,0.0,0.0,0.0,-3.205640072525684,-3.205640072525684
flat,single,0,off,0,1483,-2.697985173106402,222.0,0.7914100885391235,0.7410153746604919,1,-2.697985173106402,-2.697985173106402,1,0,off,0,0,0.0,0.0,0.0,0.0,0.0,0.0,0.0,0.0,0.0,0.0,0.0,-2.697985173106402,-2.697985173106402
flat,single,0,off,0,1484,-3.0626395293022384,233.0,0.8014014363288879,0.7470993995666504,1,-3.0626395293022384,-3.0626395293022384,1,0,off,0,0,0.0,0.0,0.0,0.0,0.0,0.0,0.0,0.0,0.0,0.0,0.0,-3.0626395293022384,-3.0626395293022384
flat,single,0,off,0,1485,-5.399652399957984,300.0,0.8743405342102051,0.8085922598838806,0,-5.399652399957984,-5.399652399957984,1,0,off,0,0,0.0,0.0,0.0,0.0,0.0,0.0,0.0,0.0,0.0,0.0,0.0,-5.399652399957984,-5.399652399957984
flat,single,0,off,0,1486,-4.139565608501419,272.0,0.8278817534446716,0.7710239887237549,1,-4.139565608501419,-4.139565608501419,1,0,off,0,0,0.0,0.0,0.0,0.0,0.0,0.0,0.0,0.0,0.0,0.0,0.0,-4.139565608501419,-4.139565608501419
flat,single,0,off,0,1487,-3.066521165012361,234.0,0.7918506264686584,0.7179409861564636,1,-3.066521165012361,-3.066521165012361,1,0,off,0,0,0.0,0.0,0.0,0.0,0.0,0.0,0.0,0.0,0.0,0.0,0.0,-3.066521165012361,-3.066521165012361
flat,single,0,off,0,1488,-4.1244581516727115,271.0,0.8268532156944275,0.7863973379135132,1,-4.1244581516727115,-4.1244581516727115,1,0,off,0,0,0.0,0.0,0.0,0.0,0.0,0.0,0.0,0.0,0.0,0.0,0.0,-4.1244581516727115,-4.1244581516727115
flat,single,0,off,0,1489,-4.1123217918118495,272.0,0.812489926815033,0.7470993995666504,1,-4.1123217918118495,-4.1123217918118495,1,0,off,0,0,0.0,0.0,0.0,0.0,0.0,0.0,0.0,0.0,0.0,0.0,0.0,-4.1123217918118495,-4.1123217918118495
flat,single,0,off,0,1490,-2.775394715042764,225.0,0.7995999455451965,0.7368783354759216,1,-2.775394715042764,-2.775394715042764,1,0,off,0,0,0.0,0.0,0.0,0.0,0.0,0.0,0.0,0.0,0.0,0.0,0.0,-2.775394715042764,-2.775394715042764
flat,single,0,off,0,1491,-4.284858393699394,276.0,0.810303270816803,0.7835186719894409,1,-4.284858393699394,-4.284858393699394,1,0,off,0,0,0.0,0.0,0.0,0.0,0.0,0.0,0.0,0.0,0.0,0.0,0.0,-4.284858393699394,-4.284858393699394
flat,single,0,off,0,1492,-4.012435430679449,266.0,0.823835015296936,0.7677785158157349,1,-4.012435430679449,-4.012435430679449,1,0,off,0,0,0.0,0.0,0.0,0.0,0.0,0.0,0.0,0.0,0.0,0.0,0.0,-4.012435430679449,-4.012435430679449
flat,single,0,off,0,1493,-2.579942534518178,218.0,0.782720685005188,0.7368783354759216,1,-2.579942534518178,-2.579942534518178,1,0,off,0,0,0.0,0.0,0.0,0.0,0.0,0.0,0.0,0.0,0.0,0.0,0.0,-2.579942534518178,-2.579942534518178
flat,single,0,off,0,1494,-2.709314474216645,223.0,0.7977830767631531,0.7689886689186096,1,-2.709314474216645,-2.709314474216645,1,0,off,0,0,0.0,0.0,0.0,0.0,0.0,0.0,0.0,0.0,0.0,0.0,0.0,-2.709314474216645,-2.709314474216645
flat,single,0,off,0,1495,-5.80861543547362,300.0,0.8183652758598328,0.736079216003418,0,-5.80861543547362,-5.80861543547362,1,0,off,0,0,0.0,0.0,0.0,0.0,0.0,0.0,0.0,0.0,0.0,0.0,0.0,-5.80861543547362,-5.80861543547362
flat,single,0,off,0,1496,-4.538397353512104,285.0,0.8609112501144409,0.8221202492713928,1,-4.538397353512104,-4.538397353512104,1,0,off,0,0,0.0,0.0,0.0,0.0,0.0,0.0,0.0,0.0,0.0,0.0,0.0,-4.538397353512104,-4.538397353512104
flat,single,0,off,0,1497,-3.315011715055418,244.0,0.8128455281257629,0.7710239887237549,1,-3.315011715055418,-3.315011715055418,1,0,off,0,0,0.0,0.0,0.0,0.0,0.0,0.0,0.0,0.0,0.0,0.0,0.0,-3.315011715055418,-3.315011715055418
flat,single,0,off,0,1498,-2.300658552825903,210.0,0.7819544672966003,0.754544198513031,1,-2.300658552825903,-2.300658552825903,1,0,off,0,0,0.0,0.0,0.0,0.0,0.0,0.0,0.0,0.0,0.0,0.0,0.0,-2.300658552825903,-2.300658552825903
flat,single,0,off,0,1499,-2.4435086494765628,214.0,0.7887309193611145,0.7368783354759216,1,-2.4435086494765628,-2.4435086494765628,1,0,off,0,0,0.0,0.0,0.0,0.0,0.0,0.0,0.0,0.0,0.0,0.0,0.0,-2.4435086494765628,-2.4435086494765628
flat,single,0,off,0,1500,-4.415134304527892,279.0,0.8114529848098755,0.7867667078971863,1,-4.415134304527892,-4.415134304527892,1,0,off,0,0,0.0,0.0,0.0,0.0,0.0,0.0,0.0,0.0,0.0,0.0,0.0,-4.415134304527892,-4.415134304527892
flat,single,0,off,0,1501,-2.8662163231905837,228.0,0.7910069227218628,0.7470993995666504,1,-2.8662163231905837,-2.8662163231905837,1,0,off,0,0,0.0,0.0,0.0,0.0,0.0,0.0,0.0,0.0,0.0,0.0,0.0,-2.8662163231905837,-2.8662163231905837
flat,single,0,off,0,1502,-4.431311522003969,279.0,0.8124157190322876,0.7497185468673706,1,-4.431311522003969,-4.431311522003969,1,0,off,0,0,0.0,0.0,0.0,0.0,0.0,0.0,0.0,0.0,0.0,0.0,0.0,-4.431311522003969,-4.431311522003969
flat,single,0,off,0,1503,-2.755301160311773,224.0,0.8010362386703491,0.7470993995666504,1,-2.755301160311773,-2.755301160311773,1,0,off,0,0,0.0,0.0,0.0,0.0,0.0,0.0,0.0,0.0,0.0,0.0,0.0,-2.755301160311773,-2.755301160311773
flat,single,0,off,0,1504,-4.370368212701272,281.0,0.8261606097221375,0.7867667078971863,1,-4.370368212701272,-4.370368212701272,1,0,off,0,0,0.0,0.0,0.0,0.0,0.0,0.0,0.0,0.0,0.0,0.0,0.0,-4.370368212701272,-4.370368212701272
flat,single,0,off,0,1505,-4.410759060311812,280.0,0.8334110379219055,0.7991448044776917,1,-4.410759060311812,-4.410759060311812,1,0,off,0,0,0.0,0.0,0.0,0.0,0.0,0.0,0.0,0.0,0.0,0.0,0.0,-4.410759060311812,-4.410759060311812
flat,single,0,off,0,1506,-4.105877725603058,268.0,0.8076616525650024,0.754544198513031,1,-4.105877725603058,-4.105877725603058,1,0,off,0,0,0.0,0.0,0.0,0.0,0.0,0.0,0.0,0.0,0.0,0.0,0.0,-4.105877725603058,-4.105877725603058
flat,single,0,off,0,1507,-2.7977663003944144,224.0,0.7848114371299744,0.7368783354759216,1,-2.7977663003944144,-2.7977663003944144,1,0,off,0,0,0.0,0.0,0.0,0.0,0.0,0.0,0.0,0.0,0.0,0.0,0.0,-2.7977663003944144,-2.7977663003944144
flat,single,0,off,0,1508,-5.678339953371335,300.0,0.7694737315177917,0.3683831989765167,0,-5.678339953371335,-5.678339953371335,1,0,off,0,0,0.0,0.0,0.0,0.0,0.0,0.0,0.0,0.0,0.0,0.0,0.0,-5.678339953371335,-5.678339953371335
flat,single,0,off,0,1509,-2.776626689091772,225.0,0.8016613125801086,0.7470993995666504,1,-2.776626689091772,-2.776626689091772,1,0,off,0,0,0.0,0.0,0.0,0.0,0.0,0.0,0.0,0.0,0.0,0.0,0.0,-2.776626689091772,-2.776626689091772
flat,single,0,off,0,1510,-2.8158369125274296,225.0,0.7806320786476135,0.7206323742866516,1,-2.8158369125274296,-2.8158369125274296,1,0,off,0,0,0.0,0.0,0.0,0.0,0.0,0.0,0.0,0.0,0.0,0.0,0.0,-2.8158369125274296,-2.8158369125274296
flat,single,0,off,0,1511,-4.910319237073987,298.0,0.8629969358444214,0.7855085730552673,1,-4.910319237073987,-4.910319237073987,1,0,off,0,0,0.0,0.0,0.0,0.0,0.0,0.0,0.0,0.0,0.0,0.0,0.0,-4.910319237073987,-4.910319237073987
flat,single,0,off,0,1512,-7.061312686320183,300.0,0.6906372308731079,0.25371167063713074,0,-7.061312686320183,-7.061312686320183,1,0,off,0,0,0.0,0.0,0.0,0.0,0.0,0.0,0.0,0.0,0.0,0.0,0.0,-7.061312686320183,-7.061312686320183
flat,single,0,off,0,1513,-2.866805037717552,226.0,0.8002272844314575,0.7179409861564636,1,-2.866805037717552,-2.866805037717552,1,0,off,0,0,0.0,0.0,0.0,0.0,0.0,0.0,0.0,0.0,0.0,0.0,0.0,-2.866805037717552,-2.866805037717552
flat,single,0,off,0,1514,-3.12042355983865,235.0,0.7884363532066345,0.7232506275177002,1,-3.12042355983865,-3.12042355983865,1,0,off,0,0,0.0,0.0,0.0,0.0,0.0,0.0,0.0,0.0,0.0,0.0,0.0,-3.12042355983865,-3.12042355983865
flat,single,0,off,0,1515,-3.2034476226242012,239.0,0.7963722348213196,0.7443647980690002,1,-3.2034476226242012,-3.2034476226242012,1,0,off,0,0,0.0,0.0,0.0,0.0,0.0,0.0,0.0,0.0,0.0,0.0,0.0,-3.2034476226242012,-3.2034476226242012
flat,single,0,off,0,1516,-3.1556330184358896,237.0,0.7959751486778259,0.7232506275177002,1,-3.1556330184358896,-3.1556330184358896,1,0,off,0,0,0.0,0.0,0.0,0.0,0.0,0.0,0.0,0.0,0.0,0.0,0.0,-3.1556330184358896,-3.1556330184358896
flat,single,0,off,0,1517,-3.096769941237274,235.0,0.8067061305046082,0.7470993995666504,1,-3.096769941237274,-3.096769941237274,1,0,off,0,0,0.0,0.0,0.0,0.0,0.0,0.0,0.0,0.0,0.0,0.0,0.0,-3.096769941237274,-3.096769941237274
flat,single,0,off,0,1518,-4.108571155612577,269.0,0.8041041493415833,0.7576594352722168,1,-4.108571155612577,-4.108571155612577,1,0,off,0,0,0.0,0.0,0.0,0.0,0.0,0.0,0.0,0.0,0.0,0.0,0.0,-4.108571155612577,-4.108571155612577
flat,single,0,off,0,1519,-5.1858744621917126,300.0,0.8069781064987183,0.7251715660095215,1,-5.1858744621917126,-5.1858744621917126,1,0,off,0,0,0.0,0.0,0.0,0.0,0.0,0.0,0.0,0.0,0.0,0.0,0.0,-5.1858744621917126,-5.1858744621917126
flat,single,0,off,0,1520,-3.196325321448948,240.0,0.8220319747924805,0.796438992023468,1,-3.196325321448948,-3.196325321448948,1,0,off,0,0,0.0,0.0,0.0,0.0,0.0,0.0,0.0,0.0,0.0,0.0,0.0,-3.196325321448948,-3.196325321448948
flat,single,0,off,0,1521,-3.4778392352408,246.0,0.7922598719596863,0.70052570104599,1,-3.4778392352408,-3.4778392352408,1,0,off,0,0,0.0,0.0,0.0,0.0,0.0,0.0,0.0,0.0,0.0,0.0,0.0,-3.4778392352408,-3.4778392352408
flat,single,0,off,0,1522,-3.3500060122075817,242.0,0.7864369750022888,0.7206323742866516,1,-3.3500060122075817,-3.3500060122075817,1,0,off,0,0,0.0,0.0,0.0,0.0,0.0,0.0,0.0,0.0,0.0,0.0,0.0,-3.3500060122075817,-3.3500060122075817
flat,single,0,off,0,1523,-3.5006674437550567,250.0,0.8263247609138489,0.761339545249939,1,-3.5006674437550567,-3.5006674437550567,1,0,off,0,0,0.0,0.0,0.0,0.0,0.0,0.0,0.0,0.0,0.0,0.0,0.0,-3.5006674437550567,-3.5006674437550567
flat,single,0,off,0,1524,-3.5376914917840354,250.0,0.8117643594741821,0.7470993995666504,1,-3.5376914917840354,-3.5376914917840354,1,0,off,0,0,0.0,0.0,0.0,0.0,0.0,0.0,0.0,0.0,0.0,0.0,0.0,-3.5376914917840354,-3.5376914917840354
flat,single,0,off,0,1525,-4.954125334098921,298.0,0.8698529005050659,0.8201320171356201,1,-4.954125334098921,-4.954125334098921,1,0,off,0,0,0.0,0.0,0.0,0.0,0.0,0.0,0.0,0.0,0.0,0.0,0.0,-4.954125334098921,-4.954125334098921
flat,single,0,off,0,1526,-5.445286686182976,300.0,0.8209962248802185,0.7246177792549133,0,-5.445286686182976,-5.445286686182976,1,0,off,0,0,0.0,0.0,0.0,0.0,0.0,0.0,0.0,0.0,0.0,0.0,0.0,-5.445286686182976,-5.445286686182976
flat,single,0,off,0,1527,-3.630550842864884,254.0,0.8194289803504944,0.7576594352722168,1,-3.630550842864884,-3.630550842864884,1,0,off,0,0,0.0,0.0,0.0,0.0,0.0,0.0,0.0,0.0,0.0,0.0,0.0,-3.630550842864884,-3.630550842864884
flat,single,0,off,0,1528,-7.216905267338761,300.0,0.6330822706222534,0.2513526678085327,0,-7.216905267338761,-7.216905267338761,1,0,off,0,0,0.0,0.0,0.0,0.0,0.0,0.0,0.0,0.0,0.0,0.0,0.0,-7.216905267338761,-7.216905267338761
flat,single,0,off,0,1529,-5.425405780872089,300.0,0.8669625520706177,0.6887009143829346,0,-5.425405780872089,-5.425405780872089,1,0,off,0,0,0.0,0.0,0.0,0.0,0.0,0.0,0.0,0.0,0.0,0.0,0.0,-5.425405780872089,-5.425405780872089
flat,single,0,off,0,1530,-4.122689193771209,269.0,0.8115886449813843,0.7267683148384094,1,-4.122689193771209,-4.122689193771209,1,0,off,0,0,0.0,0.0,0.0,0.0,0.0,0.0,0.0,0.0,0.0,0.0,0.0,-4.122689193771209,-4.122689193771209
flat,single,0,off,0,1531,-3.4543492385046326,248.0,0.818632960319519,0.7470993995666504,1,-3.4543492385046326,-3.4543492385046326,1,0,off,0,0,0.0,0.0,0.0,0.0,0.0,0.0,0.0,0.0,0.0,0.0,0.0,-3.4543492385046326,-3.4543492385046326
flat,single,0,off,0,1532,-3.6331921856896745,254.0,0.8138530850410461,0.7774750590324402,1,-3.6331921856896745,-3.6331921856896745,1,0,off,0,0,0.0,0.0,0.0,0.0,0.0,0.0,0.0,0.0,0.0,0.0,0.0,-3.6331921856896745,-3.6331921856896745
flat,single,0,off,0,1533,-2.8965504983370094,229.0,0.8122431635856628,0.7576594352722168,1,-2.8965504983370094,-2.8965504983370094,1,0,off,0,0,0.0,0.0,0.0,0.0,0.0,0.0,0.0,0.0,0.0,0.0,0.0,-2.8965504983370094,-2.8965504983370094
flat,single,0,off,0,1534,-2.411925305958135,212.0,0.7699657678604126,0.7179409861564636,1,-2.411925305958135,-2.411925305958135,1,0,off,0,0,0.0,0.0,0.0,0.0,0.0,0.0,0.0,0.0,0.0,0.0,0.0,-2.411925305958135,-2.411925305958135
flat,single,0,off,0,1535,-3.199438610228219,238.0,0.7911959290504456,0.7470993995666504,1,-3.199438610228219,-3.199438610228219,1,0,off,0,0,0.0,0.0,0.0,0.0,0.0,0.0,0.0,0.0,0.0,0.0,0.0,-3.199438610228219,-3.199438610228219
flat,single,0,off,0,1536,-2.302924092211739,209.0,0.7766152024269104,0.7364097237586975,1,-2.302924092211739,-2.302924092211739,1,0,off,0,0,0.0,0.0,0.0,0.0,0.0,0.0,0.0,0.0,0.0,0.0,0.0,-2.302924092211739,-2.302924092211739
flat,single,0,off,0,1537,-3.3692372055258435,245.0,0.8210424184799194,0.7623991966247559,1,-3.3692372055258435,-3.3692372055258435,1,0,off,0,0,0.0,0.0,0.0,0.0,0.0,0.0,0.0,0.0,0.0,0.0,0.0,-3.3692372055258435,-3.3692372055258435
flat,single,0,off,0,1538,-3.388190998656192,246.0,0.8162926435470581,0.7470993995666504,1,-3.388190998656192,-3.388190998656192,1,0,off,0,0,0.0,0.0,0.0,0.0,0.0,0.0,0.0,0.0,0.0,0.0,0.0,-3.388190998656192,-3.388190998656192
flat,single,0,off,0,1539,-3.2805774870933764,242.0,0.8162546753883362,0.7811338305473328,1,-3.2805774870933764,-3.2805774870933764,1,0,off,0,0,0.0,0.0,0.0,0.0,0.0,0.0,0.0,0.0,0.0,0.0,0.0,-3.2805774870933764,-3.2805774870933764
flat,single,0,off,0,1540,-2.5905764222598977,219.0,0.7987377047538757,0.7731971144676208,1,-2.5905764222598977,-2.5905764222598977,1,0,off,0,0,0.0,0.0,0.0,0.0,0.0,0.0,0.0,0.0,0.0,0.0,0.0,-2.5905764222598977,-2.5905764222598977
flat,single,0,off,0,1541,-3.377935523770272,243.0,0.7775565981864929,0.7179409861564636,1,-3.377935523770272,-3.377935523770272,1,0,off,0,0,0.0,0.0,0.0,0.0,0.0,0.0,0.0,0.0,0.0,0.0,0.0,-3.377935523770272,-3.377935523770272
flat,single,0,off,0,1542,-3.3319033339374906,244.0,0.7980347871780396,0.74996417760849,1,-3.3319033339374906,-3.3319033339374906,1,0,off,0,0,0.0,0.0,0.0,0.0,0.0,0.0,0.0,0.0,0.0,0.0,0.0,-3.3319033339374906,-3.3319033339374906
flat,single,0,off,0,1543,-3.481920642405727,250.0,0.7903724312782288,0.7179409861564636,1,-3.481920642405727,-3.481920642405727,1,0,off,0,0,0.0,0.0,0.0,0.0,0.0,0.0,0.0,0.0,0.0,0.0,0.0,-3.481920642405727,-3.481920642405727
flat,single,0,off,0,1544,-3.7163000982568795,257.0,0.8063473105430603,0.7576594352722168,1,-3.7163000982568795,-3.7163000982568795,1,0,off,0,0,0.0,0.0,0.0,0.0,0.0,0.0,0.0,0.0,0.0,0.0,0.0,-3.7163000982568795,-3.7163000982568795
flat,single,0,off,0,1545,-4.396114049969477,276.0,0.7848997712135315,0.7631852626800537,1,-4.396114049969477,-4.396114049969477,1,0,off,0,0,0.0,0.0,0.0,0.0,0.0,0.0,0.0,0.0,0.0,0.0,0.0,-4.396114049969477,-4.396114049969477
flat,single,0,off,0,1546,-3.6167264021222776,254.0,0.8400764465332031,0.7812246680259705,1,-3.6167264021222776,-3.6167264021222776,1,0,off,0,0,0.0,0.0,0.0,0.0,0.0,0.0,0.0,0.0,0.0,0.0,0.0,-3.6167264021222776,-3.6167264021222776
flat,single,0,off,0,1547,-3.1673625415516784,238.0,0.7945321202278137,0.7430217266082764,1,-3.1673625415516784,-3.1673625415516784,1,0,off,0,0,0.0,0.0,0.0,0.0,0.0,0.0,0.0,0.0,0.0,0.0,0.0,-3.1673625415516784,-3.1673625415516784
flat,single,0,off,0,1548,-6.319494603655787,300.0,0.7002245187759399,0.20000000298023224,0,-6.319494603655787,-6.319494603655787,1,0,off,0,0,0.0,0.0,0.0,0.0,0.0,0.0,0.0,0.0,0.0,0.0,0.0,-6.319494603655787,-6.319494603655787
flat,single,0,off,0,1549,-2.961302258296614,231.0,0.7989169955253601,0.7558020353317261,1,-2.961302258296614,-2.961302258296614,1,0,off,0,0,0.0,0.0,0.0,0.0,0.0,0.0,0.0,0.0,0.0,0.0,0.0,-2.961302258296614,-2.961302258296614
flat,single,0,off,0,1550,-3.207214096006923,239.0,0.8162810206413269,0.7470993995666504,1,-3.207214096006923,-3.207214096006923,1,0,off,0,0,0.0,0.0,0.0,0.0,0.0,0.0,0.0,0.0,0.0,0.0,0.0,-3.207214096006923,-3.207214096006923
flat,single,0,off,0,1551,-2.5798654624237503,218.0,0.782599151134491,0.7179409861564636,1,-2.5798654624237503,-2.5798654624237503,1,0,off,0,0,0.0,0.0,0.0,0.0,0.0,0.0,0.0,0.0,0.0,0.0,0.0,-2.5798654624237503,-2.5798654624237503
flat,single,0,off,0,1552,-3.211844196803851,239.0,0.8037758469581604,0.7410153746604919,1,-3.211844196803851,-3.211844196803851,1,0,off,0,0,0.0,0.0,0.0,0.0,0.0,0.0,0.0,0.0,0.0,0.0,0.0,-3.211844196803851,-3.211844196803851
flat,single,0,off,0,1553,-2.9171199677267357,229.0,0.7989826798439026,0.754544198513031,1,-2.9171199677267357,-2.9171199677267357,1,0,off,0,0,0.0,0.0,0.0,0.0,0.0,0.0,0.0,0.0,0.0,0.0,0.0,-2.9171199677267357,-2.9171199677267357
flat,single,0,off,0,1554,-3.4687220355809876,247.0,0.7814784646034241,0.7517039775848389,1,-3.4687220355809876,-3.4687220355809876,1,0,off,0,0,0.0,0.0,0.0,0.0,0.0,0.0,0.0,0.0,0.0,0.0,0.0,-3.4687220355809876,-3.4687220355809876
flat,single,0,off,0,1555,-3.7678998363925826,257.0,0.7951475977897644,0.7656225562095642,1,-3.7678998363925826,-3.7678998363925826,1,0,off,0,0,0.0,0.0,0.0,0.0,0.0,0.0,0.0,0.0,0.0,0.0,0.0,-3.7678998363925826,-3.7678998363925826
flat,single,0,off,0,1556,-3.743015414985109,257.0,0.8277216553688049,0.7776991724967957,1,-3.743015414985109,-3.743015414985109,1,0,off,0,0,0.0,0.0,0.0,0.0,0.0,0.0,0.0,0.0,0.0,0.0,0.0,-3.743015414985109,-3.743015414985109
flat,single,0,off,0,1557,-3.7586945111013312,257.0,0.7950040102005005,0.7179409861564636,1,-3.7586945111013312,-3.7586945111013312,1,0,off,0,0,0.0,0.0,0.0,0.0,0.0,0.0,0.0,0.0,0.0,0.0,0.0,-3.7586945111013312,-3.7586945111013312
flat,single,0,off,0,1558,-2.3428299743740184,210.0,0.7801879048347473,0.7410153746604919,1,-2.3428299743740184,-2.3428299743740184,1,0,off,0,0,0.0,0.0,0.0,0.0,0.0,0.0,0.0,0.0,0.0,0.0,0.0,-2.3428299743740184,-2.3428299743740184
flat,single,0,off,0,1559,-4.285713692586868,276.0,0.8144097924232483,0.774215817451477,1,-4.285713692586868,-4.285713692586868,1,0,off,0,0,0.0,0.0,0.0,0.0,0.0,0.0,0.0,0.0,0.0,0.0,0.0,-4.285713692586868,-4.285713692586868
flat,single,0,off,0,1560,-2.8615560972527523,229.0,0.809351921081543,0.7858616709709167,1,-2.8615560972527523,-2.8615560972527523,1,0,off,0,0,0.0,0.0,0.0,0.0,0.0,0.0,0.0,0.0,0.0,0.0,0.0,-2.8615560972527523,-2.8615560972527523
flat,single,0,off,0,1561,-3.7508581769105263,258.0,0.8310737609863281,0.7470993995666504,1,-3.7508581769105263,-3.7508581769105263,1,0,off,0,0,0.0,0.0,0.0,0.0,0.0,0.0,0.0,0.0,0.0,0.0,0.0,-3.7508581769105263,-3.7508581769105263
flat,single,0,off,0,1562,-4.681622350922553,287.0,0.8061628937721252,0.7470993995666504,1,-4.681622350922553,-4.681622350922553,1,0,off,0,0,0.0,0.0,0.0,0.0,0.0,0.0,0.0,0.0,0.0,0.0,0.0,-4.681622350922553,-4.681622350922553
flat,single,0,off,0,1563,-3.712211627021877,258.0,0.8326537013053894,0.7829770445823669,1,-3.712211627021877,-3.712211627021877,1,0,off,0,0,0.0,0.0,0.0,0.0,0.0,0.0,0.0,0.0,0.0,0.0,0.0,-3.712211627021877,-3.712211627021877
flat,single,0,off,0,1564,-3.6618017176689897,255.0,0.833643913269043,0.7956703901290894,1,-3.6618017176689897,-3.6618017176689897,1,0,off,0,0,0.0,0.0,0.0,0.0,0.0,0.0,0.0,0.0,0.0,0.0,0.0,-3.6618017176689897,-3.6618017176689897
flat,single,0,off,0,1565,-3.48008026189518,249.0,0.8215216398239136,0.7470993995666504,1,-3.48008026189518,-3.48008026189518,1,0,off,0,0,0.0,0.0,0.0,0.0,0.0,0.0,0.0,0.0,0.0,0.0,0.0,-3.48008026189518,-3.48008026189518
flat,single,0,off,0,1566,-3.2056466884095993,240.0,0.8188184499740601,0.7863973379135132,1,-3.2056466884095993,-3.2056466884095993,1,0,off,0,0,0.0,0.0,0.0,0.0,0.0,0.0,0.0,0.0,0.0,0.0,0.0,-3.2056466884095993,-3.2056466884095993
flat,single,0,off,0,1567,-2.5314006475684994,216.0,0.7699428200721741,0.7179409861564636,1,-2.5314006475684994,-2.5314006475684994,1,0,off,0,0,0.0,0.0,0.0,0.0,0.0,0.0,0.0,0.0,0.0,0.0,0.0,-2.5314006475684994,-2.5314006475684994
flat,single,0,off,0,1568,-3.514224799140343,250.0,0.7956792116165161,0.7410153746604919,1,-3.514224799140343,-3.514224799140343,1,0,off,0,0,0.0,0.0,0.0,0.0,0.0,0.0,0.0,0.0,0.0,0.0,0.0,-3.514224799140343,-3.514224799140343
flat,single,0,off,0,1569,-3.2749902606895036,241.0,0.7911669611930847,0.7179409861564636,1,-3.2749902606895036,-3.2749902606895036,1,0,off,0,0,0.0,0.0,0.0,0.0,0.0,0.0,0.0,0.0,0.0,0.0,0.0,-3.2749902606895036,-3.2749902606895036
flat,single,0,off,0,1570,-3.4717493510886297,247.0,0.800116240978241,0.7393889427185059,1,-3.4717493510886297,-3.4717493510886297,1,0,off,0,0,0.0,0.0,0.0,0.0,0.0,0.0,0.0,0.0,0.0,0.0,0.0,-3.4717493510886297,-3.4717493510886297
flat,single,0,off,0,1571,-2.8998759420064606,230.0,0.7972584962844849,0.780683696269989,1,-2.8998759420064606,-2.8998759420064606,1,0,off,0,0,0.0,0.0,0.0,0.0,0.0,0.0,0.0,0.0,0.0,0.0,0.0,-2.8998759420064606,-2.8998759420064606
flat,single,0,off,0,1572,-3.1659804746252327,238.0,0.8215900659561157,0.7858616709709167,1,-3.1659804746252327,-3.1659804746252327,1,0,off,0,0,0.0,0.0,0.0,0.0,0.0,0.0,0.0,0.0,0.0,0.0,0.0,-3.1659804746252327,-3.1659804746252327
flat,single,0,off,0,1573,-3.015289736011738,232.0,0.7926162481307983,0.7470993995666504,1,-3.015289736011738,-3.015289736011738,1,0,off,0,0,0.0,0.0,0.0,0.0,0.0,0.0,0.0,0.0,0.0,0.0,0.0,-3.015289736011738,-3.015289736011738
flat,single,0,off,0,1574,-6.11614326426063,300.0,0.7113861441612244,0.3536444902420044,0,-6.11614326426063,-6.11614326426063,1,0,off,0,0,0.0,0.0,0.0,0.0,0.0,0.0,0.0,0.0,0.0,0.0,0.0,-6.11614326426063,-6.11614326426063
flat,single,0,off,0,1575,-4.244989595195495,275.0,0.84878009557724,0.7470993995666504,1,-4.244989595195495,-4.244989595195495,1,0,off,0,0,0.0,0.0,0.0,0.0,0.0,0.0,0.0,0.0,0.0,0.0,0.0,-4.244989595195495,-4.244989595195495
flat,single,0,off,0,1576,-3.8168621440068593,260.0,0.8219346404075623,0.7956703901290894,1,-3.8168621440068593,-3.8168621440068593,1,0,off,0,0,0.0,0.0,0.0,0.0,0.0,0.0,0.0,0.0,0.0,0.0,0.0,-3.8168621440068593,-3.8168621440068593
flat,single,0,off,0,1577,-3.5217839733802014,249.0,0.817886471748352,0.7470993995666504,1,-3.5217839733802014,-3.5217839733802014,1,0,off,0,0,0.0,0.0,0.0,0.0,0.0,0.0,0.0,0.0,0.0,0.0,0.0,-3.5217839733802014,-3.5217839733802014
flat,single,0,off,0,1578,-3.0869682952866264,234.0,0.8138886094093323,0.7470993995666504,1,-3.0869682952866264,-3.0869682952866264,1,0,off,0,0,0.0,0.0,0.0,0.0,0.0,0.0,0.0,0.0,0.0,0.0,0.0,-3.0869682952866264,-3.0869682952866264
flat,single,0,off,0,1579,-4.33013292437302,278.0,0.8273838758468628,0.7576594352722168,1,-4.33013292437302,-4.33013292437302,1,0,off,0,0,0.0,0.0,0.0,0.0,0.0,0.0,0.0,0.0,0.0,0.0,0.0,-4.33013292437302,-4.33013292437302
flat,single,0,off,0,1580,-3.9084285629796662,265.0,0.8199275135993958,0.780683696269989,1,-3.9084285629796662,-3.9084285629796662,1,0,off,0,0,0.0,0.0,0.0,0.0,0.0,0.0,0.0,0.0,0.0,0.0,0.0,-3.9084285629796662,-3.9084285629796662
flat,single,0,off,0,1581,-3.928446395798791,264.0,0.8281584978103638,0.7689886689186096,1,-3.928446395798791,-3.928446395798791,1,0,off,0,0,0.0,0.0,0.0,0.0,0.0,0.0,0.0,0.0,0.0,0.0,0.0,-3.928446395798791,-3.928446395798791
flat,single,0,off,0,1582,-3.495887463196393,250.0,0.824324905872345,0.8042023181915283,1,-3.495887463196393,-3.495887463196393,1,0,off,0,0,0.0,0.0,0.0,0.0,0.0,0.0,0.0,0.0,0.0,0.0,0.0,-3.495887463196393,-3.495887463196393
flat,single,0,off,0,1583,-3.6956269408587668,256.0,0.8258361220359802,0.7470993995666504,1,-3.6956269408587668,-3.6956269408587668,1,0,off,0,0,0.0,0.0,0.0,0.0,0.0,0.0,0.0,0.0,0.0,0.0,0.0,-3.6956269408587668,-3.6956269408587668
flat,single,0,off,0,1584,-3.555419845826663,250.0,0.8122519254684448,0.7773631811141968,1,-3.555419845826663,-3.555419845826663,1,0,off,0,0,0.0,0.0,0.0,0.0,0.0,0.0,0.0,0.0,0.0,0.0,0.0,-3.555419845826663,-3.555419845826663
flat,single,0,off,0,1585,-3.764490474298338,258.0,0.8169659376144409,0.7470993995666504,1,-3.764490474298338,-3.764490474298338,1,0,off,0,0,0.0,0.0,0.0,0.0,0.0,0.0,0.0,0.0,0.0,0.0,0.0,-3.764490474298338,-3.764490474298338
flat,single,0,off,0,1586,-5.4583343298581966,300.0,0.8153814673423767,0.7197967767715454,0,-5.4583343298581966,-5.4583343298581966,1,0,off,0,0,0.0,0.0,0.0,0.0,0.0,0.0,0.0,0.0,0.0,0.0,0.0,-5.4583343298581966,-5.4583343298581966
flat,single,0,off,0,1587,-2.932825992337873,230.0,0.7956681847572327,0.7677785158157349,1,-2.932825992337873,-2.932825992337873,1,0,off,0,0,0.0,0.0,0.0,0.0,0.0,0.0,0.0,0.0,0.0,0.0,0.0,-2.932825992337873,-2.932825992337873
flat,single,0,off,0,1588,-3.761982253524458,259.0,0.8405957221984863,0.7956703901290894,1,-3.761982253524458,-3.761982253524458,1,0,off,0,0,0.0,0.0,0.0,0.0,0.0,0.0,0.0,0.0,0.0,0.0,0.0,-3.761982253524458,-3.761982253524458
flat,single,0,off,0,1589,-3.2716999161476092,241.0,0.7830525636672974,0.7179409861564636,1,-3.2716999161476092,-3.2716999161476092,1,0,off,0,0,0.0,0.0,0.0,0.0,0.0,0.0,0.0,0.0,0.0,0.0,0.0,-3.2716999161476092,-3.2716999161476092
flat,single,0,off,0,1590,-4.432097751898683,281.0,0.8139525651931763,0.7774750590324402,1,-4.432097751898683,-4.432097751898683,1,0,off,0,0,0.0,0.0,0.0,0.0,0.0,0.0,0.0,0.0,0.0,0.0,0.0,-4.432097751898683,-4.432097751898683
flat,single,0,off,0,1591,-2.9728125501156133,232.0,0.8098408579826355,0.7677785158157349,1,-2.9728125501156133,-2.9728125501156133,1,0,off,0,0,0.0,0.0,0.0,0.0,0.0,0.0,0.0,0.0,0.0,0.0,0.0,-2.9728125501156133,-2.9728125501156133
flat,single,0,off,0,1592,-3.64901964707182,252.0,0.7932072281837463,0.7179409861564636,1,-3.64901964707182,-3.64901964707182,1,0,off,0,0,0.0,0.0,0.0,0.0,0.0,0.0,0.0,0.0,0.0,0.0,0.0,-3.64901964707182,-3.64901964707182
flat,single,0,off,0,1593,-5.375092430500077,300.0,0.8262332677841187,0.7762334942817688,0,-5.375092430500077,-5.375092430500077,1,0,off,0,0,0.0,0.0,0.0,0.0,0.0,0.0,0.0,0.0,0.0,0.0,0.0,-5.375092430500077,-5.375092430500077
flat,single,0,off,0,1594,-3.445421950754222,247.0,0.7841701507568359,0.7470993995666504,1,-3.445421950754222,-3.445421950754222,1,0,off,0,0,0.0,0.0,0.0,0.0,0.0,0.0,0.0,0.0,0.0,0.0,0.0,-3.445421950754222,-3.445421950754222
flat,single,0,off,0,1595,-2.916704612335866,230.0,0.8027888536453247,0.7650586366653442,1,-2.916704612335866,-2.916704612335866,1,0,off,0,0,0.0,0.0,0.0,0.0,0.0,0.0,0.0,0.0,0.0,0.0,0.0,-2.916704612335866,-2.916704612335866
flat,single,0,off,0,1596,-3.028481902820038,233.0,0.7865821123123169,0.7410153746604919,1,-3.028481902820038,-3.028481902820038,1,0,off,0,0,0.0,0.0,0.0,0.0,0.0,0.0,0.0,0.0,0.0,0.0,0.0,-3.028481902820038,-3.028481902820038
flat,single,0,off,0,1597,-5.4616159076860775,300.0,0.788057804107666,0.6752370595932007,0,-5.4616159076860775,-5.4616159076860775,1,0,off,0,0,0.0,0.0,0.0,0.0,0.0,0.0,0.0,0.0,0.0,0.0,0.0,-5.4616159076860775,-5.4616159076860775
flat,single,0,off,0,1598,-2.98483062080688,233.0,0.7989439964294434,0.7623991966247559,1,-2.98483062080688,-2.98483062080688,1,0,off,0,0,0.0,0.0,0.0,0.0,0.0,0.0,0.0,0.0,0.0,0.0,0.0,-2.98483062080688,-2.98483062080688
flat,single,0,off,0,1599,-3.5309546741028126,251.0,0.8348588943481445,0.780683696269989,1,-3.5309546741028126,-3.5309546741028126,1,0,off,0,0,0.0,0.0,0.0,0.0,0.0,0.0,0.0,0.0,0.0,0.0,0.0,-3.5309546741028126,-3.5309546741028126
flat,single,0,off,0,1600,-2.9908639856928265,232.0,0.8024384379386902,0.7470993995666504,1,-2.9908639856928265,-2.9908639856928265,1,0,off,0,0,0.0,0.0,0.0,0.0,0.0,0.0,0.0,0.0,0.0,0.0,0.0,-2.9908639856928265,-2.9908639856928265
flat,single,0,off,0,1601,-2.7532413287181225,223.0,0.7847546935081482,0.7410153746604919,1,-2.7532413287181225,-2.7532413287181225,1,0,off,0,0,0.0,0.0,0.0,0.0,0.0,0.0,0.0,0.0,0.0,0.0,0.0,-2.7532413287181225,-2.7532413287181225
flat,single,0,off,0,1602,-2.6458765418687653,221.0,0.7936715483665466,0.7368783354759216,1,-2.6458765418687653,-2.6458765418687653,1,0,off,0,0,0.0,0.0,0.0,0.0,0.0,0.0,0.0,0.0,0.0,0.0,0.0,-2.6458765418687653,-2.6458765418687653
flat,single,0,off,0,1603,-3.1322737823764073,235.0,0.8001857995986938,0.7179409861564636,1,-3.1322737823764073,-3.1322737823764073,1,0,off,0,0,0.0,0.0,0.0,0.0,0.0,0.0,0.0,0.0,0.0,0.0,0.0,-3.1322737823764073,-3.1322737823764073
flat,single,0,off,0,1604,-2.4184343203052303,212.0,0.7831769585609436,0.7368783354759216,1,-2.4184343203052303,-2.4184343203052303,1,0,off,0,0,0.0,0.0,0.0,0.0,0.0,0.0,0.0,0.0,0.0,0.0,0.0,-2.4184343203052303,-2.4184343203052303
flat,single,0,off,0,1605,-3.1878420204203355,239.0,0.7849262952804565,0.70052570104599,1,-3.1878420204203355,-3.1878420204203355,1,0,off,0,0,0.0,0.0,0.0,0.0,0.0,0.0,0.0,0.0,0.0,0.0,0.0,-3.1878420204203355,-3.1878420204203355
flat,single,0,off,0,1606,-4.006495760085508,266.0,0.81962651014328,0.7444547414779663,1,-4.006495760085508,-4.006495760085508,1,0,off,0,0,0.0,0.0,0.0,0.0,0.0,0.0,0.0,0.0,0.0,0.0,0.0,-4.006495760085508,-4.006495760085508
flat,single,0,off,0,1607,-3.7823502790333965,258.0,0.7926770448684692,0.7179409861564636,1,-3.7823502790333965,-3.7823502790333965,1,0,off,0,0,0.0,0.0,0.0,0.0,0.0,0.0,0.0,0.0,0.0,0.0,0.0,-3.7823502790333965,-3.7823502790333965
flat,single,0,off,0,1608,-3.5329809818940436,250.0,0.8061814904212952,0.7576594352722168,1,-3.5329809818940436,-3.5329809818940436,1,0,off,0,0,0.0,0.0,0.0,0.0,0.0,0.0,0.0,0.0,0.0,0.0,0.0,-3.5329809818940436,-3.5329809818940436
flat,single,0,off,0,1609,-4.924599234720798,299.0,0.8696995973587036,0.8201320171356201,1,-4.924599234720798,-4.924599234720798,1,0,off,0,0,0.0,0.0,0.0,0.0,0.0,0.0,0.0,0.0,0.0,0.0,0.0,-4.924599234720798,-4.924599234720798
flat,single,0,off,0,1610,-3.4406868566211544,248.0,0.8264527320861816,0.7867667078971863,1,-3.4406868566211544,-3.4406868566211544,1,0,off,0,0,0.0,0.0,0.0,0.0,0.0,0.0,0.0,0.0,0.0,0.0,0.0,-3.4406868566211544,-3.4406868566211544
flat,single,0,off,0,1611,-3.36824735217027,247.0,0.814052164554596,0.7710239887237549,1,-3.36824735217027,-3.36824735217027,1,0,off,0,0,0.0,0.0,0.0,0.0,0.0,0.0,0.0,0.0,0.0,0.0,0.0,-3.36824735217027,-3.36824735217027
flat,single,0,off,0,1612,-3.7829440504661553,260.0,0.8377408385276794,0.8132878541946411,1,-3.7829440504661553,-3.7829440504661553,1,0,off,0,0,0.0,0.0,0.0,0.0,0.0,0.0,0.0,0.0,0.0,0.0,0.0,-3.7829440504661553,-3.7829440504661553
flat,single,0,off,0,1613,-4.698167218518207,290.0,0.8293614983558655,0.7774750590324402,1,-4.698167218518207,-4.698167218518207,1,0,off,0,0,0.0,0.0,0.0,0.0,0.0,0.0,0.0,0.0,0.0,0.0,0.0,-4.698167218518207,-4.698167218518207
flat,single,0,off,0,1614,-2.848694053417978,228.0,0.7911654114723206,0.7576594352722168,1,-2.848694053417978,-2.848694053417978,1,0,off,0,0,0.0,0.0,0.0,0.0,0.0,0.0,0.0,0.0,0.0,0.0,0.0,-2.848694053417978,-2.848694053417978
flat,single,0,off,0,1615,-2.723908770501134,223.0,0.7978186011314392,0.7214797139167786,1,-2.723908770501134,-2.723908770501134,1,0,off,0,0,0.0,0.0,0.0,0.0,0.0,0.0,0.0,0.0,0.0,0.0,0.0,-2.723908770501134,-2.723908770501134
flat,single,0,off,0,1616,-3.5291769945714386,251.0,0.8077388405799866,0.7470993995666504,1,-3.5291769945714386,-3.5291769945714386,1,0,off,0,0,0.0,0.0,0.0,0.0,0.0,0.0,0.0,0.0,0.0,0.0,0.0,-3.5291769945714386,-3.5291769945714386
flat,single,0,off,0,1617,-2.8703525837615467,229.0,0.8073602318763733,0.7689886689186096,1,-2.8703525837615467,-2.8703525837615467,1,0,off,0,0,0.0,0.0,0.0,0.0,0.0,0.0,0.0,0.0,0.0,0.0,0.0,-2.8703525837615467,-2.8703525837615467
flat,single,0,off,0,1618,-4.131034542213887,271.0,0.8131981492042542,0.7887081503868103,1,-4.131034542213887,-4.131034542213887,1,0,off,0,0,0.0,0.0,0.0,0.0,0.0,0.0,0.0,0.0,0.0,0.0,0.0,-4.131034542213887,-4.131034542213887
flat,single,0,off,0,1619,-3.5539574584353044,251.0,0.8159121870994568,0.7689886689186096,1,-3.5539574584353044,-3.5539574584353044,1,0,off,0,0,0.0,0.0,0.0,0.0,0.0,0.0,0.0,0.0,0.0,0.0,0.0,-3.5539574584353044,-3.5539574584353044
flat,single,0,off,0,1620,-5.531839425460206,300.0,0.7625316977500916,0.5818288326263428,0,-5.531839425460206,-5.531839425460206,1,0,off,0,0,0.0,0.0,0.0,0.0,0.0,0.0,0.0,0.0,0.0,0.0,0.0,-5.531839425460206,-5.531839425460206
flat,single,0,off,0,1621,-2.674220964303225,222.0,0.7923930287361145,0.758482813835144,1,-2.674220964303225,-2.674220964303225,1,0,off,0,0,0.0,0.0,0.0,0.0,0.0,0.0,0.0,0.0,0.0,0.0,0.0,-2.674220964303225,-2.674220964303225
flat,single,0,off,0,1622,-5.474798713435288,300.0,0.8350433707237244,0.6435356140136719,0,-5.474798713435288,-5.474798713435288,1,0,off,0,0,0.0,0.0,0.0,0.0,0.0,0.0,0.0,0.0,0.0,0.0,0.0,-5.474798713435288,-5.474798713435288
flat,single,0,off,0,1623,-2.766133445632866,223.0,0.8008179068565369,0.7368783354759216,1,-2.766133445632866,-2.766133445632866,1,0,off,0,0,0.0,0.0,0.0,0.0,0.0,0.0,0.0,0.0,0.0,0.0,0.0,-2.766133445632866,-2.766133445632866
flat,single,0,off,0,1624,-5.449403259204686,300.0,0.8209533095359802,0.6845802068710327,0,-5.449403259204686,-5.449403259204686,1,0,off,0,0,0.0,0.0,0.0,0.0,0.0,0.0,0.0,0.0,0.0,0.0,0.0,-5.449403259204686,-5.449403259204686
flat,single,0,off,0,1625,-3.1619553275778713,237.0,0.7947362065315247,0.7470993995666504,1,-3.1619553275778713,-3.1619553275778713,1,0,off,0,0,0.0,0.0,0.0,0.0,0.0,0.0,0.0,0.0,0.0,0.0,0.0,-3.1619553275778713,-3.1619553275778713
flat,single,0,off,0,1626,-5.567270025110325,300.0,0.7846184372901917,0.5585100054740906,0,-5.567270025110325,-5.567270025110325,1,0,off,0,0,0.0,0.0,0.0,0.0,0.0,0.0,0.0,0.0,0.0,0.0,0.0,-5.567270025110325,-5.567270025110325
flat,single,0,off,0,1627,-5.426652448007366,300.0,0.7971239686012268,0.7016957998275757,0,-5.426652448007366,-5.426652448007366,1,0,off,0,0,0.0,0.0,0.0,0.0,0.0,0.0,0.0,0.0,0.0,0.0,0.0,-5.426652448007366,-5.426652448007366
flat,single,0,off,0,1628,-5.442013758060043,300.0,0.7974156141281128,0.7098541259765625,0,-5.442013758060043,-5.442013758060043,1,0,off,0,0,0.0,0.0,0.0,0.0,0.0,0.0,0.0,0.0,0.0,0.0,0.0,-5.442013758060043,-5.442013758060043
flat,single,0,off,0,1629,-4.349737089723334,277.0,0.7879194021224976,0.7179409861564636,1,-4.349737089723334,-4.349737089723334,1,0,off,0,0,0.0,0.0,0.0,0.0,0.0,0.0,0.0,0.0,0.0,0.0,0.0,-4.349737089723334,-4.349737089723334
flat,single,0,off,0,1630,-3.259514637046937,240.0,0.8060516715049744,0.7410004138946533,1,-3.259514637046937,-3.259514637046937,1,0,off,0,0,0.0,0.0,0.0,0.0,0.0,0.0,0.0,0.0,0.0,0.0,0.0,-3.259514637046937,-3.259514637046937
flat,single,0,off,0,1631,-2.85331917501519,228.0,0.7977507710456848,0.7576398253440857,1,-2.85331917501519,-2.85331917501519,1,0,off,0,0,0.0,0.0,0.0,0.0,0.0,0.0,0.0,0.0,0.0,0.0,0.0,-2.85331917501519,-2.85331917501519
flat,single,0,off,0,1632,-2.9926182539865662,232.0,0.8013793230056763,0.7593865990638733,1,-2.9926182539865662,-2.9926182539865662,1,0,off,0,0,0.0,0.0,0.0,0.0,0.0,0.0,0.0,0.0,0.0,0.0,0.0,-2.9926182539865662,-2.9926182539865662
flat,single,0,off,0,1633,-5.40372035783366,300.0,0.8187374472618103,0.7963749170303345,0,-5.40372035783366,-5.40372035783366,1,0,off,0,0,0.0,0.0,0.0,0.0,0.0,0.0,0.0,0.0,0.0,0.0,0.0,-5.40372035783366,-5.40372035783366
flat,single,0,off,0,1634,-5.443725095159599,300.0,0.8007640838623047,0.7089605331420898,0,-5.443725095159599,-5.443725095159599,1,0,off,0,0,0.0,0.0,0.0,0.0,0.0,0.0,0.0,0.0,0.0,0.0,0.0,-5.443725095159599,-5.443725095159599
flat,single,0,off,0,1635,-2.8846503307565325,229.0,0.8079829812049866,0.7576594352722168,1,-2.8846503307565325,-2.8846503307565325,1,0,off,0,0,0.0,0.0,0.0,0.0,0.0,0.0,0.0,0.0,0.0,0.0,0.0,-2.8846503307565325,-2.8846503307565325
flat,single,0,off,0,1636,-6.315248966036625,300.0,0.7666606903076172,0.5872363448143005,0,-6.315248966036625,-6.315248966036625,1,0,off,0,0,0.0,0.0,0.0,0.0,0.0,0.0,0.0,0.0,0.0,0.0,0.0,-6.315248966036625,-6.315248966036625
flat,single,0,off,0,1637,-4.478573133244628,281.0,0.8150364756584167,0.7774750590324402,1,-4.478573133244628,-4.478573133244628,1,0,off,0,0,0.0,0.0,0.0,0.0,0.0,0.0,0.0,0.0,0.0,0.0,0.0,-4.478573133244628,-4.478573133244628
flat,single,0,off,0,1638,-4.0478174329979595,271.0,0.837703287601471,0.7970204949378967,1,-4.0478174329979595,-4.0478174329979595,1,0,off,0,0,0.0,0.0,0.0,0.0,0.0,0.0,0.0,0.0,0.0,0.0,0.0,-4.0478174329979595,-4.0478174329979595
flat,single,0,off,0,1639,-5.45626233096701,300.0,0.8064799904823303,0.6434797644615173,0,-5.45626233096701,-5.45626233096701,1,0,off,0,0,0.0,0.0,0.0,0.0,0.0,0.0,0.0,0.0,0.0,0.0,0.0,-5.45626233096701,-5.45626233096701
flat,single,0,off,0,1640,-3.3851444582291723,246.0,0.8091947436332703,0.7576398253440857,1,-3.3851444582291723,-3.3851444582291723,1,0,off,0,0,0.0,0.0,0.0,0.0,0.0,0.0,0.0,0.0,0.0,0.0,0.0,-3.3851444582291723,-3.3851444582291723
flat,single,0,off,0,1641,-3.9445372686721187,265.0,0.8039547801017761,0.7839813828468323,1,-3.9445372686721187,-3.9445372686721187,1,0,off,0,0,0.0,0.0,0.0,0.0,0.0,0.0,0.0,0.0,0.0,0.0,0.0,-3.9445372686721187,-3.9445372686721187
flat,single,0,off,0,1642,-3.0078931711858474,236.0,0.8043767213821411,0.7677785158157349,1,-3.0078931711858474,-3.0078931711858474,1,0,off,0,0,0.0,0.0,0.0,0.0,0.0,0.0,0.0,0.0,0.0,0.0,0.0,-3.0078931711858474,-3.0078931711858474
flat,single,0,off,0,1643,-4.775002952766366,292.0,0.8437652587890625,0.7432536482810974,1,-4.775002952766366,-4.775002952766366,1,0,off,0,0,0.0,0.0,0.0,0.0,0.0,0.0,0.0,0.0,0.0,0.0,0.0,-4.775002952766366,-4.775002952766366
flat,single,0,off,0,1644,-3.281298030781305,242.0,0.8114981651306152,0.7470993995666504,1,-3.281298030781305,-3.281298030781305,1,0,off,0,0,0.0,0.0,0.0,0.0,0.0,0.0,0.0,0.0,0.0,0.0,0.0,-3.281298030781305,-3.281298030781305
flat,single,0,off,0,1645,-2.6665190499985942,221.0,0.7881684303283691,0.74996417760849,1,-2.6665190499985942,-2.6665190499985942,1,0,off,0,0,0.0,0.0,0.0,0.0,0.0,0.0,0.0,0.0,0.0,0.0,0.0,-2.6665190499985942,-2.6665190499985942
flat,single,0,off,0,1646,-3.738076515236145,257.0,0.7865578532218933,0.7368783354759216,1,-3.738076515236145,-3.738076515236145,1,0,off,0,0,0.0,0.0,0.0,0.0,0.0,0.0,0.0,0.0,0.0,0.0,0.0,-3.738076515236145,-3.738076515236145
flat,single,0,off,0,1647,-4.134166042833798,271.0,0.8277498483657837,0.7774750590324402,1,-4.134166042833798,-4.134166042833798,1,0,off,0,0,0.0,0.0,0.0,0.0,0.0,0.0,0.0,0.0,0.0,0.0,0.0,-4.134166042833798,-4.134166042833798
flat,single,0,off,0,1648,-2.90884618094422,230.0,0.8041091561317444,0.7797141075134277,1,-2.90884618094422,-2.90884618094422,1,0,off,0,0,0.0,0.0,0.0,0.0,0.0,0.0,0.0,0.0,0.0,0.0,0.0,-2.90884618094422,-2.90884618094422
flat,single,0,off,0,1649,-2.7266511783446035,223.0,0.7978890538215637,0.7689886689186096,1,-2.7266511783446035,-2.7266511783446035,1,0,off,0,0,0.0,0.0,0.0,0.0,0.0,0.0,0.0,0.0,0.0,0.0,0.0,-2.7266511783446035,-2.7266511783446035
flat,single,0,off,0,1650,-3.387759938269125,248.0,0.8110178112983704,0.7877557873725891,1,-3.387759938269125,-3.387759938269125,1,0,off,0,0,0.0,0.0,0.0,0.0,0.0,0.0,0.0,0.0,0.0,0.0,0.0,-3.387759938269125,-3.387759938269125
flat,single,0,off,0,1651,-3.723148654729573,257.0,0.8301256895065308,0.7936966419219971,1,-3.723148654729573,-3.723148654729573,1,0,off,0,0,0.0,0.0,0.0,0.0,0.0,0.0,0.0,0.0,0.0,0.0,0.0,-3.723148654729573,-3.723148654729573
flat,single,0,off,0,1652,-3.8869645973411187,263.0,0.7869908213615417,0.7364097237586975,1,-3.8869645973411187,-3.8869645973411187,1,0,off,0,0,0.0,0.0,0.0,0.0,0.0,0.0,0.0,0.0,0.0,0.0,0.0,-3.8869645973411187,-3.8869645973411187
flat,single,0,off,0,1653,-2.816959030023994,225.0,0.8010097742080688,0.7470993995666504,1,-2.816959030023994,-2.816959030023994,1,0,off,0,0,0.0,0.0,0.0,0.0,0.0,0.0,0.0,0.0,0.0,0.0,0.0,-2.816959030023994,-2.816959030023994
flat,single,0,off,0,1654,-3.61131359162156,253.0,0.7876247763633728,0.7401043176651001,1,-3.61131359162156,-3.61131359162156,1,0,off,0,0,0.0,0.0,0.0,0.0,0.0,0.0,0.0,0.0,0.0,0.0,0.0,-3.61131359162156,-3.61131359162156
flat,single,0,off,0,1655,-2.3835254331596527,211.0,0.7798322439193726,0.7368783354759216,1,-2.3835254331596527,-2.3835254331596527,1,0,off,0,0,0.0,0.0,0.0,0.0,0.0,0.0,0.0,0.0,0.0,0.0,0.0,-2.3835254331596527,-2.3835254331596527
flat,single,0,off,0,1656,-3.4812230073078267,249.0,0.8029717803001404,0.7470993995666504,1,-3.4812230073078267,-3.4812230073078267,1,0,off,0,0,0.0,0.0,0.0,0.0,0.0,0.0,0.0,0.0,0.0,0.0,0.0,-3.4812230073078267,-3.4812230073078267
flat,single,0,off,0,1657,-3.426985610517415,247.0,0.8121623992919922,0.7689886689186096,1,-3.426985610517415,-3.426985610517415,1,0,off,0,0,0.0,0.0,0.0,0.0,0.0,0.0,0.0,0.0,0.0,0.0,0.0,-3.426985610517415,-3.426985610517415
flat,single,0,off,0,1658,-3.939830547912253,263.0,0.802712082862854,0.7368783354759216,1,-3.939830547912253,-3.939830547912253,1,0,off,0,0,0.0,0.0,0.0,0.0,0.0,0.0,0.0,0.0,0.0,0.0,0.0,-3.939830547912253,-3.939830547912253
flat,single,0,off,0,1659,-2.762184099230205,225.0,0.7924178242683411,0.7576398253440857,1,-2.762184099230205,-2.762184099230205,1,0,off,0,0,0.0,0.0,0.0,0.0,0.0,0.0,0.0,0.0,0.0,0.0,0.0,-2.762184099230205,-2.762184099230205
flat,single,0,off,0,1660,-4.14439001620281,272.0,0.8116885423660278,0.7677785158157349,1,-4.14439001620281,-4.14439001620281,1,0,off,0,0,0.0,0.0,0.0,0.0,0.0,0.0,0.0,0.0,0.0,0.0,0.0,-4.14439001620281,-4.14439001620281
flat,single,0,off,0,1661,-4.239971356434965,273.0,0.8161239624023438,0.780683696269989,1,-4.239971356434965,-4.239971356434965,1,0,off,0,0,0.0,0.0,0.0,0.0,0.0,0.0,0.0,0.0,0.0,0.0,0.0,-4.239971356434965,-4.239971356434965
flat,single,0,off,0,1662,-2.9960681564186067,231.0,0.7989842295646667,0.7382266521453857,1,-2.9960681564186067,-2.9960681564186067,1,0,off,0,0,0.0,0.0,0.0,0.0,0.0,0.0,0.0,0.0,0.0,0.0,0.0,-2.9960681564186067,-2.9960681564186067
flat,single,0,off,0,1663,-3.8209911672025676,263.0,0.8282855153083801,0.780683696269989,1,-3.8209911672025676,-3.8209911672025676,1,0,off,0,0,0.0,0.0,0.0,0.0,0.0,0.0,0.0,0.0,0.0,0.0,0.0,-3.8209911672025676,-3.8209911672025676
flat,single,0,off,0,1664,-3.2037997086008376,240.0,0.8031348586082458,0.7576594352722168,1,-3.2037997086008376,-3.2037997086008376,1,0,off,0,0,0.0,0.0,0.0,0.0,0.0,0.0,0.0,0.0,0.0,0.0,0.0,-3.2037997086008376,-3.2037997086008376
flat,single,0,off,0,1665,-4.136787417364516,272.0,0.8327552080154419,0.7961152195930481,1,-4.136787417364516,-4.136787417364516,1,0,off,0,0,0.0,0.0,0.0,0.0,0.0,0.0,0.0,0.0,0.0,0.0,0.0,-4.136787417364516,-4.136787417364516
flat,single,0,off,0,1666,-2.7420332208357117,222.0,0.792119562625885,0.7154194712638855,1,-2.7420332208357117,-2.7420332208357117,1,0,off,0,0,0.0,0.0,0.0,0.0,0.0,0.0,0.0,0.0,0.0,0.0,0.0,-2.7420332208357117,-2.7420332208357117
flat,single,0,off,0,1667,-3.352053759404208,245.0,0.8217969536781311,0.7887081503868103,1,-3.352053759404208,-3.352053759404208,1,0,off,0,0,0.0,0.0,0.0,0.0,0.0,0.0,0.0,0.0,0.0,0.0,0.0,-3.352053759404208,-3.352053759404208
flat,single,0,off,0,1668,-2.988497945761761,232.0,0.8102824091911316,0.7774750590324402,1,-2.988497945761761,-2.988497945761761,1,0,off,0,0,0.0,0.0,0.0,0.0,0.0,0.0,0.0,0.0,0.0,0.0,0.0,-2.988497945761761,-2.988497945761761
flat,single,0,off,0,1669,-3.193935675676892,237.0,0.8083974123001099,0.7179409861564636,1,-3.193935675676892,-3.193935675676892,1,0,off,0,0,0.0,0.0,0.0,0.0,0.0,0.0,0.0,0.0,0.0,0.0,0.0,-3.193935675676892,-3.193935675676892
flat,single,0,off,0,1670,-4.710952353567123,292.0,0.8174969553947449,0.7774750590324402,1,-4.710952353567123,-4.710952353567123,1,0,off,0,0,0.0,0.0,0.0,0.0,0.0,0.0,0.0,0.0,0.0,0.0,0.0,-4.710952353567123,-4.710952353567123
flat,single,0,off,0,1671,-2.626677728742355,221.0,0.8024033308029175,0.7774750590324402,1,-2.626677728742355,-2.626677728742355,1,0,off,0,0,0.0,0.0,0.0,0.0,0.0,0.0,0.0,0.0,0.0,0.0,0.0,-2.626677728742355,-2.626677728742355
flat,single,0,off,0,1672,-5.424496335722498,300.0,0.8232001066207886,0.7392165660858154,0,-5.424496335722498,-5.424496335722498,1,0,off,0,0,0.0,0.0,0.0,0.0,0.0,0.0,0.0,0.0,0.0,0.0,0.0,-5.424496335722498,-5.424496335722498
flat,single,0,off,0,1673,-3.2378285861748535,240.0,0.7947584986686707,0.7357048988342285,1,-3.2378285861748535,-3.2378285861748535,1,0,off,0,0,0.0,0.0,0.0,0.0,0.0,0.0,0.0,0.0,0.0,0.0,0.0,-3.2378285861748535,-3.2378285861748535
flat,single,0,off,0,1674,-2.8453034040715854,227.0,0.792066216468811,0.7368783354759216,1,-2.8453034040715854,-2.8453034040715854,1,0,off,0,0,0.0,0.0,0.0,0.0,0.0,0.0,0.0,0.0,0.0,0.0,0.0,-2.8453034040715854,-2.8453034040715854
flat,single,0,off,0,1675,-2.802757472177014,224.0,0.7917913794517517,0.7368783354759216,1,-2.802757472177014,-2.802757472177014,1,0,off,0,0,0.0,0.0,0.0,0.0,0.0,0.0,0.0,0.0,0.0,0.0,0.0,-2.802757472177014,-2.802757472177014
flat,single,0,off,0,1676,-4.207414254276067,273.0,0.832347571849823,0.8021400570869446,1,-4.207414254276067,-4.207414254276067,1,0,off,0,0,0.0,0.0,0.0,0.0,0.0,0.0,0.0,0.0,0.0,0.0,0.0,-4.207414254276067,-4.207414254276067
flat,single,0,off,0,1677,-3.164139189172988,238.0,0.7981093525886536,0.7576594352722168,1,-3.164139189172988,-3.164139189172988,1,0,off,0,0,0.0,0.0,0.0,0.0,0.0,0.0,0.0,0.0,0.0,0.0,0.0,-3.164139189172988,-3.164139189172988
flat,single,0,off,0,1678,-3.183923263315791,238.0,0.8098074197769165,0.7811338305473328,1,-3.183923263315791,-3.183923263315791,1,0,off,0,0,0.0,0.0,0.0,0.0,0.0,0.0,0.0,0.0,0.0,0.0,0.0,-3.183923263315791,-3.183923263315791
flat,single,0,off,0,1679,-4.788029779101492,293.0,0.8164829611778259,0.7824116349220276,1,-4.788029779101492,-4.788029779101492,1,0,off,0,0,0.0,0.0,0.0,0.0,0.0,0.0,0.0,0.0,0.0,0.0,0.0,-4.788029779101492,-4.788029779101492
flat,single,0,off,0,1680,-3.6147572141187068,254.0,0.8263317942619324,0.768083930015564,1,-3.6147572141187068,-3.6147572141187068,1,0,off,0,0,0.0,0.0,0.0,0.0,0.0,0.0,0.0,0.0,0.0,0.0,0.0,-3.6147572141187068,-3.6147572141187068
flat,single,0,off,0,1681,-2.9374329655896716,230.0,0.802230179309845,0.7470993995666504,1,-2.9374329655896716,-2.9374329655896716,1,0,off,0,0,0.0,0.0,0.0,0.0,0.0,0.0,0.0,0.0,0.0,0.0,0.0,-2.9374329655896716,-2.9374329655896716
flat,single,0,off,0,1682,-5.615816943743269,300.0,0.7641636729240417,0.48759108781814575,0,-5.615816943743269,-5.615816943743269,1,0,off,0,0,0.0,0.0,0.0,0.0,0.0,0.0,0.0,0.0,0.0,0.0,0.0,-5.615816943743269,-5.615816943743269
flat,single,0,off,0,1683,-3.255997127809082,242.0,0.8136330842971802,0.782036304473877,1,-3.255997127809082,-3.255997127809082,1,0,off,0,0,0.0,0.0,0.0,0.0,0.0,0.0,0.0,0.0,0.0,0.0,0.0,-3.255997127809082,-3.255997127809082
flat,single,0,off,0,1684,-3.2569526196305865,242.0,0.8169299364089966,0.7710239887237549,1,-3.2569526196305865,-3.2569526196305865,1,0,off,0,0,0.0,0.0,0.0,0.0,0.0,0.0,0.0,0.0,0.0,0.0,0.0,-3.2569526196305865,-3.2569526196305865
flat,single,0,off,0,1685,-2.658881420579254,221.0,0.7962965369224548,0.7470993995666504,1,-2.658881420579254,-2.658881420579254,1,0,off,0,0,0.0,0.0,0.0,0.0,0.0,0.0,0.0,0.0,0.0,0.0,0.0,-2.658881420579254,-2.658881420579254
flat,single,0,off,0,1686,-4.242734226913894,273.0,0.8042894601821899,0.7410153746604919,1,-4.242734226913894,-4.242734226913894,1,0,off,0,0,0.0,0.0,0.0,0.0,0.0,0.0,0.0,0.0,0.0,0.0,0.0,-4.242734226913894,-4.242734226913894
flat,single,0,off,0,1687,-2.764015955382474,223.0,0.7919428944587708,0.7470993995666504,1,-2.764015955382474,-2.764015955382474,1,0,off,0,0,0.0,0.0,0.0,0.0,0.0,0.0,0.0,0.0,0.0,0.0,0.0,-2.764015955382474,-2.764015955382474
flat,single,0,off,0,1688,-4.098535973757961,269.0,0.7855866551399231,0.7179409861564636,1,-4.098535973757961,-4.098535973757961,1,0,off,0,0,0.0,0.0,0.0,0.0,0.0,0.0,0.0,0.0,0.0,0.0,0.0,-4.098535973757961,-4.098535973757961
flat,single,0,off,0,1689,-3.4400047483306686,248.0,0.8279251456260681,0.7877557873725891,1,-3.4400047483306686,-3.4400047483306686,1,0,off,0,0,0.0,0.0,0.0,0.0,0.0,0.0,0.0,0.0,0.0,0.0,0.0,-3.4400047483306686,-3.4400047483306686
flat,single,0,off,0,1690,-4.146494889592274,271.0,0.8127435445785522,0.7470993995666504,1,-4.146494889592274,-4.146494889592274,1,0,off,0,0,0.0,0.0,0.0,0.0,0.0,0.0,0.0,0.0,0.0,0.0,0.0,-4.146494889592274,-4.146494889592274
flat,single,0,off,0,1691,-3.8245224118651695,261.0,0.8226589560508728,0.7858616709709167,1,-3.8245224118651695,-3.8245224118651695,1,0,off,0,0,0.0,0.0,0.0,0.0,0.0,0.0,0.0,0.0,0.0,0.0,0.0,-3.8245224118651695,-3.8245224118651695
flat,single,0,off,0,1692,-3.1860134743479844,238.0,0.8042168617248535,0.7774750590324402,1,-3.1860134743479844,-3.1860134743479844,1,0,off,0,0,0.0,0.0,0.0,0.0,0.0,0.0,0.0,0.0,0.0,0.0,0.0,-3.1860134743479844,-3.1860134743479844
flat,single,0,off,0,1693,-3.203380502711492,238.0,0.7851285934448242,0.7364096641540527,1,-3.203380502711492,-3.203380502711492,1,0,off,0,0,0.0,0.0,0.0,0.0,0.0,0.0,0.0,0.0,0.0,0.0,0.0,-3.203380502711492,-3.203380502711492
flat,single,0,off,0,1694,-3.6106526517984205,253.0,0.815356433391571,0.7689886689186096,1,-3.6106526517984205,-3.6106526517984205,1,0,off,0,0,0.0,0.0,0.0,0.0,0.0,0.0,0.0,0.0,0.0,0.0,0.0,-3.6106526517984205,-3.6106526517984205
flat,single,0,off,0,1695,-3.254003480530788,240.0,0.795983612537384,0.7410153746604919,1,-3.254003480530788,-3.254003480530788,1,0,off,0,0,0.0,0.0,0.0,0.0,0.0,0.0,0.0,0.0,0.0,0.0,0.0,-3.254003480530788,-3.254003480530788
flat,single,0,off,0,1696,-4.592625953818204,287.0,0.8159704208374023,0.7733819484710693,1,-4.592625953818204,-4.592625953818204,1,0,off,0,0,0.0,0.0,0.0,0.0,0.0,0.0,0.0,0.0,0.0,0.0,0.0,-4.592625953818204,-4.592625953818204
flat,single,0,off,0,1697,-2.690129967007068,222.0,0.7920917868614197,0.7774750590324402,1,-2.690129967007068,-2.690129967007068,1,0,off,0,0,0.0,0.0,0.0,0.0,0.0,0.0,0.0,0.0,0.0,0.0,0.0,-2.690129967007068,-2.690129967007068
flat,single,0,off,0,1698,-2.9559052104351387,229.0,0.7780038714408875,0.7232506275177002,1,-2.9559052104351387,-2.9559052104351387,1,0,off,0,0,0.0,0.0,0.0,0.0,0.0,0.0,0.0,0.0,0.0,0.0,0.0,-2.9559052104351387,-2.9559052104351387
flat,single,0,off,0,1699,-3.1114813369558982,238.0,0.7944537997245789,0.7470993995666504,1,-3.1114813369558982,-3.1114813369558982,1,0,off,0,0,0.0,0.0,0.0,0.0,0.0,0.0,0.0,0.0,0.0,0.0,0.0,-3.1114813369558982,-3.1114813369558982
flat,single,0,off,0,1700,-2.7707963514944822,224.0,0.7831862568855286,0.7410153746604919,1,-2.7707963514944822,-2.7707963514944822,1,0,off,0,0,0.0,0.0,0.0,0.0,0.0,0.0,0.0,0.0,0.0,0.0,0.0,-2.7707963514944822,-2.7707963514944822
flat,single,0,off,0,1701,-3.9818740244675217,266.0,0.8303362727165222,0.7867667078971863,1,-3.9818740244675217,-3.9818740244675217,1,0,off,0,0,0.0,0.0,0.0,0.0,0.0,0.0,0.0,0.0,0.0,0.0,0.0,-3.9818740244675217,-3.9818740244675217
flat,single,0,off,0,1702,-4.2263041043712155,275.0,0.825954020023346,0.7932212352752686,1,-4.2263041043712155,-4.2263041043712155,1,0,off,0,0,0.0,0.0,0.0,0.0,0.0,0.0,0.0,0.0,0.0,0.0,0.0,-4.2263041043712155,-4.2263041043712155
flat,single,0,off,0,1703,-3.3741809965483553,242.0,0.7869684100151062,0.7232506275177002,1,-3.3741809965483553,-3.3741809965483553,1,0,off,0,0,0.0,0.0,0.0,0.0,0.0,0.0,0.0,0.0,0.0,0.0,0.0,-3.3741809965483553,-3.3741809965483553
flat,single,0,off,0,1704,-6.308503722888424,300.0,0.7730984091758728,0.686636209487915,0,-6.308503722888424,-6.308503722888424,1,0,off,0,0,0.0,0.0,0.0,0.0,0.0,0.0,0.0,0.0,0.0,0.0,0.0,-6.308503722888424,-6.308503722888424
flat,single,0,off,0,1705,-2.89539958583072,229.0,0.7936474680900574,0.7470993995666504,1,-2.89539958583072,-2.89539958583072,1,0,off,0,0,0.0,0.0,0.0,0.0,0.0,0.0,0.0,0.0,0.0,0.0,0.0,-2.89539958583072,-2.89539958583072
flat,single,0,off,0,1706,-3.809725470748937,261.0,0.8332643508911133,0.7867667078971863,1,-3.809725470748937,-3.809725470748937,1,0,off,0,0,0.0,0.0,0.0,0.0,0.0,0.0,0.0,0.0,0.0,0.0,0.0,-3.809725470748937,-3.809725470748937
flat,single,0,off,0,1707,-8.297285916292475,300.0,0.3195735812187195,0.0315520316362381,0,-8.297285916292475,-8.297285916292475,1,0,off,0,0,0.0,0.0,0.0,0.0,0.0,0.0,0.0,0.0,0.0,0.0,0.0,-8.297285916292475,-8.297285916292475
flat,single,0,off,0,1708,-5.494070922111879,300.0,0.8041907548904419,0.7463518381118774,0,-5.494070922111879,-5.494070922111879,1,0,off,0,0,0.0,0.0,0.0,0.0,0.0,0.0,0.0,0.0,0.0,0.0,0.0,-5.494070922111879,-5.494070922111879
flat,single,0,off,0,1709,-5.980859694251557,300.0,0.7759841084480286,0.509425699710846,0,-5.980859694251557,-5.980859694251557,1,0,off,0,0,0.0,0.0,0.0,0.0,0.0,0.0,0.0,0.0,0.0,0.0,0.0,-5.980859694251557,-5.980859694251557
flat,single,0,off,0,1710,-3.4428350657305877,247.0,0.7864170074462891,0.7452986240386963,1,-3.4428350657305877,-3.4428350657305877,1,0,off,0,0,0.0,0.0,0.0,0.0,0.0,0.0,0.0,0.0,0.0,0.0,0.0,-3.4428350657305877,-3.4428350657305877
flat,single,0,off,0,1711,-4.219269764826151,276.0,0.8192792534828186,0.7942528128623962,1,-4.219269764826151,-4.219269764826151,1,0,off,0,0,0.0,0.0,0.0,0.0,0.0,0.0,0.0,0.0,0.0,0.0,0.0,-4.219269764826151,-4.219269764826151
flat,single,0,off,0,1712,-4.4386123719054735,281.0,0.8129591941833496,0.7470993995666504,1,-4.4386123719054735,-4.4386123719054735,1,0,off,0,0,0.0,0.0,0.0,0.0,0.0,0.0,0.0,0.0,0.0,0.0,0.0,-4.4386123719054735,-4.4386123719054735
flat,single,0,off,0,1713,-3.2312716132739805,241.0,0.8013162612915039,0.7576398253440857,1,-3.2312716132739805,-3.2312716132739805,1,0,off,0,0,0.0,0.0,0.0,0.0,0.0,0.0,0.0,0.0,0.0,0.0,0.0,-3.2312716132739805,-3.2312716132739805
flat,single,0,off,0,1714,-2.3179753982496765,208.0,0.771884560585022,0.7232506275177002,1,-2.3179753982496765,-2.3179753982496765,1,0,off,0,0,0.0,0.0,0.0,0.0,0.0,0.0,0.0,0.0,0.0,0.0,0.0,-2.3179753982496765,-2.3179753982496765
flat,single,0,off,0,1715,-7.651526867761296,300.0,0.5682409405708313,0.10563071817159653,0,-7.651526867761296,-7.651526867761296,1,0,off,0,0,0.0,0.0,0.0,0.0,0.0,0.0,0.0,0.0,0.0,0.0,0.0,-7.651526867761296,-7.651526867761296
flat,single,0,off,0,1716,-3.4383055341220277,247.0,0.7855576872825623,0.7179409861564636,1,-3.4383055341220277,-3.4383055341220277,1,0,off,0,0,0.0,0.0,0.0,0.0,0.0,0.0,0.0,0.0,0.0,0.0,0.0,-3.4383055341220277,-3.4383055341220277
flat,single,0,off,0,1717,-2.7600388563517333,224.0,0.7877689003944397,0.7319686412811279,1,-2.7600388563517333,-2.7600388563517333,1,0,off,0,0,0.0,0.0,0.0,0.0,0.0,0.0,0.0,0.0,0.0,0.0,0.0,-2.7600388563517333,-2.7600388563517333
flat,single,0,off,0,1718,-6.439929566491645,300.0,0.718429446220398,0.47456443309783936,0,-6.439929566491645,-6.439929566491645,1,0,off,0,0,0.0,0.0,0.0,0.0,0.0,0.0,0.0,0.0,0.0,0.0,0.0,-6.439929566491645,-6.439929566491645
flat,single,0,off,0,1719,-4.414753153478938,281.0,0.8051230311393738,0.7576594352722168,1,-4.414753153478938,-4.414753153478938,1,0,off,0,0,0.0,0.0,0.0,0.0,0.0,0.0,0.0,0.0,0.0,0.0,0.0,-4.414753153478938,-4.414753153478938
flat,single,0,off,0,1720,-3.888381091019821,263.0,0.7940077185630798,0.74996417760849,1,-3.888381091019821,-3.888381091019821,1,0,off,0,0,0.0,0.0,0.0,0.0,0.0,0.0,0.0,0.0,0.0,0.0,0.0,-3.888381091019821,-3.888381091019821
flat,single,0,off,0,1721,-5.419448506378096,300.0,0.8095669150352478,0.7502070665359497,0,-5.419448506378096,-5.419448506378096,1,0,off,0,0,0.0,0.0,0.0,0.0,0.0,0.0,0.0,0.0,0.0,0.0,0.0,-5.419448506378096,-5.419448506378096
flat,single,0,off,0,1722,-4.452644452966045,281.0,0.8128555417060852,0.7844878435134888,1,-4.452644452966045,-4.452644452966045,1,0,off,0,0,0.0,0.0,0.0,0.0,0.0,0.0,0.0,0.0,0.0,0.0,0.0,-4.452644452966045,-4.452644452966045
flat,single,0,off,0,1723,-5.425389727664874,300.0,0.7984102964401245,0.7470993995666504,0,-5.425389727664874,-5.425389727664874,1,0,off,0,0,0.0,0.0,0.0,0.0,0.0,0.0,0.0,0.0,0.0,0.0,0.0,-5.425389727664874,-5.425389727664874
flat,single,0,off,0,1724,-4.633501312711733,289.0,0.8171983361244202,0.7621781826019287,1,-4.633501312711733,-4.633501312711733,1,0,off,0,0,0.0,0.0,0.0,0.0,0.0,0.0,0.0,0.0,0.0,0.0,0.0,-4.633501312711733,-4.633501312711733
flat,single,0,off,0,1725,-2.6821883470495105,223.0,0.7912819981575012,0.7689886689186096,1,-2.6821883470495105,-2.6821883470495105,1,0,off,0,0,0.0,0.0,0.0,0.0,0.0,0.0,0.0,0.0,0.0,0.0,0.0,-2.6821883470495105,-2.6821883470495105
flat,single,0,off,0,1726,-2.9098775105073384,229.0,0.8127537965774536,0.7774750590324402,1,-2.9098775105073384,-2.9098775105073384,1,0,off,0,0,0.0,0.0,0.0,0.0,0.0,0.0,0.0,0.0,0.0,0.0,0.0,-2.9098775105073384,-2.9098775105073384
flat,single,0,off,0,1727,-2.8685025579621937,228.0,0.7840943932533264,0.7368783354759216,1,-2.8685025579621937,-2.8685025579621937,1,0,off,0,0,0.0,0.0,0.0,0.0,0.0,0.0,0.0,0.0,0.0,0.0,0.0,-2.8685025579621937,-2.8685025579621937
flat,single,0,off,0,1728,-6.679231708188331,300.0,0.7646865844726562,0.6439455151557922,0,-6.679231708188331,-6.679231708188331,1,0,off,0,0,0.0,0.0,0.0,0.0,0.0,0.0,0.0,0.0,0.0,0.0,0.0,-6.679231708188331,-6.679231708188331
flat,single,0,off,0,1729,-4.925837330924126,297.0,0.8071997761726379,0.7689886689186096,1,-4.925837330924126,-4.925837330924126,1,0,off,0,0,0.0,0.0,0.0,0.0,0.0,0.0,0.0,0.0,0.0,0.0,0.0,-4.925837330924126,-4.925837330924126
flat,single,0,off,0,1730,-3.6456702832691112,253.0,0.7932237982749939,0.762997567653656,1,-3.6456702832691112,-3.6456702832691112,1,0,off,0,0,0.0,0.0,0.0,0.0,0.0,0.0,0.0,0.0,0.0,0.0,0.0,-3.6456702832691112,-3.6456702832691112
flat,single,0,off,0,1731,-3.544850192551945,251.0,0.8173274397850037,0.780683696269989,1,-3.544850192551945,-3.544850192551945,1,0,off,0,0,0.0,0.0,0.0,0.0,0.0,0.0,0.0,0.0,0.0,0.0,0.0,-3.544850192551945,-3.544850192551945
flat,single,0,off,0,1732,-4.163468763373074,271.0,0.8316969871520996,0.8012449741363525,1,-4.163468763373074,-4.163468763373074,1,0,off,0,0,0.0,0.0,0.0,0.0,0.0,0.0,0.0,0.0,0.0,0.0,0.0,-4.163468763373074,-4.163468763373074
flat,single,0,off,0,1733,-3.7536769500496874,260.0,0.8317180275917053,0.7888373732566833,1,-3.7536769500496874,-3.7536769500496874,1,0,off,0,0,0.0,0.0,0.0,0.0,0.0,0.0,0.0,0.0,0.0,0.0,0.0,-3.7536769500496874,-3.7536769500496874
flat,single,0,off,0,1734,-3.2013061840843675,240.0,0.7874464392662048,0.7470993995666504,1,-3.2013061840843675,-3.2013061840843675,1,0,off,0,0,0.0,0.0,0.0,0.0,0.0,0.0,0.0,0.0,0.0,0.0,0.0,-3.2013061840843675,-3.2013061840843675
flat,single,0,off,0,1735,-5.4483927790715905,300.0,0.7866772413253784,0.7129531502723694,0,-5.4483927790715905,-5.4483927790715905,1,0,off,0,0,0.0,0.0,0.0,0.0,0.0,0.0,0.0,0.0,0.0,0.0,0.0,-5.4483927790715905,-5.4483927790715905
flat,single,0,off,0,1736,-3.738512879887108,258.0,0.7970708608627319,0.7393889427185059,1,-3.738512879887108,-3.738512879887108,1,0,off,0,0,0.0,0.0,0.0,0.0,0.0,0.0,0.0,0.0,0.0,0.0,0.0,-3.738512879887108,-3.738512879887108
flat,single,0,off,0,1737,-2.5503770517557807,217.0,0.7915310263633728,0.7410153746604919,1,-2.5503770517557807,-2.5503770517557807,1,0,off,0,0,0.0,0.0,0.0,0.0,0.0,0.0,0.0,0.0,0.0,0.0,0.0,-2.5503770517557807,-2.5503770517557807
flat,single,0,off,0,1738,-3.5199105153383887,250.0,0.7952060103416443,0.7584949731826782,1,-3.5199105153383887,-3.5199105153383887,1,0,off,0,0,0.0,0.0,0.0,0.0,0.0,0.0,0.0,0.0,0.0,0.0,0.0,-3.5199105153383887,-3.5199105153383887
flat,single,0,off,0,1739,-3.421861265988534,249.0,0.7972701787948608,0.754544198513031,1,-3.421861265988534,-3.421861265988534,1,0,off,0,0,0.0,0.0,0.0,0.0,0.0,0.0,0.0,0.0,0.0,0.0,0.0,-3.421861265988534,-3.421861265988534
flat,single,0,off,0,1740,-5.418081228533992,300.0,0.7991428971290588,0.7408692240715027,0,-5.418081228533992,-5.418081228533992,1,0,off,0,0,0.0,0.0,0.0,0.0,0.0,0.0,0.0,0.0,0.0,0.0,0.0,-5.418081228533992,-5.418081228533992
flat,single,0,off,0,1741,-3.149985420863355,237.0,0.7932721376419067,0.7470993995666504,1,-3.149985420863355,-3.149985420863355,1,0,off,0,0,0.0,0.0,0.0,0.0,0.0,0.0,0.0,0.0,0.0,0.0,0.0,-3.149985420863355,-3.149985420863355
flat,single,0,off,0,1742,-3.9772453940147425,267.0,0.7992511987686157,0.7576594352722168,1,-3.9772453940147425,-3.9772453940147425,1,0,off,0,0,0.0,0.0,0.0,0.0,0.0,0.0,0.0,0.0,0.0,0.0,0.0,-3.9772453940147425,-3.9772453940147425
flat,single,0,off,0,1743,-2.990690532507123,230.0,0.7907407879829407,0.7179409861564636,1,-2.990690532507123,-2.990690532507123,1,0,off,0,0,0.0,0.0,0.0,0.0,0.0,0.0,0.0,0.0,0.0,0.0,0.0,-2.990690532507123,-2.990690532507123
flat,single,0,off,0,1744,-2.800726175701692,228.0,0.7892143130302429,0.7576594352722168,1,-2.800726175701692,-2.800726175701692,1,0,off,0,0,0.0,0.0,0.0,0.0,0.0,0.0,0.0,0.0,0.0,0.0,0.0,-2.800726175701692,-2.800726175701692
flat,single,0,off,0,1745,-3.343805862043498,245.0,0.806756317615509,0.7867667078971863,1,-3.343805862043498,-3.343805862043498,1,0,off,0,0,0.0,0.0,0.0,0.0,0.0,0.0,0.0,0.0,0.0,0.0,0.0,-3.343805862043498,-3.343805862043498
flat,single,0,off,0,1746,-2.781219584700873,227.0,0.7994669675827026,0.7470993995666504,1,-2.781219584700873,-2.781219584700873,1,0,off,0,0,0.0,0.0,0.0,0.0,0.0,0.0,0.0,0.0,0.0,0.0,0.0,-2.781219584700873,-2.781219584700873
flat,single,0,off,0,1747,-3.130059107257971,239.0,0.8113059401512146,0.7470993995666504,1,-3.130059107257971,-3.130059107257971,1,0,off,0,0,0.0,0.0,0.0,0.0,0.0,0.0,0.0,0.0,0.0,0.0,0.0,-3.130059107257971,-3.130059107257971
flat,single,0,off,0,1748,-4.488703497285006,281.0,0.8064807057380676,0.7073167562484741,1,-4.488703497285006,-4.488703497285006,1,0,off,0,0,0.0,0.0,0.0,0.0,0.0,0.0,0.0,0.0,0.0,0.0,0.0,-4.488703497285006,-4.488703497285006
flat,single,0,off,0,1749,-3.6905727963545107,255.0,0.8048235774040222,0.780683696269989,1,-3.6905727963545107,-3.6905727963545107,1,0,off,0,0,0.0,0.0,0.0,0.0,0.0,0.0,0.0,0.0,0.0,0.0,0.0,-3.6905727963545107,-3.6905727963545107
flat,single,0,off,0,1750,-3.6744826989294666,254.0,0.7941833138465881,0.7533297538757324,1,-3.6744826989294666,-3.6744826989294666,1,0,off,0,0,0.0,0.0,0.0,0.0,0.0,0.0,0.0,0.0,0.0,0.0,0.0,-3.6744826989294666,-3.6744826989294666
flat,single,0,off,0,1751,-3.939216992887645,265.0,0.8335361480712891,0.7685791850090027,1,-3.939216992887645,-3.939216992887645,1,0,off,0,0,0.0,0.0,0.0,0.0,0.0,0.0,0.0,0.0,0.0,0.0,0.0,-3.939216992887645,-3.939216992887645
flat,single,0,off,0,1752,-4.492232720025332,281.0,0.810393750667572,0.7576398253440857,1,-4.492232720025332,-4.492232720025332,1,0,off,0,0,0.0,0.0,0.0,0.0,0.0,0.0,0.0,0.0,0.0,0.0,0.0,-4.492232720025332,-4.492232720025332
flat,single,0,off,0,1753,-3.694720411098068,256.0,0.8161898851394653,0.7863973379135132,1,-3.694720411098068,-3.694720411098068,1,0,off,0,0,0.0,0.0,0.0,0.0,0.0,0.0,0.0,0.0,0.0,0.0,0.0,-3.694720411098068,-3.694720411098068
flat,single,0,off,0,1754,-4.476904992656768,282.0,0.7994738221168518,0.7700027823448181,1,-4.476904992656768,-4.476904992656768,1,0,off,0,0,0.0,0.0,0.0,0.0,0.0,0.0,0.0,0.0,0.0,0.0,0.0,-4.476904992656768,-4.476904992656768
flat,single,0,off,0,1755,-3.396459252436167,247.0,0.8281392455101013,0.780683696269989,1,-3.396459252436167,-3.396459252436167,1,0,off,0,0,0.0,0.0,0.0,0.0,0.0,0.0,0.0,0.0,0.0,0.0,0.0,-3.396459252436167,-3.396459252436167
flat,single,0,off,0,1756,-4.089167798248813,267.0,0.7918557524681091,0.7232506275177002,1,-4.089167798248813,-4.089167798248813,1,0,off,0,0,0.0,0.0,0.0,0.0,0.0,0.0,0.0,0.0,0.0,0.0,0.0,-4.089167798248813,-4.089167798248813
flat,single,0,off,0,1757,-5.90338982021786,300.0,0.7763447761535645,0.7067185044288635,0,-5.90338982021786,-5.90338982021786,1,0,off,0,0,0.0,0.0,0.0,0.0,0.0,0.0,0.0,0.0,0.0,0.0,0.0,-5.90338982021786,-5.90338982021786
flat,single,0,off,0,1758,-6.566001101984901,300.0,0.7181199789047241,0.5294955372810364,0,-6.566001101984901,-6.566001101984901,1,0,off,0,0,0.0,0.0,0.0,0.0,0.0,0.0,0.0,0.0,0.0,0.0,0.0,-6.566001101984901,-6.566001101984901
flat,single,0,off,0,1759,-4.361089788886004,277.0,0.795281708240509,0.7368783354759216,1,-4.361089788886004,-4.361089788886004,1,0,off,0,0,0.0,0.0,0.0,0.0,0.0,0.0,0.0,0.0,0.0,0.0,0.0,-4.361089788886004,-4.361089788886004
flat,single,0,off,0,1760,-2.637552163959468,220.0,0.786435067653656,0.7410153746604919,1,-2.637552163959468,-2.637552163959468,1,0,off,0,0,0.0,0.0,0.0,0.0,0.0,0.0,0.0,0.0,0.0,0.0,0.0,-2.637552163959468,-2.637552163959468
flat,single,0,off,0,1761,-3.1307083168031937,237.0,0.8000448346138,0.7677785158157349,1,-3.1307083168031937,-3.1307083168031937,1,0,off,0,0,0.0,0.0,0.0,0.0,0.0,0.0,0.0,0.0,0.0,0.0,0.0,-3.1307083168031937,-3.1307083168031937
flat,single,0,off,0,1762,-2.9602178482943913,232.0,0.8023896217346191,0.780139684677124,1,-2.9602178482943913,-2.9602178482943913,1,0,off,0,0,0.0,0.0,0.0,0.0,0.0,0.0,0.0,0.0,0.0,0.0,0.0,-2.9602178482943913,-2.9602178482943913
flat,single,0,off,0,1763,-2.5669442849617843,218.0,0.7949738502502441,0.7576594352722168,1,-2.5669442849617843,-2.5669442849617843,1,0,off,0,0,0.0,0.0,0.0,0.0,0.0,0.0,0.0,0.0,0.0,0.0,0.0,-2.5669442849617843,-2.5669442849617843
flat,single,0,off,0,1764,-3.675684963178333,255.0,0.7899684309959412,0.7489431500434875,1,-3.675684963178333,-3.675684963178333,1,0,off,0,0,0.0,0.0,0.0,0.0,0.0,0.0,0.0,0.0,0.0,0.0,0.0,-3.675684963178333,-3.675684963178333
flat,single,0,off,0,1765,-5.471989221527467,300.0,0.8143841028213501,0.724578857421875,0,-5.471989221527467,-5.471989221527467,1,0,off,0,0,0.0,0.0,0.0,0.0,0.0,0.0,0.0,0.0,0.0,0.0,0.0,-5.471989221527467,-5.471989221527467
flat,single,0,off,0,1766,-2.6560671821830204,221.0,0.8035634160041809,0.7470993995666504,1,-2.6560671821830204,-2.6560671821830204,1,0,off,0,0,0.0,0.0,0.0,0.0,0.0,0.0,0.0,0.0,0.0,0.0,0.0,-2.6560671821830204,-2.6560671821830204
flat,single,0,off,0,1767,-3.4705695997317956,248.0,0.7934833765029907,0.7470993995666504,1,-3.4705695997317956,-3.4705695997317956,1,0,off,0,0,0.0,0.0,0.0,0.0,0.0,0.0,0.0,0.0,0.0,0.0,0.0,-3.4705695997317956,-3.4705695997317956
flat,single,0,off,0,1768,-3.787083855591466,260.0,0.8192402124404907,0.7877557873725891,1,-3.787083855591466,-3.787083855591466,1,0,off,0,0,0.0,0.0,0.0,0.0,0.0,0.0,0.0,0.0,0.0,0.0,0.0,-3.787083855591466,-3.787083855591466
flat,single,0,off,0,1769,-3.6455763217853114,253.0,0.7918988466262817,0.754544198513031,1,-3.6455763217853114,-3.6455763217853114,1,0,off,0,0,0.0,0.0,0.0,0.0,0.0,0.0,0.0,0.0,0.0,0.0,0.0,-3.6455763217853114,-3.6455763217853114
flat,single,0,off,0,1770,-4.021566886224301,267.0,0.8088455200195312,0.7470993995666504,1,-4.021566886224301,-4.021566886224301,1,0,off,0,0,0.0,0.0,0.0,0.0,0.0,0.0,0.0,0.0,0.0,0.0,0.0,-4.021566886224301,-4.021566886224301
flat,single,0,off,0,1771,-3.309022133195518,243.0,0.8171486854553223,0.7811338305473328,1,-3.309022133195518,-3.309022133195518,1,0,off,0,0,0.0,0.0,0.0,0.0,0.0,0.0,0.0,0.0,0.0,0.0,0.0,-3.309022133195518,-3.309022133195518
flat,single,0,off,0,1772,-3.412556739967529,246.0,0.7935195565223694,0.7452986240386963,1,-3.412556739967529,-3.412556739967529,1,0,off,0,0,0.0,0.0,0.0,0.0,0.0,0.0,0.0,0.0,0.0,0.0,0.0,-3.412556739967529,-3.412556739967529
flat,single,0,off,0,1773,-2.8429399550915573,227.0,0.7966141700744629,0.7319686412811279,1,-2.8429399550915573,-2.8429399550915573,1,0,off,0,0,0.0,0.0,0.0,0.0,0.0,0.0,0.0,0.0,0.0,0.0,0.0,-2.8429399550915573,-2.8429399550915573
flat,single,0,off,0,1774,-3.4666925754502724,249.0,0.8127691149711609,0.7430217266082764,1,-3.4666925754502724,-3.4666925754502724,1,0,off,0,0,0.0,0.0,0.0,0.0,0.0,0.0,0.0,0.0,0.0,0.0,0.0,-3.4666925754502724,-3.4666925754502724
flat,single,0,off,0,1775,-4.216567406469236,273.0,0.8265367150306702,0.7689886689186096,1,-4.216567406469236,-4.216567406469236,1,0,off,0,0,0.0,0.0,0.0,0.0,0.0,0.0,0.0,0.0,0.0,0.0,0.0,-4.216567406469236,-4.216567406469236
flat,single,0,off,0,1776,-3.9848676792019777,267.0,0.825067937374115,0.7892516851425171,1,-3.9848676792019777,-3.9848676792019777,1,0,off,0,0,0.0,0.0,0.0,0.0,0.0,0.0,0.0,0.0,0.0,0.0,0.0,-3.9848676792019777,-3.9848676792019777
flat,single,0,off,0,1777,-3.8172236923768352,260.0,0.7862841486930847,0.7576594352722168,1,-3.8172236923768352,-3.8172236923768352,1,0,off,0,0,0.0,0.0,0.0,0.0,0.0,0.0,0.0,0.0,0.0,0.0,0.0,-3.8172236923768352,-3.8172236923768352
flat,single,0,off,0,1778,-4.987304905871869,300.0,0.8167380690574646,0.7710239887237549,1,-4.987304905871869,-4.987304905871869,1,0,off,0,0,0.0,0.0,0.0,0.0,0.0,0.0,0.0,0.0,0.0,0.0,0.0,-4.987304905871869,-4.987304905871869
flat,single,0,off,0,1779,-2.8650341641192596,228.0,0.8036494851112366,0.7858616709709167,1,-2.8650341641192596,-2.8650341641192596,1,0,off,0,0,0.0,0.0,0.0,0.0,0.0,0.0,0.0,0.0,0.0,0.0,0.0,-2.8650341641192596,-2.8650341641192596
flat,single,0,off,0,1780,-4.289009931946625,276.0,0.827434241771698,0.7926404476165771,1,-4.289009931946625,-4.289009931946625,1,0,off,0,0,0.0,0.0,0.0,0.0,0.0,0.0,0.0,0.0,0.0,0.0,0.0,-4.289009931946625,-4.289009931946625
flat,single,0,off,0,1781,-5.5100987018318905,300.0,0.7685225605964661,0.6143015027046204,0,-5.5100987018318905,-5.5100987018318905,1,0,off,0,0,0.0,0.0,0.0,0.0,0.0,0.0,0.0,0.0,0.0,0.0,0.0,-5.5100987018318905,-5.5100987018318905
flat,single,0,off,0,1782,-3.3395303212327296,244.0,0.814845085144043,0.7685791850090027,1,-3.3395303212327296,-3.3395303212327296,1,0,off,0,0,0.0,0.0,0.0,0.0,0.0,0.0,0.0,0.0,0.0,0.0,0.0,-3.3395303212327296,-3.3395303212327296
flat,single,0,off,0,1783,-3.2471997166995283,241.0,0.7908576726913452,0.7470993995666504,1,-3.2471997166995283,-3.2471997166995283,1,0,off,0,0,0.0,0.0,0.0,0.0,0.0,0.0,0.0,0.0,0.0,0.0,0.0,-3.2471997166995283,-3.2471997166995283
flat,single,0,off,0,1784,-4.433356272396622,282.0,0.859380304813385,0.780683696269989,1,-4.433356272396622,-4.433356272396622,1,0,off,0,0,0.0,0.0,0.0,0.0,0.0,0.0,0.0,0.0,0.0,0.0,0.0,-4.433356272396622,-4.433356272396622
flat,single,0,off,0,1785,-3.6856953634600833,256.0,0.8071637749671936,0.7576398253440857,1,-3.6856953634600833,-3.6856953634600833,1,0,off,0,0,0.0,0.0,0.0,0.0,0.0,0.0,0.0,0.0,0.0,0.0,0.0,-3.6856953634600833,-3.6856953634600833
flat,single,0,off,0,1786,-3.119851568010615,236.0,0.8121861219406128,0.7533297538757324,1,-3.119851568010615,-3.119851568010615,1,0,off,0,0,0.0,0.0,0.0,0.0,0.0,0.0,0.0,0.0,0.0,0.0,0.0,-3.119851568010615,-3.119851568010615
flat,single,0,off,0,1787,-2.576167000140971,218.0,0.794143795967102,0.7576398253440857,1,-2.576167000140971,-2.576167000140971,1,0,off,0,0,0.0,0.0,0.0,0.0,0.0,0.0,0.0,0.0,0.0,0.0,0.0,-2.576167000140971,-2.576167000140971
flat,single,0,off,0,1788,-2.8884896363247927,230.0,0.802311360836029,0.7618367075920105,1,-2.8884896363247927,-2.8884896363247927,1,0,off,0,0,0.0,0.0,0.0,0.0,0.0,0.0,0.0,0.0,0.0,0.0,0.0,-2.8884896363247927,-2.8884896363247927
flat,single,0,off,0,1789,-4.057985746054889,268.0,0.7963486313819885,0.7470993995666504,1,-4.057985746054889,-4.057985746054889,1,0,off,0,0,0.0,0.0,0.0,0.0,0.0,0.0,0.0,0.0,0.0,0.0,0.0,-4.057985746054889,-4.057985746054889
flat,single,0,off,0,1790,-3.7365178514760684,257.0,0.8212422132492065,0.7470993995666504,1,-3.7365178514760684,-3.7365178514760684,1,0,off,0,0,0.0,0.0,0.0,0.0,0.0,0.0,0.0,0.0,0.0,0.0,0.0,-3.7365178514760684,-3.7365178514760684
flat,single,0,off,0,1791,-5.897770500427583,300.0,0.7944340109825134,0.6729794144630432,0,-5.897770500427583,-5.897770500427583,1,0,off,0,0,0.0,0.0,0.0,0.0,0.0,0.0,0.0,0.0,0.0,0.0,0.0,-5.897770500427583,-5.897770500427583
flat,single,0,off,0,1792,-2.575315134312238,218.0,0.7886560559272766,0.7470993995666504,1,-2.575315134312238,-2.575315134312238,1,0,off,0,0,0.0,0.0,0.0,0.0,0.0,0.0,0.0,0.0,0.0,0.0,0.0,-2.575315134312238,-2.575315134312238
flat,single,0,off,0,1793,-7.468399824108952,300.0,0.632594645023346,0.41291818022727966,0,-7.468399824108952,-7.468399824108952,1,0,off,0,0,0.0,0.0,0.0,0.0,0.0,0.0,0.0,0.0,0.0,0.0,0.0,-7.468399824108952,-7.468399824108952
flat,single,0,off,0,1794,-3.014600411863043,232.0,0.7759591937065125,0.725749671459198,1,-3.014600411863043,-3.014600411863043,1,0,off,0,0,0.0,0.0,0.0,0.0,0.0,0.0,0.0,0.0,0.0,0.0,0.0,-3.014600411863043,-3.014600411863043
flat,single,0,off,0,1795,-3.325306782661918,245.0,0.8303634524345398,0.7936966419219971,1,-3.325306782661918,-3.325306782661918,1,0,off,0,0,0.0,0.0,0.0,0.0,0.0,0.0,0.0,0.0,0.0,0.0,0.0,-3.325306782661918,-3.325306782661918
flat,single,0,off,0,1796,-5.920083550672284,300.0,0.789577066898346,0.5340805053710938,0,-5.920083550672284,-5.920083550672284,1,0,off,0,0,0.0,0.0,0.0,0.0,0.0,0.0,0.0,0.0,0.0,0.0,0.0,-5.920083550672284,-5.920083550672284
flat,single,0,off,0,1797,-3.547641880718275,251.0,0.8079304099082947,0.7470993995666504,1,-3.547641880718275,-3.547641880718275,1,0,off,0,0,0.0,0.0,0.0,0.0,0.0,0.0,0.0,0.0,0.0,0.0,0.0,-3.547641880718275,-3.547641880718275
flat,single,0,off,0,1798,-3.425810663660501,247.0,0.7868556976318359,0.7576594352722168,1,-3.425810663660501,-3.425810663660501,1,0,off,0,0,0.0,0.0,0.0,0.0,0.0,0.0,0.0,0.0,0.0,0.0,0.0,-3.425810663660501,-3.425810663660501
flat,single,0,off,0,1799,-3.8850809397967243,263.0,0.8286885023117065,0.7877557873725891,1,-3.8850809397967243,-3.8850809397967243,1,0,off,0,0,0.0,0.0,0.0,0.0,0.0,0.0,0.0,0.0,0.0,0.0,0.0,-3.8850809397967243,-3.8850809397967243
flat,single,0,off,0,1800,-5.4963419533189315,300.0,0.8140791058540344,0.6665500402450562,0,-5.4963419533189315,-5.4963419533189315,1,0,off,0,0,0.0,0.0,0.0,0.0,0.0,0.0,0.0,0.0,0.0,0.0,0.0,-5.4963419533189315,-5.4963419533189315
flat,single,0,off,0,1801,-4.930613452548859,298.0,0.8484706282615662,0.780683696269989,1,-4.930613452548859,-4.930613452548859,1,0,off,0,0,0.0,0.0,0.0,0.0,0.0,0.0,0.0,0.0,0.0,0.0,0.0,-4.930613452548859,-4.930613452548859
flat,single,0,off,0,1802,-3.1527731711242613,237.0,0.8159440159797668,0.801379919052124,1,-3.1527731711242613,-3.1527731711242613,1,0,off,0,0,0.0,0.0,0.0,0.0,0.0,0.0,0.0,0.0,0.0,0.0,0.0,-3.1527731711242613,-3.1527731711242613
flat,single,0,off,0,1803,-5.016239943929264,293.0,0.8147571682929993,0.7494730949401855,1,-5.016239943929264,-5.016239943929264,1,0,off,0,0,0.0,0.0,0.0,0.0,0.0,0.0,0.0,0.0,0.0,0.0,0.0,-5.016239943929264,-5.016239943929264
flat,single,0,off,0,1804,-2.741997871628242,224.0,0.8030158281326294,0.7470993995666504,1,-2.741997871628242,-2.741997871628242,1,0,off,0,0,0.0,0.0,0.0,0.0,0.0,0.0,0.0,0.0,0.0,0.0,0.0,-2.741997871628242,-2.741997871628242
flat,single,0,off,0,1805,-3.5273713514720804,249.0,0.7863688468933105,0.7232506275177002,1,-3.5273713514720804,-3.5273713514720804,1,0,off,0,0,0.0,0.0,0.0,0.0,0.0,0.0,0.0,0.0,0.0,0.0,0.0,-3.5273713514720804,-3.5273713514720804
flat,single,0,off,0,1806,-4.0168737491918485,268.0,0.8481961488723755,0.8054441213607788,1,-4.0168737491918485,-4.0168737491918485,1,0,off,0,0,0.0,0.0,0.0,0.0,0.0,0.0,0.0,0.0,0.0,0.0,0.0,-4.0168737491918485,-4.0168737491918485
flat,single,0,off,0,1807,-4.840891456978861,297.0,0.8455453515052795,0.7821484804153442,1,-4.840891456978861,-4.840891456978861,1,0,off,0,0,0.0,0.0,0.0,0.0,0.0,0.0,0.0,0.0,0.0,0.0,0.0,-4.840891456978861,-4.840891456978861
flat,single,0,off,0,1808,-4.5761029075179165,284.0,0.8220868706703186,0.7533297538757324,1,-4.5761029075179165,-4.5761029075179165,1,0,off,0,0,0.0,0.0,0.0,0.0,0.0,0.0,0.0,0.0,0.0,0.0,0.0,-4.5761029075179165,-4.5761029075179165
flat,single,0,off,0,1809,-3.0040793019207057,233.0,0.8123398423194885,0.7689886689186096,1,-3.0040793019207057,-3.0040793019207057,1,0,off,0,0,0.0,0.0,0.0,0.0,0.0,0.0,0.0,0.0,0.0,0.0,0.0,-3.0040793019207057,-3.0040793019207057
flat,single,0,off,0,1810,-3.054033816450951,232.0,0.7782281041145325,0.7179409861564636,1,-3.054033816450951,-3.054033816450951,1,0,off,0,0,0.0,0.0,0.0,0.0,0.0,0.0,0.0,0.0,0.0,0.0,0.0,-3.054033816450951,-3.054033816450951
flat,single,0,off,0,1811,-3.542022242716034,254.0,0.8281912803649902,0.7824116349220276,1,-3.542022242716034,-3.542022242716034,1,0,off,0,0,0.0,0.0,0.0,0.0,0.0,0.0,0.0,0.0,0.0,0.0,0.0,-3.542022242716034,-3.542022242716034
flat,single,0,off,0,1812,-3.2266275083948703,241.0,0.8060389757156372,0.7410153746604919,1,-3.2266275083948703,-3.2266275083948703,1,0,off,0,0,0.0,0.0,0.0,0.0,0.0,0.0,0.0,0.0,0.0,0.0,0.0,-3.2266275083948703,-3.2266275083948703
flat,single,0,off,0,1813,-3.1385814937494927,237.0,0.8059960007667542,0.7579656839370728,1,-3.1385814937494927,-3.1385814937494927,1,0,off,0,0,0.0,0.0,0.0,0.0,0.0,0.0,0.0,0.0,0.0,0.0,0.0,-3.1385814937494927,-3.1385814937494927
flat,single,0,off,0,1814,-3.247383684980429,241.0,0.7931603193283081,0.7440680861473083,1,-3.247383684980429,-3.247383684980429,1,0,off,0,0,0.0,0.0,0.0,0.0,0.0,0.0,0.0,0.0,0.0,0.0,0.0,-3.247383684980429,-3.247383684980429
flat,single,0,off,0,1815,-5.478477978135914,300.0,0.8052312731742859,0.6738534569740295,0,-5.478477978135914,-5.478477978135914,1,0,off,0,0,0.0,0.0,0.0,0.0,0.0,0.0,0.0,0.0,0.0,0.0,0.0,-5.478477978135914,-5.478477978135914
flat,single,0,off,0,1816,-3.448149940196875,245.0,0.7783957719802856,0.7232506275177002,1,-3.448149940196875,-3.448149940196875,1,0,off,0,0,0.0,0.0,0.0,0.0,0.0,0.0,0.0,0.0,0.0,0.0,0.0,-3.448149940196875,-3.448149940196875
flat,single,0,off,0,1817,-3.2322213807492304,240.0,0.8067149519920349,0.7623991966247559,1,-3.2322213807492304,-3.2322213807492304,1,0,off,0,0,0.0,0.0,0.0,0.0,0.0,0.0,0.0,0.0,0.0,0.0,0.0,-3.2322213807492304,-3.2322213807492304
flat,single,0,off,0,1818,-2.9209239408082595,230.0,0.8040637969970703,0.7470993995666504,1,-2.9209239408082595,-2.9209239408082595,1,0,off,0,0,0.0,0.0,0.0,0.0,0.0,0.0,0.0,0.0,0.0,0.0,0.0,-2.9209239408082595,-2.9209239408082595
flat,single,0,off,0,1819,-5.476895893097396,300.0,0.8093438148498535,0.6853541731834412,0,-5.476895893097396,-5.476895893097396,1,0,off,0,0,0.0,0.0,0.0,0.0,0.0,0.0,0.0,0.0,0.0,0.0,0.0,-5.476895893097396,-5.476895893097396
flat,single,0,off,0,1820,-3.4774350919283292,249.0,0.8247013688087463,0.8045920729637146,1,-3.4774350919283292,-3.4774350919283292,1,0,off,0,0,0.0,0.0,0.0,0.0,0.0,0.0,0.0,0.0,0.0,0.0,0.0,-3.4774350919283292,-3.4774350919283292
flat,single,0,off,0,1821,-3.3804958571330377,245.0,0.8193537592887878,0.7689886689186096,1,-3.3804958571330377,-3.3804958571330377,1,0,off,0,0,0.0,0.0,0.0,0.0,0.0,0.0,0.0,0.0,0.0,0.0,0.0,-3.3804958571330377,-3.3804958571330377
flat,single,0,off,0,1822,-2.7783506175572867,226.0,0.7965410947799683,0.7470993995666504,1,-2.7783506175572867,-2.7783506175572867,1,0,off,0,0,0.0,0.0,0.0,0.0,0.0,0.0,0.0,0.0,0.0,0.0,0.0,-2.7783506175572867,-2.7783506175572867
flat,single,0,off,0,1823,-2.3132520066317936,208.0,0.7773131728172302,0.7269511818885803,1,-2.3132520066317936,-2.3132520066317936,1,0,off,0,0,0.0,0.0,0.0,0.0,0.0,0.0,0.0,0.0,0.0,0.0,0.0,-2.3132520066317936,-2.3132520066317936
flat,single,0,off,0,1824,-3.4343494034057764,248.0,0.8079091906547546,0.7855499982833862,1,-3.4343494034057764,-3.4343494034057764,1,0,off,0,0,0.0,0.0,0.0,0.0,0.0,0.0,0.0,0.0,0.0,0.0,0.0,-3.4343494034057764,-3.4343494034057764
flat,single,0,off,0,1825,-6.745542229025165,300.0,0.6434182524681091,0.2232244610786438,0,-6.745542229025165,-6.745542229025165,1,0,off,0,0,0.0,0.0,0.0,0.0,0.0,0.0,0.0,0.0,0.0,0.0,0.0,-6.745542229025165,-6.745542229025165
flat,single,0,off,0,1826,-4.568434818687377,284.0,0.8229293823242188,0.7863973379135132,1,-4.568434818687377,-4.568434818687377,1,0,off,0,0,0.0,0.0,0.0,0.0,0.0,0.0,0.0,0.0,0.0,0.0,0.0,-4.568434818687377,-4.568434818687377
flat,single,0,off,0,1827,-3.2817318775481326,242.0,0.8009520173072815,0.7649171948432922,1,-3.2817318775481326,-3.2817318775481326,1,0,off,0,0,0.0,0.0,0.0,0.0,0.0,0.0,0.0,0.0,0.0,0.0,0.0,-3.2817318775481326,-3.2817318775481326
flat,single,0,off,0,1828,-3.294600184136045,242.0,0.8120041489601135,0.765058696269989,1,-3.294600184136045,-3.294600184136045,1,0,off,0,0,0.0,0.0,0.0,0.0,0.0,0.0,0.0,0.0,0.0,0.0,0.0,-3.294600184136045,-3.294600184136045
flat,single,0,off,0,1829,-2.457629388477631,215.0,0.7880507111549377,0.7576398253440857,1,-2.457629388477631,-2.457629388477631,1,0,off,0,0,0.0,0.0,0.0,0.0,0.0,0.0,0.0,0.0,0.0,0.0,0.0,-2.457629388477631,-2.457629388477631
flat,single,0,off,0,1830,-2.5780955913686086,218.0,0.7918052673339844,0.7667514681816101,1,-2.5780955913686086,-2.5780955913686086,1,0,off,0,0,0.0,0.0,0.0,0.0,0.0,0.0,0.0,0.0,0.0,0.0,0.0,-2.5780955913686086,-2.5780955913686086
flat,single,0,off,0,1831,-2.7813952877593486,225.0,0.8004783391952515,0.7470993995666504,1,-2.7813952877593486,-2.7813952877593486,1,0,off,0,0,0.0,0.0,0.0,0.0,0.0,0.0,0.0,0.0,0.0,0.0,0.0,-2.7813952877593486,-2.7813952877593486
flat,single,0,off,0,1832,-3.6196913884207396,251.0,0.785304605960846,0.7218726873397827,1,-3.6196913884207396,-3.6196913884207396,1,0,off,0,0,0.0,0.0,0.0,0.0,0.0,0.0,0.0,0.0,0.0,0.0,0.0,-3.6196913884207396,-3.6196913884207396
flat,single,0,off,0,1833,-2.8381220928521196,226.0,0.7907635569572449,0.7179409861564636,1,-2.8381220928521196,-2.8381220928521196,1,0,off,0,0,0.0,0.0,0.0,0.0,0.0,0.0,0.0,0.0,0.0,0.0,0.0,-2.8381220928521196,-2.8381220928521196
flat,single,0,off,0,1834,-3.069388618366783,235.0,0.8090239763259888,0.7579656839370728,1,-3.069388618366783,-3.069388618366783,1,0,off,0,0,0.0,0.0,0.0,0.0,0.0,0.0,0.0,0.0,0.0,0.0,0.0,-3.069388618366783,-3.069388618366783
flat,single,0,off,0,1835,-5.422166430600914,300.0,0.8296345472335815,0.789374828338623,0,-5.422166430600914,-5.422166430600914,1,0,off,0,0,0.0,0.0,0.0,0.0,0.0,0.0,0.0,0.0,0.0,0.0,0.0,-5.422166430600914,-5.422166430600914
flat,single,0,off,0,1836,-4.08817325981216,270.0,0.8362358212471008,0.8177283406257629,1,-4.08817325981216,-4.08817325981216,1,0,off,0,0,0.0,0.0,0.0,0.0,0.0,0.0,0.0,0.0,0.0,0.0,0.0,-4.08817325981216,-4.08817325981216
flat,single,0,off,0,1837,-3.3921035487332696,246.0,0.8107805252075195,0.7649950385093689,1,-3.3921035487332696,-3.3921035487332696,1,0,off,0,0,0.0,0.0,0.0,0.0,0.0,0.0,0.0,0.0,0.0,0.0,0.0,-3.3921035487332696,-3.3921035487332696
flat,single,0,off,0,1838,-3.1989288311148716,239.0,0.7951930165290833,0.7452986240386963,1,-3.1989288311148716,-3.1989288311148716,1,0,off,0,0,0.0,0.0,0.0,0.0,0.0,0.0,0.0,0.0,0.0,0.0,0.0,-3.1989288311148716,-3.1989288311148716
flat,single,0,off,0,1839,-2.751078434007925,224.0,0.8012831807136536,0.7677785158157349,1,-2.751078434007925,-2.751078434007925,1,0,off,0,0,0.0,0.0,0.0,0.0,0.0,0.0,0.0,0.0,0.0,0.0,0.0,-2.751078434007925,-2.751078434007925
flat,single,0,off,0,1840,-4.123187140157662,268.0,0.7976973652839661,0.7179409861564636,1,-4.123187140157662,-4.123187140157662,1,0,off,0,0,0.0,0.0,0.0,0.0,0.0,0.0,0.0,0.0,0.0,0.0,0.0,-4.123187140157662,-4.123187140157662
flat,single,0,off,0,1841,-2.9655214288097147,230.0,0.7880026698112488,0.7319686412811279,1,-2.9655214288097147,-2.9655214288097147,1,0,off,0,0,0.0,0.0,0.0,0.0,0.0,0.0,0.0,0.0,0.0,0.0,0.0,-2.9655214288097147,-2.9655214288097147
flat,single,0,off,0,1842,-2.7389455579651742,222.0,0.7853134870529175,0.7364097237586975,1,-2.7389455579651742,-2.7389455579651742,1,0,off,0,0,0.0,0.0,0.0,0.0,0.0,0.0,0.0,0.0,0.0,0.0,0.0,-2.7389455579651742,-2.7389455579651742
flat,single,0,off,0,1843,-2.923663594672673,230.0,0.7927516102790833,0.7444784641265869,1,-2.923663594672673,-2.923663594672673,1,0,off,0,0,0.0,0.0,0.0,0.0,0.0,0.0,0.0,0.0,0.0,0.0,0.0,-2.923663594672673,-2.923663594672673
flat,single,0,off,0,1844,-2.623307036065943,219.0,0.7876585721969604,0.7470993995666504,1,-2.623307036065943,-2.623307036065943,1,0,off,0,0,0.0,0.0,0.0,0.0,0.0,0.0,0.0,0.0,0.0,0.0,0.0,-2.623307036065943,-2.623307036065943
flat,single,0,off,0,1845,-2.656068158616534,221.0,0.7965211272239685,0.7470993995666504,1,-2.656068158616534,-2.656068158616534,1,0,off,0,0,0.0,0.0,0.0,0.0,0.0,0.0,0.0,0.0,0.0,0.0,0.0,-2.656068158616534,-2.656068158616534
flat,single,0,off,0,1846,-2.5382984647306017,216.0,0.7885145545005798,0.7232506275177002,1,-2.5382984647306017,-2.5382984647306017,1,0,off,0,0,0.0,0.0,0.0,0.0,0.0,0.0,0.0,0.0,0.0,0.0,0.0,-2.5382984647306017,-2.5382984647306017
flat,single,0,off,0,1847,-3.0584180129447263,234.0,0.8139419555664062,0.7452986240386963,1,-3.0584180129447263,-3.0584180129447263,1,0,off,0,0,0.0,0.0,0.0,0.0,0.0,0.0,0.0,0.0,0.0,0.0,0.0,-3.0584180129447263,-3.0584180129447263
flat,single,0,off,0,1848,-3.3074696843419007,242.0,0.8146165609359741,0.7854447364807129,1,-3.3074696843419007,-3.3074696843419007,1,0,off,0,0,0.0,0.0,0.0,0.0,0.0,0.0,0.0,0.0,0.0,0.0,0.0,-3.3074696843419007,-3.3074696843419007
flat,single,0,off,0,1849,-5.294357402180308,300.0,0.844054639339447,0.7868055105209351,0,-5.294357402180308,-5.294357402180308,1,0,off,0,0,0.0,0.0,0.0,0.0,0.0,0.0,0.0,0.0,0.0,0.0,0.0,-5.294357402180308,-5.294357402180308
flat,single,0,off,0,1850,-3.215707121229477,239.0,0.8187511563301086,0.780683696269989,1,-3.215707121229477,-3.215707121229477,1,0,off,0,0,0.0,0.0,0.0,0.0,0.0,0.0,0.0,0.0,0.0,0.0,0.0,-3.215707121229477,-3.215707121229477
flat,single,0,off,0,1851,-2.901024637629719,227.0,0.7849456667900085,0.7179409861564636,1,-2.901024637629719,-2.901024637629719,1,0,off,0,0,0.0,0.0,0.0,0.0,0.0,0.0,0.0,0.0,0.0,0.0,0.0,-2.901024637629719,-2.901024637629719
flat,single,0,off,0,1852,-2.6826896163599914,222.0,0.8060199618339539,0.7470993995666504,1,-2.6826896163599914,-2.6826896163599914,1,0,off,0,0,0.0,0.0,0.0,0.0,0.0,0.0,0.0,0.0,0.0,0.0,0.0,-2.6826896163599914,-2.6826896163599914
flat,single,0,off,0,1853,-4.289753504270926,274.0,0.8019643425941467,0.7368783354759216,1,-4.289753504270926,-4.289753504270926,1,0,off,0,0,0.0,0.0,0.0,0.0,0.0,0.0,0.0,0.0,0.0,0.0,0.0,-4.289753504270926,-4.289753504270926
flat,single,0,off,0,1854,-4.204786147046234,275.0,0.8499521017074585,0.8045920729637146,1,-4.204786147046234,-4.204786147046234,1,0,off,0,0,0.0,0.0,0.0,0.0,0.0,0.0,0.0,0.0,0.0,0.0,0.0,-4.204786147046234,-4.204786147046234
flat,single,0,off,0,1855,-2.6537738989502944,219.0,0.7807344794273376,0.7232506275177002,1,-2.6537738989502944,-2.6537738989502944,1,0,off,0,0,0.0,0.0,0.0,0.0,0.0,0.0,0.0,0.0,0.0,0.0,0.0,-2.6537738989502944,-2.6537738989502944
flat,single,0,off,0,1856,-3.64063021983367,253.0,0.8085755109786987,0.7829770445823669,1,-3.64063021983367,-3.64063021983367,1,0,off,0,0,0.0,0.0,0.0,0.0,0.0,0.0,0.0,0.0,0.0,0.0,0.0,-3.64063021983367,-3.64063021983367
flat,single,0,off,0,1857,-2.7016464052337597,222.0,0.7920491099357605,0.7379092574119568,1,-2.7016464052337597,-2.7016464052337597,1,0,off,0,0,0.0,0.0,0.0,0.0,0.0,0.0,0.0,0.0,0.0,0.0,0.0,-2.7016464052337597,-2.7016464052337597
flat,single,0,off,0,1858,-2.698987475897867,224.0,0.798704206943512,0.774215817451477,1,-2.698987475897867,-2.698987475897867,1,0,off,0,0,0.0,0.0,0.0,0.0,0.0,0.0,0.0,0.0,0.0,0.0,0.0,-2.698987475897867,-2.698987475897867
flat,single,0,off,0,1859,-3.575619365975704,252.0,0.814474880695343,0.7689886689186096,1,-3.575619365975704,-3.575619365975704,1,0,off,0,0,0.0,0.0,0.0,0.0,0.0,0.0,0.0,0.0,0.0,0.0,0.0,-3.575619365975704,-3.575619365975704
flat,single,0,off,0,1860,-3.254408213414697,240.0,0.8113070726394653,0.780683696269989,1,-3.254408213414697,-3.254408213414697,1,0,off,0,0,0.0,0.0,0.0,0.0,0.0,0.0,0.0,0.0,0.0,0.0,0.0,-3.254408213414697,-3.254408213414697
flat,single,0,off,0,1861,-5.382920472638204,300.0,0.8502170443534851,0.7357521653175354,0,-5.382920472638204,-5.382920472638204,1,0,off,0,0,0.0,0.0,0.0,0.0,0.0,0.0,0.0,0.0,0.0,0.0,0.0,-5.382920472638204,-5.382920472638204
flat,single,0,off,0,1862,-2.9566939828404992,231.0,0.7965914607048035,0.754544198513031,1,-2.9566939828404992,-2.9566939828404992,1,0,off,0,0,0.0,0.0,0.0,0.0,0.0,0.0,0.0,0.0,0.0,0.0,0.0,-2.9566939828404992,-2.9566939828404992
flat,single,0,off,0,1863,-4.7184703903773375,288.0,0.803366482257843,0.7307732105255127,1,-4.7184703903773375,-4.7184703903773375,1,0,off,0,0,0.0,0.0,0.0,0.0,0.0,0.0,0.0,0.0,0.0,0.0,0.0,-4.7184703903773375,-4.7184703903773375
flat,single,0,off,0,1864,-2.576093155414546,216.0,0.7911010980606079,0.7179409861564636,1,-2.576093155414546,-2.576093155414546,1,0,off,0,0,0.0,0.0,0.0,0.0,0.0,0.0,0.0,0.0,0.0,0.0,0.0,-2.576093155414546,-2.576093155414546
flat,single,0,off,0,1865,-2.770790277105973,224.0,0.8029755353927612,0.7470993995666504,1,-2.770790277105973,-2.770790277105973,1,0,off,0,0,0.0,0.0,0.0,0.0,0.0,0.0,0.0,0.0,0.0,0.0,0.0,-2.770790277105973,-2.770790277105973
flat,single,0,off,0,1866,-2.4211101819330216,213.0,0.7840651273727417,0.74996417760849,1,-2.4211101819330216,-2.4211101819330216,1,0,off,0,0,0.0,0.0,0.0,0.0,0.0,0.0,0.0,0.0,0.0,0.0,0.0,-2.4211101819330216,-2.4211101819330216
flat,single,0,off,0,1867,-2.8265524964674658,226.0,0.7955292463302612,0.7368783354759216,1,-2.8265524964674658,-2.8265524964674658,1,0,off,0,0,0.0,0.0,0.0,0.0,0.0,0.0,0.0,0.0,0.0,0.0,0.0,-2.8265524964674658,-2.8265524964674658
flat,single,0,off,0,1868,-4.355159322543747,279.0,0.8455347418785095,0.7991447448730469,1,-4.355159322543747,-4.355159322543747,1,0,off,0,0,0.0,0.0,0.0,0.0,0.0,0.0,0.0,0.0,0.0,0.0,0.0,-4.355159322543747,-4.355159322543747
flat,single,0,off,0,1869,-2.5348081788408914,216.0,0.7830647230148315,0.7218728065490723,1,-2.5348081788408914,-2.5348081788408914,1,0,off,0,0,0.0,0.0,0.0,0.0,0.0,0.0,0.0,0.0,0.0,0.0,0.0,-2.5348081788408914,-2.5348081788408914
flat,single,0,off,0,1870,-4.6194344638578935,287.0,0.8430280685424805,0.7470993995666504,1,-4.6194344638578935,-4.6194344638578935,1,0,off,0,0,0.0,0.0,0.0,0.0,0.0,0.0,0.0,0.0,0.0,0.0,0.0,-4.6194344638578935,-4.6194344638578935
flat,single,0,off,0,1871,-3.7722591834375487,260.0,0.8317426443099976,0.7689886689186096,1,-3.7722591834375487,-3.7722591834375487,1,0,off,0,0,0.0,0.0,0.0,0.0,0.0,0.0,0.0,0.0,0.0,0.0,0.0,-3.7722591834375487,-3.7722591834375487
flat,single,0,off,0,1872,-7.014412472909319,300.0,0.6464444398880005,0.25539085268974304,0,-7.014412472909319,-7.014412472909319,1,0,off,0,0,0.0,0.0,0.0,0.0,0.0,0.0,0.0,0.0,0.0,0.0,0.0,-7.014412472909319,-7.014412472909319
flat,single,0,off,0,1873,-2.988191848187695,233.0,0.8067042231559753,0.780139684677124,1,-2.988191848187695,-2.988191848187695,1,0,off,0,0,0.0,0.0,0.0,0.0,0.0,0.0,0.0,0.0,0.0,0.0,0.0,-2.988191848187695,-2.988191848187695
flat,single,0,off,0,1874,-5.443642347108095,300.0,0.8175417184829712,0.7263405919075012,0,-5.443642347108095,-5.443642347108095,1,0,off,0,0,0.0,0.0,0.0,0.0,0.0,0.0,0.0,0.0,0.0,0.0,0.0,-5.443642347108095,-5.443642347108095
flat,single,0,off,0,1875,-3.264719172061865,241.0,0.8013091087341309,0.7677785158157349,1,-3.264719172061865,-3.264719172061865,1,0,off,0,0,0.0,0.0,0.0,0.0,0.0,0.0,0.0,0.0,0.0,0.0,0.0,-3.264719172061865,-3.264719172061865
flat,single,0,off,0,1876,-3.8286180089297517,261.0,0.833137035369873,0.7710239887237549,1,-3.8286180089297517,-3.8286180089297517,1,0,off,0,0,0.0,0.0,0.0,0.0,0.0,0.0,0.0,0.0,0.0,0.0,0.0,-3.8286180089297517,-3.8286180089297517
flat,single,0,off,0,1877,-3.1541155645367542,238.0,0.8094967007637024,0.7774750590324402,1,-3.1541155645367542,-3.1541155645367542,1,0,off,0,0,0.0,0.0,0.0,0.0,0.0,0.0,0.0,0.0,0.0,0.0,0.0,-3.1541155645367542,-3.1541155645367542
flat,single,0,off,0,1878,-5.378776827041281,300.0,0.8461872339248657,0.780683696269989,0,-5.378776827041281,-5.378776827041281,1,0,off,0,0,0.0,0.0,0.0,0.0,0.0,0.0,0.0,0.0,0.0,0.0,0.0,-5.378776827041281,-5.378776827041281
flat,single,0,off,0,1879,-5.634045420610356,300.0,0.7866844534873962,0.6001331210136414,0,-5.634045420610356,-5.634045420610356,1,0,off,0,0,0.0,0.0,0.0,0.0,0.0,0.0,0.0,0.0,0.0,0.0,0.0,-5.634045420610356,-5.634045420610356
flat,single,0,off,0,1880,-2.788155720056948,225.0,0.8018195033073425,0.7710239887237549,1,-2.788155720056948,-2.788155720056948,1,0,off,0,0,0.0,0.0,0.0,0.0,0.0,0.0,0.0,0.0,0.0,0.0,0.0,-2.788155720056948,-2.788155720056948
flat,single,0,off,0,1881,-3.3183074932813033,243.0,0.7946569323539734,0.7368783354759216,1,-3.3183074932813033,-3.3183074932813033,1,0,off,0,0,0.0,0.0,0.0,0.0,0.0,0.0,0.0,0.0,0.0,0.0,0.0,-3.3183074932813033,-3.3183074932813033
flat,single,0,off,0,1882,-3.7179459253733222,255.0,0.7850141525268555,0.7232506275177002,1,-3.7179459253733222,-3.7179459253733222,1,0,off,0,0,0.0,0.0,0.0,0.0,0.0,0.0,0.0,0.0,0.0,0.0,0.0,-3.7179459253733222,-3.7179459253733222
flat,single,0,off,0,1883,-2.8552400699560385,228.0,0.8052964210510254,0.7479713559150696,1,-2.8552400699560385,-2.8552400699560385,1,0,off,0,0,0.0,0.0,0.0,0.0,0.0,0.0,0.0,0.0,0.0,0.0,0.0,-2.8552400699560385,-2.8552400699560385
flat,single,0,off,0,1884,-2.9313923352921663,230.0,0.8061698079109192,0.7470993995666504,1,-2.9313923352921663,-2.9313923352921663,1,0,off,0,0,0.0,0.0,0.0,0.0,0.0,0.0,0.0,0.0,0.0,0.0,0.0,-2.9313923352921663,-2.9313923352921663
flat,single,0,off,0,1885,-3.6165820067666714,253.0,0.8080807328224182,0.7470993995666504,1,-3.6165820067666714,-3.6165820067666714,1,0,off,0,0,0.0,0.0,0.0,0.0,0.0,0.0,0.0,0.0,0.0,0.0,0.0,-3.6165820067666714,-3.6165820067666714
flat,single,0,off,0,1886,-2.2303026147140095,206.0,0.7734593152999878,0.7179409861564636,1,-2.2303026147140095,-2.2303026147140095,1,0,off,0,0,0.0,0.0,0.0,0.0,0.0,0.0,0.0,0.0,0.0,0.0,0.0,-2.2303026147140095,-2.2303026147140095
flat,single,0,off,0,1887,-4.398214291831225,278.0,0.8228915929794312,0.7576398253440857,1,-4.398214291831225,-4.398214291831225,1,0,off,0,0,0.0,0.0,0.0,0.0,0.0,0.0,0.0,0.0,0.0,0.0,0.0,-4.398214291831225,-4.398214291831225
flat,single,0,off,0,1888,-3.368599711777616,245.0,0.7942804098129272,0.7576398253440857,1,-3.368599711777616,-3.368599711777616,1,0,off,0,0,0.0,0.0,0.0,0.0,0.0,0.0,0.0,0.0,0.0,0.0,0.0,-3.368599711777616,-3.368599711777616
flat,single,0,off,0,1889,-2.8663887580309404,228.0,0.7910510301589966,0.7319686412811279,1,-2.8663887580309404,-2.8663887580309404,1,0,off,0,0,0.0,0.0,0.0,0.0,0.0,0.0,0.0,0.0,0.0,0.0,0.0,-2.8663887580309404,-2.8663887580309404
flat,single,0,off,0,1890,-3.4360372666176207,247.0,0.8001016974449158,0.7470993995666504,1,-3.4360372666176207,-3.4360372666176207,1,0,off,0,0,0.0,0.0,0.0,0.0,0.0,0.0,0.0,0.0,0.0,0.0,0.0,-3.4360372666176207,-3.4360372666176207
flat,single,0,off,0,1891,-3.578982637302235,253.0,0.7811790704727173,0.7179409861564636,1,-3.578982637302235,-3.578982637302235,1,0,off,0,0,0.0,0.0,0.0,0.0,0.0,0.0,0.0,0.0,0.0,0.0,0.0,-3.578982637302235,-3.578982637302235
flat,single,0,off,0,1892,-3.970977725328404,266.0,0.8219443559646606,0.7774750590324402,1,-3.970977725328404,-3.970977725328404,1,0,off,0,0,0.0,0.0,0.0,0.0,0.0,0.0,0.0,0.0,0.0,0.0,0.0,-3.970977725328404,-3.970977725328404
flat,single,0,off,0,1893,-2.994422643058914,233.0,0.8174590468406677,0.780683696269989,1,-2.994422643058914,-2.994422643058914,1,0,off,0,0,0.0,0.0,0.0,0.0,0.0,0.0,0.0,0.0,0.0,0.0,0.0,-2.994422643058914,-2.994422643058914
flat,single,0,off,0,1894,-4.284925399768398,276.0,0.8004816174507141,0.7689886689186096,1,-4.284925399768398,-4.284925399768398,1,0,off,0,0,0.0,0.0,0.0,0.0,0.0,0.0,0.0,0.0,0.0,0.0,0.0,-4.284925399768398,-4.284925399768398
flat,single,0,off,0,1895,-3.193116995923901,239.0,0.8014702796936035,0.7470993995666504,1,-3.193116995923901,-3.193116995923901,1,0,off,0,0,0.0,0.0,0.0,0.0,0.0,0.0,0.0,0.0,0.0,0.0,0.0,-3.193116995923901,-3.193116995923901
flat,single,0,off,0,1896,-2.4153659196989388,211.0,0.7813004851341248,0.7317221760749817,1,-2.4153659196989388,-2.4153659196989388,1,0,off,0,0,0.0,0.0,0.0,0.0,0.0,0.0,0.0,0.0,0.0,0.0,0.0,-2.4153659196989388,-2.4153659196989388
flat,single,0,off,0,1897,-2.7586366384569336,224.0,0.7795358300209045,0.7368783354759216,1,-2.7586366384569336,-2.7586366384569336,1,0,off,0,0,0.0,0.0,0.0,0.0,0.0,0.0,0.0,0.0,0.0,0.0,0.0,-2.7586366384569336,-2.7586366384569336
flat,single,0,off,0,1898,-4.129655444751243,271.0,0.8226543068885803,0.7689886689186096,1,-4.129655444751243,-4.129655444751243,1,0,off,0,0,0.0,0.0,0.0,0.0,0.0,0.0,0.0,0.0,0.0,0.0,0.0,-4.129655444751243,-4.129655444751243
flat,single,0,off,0,1899,-2.7621921001921703,224.0,0.7976127862930298,0.7179409861564636,1,-2.7621921001921703,-2.7621921001921703,1,0,off,0,0,0.0,0.0,0.0,0.0,0.0,0.0,0.0,0.0,0.0,0.0,0.0,-2.7621921001921703,-2.7621921001921703
flat,single,0,off,0,1900,-2.4137454676173995,212.0,0.7779783606529236,0.7364096641540527,1,-2.4137454676173995,-2.4137454676173995,1,0,off,0,0,0.0,0.0,0.0,0.0,0.0,0.0,0.0,0.0,0.0,0.0,0.0,-2.4137454676173995,-2.4137454676173995
flat,single,0,off,0,1901,-4.1511227738461285,270.0,0.826710045337677,0.780683696269989,1,-4.1511227738461285,-4.1511227738461285,1,0,off,0,0,0.0,0.0,0.0,0.0,0.0,0.0,0.0,0.0,0.0,0.0,0.0,-4.1511227738461285,-4.1511227738461285
flat,single,0,off,0,1902,-2.656787289982876,221.0,0.8004677891731262,0.780683696269989,1,-2.656787289982876,-2.656787289982876,1,0,off,0,0,0.0,0.0,0.0,0.0,0.0,0.0,0.0,0.0,0.0,0.0,0.0,-2.656787289982876,-2.656787289982876
flat,single,0,off,0,1903,-3.69492237746248,257.0,0.830638587474823,0.780683696269989,1,-3.69492237746248,-3.69492237746248,1,0,off,0,0,0.0,0.0,0.0,0.0,0.0,0.0,0.0,0.0,0.0,0.0,0.0,-3.69492237746248,-3.69492237746248
flat,single,0,off,0,1904,-3.723401662826052,257.0,0.8221134543418884,0.7815575003623962,1,-3.723401662826052,-3.723401662826052,1,0,off,0,0,0.0,0.0,0.0,0.0,0.0,0.0,0.0,0.0,0.0,0.0,0.0,-3.723401662826052,-3.723401662826052
flat,single,0,off,0,1905,-3.497229412486757,248.0,0.8145806193351746,0.7867667078971863,1,-3.497229412486757,-3.497229412486757,1,0,off,0,0,0.0,0.0,0.0,0.0,0.0,0.0,0.0,0.0,0.0,0.0,0.0,-3.497229412486757,-3.497229412486757
flat,single,0,off,0,1906,-3.8642662521870594,261.0,0.8226553201675415,0.8089063167572021,1,-3.8642662521870594,-3.8642662521870594,1,0,off,0,0,0.0,0.0,0.0,0.0,0.0,0.0,0.0,0.0,0.0,0.0,0.0,-3.8642662521870594,-3.8642662521870594
flat,single,0,off,0,1907,-4.031503042080426,267.0,0.8433696031570435,0.8160517811775208,1,-4.031503042080426,-4.031503042080426,1,0,off,0,0,0.0,0.0,0.0,0.0,0.0,0.0,0.0,0.0,0.0,0.0,0.0,-4.031503042080426,-4.031503042080426
flat,single,0,off,0,1908,-4.016636378470552,266.0,0.8321576714515686,0.7864753603935242,1,-4.016636378470552,-4.016636378470552,1,0,off,0,0,0.0,0.0,0.0,0.0,0.0,0.0,0.0,0.0,0.0,0.0,0.0,-4.016636378470552,-4.016636378470552
flat,single,0,off,0,1909,-3.1292198168055405,235.0,0.7871752977371216,0.7364096641540527,1,-3.1292198168055405,-3.1292198168055405,1,0,off,0,0,0.0,0.0,0.0,0.0,0.0,0.0,0.0,0.0,0.0,0.0,0.0,-3.1292198168055405,-3.1292198168055405
flat,single,0,off,0,1910,-3.489610442972017,249.0,0.819847047328949,0.7382266521453857,1,-3.489610442972017,-3.489610442972017,1,0,off,0,0,0.0,0.0,0.0,0.0,0.0,0.0,0.0,0.0,0.0,0.0,0.0,-3.489610442972017,-3.489610442972017
flat,single,0,off,0,1911,-3.727318363138454,257.0,0.790798008441925,0.753329873085022,1,-3.727318363138454,-3.727318363138454,1,0,off,0,0,0.0,0.0,0.0,0.0,0.0,0.0,0.0,0.0,0.0,0.0,0.0,-3.727318363138454,-3.727318363138454
flat,single,0,off,0,1912,-2.9802908046438663,233.0,0.8135632276535034,0.7863973379135132,1,-2.9802908046438663,-2.9802908046438663,1,0,off,0,0,0.0,0.0,0.0,0.0,0.0,0.0,0.0,0.0,0.0,0.0,0.0,-2.9802908046438663,-2.9802908046438663
flat,single,0,off,0,1913,-4.697765406934772,288.0,0.8176966309547424,0.7689886689186096,1,-4.697765406934772,-4.697765406934772,1,0,off,0,0,0.0,0.0,0.0,0.0,0.0,0.0,0.0,0.0,0.0,0.0,0.0,-4.697765406934772,-4.697765406934772
flat,single,0,off,0,1914,-3.7892056560015526,259.0,0.7999950051307678,0.7731971144676208,1,-3.7892056560015526,-3.7892056560015526,1,0,off,0,0,0.0,0.0,0.0,0.0,0.0,0.0,0.0,0.0,0.0,0.0,0.0,-3.7892056560015526,-3.7892056560015526
flat,single,0,off,0,1915,-3.067908701584659,234.0,0.8125806450843811,0.780683696269989,1,-3.067908701584659,-3.067908701584659,1,0,off,0,0,0.0,0.0,0.0,0.0,0.0,0.0,0.0,0.0,0.0,0.0,0.0,-3.067908701584659,-3.067908701584659
flat,single,0,off,0,1916,-3.162508712799734,238.0,0.8133698105812073,0.7584949731826782,1,-3.162508712799734,-3.162508712799734,1,0,off,0,0,0.0,0.0,0.0,0.0,0.0,0.0,0.0,0.0,0.0,0.0,0.0,-3.162508712799734,-3.162508712799734
flat,single,0,off,0,1917,-6.118760180071707,300.0,0.7575758695602417,0.552537202835083,0,-6.118760180071707,-6.118760180071707,1,0,off,0,0,0.0,0.0,0.0,0.0,0.0,0.0,0.0,0.0,0.0,0.0,0.0,-6.118760180071707,-6.118760180071707
flat,single,0,off,0,1918,-3.953211354105732,262.0,0.7890571355819702,0.7179409861564636,1,-3.953211354105732,-3.953211354105732,1,0,off,0,0,0.0,0.0,0.0,0.0,0.0,0.0,0.0,0.0,0.0,0.0,0.0,-3.953211354105732,-3.953211354105732
flat,single,0,off,0,1919,-3.001586092278575,233.0,0.8141770362854004,0.7863973379135132,1,-3.001586092278575,-3.001586092278575,1,0,off,0,0,0.0,0.0,0.0,0.0,0.0,0.0,0.0,0.0,0.0,0.0,0.0,-3.001586092278575,-3.001586092278575
flat,single,0,off,0,1920,-2.2943557268800046,208.0,0.7772573232650757,0.7179409861564636,1,-2.2943557268800046,-2.2943557268800046,1,0,off,0,0,0.0,0.0,0.0,0.0,0.0,0.0,0.0,0.0,0.0,0.0,0.0,-2.2943557268800046,-2.2943557268800046
flat,single,0,off,0,1921,-3.631749715829483,254.0,0.8067697882652283,0.7576398253440857,1,-3.631749715829483,-3.631749715829483,1,0,off,0,0,0.0,0.0,0.0,0.0,0.0,0.0,0.0,0.0,0.0,0.0,0.0,-3.631749715829483,-3.631749715829483
flat,single,0,off,0,1922,-2.783597190554695,224.0,0.7831772565841675,0.7232506275177002,1,-2.783597190554695,-2.783597190554695,1,0,off,0,0,0.0,0.0,0.0,0.0,0.0,0.0,0.0,0.0,0.0,0.0,0.0,-2.783597190554695,-2.783597190554695
flat,single,0,off,0,1923,-3.225854467746085,240.0,0.7979382276535034,0.754544198513031,1,-3.225854467746085,-3.225854467746085,1,0,off,0,0,0.0,0.0,0.0,0.0,0.0,0.0,0.0,0.0,0.0,0.0,0.0,-3.225854467746085,-3.225854467746085
flat,single,0,off,0,1924,-3.2837901448702724,244.0,0.8232066035270691,0.7887081503868103,1,-3.2837901448702724,-3.2837901448702724,1,0,off,0,0,0.0,0.0,0.0,0.0,0.0,0.0,0.0,0.0,0.0,0.0,0.0,-3.2837901448702724,-3.2837901448702724
flat,single,0,off,0,1925,-2.916438386109638,228.0,0.7958317399024963,0.7368783354759216,1,-2.916438386109638,-2.916438386109638,1,0,off,0,0,0.0,0.0,0.0,0.0,0.0,0.0,0.0,0.0,0.0,0.0,0.0,-2.916438386109638,-2.916438386109638
flat,single,0,off,0,1926,-3.2756479665299194,241.0,0.8188800811767578,0.780683696269989,1,-3.2756479665299194,-3.2756479665299194,1,0,off,0,0,0.0,0.0,0.0,0.0,0.0,0.0,0.0,0.0,0.0,0.0,0.0,-3.2756479665299194,-3.2756479665299194
flat,single,0,off,0,1927,-2.650700229791678,221.0,0.8010393381118774,0.7576398253440857,1,-2.650700229791678,-2.650700229791678,1,0,off,0,0,0.0,0.0,0.0,0.0,0.0,0.0,0.0,0.0,0.0,0.0,0.0,-2.650700229791678,-2.650700229791678
flat,single,0,off,0,1928,-4.00831673610139,268.0,0.8540077209472656,0.8201320171356201,1,-4.00831673610139,-4.00831673610139,1,0,off,0,0,0.0,0.0,0.0,0.0,0.0,0.0,0.0,0.0,0.0,0.0,0.0,-4.00831673610139,-4.00831673610139
flat,single,0,off,0,1929,-2.9857274807896297,232.0,0.810849666595459,0.7576398253440857,1,-2.9857274807896297,-2.9857274807896297,1,0,off,0,0,0.0,0.0,0.0,0.0,0.0,0.0,0.0,0.0,0.0,0.0,0.0,-2.9857274807896297,-2.9857274807896297
flat,single,0,off,0,1930,-3.083439374715077,235.0,0.7976259589195251,0.7470993995666504,1,-3.083439374715077,-3.083439374715077,1,0,off,0,0,0.0,0.0,0.0,0.0,0.0,0.0,0.0,0.0,0.0,0.0,0.0,-3.083439374715077,-3.083439374715077
flat,single,0,off,0,1931,-2.7485198985773516,224.0,0.8083028793334961,0.7576594352722168,1,-2.7485198985773516,-2.7485198985773516,1,0,off,0,0,0.0,0.0,0.0,0.0,0.0,0.0,0.0,0.0,0.0,0.0,0.0,-2.7485198985773516,-2.7485198985773516
flat,single,0,off,0,1932,-3.3587328119238125,243.0,0.8013601303100586,0.754544198513031,1,-3.3587328119238125,-3.3587328119238125,1,0,off,0,0,0.0,0.0,0.0,0.0,0.0,0.0,0.0,0.0,0.0,0.0,0.0,-3.3587328119238125,-3.3587328119238125
flat,single,0,off,0,1933,-3.2462929058517083,239.0,0.7833649516105652,0.7470993995666504,1,-3.2462929058517083,-3.2462929058517083,1,0,off,0,0,0.0,0.0,0.0,0.0,0.0,0.0,0.0,0.0,0.0,0.0,0.0,-3.2462929058517083,-3.2462929058517083
flat,single,0,off,0,1934,-4.269155368221682,276.0,0.8486288189888,0.796438992023468,1,-4.269155368221682,-4.269155368221682,1,0,off,0,0,0.0,0.0,0.0,0.0,0.0,0.0,0.0,0.0,0.0,0.0,0.0,-4.269155368221682,-4.269155368221682
flat,single,0,off,0,1935,-3.3204714233917043,244.0,0.8283829092979431,0.8045920729637146,1,-3.3204714233917043,-3.3204714233917043,1,0,off,0,0,0.0,0.0,0.0,0.0,0.0,0.0,0.0,0.0,0.0,0.0,0.0,-3.3204714233917043,-3.3204714233917043
flat,single,0,off,0,1936,-2.838757788951021,227.0,0.785995364189148,0.7576398253440857,1,-2.838757788951021,-2.838757788951021,1,0,off,0,0,0.0,0.0,0.0,0.0,0.0,0.0,0.0,0.0,0.0,0.0,0.0,-2.838757788951021,-2.838757788951021
flat,single,0,off,0,1937,-3.030955138172705,234.0,0.8184537291526794,0.7774750590324402,1,-3.030955138172705,-3.030955138172705,1,0,off,0,0,0.0,0.0,0.0,0.0,0.0,0.0,0.0,0.0,0.0,0.0,0.0,-3.030955138172705,-3.030955138172705
flat,single,0,off,0,1938,-2.9550142195971913,232.0,0.8091925382614136,0.7774750590324402,1,-2.9550142195971913,-2.9550142195971913,1,0,off,0,0,0.0,0.0,0.0,0.0,0.0,0.0,0.0,0.0,0.0,0.0,0.0,-2.9550142195971913,-2.9550142195971913
flat,single,0,off,0,1939,-3.152682170164755,238.0,0.8075885772705078,0.7710239887237549,1,-3.152682170164755,-3.152682170164755,1,0,off,0,0,0.0,0.0,0.0,0.0,0.0,0.0,0.0,0.0,0.0,0.0,0.0,-3.152682170164755,-3.152682170164755
flat,single,0,off,0,1940,-3.4210897159145506,247.0,0.822492241859436,0.7804664969444275,1,-3.4210897159145506,-3.4210897159145506,1,0,off,0,0,0.0,0.0,0.0,0.0,0.0,0.0,0.0,0.0,0.0,0.0,0.0,-3.4210897159145506,-3.4210897159145506
flat,single,0,off,0,1941,-3.778313970097784,258.0,0.7914285063743591,0.7689886689186096,1,-3.778313970097784,-3.778313970097784,1,0,off,0,0,0.0,0.0,0.0,0.0,0.0,0.0,0.0,0.0,0.0,0.0,0.0,-3.778313970097784,-3.778313970097784
flat,single,0,off,0,1942,-4.44427795525057,282.0,0.8405079245567322,0.780683696269989,1,-4.44427795525057,-4.44427795525057,1,0,off,0,0,0.0,0.0,0.0,0.0,0.0,0.0,0.0,0.0,0.0,0.0,0.0,-4.44427795525057,-4.44427795525057
flat,single,0,off,0,1943,-2.9426523069024335,229.0,0.8017241358757019,0.7368783354759216,1,-2.9426523069024335,-2.9426523069024335,1,0,off,0,0,0.0,0.0,0.0,0.0,0.0,0.0,0.0,0.0,0.0,0.0,0.0,-2.9426523069024335,-2.9426523069024335
flat,single,0,off,0,1944,-2.8986198926600406,227.0,0.8002616167068481,0.7179409861564636,1,-2.8986198926600406,-2.8986198926600406,1,0,off,0,0,0.0,0.0,0.0,0.0,0.0,0.0,0.0,0.0,0.0,0.0,0.0,-2.8986198926600406,-2.8986198926600406
flat,single,0,off,0,1945,-3.2500911000399864,241.0,0.8174048066139221,0.7657111883163452,1,-3.2500911000399864,-3.2500911000399864,1,0,off,0,0,0.0,0.0,0.0,0.0,0.0,0.0,0.0,0.0,0.0,0.0,0.0,-3.2500911000399864,-3.2500911000399864
flat,single,0,off,0,1946,-4.159223340908045,272.0,0.8316230773925781,0.7677785158157349,1,-4.159223340908045,-4.159223340908045,1,0,off,0,0,0.0,0.0,0.0,0.0,0.0,0.0,0.0,0.0,0.0,0.0,0.0,-4.159223340908045,-4.159223340908045
flat,single,0,off,0,1947,-2.719263479355712,223.0,0.8009061217308044,0.7576594352722168,1,-2.719263479355712,-2.719263479355712,1,0,off,0,0,0.0,0.0,0.0,0.0,0.0,0.0,0.0,0.0,0.0,0.0,0.0,-2.719263479355712,-2.719263479355712
flat,single,0,off,0,1948,-2.792779077148285,226.0,0.7915721535682678,0.7464238405227661,1,-2.792779077148285,-2.792779077148285,1,0,off,0,0,0.0,0.0,0.0,0.0,0.0,0.0,0.0,0.0,0.0,0.0,0.0,-2.792779077148285,-2.792779077148285
flat,single,0,off,0,1949,-2.6323165912821187,220.0,0.7973173260688782,0.7470993995666504,1,-2.6323165912821187,-2.6323165912821187,1,0,off,0,0,0.0,0.0,0.0,0.0,0.0,0.0,0.0,0.0,0.0,0.0,0.0,-2.6323165912821187,-2.6323165912821187
flat,single,0,off,0,1950,-3.6249278562702045,253.0,0.7881494164466858,0.7416612505912781,1,-3.6249278562702045,-3.6249278562702045,1,0,off,0,0,0.0,0.0,0.0,0.0,0.0,0.0,0.0,0.0,0.0,0.0,0.0,-3.6249278562702045,-3.6249278562702045
flat,single,0,off,0,1951,-2.7993161873600756,225.0,0.8000312447547913,0.7811338305473328,1,-2.7993161873600756,-2.7993161873600756,1,0,off,0,0,0.0,0.0,0.0,0.0,0.0,0.0,0.0,0.0,0.0,0.0,0.0,-2.7993161873600756,-2.7993161873600756
flat,single,0,off,0,1952,-2.754066899780861,226.0,0.7923637628555298,0.7677785158157349,1,-2.754066899780861,-2.754066899780861,1,0,off,0,0,0.0,0.0,0.0,0.0,0.0,0.0,0.0,0.0,0.0,0.0,0.0,-2.754066899780861,-2.754066899780861
flat,single,0,off,0,1953,-3.8071782909787437,259.0,0.8288382887840271,0.7835267186164856,1,-3.8071782909787437,-3.8071782909787437,1,0,off,0,0,0.0,0.0,0.0,0.0,0.0,0.0,0.0,0.0,0.0,0.0,0.0,-3.8071782909787437,-3.8071782909787437
flat,single,0,off,0,1954,-3.532046334538588,250.0,0.7965774536132812,0.7488490343093872,1,-3.532046334538588,-3.532046334538588,1,0,off,0,0,0.0,0.0,0.0,0.0,0.0,0.0,0.0,0.0,0.0,0.0,0.0,-3.532046334538588,-3.532046334538588
flat,single,0,off,0,1955,-4.0152096569654425,265.0,0.7893716096878052,0.7368783354759216,1,-4.0152096569654425,-4.0152096569654425,1,0,off,0,0,0.0,0.0,0.0,0.0,0.0,0.0,0.0,0.0,0.0,0.0,0.0,-4.0152096569654425,-4.0152096569654425
flat,single,0,off,0,1956,-3.451074621573766,248.0,0.8024167418479919,0.78436678647995,1,-3.451074621573766,-3.451074621573766,1,0,off,0,0,0.0,0.0,0.0,0.0,0.0,0.0,0.0,0.0,0.0,0.0,0.0,-3.451074621573766,-3.451074621573766
flat,single,0,off,0,1957,-3.278315418575641,241.0,0.794978678226471,0.7452986240386963,1,-3.278315418575641,-3.278315418575641,1,0,off,0,0,0.0,0.0,0.0,0.0,0.0,0.0,0.0,0.0,0.0,0.0,0.0,-3.278315418575641,-3.278315418575641
flat,single,0,off,0,1958,-2.8807197189458855,228.0,0.7987160086631775,0.7489430904388428,1,-2.8807197189458855,-2.8807197189458855,1,0,off,0,0,0.0,0.0,0.0,0.0,0.0,0.0,0.0,0.0,0.0,0.0,0.0,-2.8807197189458855,-2.8807197189458855
flat,single,0,off,0,1959,-2.5386139085888737,217.0,0.7793099284172058,0.7113965749740601,1,-2.5386139085888737,-2.5386139085888737,1,0,off,0,0,0.0,0.0,0.0,0.0,0.0,0.0,0.0,0.0,0.0,0.0,0.0,-2.5386139085888737,-2.5386139085888737
flat,single,0,off,0,1960,-3.710882241565246,256.0,0.8088743090629578,0.7722504138946533,1,-3.710882241565246,-3.710882241565246,1,0,off,0,0,0.0,0.0,0.0,0.0,0.0,0.0,0.0,0.0,0.0,0.0,0.0,-3.710882241565246,-3.710882241565246
flat,single,0,off,0,1961,-3.7034489342255723,256.0,0.8052606582641602,0.7252452373504639,1,-3.7034489342255723,-3.7034489342255723,1,0,off,0,0,0.0,0.0,0.0,0.0,0.0,0.0,0.0,0.0,0.0,0.0,0.0,-3.7034489342255723,-3.7034489342255723
flat,single,0,off,0,1962,-3.2537250199238543,240.0,0.7962091565132141,0.7470993995666504,1,-3.2537250199238543,-3.2537250199238543,1,0,off,0,0,0.0,0.0,0.0,0.0,0.0,0.0,0.0,0.0,0.0,0.0,0.0,-3.2537250199238543,-3.2537250199238543
flat,single,0,off,0,1963,-3.0326356337684963,234.0,0.8171826004981995,0.801379919052124,1,-3.0326356337684963,-3.0326356337684963,1,0,off,0,0,0.0,0.0,0.0,0.0,0.0,0.0,0.0,0.0,0.0,0.0,0.0,-3.0326356337684963,-3.0326356337684963
flat,single,0,off,0,1964,-4.372136991674761,280.0,0.8507971167564392,0.8042023181915283,1,-4.372136991674761,-4.372136991674761,1,0,off,0,0,0.0,0.0,0.0,0.0,0.0,0.0,0.0,0.0,0.0,0.0,0.0,-4.372136991674761,-4.372136991674761
flat,single,0,off,0,1965,-2.907898320949154,229.0,0.7910314202308655,0.754544198513031,1,-2.907898320949154,-2.907898320949154,1,0,off,0,0,0.0,0.0,0.0,0.0,0.0,0.0,0.0,0.0,0.0,0.0,0.0,-2.907898320949154,-2.907898320949154
flat,single,0,off,0,1966,-3.009309277641564,234.0,0.8138288259506226,0.7867667078971863,1,-3.009309277641564,-3.009309277641564,1,0,off,0,0,0.0,0.0,0.0,0.0,0.0,0.0,0.0,0.0,0.0,0.0,0.0,-3.009309277641564,-3.009309277641564
flat,single,0,off,0,1967,-3.9261240865744007,265.0,0.842227578163147,0.7826417684555054,1,-3.9261240865744007,-3.9261240865744007,1,0,off,0,0,0.0,0.0,0.0,0.0,0.0,0.0,0.0,0.0,0.0,0.0,0.0,-3.9261240865744007,-3.9261240865744007
flat,single,0,off,0,1968,-2.887107626114717,229.0,0.8019625544548035,0.7657111883163452,1,-2.887107626114717,-2.887107626114717,1,0,off,0,0,0.0,0.0,0.0,0.0,0.0,0.0,0.0,0.0,0.0,0.0,0.0,-2.887107626114717,-2.887107626114717
flat,single,0,off,0,1969,-2.827839996953243,227.0,0.8055538535118103,0.7368783354759216,1,-2.827839996953243,-2.827839996953243,1,0,off,0,0,0.0,0.0,0.0,0.0,0.0,0.0,0.0,0.0,0.0,0.0,0.0,-2.827839996953243,-2.827839996953243
flat,single,0,off,0,1970,-3.1619942202931113,240.0,0.8198069334030151,0.780683696269989,1,-3.1619942202931113,-3.1619942202931113,1,0,off,0,0,0.0,0.0,0.0,0.0,0.0,0.0,0.0,0.0,0.0,0.0,0.0,-3.1619942202931113,-3.1619942202931113
flat,single,0,off,0,1971,-2.8783194567065067,229.0,0.8084012269973755,0.7677785158157349,1,-2.8783194567065067,-2.8783194567065067,1,0,off,0,0,0.0,0.0,0.0,0.0,0.0,0.0,0.0,0.0,0.0,0.0,0.0,-2.8783194567065067,-2.8783194567065067
flat,single,0,off,0,1972,-2.6437670625932297,221.0,0.7909285426139832,0.7584949731826782,1,-2.6437670625932297,-2.6437670625932297,1,0,off,0,0,0.0,0.0,0.0,0.0,0.0,0.0,0.0,0.0,0.0,0.0,0.0,-2.6437670625932297,-2.6437670625932297
flat,single,0,off,0,1973,-2.7977247241639813,224.0,0.7911719083786011,0.7232506275177002,1,-2.7977247241639813,-2.7977247241639813,1,0,off,0,0,0.0,0.0,0.0,0.0,0.0,0.0,0.0,0.0,0.0,0.0,0.0,-2.7977247241639813,-2.7977247241639813
flat,single,0,off,0,1974,-4.357907610187521,279.0,0.8333917260169983,0.7858616709709167,1,-4.357907610187521,-4.357907610187521,1,0,off,0,0,0.0,0.0,0.0,0.0,0.0,0.0,0.0,0.0,0.0,0.0,0.0,-4.357907610187521,-4.357907610187521
flat,single,0,off,0,1975,-2.674644556876723,222.0,0.7912527918815613,0.7410153746604919,1,-2.674644556876723,-2.674644556876723,1,0,off,0,0,0.0,0.0,0.0,0.0,0.0,0.0,0.0,0.0,0.0,0.0,0.0,-2.674644556876723,-2.674644556876723
flat,single,0,off,0,1976,-2.838595727472555,227.0,0.7975649833679199,0.7584949731826782,1,-2.838595727472555,-2.838595727472555,1,0,off,0,0,0.0,0.0,0.0,0.0,0.0,0.0,0.0,0.0,0.0,0.0,0.0,-2.838595727472555,-2.838595727472555
flat,single,0,off,0,1977,-3.259692614038912,242.0,0.8141151666641235,0.7863973379135132,1,-3.259692614038912,-3.259692614038912,1,0,off,0,0,0.0,0.0,0.0,0.0,0.0,0.0,0.0,0.0,0.0,0.0,0.0,-3.259692614038912,-3.259692614038912
flat,single,0,off,0,1978,-4.0648604137438715,267.0,0.8157039284706116,0.780683696269989,1,-4.0648604137438715,-4.0648604137438715,1,0,off,0,0,0.0,0.0,0.0,0.0,0.0,0.0,0.0,0.0,0.0,0.0,0.0,-4.0648604137438715,-4.0648604137438715
flat,single,0,off,0,1979,-2.9250311951955994,229.0,0.7822574973106384,0.7452986240386963,1,-2.9250311951955994,-2.9250311951955994,1,0,off,0,0,0.0,0.0,0.0,0.0,0.0,0.0,0.0,0.0,0.0,0.0,0.0,-2.9250311951955994,-2.9250311951955994
flat,single,0,off,0,1980,-3.2169498327828294,240.0,0.8126807808876038,0.7602751851081848,1,-3.2169498327828294,-3.2169498327828294,1,0,off,0,0,0.0,0.0,0.0,0.0,0.0,0.0,0.0,0.0,0.0,0.0,0.0,-3.2169498327828294,-3.2169498327828294
flat,single,0,off,0,1981,-2.852434324433545,226.0,0.7957015633583069,0.7179409861564636,1,-2.852434324433545,-2.852434324433545,1,0,off,0,0,0.0,0.0,0.0,0.0,0.0,0.0,0.0,0.0,0.0,0.0,0.0,-2.852434324433545,-2.852434324433545
flat,single,0,off,0,1982,-2.4166389884287343,213.0,0.7902470827102661,0.7576594352722168,1,-2.4166389884287343,-2.4166389884287343,1,0,off,0,0,0.0,0.0,0.0,0.0,0.0,0.0,0.0,0.0,0.0,0.0,0.0,-2.4166389884287343,-2.4166389884287343
flat,single,0,off,0,1983,-3.0535040713962966,235.0,0.8216935396194458,0.7887081503868103,1,-3.0535040713962966,-3.0535040713962966,1,0,off,0,0,0.0,0.0,0.0,0.0,0.0,0.0,0.0,0.0,0.0,0.0,0.0,-3.0535040713962966,-3.0535040713962966
flat,single,0,off,0,1984,-2.9418576009350264,231.0,0.8025181889533997,0.7774750590324402,1,-2.9418576009350264,-2.9418576009350264,1,0,off,0,0,0.0,0.0,0.0,0.0,0.0,0.0,0.0,0.0,0.0,0.0,0.0,-2.9418576009350264,-2.9418576009350264
flat,single,0,off,0,1985,-3.2427911985153197,241.0,0.8224570155143738,0.7677785158157349,1,-3.2427911985153197,-3.2427911985153197,1,0,off,0,0,0.0,0.0,0.0,0.0,0.0,0.0,0.0,0.0,0.0,0.0,0.0,-3.2427911985153197,-3.2427911985153197
flat,single,0,off,0,1986,-3.091509919856885,234.0,0.803196132183075,0.7368783354759216,1,-3.091509919856885,-3.091509919856885,1,0,off,0,0,0.0,0.0,0.0,0.0,0.0,0.0,0.0,0.0,0.0,0.0,0.0,-3.091509919856885,-3.091509919856885
flat,single,0,off,0,1987,-3.581318118215981,252.0,0.8153429627418518,0.7858616709709167,1,-3.581318118215981,-3.581318118215981,1,0,off,0,0,0.0,0.0,0.0,0.0,0.0,0.0,0.0,0.0,0.0,0.0,0.0,-3.581318118215981,-3.581318118215981
flat,single,0,off,0,1988,-5.46384626883664,300.0,0.7980318665504456,0.7041993737220764,0,-5.46384626883664,-5.46384626883664,1,0,off,0,0,0.0,0.0,0.0,0.0,0.0,0.0,0.0,0.0,0.0,0.0,0.0,-5.46384626883664,-5.46384626883664
flat,single,0,off,0,1989,-3.475389981350153,249.0,0.8046388626098633,0.7319686412811279,1,-3.475389981350153,-3.475389981350153,1,0,off,0,0,0.0,0.0,0.0,0.0,0.0,0.0,0.0,0.0,0.0,0.0,0.0,-3.475389981350153,-3.475389981350153
flat,single,0,off,0,1990,-3.042341873287214,234.0,0.7979307770729065,0.7691637277603149,1,-3.042341873287214,-3.042341873287214,1,0,off,0,0,0.0,0.0,0.0,0.0,0.0,0.0,0.0,0.0,0.0,0.0,0.0,-3.042341873287214,-3.042341873287214
flat,single,0,off,0,1991,-3.3962290223175464,246.0,0.7909998297691345,0.7470993995666504,1,-3.3962290223175464,-3.3962290223175464,1,0,off,0,0,0.0,0.0,0.0,0.0,0.0,0.0,0.0,0.0,0.0,0.0,0.0,-3.3962290223175464,-3.3962290223175464
flat,single,0,off,0,1992,-3.3389570891961804,244.0,0.8059665560722351,0.7731971144676208,1,-3.3389570891961804,-3.3389570891961804,1,0,off,0,0,0.0,0.0,0.0,0.0,0.0,0.0,0.0,0.0,0.0,0.0,0.0,-3.3389570891961804,-3.3389570891961804
flat,single,0,off,0,1993,-2.8142678657569777,227.0,0.795545220375061,0.7710239887237549,1,-2.8142678657569777,-2.8142678657569777,1,0,off,0,0,0.0,0.0,0.0,0.0,0.0,0.0,0.0,0.0,0.0,0.0,0.0,-2.8142678657569777,-2.8142678657569777
flat,single,0,off,0,1994,-5.438731857109808,300.0,0.8027201890945435,0.6932733058929443,0,-5.438731857109808,-5.438731857109808,1,0,off,0,0,0.0,0.0,0.0,0.0,0.0,0.0,0.0,0.0,0.0,0.0,0.0,-5.438731857109808,-5.438731857109808
flat,single,0,off,0,1995,-4.618208688534785,287.0,0.8273085355758667,0.780683696269989,1,-4.618208688534785,-4.618208688534785,1,0,off,0,0,0.0,0.0,0.0,0.0,0.0,0.0,0.0,0.0,0.0,0.0,0.0,-4.618208688534785,-4.618208688534785
flat,single,0,off,0,1996,-2.775643742829547,225.0,0.8049634099006653,0.7677785158157349,1,-2.775643742829547,-2.775643742829547,1,0,off,0,0,0.0,0.0,0.0,0.0,0.0,0.0,0.0,0.0,0.0,0.0,0.0,-2.775643742829547,-2.775643742829547
flat,single,0,off,0,1997,-3.763552312585503,258.0,0.8184747099876404,0.7685791850090027,1,-3.763552312585503,-3.763552312585503,1,0,off,0,0,0.0,0.0,0.0,0.0,0.0,0.0,0.0,0.0,0.0,0.0,0.0,-3.763552312585503,-3.763552312585503
flat,single,0,off,0,1998,-4.928067891343965,298.0,0.8480855822563171,0.7774750590324402,1,-4.928067891343965,-4.928067891343965,1,0,off,0,0,0.0,0.0,0.0,0.0,0.0,0.0,0.0,0.0,0.0,0.0,0.0,-4.928067891343965,-4.928067891343965
flat,single,0,off,0,1999,-3.4698161473171587,247.0,0.816301167011261,0.7470993995666504,1,-3.4698161473171587,-3.4698161473171587,1,0,off,0,0,0.0,0.0,0.0,0.0,0.0,0.0,0.0,0.0,0.0,0.0,0.0,-3.4698161473171587,-3.4698161473171587
flat,single,0,off,0,2000,-3.604669059435234,253.0,0.8306553959846497,0.7470993995666504,1,-3.604669059435234,-3.604669059435234,1,0,off,0,0,0.0,0.0,0.0,0.0,0.0,0.0,0.0,0.0,0.0,0.0,0.0,-3.604669059435234,-3.604669059435234
