arch,ll_mode,experience_sharing,share_mode,use_tutee,episode,reward,steps,mastery_mean,mastery_min,completed,flat_agent_reward,avg_agent_reward,n_ll_agents,share_enabled_eff,share_mode_eff,share_attempts,share_peer_samples,share_mean_peer_weight,share_eligible_peers_mean,share_selected_peers_mean,ll_reward_0,ll_reward_1,ll_reward_2,ll_reward_3,ll_reward_4,ll_reward_5,ll_reward_6,tutee_reward_total,avg_reward_per_learning_agent,avg_reward_per_topic_slot
hrl,multi,0,off,0,1,-8.119231998524326,300.0,0.35390210151672363,0.18036727607250214,0,0.0,-0.956278656138254,7,0,off,0,0,0.0,0.0,0.0,-6.500706333156779,0.07,0.21000000000000002,-0.3686660785873611,-0.06676498221821364,0.15374999355489968,-0.1915631925603256,0.0,-0.956278656138254,-0.956278656138254
hrl,multi,0,off,0,2,-8.404932765110532,300.0,0.3751182556152344,0.15321390330791473,0,0.0,-1.0603157502163576,7,0,off,0,0,0.0,0.0,0.0,-5.120720029392114,0.28,0.21000000000000002,-2.650662800031052,-0.06838248493697516,0.42961331946786996,-0.5020582566222322,0.0,-1.0603157502163576,-1.0603157502163576
hrl,multi,0,off,0,3,-8.1193158805345,300.0,0.379435271024704,0.16989104449748993,0,0.0,-0.8952442634744276,7,0,off,0,0,0.0,0.0,0.0,-6.230706333047336,0.21000000000000002,0.3358029941098621,-0.14933306450209322,-0.3987266045496028,0.27674810796460336,-0.3104949442964261,0.0,-0.8952442634744276,-0.8952442634744276
hrl,multi,0,off,0,4,-7.891226999894549,300.0,0.48842692375183105,0.13660402595996857,0,0.0,-0.7674467688246075,7,0,off,0,0,0.0,0.0,0.0,-2.2408588209317264,0.35000000000000003,-0.9381090053369634,-2.6475517934748307,-0.26357902404319666,0.41953449929546704,-0.05156323728100305,0.0,-0.7674467688246075,-0.7674467688246075
hrl,multi,0,off,0,5,-7.680218357590426,300.0,0.4799213111400604,0.14800098538398743,0,0.0,-0.7027036286513727,7,0,off,0,0,0.0,0.0,0.0,0.9561288512108524,0.21000000000000002,-3.875313689821482,-0.30177714475362705,-0.2735300498535269,0.04991409452167178,-1.6843474618634977,0.0,-0.7027036286513727,-0.7027036286513727
hrl,multi,0,off,0,6,-8.705269953922842,300.0,0.3364488184452057,0.06142286956310272,0,0.0,-1.4274952087777832,7,0,off,0,0,0.0,0.0,0.0,0.4521318458154179,0.07,0.3335817019316817,-0.07622206538444512,-3.461136699601277,0.16517473123964072,-7.4759959754455005,0.0,-1.4274952087777832,-1.4274952087777832
hrl,multi,0,off,0,7,-7.602720006706676,300.0,0.4603683054447174,0.16625849902629852,0,0.0,-1.0066934698997587,7,0,off,0,0,0.0,0.0,0.0,0.9561288512108524,0.9514068204592127,0.14,-0.22555505864786374,-8.171944690373449,-0.19220055561790755,-0.5046896563291556,0.0,-1.0066934698997587,-1.0066934698997587
hrl,multi,0,off,0,8,-8.257710634644551,300.0,0.4574298858642578,0.04776735603809357,0,0.0,-0.9867692956270278,7,0,off,0,0,0.0,0.0,0.0,-2.7458609230842614,0.503829575872831,0.3358029941098621,-5.0694788187264805,-0.13191257754151156,0.45565228210599745,-0.2554176021256326,0.0,-0.9867692956270278,-0.9867692956270278
hrl,multi,0,off,0,9,-7.898747439467144,300.0,0.4750503897666931,0.09371620416641235,0,0.0,-0.9855182306141395,7,0,off,0,0,0.0,0.0,0.0,0.4202670520524567,0.5785418646627846,-0.4909677169383221,-2.4982189382250914,-0.4786775560830087,0.14511012367740092,-4.574682443445196,0.0,-0.9855182306141395,-0.9855182306141395
hrl,multi,0,off,0,10,-7.744482172635635,300.0,0.47737523913383484,0.1288616806268692,0,0.0,-0.7417975900307316,7,0,off,0,0,0.0,0.0,0.0,0.36549300789252537,-0.1928682515623564,-3.189457360124458,-0.07622206538444512,-0.9525028898407543,0.34049582143409474,-1.4875213926297277,0.0,-0.7417975900307316,-0.7417975900307316
hrl,multi,0,off,0,11,-7.571173804602606,300.0,0.48443537950515747,0.0875248908996582,0,0.0,-0.6797795361079115,7,0,off,0,0,0.0,0.0,0.0,-0.33387114878914825,0.9419407055628234,0.08000000000000002,-0.00311103130197396,-2.4585357492482776,0.34049582143409474,-3.3253753504128993,0.0,-0.6797795361079115,-0.6797795361079115
hrl,multi,0,off,0,12,-7.6476978584483,300.0,0.5341284871101379,0.15364466607570648,0,0.0,-0.5083489022047708,7,0,off,0,0,0.0,0.0,0.0,0.4161449976325762,-3.7543769581708974,0.07119655820104145,-0.2860200785645919,-0.4687266979163673,0.18333986338484395,0.28,0.0,-0.5083489022047708,-0.5083489022047708
hrl,multi,0,off,0,13,-7.996357407700297,300.0,0.463358610868454,0.21655713021755219,0,0.0,-0.6185636163515477,7,0,off,0,0,0.0,0.0,0.0,0.861222627085477,0.35000000000000003,-4.382640360399161,0.21000000000000002,-0.13514749282482674,0.14,-1.3733800883223237,0.0,-0.6185636163515477,-0.6185636163515477
hrl,multi,0,off,0,14,-7.49116960788253,300.0,0.570923388004303,0.2353571504354477,0,0.0,-0.3743936498775171,7,0,off,0,0,0.0,0.0,0.0,0.8468997932557097,-1.5028293259481966,0.46160426794550036,0.204703131713116,-0.3271090643305876,0.28,-2.5840243517781616,0.0,-0.3743936498775171,-0.3743936498775171
hrl,multi,0,off,0,15,-6.653804767792469,300.0,0.6285850405693054,0.2365608811378479,0,0.0,-0.1702100797042225,7,0,off,0,0,0.0,0.0,0.0,0.2482898233872334,0.9214068204592126,-2.991945219579154,0.23013998105868097,-0.33706010854538276,0.39357212952715687,0.3441260157626954,0.0,-0.1702100797042225,-0.1702100797042225
hrl,multi,0,off,0,16,-7.010390544054114,300.0,0.5766903162002563,0.29686906933784485,0,0.0,-0.29900688038428985,7,0,off,0,0,0.0,0.0,0.0,0.937908446127668,-1.5521185429924063,-2.4164213298245234,0.20688896869802606,0.01687966305390321,0.35335777536326496,0.3604568568840386,0.0,-0.29900688038428985,-0.29900688038428985
hrl,multi,0,off,0,17,-6.683642129957497,300.0,0.6336501240730286,0.22520090639591217,0,0.0,-0.2221452477275696,7,0,off,0,0,0.0,0.0,0.0,0.33467578757743544,-1.6800875298498739,0.26832502974321604,0.14,-0.06676498221821364,-0.6948050126855382,0.14363997333998682,0.0,-0.2221452477275696,-0.2221452477275696
hrl,multi,0,off,0,18,-6.962986654596189,300.0,0.6240237355232239,0.3123273551464081,0,0.0,-0.1948059385253059,7,0,off,0,0,0.0,0.0,0.0,0.8280212124178813,-0.07609434838942483,-2.9459497458582162,0.13688900415764746,0.18531054040841474,0.28,0.2281817675865561,0.0,-0.1948059385253059,-0.1948059385253059
hrl,multi,0,off,0,19,-6.899266667738619,300.0,0.6747239828109741,0.354912132024765,0,0.0,-0.09804329406914192,7,0,off,0,0,0.0,0.0,0.0,0.9479695733888247,-3.2713111702981625,0.301527074296259,0.5595229097073624,0.31384215566109736,0.34049582143409474,0.12165057732653115,0.0,-0.09804329406914192,-0.09804329406914192
hrl,multi,0,off,0,20,-6.163578916441473,300.0,0.713394820690155,0.3013628423213959,0,0.0,0.05900866976523709,7,0,off,0,0,0.0,0.0,0.0,0.6878794490031942,0.8321192475742913,-2.775487139851723,0.81192512679876,0.3951514841028335,0.2137618361787246,0.2477106845505789,0.0,0.05900866976523709,0.05900866976523709
hrl,multi,0,off,0,21,-6.70984164117925,300.0,0.5964576005935669,0.19302202761173248,0,0.0,-0.2633915763441998,7,0,off,0,0,0.0,0.0,0.0,0.907908446127668,-3.1750592173946655,0.21000000000000002,0.5829372059111928,0.08156851035999493,-0.0648898763225991,-0.3862061030909898,0.0,-0.2633915763441998,-0.2633915763441998
hrl,multi,0,off,0,22,-6.503135722748363,300.0,0.6595087647438049,0.34735968708992004,0,0.0,-0.08257724899807509,7,0,off,0,0,0.0,0.0,0.0,0.9479695733888247,0.8236195058557327,-0.6896639986759392,-2.7046311025302807,0.2816175150630249,0.38965064597786336,0.37339711793424857,0.0,-0.08257724899807509,-0.08257724899807509
hrl,multi,0,off,0,23,-6.0336499134340595,300.0,0.7328988313674927,0.4219858646392822,0,0.0,0.14170241723173468,7,0,off,0,0,0.0,0.0,0.0,0.8162131650676866,0.5047415400273717,0.43514016039418435,0.7130991961840227,-2.1146533739428968,0.3111879905668209,0.3261882423249532,0.0,0.14170241723173468,0.14170241723173468
hrl,multi,0,off,0,24,-7.110581976244103,300.0,0.5585354566574097,0.21792685985565186,0,0.0,-0.34192913981030654,7,0,off,0,0,0.0,0.0,0.0,0.8951906093303037,-4.944748560893567,0.6322655841058985,0.3247000365350972,0.4829427468967899,0.21000000000000002,0.006145605353331501,0.0,-0.34192913981030654,-0.34192913981030654
hrl,multi,0,off,0,25,-6.330785565904812,300.0,0.7564079165458679,0.48581463098526,0,0.0,0.13224388222781663,7,0,off,0,0,0.0,0.0,0.0,0.881674081825237,0.8388838103975397,0.579798222290609,-0.1545652164518239,-1.5664548626327723,-0.030068294014579004,0.37643943418050585,0.0,0.13224388222781663,0.13224388222781663
hrl,multi,0,off,0,26,-5.508998181842624,300.0,0.7685222625732422,0.47061166167259216,0,0.0,0.25658626591592787,7,0,off,0,0,0.0,0.0,0.0,0.6879430669374631,0.8857057885349358,0.7197734925537163,-0.11460503578837206,0.5216113029850449,-0.13112171602058748,-0.7732030377907052,0.0,0.25658626591592787,0.25658626591592787
hrl,multi,0,off,0,27,-7.030852464559129,300.0,0.6212151646614075,0.29355454444885254,0,0.0,-0.17691393183003296,7,0,off,0,0,0.0,0.0,0.0,-3.2566027985801163,0.7987491894337263,0.07334316627141807,0.03084380049299424,0.48518136199984446,0.37512779757639547,0.25495995999550736,0.0,-0.17691393183003296,-0.17691393183003296
hrl,multi,0,off,0,28,-6.558901336359724,300.0,0.6630666851997375,0.345903605222702,0,0.0,-0.08537930848512801,7,0,off,0,0,0.0,0.0,0.0,-0.2694788271587868,-2.0101530286753526,0.5978933423730834,0.17834080515451894,0.2830082258092004,0.25713001584316875,0.3656043072582717,0.0,-0.08537930848512801,-0.08537930848512801
hrl,multi,0,off,0,29,-5.6813437120610715,300.0,0.7549924254417419,0.3919186592102051,0,0.0,0.20828188261787314,7,0,off,0,0,0.0,0.0,0.0,0.9123071873409768,0.9039743325155343,0.8097734925537161,-1.9659964004373078,0.4232993764798252,0.3433214861000643,0.03129370377230278,0.0,0.20828188261787314,0.20828188261787314
hrl,multi,0,off,0,30,-6.134841040698943,300.0,0.72601318359375,0.3245353400707245,0,0.0,0.11867550574649736,7,0,off,0,0,0.0,0.0,0.0,0.9021549301622716,0.8890958160550062,0.7237128285025501,-2.189583058931136,0.259401406054487,0.12901755612243632,0.11692906225986599,0.0,0.11867550574649736,0.11867550574649736
hrl,multi,0,off,0,31,-6.1124745853429925,300.0,0.6959902048110962,0.3114803731441498,0,0.0,0.03280861948972198,7,0,off,0,0,0.0,0.0,0.0,0.816652596716329,0.9214068204592126,-2.9186214346712207,0.4096143836792079,0.39068520629019654,0.4339120795078072,0.17601068444652151,0.0,0.03280861948972198,0.03280861948972198
hrl,multi,0,off,0,32,-6.539110157641804,300.0,0.7329493165016174,0.3360285758972168,0,0.0,0.05711985011733304,7,0,off,0,0,0.0,0.0,0.0,0.37821546785357407,-1.4705901408828084,0.4035072413766816,0.8879653177091473,0.32308513576403164,0.41953449929546704,-0.541878570294762,0.0,0.05711985011733304,0.05711985011733304
hrl,multi,0,off,0,33,-6.531750593267144,300.0,0.6894484758377075,0.35833874344825745,0,0.0,-0.009293442691426814,7,0,off,0,0,0.0,0.0,0.0,0.7181821436001272,0.8689721298278468,-3.011651591611641,0.10395486378148804,0.3322537130905724,0.4584620002094476,0.4647726422621714,0.0,-0.009293442691426814,-0.009293442691426814
hrl,multi,0,off,0,34,-6.5968946508917865,300.0,0.6304427981376648,0.28285709023475647,0,0.0,-0.1519216307212581,7,0,off,0,0,0.0,0.0,0.0,0.8220850329240587,0.5744097631089086,-2.360105971418396,0.21000000000000002,0.14161750494582442,-0.8005367035321033,0.3490789589229008,0.0,-0.1519216307212581,-0.1519216307212581
hrl,multi,0,off,0,35,-6.172023227764302,300.0,0.683428168296814,0.31965988874435425,0,0.0,0.027737707828127234,7,0,off,0,0,0.0,0.0,0.0,0.891417008412383,0.6755903804557536,-1.0494271882138644,0.21000000000000002,0.32308513576403164,0.008568960782180543,-0.8650703424035938,0.0,0.027737707828127234,0.027737707828127234
hrl,multi,0,off,0,36,-6.183054056107366,300.0,0.691558837890625,0.30576229095458984,0,0.0,0.02731097696447891,7,0,off,0,0,0.0,0.0,0.0,0.7979695733888246,0.8324644925518048,0.4771150684250798,-0.38308140557726,0.32308513576403164,0.21000000000000002,-2.0663760258011283,0.0,0.02731097696447891,0.02731097696447891
hrl,multi,0,off,0,37,-6.614855648981813,300.0,0.6154719591140747,0.3199732005596161,0,0.0,-0.14777611419400033,7,0,off,0,0,0.0,0.0,0.0,0.8421549301622715,0.8444097631089088,0.4197734925537162,0.439990762188563,0.26779960409088527,-4.138270508778775,0.289709157316428,0.0,-0.14777611419400033,-0.14777611419400033
hrl,multi,0,off,0,38,-6.144393957571448,300.0,0.6726155281066895,0.34485429525375366,0,0.0,0.013242157277990925,7,0,off,0,0,0.0,0.0,0.0,0.6874681205493094,0.8144097631089088,0.729355440472608,0.2722321015975,0.3155595372684822,0.10050948105559906,-2.826839343106471,0.0,0.013242157277990925,0.013242157277990925
hrl,multi,0,off,0,39,-5.625540702218128,300.0,0.7457042932510376,0.3401975929737091,0,0.0,0.1972427333934673,7,0,off,0,0,0.0,0.0,0.0,0.9357776238312315,0.7607136541661454,0.5372452320916521,0.5297742183819273,0.28586157198532625,-1.6439498286194085,-0.024723338082603213,0.0,0.1972427333934673,0.1972427333934673
hrl,multi,0,off,0,40,-7.055798536667149,300.0,0.5705464482307434,0.2720201909542084,0,0.0,-0.2949224458286526,7,0,off,0,0,0.0,0.0,0.0,0.8379886205492637,0.6447127866565148,-4.790850150019094,0.06688896869802605,0.4153246023223558,0.37060792875730647,0.39087012223505935,0.0,-0.2949224458286526,-0.2949224458286526
hrl,multi,0,off,0,41,-5.691453219955292,300.0,0.7691009640693665,0.35474738478660583,0,0.0,0.23534347824505866,7,0,off,0,0,0.0,0.0,0.0,0.8421549301622715,0.8269727260187175,0.021883975129252525,-0.762829277835,0.2607911727506408,0.4369718033564242,0.021459018133103747,0.0,0.23534347824505866,0.23534347824505866
hrl,multi,0,off,0,42,-5.668060515112305,300.0,0.7359203696250916,0.3360285758972168,0,0.0,0.19359654904878992,7,0,off,0,0,0.0,0.0,0.0,0.7834590604161487,0.8364658601189089,0.4590124776667315,0.7548685911812114,0.32308513576403164,0.18973479306146254,-1.991450074866965,0.0,0.19359654904878992,0.19359654904878992
hrl,multi,0,off,0,43,-6.4473852524825,300.0,0.6827774047851562,0.4616738557815552,0,0.0,0.006750914297239603,7,0,off,0,0,0.0,0.0,0.0,0.8357188638924707,0.9307698923672678,-1.6799108695675025,0.472668789827261,0.40204458566171175,-1.31262192569611,0.3985870635955783,0.0,0.006750914297239603,0.006750914297239603
hrl,multi,0,off,0,44,-6.768276719879953,300.0,0.6269939541816711,0.20000000298023224,0,0.0,-0.13338043828480586,7,0,off,0,0,0.0,0.0,0.0,0.7211021735103089,0.9039743325155343,-1.8537289229243075,-1.4858104291732852,0.48922832319613807,0.0,0.2915714548819703,0.0,-0.13338043828480586,-0.13338043828480586
hrl,multi,0,off,0,45,-6.522726036701902,300.0,0.6523452997207642,0.37959641218185425,0,0.0,-0.08776286289344253,7,0,off,0,0,0.0,0.0,0.0,-1.6354730688906711,0.7579397377900878,0.42006427329107987,-0.37867318287794827,0.3444225419272654,0.3578549616567101,-0.4804753031506216,0.0,-0.08776286289344253,-0.08776286289344253
hrl,multi,0,off,0,46,-6.552877952172653,300.0,0.6736890077590942,0.28757548332214355,0,0.0,-0.04208057872454053,7,0,off,0,0,0.0,0.0,0.0,0.8143376276652148,0.9256039182358788,-0.2307194498732991,0.49261424087460187,0.4339806387624985,-2.9273569013233907,0.19697587458671229,0.0,-0.04208057872454053,-0.04208057872454053
hrl,multi,0,off,0,47,-5.672942557372153,300.0,0.7690252661705017,0.4012172520160675,0,0.0,0.249469929826788,7,0,off,0,0,0.0,0.0,0.0,0.6720443232089707,0.8656181920150962,0.07284654948261193,0.7280597376979052,0.3749907225334554,0.15242527801600347,-1.1196952941665268,0.0,0.249469929826788,0.249469929826788
hrl,multi,0,off,0,48,-6.372727301536369,300.0,0.7602534890174866,0.45183977484703064,0,0.0,0.12627189986785545,7,0,off,0,0,0.0,0.0,0.0,-0.3021449112159565,0.8313936460183216,-0.29683887557028277,0.439990762188563,0.25821231631136027,-0.025274042481337026,-0.021435596175680378,0.0,0.12627189986785545,0.12627189986785545
hrl,multi,0,off,0,49,-5.555804624792656,300.0,0.745350182056427,0.47684094309806824,0,0.0,0.232739596264798,7,0,off,0,0,0.0,0.0,0.0,0.937908446127668,0.8997678843405301,0.6851904982268888,0.7281661092084593,0.30826335725207027,-0.928341276226181,-1.0017778450758494,0.0,0.232739596264798,0.232739596264798
hrl,multi,0,off,0,50,-6.533474508236636,300.0,0.7175894379615784,0.34485429525375366,0,0.0,0.027349820139657508,7,0,off,0,0,0.0,0.0,0.0,-0.47582159990496925,-1.5904914807172599,0.5101552405247478,0.8218365178721592,0.3155595372684822,0.16836493932280147,0.44184558661164086,0.0,0.027349820139657508,0.027349820139657508
hrl,multi,0,off,0,51,-7.0128747838289724,300.0,0.6079335808753967,0.2776588797569275,0,0.0,-0.24287293095464527,7,0,off,0,0,0.0,0.0,0.0,-2.4151474006174287,0.32652052434825446,-0.2481556765260584,0.13688900415764746,0.09313701485326761,0.4176946747998033,-0.011048657698002562,0.0,-0.24287293095464527,-0.24287293095464527
hrl,multi,0,off,0,52,-6.08788069128642,300.0,0.6951993703842163,0.4000014662742615,0,0.0,0.07178941806021648,7,0,off,0,0,0.0,0.0,0.0,0.8313717955987382,0.9307698923672678,-1.7663061368503403,0.3247000365350972,0.4098053967562161,0.3123825904316579,-0.5401976484171216,0.0,0.07178941806021648,0.07178941806021648
hrl,multi,0,off,0,53,-6.56172455304114,300.0,0.682372510433197,0.31189772486686707,0,0.0,-0.039765176713656716,7,0,off,0,0,0.0,0.0,0.0,-1.1013424585320377,0.1272462393753791,0.6777121537538082,0.25037565372795373,0.26779960409088527,0.1455309134820379,-0.6456783428936235,0.0,-0.039765176713656716,-0.039765176713656716
hrl,multi,0,off,0,54,-6.13699271654841,300.0,0.725541889667511,0.34485429525375366,0,0.0,0.11015006186521112,7,0,off,0,0,0.0,0.0,0.0,0.7187270153756969,-0.340085550763313,0.6950176517917617,0.7557181697167756,0.3155595372684822,-0.24463427585381242,-1.129252114479113,0.0,0.11015006186521112,0.11015006186521112
hrl,multi,0,off,0,55,-6.94932410613403,300.0,0.6447978019714355,0.3806334435939789,0,0.0,-0.1089522143312155,7,0,off,0,0,0.0,0.0,0.0,0.9021549301622716,0.7295858393493002,0.2921196174326389,0.8879653177091473,0.23445664897162755,0.4460391276025649,-4.254986981546059,0.0,-0.1089522143312155,-0.1089522143312155
hrl,multi,0,off,0,56,-6.1689666963706395,300.0,0.7277640700340271,0.27317821979522705,0,0.0,0.07969450467480356,7,0,off,0,0,0.0,0.0,0.0,0.402477951440933,0.034751066381536994,-0.7934835340398328,0.79168725100621,0.37265066177029715,0.028752540607835435,-0.27897440444335475,0.0,0.07969450467480356,0.07969450467480356
hrl,multi,0,off,0,57,-6.544554696284484,300.0,0.6612421274185181,0.3360285758972168,0,0.0,-0.06104431322306647,7,0,off,0,0,0.0,0.0,0.0,0.40834281852599474,0.03559398956153298,0.5011270407644669,0.5518567991033043,0.32308513576403164,0.38965064597786336,-2.6369666222586594,0.0,-0.06104431322306647,-0.06104431322306647
hrl,multi,0,off,0,58,-7.013654721519942,300.0,0.6588953137397766,0.2960871756076813,0,0.0,-0.15019133018707284,7,0,off,0,0,0.0,0.0,0.0,-0.9310007096614807,-1.9386219853389073,0.21000000000000002,0.5215025530537607,0.3155595372684822,0.47917612003071014,0.29204517333792546,0.0,-0.15019133018707284,-0.15019133018707284
hrl,multi,0,off,0,59,-6.221953291204416,300.0,0.6945716738700867,0.26975366473197937,0,0.0,0.014956245114192508,7,0,off,0,0,0.0,0.0,0.0,0.8661288512108524,0.37287075595550356,-1.9106660079320548,0.06688897656341512,0.43900942717789,0.02690804656720685,0.24355366625653435,0.0,0.014956245114192508,0.014956245114192508
hrl,multi,0,off,0,60,-6.198248415321734,300.0,0.6916033625602722,0.29355454444885254,0,0.0,0.024926595532581086,7,0,off,0,0,0.0,0.0,0.0,0.8357633032073208,0.5022750977905258,-0.786409477275984,0.7923241398114436,-1.703619544938441,0.27919269013769515,0.25495995999550736,0.0,0.024926595532581086,0.024926595532581086
hrl,multi,0,off,0,61,-6.075700600182612,300.0,0.7060776352882385,0.36770346760749817,0,0.0,0.062259145304503986,7,0,off,0,0,0.0,0.0,0.0,0.8134590604161487,0.2145783328599923,0.5669947417003105,0.7513150142255308,0.3468212619189001,0.38965064597786336,-2.647005039967218,0.0,0.062259145304503986,0.062259145304503986
hrl,multi,0,off,0,62,-6.541769591183591,300.0,0.6773956418037415,0.3536444902420044,0,0.0,-0.016863891427105364,7,0,off,0,0,0.0,0.0,0.0,0.8721549301622715,0.6480647595049317,0.3358029941098621,0.8213268171220522,0.4718217117501705,-3.524830369557577,0.25761191691855123,0.0,-0.016863891427105364,-0.016863891427105364
hrl,multi,0,off,0,63,-6.036890250493899,300.0,0.7395586967468262,0.4356020390987396,0,0.0,0.1571812152507817,7,0,off,0,0,0.0,0.0,0.0,0.8599134141650842,0.8389721298278467,-0.5289270568945851,0.8082413351856834,0.4718217117501705,0.4659811611405327,-1.8157341884192608,0.0,0.1571812152507817,0.1571812152507817
hrl,multi,0,off,0,64,-7.018289009916156,300.0,0.5561084151268005,0.28925007581710815,0,0.0,-0.3334812734539608,7,0,off,0,0,0.0,0.0,0.0,0.9321549301622716,0.6322815799968327,0.2669379448619903,-4.977234164462432,0.2863151190932549,0.08022022370035127,0.4449554524700063,0.0,-0.3334812734539608,-0.3334812734539608
hrl,multi,0,off,0,65,-6.645964167674549,300.0,0.616190493106842,0.29824137687683105,0,0.0,-0.1357031960235835,7,0,off,0,0,0.0,0.0,0.0,0.6834235302070977,0.6814068204592124,0.3240502541417791,0.6768737485803039,0.39068520629019654,0.1451101507657278,-3.8514720826094018,0.0,-0.1357031960235835,-0.1357031960235835
hrl,multi,0,off,0,66,-6.161765141025545,300.0,0.6717485785484314,0.33614543080329895,0,0.0,0.006341344289941534,7,0,off,0,0,0.0,0.0,0.0,0.7510183505665028,0.7187756433485711,0.597263916819504,0.8029154036152099,0.22318602823219102,-3.383916417075669,0.3351464845232812,0.0,0.006341344289941534,0.006341344289941534
hrl,multi,0,off,0,67,-5.6787335472472495,300.0,0.7680680155754089,0.32771578431129456,0,0.0,0.23520343710706762,7,0,off,0,0,0.0,0.0,0.0,0.8879695733888247,0.8987372801113187,0.016976764772194203,0.6395758673891633,-0.28550321656198885,-0.7914013145025521,0.28006910515251376,0.0,0.23520343710706762,0.23520343710706762
hrl,multi,0,off,0,68,-6.1402140982114375,300.0,0.7115222215652466,0.355428010225296,0,0.0,0.08180912442774378,7,0,off,0,0,0.0,0.0,0.0,0.7080212124178812,0.4542156380259771,0.3676754590219944,0.28,-1.4949441818606513,-0.05603492044832954,0.3137306638373345,0.0,0.08180912442774378,0.08180912442774378
hrl,multi,0,off,0,69,-6.609917074038019,300.0,0.6152928471565247,0.27216076850891113,0,0.0,-0.1995520060957364,7,0,off,0,0,0.0,0.0,0.0,0.8961288512108524,-3.839680735497573,0.6222365196771764,0.3178738468808572,0.21161751506302487,0.14,0.25495995999550736,0.0,-0.1995520060957364,-0.1995520060957364
hrl,multi,0,off,0,70,-6.1434239535114115,300.0,0.6995109915733337,0.28757548332214355,0,0.0,0.039199068356286774,7,0,off,0,0,0.0,0.0,0.0,0.9261288512108524,0.6266015012353338,0.6972479200563166,-2.5903503164192108,0.3422809404153449,0.07550870740865817,0.19697587458671229,0.0,0.039199068356286774,0.039199068356286774
hrl,multi,0,off,0,71,-6.170949572336766,300.0,0.6869699358940125,0.3199732005596161,0,0.0,0.03792972897850726,7,0,off,0,0,0.0,0.0,0.0,0.9357776238312315,0.8614580747204122,-3.283677800894303,0.7857817522818386,0.26779960409088527,0.2867305593935217,0.4116382894259643,0.0,0.03792972897850726,0.03792972897850726
hrl,multi,0,off,0,72,-5.590670905316069,300.0,0.7784899473190308,0.4880549907684326,0,0.0,0.2717197542362029,7,0,off,0,0,0.0,0.0,0.0,0.8661449976325766,0.9267450992182128,0.34038691982858904,0.35910070176876996,-1.405089337967398,0.34747477851062697,0.4672751206620431,0.0,0.2717197542362029,0.2717197542362029
hrl,multi,0,off,0,73,-6.126535040201281,300.0,0.6967519521713257,0.30401793122291565,0,0.0,0.024706460867159274,7,0,off,0,0,0.0,0.0,0.0,0.9261288512108524,0.8684946295887811,-1.7584796104012104,0.5507496234344581,0.2167893239216847,-0.880209105198831,0.24947151351437996,0.0,0.024706460867159274,0.024706460867159274
hrl,multi,0,off,0,74,-6.484944057789848,300.0,0.6773492097854614,0.32963964343070984,0,0.0,-0.034962124460782874,7,0,off,0,0,0.0,0.0,0.0,0.8479084461276679,0.33442057962588867,0.22711837710165897,0.872695977961286,0.4200275796602363,-3.2296539432828375,0.2827481115806195,0.0,-0.034962124460782874,-0.034962124460782874
hrl,multi,0,off,0,75,-6.023060642858049,300.0,0.798365592956543,0.4253556430339813,0,0.0,0.23169827669687745,7,0,off,0,0,0.0,0.0,0.0,-0.0974255025211199,0.4304406451790672,-0.4373972850345274,0.9021716368402182,0.30886946225814743,0.42961331946786996,0.08561566068848692,0.0,0.23169827669687745,0.23169827669687745
hrl,multi,0,off,0,76,-6.12081019552935,300.0,0.7548061013221741,0.3683831989765167,0,0.0,0.16113879221151398,7,0,off,0,0,0.0,0.0,0.0,0.8879695733888247,-0.3083281613953145,0.6006020068840515,-1.1194569030396915,0.5107991949472016,0.34049582143409474,0.21589001326143137,0.0,0.16113879221151398,0.16113879221151398
hrl,multi,0,off,0,77,-7.111577120401629,300.0,0.5520966649055481,0.2625596225261688,0,0.0,-0.3488753283529015,7,0,off,0,0,0.0,0.0,0.0,-4.100708486537015,0.28,0.5391784270231618,-0.0062220653844451135,0.32308513576403164,0.22390867742773543,0.2986310132362199,0.0,-0.3488753283529015,-0.3488753283529015
hrl,multi,0,off,0,78,-6.645256922604415,300.0,0.6105870008468628,0.24351808428764343,0,0.0,-0.18442677072086036,7,0,off,0,0,0.0,0.0,0.0,0.8979886205492638,-3.509649926520266,-0.12022650744628413,0.7405438736463152,0.14746602039178844,0.46796783714421736,0.08492268718894294,0.0,-0.18442677072086036,-0.18442677072086036
hrl,multi,0,off,0,79,-7.401804656044029,300.0,0.5488407015800476,0.35833874344825745,0,0.0,-0.37667984633632046,7,0,off,0,0,0.0,0.0,0.0,0.35000000000000003,0.28,0.3336419875886961,-4.453053333002492,0.3322537130905724,0.18460590633025173,0.33579280163872854,0.0,-0.37667984633632046,-0.37667984633632046
hrl,multi,0,off,0,80,-6.514667636646259,300.0,0.6510796546936035,0.3635022044181824,0,0.0,-0.0828117125664883,7,0,off,0,0,0.0,0.0,0.0,-3.198557772982824,0.9589721298278469,0.21260329794719074,0.44363936435719264,0.4797579655344078,0.11226473792480404,0.4116382894259643,0.0,-0.0828117125664883,-0.0828117125664883
hrl,multi,0,off,0,81,-6.716722631029197,300.0,0.6531414985656738,0.21886081993579865,0,0.0,-0.1336443884937599,7,0,off,0,0,0.0,0.0,0.0,-0.16140987127375594,0.8665123246405847,0.389721897208987,0.7032975945077578,0.15318598775664788,-2.901741287419813,0.014922635123272368,0.0,-0.1336443884937599,-0.1336443884937599
hrl,multi,0,off,0,82,-5.706521450374564,300.0,0.7523417472839355,0.3536444902420044,0,0.0,0.2206295359594143,7,0,off,0,0,0.0,0.0,0.0,0.8661288512108524,0.9366170853248375,0.3358029941098621,0.6201045401057154,-1.2296340614942458,0.4048158832911401,-0.3894285408322612,0.0,0.2206295359594143,0.2206295359594143
hrl,multi,0,off,0,83,-6.042736669629826,300.0,0.7178741693496704,0.4377661943435669,0,0.0,0.10849938362127443,7,0,off,0,0,0.0,0.0,0.0,0.8361288512108523,0.91358091907366,-2.7564602455845493,0.7990574588753918,0.43005851257017613,0.3911617467551402,0.14596844244824966,0.0,0.10849938362127443,0.10849938362127443
hrl,multi,0,off,0,84,-6.6630406548998025,300.0,0.658072829246521,0.21158546209335327,0,0.0,-0.09455995165258828,7,0,off,0,0,0.0,0.0,0.0,0.8179084461276679,-3.839685335316257,0.689108708883653,0.7490670324482493,0.4985900088149723,0.4808002639109939,-0.05770878643739705,0.0,-0.09455995165258828,-0.09455995165258828
hrl,multi,0,off,0,85,-6.200350380066287,300.0,0.6819530129432678,0.29355454444885254,0,0.0,0.014484599933679168,7,0,off,0,0,0.0,0.0,0.0,0.8333347325835323,-2.3998295230760696,0.7628637097883377,0.7516558730291105,0.35421235380459154,-0.4558049065892557,0.25495995999550736,0.0,0.014484599933679168,0.014484599933679168
hrl,multi,0,off,0,86,-5.6433334625489815,300.0,0.7422009110450745,0.37616854906082153,0,0.0,0.20531894543820245,7,0,off,0,0,0.0,0.0,0.0,0.9657776238312316,0.8952409640169476,0.6156051975294359,0.6500434404585858,-2.314051218670231,0.23374648866638784,0.39087012223505935,0.0,0.20531894543820245,0.20531894543820245
hrl,multi,0,off,0,87,-6.570073237781628,300.0,0.6774381995201111,0.31518101692199707,0,0.0,-0.07463829661841843,7,0,off,0,0,0.0,0.0,0.0,0.8175406884013156,-0.07862017767600919,-2.6000385156771784,0.4574796911282455,0.4346876623681427,0.14785156189033494,0.2986310132362199,0.0,-0.07463829661841843,-0.07463829661841843
hrl,multi,0,off,0,88,-5.716302998058376,300.0,0.7606863379478455,0.31518101692199707,0,0.0,0.21330846142954465,7,0,off,0,0,0.0,0.0,0.0,0.9321549301622716,0.8890398867707859,-0.5758971319585362,0.8330821140731841,-0.7267756718874314,-0.1570759103896813,0.2986310132362199,0.0,0.21330846142954465,0.21330846142954465
hrl,multi,0,off,0,89,-6.128084239555761,300.0,0.7301625609397888,0.3301751911640167,0,0.0,0.12636017867360375,7,0,off,0,0,0.0,0.0,0.0,0.8974361270799607,0.8880647595049319,0.6471346620349792,0.8475080871178825,0.20666322100090984,0.10374232851848376,-2.706027934541922,0.0,0.12636017867360375,0.12636017867360375
hrl,multi,0,off,0,90,-4.380767099632651,278.0,0.7946367859840393,0.7412657737731934,1,0.0,0.46210159037125065,7,0,off,0,0,0.0,0.0,0.0,0.8948371866876091,0.8718778358897006,0.6850597241002243,0.7455188497878067,0.5306744041898175,-0.07228478641120296,-0.42097208164520106,0.0,0.46210159037125065,0.46210159037125065
hrl,multi,0,off,0,91,-6.1465039471917455,300.0,0.7002497315406799,0.33614543080329895,0,0.0,0.04896552527231357,7,0,off,0,0,0.0,0.0,0.0,0.9553163538872521,0.7668475845045767,-2.3485403909370977,0.16524774363119737,0.28504545867816544,0.18369544261881982,0.3351464845232812,0.0,0.04896552527231357,0.04896552527231357
hrl,multi,0,off,0,92,-6.141554066250695,300.0,0.7107847332954407,0.3373551070690155,0,0.0,0.06435037086456526,7,0,off,0,0,0.0,0.0,0.0,-0.5196711367538218,0.8920338193536418,0.2635817019316817,0.01755429476478159,-0.720902518147201,0.2208739490572112,0.29698248584566345,0.0,0.06435037086456526,0.06435037086456526
hrl,multi,0,off,0,93,-5.775368135076856,300.0,0.744145393371582,0.28619298338890076,0,0.0,0.18266761320743982,7,0,off,0,0,0.0,0.0,0.0,0.8329619879880281,0.8095466119667185,0.5166762988665063,0.8176170917925332,-1.9917736199765126,0.09376228117667054,0.19988264063813518,0.0,0.18266761320743982,0.18266761320743982
hrl,multi,0,off,0,94,-5.690007824482746,300.0,0.7616106867790222,0.31518101692199707,0,0.0,0.21751040882625183,7,0,off,0,0,0.0,0.0,0.0,0.9179695733888247,0.8948449532401075,0.5918443234739421,-1.181015491788064,-0.1887652882116893,0.18906377844442177,0.2986310132362199,0.0,0.21751040882625183,0.21751040882625183
hrl,multi,0,off,0,95,-6.17829626983876,300.0,0.7080317735671997,0.274167537689209,0,0.0,0.0782154984285459,7,0,off,0,0,0.0,0.0,0.0,0.705819438744818,0.91358091907366,0.7077121537538082,0.06688900415764745,-2.0741648710156584,-0.05588542935657916,0.28355727364212513,0.0,0.0782154984285459,0.0782154984285459
hrl,multi,0,off,0,96,-6.064197290057211,300.0,0.7389382719993591,0.4219544529914856,0,0.0,0.15553378769501072,7,0,off,0,0,0.0,0.0,0.0,0.907908446127668,0.9589721298278469,0.4364268571951586,0.847501546076056,0.4346876623681427,-2.2984154278141,-0.19834469991569717,0.0,0.15553378769501072,0.15553378769501072
hrl,multi,0,off,0,97,-6.099451492531805,300.0,0.7269434928894043,0.3710029423236847,0,0.0,0.13145568263302904,7,0,off,0,0,0.0,0.0,0.0,0.9357776238312315,0.9514068204592127,0.6755031776795205,-1.0211309330131129,-1.0140057820300006,0.044388790823961695,0.34825008068039015,0.0,0.13145568263302904,0.13145568263302904
hrl,multi,0,off,0,98,-6.528583642941163,300.0,0.7255188822746277,0.3536444902420044,0,0.0,0.04785305284248146,7,0,off,0,0,0.0,0.0,0.0,-0.8050441970598133,0.5511699066577791,0.3058029941098621,0.6406513634404286,-0.4131470791520995,0.3871665574076818,-0.3316281755064686,0.0,0.04785305284248146,0.04785305284248146
hrl,multi,0,off,0,99,-6.6089117333875125,300.0,0.6718854904174805,0.29355454444885254,0,0.0,-0.043475732848137785,7,0,off,0,0,0.0,0.0,0.0,0.9135274930068701,0.8803414889831931,-1.3440540353963963,0.27688897656341516,-1.689481449421331,0.4034874363317771,0.25495995999550736,0.0,-0.043475732848137785,-0.043475732848137785
hrl,multi,0,off,0,100,-6.484076051896416,300.0,0.7037779092788696,0.36287394165992737,0,0.0,0.0018913233302253157,7,0,off,0,0,0.0,0.0,0.0,-0.8939739125990194,0.9214068204592126,-0.46347736418301455,-0.3085210276579143,0.08895132615552279,0.2779832989017307,0.39087012223505935,0.0,0.0018913233302253157,0.0018913233302253157
hrl,multi,0,off,0,101,-5.432161549775624,300.0,0.7904506921768188,0.740746796131134,0,0.0,0.3059749834177041,7,0,off,0,0,0.0,0.0,0.0,0.861417008412383,0.7851969843357393,0.6549393033972961,0.7617130770319305,-1.3959287190829264,0.3301139212887164,0.14437330854078959,0.0,0.3059749834177041,0.3059749834177041
hrl,multi,0,off,0,102,-6.088762352951024,300.0,0.731448769569397,0.3947717249393463,0,0.0,0.12071360477139677,7,0,off,0,0,0.0,0.0,0.0,0.7910311929011268,0.6941780385420889,0.7772639168195038,-0.7341034847422411,-1.4245014031796603,0.44581278730011065,0.2953141857588488,0.0,0.12071360477139677,0.12071360477139677
hrl,multi,0,off,0,103,-5.989004949526867,300.0,0.7466219663619995,0.46398603916168213,0,0.0,0.15256375753795726,7,0,off,0,0,0.0,0.0,0.0,0.8727390829823228,0.04876862805729204,-1.3963435350562934,0.7078506111250545,0.4687574187163654,0.4584620002094476,-0.09228790326848801,0.0,0.15256375753795726,0.15256375753795726
hrl,multi,0,off,0,104,-4.009514768463548,266.0,0.8100228309631348,0.7623991966247559,1,0.0,0.5343563707282509,7,0,off,0,0,0.0,0.0,0.0,0.9064942314728109,0.598501590560248,0.5863314116655574,0.9021716368402182,0.24289738180670728,0.35701330493738825,0.14708503781482596,0.0,0.5343563707282509,0.5343563707282509
hrl,multi,0,off,0,105,-5.6939478529093295,300.0,0.7486886978149414,0.3703457713127136,0,0.0,0.2212881143097282,7,0,off,0,0,0.0,0.0,0.0,0.8140707218489304,0.8886294709106541,0.45139568943783853,0.7788820540771099,-2.168563642920289,0.4383176595571816,0.34628484725667175,0.0,0.2212881143097282,0.2212881143097282
hrl,multi,0,off,0,106,-6.115687601917312,300.0,0.7224322557449341,0.36750292778015137,0,0.0,0.10930537744988832,7,0,off,0,0,0.0,0.0,0.0,0.8559510735589025,0.6615649001159032,-1.8081556765260594,0.06931999812595067,0.43079683204684127,0.2176587501832016,0.33800176464447845,0.0,0.10930537744988832,0.10930537744988832
hrl,multi,0,off,0,107,-4.695520087184846,289.0,0.8178871870040894,0.7509564161300659,1,0.0,0.43059509159312226,7,0,off,0,0,0.0,0.0,0.0,0.45595563377965037,0.8378068157243381,0.5298576915851104,0.6468606643691743,0.3851561093272265,0.22135135125585817,-0.06282262488950269,0.0,0.43059509159312226,0.43059509159312226
hrl,multi,0,off,0,108,-5.374347000237316,300.0,0.804499089717865,0.7475490570068359,0,0.0,0.32928982013346053,7,0,off,0,0,0.0,0.0,0.0,0.7692439556401223,0.6921588685839453,0.49560519752943577,0.7690318793564443,-0.2460993977936916,0.2438432729290915,-0.4187550353111238,0.0,0.32928982013346053,0.32928982013346053
hrl,multi,0,off,0,109,-4.3743400299257935,278.0,0.7971371412277222,0.7443647980690002,1,0.0,0.4655988079018249,7,0,off,0,0,0.0,0.0,0.0,0.8361288512108523,0.3336767902169131,0.4770523181387243,0.7412110402448993,0.541934783109184,0.4249933024709088,-0.09580543007870757,0.0,0.4655988079018249,0.4655988079018249
hrl,multi,0,off,0,110,-5.493343245179858,300.0,0.7984956502914429,0.6403340101242065,0,0.0,0.3174379374199625,7,0,off,0,0,0.0,0.0,0.0,0.7114170084123829,0.5140614530175942,0.44599304842695464,0.516484360303771,0.4445297581755465,0.010946461809007657,-0.42136652820551934,0.0,0.3174379374199625,0.3174379374199625
hrl,multi,0,off,0,111,-5.595352701592865,300.0,0.7717425227165222,0.49865520000457764,0,0.0,0.262287588810176,7,0,off,0,0,0.0,0.0,0.0,0.8421549301622715,0.8219407055628233,-1.8206524510706659,0.7894928731401735,0.40882910892162083,0.41350791959450905,0.3807400353604996,0.0,0.262287588810176,0.262287588810176
hrl,multi,0,off,0,112,-4.538976470682527,284.0,0.8042283058166504,0.7512490153312683,1,0.0,0.4496104979369996,7,0,off,0,0,0.0,0.0,0.0,0.6728524769150594,0.6186569953364928,0.7298932663219488,0.6991754822013493,0.4146975944633647,0.16530640132749289,-0.15330873100671077,0.0,0.4496104979369996,0.4496104979369996
hrl,multi,0,off,0,113,-6.0728250183900006,300.0,0.7192411422729492,0.35978013277053833,0,0.0,0.11228039245112176,7,0,off,0,0,0.0,0.0,0.0,0.8246042949041422,0.8614068204592126,0.5575321164444206,0.6770213862167036,-2.8917580512826953,0.46982258328573984,0.28733359713032836,0.0,0.11228039245112176,0.11228039245112176
hrl,multi,0,off,0,114,-5.532413502503188,300.0,0.7732177376747131,0.5690364241600037,0,0.0,0.28062607621167623,7,0,off,0,0,0.0,0.0,0.0,0.8121549301622715,0.5696690368555234,0.654050254141779,0.6853198781310822,-0.5072184141334348,0.4174117236102558,-0.6670048752857434,0.0,0.28062607621167623,0.28062607621167623
hrl,multi,0,off,0,115,-6.469216545097886,300.0,0.7014975547790527,0.4399513006210327,0,0.0,0.033449189623338704,7,0,off,0,0,0.0,0.0,0.0,0.8457776238312315,-2.16685728681292,0.3497339478565613,0.7000471302507263,0.32455058176908574,0.44581278730011065,-0.26492045683142473,0.0,0.033449189623338704,0.033449189623338704
hrl,multi,0,off,0,116,-6.0228265015117355,300.0,0.7390363812446594,0.43800580501556396,0,0.0,0.13482799787498276,7,0,off,0,0,0.0,0.0,0.0,0.9261288512108524,0.7499063208193552,0.7118443234739422,0.6423220347633193,0.492296457093123,-3.0007993178890304,0.42209731565331793,0.0,0.13482799787498276,0.13482799787498276
hrl,multi,0,off,0,117,-5.611654654640008,300.0,0.7696664929389954,0.44310420751571655,0,0.0,0.2536144562968437,7,0,off,0,0,0.0,0.0,0.0,0.31026299671416024,0.9514068204592127,0.7231611244297174,0.5751765276172693,0.4548109739584999,0.20971647065718574,-1.4492337197581395,0.0,0.2536144562968437,0.2536144562968437
hrl,multi,0,off,0,118,-5.585577673627994,300.0,0.791422963142395,0.4743611514568329,0,0.0,0.28503278177587277,7,0,off,0,0,0.0,0.0,0.0,0.5918412473157478,0.7717342945733022,0.32982098137670673,0.6566175675229445,-0.8540398713830727,0.4180201139495522,0.0812351390759285,0.0,0.28503278177587277,0.28503278177587277
hrl,multi,0,off,0,119,-4.2678815218794535,275.0,0.8031134009361267,0.7774750590324402,1,0.0,0.4839752139842153,7,0,off,0,0,0.0,0.0,0.0,0.7779445363598372,0.9180647595049319,0.7598932663219486,0.7129024173657336,0.29349004503277937,0.3063498374986246,-0.3808183641943484,0.0,0.4839752139842153,0.4839752139842153
hrl,multi,0,off,0,120,-5.979656150212947,300.0,0.7551432847976685,0.47168439626693726,0,0.0,0.16622265029723132,7,0,off,0,0,0.0,0.0,0.0,0.8185092009998021,-1.7171719799616716,0.21651915689944312,0.6951491517494336,0.42162303023976133,0.4334874363317771,0.2954425558220737,0.0,0.16622265029723132,0.16622265029723132
hrl,multi,0,off,0,121,-5.533334185095737,300.0,0.8193031549453735,0.5508414506912231,0,0.0,0.3273224238510721,7,0,off,0,0,0.0,0.0,0.0,0.23741654685975147,0.3685608788882544,0.714050254141779,0.6369784204290491,0.09948578531320897,0.4243322326178671,-0.189567151292406,0.0,0.3273224238510721,0.3273224238510721
hrl,multi,0,off,0,122,-5.948218343104238,300.0,0.8082990646362305,0.5525222420692444,0,0.0,0.24868100905231638,7,0,off,0,0,0.0,0.0,0.0,0.6942086829730535,0.4950464966548185,-0.7322357071284888,0.743082114073184,-0.028722202827233374,0.1489887369102765,0.42039894271060446,0.0,0.24868100905231638,0.24868100905231638
hrl,multi,0,off,0,123,-5.999365592604959,300.0,0.7587074041366577,0.4115816056728363,0,0.0,0.16211710176509816,7,0,off,0,0,0.0,0.0,0.0,0.8381821436001273,0.1736513373593256,-1.576566714734757,0.684450733381622,0.33304767036198024,0.21727268091782323,0.46478186146956574,0.0,0.16211710176509816,0.16211710176509816
hrl,multi,0,off,0,124,-5.509281280130383,300.0,0.8170141577720642,0.584683358669281,0,0.0,0.3228201126599677,7,0,off,0,0,0.0,0.0,0.0,0.7576767330042078,0.30235044261654664,0.771844323473942,0.11408628609921886,0.23680471091545566,0.41025972844334657,-0.333281435932944,0.0,0.3228201126599677,0.3228201126599677
hrl,multi,0,off,0,125,-6.6159345586896166,300.0,0.6470943689346313,0.2869606614112854,0,0.0,-0.09983480884423883,7,0,off,0,0,0.0,0.0,0.0,0.7761449976325765,0.8886294709106541,-3.8774558804409374,0.4713333763798191,0.45006808253508895,0.38965064597786336,0.2027856450952637,0.0,-0.09983480884423883,-0.09983480884423883
hrl,multi,0,off,0,126,-5.600390555427298,300.0,0.7853675484657288,0.48231619596481323,0,0.0,0.27409134177466493,7,0,off,0,0,0.0,0.0,0.0,0.8523071873409768,0.5370970320059234,0.6525158965081921,0.43128803718332187,-1.094271504738782,0.46796783714421736,0.07173490697880579,0.0,0.27409134177466493,0.27409134177466493
hrl,multi,0,off,0,127,-6.008308539609429,300.0,0.751013457775116,0.4831105172634125,0,0.0,0.17939745558823755,7,0,off,0,0,0.0,0.0,0.0,0.31598047042895183,0.7868363516995464,0.7172639168195037,0.6926959779612858,0.48314979047909706,0.4120981575560827,-2.1522424758268044,0.0,0.17939745558823755,0.17939745558823755
hrl,multi,0,off,0,128,-6.091642404356393,300.0,0.7373217940330505,0.34348297119140625,0,0.0,0.11199885247499138,7,0,off,0,0,0.0,0.0,0.0,0.8164970913620347,-0.03213910197428188,0.6739783518294733,0.7367497138730928,-2.1561437258326386,0.42213233136945627,0.32291730669780305,0.0,0.11199885247499138,0.11199885247499138
hrl,multi,0,off,0,129,-6.022075785823117,300.0,0.746282696723938,0.4077884256839752,0,0.0,0.1486577015571419,7,0,off,0,0,0.0,0.0,0.0,0.8186150857498078,0.6929698141026144,0.4179660810688015,0.677876552774909,-1.9819932785802143,0.3578549616567101,0.057314694127364896,0.0,0.1486577015571419,0.1486577015571419
hrl,multi,0,off,0,130,-5.4188012579616,300.0,0.8343011736869812,0.7441985011100769,0,0.0,0.35493245954000596,7,0,off,0,0,0.0,0.0,0.0,0.8427313104042182,0.23984034022680562,0.5551011473631806,0.6754980023792064,0.20932330992004755,0.04152270799251269,-0.07948960150592958,0.0,0.35493245954000596,0.35493245954000596
hrl,multi,0,off,0,131,-6.506382288968605,300.0,0.6885467767715454,0.3919186592102051,0,0.0,-0.02923070943699309,7,0,off,0,0,0.0,0.0,0.0,0.732068326068495,-0.5479289675129734,-1.522313933825051,0.3247000365350972,0.4232993764798252,0.03945023489298234,0.34610996130267296,0.0,-0.02923070943699309,-0.02923070943699309
hrl,multi,0,off,0,132,-5.9382376246652795,300.0,0.7886534333229065,0.5516833662986755,0,0.0,0.23346287320479733,7,0,off,0,0,0.0,0.0,0.0,-0.6848224615070582,0.8067376747680582,0.6267172609644286,0.8001903547643076,-0.11851798717617518,0.42602665310852517,-0.22209138248850502,0.0,0.23346287320479733,0.23346287320479733
hrl,multi,0,off,0,133,-6.1676355671967045,300.0,0.6983533501625061,0.31768861413002014,0,0.0,0.06150873879096571,7,0,off,0,0,0.0,0.0,0.0,0.7340910137463911,0.9311597678711174,0.8072639168195038,-1.0479708932292187,-1.5367668423905492,0.1502202506371253,0.3925639580823904,0.0,0.06150873879096571,0.06150873879096571
hrl,multi,0,off,0,134,-6.086973242084791,300.0,0.7092005014419556,0.3360285758972168,0,0.0,0.05922347701736497,7,0,off,0,0,0.0,0.0,0.0,0.8565698364952612,0.9208721230994154,0.6531255965072135,0.24601217824351274,0.32308513576403164,-2.8902750052639794,0.3051744742760998,0.0,0.05922347701736497,0.05922347701736497
hrl,multi,0,off,0,135,-6.080532543602762,300.0,0.7402332425117493,0.38010671734809875,0,0.0,0.14665468218635455,7,0,off,0,0,0.0,0.0,0.0,0.9097531371396734,0.8509348572215293,0.7031056387441555,0.6904909646017109,0.36072789679198025,-2.4261084488747584,-0.062321270319808976,0.0,0.14665468218635455,0.14665468218635455
hrl,multi,0,off,0,136,-5.8641347620810915,300.0,0.7872473001480103,0.6706823110580444,0,0.0,0.23670266289805392,7,0,off,0,0,0.0,0.0,0.0,0.8901276563560211,0.6695991474955891,0.7456661614210686,0.7738415998577189,-2.1060329823508357,0.4120981575560827,0.2716188999507327,0.0,0.23670266289805392,0.23670266289805392
hrl,multi,0,off,0,137,-6.511534205326562,300.0,0.7066183090209961,0.38090768456459045,0,0.0,0.0063153692413326756,7,0,off,0,0,0.0,0.0,0.0,0.822351489276991,0.6593593737836695,-2.8954256202580924,0.27602001891514527,0.5028332136117105,0.22247541224134232,0.4565936971185625,0.0,0.0063153692413326756,0.0063153692413326756
hrl,multi,0,off,0,138,-6.481214745160059,300.0,0.7128100395202637,0.38503962755203247,0,0.0,0.0378840085297743,7,0,off,0,0,0.0,0.0,0.0,0.8338405254710585,-2.7297124995373783,0.5788247949786586,0.7925394462735257,0.3636977549360775,0.3690816177625816,0.056916419823896544,0.0,0.0378840085297743,0.0378840085297743
hrl,multi,0,off,0,139,-5.994676697859903,300.0,0.7463430762290955,0.4203433096408844,0,0.0,0.14427879344623315,7,0,off,0,0,0.0,0.0,0.0,0.874859078160889,-0.8442270254416833,0.4735969494126444,0.8093033675358211,0.5203679835838692,0.3705590258194802,-1.1945078249473886,0.0,0.14427879344623315,0.14427879344623315
hrl,multi,0,off,0,140,-6.3836376692517725,300.0,0.7289748787879944,0.47778066992759705,0,0.0,0.07511668742320929,7,0,off,0,0,0.0,0.0,0.0,0.8548667414696325,-1.7202049213769153,0.43610227248036953,0.5258277437638668,0.48639666673135296,0.4750447469852213,-0.5322164380910627,0.0,0.07511668742320929,0.07511668742320929
hrl,multi,0,off,0,141,-4.118993011553522,270.0,0.807776153087616,0.7637275457382202,1,0.0,0.512638040797359,7,0,off,0,0,0.0,0.0,0.0,0.8974361270799607,0.7963036255408964,0.744330091894126,0.397352151373536,0.44293774459289154,0.1252873083432332,0.18481923675686937,0.0,0.512638040797359,0.512638040797359
hrl,multi,0,off,0,142,-6.14536356400041,300.0,0.7301802039146423,0.3245294392108917,0,0.0,0.09485721750602259,7,0,off,0,0,0.0,0.0,0.0,0.8670827454491282,0.8880647595049319,-0.6081090053369638,-1.4769274367905134,0.4232993764798252,0.3321581741380367,0.23843190909771322,0.0,0.09485721750602259,0.09485721750602259
hrl,multi,0,off,0,143,-5.995174210687409,300.0,0.7467221617698669,0.4890748858451843,0,0.0,0.15866757712546065,7,0,off,0,0,0.0,0.0,0.0,0.7524031635258945,0.7276251463015766,0.7106564301821384,-1.981469974782341,0.49107172435890173,0.4218627046194565,-0.011476154327402371,0.0,0.15866757712546065,0.15866757712546065
hrl,multi,0,off,0,144,-5.518460529852015,300.0,0.7970389127731323,0.5872182250022888,0,0.0,0.3043690472259218,7,0,off,0,0,0.0,0.0,0.0,0.9165698364952612,0.8280647595049319,0.6965082229250772,0.5580168546789137,-1.3973409908180308,0.1558906816519967,0.37287396614330265,0.0,0.3043690472259218,0.3043690472259218
hrl,multi,0,off,0,145,-6.141721733049194,300.0,0.6962153315544128,0.3401051461696625,0,0.0,0.04960118355721948,7,0,off,0,0,0.0,0.0,0.0,-2.390919565022804,0.9307698923672678,0.4527398463072043,0.20688898000492198,0.25615123777817395,0.5452930462091005,0.34628484725667175,0.0,0.04960118355721948,0.04960118355721948
hrl,multi,0,off,0,146,-5.931828253358255,300.0,0.7725605368614197,0.48423969745635986,0,0.0,0.1973786943709283,7,0,off,0,0,0.0,0.0,0.0,0.8981821436001274,0.2391449033594474,-1.2075958647445602,0.6310734866872187,0.46116842842325956,0.29257387292922327,0.06710389034178185,0.0,0.1973786943709283,0.1973786943709283
hrl,multi,0,off,0,147,-6.445864550639554,300.0,0.7224560379981995,0.4356020390987396,0,0.0,0.06078412362120197,7,0,off,0,0,0.0,0.0,0.0,0.9040707218489304,0.007455863192450122,0.6777121537538081,-2.3460178247774457,0.4718217117501705,0.3254333035287991,0.3850129360517011,0.0,0.06078412362120197,0.06078412362120197
hrl,multi,0,off,0,148,-6.059631043163322,300.0,0.7175307869911194,0.377725213766098,0,0.0,0.10221011059242575,7,0,off,0,0,0.0,0.0,0.0,-2.420931645178901,0.9039743325155343,0.5480677391736101,0.6640470939945453,0.4273191333973023,0.2608558671526794,0.3321382530922098,0.0,0.10221011059242575,0.10221011059242575
hrl,multi,0,off,0,149,-5.527039499969752,300.0,0.791071891784668,0.5785800814628601,0,0.0,0.2945860543937536,7,0,off,0,0,0.0,0.0,0.0,0.7307907993008735,-0.6356758423466713,0.5508846353816865,0.5578455283299096,0.5124921797373836,0.2073242513724666,0.1384408289806263,0.0,0.2945860543937536,0.2945860543937536
hrl,multi,0,off,0,150,-6.55377516961017,300.0,0.7012214660644531,0.33167600631713867,0,0.0,0.0024843890637649612,7,0,off,0,0,0.0,0.0,0.0,0.9435274930068701,0.5264285094444545,0.421741591530257,-2.344502871084406,0.21098560793154472,-0.03879777238519255,0.2980081650028267,0.0,0.0024843890637649612,0.0024843890637649612
hrl,multi,0,off,0,151,-5.629425617313245,300.0,0.7558972239494324,0.3914746344089508,0,0.0,0.2329384515830859,7,0,off,0,0,0.0,0.0,0.0,0.9064970913620348,0.7089025789559942,0.7394685198818314,0.6674931903797874,-2.1616612686406493,0.40306906900796946,0.36679998013463333,0.0,0.2329384515830859,0.2329384515830859
hrl,multi,0,off,0,152,-5.707262274227112,300.0,0.7694031000137329,0.3384919762611389,0,0.0,0.23976244925740123,7,0,off,0,0,0.0,0.0,0.0,-0.5626726018329608,0.7385873544348056,0.6169480237855992,0.7635785082893541,0.12137455369850912,-0.21902066965539846,0.21954197608189982,0.0,0.23976244925740123,0.23976244925740123
hrl,multi,0,off,0,153,-4.558549679908891,285.0,0.8091758489608765,0.7752489447593689,1,0.0,0.44635189808711606,7,0,off,0,0,0.0,0.0,0.0,0.7442929685179479,0.9039743325155343,0.711844323473942,0.5439036900573012,-0.08200636529464862,0.22250236524089298,0.0799519720988423,0.0,0.44635189808711606,0.44635189808711606
hrl,multi,0,off,0,154,-6.1431716049432135,300.0,0.682137668132782,0.3437420427799225,0,0.0,0.030091557331662373,7,0,off,0,0,0.0,0.0,0.0,0.8079544875301939,0.9039743325155343,0.807526640683272,0.6978596172241187,0.3322537130905724,-3.606506568889979,0.26757867916792444,0.0,0.030091557331662373,0.030091557331662373
hrl,multi,0,off,0,155,-5.643207178614109,300.0,0.7632082104682922,0.4141673743724823,0,0.0,0.25087606743288066,7,0,off,0,0,0.0,0.0,0.0,0.8275798122795875,0.4214650271786054,0.7497734925537161,0.7411661695533776,0.45006808253508895,-0.051865532608639076,-1.382054579461572,0.0,0.25087606743288066,0.25087606743288066
hrl,multi,0,off,0,156,-5.671424416071387,300.0,0.7829661965370178,0.3977324068546295,0,0.0,0.26699921550586136,7,0,off,0,0,0.0,0.0,0.0,0.9165698364952612,0.8994687883942134,0.6466747067360933,-0.29896832129903084,0.3787705530023993,-0.6425088823634253,-0.031012172424481343,0.0,0.26699921550586136,0.26699921550586136
hrl,multi,0,off,0,157,-5.75812876562123,300.0,0.7650233507156372,0.30136287212371826,0,0.0,0.22340296411140498,7,0,off,0,0,0.0,0.0,0.0,0.8816378225500796,0.8848095990142094,0.6299448094568029,0.3608829337011685,-1.7205693718513524,0.27940429009352263,0.2477106658154038,0.0,0.22340296411140498,0.22340296411140498
hrl,multi,0,off,0,158,-6.063726836748543,300.0,0.7748906016349792,0.3919186592102051,0,0.0,0.19094876850106204,7,0,off,0,0,0.0,0.0,0.0,0.41340173322568,0.7710561552917394,0.4154545676034103,0.6474631008433869,0.4232993764798252,-1.50794106721807,0.17390751328146217,0.0,0.19094876850106204,0.19094876850106204
hrl,multi,0,off,0,159,-4.902558017245313,296.0,0.8311412930488586,0.7509564161300659,1,0.0,0.42093069363195995,7,0,off,0,0,0.0,0.0,0.0,-0.20877835167349304,0.7662731849200848,0.777526640683272,0.5973114408229705,0.4195544764371336,0.3547210057733119,0.23990645846043954,0.0,0.42093069363195995,0.42093069363195995
hrl,multi,0,off,0,160,-5.575473124688144,300.0,0.7861834764480591,0.4646899104118347,0,0.0,0.2767221890380068,7,0,off,0,0,0.0,0.0,0.0,0.8483401796191238,0.32620693678791124,0.39605952661327604,0.8721716368402181,0.3982404401356879,-0.5657155861729991,-0.33824781055717,0.0,0.2767221890380068,0.2767221890380068
hrl,multi,0,off,0,161,-5.494564268432442,300.0,0.800011932849884,0.6201616525650024,0,0.0,0.30741912495707835,7,0,off,0,0,0.0,0.0,0.0,0.8446853042078522,-0.9737013476983798,0.6128465494826119,0.6008371426246066,0.3758915127237039,0.35293133380128805,0.3384433795578656,0.0,0.30741912495707835,0.30741912495707835
hrl,multi,0,off,0,162,-5.365347621955149,300.0,0.815040647983551,0.7449297904968262,0,0.0,0.3357228434877176,7,0,off,0,0,0.0,0.0,0.0,0.8900823668330319,-0.08961667838099416,0.6847240003972117,0.5732528744223151,0.4800972261532329,0.17555474240260444,-0.3640346274133785,0.0,0.3357228434877176,0.3357228434877176
hrl,multi,0,off,0,163,-6.42418203804137,300.0,0.7129680514335632,0.3859238624572754,0,0.0,0.017736356003934108,7,0,off,0,0,0.0,0.0,0.0,-1.3125508603847809,0.7986622621281253,0.4215860650983234,-0.006361302265927817,0.3626405512154788,0.32326442021209856,-0.46308664397577864,0.0,0.017736356003934108,0.017736356003934108
hrl,multi,0,off,0,164,-5.967753219325106,300.0,0.7560886144638062,0.49531421065330505,0,0.0,0.18082208634659339,7,0,off,0,0,0.0,0.0,0.0,0.8652230588207516,0.7418540545568547,0.717237197832745,0.7943550462176201,0.5130873888397216,-2.4485363536140263,0.08253421177248679,0.0,0.18082208634659339,0.18082208634659339
hrl,multi,0,off,0,165,-6.602091165937278,300.0,0.6762713193893433,0.29355454444885254,0,0.0,-0.03329663079497241,7,0,off,0,0,0.0,0.0,0.0,0.8638405254710585,-3.479853088194228,0.6998932663219488,0.7483918224627215,0.38893690153053534,0.2907541968476496,0.25495995999550736,0.0,-0.03329663079497241,-0.03329663079497241
hrl,multi,0,off,0,166,-5.912799570231442,300.0,0.7970040440559387,0.5315698385238647,0,0.0,0.23203089062213592,7,0,off,0,0,0.0,0.0,0.0,-0.5734521032021327,0.7929188727860403,0.741844323473942,0.6190318793564442,0.5249937490458088,-0.07795236575163622,-0.403168121353515,0.0,0.23203089062213592,0.23203089062213592
hrl,multi,0,off,0,167,-5.528509588100131,300.0,0.7919012308120728,0.5652209520339966,0,0.0,0.29296635587098313,7,0,off,0,0,0.0,0.0,0.0,0.9164042413618773,0.1781993399923814,0.6321920954075219,0.4090309742512146,0.5273286541020886,-0.14048130240497023,-0.471909511613232,0.0,0.29296635587098313,0.29296635587098313
hrl,multi,0,off,0,168,-6.011770108662312,300.0,0.7350696921348572,0.4686066210269928,0,0.0,0.15946200655073076,7,0,off,0,0,0.0,0.0,0.0,0.8284135667707848,0.9180647595049319,0.5668207202147524,0.7420242957183621,0.4764879411168813,0.3122988340165062,-2.7278760714871035,0.0,0.15946200655073076,0.15946200655073076
hrl,multi,0,off,0,169,-6.492850618688691,300.0,0.6847768425941467,0.4212491512298584,0,0.0,-0.008834407348058983,7,0,off,0,0,0.0,0.0,0.0,0.8752057605818622,0.7854619639548218,0.3877099755926873,0.7526959779612858,-3.74227373163032,0.44581278730011065,0.4335464148031392,0.0,-0.008834407348058983,-0.008834407348058983
hrl,multi,0,off,0,170,-5.503244127670775,300.0,0.786464512348175,0.6063941121101379,0,0.0,0.3009761980335358,7,0,off,0,0,0.0,0.0,0.0,0.7252360834569307,0.9119407055628234,0.684050254141779,0.5967250343133746,-1.0320058886084342,0.40151898788805257,-0.18063179051977551,0.0,0.3009761980335358,0.3009761980335358
hrl,multi,0,off,0,171,-6.007862820924498,300.0,0.7257912755012512,0.40063440799713135,0,0.0,0.13926492764685378,7,0,off,0,0,0.0,0.0,0.0,0.8828524769150596,0.8336268519150783,0.7377121537538082,0.6217765649630643,0.33529057538779117,0.2315462490986748,-2.6679503785055,0.0,0.13926492764685378,0.13926492764685378
hrl,multi,0,off,0,172,-5.505453170731204,300.0,0.7866606712341309,0.5174164175987244,0,0.0,0.2806095593822648,7,0,off,0,0,0.0,0.0,0.0,0.8681821436001274,-1.2610504674900682,0.7231611244297174,0.5582242316950825,0.2183672928965958,0.4405335216520475,0.41684906889235124,0.0,0.2806095593822648,0.2806095593822648
hrl,multi,0,off,0,173,-5.602419807945268,300.0,0.7790288329124451,0.3948655128479004,0,0.0,0.2524273449565485,7,0,off,0,0,0.0,0.0,0.0,0.44230249168434344,0.9173741339361509,0.2269688890504467,0.32368594213117163,0.37352529594241746,0.24196125691376977,-0.7588265949624606,0.0,0.2524273449565485,0.2524273449565485
hrl,multi,0,off,0,174,-4.150699546072851,271.0,0.8216046690940857,0.7652674913406372,1,0.0,0.5235380728394307,7,0,off,0,0,0.0,0.0,0.0,0.8376082554596262,0.8513902991284907,0.6549393033972961,0.5791754822013492,0.45395882739788673,0.5452930462091005,-0.25759870391773454,0.0,0.5235380728394307,0.5235380728394307
hrl,multi,0,off,0,175,-4.786657676202005,292.0,0.8188937306404114,0.7341992855072021,1,0.0,0.4359799486537499,7,0,off,0,0,0.0,0.0,0.0,0.9028443788872196,0.9119407055628234,0.20114989746053147,0.7125828305496947,0.3592008283722391,0.08751676192699195,-0.12337576218325141,0.0,0.4359799486537499,0.4359799486537499
hrl,multi,0,off,0,176,-6.454853056126747,300.0,0.7099596261978149,0.4312775731086731,0,0.0,0.049378596489324175,7,0,off,0,0,0.0,0.0,0.0,0.9040826332833801,0.8997678843405301,0.42102958314632327,0.6673724277897556,0.4379223179296622,-2.8930074486384494,-0.09151722242593222,0.0,0.049378596489324175,0.049378596489324175
hrl,multi,0,off,0,177,-5.599568106440701,300.0,0.8111398816108704,0.4512554109096527,0,0.0,0.305137881785044,7,0,off,0,0,0.0,0.0,0.0,0.3890879223188329,-0.10963373777400606,0.7231611244297174,0.8278765527749091,-0.3852624876668559,0.3010657977033758,0.3896700007093345,0.0,0.305137881785044,0.305137881785044
hrl,multi,0,off,0,178,-6.1141835386953,300.0,0.7172858119010925,0.3626025319099426,0,0.0,0.10011837329690017,7,0,off,0,0,0.0,0.0,0.0,-2.5055265615310507,0.9419407055628234,0.5704660626104369,0.7659599492950584,0.32832403796751025,0.15739037597181754,0.44227404320170527,0.0,0.10011837329690017,0.10011837329690017
hrl,multi,0,off,0,179,-6.115215371441447,300.0,0.7396815419197083,0.3254794776439667,0,0.0,0.11425598445687031,7,0,off,0,0,0.0,0.0,0.0,0.43232159891202404,0.6403711459749661,0.27926908173567955,0.6987300177501719,0.5116443699881114,0.3496545675385313,-2.112198890701392,0.0,0.11425598445687031,0.11425598445687031
hrl,multi,0,off,0,180,-4.781162114277817,292.0,0.80782550573349,0.7730473875999451,1,0.0,0.41049806077111706,7,0,off,0,0,0.0,0.0,0.0,0.8674970274558886,0.7623028285077991,0.5680000265516791,0.7983456963652517,0.2752721559972271,-0.20243090592784985,-0.19550040355217602,0.0,0.41049806077111706,0.41049806077111706
hrl,multi,0,off,0,181,-5.566196491842851,300.0,0.7846778631210327,0.4995862543582916,0,0.0,0.27704455985113885,7,0,off,0,0,0.0,0.0,0.0,0.8372725568983508,0.8382161347623274,0.48174159153025703,0.7378818577760526,-1.3651530922781823,0.37216050396399636,0.03719236630516978,0.0,0.27704455985113885,0.27704455985113885
hrl,multi,0,off,0,182,-6.014828407829011,300.0,0.7355729341506958,0.408560186624527,0,0.0,0.12537029814068265,7,0,off,0,0,0.0,0.0,0.0,0.8995334580587722,0.789453341674525,-2.231099157870959,0.6917156958028794,0.5026047368519454,-0.1676502775844532,0.39303429005206875,0.0,0.12537029814068265,0.12537029814068265
hrl,multi,0,off,0,183,-6.475296594254553,300.0,0.735740065574646,0.42836523056030273,0,0.0,0.07844764914032254,7,0,off,0,0,0.0,0.0,0.0,-2.0913772009490708,0.41429752608445114,0.6454788257949656,0.7287300177501719,0.42498737550391547,0.2889508545037791,0.13806614529404548,0.0,0.07844764914032254,0.07844764914032254
hrl,multi,0,off,0,184,-5.456139313656605,300.0,0.8229400515556335,0.680458128452301,0,0.0,0.33663651562049424,7,0,off,0,0,0.0,0.0,0.0,0.39587585309287127,0.7736005744150526,0.5540148113677461,0.17983556481775478,0.41600287724804946,0.18544557731052905,-0.14831964890854343,0.0,0.33663651562049424,0.33663651562049424
hrl,multi,0,off,0,185,-5.641192029516966,300.0,0.7830419540405273,0.41509735584259033,0,0.0,0.2669295206113615,7,0,off,0,0,0.0,0.0,0.0,0.6886358234442728,0.8721458150564326,0.49413242451192707,0.6738137813775833,0.36337899970119614,-1.631653064592712,0.4080528647808311,0.0,0.2669295206113615,0.2669295206113615
hrl,multi,0,off,0,186,-6.041249260188492,300.0,0.775673508644104,0.4141673743724823,0,0.0,0.18909757006606678,7,0,off,0,0,0.0,0.0,0.0,0.033913826566382546,0.6709441981087142,0.6631611244297173,0.4907001188160042,0.45006808253508895,-1.357413486510292,0.3723091265168519,0.0,0.18909757006606678,0.18909757006606678
hrl,multi,0,off,0,187,-6.567929622807074,300.0,0.6754190325737,0.3287244439125061,0,0.0,-0.03450079152178735,7,0,off,0,0,0.0,0.0,0.0,-3.380773935349838,0.9039743325155343,0.48426202724360085,0.81520094557301,0.2617716794969755,0.38965064597786336,0.2844087638903427,0.0,-0.03450079152178735,-0.03450079152178735
hrl,multi,0,off,0,188,-5.5146830291807385,300.0,0.8221508860588074,0.5910183191299438,0,0.0,0.3254792349681143,7,0,off,0,0,0.0,0.0,0.0,0.62934317261787,0.8703157212246035,0.7196581453862608,0.8393033675358211,0.5113653273443047,-0.9561056878144922,-0.3355254015175675,0.0,0.3254792349681143,0.3254792349681143
hrl,multi,0,off,0,189,-6.075158610283694,300.0,0.7379347085952759,0.4356020390987396,0,0.0,0.14339403383245677,7,0,off,0,0,0.0,0.0,0.0,0.8097867662835377,0.9394944782062365,0.6602249590404646,0.49057262543338803,0.4718217117501705,-2.824880567839506,0.4567382639529059,0.0,0.14339403383245677,0.14339403383245677
hrl,multi,0,off,0,190,-5.610369504734264,300.0,0.7863449454307556,0.45770418643951416,0,0.0,0.2701822607975495,7,0,off,0,0,0.0,0.0,0.0,-1.3446713161172172,0.8480388294772955,0.3442285892075326,0.8426959779612859,0.45908346399172084,0.35324768959181746,0.38865259147041137,0.0,0.2701822607975495,0.2701822607975495
hrl,multi,0,off,0,191,-5.912451105103427,300.0,0.7682763934135437,0.5144611597061157,0,0.0,0.19598621235134867,7,0,off,0,0,0.0,0.0,0.0,-2.0268093710625568,0.8361607808486541,0.6899448094568029,0.7630151989056977,0.3871526516967829,0.4318588028569329,0.2905806137571267,0.0,0.19598621235134867,0.19598621235134867
hrl,multi,0,off,0,192,-5.406476431194457,300.0,0.8198955655097961,0.775372326374054,0,0.0,0.33731346972525517,7,0,off,0,0,0.0,0.0,0.0,0.7394626533015137,0.8809121653928286,0.5096583643323002,0.7209975251615557,-0.46788743429261903,0.13552823147590193,-0.15747721729469477,0.0,0.33731346972525517,0.33731346972525517
hrl,multi,0,off,0,193,-4.553854477786798,285.0,0.8209630846977234,0.7875045537948608,1,0.0,0.4588212448502887,7,0,off,0,0,0.0,0.0,0.0,0.8816440695789628,0.8728960416628562,0.46091829949515806,0.7562162862572497,0.17795585610881715,0.05087856513514192,0.011239595713835426,0.0,0.4588212448502887,0.4588212448502887
hrl,multi,0,off,0,194,-5.624409817624837,300.0,0.7645832896232605,0.47778066992759705,0,0.0,0.24395904163593382,7,0,off,0,0,0.0,0.0,0.0,0.8037031001073847,0.9366170853248375,0.46610227248036956,0.8213268171220522,0.4441841695822132,-0.08934581319185046,-1.6748743399734698,0.0,0.24395904163593382,0.24395904163593382
hrl,multi,0,off,0,195,-5.470090261413138,300.0,0.8123345971107483,0.6350997090339661,0,0.0,0.32469226360913944,7,0,off,0,0,0.0,0.0,0.0,-0.2742040896986122,0.857626424102594,0.6050367728654804,0.42655082931476573,0.5212420299324895,0.30164826566745956,-0.1650543869202011,0.0,0.32469226360913944,0.32469226360913944
hrl,multi,0,off,0,196,-5.440803592151495,300.0,0.8193811178207397,0.7109583020210266,0,0.0,0.3392557275747103,7,0,off,0,0,0.0,0.0,0.0,-0.040978176657141194,0.8583342974230066,0.6087926085934104,0.8376678092375689,0.27977011700008036,-0.273823635171907,0.10502707259795346,0.0,0.3392557275747103,0.3392557275747103
hrl,multi,0,off,0,197,-5.570623121515382,300.0,0.7823173403739929,0.4633364677429199,0,0.0,0.2612186927063335,7,0,off,0,0,0.0,0.0,0.0,0.5639516102214632,0.8846521189505282,0.4328879380570151,0.6256440719734669,-0.7714981425773408,0.24060761008447487,-0.14771435776527322,0.0,0.2612186927063335,0.2612186927063335
hrl,multi,0,off,0,198,-5.880816942339882,300.0,0.7829268574714661,0.5652209520339966,0,0.0,0.21845207819778262,7,0,off,0,0,0.0,0.0,0.0,0.8110398152720124,0.8669566580661323,0.684050254141779,-1.4304625652122307,0.5273286541020886,0.20560640047248332,-0.13535466945778662,0.0,0.21845207819778262,0.21845207819778262
hrl,multi,0,off,0,199,-4.473085240521461,282.0,0.8096242547035217,0.7691637277603149,1,0.0,0.4683184408678659,7,0,off,0,0,0.0,0.0,0.0,0.9164042413618773,0.9366170853248375,0.7178159063471389,0.06967067428074422,0.539528523963175,0.09920765141891613,-0.001014996621627129,0.0,0.4683184408678659,0.4683184408678659
hrl,multi,0,off,0,200,-5.701404136751082,300.0,0.7553435564041138,0.3586774468421936,0,0.0,0.21837250207884645,7,0,off,0,0,0.0,0.0,0.0,0.8835734323970553,0.9257634597689092,0.5877854851166862,0.607764108716942,-1.228192726817439,0.2798503232830072,-0.5279365679132358,0.0,0.21837250207884645,0.21837250207884645
hrl,multi,0,off,0,201,-4.8040520053904014,292.0,0.7863869071006775,0.7426580786705017,1,0.0,0.39192173297744165,7,0,off,0,0,0.0,0.0,0.0,0.9435274930068701,0.8728747280817005,0.6704287028878523,0.8393033675358211,0.2734199647807251,-0.22492830286383453,-0.6311738225870427,0.0,0.39192173297744165,0.39192173297744165
hrl,multi,0,off,0,202,-5.986394153706358,300.0,0.7679890990257263,0.4442174732685089,0,0.0,0.18843508511805046,7,0,off,0,0,0.0,0.0,0.0,0.9005234453537763,0.6132544288521644,-2.145324556282747,0.872695977961286,0.29464557099370337,0.36476396222049,0.41848676672768004,0.0,0.18843508511805046,0.18843508511805046
hrl,multi,0,off,0,203,-3.708112051601038,256.0,0.7827741503715515,0.7284339070320129,1,0.0,0.537861220865095,7,0,off,0,0,0.0,0.0,0.0,0.8933347325835324,0.8632895979432386,0.6552943550752337,0.7257324872051039,0.5547491131971362,0.12762414973276154,-0.054995889681340906,0.0,0.537861220865095,0.537861220865095
hrl,multi,0,off,0,204,-5.548557135392912,300.0,0.7704765200614929,0.49349653720855713,0,0.0,0.267950835880352,7,0,off,0,0,0.0,0.0,0.0,0.899512902147829,0.9514068204592127,0.684050254141779,0.7310772239759208,-1.7453924403548295,0.4234273179937712,-0.0684262272012194,0.0,0.267950835880352,0.267950835880352
hrl,multi,0,off,0,205,-5.442238735908173,300.0,0.7912432551383972,0.6661333441734314,0,0.0,0.29617480173276683,7,0,off,0,0,0.0,0.0,0.0,0.8456364102860986,0.9307698923672678,0.6471812077426781,0.7129175474404358,0.4461363252511479,-1.826086285029398,0.3166685140711377,0.0,0.29617480173276683,0.29617480173276683
hrl,multi,0,off,0,206,-5.578546365941293,300.0,0.7812475562095642,0.4831104874610901,0,0.0,0.2730597401299315,7,0,off,0,0,0.0,0.0,0.0,0.9164042413618773,0.8613970041294691,0.8072639168195038,0.7531283350833708,0.5178710808381692,-1.7667644775579563,-0.17788191976491413,0.0,0.2730597401299315,0.2730597401299315
hrl,multi,0,off,0,207,-6.094109563124589,300.0,0.7319344282150269,0.3706152141094208,0,0.0,0.10245081510681953,7,0,off,0,0,0.0,0.0,0.0,-0.7982983875095675,0.8412441146354677,0.6721581329355149,0.8225394462735257,-1.603241967206393,0.42961331946786996,0.353141047151319,0.0,0.10245081510681953,0.10245081510681953
hrl,multi,0,off,0,208,-5.967607149096158,300.0,0.7844404578208923,0.5000194907188416,0,0.0,0.21925031041293216,7,0,off,0,0,0.0,0.0,0.0,0.7955241442844944,0.5426675304715142,-1.634173339582627,0.7999393554074327,0.3282272349206189,0.4746725858176785,0.22789466157141344,0.0,0.21925031041293216,0.21925031041293216
hrl,multi,0,off,0,209,-4.843651132269296,296.0,0.8030681014060974,0.7626826763153076,1,0.0,0.40332307503691467,7,0,off,0,0,0.0,0.0,0.0,0.8786018105614087,0.9307698923672678,0.6243855420401714,0.7203899751576824,0.38628264814158675,0.33810198019502297,-1.0552703232047376,0.0,0.40332307503691467,0.40332307503691467
hrl,multi,0,off,0,210,-4.712827643670596,290.0,0.8013688921928406,0.7610782384872437,1,0.0,0.4181265573400073,7,0,off,0,0,0.0,0.0,0.0,0.8428189942838713,0.9180647595049319,0.44137114704939373,0.7297443236480483,0.23905436534561267,0.10788465689966115,-0.3520523453514679,0.0,0.4181265573400073,0.4181265573400073
hrl,multi,0,off,0,211,-6.5970043050100875,300.0,0.6647006869316101,0.3108123242855072,0,0.0,-0.06924750714279058,7,0,off,0,0,0.0,0.0,0.0,0.937908446127668,-3.724378456461334,0.733908205701246,0.7912091554178523,0.2719549821587121,0.28,0.2246651170563216,0.0,-0.06924750714279058,-0.06924750714279058
hrl,multi,0,off,0,212,-6.182735216784391,300.0,0.6940628290176392,0.30576229095458984,0,0.0,0.01506446528584095,7,0,off,0,0,0.0,0.0,0.0,0.8030916991312003,0.9180647595049319,0.6761729150785155,-2.7978307774093603,0.2719549821587121,0.21000000000000002,0.023997678536887068,0.0,0.01506446528584095,0.01506446528584095
hrl,multi,0,off,0,213,-6.070701647143235,300.0,0.6974813342094421,0.41150590777397156,0,0.0,0.0732765768687429,7,0,off,0,0,0.0,0.0,0.0,0.9158117957638722,0.9526041424019642,0.8021404725725478,-2.9746760021735117,0.37349029463667827,0.44581278730011065,-0.002247452420461149,0.0,0.0732765768687429,0.0732765768687429
hrl,multi,0,off,0,214,-3.733935752515663,259.0,0.8034349679946899,0.7686926126480103,1,0.0,0.5508043773281687,7,0,off,0,0,0.0,0.0,0.0,0.8893219034665315,0.8376950689746764,0.6259794775194583,0.7425828305496948,0.5296348952094777,0.2566810904529957,-0.026264624875654313,0.0,0.5508043773281687,0.5508043773281687
hrl,multi,0,off,0,215,-5.377435269896522,300.0,0.8065477013587952,0.7627546787261963,0,0.0,0.3075781243574437,7,0,off,0,0,0.0,0.0,0.0,0.7456501808421259,-0.045127201627207805,0.6004826456251126,0.7040155735721835,0.38049002370251817,0.06488724680140204,-0.29735159841402825,0.0,0.3075781243574437,0.3075781243574437
hrl,multi,0,off,0,216,-5.483660517013047,300.0,0.7982414364814758,0.6408750414848328,0,0.0,0.3177303608020103,7,0,off,0,0,0.0,0.0,0.0,0.8942034351453633,0.8203697208249966,0.7338840672063799,0.7408509825621347,-1.5991226448848965,0.41943069385566134,0.2144962709044326,0.0,0.3177303608020103,0.3177303608020103
hrl,multi,0,off,0,217,-5.6631823251038504,300.0,0.7934185862541199,0.3901173174381256,0,0.0,0.270085585548788,7,0,off,0,0,0.0,0.0,0.0,0.9219934881339341,0.02091363431945953,0.6534915151687261,-0.07329522584869332,-0.16142354163745098,0.2781504950656367,0.2507687336399037,0.0,0.270085585548788,0.270085585548788
hrl,multi,0,off,0,218,-6.015472844900071,300.0,0.7666319608688354,0.44310417771339417,0,0.0,0.19241004887586355,7,0,off,0,0,0.0,0.0,0.0,0.9115983942740867,0.8886294709106541,0.8072639168195038,0.735352230779688,0.4895322585013113,-0.08489121825710717,-2.400614710897092,0.0,0.19241004887586355,0.19241004887586355
hrl,multi,0,off,0,219,-5.621584953247296,300.0,0.787469208240509,0.4454677104949951,0,0.0,0.272231880377614,7,0,off,0,0,0.0,0.0,0.0,0.7876767330042078,-1.0836789375122557,0.7263652119282692,0.6022425516830717,0.60064399757547,-0.15304637395748746,0.4254199799220222,0.0,0.272231880377614,0.272231880377614
hrl,multi,0,off,0,220,-5.495502213707368,300.0,0.813696026802063,0.5906481146812439,0,0.0,0.32888001477994333,7,0,off,0,0,0.0,0.0,0.0,0.8670827454491282,-0.2860067293767967,0.6923924185081869,0.8579653177091473,0.4816656529221205,0.3582311370942373,-0.6691704388464199,0.0,0.32888001477994333,0.32888001477994333
hrl,multi,0,off,0,221,-6.05731963374129,300.0,0.7685641050338745,0.40203431248664856,0,0.0,0.17921583570042632,7,0,off,0,0,0.0,0.0,0.0,0.41036423204026284,0.7696065707856559,0.34887031393863166,0.6057817522818384,0.46451687311368184,0.3154235748061777,-1.6600524670632644,0.0,0.17921583570042632,0.17921583570042632
hrl,multi,0,off,0,222,-5.740462777227547,300.0,0.7558848261833191,0.31518101692199707,0,0.0,0.21658773002322804,7,0,off,0,0,0.0,0.0,0.0,-1.366484001596901,0.91358091907366,0.8072639168195038,0.669722681197124,0.13240217137310525,0.06099741005988475,0.2986310132362199,0.0,0.21658773002322804,0.21658773002322804
hrl,multi,0,off,0,223,-6.522182315923157,300.0,0.6877371072769165,0.3660777807235718,0,0.0,-0.015344967852190337,7,0,off,0,0,0.0,0.0,0.0,-1.9111473302763131,0.19724630313869423,0.6135277232287749,0.6926959779612858,0.45006808253508895,-0.5807052932531014,0.43089976170023847,0.0,-0.015344967852190337,-0.015344967852190337
hrl,multi,0,off,0,224,-5.536940136138578,300.0,0.7966169714927673,0.4522567391395569,0,0.0,0.2901026552850174,7,0,off,0,0,0.0,0.0,0.0,0.7980207155754586,0.2932837874288366,0.40451771237008327,0.6553879931203573,-0.08514386668118865,0.22678253951954466,-0.2621302943379701,0.0,0.2901026552850174,0.2901026552850174
hrl,multi,0,off,0,225,-6.094644696304024,300.0,0.7396944761276245,0.3806334435939789,0,0.0,0.15123648964067546,7,0,off,0,0,0.0,0.0,0.0,0.9423071873409768,0.7535138976575562,0.38211961743263895,0.5771765390936184,0.3730199757330524,-2.056325244359442,0.08684345458632753,0.0,0.15123648964067546,0.15123648964067546
hrl,multi,0,off,0,226,-4.483847541423738,283.0,0.8084198832511902,0.7833161354064941,1,0.0,0.45673096535436447,7,0,off,0,0,0.0,0.0,0.0,0.9261449976325766,0.8131664487054266,0.5322190826451242,0.8225394462735257,0.44786444028446326,-0.021746099962485953,-0.32307155809807864,0.0,0.45673096535436447,0.45673096535436447
hrl,multi,0,off,0,227,-6.51329594356963,300.0,0.6806899905204773,0.3758566677570343,0,0.0,-0.03571647815832573,7,0,off,0,0,0.0,0.0,0.0,0.9621549301622716,0.8444662066656254,-3.439327331320623,0.1590569064899002,0.45006808253508895,0.44581278730011065,0.32775307105934615,0.0,-0.03571647815832573,-0.03571647815832573
hrl,multi,0,off,0,228,-5.642111788783228,300.0,0.7573350667953491,0.4238949418067932,0,0.0,0.23643056500911208,7,0,off,0,0,0.0,0.0,0.0,0.7670886589026552,0.9089898858167599,0.7751502447294616,0.5440352254964679,-0.3543739277985689,0.2217719256468755,-1.2076480577298663,0.0,0.23643056500911208,0.23643056500911208
hrl,multi,0,off,0,229,-3.8251334649184505,262.0,0.8069685697555542,0.7576594352722168,1,0.0,0.5502587731918427,7,0,off,0,0,0.0,0.0,0.0,0.8471549420149886,0.817895941888564,0.823908205701246,0.7827140133639596,0.4813814036737595,0.1388573455849977,-0.040100439884617145,0.0,0.5502587731918427,0.5502587731918427
hrl,multi,0,off,0,230,-3.2333617880765706,240.0,0.7960371971130371,0.7410153746604919,1,0.0,0.6233334561371505,7,0,off,0,0,0.0,0.0,0.0,0.8995334580587722,0.9589721298278469,0.823908205701246,0.8025828305496948,0.44769950908778566,0.47917612003071014,-0.04853806029600219,0.0,0.6233334561371505,0.6233334561371505
hrl,multi,0,off,0,231,-3.264282094248323,243.0,0.8051007986068726,0.7491334080696106,1,0.0,0.6227249263676943,7,0,off,0,0,0.0,0.0,0.0,0.8655663820150753,0.6125896856270872,0.6958723778187583,0.8383742163141206,0.6449397425761135,0.5198374330256466,0.18189464719705886,0.0,0.6227249263676943,0.6227249263676943
hrl,multi,0,off,0,232,-5.634827457022034,300.0,0.8156390190124512,0.42135679721832275,0,0.0,0.30462614157615775,7,0,off,0,0,0.0,0.0,0.0,-0.18586935352072712,0.5767991260236893,0.39946833154583206,0.7274493817003653,0.4809941665616989,0.17615399858775663,-0.04261265986551125,0.0,0.30462614157615775,0.30462614157615775
hrl,multi,0,off,0,233,-5.610466977785109,300.0,0.7684203386306763,0.5072911381721497,0,0.0,0.2651803784677332,7,0,off,0,0,0.0,0.0,0.0,0.866477219750847,0.9419407055628234,0.6518443234739421,0.6885734343147051,-1.6955644614389604,0.4309924780108773,-0.028001050400102343,0.0,0.2651803784677332,0.2651803784677332
hrl,multi,0,off,0,234,-5.755398077140853,300.0,0.757194995880127,0.32024601101875305,0,0.0,0.2197410278343485,7,0,off,0,0,0.0,0.0,0.0,0.9274181888751465,0.9514068204592127,-0.9130656702684944,0.6703737932274992,-0.8278780641067237,0.5024419089985621,0.2274902176552373,0.0,0.2197410278343485,0.2197410278343485
hrl,multi,0,off,0,235,-5.682396516411246,300.0,0.7631159424781799,0.3511393368244171,0,0.0,0.23350219559864868,7,0,off,0,0,0.0,0.0,0.0,0.9219934881339341,-1.6622746385980731,0.7531611244297174,0.872695977961286,0.08778540508786958,0.3394729438963263,0.3216810682794807,0.0,0.23350219559864868,0.23350219559864868
hrl,multi,0,off,0,236,-6.0006178641400805,300.0,0.7516365051269531,0.48231619596481323,0,0.0,0.17117454045176997,7,0,off,0,0,0.0,0.0,0.0,0.6630149490869934,0.7451187455356555,0.7231611244297174,0.7913268171220522,0.5113653273443047,0.46796783714421736,-2.7037330175005505,0.0,0.17117454045176997,0.17117454045176997
hrl,multi,0,off,0,237,-5.445368070162655,300.0,0.8343009948730469,0.6924363970756531,0,0.0,0.3536116130595922,7,0,off,0,0,0.0,0.0,0.0,0.6878794490031942,0.7563051886808642,0.7434085270351832,-0.23997920943308038,-0.0050118864362159316,0.26338505064244,0.26929417192476024,0.0,0.3536116130595922,0.3536116130595922
hrl,multi,0,off,0,238,-5.395766214466856,300.0,0.8150497674942017,0.7195583581924438,0,0.0,0.32942996035985705,7,0,off,0,0,0.0,0.0,0.0,0.8865698364952612,0.91358091907366,0.603977923366493,0.7894928731401735,-1.4548769066588751,0.3205103318469169,0.2467547452553698,0.0,0.32942996035985705,0.32942996035985705
hrl,multi,0,off,0,239,-5.544119787387892,300.0,0.810357928276062,0.5204813480377197,0,0.0,0.3107324727440651,7,0,off,0,0,0.0,0.0,0.0,0.11650759473757133,0.19685217621542717,0.49356638854407286,0.7999393554074327,0.44223828543055504,0.5235983678243682,-0.3975748589509709,0.0,0.3107324727440651,0.3107324727440651
hrl,multi,0,off,0,240,-5.579701856950117,300.0,0.8048170804977417,0.4834437072277069,0,0.0,0.30925120394136724,7,0,off,0,0,0.0,0.0,0.0,0.6660980574407481,0.8099735424871048,-0.4654871398517242,0.5458467283169391,0.2702857920459303,0.41154709784773025,-0.07350565069715741,0.0,0.30925120394136724,0.30925120394136724
hrl,multi,0,off,0,241,-6.08582615860983,300.0,0.70894855260849,0.3975425064563751,0,0.0,0.08965531256752565,7,0,off,0,0,0.0,0.0,0.0,0.8252879319185918,0.8908319894279474,0.5496937238639494,-2.4649584768952493,0.014984058026258802,0.38965064597786336,0.42209731565331793,0.0,0.08965531256752565,0.08965531256752565
hrl,multi,0,off,0,242,-5.673730233902463,300.0,0.7794113159179688,0.3492495119571686,0,0.0,0.2431522797395431,7,0,off,0,0,0.0,0.0,0.0,0.863045668448923,0.8276696090355504,0.8072639168195038,0.14052761808079287,0.30555388880431095,-0.7311608465766285,-0.5108338964356508,0.0,0.2431522797395431,0.2431522797395431
hrl,multi,0,off,0,243,-3.5828326885495163,252.0,0.789227306842804,0.7530344128608704,1,0.0,0.5683062675715338,7,0,off,0,0,0.0,0.0,0.0,0.9479695733888247,0.8310700070003225,0.5338359051378512,0.6007570804667509,0.5730106636065355,0.2584371322417967,0.23306351115865478,0.0,0.5683062675715338,0.5683062675715338
hrl,multi,0,off,0,244,-6.552342495377628,300.0,0.6857100129127502,0.34348297119140625,0,0.0,-0.011229975367925662,7,0,off,0,0,0.0,0.0,0.0,0.8572748715752966,0.8886294709106541,-3.7581438495046133,0.7643550462176201,0.44204304808054956,0.39303163058708673,0.3341999545579268,0.0,-0.011229975367925662,-0.011229975367925662
hrl,multi,0,off,0,245,-6.591938669898418,300.0,0.673515796661377,0.2846384048461914,0,0.0,-0.054037150076638514,7,0,off,0,0,0.0,0.0,0.0,-2.3007949096469154,0.454420721030255,0.693832206377323,0.43411155504431154,0.21000000000000002,0.42961331946786996,-0.2994429428093136,0.0,-0.054037150076638514,-0.054037150076638514
hrl,multi,0,off,0,246,-5.515599943966663,300.0,0.8013706207275391,0.5794320106506348,0,0.0,0.30504258478103763,7,0,off,0,0,0.0,0.0,0.0,0.9305234453537763,0.8721458150564326,0.823908205701246,-0.5588325666491643,0.3747902522452532,0.142840479347346,-0.4500775375876264,0.0,0.30504258478103763,0.30504258478103763
hrl,multi,0,off,0,247,-5.598865959588879,300.0,0.792012631893158,0.45625245571136475,0,0.0,0.2837990631443575,7,0,off,0,0,0.0,0.0,0.0,0.8822666587672792,0.7681344463753071,0.7038840672063799,0.6172156651260383,0.48922832319613807,-1.5147310954044677,0.04059537674382712,0.0,0.2837990631443575,0.2837990631443575
hrl,multi,0,off,0,248,-3.49902861852663,248.0,0.78156977891922,0.7075472474098206,1,0.0,0.5709658691297221,7,0,off,0,0,0.0,0.0,0.0,0.9158117957638722,0.8828962272288725,0.6798649129153697,0.8330821140731841,0.6272580877785672,0.411911175545933,-0.3540632293977436,0.0,0.5709658691297221,0.5709658691297221
hrl,multi,0,off,0,249,-5.589987372017269,300.0,0.7856322526931763,0.48231619596481323,0,0.0,0.2803022248005861,7,0,off,0,0,0.0,0.0,0.0,0.8652230588207516,0.8294783345187697,0.6682579462084212,-1.654853926973308,0.5799985937598456,0.46796783714421736,0.20604373012540564,0.0,0.2803022248005861,0.2803022248005861
hrl,multi,0,off,0,250,-5.711248539464577,300.0,0.765522301197052,0.3222395181655884,0,0.0,0.218567549499631,7,0,off,0,0,0.0,0.0,0.0,0.9128524769150597,0.7586729992243927,0.6219859989422901,-0.8553228447376136,-0.04163938867134062,0.21511015076572781,-0.08168654594109909,0.0,0.218567549499631,0.218567549499631
hrl,multi,0,off,0,251,-6.01509098838952,300.0,0.7482270002365112,0.4654800593852997,0,0.0,0.16009034347476517,7,0,off,0,0,0.0,0.0,0.0,0.9479695733888247,0.8721458150564326,-2.859246323463751,0.6100471302507262,0.6619641193317545,0.4808002639109939,0.40695182584837547,0.0,0.16009034347476517,0.16009034347476517
hrl,multi,0,off,0,252,-5.651560415877609,300.0,0.7537544965744019,0.3859238922595978,0,0.0,0.22500720550021563,7,0,off,0,0,0.0,0.0,0.0,0.9164042413618773,0.8913071607851472,0.6581334888521977,0.6846995932333925,0.37514134539432964,-2.081424496242459,0.1307891051170241,0.0,0.22500720550021563,0.22500720550021563
hrl,multi,0,off,0,253,-5.416852121287959,300.0,0.79823237657547,0.7188583612442017,0,0.0,0.31100180413906564,7,0,off,0,0,0.0,0.0,0.0,0.8783655081052726,0.7295306961036515,0.7144879435831293,0.435532294390382,0.15076947986823866,0.0779718573476681,-0.8096451504248834,0.0,0.31100180413906564,0.31100180413906564
hrl,multi,0,off,0,254,-4.183867077071911,272.0,0.8009750247001648,0.7774750590324402,1,0.0,0.49602858238692776,7,0,off,0,0,0.0,0.0,0.0,0.7553269743605424,0.8739743325155342,0.7298932663219486,0.6456083717626582,-0.3010675026572365,0.5452930462091005,0.22317158819594637,0.0,0.49602858238692776,0.49602858238692776
hrl,multi,0,off,0,255,-4.88188030391437,296.0,0.8345921635627747,0.7826346755027771,1,0.0,0.42445202830099393,7,0,off,0,0,0.0,0.0,0.0,0.8900373486039674,0.727805762339383,0.6631611244297175,-0.12571772219960406,0.43797102498888985,0.33519199929025123,0.04271466065435272,0.0,0.42445202830099393,0.42445202830099393
hrl,multi,0,off,0,256,-5.639514402321044,300.0,0.7568631768226624,0.4032953083515167,0,0.0,0.220773628597191,7,0,off,0,0,0.0,0.0,0.0,0.936494231472811,0.8475791300425695,0.6361712296320474,-2.1924958852290017,0.42306321274807934,0.48504419860850023,0.4095592829053307,0.0,0.220773628597191,0.220773628597191
hrl,multi,0,off,0,257,-4.096697231732531,271.0,0.799549400806427,0.7446040511131287,1,0.0,0.4856601523251937,7,0,off,0,0,0.0,0.0,0.0,0.9219934881339341,0.8973263911846691,0.6511246030192459,0.11910070176876988,0.37442796091547637,0.20694263108176464,0.22870529017249597,0.0,0.4856601523251937,0.4856601523251937
hrl,multi,0,off,0,258,-4.064455749744068,268.0,0.807046115398407,0.7562766075134277,1,0.0,0.5173292904033477,7,0,off,0,0,0.0,0.0,0.0,0.9274361270799607,0.9180647595049319,0.7333431662714185,0.3109135707445426,0.5950607105105191,0.33948713965313415,-0.2030004409410723,0.0,0.5173292904033477,0.5173292904033477
hrl,multi,0,off,0,259,-5.45087724397308,300.0,0.802663266658783,0.7108838558197021,0,0.0,0.30557447247815916,7,0,off,0,0,0.0,0.0,0.0,0.7529776541867909,0.8171088109268504,0.6335540805396035,0.7391651108034297,-1.2397473480173613,0.34927758921158597,0.08668540969621473,0.0,0.30557447247815916,0.30557447247815916
hrl,multi,0,off,0,260,-4.499864419788349,285.0,0.8115810751914978,0.7888875603675842,1,0.0,0.45072220629279397,7,0,off,0,0,0.0,0.0,0.0,0.7935615608057742,0.8886294709106541,0.7338840672063799,0.7844609914878415,0.43974479284720924,0.3441089389467592,-0.829334378155061,0.0,0.45072220629279397,0.45072220629279397
hrl,multi,0,off,0,261,-6.13086312176386,300.0,0.7044441103935242,0.3198058307170868,0,0.0,0.05256668698396673,7,0,off,0,0,0.0,0.0,0.0,-2.4508853178006267,0.7694517109890717,0.7621463196136172,0.32502578923979264,0.40153228007453623,0.3576244524568629,0.20307157431451306,0.0,0.05256668698396673,0.05256668698396673
hrl,multi,0,off,0,262,-5.6305065746681136,300.0,0.7735514640808105,0.37319493293762207,0,0.0,0.2337627570168394,7,0,off,0,0,0.0,0.0,0.0,0.8668317953719348,0.8382266570665071,0.681844323473942,0.0035711371296594623,-0.6017204523934134,0.1597116072732394,-0.3121257688039941,0.0,0.2337627570168394,0.2337627570168394
hrl,multi,0,off,0,263,-5.419905705028207,300.0,0.8134073615074158,0.7562766075134277,0,0.0,0.34094305762496174,7,0,off,0,0,0.0,0.0,0.0,0.8281544865332318,0.8996755370429995,0.7033431662714185,0.6662572571806415,-0.4474479248861035,0.46509867721303233,-0.7284797959804884,0.0,0.34094305762496174,0.34094305762496174
hrl,multi,0,off,0,264,-4.025601092902933,267.0,0.793489396572113,0.7368783354759216,1,0.0,0.5108052468256511,7,0,off,0,0,0.0,0.0,0.0,0.9321549301622716,0.8684605188733795,0.6818443234739421,0.9021716368402182,0.5355868417935608,-0.13363708001665212,-0.21094444334716245,0.0,0.5108052468256511,0.5108052468256511
hrl,multi,0,off,0,265,-5.43173879115057,300.0,0.8127463459968567,0.7445068955421448,0,0.0,0.33251135807762794,7,0,off,0,0,0.0,0.0,0.0,0.8671760828061549,0.850943300445939,0.7118443234739422,0.676449615644298,0.327664204407725,-0.8983705586655927,-0.20812746156907028,0.0,0.33251135807762794,0.33251135807762794
hrl,multi,0,off,0,266,-4.072054864754889,268.0,0.7865176200866699,0.7613659501075745,1,0.0,0.4977489545765836,7,0,off,0,0,0.0,0.0,0.0,0.8974361270799607,0.8997678843405301,0.7598932663219486,0.7831955499806944,0.5099286342951855,-0.07216531106216567,-0.29381346892006877,0.0,0.4977489545765836,0.4977489545765836
hrl,multi,0,off,0,267,-5.607044141348527,300.0,0.7784597277641296,0.40195000171661377,0,0.0,0.255951521183983,7,0,off,0,0,0.0,0.0,0.0,0.8279990338929799,0.7986514794781363,0.6286234066803144,-1.3122798038881291,-0.08733298035261712,0.5416808840169218,0.3943186284602751,0.0,0.255951521183983,0.255951521183983
hrl,multi,0,off,0,268,-5.936635347186539,300.0,0.7721244692802429,0.5484752655029297,0,0.0,0.20018322310970768,7,0,off,0,0,0.0,0.0,0.0,-1.7038793432949295,0.8301145154596543,0.6861557798798531,0.6668574786517941,0.3601826996601309,0.3474664483764654,0.2143849830349856,0.0,0.20018322310970768,0.20018322310970768
hrl,multi,0,off,0,269,-6.608121433221075,300.0,0.6791096925735474,0.32063940167427063,0,0.0,-0.025106459518262434,7,0,off,0,0,0.0,0.0,0.0,0.9422975373996793,0.8215848138512469,0.7797734925537161,-3.781997404758894,0.4888250853305614,0.4552131289151049,0.11855813008074834,0.0,-0.025106459518262434,-0.025106459518262434
hrl,multi,0,off,0,270,-3.388560255279284,245.0,0.7835976481437683,0.7401043176651001,1,0.0,0.5818973000457177,7,0,off,0,0,0.0,0.0,0.0,0.8577078939857252,0.9589721298278469,0.8228637097883377,0.7874493817003654,0.5342995819287939,0.18799747234612754,-0.07600906925717282,0.0,0.5818973000457177,0.5818973000457177
hrl,multi,0,off,0,271,-5.672358678469387,300.0,0.7711523771286011,0.39125508069992065,0,0.0,0.24164764596593566,7,0,off,0,0,0.0,0.0,0.0,0.779939349823311,0.7396694781713858,-1.4871873851393442,0.739878433293201,0.3255549063426535,0.1844949371300386,0.40918380214030375,0.0,0.24164764596593566,0.24164764596593566
hrl,multi,0,off,0,272,-4.038238765685802,267.0,0.8035027384757996,0.7602004408836365,1,0.0,0.5167342454716496,7,0,off,0,0,0.0,0.0,0.0,0.8822666587672792,0.8754408627733302,0.6052570128418941,0.7732272674561593,0.3857891014782264,0.030257636255359315,0.06490117872929874,0.0,0.5167342454716496,0.5167342454716496
hrl,multi,0,off,0,273,-6.056544459875667,300.0,0.7340790033340454,0.3536444902420044,0,0.0,0.1283483255396845,7,0,off,0,0,0.0,0.0,0.0,0.9064970913620348,-1.5952571595006426,0.3358029941098621,0.5924487412358505,0.45281803478372085,0.43858459251774523,-0.23245601573077906,0.0,0.1283483255396845,0.1283483255396845
hrl,multi,0,off,0,274,-5.827716263066401,300.0,0.8067241907119751,0.6125756502151489,0,0.0,0.26524017017586704,7,0,off,0,0,0.0,0.0,0.0,-0.483016528133704,0.8721458150564326,0.5391991338312049,0.6470414408780117,0.47404661225224143,0.3198187869218936,-0.5125540695750107,0.0,0.26524017017586704,0.26524017017586704
hrl,multi,0,off,0,275,-5.745347109717841,300.0,0.7824632525444031,0.3013628423213959,0,0.0,0.23958750124907652,7,0,off,0,0,0.0,0.0,0.0,0.8522666587672791,0.8809348572215293,-0.5890416961635148,0.872695977961286,-0.22819268684822588,-0.35926128674539703,0.2477106845505789,0.0,0.23958750124907652,0.23958750124907652
hrl,multi,0,off,0,276,-5.5226010410551645,300.0,0.7944185137748718,0.5677091479301453,0,0.0,0.2991425887941075,7,0,off,0,0,0.0,0.0,0.0,0.7431398226759411,0.8686099433422423,0.7026601360169935,0.872695977961286,0.5937097310070938,-1.9383973079716579,0.2515798185268535,0.0,0.2991425887941075,0.2991425887941075
hrl,multi,0,off,0,277,-5.428906286688285,300.0,0.8070315718650818,0.7555157542228699,0,0.0,0.3204426899657825,7,0,off,0,0,0.0,0.0,0.0,0.8873905093164636,0.774908133527716,0.7095027310479918,0.19264387939520325,-0.3943949916257662,0.17228401746210642,-0.09923544936323705,0.0,0.3204426899657825,0.3204426899657825
hrl,multi,0,off,0,278,-5.554839038805222,300.0,0.7898826003074646,0.4442174732685089,0,0.0,0.2607053565087099,7,0,off,0,0,0.0,0.0,0.0,0.7222845918790574,0.7767376747680582,0.7797734925537161,0.31534041233304294,0.4217196822019805,-1.6094051249025656,0.41848676672768004,0.0,0.2607053565087099,0.2607053565087099
hrl,multi,0,off,0,279,-5.612277446232838,300.0,0.7727066278457642,0.4564356803894043,0,0.0,0.25310659391945467,7,0,off,0,0,0.0,0.0,0.0,0.9261449976325766,0.9514068204592127,-1.9114758554313789,0.626715318077629,0.5181210862321242,0.21489749004467018,0.4459363004213487,0.0,0.25310659391945467,0.25310659391945467
hrl,multi,0,off,0,280,-5.542930705377693,300.0,0.7705973982810974,0.4590814411640167,0,0.0,0.2590837980005556,7,0,off,0,0,0.0,0.0,0.0,0.8900373486039674,0.808829447273984,0.7472639168195038,-1.5343784668410565,0.24226686787955257,0.2677557244455473,0.3918117478223908,0.0,0.2590837980005556,0.2590837980005556
hrl,multi,0,off,0,281,-5.513220784370785,300.0,0.787519633769989,0.6016887426376343,0,0.0,0.28659711684909356,7,0,off,0,0,0.0,0.0,0.0,0.894868439259133,0.806524218121519,0.6409266258980173,0.690122613325753,-1.5096764652971595,0.057221335159347075,0.4261930514770453,0.0,0.28659711684909356,0.28659711684909356
hrl,multi,0,off,0,282,-5.527081454847935,300.0,0.7752956748008728,0.5723610520362854,0,0.0,0.26505787777233997,7,0,off,0,0,0.0,0.0,0.0,0.9164042413618773,0.9180647595049319,0.551705630084255,0.7152060139015955,0.1172747000505141,-1.8001114827504308,0.43686128225363635,0.0,0.26505787777233997,0.26505787777233997
hrl,multi,0,off,0,283,-4.469605147724493,282.0,0.8255933523178101,0.7626192569732666,1,0.0,0.4807405795587165,7,0,off,0,0,0.0,0.0,0.0,0.9040707218489304,0.9039743325155343,0.682493430070557,0.5860082441023013,0.15014058873597125,-0.07750440927559446,0.21600114891331523,0.0,0.4807405795587165,0.4807405795587165
hrl,multi,0,off,0,284,-6.055845708974317,300.0,0.7326053977012634,0.3975425064563751,0,0.0,0.1118756002068216,7,0,off,0,0,0.0,0.0,0.0,0.84492605972117,-1.5880133034740167,0.6216540524557189,0.7000471302507263,-0.5800588341100384,0.38965064597786336,0.3949234506263277,0.0,0.1118756002068216,0.1118756002068216
hrl,multi,0,off,0,285,-5.387243678585227,300.0,0.8107948899269104,0.7394773364067078,0,0.0,0.3152893927830217,7,0,off,0,0,0.0,0.0,0.0,-0.8930509359018094,0.9180647595049319,0.7084113914169984,0.8662003460110039,0.6000655952316337,0.12120933531325778,-0.11387474209486424,0.0,0.3152893927830217,0.3152893927830217
hrl,multi,0,off,0,286,-5.516613478099312,300.0,0.7931534647941589,0.5817846059799194,0,0.0,0.29430793205248207,7,0,off,0,0,0.0,0.0,0.0,0.8643502885372651,0.9089774345784295,-1.6950292877003614,0.8032033397146833,0.38775014175835343,0.3970633492699389,0.39384025820906565,0.0,0.29430793205248207,0.29430793205248207
hrl,multi,0,off,0,287,-6.130134700324926,300.0,0.71251380443573,0.35073935985565186,0,0.0,0.06582106931625746,7,0,off,0,0,0.0,0.0,0.0,0.8539780097152634,0.8886294709106541,-2.418594570353659,0.6048281053833343,0.3517739255766443,-0.14634005779781462,0.3264726017793798,0.0,0.06582106931625746,0.06582106931625746
hrl,multi,0,off,0,288,-5.696738064880444,300.0,0.7797614336013794,0.35073935985565186,0,0.0,0.24251185801425693,7,0,off,0,0,0.0,0.0,0.0,0.7757830348647851,-0.8424440110700283,0.5691480422272891,0.5862745762544755,-0.02138707255364565,0.30373583459754305,0.3264726017793798,0.0,0.24251185801425693,0.24251185801425693
hrl,multi,0,off,0,289,-6.199957077060758,300.0,0.7096452116966248,0.27417078614234924,0,0.0,0.05296913906866627,7,0,off,0,0,0.0,0.0,0.0,0.8630146930795679,0.9135688258047028,0.4053407965969065,-1.8812883776000742,-0.3357468348226444,0.30994607223328263,0.09594879818892267,0.0,0.05296913906866627,0.05296913906866627
hrl,multi,0,off,0,290,-3.99945146028882,266.0,0.7974845170974731,0.7654062509536743,1,0.0,0.5139520831252613,7,0,off,0,0,0.0,0.0,0.0,0.9479695733888247,0.9180647595049319,0.6154817634179396,0.6904231009128291,0.40754734024420036,0.3938634266008956,-0.3756853821927922,0.0,0.5139520831252613,0.5139520831252613
hrl,multi,0,off,0,291,-3.899950365631361,262.0,0.7998818755149841,0.7731971144676208,1,0.0,0.53181702123199,7,0,off,0,0,0.0,0.0,0.0,0.8708848939598702,0.9419407055628234,0.6159560796170629,0.5767829946891435,0.5436865150164338,0.4826664740838323,-0.3091985143052365,0.0,0.53181702123199,0.53181702123199
hrl,multi,0,off,0,292,-5.9789197392441595,300.0,0.7572559118270874,0.4353110194206238,0,0.0,0.16882588032672347,7,0,off,0,0,0.0,0.0,0.0,0.7663391298117395,0.8809246142534073,0.6936938631496613,0.6184303340400067,-2.6539955679546003,0.4948376854996712,0.38155110348717824,0.0,0.16882588032672347,0.16882588032672347
hrl,multi,0,off,0,293,-3.3142398605565404,243.0,0.7965354323387146,0.7576398253440857,1,0.0,0.6147156422976215,7,0,off,0,0,0.0,0.0,0.0,0.9128524769150597,0.9514068204592127,0.7338840672063799,0.8054509610887487,0.17641561479504514,0.4803953941240828,0.24260416149482228,0.0,0.6147156422976215,0.6147156422976215
hrl,multi,0,off,0,294,-6.526332401804036,300.0,0.6764253377914429,0.3408600091934204,0,0.0,-0.03594067137401767,7,0,off,0,0,0.0,0.0,0.0,0.937908446127668,0.7830290544659133,0.26965233602994865,0.4006610165420074,0.5121196648612414,-3.319879810299769,0.1649245926548666,0.0,-0.03594067137401767,-0.03594067137401767
hrl,multi,0,off,0,295,-5.719202761242932,300.0,0.796622097492218,0.3427114486694336,0,0.0,0.2675278268564599,7,0,off,0,0,0.0,0.0,0.0,0.8352230588207515,0.5733129103572361,-0.8444020303100576,0.9021716368402182,0.5200927481074488,-0.38748329449345154,0.2737797586730735,0.0,0.2675278268564599,0.2675278268564599
hrl,multi,0,off,0,296,-6.025630287388055,300.0,0.7725796103477478,0.4450068473815918,0,0.0,0.20207477483810446,7,0,off,0,0,0.0,0.0,0.0,0.8873905093164636,0.8808972117304094,0.6931611244297173,-1.6558233067902859,0.5449472557184064,0.44581278730011065,-0.3818621578380898,0.0,0.20207477483810446,0.20207477483810446
hrl,multi,0,off,0,297,-5.676316432803294,300.0,0.7687106728553772,0.3806334435939789,0,0.0,0.24065691784168922,7,0,off,0,0,0.0,0.0,0.0,0.846722277660601,0.8593100933156127,0.38211961743263895,0.7322941490757766,0.6255126944761574,-0.07420926762289548,-1.687151139446067,0.0,0.24065691784168922,0.24065691784168922
hrl,multi,0,off,0,298,-5.683783511395811,300.0,0.7604929208755493,0.3706152141094208,0,0.0,0.22726348999983967,7,0,off,0,0,0.0,0.0,0.0,0.8070730955078306,0.8441953282552009,0.7298932663219486,0.7556443097353709,0.48076023495394604,-2.379862851926738,0.353141047151319,0.0,0.22726348999983967,0.22726348999983967
hrl,multi,0,off,0,299,-4.916721913517681,297.0,0.8240123987197876,0.7677785158157349,1,0.0,0.4218998140380258,7,0,off,0,0,0.0,0.0,0.0,0.8613651428957434,0.7871278433349164,0.7772639168195038,-0.10079209951587859,0.48291481282993887,0.236968308586671,-0.09154922668471482,0.0,0.4218998140380258,0.4218998140380258
hrl,multi,0,off,0,300,-5.638934274116763,300.0,0.7643280625343323,0.4181448519229889,0,0.0,0.24648833082728347,7,0,off,0,0,0.0,0.0,0.0,0.8565524129222231,0.9007698923672678,0.6423685871842182,0.8025828305496948,-0.09028092711430744,0.43806640684880094,-1.8246408869669128,0.0,0.24648833082728347,0.24648833082728347
hrl,multi,0,off,0,301,-5.56101862794458,300.0,0.7860333323478699,0.47889989614486694,0,0.0,0.274606759294105,7,0,off,0,0,0.0,0.0,0.0,0.7681544865332317,0.8398396385835385,0.6294982887466241,-0.9704934603261619,-0.3287115896149274,0.5183352193099,0.4656247318265299,0.0,0.274606759294105,0.274606759294105
hrl,multi,0,off,0,302,-5.491708462832322,300.0,0.7935650944709778,0.6501396298408508,0,0.0,0.2993726246769478,7,0,off,0,0,0.0,0.0,0.0,0.9027390829823229,0.9043393404700396,0.8072639168195038,0.7597443236480483,0.5883169502795014,-2.0011840857419156,0.13438884428113448,0.0,0.2993726246769478,0.2993726246769478
hrl,multi,0,off,0,303,-6.131588053781894,300.0,0.7443938255310059,0.3196176588535309,0,0.0,0.1257365759411255,7,0,off,0,0,0.0,0.0,0.0,0.801706831441129,0.9134810465625584,0.654050254141779,0.9021716368402182,0.11885450334788716,0.21511015793432392,-2.725218398680017,0.0,0.1257365759411255,0.1257365759411255
hrl,multi,0,off,0,304,-5.411300541486715,300.0,0.826299250125885,0.7824116349220276,0,0.0,0.3527681210344995,7,0,off,0,0,0.0,0.0,0.0,0.8727390829823228,0.0790252024837727,0.5808966801521541,0.872695977961286,0.2711704545629078,0.17266186688827154,-0.3798124177892185,0.0,0.3527681210344995,0.3527681210344995
hrl,multi,0,off,0,305,-6.082838111195455,300.0,0.754116952419281,0.3806334435939789,0,0.0,0.15877870934112015,7,0,off,0,0,0.0,0.0,0.0,-0.17019026785223793,0.8338930237679583,0.38211961743263895,-0.6756156362510567,0.31848783070588577,0.039829923070092255,0.3829264745145604,0.0,0.15877870934112015,0.15877870934112015
hrl,multi,0,off,0,306,-7.405564332767988,300.0,0.5921260118484497,0.32950323820114136,0,0.0,-0.3149277847286626,7,0,off,0,0,0.0,0.0,0.0,-0.7140122318993122,0.9039743325155343,0.4510295831463233,0.439990762188563,0.19551857581284532,0.28,-3.760995514864592,0.0,-0.3149277847286626,-0.3149277847286626
hrl,multi,0,off,0,307,-3.7712782849313022,259.0,0.8207908272743225,0.7813121676445007,1,0.0,0.5718568579203182,7,0,off,0,0,0.0,0.0,0.0,0.7783038820006613,0.7210792985178709,0.6818443234739422,0.7395738462711459,0.6856321243902594,0.4779069860152345,-0.08134245522688682,0.0,0.5718568579203182,0.5718568579203182
hrl,multi,0,off,0,308,-6.064888182490541,300.0,0.743114173412323,0.38372698426246643,0,0.0,0.12098276120207085,7,0,off,0,0,0.0,0.0,0.0,0.937908446127668,0.1873002641203266,0.44558634562725197,0.49652649229867,0.4003365947458768,0.3961819242249724,-2.01696073873027,0.0,0.12098276120207085,0.12098276120207085
hrl,multi,0,off,0,309,-5.644704093741892,300.0,0.7817026972770691,0.40355584025382996,0,0.0,0.2569974881448769,7,0,off,0,0,0.0,0.0,0.0,0.8072725568983508,0.008461651200535075,0.7913742937987122,0.6850591944551063,0.41587988452180646,0.3731765556356002,-1.2822417194959728,0.0,0.2569974881448769,0.2569974881448769
hrl,multi,0,off,0,310,-3.739175402591922,258.0,0.8020840883255005,0.7585325837135315,1,0.0,0.5519875798079377,7,0,off,0,0,0.0,0.0,0.0,0.8981821436001274,0.8320787792020196,0.6216611386247122,0.8093033675358211,0.38535486878637215,0.3908930805984386,-0.0735603196919278,0.0,0.5519875798079377,0.5519875798079377
hrl,multi,0,off,0,311,-5.6265325109598034,300.0,0.796130359172821,0.4330030083656311,0,0.0,0.2824733858204968,7,0,off,0,0,0.0,0.0,0.0,0.4683428185259948,0.8721458150564326,0.763908205701246,0.7011759968213725,0.4036397028234725,-1.6261972328364007,0.3942983946513595,0.0,0.2824733858204968,0.2824733858204968
hrl,multi,0,off,0,312,-5.97956635199112,300.0,0.7579890489578247,0.5204813480377197,0,0.0,0.18139336124868657,7,0,off,0,0,0.0,0.0,0.0,0.9006736665246184,0.9419407055628234,0.5235663885440729,-2.5137865524838925,0.5285442700051409,0.45447281152913555,0.4343422390589069,0.0,0.18139336124868657,0.18139336124868657
hrl,multi,0,off,0,313,-5.606211753361275,300.0,0.7931419610977173,0.4105537533760071,0,0.0,0.26421344069760977,7,0,off,0,0,0.0,0.0,0.0,0.5144521709689187,0.736209797467972,0.7196581453862608,0.618058237604815,-0.8827185412058501,0.3547741753873906,-0.21093990072623864,0.0,0.26421344069760977,0.26421344069760977
hrl,multi,0,off,0,314,-6.5467424978996975,300.0,0.7047480344772339,0.31518101692199707,0,0.0,0.00146264249622134,7,0,off,0,0,0.0,0.0,0.0,0.8056551296977508,-2.634000660559254,0.3785119266453666,0.4059754366804872,0.4232993764798252,0.33216627529315385,0.2986310132362199,0.0,0.00146264249622134,0.00146264249622134
hrl,multi,0,off,0,315,-5.423185505002043,300.0,0.8233290314674377,0.7436439990997314,0,0.0,0.3447399572561417,7,0,off,0,0,0.0,0.0,0.0,0.7096510631211131,0.30896806597337967,0.6098932663219487,0.6092848016711192,-0.056719083305041475,0.33861850123425247,-0.10651691422378029,0.0,0.3447399572561417,0.3447399572561417
hrl,multi,0,off,0,316,-3.6551305101287834,253.0,0.7940950393676758,0.741994321346283,1,0.0,0.5721237031709246,7,0,off,0,0,0.0,0.0,0.0,0.8231034808469609,0.9514068204592127,0.6521416657326786,0.7176606871469957,0.45296064180665757,0.23118259059599092,0.17641003560797608,0.0,0.5721237031709246,0.5721237031709246
hrl,multi,0,off,0,317,-5.553926979895914,300.0,0.7856968641281128,0.5580077767372131,0,0.0,0.29285298076705896,7,0,off,0,0,0.0,0.0,0.0,0.9123071873409768,0.8069877228463789,0.7531611244297174,0.8093033675358211,-1.777006406440895,0.14854911296861936,0.3966687566887942,0.0,0.29285298076705896,0.29285298076705896
hrl,multi,0,off,0,318,-4.224866912885326,274.0,0.8197590708732605,0.7908939123153687,1,0.0,0.5089393024199308,7,0,off,0,0,0.0,0.0,0.0,0.9165698364952612,0.5704318444582129,0.6447634315795332,0.7416122452014092,0.42365994534478923,0.2878960250760792,-0.022358211215770474,0.0,0.5089393024199308,0.5089393024199308
hrl,multi,0,off,0,319,-5.416647161197034,300.0,0.8329797387123108,0.7465232610702515,0,0.0,0.35432628278762557,7,0,off,0,0,0.0,0.0,0.0,0.44510850715551925,0.19667878040106612,0.7803171890975543,0.81192512679876,0.393678437775553,0.4485373046668154,-0.5959613663818892,0.0,0.35432628278762557,0.35432628278762557
hrl,multi,0,off,0,320,-3.541730972818315,252.0,0.8091373443603516,0.7755040526390076,1,0.0,0.5926717562395769,7,0,off,0,0,0.0,0.0,0.0,0.8505845558153587,0.8168322367270263,0.593037500416175,0.7172609179529599,0.6186858398194431,0.4088439753832366,0.14345726756283958,0.0,0.5926717562395769,0.5926717562395769
hrl,multi,0,off,0,321,-3.4864320095034618,249.0,0.8033673167228699,0.7575312256813049,1,0.0,0.5925900573536188,7,0,off,0,0,0.0,0.0,0.0,0.8361752003342069,0.8848261618251414,0.6747466720150231,0.7104002308640998,0.5350020901031111,0.5681928400598593,-0.06121279372610969,0.0,0.5925900573536188,0.5925900573536188
hrl,multi,0,off,0,322,-4.235862225420993,274.0,0.8272757530212402,0.7709930539131165,1,0.0,0.520311648528466,7,0,off,0,0,0.0,0.0,0.0,0.7893854053033645,0.6070170744395337,0.6350695098897863,0.7231027564212218,0.6188847204075816,0.35587635674046436,-0.0871542835026905,0.0,0.520311648528466,0.520311648528466
hrl,multi,0,off,0,323,-6.1467529941059285,300.0,0.6978138089179993,0.32950323820114136,0,0.0,0.03071756118655056,7,0,off,0,0,0.0,0.0,0.0,0.840988009948583,-2.3138987549322474,0.6348237502600377,0.7371692169705094,0.2696952022648082,0.28,-0.23375449620583713,0.0,0.03071756118655056,0.03071756118655056
hrl,multi,0,off,0,324,-3.687834180414196,255.0,0.7969691157341003,0.7392030954360962,1,0.0,0.5501972281636618,7,0,off,0,0,0.0,0.0,0.0,0.878020176916932,0.8698495788166662,0.4244228814503242,0.7445614401140301,0.5891245036296585,0.33626103526761364,0.009140980950407884,0.0,0.5501972281636618,0.5501972281636618
hrl,multi,0,off,0,325,-5.419230277984754,300.0,0.81230229139328,0.7479294538497925,0,0.0,0.3269990624326308,7,0,off,0,0,0.0,0.0,0.0,0.7742727471246637,0.9254823878738065,0.5884826163528383,0.33603482395668244,0.5050699428173744,0.0059653283302122315,-0.8463144094271624,0.0,0.3269990624326308,0.3269990624326308
hrl,multi,0,off,0,326,-4.170880138688064,274.0,0.8242107033729553,0.7649950385093689,1,0.0,0.5029139190672849,7,0,off,0,0,0.0,0.0,0.0,0.1395527415575477,0.9419407055628234,0.7306583167490492,0.7822334738639023,0.560637452832403,0.15495116061609315,0.21042358228917543,0.0,0.5029139190672849,0.5029139190672849
hrl,multi,0,off,0,327,-6.088754174982031,300.0,0.721964418888092,0.3899827003479004,0,0.0,0.09780798147469197,7,0,off,0,0,0.0,0.0,0.0,0.8329750767325835,-1.9950945005701808,0.6815619693570124,0.7630151989056977,-0.37170231979948654,0.39585255851664347,0.3780478871805739,0.0,0.09780798147469197,0.09780798147469197
hrl,multi,0,off,0,328,-3.783310097577041,259.0,0.7987937927246094,0.7621573209762573,1,0.0,0.5404036648259909,7,0,off,0,0,0.0,0.0,0.0,0.7968048729463382,0.8547867981172057,0.6929609451177143,0.7316634598313652,0.34719485439283004,0.0900631043190891,0.2693516190573938,0.0,0.5404036648259909,0.5404036648259909
hrl,multi,0,off,0,329,-5.612785126519157,300.0,0.7738202214241028,0.4454677104949951,0,0.0,0.26214137176766444,7,0,off,0,0,0.0,0.0,0.0,0.9165698364952612,0.9180647595049319,0.6757822216597938,0.8035837952742766,0.65942314453516,-2.590365352832795,0.4519311977370225,0.0,0.26214137176766444,0.26214137176766444
hrl,multi,0,off,0,330,-4.089772466577111,271.0,0.809968888759613,0.7677785158157349,1,0.0,0.49462439339281206,7,0,off,0,0,0.0,0.0,0.0,0.7956074388176917,0.9180647595049319,0.7772639168195038,0.2973648890767864,0.6117368816406825,0.15141261336862122,-0.08907974547853359,0.0,0.49462439339281206,0.49462439339281206
hrl,multi,0,off,0,331,-5.712012472686176,300.0,0.7749360203742981,0.32950323820114136,0,0.0,0.23756975459258625,7,0,off,0,0,0.0,0.0,0.0,0.13546442192467847,0.8886294709106541,0.8097734925537161,0.8357806120393777,-1.5572412294111317,0.28,0.270581514130809,0.0,0.23756975459258625,0.23756975459258625
hrl,multi,0,off,0,332,-5.689958029538678,300.0,0.7731372117996216,0.36283305287361145,0,0.0,0.24689475281388842,7,0,off,0,0,0.0,0.0,0.0,0.9274361270799607,0.556070157363975,0.747263916819504,0.5272207792847972,-0.3645293840017223,-0.9676910473516265,0.3024927205023306,0.0,0.24689475281388842,0.24689475281388842
hrl,multi,0,off,0,333,-3.6152248784783145,255.0,0.7874534726142883,0.7677785158157349,1,0.0,0.5523049120361908,7,0,off,0,0,0.0,0.0,0.0,0.9274264771386631,0.9119407055628234,0.8072639168195038,0.8879653177091473,0.5346763582857704,0.31064672533597915,-0.5137851165985512,0.0,0.5523049120361908,0.5523049120361908
hrl,multi,0,off,0,334,-5.556127235118769,300.0,0.8017178177833557,0.516330361366272,0,0.0,0.30383976731081663,7,0,off,0,0,0.0,0.0,0.0,0.776388487673369,0.20855411980062105,0.8072639168195038,0.6686145766154885,-0.7695591450831916,0.3404948084920758,0.09512160685784998,0.0,0.30383976731081663,0.30383976731081663
hrl,multi,0,off,0,335,-5.638981832377977,300.0,0.782911479473114,0.35016143321990967,0,0.0,0.25050025169397777,7,0,off,0,0,0.0,0.0,0.0,0.8772767914308542,0.8515892586921124,0.27801710200612967,-1.2086619434641257,0.3781287580635485,0.2621484597060263,0.31500333542329884,0.0,0.25050025169397777,0.25050025169397777
hrl,multi,0,off,0,336,-6.414433336067314,300.0,0.7237487435340881,0.47778066992759705,0,0.0,0.05994344956583705,7,0,off,0,0,0.0,0.0,0.0,-0.8897317865787747,0.9307698923672678,0.4961022724803696,0.4737720115557811,0.5427316381433234,-1.4118420436541397,0.27780216264703195,0.0,0.05994344956583705,0.05994344956583705
hrl,multi,0,off,0,337,-5.51664575565243,300.0,0.7947630882263184,0.5854524374008179,0,0.0,0.2954080720635059,7,0,off,0,0,0.0,0.0,0.0,0.9274361270799607,-1.3807767307080074,0.7126667023586377,0.7335676310946723,0.36518749723284616,0.27982494854153717,0.4299503288448947,0.0,0.2954080720635059,0.2954080720635059
hrl,multi,0,off,0,338,-4.648277627483767,288.0,0.8174281716346741,0.7677807211875916,1,0.0,0.44923548718304007,7,0,off,0,0,0.0,0.0,0.0,0.8697524282131339,0.8898871130529347,0.6000624619125412,-0.20564737876334505,0.6115338912009046,0.45902308631771194,-0.07996319165260082,0.0,0.44923548718304007,0.44923548718304007
hrl,multi,0,off,0,339,-4.089989054207681,269.0,0.8030120730400085,0.7667514681816101,1,0.0,0.5121627844900853,7,0,off,0,0,0.0,0.0,0.0,0.9423071873409768,0.9419407055628234,0.7038840672063799,0.6668465178717907,0.16733977979390458,0.25134266968853247,-0.0885214360338103,0.0,0.5121627844900853,0.5121627844900853
hrl,multi,0,off,0,340,-6.154556597664492,300.0,0.6882750391960144,0.3217523396015167,0,0.0,0.03878419604606258,7,0,off,0,0,0.0,0.0,0.0,0.8150907387423999,0.8347881727307797,0.4588522768309621,0.060666970149030455,0.5420850772746004,-2.8123101576908787,0.37231629428554397,0.0,0.03878419604606258,0.03878419604606258
hrl,multi,0,off,0,341,-5.483934119489275,300.0,0.7851371169090271,0.6422244906425476,0,0.0,0.2947566707169952,7,0,off,0,0,0.0,0.0,0.0,0.9274361270799607,0.9180647595049319,0.4383430172421122,0.5985838896559597,-1.0909135957247065,0.17328503085710203,0.09849746640360603,0.0,0.2947566707169952,0.2947566707169952
hrl,multi,0,off,0,342,-5.577905537661711,300.0,0.7762900590896606,0.49205708503723145,0,0.0,0.27088674360796267,7,0,off,0,0,0.0,0.0,0.0,-0.09314772373412256,0.9319909799132181,0.37960807290847726,0.8068453948405248,0.3913743318369933,0.28845918830526435,-0.8089230388146164,0.0,0.27088674360796267,0.27088674360796267
hrl,multi,0,off,0,343,-5.965541420135115,300.0,0.7426183819770813,0.4806586802005768,0,0.0,0.1451376704187158,7,0,off,0,0,0.0,0.0,0.0,0.7949585526245599,-1.234933877007795,0.7298932663219486,0.4737720115557811,0.44532662370318477,-0.6221311956040271,0.42907831133735835,0.0,0.1451376704187158,0.1451376704187158
hrl,multi,0,off,0,344,-6.509581857281598,300.0,0.6929224133491516,0.38372698426246643,0,0.0,-0.02471773641993361,7,0,off,0,0,0.0,0.0,0.0,0.8284019270563374,-0.21907943370209296,0.39006427329107984,0.3795366843970596,0.4003365947458768,0.29235234330299154,-2.244636544030788,0.0,-0.02471773641993361,-0.02471773641993361
hrl,multi,0,off,0,345,-3.840781256738106,261.0,0.8016996383666992,0.7731971144676208,1,0.0,0.5426673268621912,7,0,off,0,0,0.0,0.0,0.0,0.7350079232673702,0.9419407055628234,0.5821581329355148,0.8564496156442981,0.4825439589232264,0.015041988423082,0.18552896327902313,0.0,0.5426673268621912,0.5426673268621912
hrl,multi,0,off,0,346,-5.7280294952344795,300.0,0.7717872858047485,0.33023586869239807,0,0.0,0.23119580327793463,7,0,off,0,0,0.0,0.0,0.0,0.842370341982038,0.7275088674169856,-1.9313819660404623,0.6904274667481773,0.6672111841092498,0.3428360216099195,0.2793987071196341,0.0,0.23119580327793463,0.23119580327793463
hrl,multi,0,off,0,347,-3.773549050852875,258.0,0.791966438293457,0.7441439628601074,1,0.0,0.547699847784429,7,0,off,0,0,0.0,0.0,0.0,0.9423071873409768,0.8956284349832182,0.6884757577715962,0.5943927905447777,0.6117317086820871,0.1893111223631623,-0.08794806719481496,0.0,0.547699847784429,0.547699847784429
hrl,multi,0,off,0,348,-5.4221660732509855,300.0,0.8217739462852478,0.7374775409698486,0,0.0,0.34752578423115094,7,0,off,0,0,0.0,0.0,0.0,-0.20967087745073312,0.9589721298278469,0.7444879435831293,0.1952501796168155,0.42959103340129945,0.3901401497461824,-0.07609006910648379,0.0,0.34752578423115094,0.34752578423115094
hrl,multi,0,off,0,349,-3.381007685157222,245.0,0.7912687659263611,0.7515105605125427,1,0.0,0.6026642074470974,7,0,off,0,0,0.0,0.0,0.0,0.8951906093303037,0.9455903804557538,0.735605197529436,0.7246962356539282,0.6512817686260756,0.30191247731603355,-0.03562721678184977,0.0,0.6026642074470974,0.6026642074470974
hrl,multi,0,off,0,350,-3.7188506917457405,256.0,0.7940608263015747,0.7375116944313049,1,0.0,0.5569673847062832,7,0,off,0,0,0.0,0.0,0.0,0.8887469393731615,0.9134113457410216,0.6640928645843543,0.7330151989056977,0.462141243842061,0.4236159935673951,-0.18625189306970913,0.0,0.5569673847062832,0.5569673847062832
hrl,multi,0,off,0,351,-3.9485634730185666,264.0,0.7947047352790833,0.7809211611747742,1,0.0,0.5253491481610651,7,0,off,0,0,0.0,0.0,0.0,0.9327390829823229,0.8580647595049319,0.7361018387727669,0.7732033397146832,0.3586323324182049,0.2819110502617972,-0.2632083665272508,0.0,0.5253491481610651,0.5253491481610651
hrl,multi,0,off,0,352,-5.537904024910137,300.0,0.8023427724838257,0.5723611116409302,0,0.0,0.3052223274391426,7,0,off,0,0,0.0,0.0,0.0,-0.9532050662049627,0.8083318597073609,0.7613742937987122,0.8149033327646416,0.6836060728589517,-0.4455320362755707,0.4670778354248656,0.0,0.3052223274391426,0.3052223274391426
hrl,multi,0,off,0,353,-5.5745042489579735,300.0,0.7897300720214844,0.4485454559326172,0,0.0,0.27949556642100015,7,0,off,0,0,0.0,0.0,0.0,-0.08514645522733139,0.9307698923672678,0.2679518290994184,0.34796223337934934,0.5028058932996943,0.4004402104136001,-0.4083146383849976,0.0,0.27949556642100015,0.27949556642100015
hrl,multi,0,off,0,354,-4.1107775451149635,270.0,0.8091937899589539,0.7857083082199097,1,0.0,0.504290138992349,7,0,off,0,0,0.0,0.0,0.0,0.5222673308713474,0.9180647595049319,0.5541743837017037,0.778598784816196,0.46350260218700673,0.11603547293873873,0.17738763892651813,0.0,0.504290138992349,0.504290138992349
hrl,multi,0,off,0,355,-3.219163895538062,240.0,0.7866243720054626,0.7433414459228516,1,0.0,0.6173858559657326,7,0,off,0,0,0.0,0.0,0.0,0.9261288512108524,0.9514068204592127,0.7593554404726082,0.5963170468485285,0.5080475616844954,0.4627801462578194,0.1176651248266116,0.0,0.6173858559657326,0.6173858559657326
hrl,multi,0,off,0,356,-3.775952857398644,258.0,0.7924320101737976,0.7556129097938538,1,0.0,0.5358082060896588,7,0,off,0,0,0.0,0.0,0.0,0.9128524769150597,0.8898871130529347,0.5185294597362599,0.7331251382084204,0.5320137821541442,0.15771218919194627,0.006537283368846736,0.0,0.5358082060896588,0.5358082060896588
hrl,multi,0,off,0,357,-5.454379348899237,300.0,0.7975589632987976,0.716519296169281,0,0.0,0.320895167542378,7,0,off,0,0,0.0,0.0,0.0,0.937908446127668,0.8886294709106541,0.6922671308107223,0.40959001139044976,0.052525955854177186,0.43393821383908787,-1.168593056136113,0.0,0.320895167542378,0.320895167542378
hrl,multi,0,off,0,358,-5.549231008989584,300.0,0.7885251641273499,0.4593106210231781,0,0.0,0.27333908028129317,7,0,off,0,0,0.0,0.0,0.0,0.8961449976325766,0.8135776355982208,-0.9265971538271662,0.718880521953181,0.4546186534935363,0.401211452637419,-0.44446254551871534,0.0,0.27333908028129317,0.27333908028129317
hrl,multi,0,off,0,359,-5.420954154760697,300.0,0.8222475051879883,0.749591052532196,0,0.0,0.3459601897277084,7,0,off,0,0,0.0,0.0,0.0,0.8281544865332318,0.9307698923672678,-0.01750642778434705,0.872695977961286,0.07438445926024326,-0.07578537794485557,-0.19099168229886776,0.0,0.3459601897277084,0.3459601897277084
hrl,multi,0,off,0,360,-3.054932117438862,235.0,0.7882433533668518,0.754544198513031,1,0.0,0.6367403445037253,7,0,off,0,0,0.0,0.0,0.0,0.9561288512108524,0.9419407055628234,0.7772639168195038,0.6994401087260069,0.6081925234191903,0.31902285891759885,0.15519344687010184,0.0,0.6367403445037253,0.6367403445037253
hrl,multi,0,off,0,361,-5.406939322332621,300.0,0.8132644295692444,0.7619046568870544,0,0.0,0.3407064028643871,7,0,off,0,0,0.0,0.0,0.0,0.9128524769150597,0.9419407055628234,0.6398656929517059,-1.0636611397702171,0.5713520005811921,0.47986427836502354,-0.09726919455487751,0.0,0.3407064028643871,0.3407064028643871
hrl,multi,0,off,0,362,-3.034054797817942,235.0,0.7871213555335999,0.7368783354759216,1,0.0,0.6185778872508251,7,0,off,0,0,0.0,0.0,0.0,0.9621549301622716,0.7779634949297769,0.7568421213607893,0.792840817573308,0.5261648577506668,0.3999025798386221,0.11417640914034036,0.0,0.6185778872508251,0.6185778872508251
hrl,multi,0,off,0,363,-5.45963135903003,300.0,0.7781891822814941,0.6399191617965698,0,0.0,0.27903090211252757,7,0,off,0,0,0.0,0.0,0.0,0.9064942314728109,0.8241307627257345,0.7047466720150232,0.684249809205233,0.4200760564012789,0.2864384760441104,-1.872919693076498,0.0,0.27903090211252757,0.27903090211252757
hrl,multi,0,off,0,364,-5.459388010628756,300.0,0.8004981875419617,0.6936527490615845,0,0.0,0.3260443648234487,7,0,off,0,0,0.0,0.0,0.0,0.7902153402486944,0.6709441981087142,0.6797556956356955,0.8426959779612859,-1.2024685707366367,0.2974639851679825,0.20370392737840523,0.0,0.3260443648234487,0.3260443648234487
hrl,multi,0,off,0,365,-4.428333270684809,281.0,0.8175838589668274,0.7808688282966614,1,0.0,0.47399679499568903,7,0,off,0,0,0.0,0.0,0.0,0.8266649204430225,0.9180647595049319,0.6968421213607895,0.3940921070276088,0.24304664780297383,0.03836716760880704,0.20089984122168975,0.0,0.47399679499568903,0.47399679499568903
hrl,multi,0,off,0,366,-5.991602370157271,300.0,0.7635012865066528,0.44310420751571655,0,0.0,0.18889970781930723,7,0,off,0,0,0.0,0.0,0.0,-2.000926536981133,0.7037038314840035,0.6897734925537162,0.7913268171220522,0.4548109739584999,0.48748153090466717,0.19612784569334457,0.0,0.18889970781930723,0.18889970781930723
hrl,multi,0,off,0,367,-6.56494783703993,300.0,0.6741803884506226,0.3299393355846405,0,0.0,-0.044553426372475294,7,0,off,0,0,0.0,0.0,0.0,-3.5831347855666147,0.9419407055628234,0.49331873267299353,0.8517551237860628,0.37939761549417506,0.3413966843244602,0.26345193911877285,0.0,-0.044553426372475294,-0.044553426372475294
hrl,multi,0,off,0,368,-4.068097986268098,269.0,0.8151348233222961,0.7854447364807129,1,0.0,0.5337944390800068,7,0,off,0,0,0.0,0.0,0.0,0.9064970913620348,0.8886294709106541,0.14247238803753048,0.7751360166923476,0.40104498740687344,0.3555255776776839,0.26725554147292285,0.0,0.5337944390800068,0.5337944390800068
hrl,multi,0,off,0,369,-5.9238534124209865,300.0,0.7732771039009094,0.6001282334327698,0,0.0,0.21819339184322534,7,0,off,0,0,0.0,0.0,0.0,0.8366936414513683,0.9039743325155343,0.823908205701246,-2.345463873246029,0.5958548284723127,0.39268435982116634,0.3197022481869787,0.0,0.21819339184322534,0.21819339184322534
hrl,multi,0,off,0,370,-4.059730101653828,268.0,0.8014259338378906,0.7677785158157349,1,0.0,0.512565181588153,7,0,off,0,0,0.0,0.0,0.0,0.8479138674680134,0.798413459770725,0.7772639168195038,0.6000876680910393,0.3184491279731999,0.5452930462091005,-0.2994648152145104,0.0,0.512565181588153,0.512565181588153
hrl,multi,0,off,0,371,-3.176106484732578,238.0,0.7867244482040405,0.7432536482810974,1,0.0,0.6319069375048488,7,0,off,0,0,0.0,0.0,0.0,0.9423071873409768,0.9208721230994154,0.7726667023586375,0.8879653177091473,0.5976897352774551,0.3864331804430841,-0.08458568369477402,0.0,0.6319069375048488,0.6319069375048488
hrl,multi,0,off,0,372,-4.689117951270883,289.0,0.8052546381950378,0.7576594352722168,1,0.0,0.4308065417483999,7,0,off,0,0,0.0,0.0,0.0,0.874859078160889,0.7939703002758955,0.793908205701246,0.9021716368402182,-0.16884640528570471,0.20764577366504414,-0.38806279711878944,0.0,0.4308065417483999,0.4308065417483999
hrl,multi,0,off,0,373,-6.372325009176961,300.0,0.7578712701797485,0.45725998282432556,0,0.0,0.12136967399328673,7,0,off,0,0,0.0,0.0,0.0,-2.0608318090238975,0.7475414105299463,0.6936938631496613,0.6984506028390118,0.49747402035872546,0.4695232214926138,-0.19626359139305394,0.0,0.12136967399328673,0.12136967399328673
hrl,multi,0,off,0,374,-5.612666455937865,300.0,0.7800530791282654,0.4442175030708313,0,0.0,0.2728342508302619,7,0,off,0,0,0.0,0.0,0.0,0.9561288512108524,0.8721458150564326,0.6273186160743991,-0.8202684601147638,-0.4745693180998447,0.30655143333398394,0.4425328183507738,0.0,0.2728342508302619,0.2728342508302619
hrl,multi,0,off,0,375,-5.510119117694553,300.0,0.8021243810653687,0.6040424704551697,0,0.0,0.3178294886496721,7,0,off,0,0,0.0,0.0,0.0,0.8546734254590295,0.8846914203506885,0.7666764207505057,0.6691754822013493,0.24096953604425891,-1.5563855281936143,0.36500566393548756,0.0,0.3178294886496721,0.3178294886496721
hrl,multi,0,off,0,376,-3.4378141736623173,246.0,0.7842792868614197,0.7367997169494629,1,0.0,0.5825522934026337,7,0,off,0,0,0.0,0.0,0.0,0.8441492700254346,0.9589721298278469,0.6856980372035781,0.7844609914878415,0.49744368314269655,0.3407490458076605,-0.03360710367662173,0.0,0.5825522934026337,0.5825522934026337
hrl,multi,0,off,0,377,-3.1922271902137305,239.0,0.7940484881401062,0.765058696269989,1,0.0,0.6174739868995236,7,0,off,0,0,0.0,0.0,0.0,0.8589638259225574,0.9311499901608358,0.592211204745734,0.8579653177091473,0.5920526656798744,0.24958594680838078,0.2403889572701358,0.0,0.6174739868995236,0.6174739868995236
hrl,multi,0,off,0,378,-5.535298182835688,300.0,0.7957533597946167,0.5743943452835083,0,0.0,0.2880411029215306,7,0,off,0,0,0.0,0.0,0.0,0.766436114540142,-0.6024752760910622,0.6813172341586581,0.6785377095049437,0.6291634724234891,-0.461756840727549,0.3250653066420923,0.0,0.2880411029215306,0.2880411029215306
hrl,multi,0,off,0,379,-6.523468726656282,300.0,0.6789528727531433,0.36887097358703613,0,0.0,-0.03138492307791352,7,0,off,0,0,0.0,0.0,0.0,-3.260715393000124,0.8886294709106541,0.6747466720150233,0.5410136738101126,0.37939761549417506,0.23909429401711962,0.3181392052076448,0.0,-0.03138492307791352,-0.03138492307791352
hrl,multi,0,off,0,380,-5.6783238893222014,300.0,0.7880081534385681,0.36358097195625305,0,0.0,0.2620831961139902,7,0,off,0,0,0.0,0.0,0.0,0.8348486001346934,-0.10811487307892276,0.6152140549052446,0.07564578415106922,-0.4357860424508172,0.5013451780700113,0.3514296710666531,0.0,0.2620831961139902,0.2620831961139902
hrl,multi,0,off,0,381,-4.340532249261156,277.0,0.7936754822731018,0.7456929683685303,1,0.0,0.46564361111763153,7,0,off,0,0,0.0,0.0,0.0,0.9164042413618773,0.864303555666176,0.7188655335921619,0.6721034566786656,0.4021122583572682,-0.3332840908476557,0.019000323014926823,0.0,0.46564361111763153,0.46564361111763153
hrl,multi,0,off,0,382,-5.605303417381225,300.0,0.7823544144630432,0.3982110917568207,0,0.0,0.25039599747325086,7,0,off,0,0,0.0,0.0,0.0,0.7939270471890847,-0.04699574412035894,0.43655935165782533,0.8879653177091473,0.20758165247887228,0.21056930588813297,-0.7368349484899474,0.0,0.25039599747325086,0.25039599747325086
hrl,multi,0,off,0,383,-6.411235687298822,300.0,0.7106162905693054,0.40415605902671814,0,0.0,0.028882340679231847,7,0,off,0,0,0.0,0.0,0.0,0.9040826332833801,0.8280860074213284,-2.9476195222614034,0.5095647525959811,0.4895322585013113,0.25503431700697116,0.16349593820705424,0.0,0.028882340679231847,0.028882340679231847
hrl,multi,0,off,0,384,-4.529282440101368,284.0,0.81926029920578,0.7677785158157349,1,0.0,0.46709603207316114,7,0,off,0,0,0.0,0.0,0.0,0.8764970913620348,0.7872043834357052,0.7772639168195038,0.16394033701523752,0.5335058992310174,0.18547961629214058,-0.054219019643511335,0.0,0.46709603207316114,0.46709603207316114
hrl,multi,0,off,0,385,-3.6283951105992114,253.0,0.7948092222213745,0.7368783354759216,1,0.0,0.5758488754512364,7,0,off,0,0,0.0,0.0,0.0,0.9621549301622716,0.8039203881555144,0.6906020068840515,0.8065328340962792,0.42782530267529906,0.2545442416740853,0.08536242451115383,0.0,0.5758488754512364,0.5758488754512364
hrl,multi,0,off,0,386,-3.2564290550490664,241.0,0.788314700126648,0.7581563591957092,1,0.0,0.6113998652598543,7,0,off,0,0,0.0,0.0,0.0,0.8357296363314416,0.9180647595049319,0.7677121537538082,0.8475080871178825,0.3289741158720733,0.30818541315249204,0.27362489108635046,0.0,0.6113998652598543,0.6113998652598543
hrl,multi,0,off,0,387,-3.0708425181568493,235.0,0.7922793626785278,0.7576398253440857,1,0.0,0.6447633165163902,7,0,off,0,0,0.0,0.0,0.0,0.9274264771386631,0.9514068204592127,0.643508208687152,0.8564496156442981,0.5266220911517603,0.48289305386266135,0.12503694867098364,0.0,0.6447633165163902,0.6447633165163902
hrl,multi,0,off,0,388,-5.344951148601837,300.0,0.8240018486976624,0.7956703901290894,0,0.0,0.33458051541039435,7,0,off,0,0,0.0,0.0,0.0,0.894868439259133,-0.029585552886188294,0.7531611244297174,0.6948579830122975,0.47914018648297585,-0.14646772863653196,-0.3039108437886429,0.0,0.33458051541039435,0.33458051541039435
hrl,multi,0,off,0,389,-6.524692711335939,300.0,0.6642054915428162,0.34485429525375366,0,0.0,-0.06429160453006422,7,0,off,0,0,0.0,0.0,0.0,-3.826592719839119,0.9307698923672678,0.500525758869084,0.6680527470147736,0.3155595372684822,0.5707734303740029,0.39087012223505935,0.0,-0.06429160453006422,-0.06429160453006422
hrl,multi,0,off,0,390,-5.660298480247723,300.0,0.7562028765678406,0.4141673743724823,0,0.0,0.24453612955673495,7,0,off,0,0,0.0,0.0,0.0,0.9064970913620348,0.9180647595049319,0.6798649129153697,0.7613862005583503,0.4496648446695123,0.46470675395824057,-2.468431656071295,0.0,0.24453612955673495,0.24453612955673495
hrl,multi,0,off,0,391,-4.760993094532172,292.0,0.8316726684570312,0.7815986275672913,1,0.0,0.45164066155999555,7,0,off,0,0,0.0,0.0,0.0,0.921417008412383,0.7557775447178054,0.04551173198503984,0.6625651061459379,0.2955962972634104,0.5681928400598593,-0.08757589766446688,0.0,0.45164066155999555,0.45164066155999555
hrl,multi,0,off,0,392,-3.156188014456987,239.0,0.7841291427612305,0.7666942477226257,1,0.0,0.6138594536325152,7,0,off,0,0,0.0,0.0,0.0,0.8506209842428966,0.9419407055628234,0.7178909056052177,0.7142600646097419,0.44954684282806157,0.4475910612442359,0.17516561133462935,0.0,0.6138594536325152,0.6138594536325152
hrl,multi,0,off,0,393,-6.061849804193482,300.0,0.7203060388565063,0.4141673743724823,0,0.0,0.12286127461193727,7,0,off,0,0,0.0,0.0,0.0,0.8995334580587722,0.8656163417142609,0.7772639168195038,0.4059031645926933,0.4496648446695123,-1.9318811134688447,-0.6060716901023371,0.0,0.12286127461193727,0.12286127461193727
hrl,multi,0,off,0,394,-3.2451045632501936,242.0,0.798809826374054,0.7545386552810669,1,0.0,0.6201312902857014,7,0,off,0,0,0.0,0.0,0.0,0.8587472887573273,0.8721458150564326,0.7043267218673414,0.7522334738639023,0.7125896852141684,0.25939928379325433,0.18147676344748376,0.0,0.6201312902857014,0.6201312902857014
hrl,multi,0,off,0,395,-6.064211213270575,300.0,0.7481270432472229,0.4317247271537781,0,0.0,0.15646190796936674,7,0,off,0,0,0.0,0.0,0.0,0.9435274930068701,0.45882545222843274,-2.208181605578194,0.745013744035739,0.22135328883958041,0.49284939664149785,0.44184558661164086,0.0,0.15646190796936674,0.15646190796936674
hrl,multi,0,off,0,396,-4.000877271069901,266.0,0.8083857297897339,0.7576594352722168,1,0.0,0.5391043803057426,7,0,off,0,0,0.0,0.0,0.0,0.8584019270563374,0.9180647595049319,0.733908205701246,0.8213268171220522,0.23781978495782014,0.3891695975447398,-0.18496042974692925,0.0,0.5391043803057426,0.5391043803057426
hrl,multi,0,off,0,397,-4.081862150183864,269.0,0.8188222050666809,0.7643278241157532,1,0.0,0.5371586229320396,7,0,off,0,0,0.0,0.0,0.0,0.894868439259133,0.5507730409979035,0.6973915811464593,0.7365630546123487,0.38247225665831924,0.43978394928953296,0.05825803856058104,0.0,0.5371586229320396,0.5371586229320396
hrl,multi,0,off,0,398,-5.601152455194094,300.0,0.7927283048629761,0.3845900893211365,0,0.0,0.2837697067088953,7,0,off,0,0,0.0,0.0,0.0,0.8995334580587722,0.6471013294923167,-0.23469681320905159,0.7735837952742766,-0.6787393850732836,0.2597586143682037,0.31984694805103325,0.0,0.2837697067088953,0.2837697067088953
hrl,multi,0,off,0,399,-5.666107576680583,300.0,0.7648201584815979,0.37616854906082153,0,0.0,0.24153855684055556,7,0,off,0,0,0.0,0.0,0.0,0.8900823668330319,0.7555457331215425,-1.781065944554647,0.8721716368402181,0.6357898970351114,-0.07262391362642676,0.39087012223505935,0.0,0.24153855684055556,0.24153855684055556
hrl,multi,0,off,0,400,-5.343793685045239,300.0,0.8204922676086426,0.7481659650802612,0,0.0,0.3419880636642261,7,0,off,0,0,0.0,0.0,0.0,-0.3301700183411356,0.9089898858167599,0.7317255913257614,0.8024023199484185,0.5313182240167323,-0.03881784608221051,-0.2115317110347433,0.0,0.3419880636642261,0.3419880636642261
hrl,multi,0,off,0,401,-4.327189450614384,277.0,0.8161490559577942,0.7432536482810974,1,0.0,0.49590414125988475,7,0,off,0,0,0.0,0.0,0.0,0.9128524769150597,0.5101961587140222,0.7726667023586378,0.7646103063558275,0.3329525515401639,0.02706905939053733,0.15098173354494507,0.0,0.49590414125988475,0.49590414125988475
hrl,multi,0,off,0,402,-4.936032897579709,297.0,0.8136167526245117,0.7470993995666504,1,0.0,0.4104743815680517,7,0,off,0,0,0.0,0.0,0.0,0.8822666587672792,0.9258882599092879,0.719773492553716,0.6216970341367178,0.2889987116082549,-0.1403118202897058,-0.42499166570918767,0.0,0.4104743815680517,0.4104743815680517
hrl,multi,0,off,0,403,-3.4677848974754903,249.0,0.7977749109268188,0.7520056366920471,1,0.0,0.5884378608398781,7,0,off,0,0,0.0,0.0,0.0,0.9164042413618773,0.886410445485819,0.5238840672063797,0.6330108838990353,0.6699985937598457,0.3384031075883544,0.1509536865778358,0.0,0.5884378608398781,0.5884378608398781
hrl,multi,0,off,0,404,-5.555420478357708,300.0,0.7748274803161621,0.5000194907188416,0,0.0,0.26725016068145824,7,0,off,0,0,0.0,0.0,0.0,0.9479695733888247,0.9514068204592127,0.13235382477956936,0.7574931903797875,0.4834202326142261,0.4746725858176785,-1.876565102669091,0.0,0.26725016068145824,0.26725016068145824
hrl,multi,0,off,0,405,-6.33570283917471,300.0,0.7482975125312805,0.4995862543582916,0,0.0,0.09624972437779811,7,0,off,0,0,0.0,0.0,0.0,0.9128524769150597,0.3676405842792393,0.48174159153025703,0.5211254930240529,-2.3458744222671095,0.3683711726001616,0.36789117456292586,0.0,0.09624972437779811,0.09624972437779811
hrl,multi,0,off,0,406,-3.4834758609451644,248.0,0.7900503873825073,0.7417936325073242,1,0.0,0.5840699503461512,7,0,off,0,0,0.0,0.0,0.0,0.9423071873409768,0.7971111815060828,0.7437234642477796,0.703295788579406,0.534600241448759,0.3321959978650272,0.03525579143502644,0.0,0.5840699503461512,0.5840699503461512
hrl,multi,0,off,0,407,-3.854566153658072,261.0,0.8048545718193054,0.7586663365364075,1,0.0,0.5444210583279149,7,0,off,0,0,0.0,0.0,0.0,0.894868439259133,0.8067376747680582,0.6766764207505056,0.8087144425246937,0.6102199985474644,0.012981006326886611,0.0007494261186621332,0.0,0.5444210583279149,0.5444210583279149
hrl,multi,0,off,0,408,-3.89050706420325,262.0,0.7902001738548279,0.7533297538757324,1,0.0,0.5308995605445729,7,0,off,0,0,0.0,0.0,0.0,0.8235615608057743,0.9455903804557538,0.7298932663219486,0.8879653177091473,-0.16887179106735095,0.29627417062315137,0.2018840189635855,0.0,0.5308995605445729,0.5308995605445729
hrl,multi,0,off,0,409,-6.507729738232057,300.0,0.6489224433898926,0.33052682876586914,0,0.0,-0.07995453348692905,7,0,off,0,0,0.0,0.0,0.0,0.8641003606246598,0.8221220703467954,0.3334835919999855,-3.6923937267474725,0.4525679478903735,0.3792878552973224,0.28115016617983224,0.0,-0.07995453348692905,-0.07995453348692905
hrl,multi,0,off,0,410,-5.711099829728485,300.0,0.7738197445869446,0.33614543080329895,0,0.0,0.24343423870750613,7,0,off,0,0,0.0,0.0,0.0,0.8995334580587722,-0.516478953614099,0.7897019278089623,0.7523603576800788,0.3064570227362079,-0.8626806262406602,0.3351464845232812,0.0,0.24343423870750613,0.24343423870750613
hrl,multi,0,off,0,411,-4.784766260246976,293.0,0.8359372019767761,0.7804441452026367,1,0.0,0.448926268442195,7,0,off,0,0,0.0,0.0,0.0,0.8171549420149886,0.4004375792861734,0.674803142251863,0.8393033675358211,0.5417879448413938,-0.015762193692271016,-0.11524090314260343,0.0,0.448926268442195,0.448926268442195
hrl,multi,0,off,0,412,-6.071321800690938,300.0,0.7598041296005249,0.38686561584472656,0,0.0,0.17838286095971184,7,0,off,0,0,0.0,0.0,0.0,0.901259290743373,0.8570856348813177,-1.792932639346316,0.8011906719781373,0.2489755316236875,-0.1275873946315493,0.3606889314693327,0.0,0.17838286095971184,0.17838286095971184
hrl,multi,0,off,0,413,-5.724090944159794,300.0,0.7763603925704956,0.31518101692199707,0,0.0,0.24145214533629433,7,0,off,0,0,0.0,0.0,0.0,-0.9838567970552364,0.9419407055628234,0.3028201267527816,0.872695977961286,0.33681866493573853,-0.07888467403955243,0.2986310132362199,0.0,0.24145214533629433,0.24145214533629433
hrl,multi,0,off,0,414,-4.0553028619650116,268.0,0.8023994565010071,0.7751566171646118,1,0.0,0.518921518826733,7,0,off,0,0,0.0,0.0,0.0,0.8822666587672792,0.8876635214027757,0.6194931867888497,0.8326229643286904,0.1278454341963397,0.16195825219646992,0.12060061410672662,0.0,0.518921518826733,0.518921518826733
hrl,multi,0,off,0,415,-5.721990731402182,300.0,0.7740331292152405,0.33614543080329895,0,0.0,0.23719260827783445,7,0,off,0,0,0.0,0.0,0.0,0.8348752296568089,0.017599699185286758,0.8097734925537161,-0.9469050716236268,0.3597658344137298,0.25009258923564526,0.3351464845232812,0.0,0.23719260827783445,0.23719260827783445
hrl,multi,0,off,0,416,-4.527604397143579,284.0,0.830689013004303,0.7677785158157349,1,0.0,0.48143932691461533,7,0,off,0,0,0.0,0.0,0.0,0.9327313104042183,-0.07843489914855006,0.7472639168195038,0.771835050603694,0.643207835874912,0.23520558491771168,0.11826648893081748,0.0,0.48143932691461533,0.48143932691461533
hrl,multi,0,off,0,417,-3.8323270376480494,260.0,0.7950504422187805,0.7411004304885864,1,0.0,0.5496222743331894,7,0,off,0,0,0.0,0.0,0.0,0.880580519793411,0.9039743325155343,0.717263916819504,0.7391651108034297,0.15729592644889412,0.24121343596109251,0.20786267799046088,0.0,0.5496222743331894,0.5496222743331894
hrl,multi,0,off,0,418,-5.6663062402731255,300.0,0.7663588523864746,0.3898826241493225,0,0.0,0.24409178943299864,7,0,off,0,0,0.0,0.0,0.0,0.8942034351453633,0.9039743325155343,0.823908205701246,0.7964496156442981,-2.343922734760125,0.25890098541514045,0.37512868636953306,0.0,0.24409178943299864,0.24409178943299864
hrl,multi,0,off,0,419,-5.4497781798127205,300.0,0.7900818586349487,0.7170619964599609,0,0.0,0.30436438561205226,7,0,off,0,0,0.0,0.0,0.0,0.7635085548258311,0.8531942207500517,0.823908205701246,0.8264496156442981,-1.8189130786096586,0.46935039332224016,0.21305278765035768,0.0,0.30436438561205226,0.30436438561205226
hrl,multi,0,off,0,420,-4.236534824139661,274.0,0.8160281181335449,0.7707582116127014,1,0.0,0.5074331846438584,7,0,off,0,0,0.0,0.0,0.0,0.754358430693859,0.5613257259306299,0.6628210498324991,0.8393033675358211,0.4321245397966754,0.18389020855841415,0.11820897015911114,0.0,0.5074331846438584,0.5074331846438584
hrl,multi,0,off,0,421,-6.083003231725892,300.0,0.7433838844299316,0.3917197585105896,0,0.0,0.13267854665769901,7,0,off,0,0,0.0,0.0,0.0,0.890060220017339,0.9307698923672678,-1.3213955857113195,-0.14969432154151263,0.39883471105578716,0.3413385606087056,-0.16116365019237427,0.0,0.13267854665769901,0.13267854665769901
hrl,multi,0,off,0,422,-5.712523178701314,300.0,0.7797350287437439,0.33614543080329895,0,0.0,0.2525727921345863,7,0,off,0,0,0.0,0.0,0.0,0.8712592907433729,-1.3252631007384346,-0.03129570147489709,0.7750728081564114,0.6345524590655542,0.5085373046668155,0.3351464845232812,0.0,0.2525727921345863,0.2525727921345863
hrl,multi,0,off,0,423,-5.410569258441681,300.0,0.8352753520011902,0.7729588150978088,0,0.0,0.3632841238793003,7,0,off,0,0,0.0,0.0,0.0,0.830844131965277,0.3570437432616895,0.5472231159369855,0.6467135074369077,0.18308910790985194,0.4564822982250969,-0.4784070375807063,0.0,0.3632841238793003,0.3632841238793003
hrl,multi,0,off,0,424,-3.891840367120447,262.0,0.7983928918838501,0.7470993995666504,1,0.0,0.5363448862832704,7,0,off,0,0,0.0,0.0,0.0,0.9423071873409768,0.8095466119667185,0.8397734925537161,0.5988493954528983,0.23157559648354628,0.0794739161199858,0.2528880040650506,0.0,0.5363448862832704,0.5363448862832704
hrl,multi,0,off,0,425,-5.030386940337478,300.0,0.8080829381942749,0.7410153746604919,1,0.0,0.3829187056613976,7,0,off,0,0,0.0,0.0,0.0,0.9219934881339341,0.9289721298278468,0.592988720371151,-0.5042789609398257,0.6544127220010432,0.4405335216520475,-0.3541906814164141,0.0,0.3829187056613976,0.3829187056613976
hrl,multi,0,off,0,426,-5.99075803943279,300.0,0.7628474235534668,0.4846595823764801,0,0.0,0.19509210477718378,7,0,off,0,0,0.0,0.0,0.0,0.8888704366455392,-1.890779947403216,0.6973282466954901,0.7358721373687781,0.20213028020786722,0.22786877643075892,0.5043548034950688,0.0,0.19509210477718378,0.19509210477718378
hrl,multi,0,off,0,427,-5.77095429112524,300.0,0.7909263968467712,0.2712451219558716,0,0.0,0.23704426813807047,7,0,off,0,0,0.0,0.0,0.0,0.6680496038620716,0.3985094779053267,-1.0492100908457884,0.8564496156442981,0.17531616064638805,0.40748334774328065,0.20271176201091673,0.0,0.23704426813807047,0.23704426813807047
hrl,multi,0,off,0,428,-4.321485191871175,277.0,0.8050938844680786,0.7774750590324402,1,0.0,0.474593430698512,7,0,off,0,0,0.0,0.0,0.0,0.9261449976325766,0.7981576714676566,0.7598932663219486,0.6819311225158133,0.6251481520019664,0.04020492751831296,-0.5093261225686906,0.0,0.474593430698512,0.474593430698512
hrl,multi,0,off,0,429,-4.30910079269786,276.0,0.8211680054664612,0.7503793239593506,1,0.0,0.4925014274453429,7,0,off,0,0,0.0,0.0,0.0,0.9128524769150597,0.05762202210186296,0.6877543126961032,0.8428251520539918,0.6270297377537162,0.3993591499107536,-0.07993285931408732,0.0,0.4925014274453429,0.4925014274453429
hrl,multi,0,off,0,430,-5.549864222960607,300.0,0.7864808440208435,0.44876977801322937,0,0.0,0.27042723115728245,7,0,off,0,0,0.0,0.0,0.0,0.8298982975598557,0.9514068204592127,0.41816542529591694,-0.4260685434070956,0.4302617656864476,0.08151354361147704,-0.3921866911048365,0.0,0.27042723115728245,0.27042723115728245
hrl,multi,0,off,0,431,-3.501535245879769,249.0,0.8140602111816406,0.7474937438964844,1,0.0,0.6132183724003655,7,0,off,0,0,0.0,0.0,0.0,0.6508871469033701,0.9135688258047028,0.7230520680820215,0.872695977961286,0.6624469403603497,0.5247067539582406,-0.05482910626741244,0.0,0.6132183724003655,0.6132183724003655
hrl,multi,0,off,0,432,-5.62699040343068,300.0,0.7601881623268127,0.4356020390987396,0,0.0,0.25073679283212674,7,0,off,0,0,0.0,0.0,0.0,0.9561288512108524,0.8755790568043875,0.7639082057012461,0.872695977961286,0.47141847388459385,0.2943220894136921,-2.4788951051511705,0.0,0.25073679283212674,0.25073679283212674
hrl,multi,0,off,0,433,-4.14909493037382,271.0,0.8167022466659546,0.7576594352722168,1,0.0,0.5270066182635319,7,0,off,0,0,0.0,0.0,0.0,0.9219934881339341,0.8721458150564326,0.763908205701246,0.32825808927272876,0.4853509776389994,0.411314471923404,-0.09392471988202167,0.0,0.5270066182635319,0.5270066182635319
hrl,multi,0,off,0,434,-3.921831402385129,264.0,0.8158425092697144,0.7879284024238586,1,0.0,0.552429042935272,7,0,off,0,0,0.0,0.0,0.0,0.8901212329322932,0.9180647595049319,0.40732253462419116,0.7849033327646415,0.4498364401675925,0.4781928400598592,-0.06143783950660625,0.0,0.552429042935272,0.552429042935272
hrl,multi,0,off,0,435,-4.4283687310526005,280.0,0.8068723082542419,0.7484941482543945,1,0.0,0.4784266050079271,7,0,off,0,0,0.0,0.0,0.0,0.8916544169837505,0.9039743325155343,0.40149476026900677,0.6499101708158949,0.49474824873702383,0.31330286045154365,-0.3060985547172643,0.0,0.4784266050079271,0.4784266050079271
hrl,multi,0,off,0,436,-5.390168836020166,300.0,0.8112043738365173,0.7641333341598511,0,0.0,0.3343942443838373,7,0,off,0,0,0.0,0.0,0.0,0.7405100734919221,0.8411605170396814,0.6858894510922557,0.7065926424735014,-0.6346870722099515,-0.011050070752557328,0.012344169552008493,0.0,0.3343942443838373,0.3343942443838373
hrl,multi,0,off,0,437,-3.3115193758136443,243.0,0.7856554388999939,0.7401043176651001,1,0.0,0.5984404111962508,7,0,off,0,0,0.0,0.0,0.0,0.9435274930068701,0.8593100933156127,0.8228637097883377,0.8201566023389486,0.3061510823167334,0.3271872039598459,0.10988669364740766,0.0,0.5984404111962508,0.5984404111962508
hrl,multi,0,off,0,438,-5.531725841086877,300.0,0.7811213135719299,0.5762757658958435,0,0.0,0.28267199840384155,7,0,off,0,0,0.0,0.0,0.0,0.9479695733888247,0.8655907894920982,0.793908205701246,0.8564496156442981,0.31116395983190015,-1.4608924576127762,-0.3354856976186999,0.0,0.28267199840384155,0.28267199840384155
hrl,multi,0,off,0,439,-4.989581177600772,299.0,0.8166945576667786,0.7319686412811279,1,0.0,0.4075093443774053,7,0,off,0,0,0.0,0.0,0.0,0.9553163538872521,0.8453438612253714,0.7021463196136172,0.6691754822013493,0.36362671369533095,-0.25933434280449497,-0.4237089771765883,0.0,0.4075093443774053,0.4075093443774053
hrl,multi,0,off,0,440,-4.207993419338006,273.0,0.8069512248039246,0.7731971144676208,1,0.0,0.5040151692591635,7,0,off,0,0,0.0,0.0,0.0,0.9274361270799607,0.9419407055628234,0.4872432086138125,0.5238965139024028,0.44200936621734677,0.26705625943864153,-0.0614759960008428,0.0,0.5040151692591635,0.5040151692591635
hrl,multi,0,off,0,441,-3.691689160988302,256.0,0.8199992775917053,0.7672494649887085,1,0.0,0.5917865395438062,7,0,off,0,0,0.0,0.0,0.0,0.9261449976325766,0.3692347478538463,0.7178909056052177,0.8393033675358211,0.6074828056910412,0.4186050946623479,0.26384385782579267,0.0,0.5917865395438062,0.5917865395438062
hrl,multi,0,off,0,442,-5.613621157448514,300.0,0.7663952112197876,0.4479066729545593,0,0.0,0.2613250549147162,7,0,off,0,0,0.0,0.0,0.0,0.8318639658043088,0.9589721298278469,0.4232055804484205,0.6691754822013493,-1.3634722800099839,0.435349296968733,-0.12581879083766134,0.0,0.2613250549147162,0.2613250549147162
hrl,multi,0,off,0,443,-6.167143148029576,300.0,0.7035717368125916,0.31965988874435425,0,0.0,0.06062676022518162,7,0,off,0,0,0.0,0.0,0.0,0.8748339900140885,-1.9978128360935514,0.8072639168195038,0.21000000000000002,0.4232993764798252,0.19332340421804872,-0.08652052986164352,0.0,0.06062676022518162,0.06062676022518162
hrl,multi,0,off,0,444,-5.70176187858597,300.0,0.7968149781227112,0.3360285758972168,0,0.0,0.2613362273469012,7,0,off,0,0,0.0,0.0,0.0,0.3964655812433197,0.29047318827944446,0.7107157014310628,0.8035837952742766,0.32308513576403164,-0.7992269447214576,0.10425713415763053,0.0,0.2613362273469012,0.2613362273469012
hrl,multi,0,off,0,445,-5.720391323139673,300.0,0.7706409096717834,0.3245353400707245,0,0.0,0.2332052685807565,7,0,off,0,0,0.0,0.0,0.0,0.8286462425198646,0.8546258080396492,0.7118443234739421,-1.356611526906844,0.259401406054487,0.3626211063787028,-0.028090479494506295,0.0,0.2332052685807565,0.2332052685807565
hrl,multi,0,off,0,446,-3.9549025210446995,266.0,0.8025041818618774,0.7677785158157349,1,0.0,0.5285848685992945,7,0,off,0,0,0.0,0.0,0.0,0.8901157437366627,0.8055999202172003,0.7472639168195039,0.5876791547917342,0.4650063459044831,0.44593246458768865,-0.24150346586221072,0.0,0.5285848685992945,0.5285848685992945
hrl,multi,0,off,0,447,-4.5583478746178985,285.0,0.8292723894119263,0.7528660297393799,1,0.0,0.4816828547881183,7,0,off,0,0,0.0,0.0,0.0,0.1315262403632664,0.7431257321739347,0.7297019278089623,0.6542520236894364,0.21938519857187347,0.5466280997261449,0.34716076118320977,0.0,0.4816828547881183,0.4816828547881183
hrl,multi,0,off,0,448,-4.2059757805900855,273.0,0.8195086121559143,0.7634971141815186,1,0.0,0.5110982048453315,7,0,off,0,0,0.0,0.0,0.0,0.04846812083691376,0.8689894461310369,0.668972934310805,0.8662003460110039,0.6971926286980515,0.5110216877351814,-0.0831577298056721,0.0,0.5110982048453315,0.5110982048453315
hrl,multi,0,off,0,449,-3.3258391730929606,243.0,0.7857205271720886,0.7390207052230835,1,0.0,0.6099329703515324,7,0,off,0,0,0.0,0.0,0.0,0.8781922702121475,0.9007698923672678,0.6155640396602694,0.8370832078806322,0.6458022407850652,0.15727428678754365,0.234844854767801,0.0,0.6099329703515324,0.6099329703515324
hrl,multi,0,off,0,450,-6.012474888214278,300.0,0.7758362889289856,0.47778066992759705,0,0.0,0.21957052269941665,7,0,off,0,0,0.0,0.0,0.0,0.9164042413618773,0.6943906219022107,0.4961022724803696,-1.1489293445272941,0.42645852372874116,0.1345045310556589,0.018062812894353082,0.0,0.21957052269941665,0.21957052269941665
hrl,multi,0,off,0,451,-4.566360868816552,284.0,0.8106042742729187,0.723514199256897,1,0.0,0.46306646080824276,7,0,off,0,0,0.0,0.0,0.0,0.917731105421891,0.9180647595049319,0.8072639168195038,-0.6057532509627132,0.6924469403603497,0.5071923845809152,0.004519369932820726,0.0,0.46306646080824276,0.46306646080824276
hrl,multi,0,off,0,452,-6.051218073988286,300.0,0.7803187370300293,0.39526593685150146,0,0.0,0.20327767079615397,7,0,off,0,0,0.0,0.0,0.0,0.05061563296758513,0.9180647595049319,-1.3597640901682613,0.8564496156442981,0.0886816933541244,0.4572577948444354,0.4116382894259643,0.0,0.20327767079615397,0.20327767079615397
hrl,multi,0,off,0,453,-5.634256232311598,300.0,0.7824007868766785,0.40491414070129395,0,0.0,0.27231588949878666,7,0,off,0,0,0.0,0.0,0.0,0.894868439259133,0.33283295414044073,0.6439082057012461,0.7583316493976756,-1.4949169706242367,0.3938621658792231,0.37732478273802456,0.0,0.27231588949878666,0.27231588949878666
hrl,multi,0,off,0,454,-3.756785036405767,258.0,0.8069751858711243,0.7643278241157532,1,0.0,0.5702216963586358,7,0,off,0,0,0.0,0.0,0.0,0.8598714469252626,0.8721458150564326,0.7273915811464592,0.6312876662027007,0.42571535963030604,0.5078745606116072,-0.03273455506231726,0.0,0.5702216963586358,0.5702216963586358
hrl,multi,0,off,0,455,-5.387047343720037,300.0,0.8338905572891235,0.7855499982833862,0,0.0,0.36385191428168967,7,0,off,0,0,0.0,0.0,0.0,0.8942034351453633,-0.021435641277470295,0.6515619693570124,0.7384076106570117,0.045123558535182656,0.3897684463077131,-0.1506659787529855,0.0,0.36385191428168967,0.36385191428168967
hrl,multi,0,off,0,456,-5.744819948997245,300.0,0.7684165835380554,0.30136287212371826,0,0.0,0.22148675085069544,7,0,off,0,0,0.0,0.0,0.0,0.9128524769150597,0.7199106340517507,-1.728074891005316,0.5779697648073975,0.4630822506916558,0.35695635467891673,0.2477106658154038,0.0,0.22148675085069544,0.22148675085069544
hrl,multi,0,off,0,457,-4.527781973509112,283.0,0.8031654357910156,0.7319686412811279,1,0.0,0.4409957107116767,7,0,off,0,0,0.0,0.0,0.0,0.9253163538872521,0.8213902991284907,0.5965498780816679,0.7958742369998116,0.015618866441778147,0.36480561499888314,-0.4325852745561468,0.0,0.4409957107116767,0.4409957107116767
hrl,multi,0,off,0,458,-3.024823484206562,233.0,0.7874583601951599,0.7470993995666504,1,0.0,0.6425798315564915,7,0,off,0,0,0.0,0.0,0.0,0.8184470332116278,0.9307698923672678,0.8097734925537161,0.872695977961286,0.5221161903001609,0.48289305386266135,0.06136318063872015,0.0,0.6425798315564915,0.6425798315564915
hrl,multi,0,off,0,459,-3.489445706094828,249.0,0.8098388910293579,0.7469656467437744,1,0.0,0.6125729447609537,7,0,off,0,0,0.0,0.0,0.0,0.9085209082121937,0.9419407055628234,0.7506020068840513,0.3448190955892334,0.6851259496059751,0.5085373046668155,0.1484646428055835,0.0,0.6125729447609537,0.6125729447609537
hrl,multi,0,off,0,460,-3.1399593441712055,237.0,0.794696033000946,0.7443647980690002,1,0.0,0.642203631529003,7,0,off,0,0,0.0,0.0,0.0,0.8330686786358998,0.9364596052611562,0.717052318138724,0.8564496156442981,0.4327790344185672,0.45542722417781945,0.2641889444265558,0.0,0.642203631529003,0.642203631529003
hrl,multi,0,off,0,461,-6.635803852836643,300.0,0.6598016023635864,0.2751176357269287,0,0.0,-0.07821770264305179,7,0,off,0,0,0.0,0.0,0.0,-3.5831354412225576,0.8761885072151017,0.6798251751529635,0.7069809672275971,0.14161749683856575,0.2653950690286953,0.3656043072582717,0.0,-0.07821770264305179,-0.07821770264305179
hrl,multi,0,off,0,462,-5.386131257723899,300.0,0.8073991537094116,0.7405802011489868,0,0.0,0.32448455666926995,7,0,off,0,0,0.0,0.0,0.0,0.834065693482531,0.9089898858167599,0.7178354715582933,-0.8515124276671595,0.6403758539625555,-0.09941008808392747,0.12104750761583724,0.0,0.32448455666926995,0.32448455666926995
hrl,multi,0,off,0,463,-4.657942436557499,288.0,0.7852344512939453,0.7368783354759216,1,0.0,0.40346277360004584,7,0,off,0,0,0.0,0.0,0.0,0.9621549301622716,0.9180647595049319,0.7422365196771763,0.7103314777825706,0.2291798796412286,0.25552953710280596,-0.993257688670664,0.0,0.40346277360004584,0.40346277360004584
hrl,multi,0,off,0,464,-3.3903190301963924,245.0,0.7902771234512329,0.7576594352722168,1,0.0,0.6074571800247319,7,0,off,0,0,0.0,0.0,0.0,0.9423071873409768,0.9419407055628234,0.793908205701246,0.7532996402745596,0.42185952966922313,0.5681928400598593,-0.16930784843556543,0.0,0.6074571800247319,0.6074571800247319
hrl,multi,0,off,0,465,-6.127645310595118,300.0,0.7764468789100647,0.3196176588535309,0,0.0,0.18063510016832526,7,0,off,0,0,0.0,0.0,0.0,-0.09256443428226475,0.9039743325155343,-1.12946450295435,0.641118832162236,0.6536060728589517,0.21511015793432392,0.07266524294384563,0.0,0.18063510016832526,0.18063510016832526
hrl,multi,0,off,0,466,-5.996591042999946,300.0,0.7615883946418762,0.4489274322986603,0,0.0,0.19447014893383288,7,0,off,0,0,0.0,0.0,0.0,-1.9108881713174224,0.9644097631089089,0.823908205701246,0.7231027564212218,0.471466658574354,0.1728010543960972,0.11649077565242473,0.0,0.19447014893383288,0.19447014893383288
hrl,multi,0,off,0,467,-3.717179104658989,257.0,0.8087823987007141,0.7576594352722168,1,0.0,0.57785115655362,7,0,off,0,0,0.0,0.0,0.0,0.8822666587672792,0.7709953039284452,0.823908205701246,0.7223632125789189,0.28259533069601783,0.44819284005985915,0.11463654414357338,0.0,0.57785115655362,0.57785115655362
hrl,multi,0,off,0,468,-3.5833225650968763,252.0,0.7885230183601379,0.7597337365150452,1,0.0,0.5723954592066828,7,0,off,0,0,0.0,0.0,0.0,0.86722552989704,0.897363145220572,0.7478909056052176,0.683817989973861,0.5352305035618989,0.2796436212101276,-0.004403481021937439,0.0,0.5723954592066828,0.5723954592066828
hrl,multi,0,off,0,469,-3.294799420210751,242.0,0.7921796441078186,0.7465232610702515,1,0.0,0.6211089333570319,7,0,off,0,0,0.0,0.0,0.0,0.9261449976325766,0.9419407055628234,0.7803171890975543,0.6940329187109355,0.40079125812877464,0.3706964127449267,0.233839051621632,0.0,0.6211089333570319,0.6211089333570319
hrl,multi,0,off,0,470,-3.005307911956905,233.0,0.8007804751396179,0.7609861493110657,1,0.0,0.6642530884849354,7,0,off,0,0,0.0,0.0,0.0,0.8822408410457797,0.9307698923672678,0.7898932663219487,0.8025828305496948,0.5995404744213089,0.4384008728170136,0.2063434418715337,0.0,0.6642530884849354,0.6642530884849354
hrl,multi,0,off,0,471,-3.180082728154945,240.0,0.7938040494918823,0.7550389766693115,1,0.0,0.6209281339389193,7,0,off,0,0,0.0,0.0,0.0,0.7316071703930813,0.9514068204592127,0.6713923012061688,0.6584815398316978,0.7255923981630563,0.5466280997261449,0.061388607793073535,0.0,0.6209281339389193,0.6209281339389193
hrl,multi,0,off,0,472,-5.40536391114001,300.0,0.8302695155143738,0.7774750590324402,0,0.0,0.3482893912386535,7,0,off,0,0,0.0,0.0,0.0,0.8229512102632404,-0.13475932651053676,0.7298932663219488,0.7837741141007293,0.5203734696641251,0.4059392526227214,-0.6901462477916537,0.0,0.3482893912386535,0.3482893912386535
hrl,multi,0,off,0,473,-5.700818236975461,300.0,0.7839265465736389,0.3360285758972168,0,0.0,0.2503444262851438,7,0,off,0,0,0.0,0.0,0.0,0.12440438135629193,0.8762828646230985,0.6810894727684524,0.568094611630361,0.32308513576403164,0.4069254444314375,-1.2274709265776664,0.0,0.2503444262851438,0.2503444262851438
hrl,multi,0,off,0,474,-3.386186276784849,246.0,0.7921436429023743,0.7420971393585205,1,0.0,0.5949218998486215,7,0,off,0,0,0.0,0.0,0.0,0.9165698364952612,0.9180647595049319,0.7451904982268889,0.7570247174305015,0.43374257449490927,0.48052429840437316,-0.08666338561651565,0.0,0.5949218998486215,0.5949218998486215
hrl,multi,0,off,0,475,-3.5108695910149077,251.0,0.7935653328895569,0.7410153746604919,1,0.0,0.5770667013758741,7,0,off,0,0,0.0,0.0,0.0,0.8315888260114163,0.9589721298278469,0.6783835694223657,0.8393033675358211,0.39502056520084766,0.2950926794077543,0.041105772225067075,0.0,0.5770667013758741,0.5770667013758741
hrl,multi,0,off,0,476,-3.527648157337664,252.0,0.7925570607185364,0.7491462826728821,1,0.0,0.564178350786126,7,0,off,0,0,0.0,0.0,0.0,0.8680168569975054,0.9419407055628234,0.5745855014452594,0.7268547838729081,0.4563066498199329,0.34521634802514384,0.036327609779308434,0.0,0.564178350786126,0.564178350786126
hrl,multi,0,off,0,477,-4.166568095917453,272.0,0.8165383338928223,0.7623991966247559,1,0.0,0.5140266231141793,7,0,off,0,0,0.0,0.0,0.0,0.936494231472811,0.45069941323788304,0.7402664331832957,0.8093033675358211,0.21493992668681905,0.2228788538916933,0.22360413579093225,0.0,0.5140266231141793,0.5140266231141793
hrl,multi,0,off,0,478,-5.374329231163577,300.0,0.8344507813453674,0.7837541699409485,0,0.0,0.3566120595613343,7,0,off,0,0,0.0,0.0,0.0,0.8512433158300753,-0.43886598716259934,0.771844323473942,0.8393033675358211,0.39239173188246634,0.4703199253335,-0.3899522599638651,0.0,0.3566120595613343,0.3566120595613343
hrl,multi,0,off,0,479,-2.9937622752063793,232.0,0.8044037222862244,0.7407504320144653,1,0.0,0.6734929826971264,7,0,off,0,0,0.0,0.0,0.0,0.902221169623284,0.775869456415736,0.771844323473942,0.8564496156442981,0.7255923981630563,0.4537414251369675,0.22873249042260008,0.0,0.6734929826971264,0.6734929826971264
hrl,multi,0,off,0,480,-3.6952939880639137,258.0,0.8006101250648499,0.7480065822601318,1,0.0,0.552234564917338,7,0,off,0,0,0.0,0.0,0.0,0.937908446127668,0.9180647595049319,0.693832206377323,0.6402048822019067,0.26575441680833445,0.29677378724959463,0.11310345615160683,0.0,0.552234564917338,0.552234564917338
hrl,multi,0,off,0,481,-3.8507209189189453,261.0,0.7921462655067444,0.739397406578064,1,0.0,0.5271753191764116,7,0,off,0,0,0.0,0.0,0.0,0.8981821436001274,0.8995684433310627,0.8228637097883377,0.573521033081053,0.7136060728589517,0.36368512889914184,-0.5811992973237928,0.0,0.5271753191764116,0.5271753191764116
hrl,multi,0,off,0,482,-3.093032059789389,235.0,0.7823124527931213,0.7460868954658508,1,0.0,0.629034714059083,7,0,off,0,0,0.0,0.0,0.0,0.9219934881339341,0.9419407055628234,0.6024314917464675,0.8392423103282849,0.46234104246714636,0.5451092023108105,0.0901847578641134,0.0,0.629034714059083,0.629034714059083
hrl,multi,0,off,0,483,-3.5209169096138644,250.0,0.7920289039611816,0.7623991966247559,1,0.0,0.5850480569965498,7,0,off,0,0,0.0,0.0,0.0,0.9364720846571181,0.8214857245657641,0.6340334131735924,0.7967497138730929,0.5687391513271423,0.404451688726527,-0.06659537734738813,0.0,0.5850480569965498,0.5850480569965498
hrl,multi,0,off,0,484,-5.682546342683055,300.0,0.7695941925048828,0.37616854906082153,0,0.0,0.2520321714956177,7,0,off,0,0,0.0,0.0,0.0,0.8772767914308542,0.9514068204592127,-1.2574305209012884,0.8213268171220522,-0.42985935820173615,0.4106345283251698,0.39087012223505935,0.0,0.2520321714956177,0.2520321714956177
hrl,multi,0,off,0,485,-5.644976370024959,300.0,0.7555326223373413,0.42025813460350037,0,0.0,0.24258129637037662,7,0,off,0,0,0.0,0.0,0.0,0.8553319573317322,0.9514068204592127,0.8072639168195038,0.4808840475129108,0.2162790095137214,-2.0479646671016356,0.43486799005719157,0.0,0.24258129637037662,0.24258129637037662
hrl,multi,0,off,0,486,-4.314369940572651,276.0,0.7931370139122009,0.7413105368614197,1,0.0,0.47841598511433314,7,0,off,0,0,0.0,0.0,0.0,0.794121261117223,0.8067376747680582,0.7170523181387242,0.9021716368402182,0.007254377004966173,0.2625327378592241,-0.14095810992808233,0.0,0.47841598511433314,0.47841598511433314
hrl,multi,0,off,0,487,-6.0290112978676955,300.0,0.7430201768875122,0.4102408289909363,0,0.0,0.14758436227147476,7,0,off,0,0,0.0,0.0,0.0,0.8100191165756954,0.8571116063872406,0.7772639168195038,0.5620296207499182,0.3951514841028335,-2.3113208539908014,-0.057164354744067114,0.0,0.14758436227147476,0.14758436227147476
hrl,multi,0,off,0,488,-5.614002552912286,300.0,0.7821008563041687,0.44429266452789307,0,0.0,0.269031078250583,7,0,off,0,0,0.0,0.0,0.0,0.9027390829823229,-0.221130898015171,0.714939303397296,0.3760520653996875,0.5961183538495225,0.12367740629074193,-0.6091777661503192,0.0,0.269031078250583,0.269031078250583
hrl,multi,0,off,0,489,-6.478341616134289,300.0,0.6802788376808167,0.4224874675273895,0,0.0,-0.008847953812777096,7,0,off,0,0,0.0,0.0,0.0,0.9085209082121937,0.9039743325155343,0.5235663885440729,0.8176170917925332,0.384974221148963,0.44581278730011065,-4.046401406202847,0.0,-0.008847953812777096,-0.008847953812777096
hrl,multi,0,off,0,490,-6.227859788394566,300.0,0.7158462405204773,0.2574704587459564,0,0.0,0.05102500088243441,7,0,off,0,0,0.0,0.0,0.0,0.871019071234585,0.9307698923672678,0.3700526417041111,0.6691754822013493,0.14,-1.9193530253185067,-0.7044890560117654,0.0,0.05102500088243441,0.05102500088243441
hrl,multi,0,off,0,491,-5.54936512354033,300.0,0.7665495276451111,0.5334931015968323,0,0.0,0.24979811127213244,7,0,off,0,0,0.0,0.0,0.0,0.7729365470856692,0.7810609087472248,0.8397734925537161,0.8235785082893542,0.2761012265600874,-2.1674041428909696,0.42254023855984524,0.0,0.24979811127213244,0.24979811127213244
hrl,multi,0,off,0,492,-5.481520853238179,300.0,0.8035487532615662,0.6553125977516174,0,0.0,0.3063085870868524,7,0,off,0,0,0.0,0.0,0.0,0.7666993975802092,0.8453438612253714,0.741844323473942,0.872695977961286,0.5099794045125867,-1.597435861853825,0.005033006708395533,0.0,0.3063085870868524,0.3063085870868524
hrl,multi,0,off,0,493,-3.166669376774204,238.0,0.7795577645301819,0.7319686412811279,1,0.0,0.5976317994663131,7,0,off,0,0,0.0,0.0,0.0,0.9553163538872521,0.8869727260187176,0.777526640683272,0.8353451099498248,0.41144525429546563,0.44829400490460625,-0.13147749347494736,0.0,0.5976317994663131,0.5976317994663131
hrl,multi,0,off,0,494,-6.003332997101836,300.0,0.7326003909111023,0.4112318456172943,0,0.0,0.1499427339058916,7,0,off,0,0,0.0,0.0,0.0,0.8786070943500723,0.8762828646230985,0.7050979320894546,0.7724023199484185,0.34457021567705015,0.1714746581841739,-2.6988359475310264,0.0,0.1499427339058916,0.1499427339058916
hrl,multi,0,off,0,495,-5.021315056186364,300.0,0.8246091604232788,0.7401043176651001,1,0.0,0.40460416386724624,7,0,off,0,0,0.0,0.0,0.0,-0.4173594947146857,0.8886294709106541,0.7928637097883378,0.792840817573308,0.6851259496059751,0.12951953514915449,-0.03939084124201986,0.0,0.40460416386724624,0.40460416386724624
hrl,multi,0,off,0,496,-5.574070319868042,300.0,0.791939914226532,0.4515969455242157,0,0.0,0.2703210639420624,7,0,off,0,0,0.0,0.0,0.0,0.9179695733888247,-0.6627826528541083,-0.37803102217182066,0.772377170290911,0.4007445210519941,0.37548706965636264,0.4664827882322732,0.0,0.2703210639420624,0.2703210639420624
hrl,multi,0,off,0,497,-3.53057146304751,251.0,0.8064174056053162,0.7561256885528564,1,0.0,0.5865433821066871,7,0,off,0,0,0.0,0.0,0.0,0.8183241775650212,0.8921926530266459,0.763908205701246,0.3134796700344771,0.48873221088192703,0.5235983678243682,0.3055683897131238,0.0,0.5865433821066871,0.5865433821066871
hrl,multi,0,off,0,498,-3.615149545684671,253.0,0.8095992207527161,0.7445983290672302,1,0.0,0.5853203438358915,7,0,off,0,0,0.0,0.0,0.0,0.9261449976325766,0.9039743325155343,0.7159410650345519,0.7122905858581414,0.4235083203779893,0.2815169097513841,0.13386619568106292,0.0,0.5853203438358915,0.5853203438358915
hrl,multi,0,off,0,499,-5.572050317368115,300.0,0.8065212368965149,0.48998111486434937,0,0.0,0.30350061159916447,7,0,off,0,0,0.0,0.0,0.0,0.8618529545281396,0.8721458150564326,0.8397734925537161,0.07101652571055415,0.5324595865811006,0.2550940348118998,-1.307838128047691,0.0,0.30350061159916447,0.30350061159916447
hrl,multi,0,off,0,500,-4.715447925807967,291.0,0.8245015144348145,0.7809692621231079,1,0.0,0.4307320767234532,7,0,off,0,0,0.0,0.0,0.0,0.8800503173958193,0.8880647595049319,-0.8780011475438416,0.8174931903797875,0.5984817042497605,0.47155359379832273,0.23748211927939222,0.0,0.4307320767234532,0.4307320767234532
hrl,multi,0,off,0,501,-3.2065704397670767,239.0,0.7872387766838074,0.75227952003479,1,0.0,0.623586552598973,7,0,off,0,0,0.0,0.0,0.0,0.8901212329322932,0.9514068204592127,0.7939674243764897,0.7517736964670426,0.5016409123813591,0.2386190889907758,0.23757669258563777,0.0,0.623586552598973,0.623586552598973
hrl,multi,0,off,0,502,-3.876791828192056,262.0,0.815792441368103,0.7877557873725891,1,0.0,0.5581276521913214,7,0,off,0,0,0.0,0.0,0.0,0.9085209082121937,0.9307698923672678,0.40732253462419116,0.6003696571357358,0.3691855945755814,0.42324285914488763,0.26748211927939225,0.0,0.5581276521913214,0.5581276521913214
hrl,multi,0,off,0,503,-2.9084327601583086,229.0,0.7841745018959045,0.7423721551895142,1,0.0,0.6596775538043855,7,0,off,0,0,0.0,0.0,0.0,0.9479695733888247,0.8762706835846702,0.7481719263597153,0.7950507526173101,0.6376538788654273,0.4876279737058031,0.12499808810894852,0.0,0.6596775538043855,0.6596775538043855
hrl,multi,0,off,0,504,-5.667425429041034,300.0,0.7618359923362732,0.3899827003479004,0,0.0,0.23275410251707632,7,0,off,0,0,0.0,0.0,0.0,0.9165698364952612,-0.059615299628182336,0.7157678666986242,0.8087144425246937,-0.7948073508891068,0.39585255851664347,-0.3532033360983994,0.0,0.23275410251707632,0.23275410251707632
hrl,multi,0,off,0,505,-3.449853810764603,248.0,0.80947345495224,0.780683696269989,1,0.0,0.5928705755353542,7,0,off,0,0,0.0,0.0,0.0,0.937908446127668,0.8718778358897006,0.7071112649208066,0.5526785803623735,0.40888472040758117,0.45547752635292965,0.21615565468641945,0.0,0.5928705755353542,0.5928705755353542
hrl,multi,0,off,0,506,-3.3598756411415382,246.0,0.7979997396469116,0.7447040677070618,1,0.0,0.6019596772969271,7,0,off,0,0,0.0,0.0,0.0,0.9261449976325766,0.8462706835846702,0.8072639168195038,0.6198091618694784,0.3631277371733293,0.4256290592471636,0.22547218475176817,0.0,0.6019596772969271,0.6019596772969271
hrl,multi,0,off,0,507,-2.9953371610923036,232.0,0.7800409197807312,0.7438477277755737,1,0.0,0.6431715338687948,7,0,off,0,0,0.0,0.0,0.0,0.9162064174755901,0.9043393404700396,0.8072639168195038,0.7923241398114436,0.6291281694301815,0.5681928400598593,-0.11525408698505513,0.0,0.6431715338687948,0.6431715338687948
hrl,multi,0,off,0,508,-3.0767610002774597,235.0,0.7981405854225159,0.7707582116127014,1,0.0,0.6460326508226528,7,0,off,0,0,0.0,0.0,0.0,0.9261449976325766,0.9039743325155343,0.752821049832499,0.7884216310213542,0.6011206906046612,0.4503140004428268,0.09943185370911808,0.0,0.6460326508226528,0.6460326508226528
hrl,multi,0,off,0,509,-6.5619762407341256,300.0,0.6773616075515747,0.3360285758972168,0,0.0,-0.030288209418095575,7,0,off,0,0,0.0,0.0,0.0,0.8955202475774536,0.9119407055628234,-3.87825769702557,0.8197493174267331,0.32308513576403164,0.3449283076025115,0.3710165171653481,0.0,-0.030288209418095575,-0.030288209418095575
hrl,multi,0,off,0,510,-3.4613331944774672,248.0,0.7848811745643616,0.7410153746604919,1,0.0,0.5867630376123696,7,0,off,0,0,0.0,0.0,0.0,0.9305234453537763,0.9589721298278469,0.6175426278349181,0.6459838296188366,0.5706998645722214,0.3075324034526903,0.07608696262629805,0.0,0.5867630376123696,0.5867630376123696
hrl,multi,0,off,0,511,-3.212703389096992,239.0,0.7818641662597656,0.7324094772338867,1,0.0,0.6143048345836933,7,0,off,0,0,0.0,0.0,0.0,0.8957296363314416,0.9124296981466014,0.7181117249901559,0.683176015965548,0.6350180161328485,0.42374965665682146,0.03191909386243652,0.0,0.6143048345836933,0.6143048345836933
hrl,multi,0,off,0,512,-4.050023357794839,268.0,0.8194589614868164,0.7677785158157349,1,0.0,0.5385416630304847,7,0,off,0,0,0.0,0.0,0.0,0.8391657768204566,0.5625689908372707,0.7472639168195039,0.7656074140778655,0.4626471759847831,0.25228325883553804,0.1402551078379746,0.0,0.5385416630304847,0.5385416630304847
hrl,multi,0,off,0,513,-5.467520667064679,300.0,0.8330162763595581,0.632010281085968,0,0.0,0.3505366671060934,7,0,off,0,0,0.0,0.0,0.0,-0.27026066528750214,0.5957883264039529,0.6631611244297175,0.5058732247844073,0.5461523808035588,0.4095072265455443,0.003535052062974997,0.0,0.3505366671060934,0.3505366671060934
hrl,multi,0,off,0,514,-5.612485666191053,300.0,0.7955626249313354,0.4062754213809967,0,0.0,0.28108253110101566,7,0,off,0,0,0.0,0.0,0.0,0.544916524157265,0.8886294709106541,0.7898932663219487,-1.4472836555224873,0.4290982613559771,0.37524422342970964,0.3870796270540425,0.0,0.28108253110101566,0.28108253110101566
hrl,multi,0,off,0,515,-6.050704666531971,300.0,0.7311084866523743,0.4279988408088684,0,0.0,0.13985762114157224,7,0,off,0,0,0.0,0.0,0.0,0.9085209082121937,0.9419407055628234,-2.934303831164721,0.8270410499392457,0.4525679478903735,0.3874082439035409,0.3958283236475494,0.0,0.13985762114157224,0.13985762114157224
hrl,multi,0,off,0,516,-3.5957985193573236,254.0,0.7816781997680664,0.7452986240386963,1,0.0,0.5487890393018903,7,0,off,0,0,0.0,0.0,0.0,0.9435274930068701,0.9365531946724429,0.793908205701246,0.5608313554408079,0.45340424810167845,0.302523763504174,-0.1492249853139871,0.0,0.5487890393018903,0.5487890393018903
hrl,multi,0,off,0,517,-3.1704020933632155,238.0,0.7900981307029724,0.7610917091369629,1,0.0,0.6332934073677094,7,0,off,0,0,0.0,0.0,0.0,0.9085209082121937,0.8682762588736015,0.7478909056052176,0.8879653177091473,0.3956612259433473,0.47697356850054284,0.147765666729916,0.0,0.6332934073677094,0.6332934073677094
hrl,multi,0,off,0,518,-3.4067225885414354,246.0,0.7992523908615112,0.7586663365364075,1,0.0,0.6095028064969233,7,0,off,0,0,0.0,0.0,0.0,0.9164042413618773,0.7731621854092966,0.7366764207505057,0.7876858190916765,0.4020096754924952,0.3922636892047218,0.25831761416789,0.0,0.6095028064969233,0.6095028064969233
hrl,multi,0,off,0,519,-3.377504573296741,245.0,0.8021531701087952,0.7410153746604919,1,0.0,0.61034037812061,7,0,off,0,0,0.0,0.0,0.0,0.8095790882519863,0.9589721298278469,0.8097734925537161,0.7891638964782255,0.5088309520305501,0.21511158510207445,0.18095150259987022,0.0,0.61034037812061,0.61034037812061
hrl,multi,0,off,0,520,-3.366621884900365,244.0,0.7850505113601685,0.7368783354759216,1,0.0,0.5937832280133575,7,0,off,0,0,0.0,0.0,0.0,0.9621549301622716,0.9419407055628234,0.7298932663219486,0.8176170917925332,0.44877111515930224,0.279294828114318,-0.023189341019694713,0.0,0.5937832280133575,0.5937832280133575
hrl,multi,0,off,0,521,-3.6438166389579267,254.0,0.8055856823921204,0.7576594352722168,1,0.0,0.5813642413784663,7,0,off,0,0,0.0,0.0,0.0,0.87239769769879,0.9419407055628234,0.763908205701246,0.5611660159220084,0.5279430617715889,0.15661757577597607,0.24557642721683232,0.0,0.5813642413784663,0.5813642413784663
hrl,multi,0,off,0,522,-5.352378327082265,300.0,0.837952196598053,0.7484871745109558,0,0.0,0.3593648743280782,7,0,off,0,0,0.0,0.0,0.0,-0.29631537093724497,0.8633884772116215,0.7152943550752336,0.4623358241213661,0.47568500993737683,0.14262365060091886,0.15254217428727496,0.0,0.3593648743280782,0.3593648743280782
hrl,multi,0,off,0,523,-5.752938190790885,300.0,0.7698559165000916,0.3013628423213959,0,0.0,0.21766353724612372,7,0,off,0,0,0.0,0.0,0.0,0.8859432977352023,0.8721458150564326,0.7797734925537162,-1.8077109239761928,0.48576621179304896,0.060016183010079716,0.2477106845505789,0.0,0.21766353724612372,0.21766353724612372
hrl,multi,0,off,0,524,-5.484316399873933,300.0,0.7814461588859558,0.6591087579727173,0,0.0,0.2940061346257261,7,0,off,0,0,0.0,0.0,0.0,0.8511443561089348,0.9039743325155343,0.49331873267299353,0.8564496156442981,0.348474630346315,0.36809698825356707,-1.7634157131615602,0.0,0.2940061346257261,0.2940061346257261
hrl,multi,0,off,0,525,-4.895477352469458,298.0,0.8034563660621643,0.7440137267112732,1,0.0,0.3871156648202489,7,0,off,0,0,0.0,0.0,0.0,0.937908446127668,0.9419407055628234,0.7843290731179455,0.8098388109340573,0.5404743674582144,0.46465402367926456,-1.7693357731382304,0.0,0.3871156648202489,0.3871156648202489
hrl,multi,0,off,0,526,-3.354227418958891,245.0,0.7870818376541138,0.7576398253440857,1,0.0,0.5937169862078625,7,0,off,0,0,0.0,0.0,0.0,0.9261449976325766,0.9514068204592127,0.6558636815450859,0.9021716368402182,0.5108052649950459,0.32265976583494044,-0.11303326385204246,0.0,0.5937169862078625,0.5937169862078625
hrl,multi,0,off,0,527,-3.789777497628222,261.0,0.7940489649772644,0.778399646282196,1,0.0,0.5330558479874942,7,0,off,0,0,0.0,0.0,0.0,0.937908446127668,0.9307698923672678,0.6725201019739784,0.7659757697809939,0.0422516842121456,0.31734653690281067,0.06461850454759527,0.0,0.5330558479874942,0.5330558479874942
hrl,multi,0,off,0,528,-2.794521957793033,225.0,0.781396210193634,0.7368783354759216,1,0.0,0.6673938988666525,7,0,off,0,0,0.0,0.0,0.0,0.9621549301622716,0.9514068204592127,0.807526640683272,0.8426959779612859,0.6099985937598458,0.4026613942681424,0.09531293477253666,0.0,0.6673938988666525,0.6673938988666525
hrl,multi,0,off,0,529,-5.772676218844213,300.0,0.7636419534683228,0.2846384048461914,0,0.0,0.21107683401206384,7,0,off,0,0,0.0,0.0,0.0,0.894868439259133,0.9307698923672678,-1.7236107445443958,0.728240500117572,0.21000000000000002,0.21494666357942263,0.22232308730544745,0.0,0.21107683401206384,0.21107683401206384
hrl,multi,0,off,0,530,-5.556906750224882,300.0,0.7979376912117004,0.4442174732685089,0,0.0,0.2834137288370931,7,0,off,0,0,0.0,0.0,0.0,0.9261449976325766,-0.35496764551133875,-0.4472187075434182,0.8879653177091473,0.24917696613646304,0.30430840670854126,0.41848676672768004,0.0,0.2834137288370931,0.2834137288370931
hrl,multi,0,off,0,531,-4.261846401223728,275.0,0.820580780506134,0.7610026001930237,1,0.0,0.506630575838283,7,0,off,0,0,0.0,0.0,0.0,0.9128524769150597,0.12416101478776695,0.6213233510227775,0.635742065572556,0.6528055280931212,0.5681928400598593,0.031336754416840584,0.0,0.506630575838283,0.506630575838283
hrl,multi,0,off,0,532,-4.831069248240673,296.0,0.8541027903556824,0.7825281620025635,1,0.0,0.45363646884425307,7,0,off,0,0,0.0,0.0,0.0,0.5372695658101067,0.5370812656144585,0.12310059155159972,0.7745095024506424,0.5380064165100188,0.5247067539582406,0.14078118601470474,0.0,0.45363646884425307,0.45363646884425307
hrl,multi,0,off,0,533,-4.776454475372297,292.0,0.8199509978294373,0.7470993995666504,1,0.0,0.4321115771090029,7,0,off,0,0,0.0,0.0,0.0,0.8215272714104003,-0.13819395262095052,0.8397734925537161,0.8879653177091473,0.48568504671748414,0.36445250873666635,-0.23642864474344338,0.0,0.4321115771090029,0.4321115771090029
hrl,multi,0,off,0,534,-3.2713734523695766,241.0,0.7943480610847473,0.7232506275177002,1,0.0,0.6183431481571164,7,0,off,0,0,0.0,0.0,0.0,0.9621549301622716,0.9644097631089089,0.763908205701246,0.479346450053991,0.589508942948267,0.5681928400598593,0.0008809050652710537,0.0,0.6183431481571164,0.6183431481571164
hrl,multi,0,off,0,535,-3.3972607707441624,246.0,0.8061158061027527,0.7576594352722168,1,0.0,0.6218058681289118,7,0,off,0,0,0.0,0.0,0.0,0.9115983942740867,0.8958816384324301,0.793908205701246,0.4331983936890477,0.4865048441951251,0.5681928400598593,0.26335676055058743,0.0,0.6218058681289118,0.6218058681289118
hrl,multi,0,off,0,536,-3.5388277587317694,251.0,0.8203922510147095,0.7823008298873901,1,0.0,0.607153741762084,7,0,off,0,0,0.0,0.0,0.0,0.7614047476686839,0.8361607808486541,0.47746124789048106,0.872695977961286,0.5153560970225172,0.42992535713168645,0.3570719838112794,0.0,0.607153741762084,0.607153741762084
hrl,multi,0,off,0,537,-5.363009441384927,300.0,0.8171029686927795,0.7547025680541992,0,0.0,0.3429783743323619,7,0,off,0,0,0.0,0.0,0.0,0.9040826332833801,0.8522932006350525,0.7386955302936397,0.6597268364044014,0.4791403428214375,-1.0799036511198972,-0.1531862719914807,0.0,0.3429783743323619,0.3429783743323619
hrl,multi,0,off,0,538,-4.706690718812157,292.0,0.8326458930969238,0.7677785158157349,1,0.0,0.4547567868530208,7,0,off,0,0,0.0,0.0,0.0,0.9165698364952612,0.8633884772116215,0.8072639168195038,-0.09113293027771878,0.38027707871239347,0.13593746536219872,0.1709936636478859,0.0,0.4547567868530208,0.4547567868530208
hrl,multi,0,off,0,539,-3.2975163604563447,242.0,0.7800005078315735,0.7410153746604919,1,0.0,0.5949932454972268,7,0,off,0,0,0.0,0.0,0.0,0.9435274930068701,0.9589721298278469,0.6705683940185441,0.7562162862572497,0.47964530060161725,0.4404439661242165,-0.0844208513557575,0.0,0.5949932454972268,0.5949932454972268
hrl,multi,0,off,0,540,-6.005146727135437,300.0,0.7541626691818237,0.45625248551368713,0,0.0,0.15285972486485397,7,0,off,0,0,0.0,0.0,0.0,0.4409400715790466,0.8995552943503602,0.793908205701246,0.4737720115557811,0.4536123510112632,0.37568936574453315,-2.3674592258882527,0.0,0.15285972486485397,0.15285972486485397
hrl,multi,0,off,0,541,-3.9980882367363497,266.0,0.8134828209877014,0.7571073174476624,1,0.0,0.5332556577530663,7,0,off,0,0,0.0,0.0,0.0,0.8616525112461052,0.3685184892646862,0.6744949876061193,0.7547987397132359,0.5670624117906358,0.5452930462091005,-0.03903058155841874,0.0,0.5332556577530663,0.5332556577530663
hrl,multi,0,off,0,542,-3.38074475079075,244.0,0.7815987467765808,0.7179409861564636,1,0.0,0.5873745505335065,7,0,off,0,0,0.0,0.0,0.0,0.9657776238312316,0.9307698923672678,0.763908205701246,0.872695977961286,0.27416682253286945,0.45053501413920233,-0.1462316827985577,0.0,0.5873745505335065,0.5873745505335065
hrl,multi,0,off,0,543,-3.8098321536613957,260.0,0.7999078035354614,0.7867687344551086,1,0.0,0.5472629867846757,7,0,off,0,0,0.0,0.0,0.0,0.8023034660709841,0.6800218626921344,0.594642568293896,0.767551657980016,0.6012862932810351,0.39154971191204657,-0.0065146527373819985,0.0,0.5472629867846757,0.5472629867846757
hrl,multi,0,off,0,544,-3.7705859906191304,258.0,0.7886009216308594,0.7470993995666504,1,0.0,0.5320304224719221,7,0,off,0,0,0.0,0.0,0.0,0.8354140579429024,0.9135509892308608,0.8397734925537161,0.7073172781766929,0.5265098140717491,0.4053218799002508,-0.5036745545727179,0.0,0.5320304224719221,0.5320304224719221
hrl,multi,0,off,0,545,-3.292969512126857,242.0,0.7844028472900391,0.7470993995666504,1,0.0,0.6028837830895963,7,0,off,0,0,0.0,0.0,0.0,0.9479695733888247,0.8869727260187176,0.8397734925537161,0.6170613677144081,0.4092373129324237,0.4888200810545853,0.030351927964499203,0.0,0.6028837830895963,0.6028837830895963
hrl,multi,0,off,0,546,-6.062933942091974,300.0,0.714447021484375,0.4181448519229889,0,0.0,0.11385534993398716,7,0,off,0,0,0.0,0.0,0.0,0.9261449976325766,0.9289721298278468,0.7472639168195038,0.8050728081564115,-3.5082231880009456,0.43806640684880094,0.459690378253716,0.0,0.11385534993398716,0.11385534993398716
hrl,multi,0,off,0,547,-6.113963929379137,300.0,0.7295443415641785,0.3564680516719818,0,0.0,0.10384567547039346,7,0,off,0,0,0.0,0.0,0.0,0.3007680322805349,0.9180647595049319,0.7472639168195039,-2.46514273398014,0.4003365947458768,0.4600248516637748,0.3656043072582717,0.0,0.10384567547039346,0.10384567547039346
hrl,multi,0,off,0,548,-4.371382787291353,279.0,0.821614146232605,0.7811338305473328,1,0.0,0.49377056080879334,7,0,off,0,0,0.0,0.0,0.0,0.8479138674680134,0.012153045996924749,0.6483835694223656,0.8879653177091473,0.7093003885868702,0.2307716521724512,0.11990608430578106,0.0,0.49377056080879334,0.49377056080879334
hrl,multi,0,off,0,549,-4.272821542498421,275.0,0.78023761510849,0.7420971393585205,1,0.0,0.46223710290026737,7,0,off,0,0,0.0,0.0,0.0,0.7631281289095857,0.8921926530266459,0.7751904982268889,0.6677968136150236,0.7219290352551221,0.3208406604755011,-0.9054180692068956,0.0,0.46223710290026737,0.46223710290026737
hrl,multi,0,off,0,550,-4.021529146105736,267.0,0.8181033730506897,0.7674077749252319,1,0.0,0.5375565539663493,7,0,off,0,0,0.0,0.0,0.0,0.8273004301175264,0.6508950493733445,0.7172639168195037,0.8162862228657511,0.4911264847695129,-0.06264419108595494,0.3226679649047612,0.0,0.5375565539663493,0.5375565539663493
hrl,multi,0,off,0,551,-3.100550903379902,235.0,0.7871212959289551,0.7414292097091675,1,0.0,0.638087744254264,7,0,off,0,0,0.0,0.0,0.0,0.78781903193899,0.925863803203312,0.7148020375237382,0.8007613082043177,0.464730376712272,0.47515553291782586,0.2974821192793923,0.0,0.638087744254264,0.638087744254264
hrl,multi,0,off,0,552,-3.761851256687641,258.0,0.8036571145057678,0.7470993995666504,1,0.0,0.5567159705534864,7,0,off,0,0,0.0,0.0,0.0,0.9040826332833801,0.9455345470612064,0.8397734925537161,-0.2875801731881004,0.6873877045763406,0.5681928400598593,0.23962074952800286,0.0,0.5567159705534864,0.5567159705534864
hrl,multi,0,off,0,553,-3.0454860433284074,234.0,0.7882204055786133,0.760892927646637,1,0.0,0.6424917103001944,7,0,off,0,0,0.0,0.0,0.0,0.9423071873409768,0.9419407055628234,0.7392708929159048,0.8564496156442981,0.23938320834050572,0.42445701231093913,0.3536333499859125,0.0,0.6424917103001944,0.6424917103001944
hrl,multi,0,off,0,554,-5.5392378462056575,300.0,0.7763696312904358,0.4834977388381958,0,0.0,0.2627460750549898,7,0,off,0,0,0.0,0.0,0.0,0.864611853153382,0.9256726091029015,-1.926722469849664,0.7001308118148102,0.4642573594176867,0.3677222133572423,0.4435501483885702,0.0,0.2627460750549898,0.2627460750549898
hrl,multi,0,off,0,555,-4.275711413470553,278.0,0.8123100399971008,0.774215817451477,1,0.0,0.4885506624564307,7,0,off,0,0,0.0,0.0,0.0,0.9219934881339341,0.866978310569,0.03659490184757164,0.8564496156442981,0.5080325622083598,0.47697356850054284,-0.24716780970869157,0.0,0.4885506624564307,0.4885506624564307
hrl,multi,0,off,0,556,-5.634323872689491,300.0,0.7826915383338928,0.4032953083515167,0,0.0,0.26683980533473883,7,0,off,0,0,0.0,0.0,0.0,0.705080126504604,0.9180647595049319,0.711844323473942,-1.3869876609954124,0.25710297360938905,0.22704740045527907,0.43572671479043806,0.0,0.26683980533473883,0.26683980533473883
hrl,multi,0,off,0,557,-5.439519050112003,300.0,0.8287501931190491,0.7098753452301025,0,0.0,0.3415860331141817,7,0,off,0,0,0.0,0.0,0.0,-0.11436654394394655,-0.1392392779040125,0.823908205701246,0.7629375823186687,0.40797732499638895,0.3753033279115375,0.27458161271939,0.0,0.3415860331141817,0.3415860331141817
hrl,multi,0,off,0,558,-5.634189087096171,300.0,0.7670706510543823,0.4219544529914856,0,0.0,0.24755178072014378,7,0,off,0,0,0.0,0.0,0.0,-1.8476799642443065,0.9419407055628234,0.7772639168195038,0.8270410499392457,0.4346876623681427,0.5145040385339334,0.08510505606166385,0.0,0.24755178072014378,0.24755178072014378
hrl,multi,0,off,0,559,-3.580547270565279,252.0,0.7979747653007507,0.7728065848350525,1,0.0,0.575793846737769,7,0,off,0,0,0.0,0.0,0.0,0.8901276563560211,0.8571116063872406,0.664962651296622,0.8531212209851029,0.6089653765027943,0.15638270944588364,-0.0001142938092819068,0.0,0.575793846737769,0.575793846737769
hrl,multi,0,off,0,560,-3.4909877612592974,249.0,0.8045797944068909,0.7533297538757324,1,0.0,0.5987965981417611,7,0,off,0,0,0.0,0.0,0.0,0.8822666587672792,0.9455903804557538,0.7898932663219487,0.6792515172044581,0.37822490526344665,0.3041611536275527,0.2121883053518883,0.0,0.5987965981417611,0.5987965981417611
hrl,multi,0,off,0,561,-3.8039838330226265,259.0,0.7925631403923035,0.7410153746604919,1,0.0,0.5359180012349889,7,0,off,0,0,0.0,0.0,0.0,0.9561288512108524,0.9289721298278468,0.793908205701246,0.5825100969082937,0.33015912507683975,0.19026010389750456,-0.030512503977660727,0.0,0.5359180012349889,0.5359180012349889
hrl,multi,0,off,0,562,-6.458240272724662,300.0,0.6979672312736511,0.36045747995376587,0,0.0,0.0092629736279943,7,0,off,0,0,0.0,0.0,0.0,0.921417008412383,0.8920338193536418,0.42006427329107987,0.9021716368402182,-2.6308705887449126,0.34394214734159567,-0.7839174810980455,0.0,0.0092629736279943,0.0092629736279943
hrl,multi,0,off,0,563,-4.340947102740163,277.0,0.7866577506065369,0.7497313618659973,1,0.0,0.46022007787406355,7,0,off,0,0,0.0,0.0,0.0,0.8495154592155104,0.8832444688540424,0.763908205701246,0.718680109746589,0.3963501339906307,0.23328471274129586,-0.6234425451308702,0.0,0.46022007787406355,0.46022007787406355
hrl,multi,0,off,0,564,-3.1223691588931133,237.0,0.8075609803199768,0.7677785158157349,1,0.0,0.6450418951513355,7,0,off,0,0,0.0,0.0,0.0,0.674990866888911,0.9419407055628234,0.7772639168195038,0.6704790061540511,0.597103922166672,0.5235983678243682,0.3299164806430185,0.0,0.6450418951513355,0.6450418951513355
hrl,multi,0,off,0,565,-5.654529823511616,300.0,0.7980086207389832,0.39662623405456543,0,0.0,0.27152391994900066,7,0,off,0,0,0.0,0.0,0.0,-0.923287713195294,0.12258509742143088,0.6305868722404455,0.8564496156442981,0.4791079469471493,0.3437433560370162,0.39148226454795854,0.0,0.27152391994900066,0.27152391994900066
hrl,multi,0,off,0,566,-4.61289853251305,287.0,0.8262266516685486,0.7883904576301575,1,0.0,0.45278167514125844,7,0,off,0,0,0.0,0.0,0.0,0.8648684392591329,0.09017825619959197,0.5327052950075306,0.8326229643286904,0.3928529945495319,0.4840800032339334,-0.027836226589601942,0.0,0.45278167514125844,0.45278167514125844
hrl,multi,0,off,0,567,-3.199716854257264,239.0,0.7882038950920105,0.7596203684806824,1,0.0,0.6204826499853235,7,0,off,0,0,0.0,0.0,0.0,0.8887198261741123,0.8853397981534413,0.8072639168195038,0.8879653177091473,0.4513898188585436,0.47918196059041973,-0.056482088407901976,0.0,0.6204826499853235,0.6204826499853235
hrl,multi,0,off,0,568,-3.7396998599683693,259.0,0.7974175214767456,0.7368783354759216,1,0.0,0.5331087059590119,7,0,off,0,0,0.0,0.0,0.0,0.9621549301622716,0.8619881675295928,0.6906020068840513,0.7537929643966234,0.4791953066170105,-0.34345455315585727,0.32748211927939225,0.0,0.5331087059590119,0.5331087059590119
hrl,multi,0,off,0,569,-3.802210189028397,259.0,0.784827709197998,0.7491726875305176,1,0.0,0.5370667419646298,7,0,off,0,0,0.0,0.0,0.0,0.8918858073996486,0.9514068204592127,0.793908205701246,0.7827004593841456,0.03376759615480168,0.3966233609100725,-0.09082505625671819,0.0,0.5370667419646298,0.5370667419646298
hrl,multi,0,off,0,570,-5.485823641280147,300.0,0.823649525642395,0.6104450821876526,0,0.0,0.33030985622792247,7,0,off,0,0,0.0,0.0,0.0,-0.2300982228971772,-0.4116614143994232,0.663703844402806,0.7773252337568555,0.5025127534448011,0.5681928400598593,0.44219395922773574,0.0,0.33030985622792247,0.33030985622792247
hrl,multi,0,off,0,571,-5.460002137609998,300.0,0.7868844270706177,0.7164241075515747,0,0.0,0.289859314989832,7,0,off,0,0,0.0,0.0,0.0,0.8776227641036254,0.8593100933156127,0.766391130376626,0.8564496156442981,-2.1158014045601883,0.5247067539582406,0.260336252090609,0.0,0.289859314989832,0.289859314989832
hrl,multi,0,off,0,572,-3.7696587453718395,258.0,0.8111864924430847,0.7338388562202454,1,0.0,0.569737922633891,7,0,off,0,0,0.0,0.0,0.0,0.9479695733888247,0.8762584791268537,0.6738840672063798,0.32742302687626706,0.5349407974368892,0.5681928400598593,0.05949667434216302,0.0,0.569737922633891,0.569737922633891
hrl,multi,0,off,0,573,-4.793402324055208,295.0,0.8230625987052917,0.7731971144676208,1,0.0,0.4230819255052677,7,0,off,0,0,0.0,0.0,0.0,0.894868439259133,0.9419407055628234,0.741844323473942,-0.7319250772506485,0.5316861815153846,0.46805269367867564,0.11510621229756376,0.0,0.4230819255052677,0.4230819255052677
hrl,multi,0,off,0,574,-6.108701175450189,300.0,0.7483581304550171,0.35401594638824463,0,0.0,0.15883853260644906,7,0,off,0,0,0.0,0.0,0.0,0.9274361270799607,0.9180647595049319,0.823908205701246,0.7831283350833709,0.3150099651644681,-2.765030013601492,0.10935234931265757,0.0,0.15883853260644906,0.15883853260644906
hrl,multi,0,off,0,575,-5.4287875586851495,300.0,0.8126181960105896,0.7051917314529419,0,0.0,0.33560649186728897,7,0,off,0,0,0.0,0.0,0.0,0.9305234453537763,-0.3114858498697416,0.6631611244297175,0.61940849619468,0.452268684063046,-0.19016904744920768,0.1855385903487521,0.0,0.33560649186728897,0.33560649186728897
hrl,multi,0,off,0,576,-4.272984561504551,275.0,0.8103477358818054,0.7451496124267578,1,0.0,0.48818220312005733,7,0,off,0,0,0.0,0.0,0.0,0.8833044139836316,0.2959295193127615,0.6351970547448136,0.8253522307796881,0.5658001866807549,0.2891372449850296,-0.07744522864627842,0.0,0.48818220312005733,0.48818220312005733
hrl,multi,0,off,0,577,-5.61883907014271,300.0,0.7684823870658875,0.4450068473815918,0,0.0,0.25590678780655124,7,0,off,0,0,0.0,0.0,0.0,0.936494231472811,0.5520131021430024,0.7231611244297174,0.8879653177091473,-1.746356050220731,0.44581278730011065,-0.007742998188199096,0.0,0.25590678780655124,0.25590678780655124
hrl,multi,0,off,0,578,-5.4886929230269805,300.0,0.8034920692443848,0.5586686730384827,0,0.0,0.30649980787330894,7,0,off,0,0,0.0,0.0,0.0,-0.38998217220611436,0.8055877434708769,0.6636938631496613,0.8564496156442981,0.29839909591358327,0.2893964981058099,-0.3780459889649524,0.0,0.30649980787330894,0.30649980787330894
hrl,multi,0,off,0,579,-3.730733561040812,257.0,0.8107338547706604,0.7576594352722168,1,0.0,0.5612357568345316,7,0,off,0,0,0.0,0.0,0.0,0.30357992862009486,0.936609029730019,0.823908205701246,0.8503730112080717,0.22888097991130618,0.5452930462091005,0.2400060964618831,0.0,0.5612357568345316,0.5612357568345316
hrl,multi,0,off,0,580,-3.6289284512144317,253.0,0.7806168794631958,0.7410153746604919,1,0.0,0.5557258200764913,7,0,off,0,0,0.0,0.0,0.0,0.936494231472811,0.9589721298278469,0.7538596024687368,0.7296875031949327,0.6591634724234892,0.3332877491158437,-0.4813839479682205,0.0,0.5557258200764913,0.5557258200764913
hrl,multi,0,off,0,581,-5.593527007678869,300.0,0.7778268456459045,0.47061166167259216,0,0.0,0.2745913784557714,7,0,off,0,0,0.0,0.0,0.0,0.8175461326434469,-1.467757853022586,0.8097734925537161,0.7827004593841456,0.5216113029850449,0.18611069006732492,0.2721554245793076,0.0,0.2745913784557714,0.2745913784557714
hrl,multi,0,off,0,582,-4.746123337449974,291.0,0.8288275003433228,0.760892927646637,1,0.0,0.4462549477912055,7,0,off,0,0,0.0,0.0,0.0,0.9128524769150597,0.9307698923672678,0.6492708929159047,0.5855720769412966,0.5910850610106873,-0.6345635575069939,0.08879779189521675,0.0,0.4462549477912055,0.4462549477912055
hrl,multi,0,off,0,583,-3.1344593340845193,237.0,0.7957531213760376,0.7470993995666504,1,0.0,0.6448107884714946,7,0,off,0,0,0.0,0.0,0.0,0.767391418106335,0.9127315299469424,0.7797734925537161,0.8344507333816221,0.719552115166146,0.35024814876863586,0.14952808137706405,0.0,0.6448107884714946,0.6448107884714946
hrl,multi,0,off,0,584,-6.169191581760614,300.0,0.7267516255378723,0.297050803899765,0,0.0,0.1063083520232188,7,0,off,0,0,0.0,0.0,0.0,0.8359462435986603,-1.084049940783783,0.7898932663219487,0.6540122129888911,0.3541753038646232,0.21000000000000002,-1.0158186218278087,0.0,0.1063083520232188,0.1063083520232188
hrl,multi,0,off,0,585,-5.435408803502647,300.0,0.8312880396842957,0.6996026039123535,0,0.0,0.3526500759382566,7,0,off,0,0,0.0,0.0,0.0,0.6986300097098671,0.9180647595049319,0.7598932663219486,-0.6143276441914569,0.1766919367352142,0.3906196471186112,0.13897855636867976,0.0,0.3526500759382566,0.3526500759382566
hrl,multi,0,off,0,586,-4.8896332644840035,296.0,0.8224000930786133,0.7677785158157349,1,0.0,0.42127077659401063,7,0,off,0,0,0.0,0.0,0.0,0.8559678902623684,0.8880647595049319,0.7472639168195038,0.044673545334647256,0.4852064766501265,0.2926645210296207,-0.364945673443124,0.0,0.42127077659401063,0.42127077659401063
hrl,multi,0,off,0,587,-5.420753810361927,300.0,0.8280505537986755,0.736569881439209,0,0.0,0.3458621428728277,7,0,off,0,0,0.0,0.0,0.0,-0.14932691502151324,0.9419407055628234,0.7772639168195038,0.8024023199484185,0.4757942696258737,-0.47653678842827196,0.0494974916029599,0.0,0.3458621428728277,0.3458621428728277
hrl,multi,0,off,0,588,-3.3450184525735547,244.0,0.7980532646179199,0.7576398253440857,1,0.0,0.614619078903701,7,0,off,0,0,0.0,0.0,0.0,0.9040826332833801,0.9514068204592127,0.5415024468811569,0.8075481335702176,0.6495089429482669,0.41943422494871385,0.028850350234959576,0.0,0.614619078903701,0.614619078903701
hrl,multi,0,off,0,589,-5.591683259342978,300.0,0.7694621682167053,0.4758201241493225,0,0.0,0.2649358061127825,7,0,off,0,0,0.0,0.0,0.0,0.7907438835506009,0.9307698923672678,0.6631611244297175,0.7510023416363224,-0.6629321492310063,0.48011313100176833,-1.0983075809651934,0.0,0.2649358061127825,0.2649358061127825
hrl,multi,0,off,0,590,-3.7626329819648356,258.0,0.805122971534729,0.7576398253440857,1,0.0,0.5662375818995529,7,0,off,0,0,0.0,0.0,0.0,0.8828524769150596,0.9514068204592127,0.6392817420192897,0.6074916087394677,0.44011841913680155,0.5681928400598593,-0.1256808340328199,0.0,0.5662375818995529,0.5662375818995529
hrl,multi,0,off,0,591,-4.044498720933318,267.0,0.8025137186050415,0.7232506275177002,1,0.0,0.5200250849729132,7,0,off,0,0,0.0,0.0,0.0,0.8925742876361766,0.9644097631089089,0.7751502447294616,-0.18737870376368998,0.5355250881065704,0.39355504699911764,0.2663398679938469,0.0,0.5200250849729132,0.5200250849729132
hrl,multi,0,off,0,592,-4.283781069520619,278.0,0.8372462391853333,0.7774750590324402,1,0.0,0.5089123126550953,7,0,off,0,0,0.0,0.0,0.0,0.2353585244195498,0.7543602168338235,0.7898932663219487,0.7329885759197035,0.5741141426841228,0.3261245855041618,0.14954687690235666,0.0,0.5089123126550953,0.5089123126550953
hrl,multi,0,off,0,593,-3.5321093003672868,250.0,0.793788731098175,0.7470993995666504,1,0.0,0.577343747588673,7,0,off,0,0,0.0,0.0,0.0,0.8820850329240587,0.8503561516446625,0.8097734925537161,0.8564496156442981,0.09201348029973291,0.2768196803150591,0.27390877973918326,0.0,0.577343747588673,0.577343747588673
hrl,multi,0,off,0,594,-3.1426169232965795,238.0,0.7781053781509399,0.7390680909156799,1,0.0,0.6150364170695132,7,0,off,0,0,0.0,0.0,0.0,0.9096175593005795,0.9514068204592127,0.64374144149732,0.8344507333816221,0.570028682717613,0.3180464883532774,0.07796319377696839,0.0,0.6150364170695132,0.6150364170695132
hrl,multi,0,off,0,595,-2.93448027204954,232.0,0.7894325256347656,0.7587950229644775,1,0.0,0.6518677739961513,7,0,off,0,0,0.0,0.0,0.0,0.8225310828254865,0.8571116063872406,0.7522671308107222,0.8051360166923476,0.5185914705755861,0.4536159935673951,0.3538211171142807,0.0,0.6518677739961513,0.6518677739961513
hrl,multi,0,off,0,596,-5.429243244831014,300.0,0.8129392266273499,0.7392786145210266,0,0.0,0.3311884189824225,7,0,off,0,0,0.0,0.0,0.0,0.9561288512108524,0.9307698923672678,0.6032824862625851,-0.794820159086822,0.5364734970927149,-0.009266557872108925,0.09575092290246784,0.0,0.3311884189824225,0.3311884189824225
hrl,multi,0,off,0,597,-6.136125724524281,300.0,0.690433919429779,0.34788116812705994,0,0.0,0.04443174013563317,7,0,off,0,0,0.0,0.0,0.0,-2.9308372992240663,0.9039743325155343,0.6982579462084212,0.562849804794211,0.5468830064616707,0.27905228508011887,0.25084210511354266,0.0,0.04443174013563317,0.04443174013563317
hrl,multi,0,off,0,598,-4.090140347647235,269.0,0.8033588528633118,0.7547023296356201,1,0.0,0.5096294396271713,7,0,off,0,0,0.0,0.0,0.0,0.8119831498331582,0.751185905582079,0.5443899134450979,0.6108235470043148,0.5778393264547229,0.36372875571213253,-0.09254452064130575,0.0,0.5096294396271713,0.5096294396271713
hrl,multi,0,off,0,599,-5.634769773860177,300.0,0.7835450768470764,0.4266659915447235,0,0.0,0.2710238122479284,7,0,off,0,0,0.0,0.0,0.0,0.9499134141650842,-1.1763368843164295,0.7567987115336114,0.8213268171220522,0.6630842801090289,-0.5490160509984482,0.4313963981205994,0.0,0.2710238122479284,0.2710238122479284
hrl,multi,0,off,0,600,-4.482453145252067,282.0,0.803146243095398,0.7364097237586975,1,0.0,0.450293325882662,7,0,off,0,0,0.0,0.0,0.0,0.8498777006792013,0.9526041424019642,0.8097734925537161,0.04278780703042565,0.574254448000355,0.18874052468629451,-0.26598483417332297,0.0,0.450293325882662,0.450293325882662
hrl,multi,0,off,0,601,-3.4871767431450866,251.0,0.7997837066650391,0.7811338305473328,1,0.0,0.5876777513152109,7,0,off,0,0,0.0,0.0,0.0,0.9261449976325766,0.8880647595049319,0.7231611244297174,0.8879653177091473,0.5252665652443388,0.5681928400598593,-0.40505134537409515,0.0,0.5876777513152109,0.5876777513152109
hrl,multi,0,off,0,602,-5.625902390329428,300.0,0.7565568089485168,0.43927001953125,0,0.0,0.24243105977196894,7,0,off,0,0,0.0,0.0,0.0,0.9561288512108524,0.9514068204592127,0.7734085270351833,0.6833682289592632,0.38533577217805925,-2.515656816440812,0.4630260350020236,0.0,0.24243105977196894,0.24243105977196894
hrl,multi,0,off,0,603,-4.423745471506691,283.0,0.8187180757522583,0.7562766075134277,1,0.0,0.46720643311596055,7,0,off,0,0,0.0,0.0,0.0,-0.15396157958866158,0.9419407055628234,0.7333431662714185,0.7537742236952233,0.353424639009002,0.5024465604451702,0.1394773164167481,0.0,0.46720643311596055,0.46720643311596055
hrl,multi,0,off,0,604,-5.591361827714718,300.0,0.7727185487747192,0.4758201241493225,0,0.0,0.2700284043799478,7,0,off,0,0,0.0,0.0,0.0,0.9561288512108524,0.8721458150564326,-1.1710668974622234,0.8393033675358211,0.5097529275479031,0.48011313100176833,-0.5961783642309199,0.0,0.2700284043799478,0.2700284043799478
hrl,multi,0,off,0,605,-4.934133889973017,297.0,0.8237916231155396,0.7423721551895142,1,0.0,0.41311786244373305,7,0,off,0,0,0.0,0.0,0.0,0.9561288512108524,-0.3085048012705392,0.7181719263597153,0.7913268171220522,0.09253535738885832,0.3805207528218627,0.26164613347332955,0.0,0.41311786244373305,0.41311786244373305
hrl,multi,0,off,0,606,-2.666167581619221,222.0,0.7788720726966858,0.737599790096283,1,0.0,0.6824957861614741,7,0,off,0,0,0.0,0.0,0.0,0.8951906093303037,0.8903237774530185,0.793908205701246,0.7233946831100037,0.6648363742274054,0.5681928400598593,0.24162401324848284,0.0,0.6824957861614741,0.6824957861614741
hrl,multi,0,off,0,607,-3.05950190063332,234.0,0.783221423625946,0.7319686412811279,1,0.0,0.6369669468375594,7,0,off,0,0,0.0,0.0,0.0,0.9553163538872521,0.8418778358897006,0.823908205701246,0.6994271071657598,0.5995285239631751,0.18163861744450271,0.3570719838112794,0.0,0.6369669468375594,0.6369669468375594
hrl,multi,0,off,0,608,-2.9250793983822105,231.0,0.7873260378837585,0.7623991966247559,1,0.0,0.6568366256567967,7,0,off,0,0,0.0,0.0,0.0,0.936494231472811,0.9419407055628234,0.694962651296622,0.7226790685859175,0.5388141404083776,0.5466280997261449,0.21633748254488006,0.0,0.6568366256567967,0.6568366256567967
hrl,multi,0,off,0,609,-3.6480856628203586,254.0,0.8008045554161072,0.7452986240386963,1,0.0,0.573848776046365,7,0,off,0,0,0.0,0.0,0.0,0.9435274930068701,0.7967131915152668,0.6540432955826626,0.8103731841544061,0.5647559822942607,0.3355444541294742,-0.08801616835838569,0.0,0.573848776046365,0.573848776046365
hrl,multi,0,off,0,610,-5.5429245203951725,300.0,0.8013414740562439,0.457160085439682,0,0.0,0.29218972025957257,7,0,off,0,0,0.0,0.0,0.0,-0.288314926610461,0.24594132172272457,0.6269690100438009,0.6506303991960456,0.4379289795427068,0.04898686704025265,0.3231863908819384,0.0,0.29218972025957257,0.29218972025957257
hrl,multi,0,off,0,611,-3.481781416261788,248.0,0.7889183163642883,0.7284339070320129,1,0.0,0.5858000388849627,7,0,off,0,0,0.0,0.0,0.0,0.8933347325835324,0.8696507677413693,0.6335062334844139,0.6848628704954355,0.6399985937598457,0.07671166529345244,0.3025354088366895,0.0,0.5858000388849627,0.5858000388849627
hrl,multi,0,off,0,612,-6.662906573208432,300.0,0.6111677289009094,0.2712451219558716,0,0.0,-0.19064338022112534,7,0,off,0,0,0.0,0.0,0.0,0.9561288512108524,0.9039743325155343,0.27926908173567955,-4.351283857006108,0.21352346662784,0.4611727013574078,0.20271176201091673,0.0,-0.19064338022112534,-0.19064338022112534
hrl,multi,0,off,0,613,-5.4161668739943725,300.0,0.8186745643615723,0.7545047402381897,0,0.0,0.33996097452103957,7,0,off,0,0,0.0,0.0,0.0,0.9479695733888247,-0.9535260948613411,0.7309018038787776,0.7831283350833709,0.46014567291316355,0.4428950280113396,-0.031787496766857826,0.0,0.33996097452103957,0.33996097452103957
hrl,multi,0,off,0,614,-5.4969122255061,300.0,0.8193387985229492,0.5797076225280762,0,0.0,0.33570988369358057,7,0,off,0,0,0.0,0.0,0.0,0.08163493301700855,-0.020299569106951975,0.8397734925537161,0.7516454790367009,0.5634350565813451,0.42719933173508085,-0.29341953796183556,0.0,0.33570988369358057,0.33570988369358057
hrl,multi,0,off,0,615,-3.3795428702316577,245.0,0.7972949147224426,0.7576398253440857,1,0.0,0.6107515308577983,7,0,off,0,0,0.0,0.0,0.0,0.936494231472811,0.9514068204592127,0.21537580579302185,0.7887177028302006,0.6399985937598457,0.4779069860152345,0.26536057567426197,0.0,0.6107515308577983,0.6107515308577983
hrl,multi,0,off,0,616,-3.621385327975716,254.0,0.7959455847740173,0.7325108051300049,1,0.0,0.5553933388235246,7,0,off,0,0,0.0,0.0,0.0,0.8235232495653076,0.8684946295887811,0.23153751970928751,0.7469250165847997,0.6285849740314007,0.4676234534164724,0.12106452886862384,0.0,0.5553933388235246,0.5553933388235246
hrl,multi,0,off,0,617,-3.922322147535148,263.0,0.7853599786758423,0.7576398253440857,1,0.0,0.520569333310643,7,0,off,0,0,0.0,0.0,0.0,0.9479695733888247,0.9514068204592127,0.7115739232117645,0.7468949948566753,0.6900286827176131,0.2731882853827407,-0.6770769468423298,0.0,0.520569333310643,0.520569333310643
hrl,multi,0,off,0,618,-2.802353668400309,226.0,0.790583074092865,0.7677785158157349,1,0.0,0.6861284826964179,7,0,off,0,0,0.0,0.0,0.0,0.9479695733888247,0.8271412561995577,0.8072639168195038,0.8383742163141206,0.7128055280931213,0.4589017355871369,0.21044315247266035,0.0,0.6861284826964179,0.6861284826964179
hrl,multi,0,off,0,619,-2.9751986577070673,231.0,0.7831825613975525,0.7271823883056641,1,0.0,0.6487540554021238,7,0,off,0,0,0.0,0.0,0.0,0.9135627918531419,0.9307698923672678,0.8097734925537161,0.8393033675358211,0.6242737275149083,0.41923072950048007,0.004364386489531469,0.0,0.6487540554021238,0.6487540554021238
hrl,multi,0,off,0,620,-3.382364580134148,245.0,0.783568799495697,0.7410153746604919,1,0.0,0.5852700439103583,7,0,off,0,0,0.0,0.0,0.0,0.8089274121670356,0.9589721298278469,0.7772639168195038,0.872695977961286,0.17619458769831237,0.5024465604451702,0.00038972245335375244,0.0,0.5852700439103583,0.5852700439103583
hrl,multi,0,off,0,621,-6.043420037987387,300.0,0.7622784376144409,0.4181448519229889,0,0.0,0.18503973654959022,7,0,off,0,0,0.0,0.0,0.0,0.9305234453537763,0.9644097631089089,-1.6684943781672443,0.7055169572431951,0.5459866821339512,0.43806640684880094,-0.6207307206742565,0.0,0.18503973654959022,0.18503973654959022
hrl,multi,0,off,0,622,-4.381861320465679,279.0,0.8228955864906311,0.7586999535560608,1,0.0,0.49606607860078394,7,0,off,0,0,0.0,0.0,0.0,0.7840302949737207,0.1254193321251446,0.7363191573241011,0.8879653177091473,0.6699985937598457,0.3904069642631719,-0.12167710994964409,0.0,0.49606607860078394,0.49606607860078394
hrl,multi,0,off,0,623,-6.117415965978949,300.0,0.7328384518623352,0.3360285758972168,0,0.0,0.10333560237863325,7,0,off,0,0,0.0,0.0,0.0,0.24220708071951144,0.9307698923672678,0.435641675541378,0.8059046178315906,0.32308513576403164,-2.4664004920379408,0.4521413064645941,0.0,0.10333560237863325,0.10333560237863325
hrl,multi,0,off,0,624,-5.410608265076008,300.0,0.8296178579330444,0.7647555470466614,0,0.0,0.3611250693733174,7,0,off,0,0,0.0,0.0,0.0,0.8772767914308542,0.9039743325155343,0.7444879435831293,0.7831283350833709,0.447959224122383,-1.2253916757802077,-0.0035594653418419483,0.0,0.3611250693733174,0.3611250693733174
hrl,multi,0,off,0,625,-4.06402260948437,268.0,0.8089121580123901,0.7368783354759216,1,0.0,0.5261817102524718,7,0,off,0,0,0.0,0.0,0.0,0.9621549301622716,0.6527912538203187,0.7339082057012462,0.6655919672720456,0.433291206877607,0.3633709925477374,-0.12783658461392433,0.0,0.5261817102524718,0.5261817102524718
hrl,multi,0,off,0,626,-3.232084829342771,240.0,0.7920826077461243,0.7232506275177002,1,0.0,0.6308648935951162,7,0,off,0,0,0.0,0.0,0.0,0.9261449976325766,0.9644097631089089,0.6638934400726515,0.7155032178817341,0.3733452274339328,0.5681928400598593,0.2045647689761504,0.0,0.6308648935951162,0.6308648935951162
hrl,multi,0,off,0,627,-4.205093934265305,273.0,0.8220662474632263,0.756041407585144,1,0.0,0.5183826899587581,7,0,off,0,0,0.0,0.0,0.0,0.8981821436001274,0.9419407055628234,0.7046336224611512,-0.012072019594764873,0.5710361625252404,0.2603199253334999,0.2646382898232297,0.0,0.5183826899587581,0.5183826899587581
hrl,multi,0,off,0,628,-2.9562547401012753,231.0,0.7927411794662476,0.754544198513031,1,0.0,0.6671556833144303,7,0,off,0,0,0.0,0.0,0.0,0.9561288512108524,0.82189644463147,0.6892670712747413,0.8330821140731841,0.6072620189033785,0.5247067539582406,0.23774652914914515,0.0,0.6671556833144303,0.6671556833144303
hrl,multi,0,off,0,629,-5.980734402541127,300.0,0.7778437733650208,0.48920661211013794,0,0.0,0.21360031387142867,7,0,off,0,0,0.0,0.0,0.0,0.8822666587672792,-2.2506414571511093,0.7686056201385241,0.8879653177091473,0.2704567118366106,0.4538912225021218,0.48265812329742686,0.0,0.21360031387142867,0.21360031387142867
hrl,multi,0,off,0,630,-2.9380990985839053,230.0,0.791486918926239,0.7410153746604919,1,0.0,0.6689513720703598,7,0,off,0,0,0.0,0.0,0.0,0.8843645472103198,0.9589721298278469,0.6519385019167159,0.7913268171220522,0.5855267964007594,0.42419094402097723,0.3863398679938469,0.0,0.6689513720703598,0.6689513720703598
hrl,multi,0,off,0,631,-3.1606767809227923,238.0,0.8054377436637878,0.7610456943511963,1,0.0,0.6538691503597683,7,0,off,0,0,0.0,0.0,0.0,0.9093266959054939,0.8886294709106541,0.7898932663219487,0.5426575276776403,0.5721873469779885,0.5145040385339334,0.3598857061907182,0.0,0.6538691503597683,0.6538691503597683
hrl,multi,0,off,0,632,-2.7951091527880547,225.0,0.7808637619018555,0.7232506275177002,1,0.0,0.6725331273096359,7,0,off,0,0,0.0,0.0,0.0,0.9479695733888247,0.9644097631089089,0.793908205701246,0.8564496156442981,0.6900286827176131,0.15100407240832725,0.3039619781982323,0.0,0.6725331273096359,0.6725331273096359
hrl,multi,0,off,0,633,-3.5337452048784876,250.0,0.7973195314407349,0.7368783354759216,1,0.0,0.585808899784721,7,0,off,0,0,0.0,0.0,0.0,0.9621549301622716,0.7322390408497083,0.7472639168195038,0.9021716368402182,0.03226406067183135,0.5110216877351814,0.21354702541433182,0.0,0.585808899784721,0.585808899784721
hrl,multi,0,off,0,634,-3.1293703973712215,236.0,0.7751685976982117,0.7271823883056641,1,0.0,0.6019564279327173,7,0,off,0,0,0.0,0.0,0.0,0.9135627918531419,0.8882152247705822,0.7770904959666906,0.9021716368402182,0.6468734402415977,0.17263481837657252,-0.08685341251978135,0.0,0.6019564279327173,0.6019564279327173
hrl,multi,0,off,0,635,-2.6448219938378235,220.0,0.7843551635742188,0.7410153746604919,1,0.0,0.7022742028928715,7,0,off,0,0,0.0,0.0,0.0,0.9123071873409768,0.9589721298278469,0.7598932663219486,0.8119534070180628,0.5734492973570068,0.5681928400598593,0.3311512923243992,0.0,0.7022742028928715,0.7022742028928715
hrl,multi,0,off,0,636,-5.519010231574799,300.0,0.799318790435791,0.5652209520339966,0,0.0,0.309663709627185,7,0,off,0,0,0.0,0.0,0.0,-0.7736363518471884,0.9307698923672678,0.7797734925537163,0.8879653177091473,0.5273286541020886,0.05377847096244282,-0.23833350845717993,0.0,0.309663709627185,0.309663709627185
hrl,multi,0,off,0,637,-3.5817594939982365,252.0,0.8129904866218567,0.7667514681816101,1,0.0,0.6018802297244703,7,0,off,0,0,0.0,0.0,0.0,0.9423071873409768,0.1515769009447373,0.7772639168195038,0.9021716368402182,0.6399985937598457,0.47918196059041973,0.3206614117755907,0.0,0.6018802297244703,0.6018802297244703
hrl,multi,0,off,0,638,-4.808989203335512,293.0,0.8323635458946228,0.741951048374176,1,0.0,0.4474607030961672,7,0,off,0,0,0.0,0.0,0.0,0.7674661036807423,-0.1350479354761142,0.6854493165298555,0.6696304806058138,0.487250281382131,0.336815263175151,0.3206614117755907,0.0,0.4474607030961672,0.4474607030961672
hrl,multi,0,off,0,639,-4.158201770996088,272.0,0.8265711069107056,0.7854447364807129,1,0.0,0.5319082569150758,7,0,off,0,0,0.0,0.0,0.0,0.9064970913620348,0.15268105246926375,0.7231611244297174,0.8213268171220522,0.6699985937598457,0.5110216877351814,-0.06132856847256524,0.0,0.5319082569150758,0.5319082569150758
hrl,multi,0,off,0,640,-5.5102081947907235,300.0,0.8096669912338257,0.5745865106582642,0,0.0,0.3267406285725305,7,0,off,0,0,0.0,0.0,0.0,-1.1624514400665995,0.8886294709106541,0.6738840672063799,0.6075320709594141,0.5703495237197802,0.4917588932745607,0.2174818140035239,0.0,0.3267406285725305,0.3267406285725305
hrl,multi,0,off,0,641,-2.8981198946607654,231.0,0.7913966774940491,0.7410153746604919,1,0.0,0.6610598353115886,7,0,off,0,0,0.0,0.0,0.0,0.921417008412383,0.9589721298278469,0.752821049832499,0.6684421265384657,0.6900286827176131,0.40400068290426205,0.2317371669480504,0.0,0.6610598353115886,0.6610598353115886
hrl,multi,0,off,0,642,-6.017033966002061,300.0,0.7260154485702515,0.47614729404449463,0,0.0,0.1407647394055576,7,0,off,0,0,0.0,0.0,0.0,0.8395560008913024,0.8233260666211519,0.7338840672063799,0.8253522307796881,0.5028332136117105,-3.154091910279289,0.4144935070079595,0.0,0.1407647394055576,0.1407647394055576
hrl,multi,0,off,0,643,-3.5616721252398387,251.0,0.7873431444168091,0.7592657804489136,1,0.0,0.5781579504677126,7,0,off,0,0,0.0,0.0,0.0,0.8752386272861506,0.9208870730019336,0.7472639168195039,0.7751056662315853,0.45228264466611123,0.04116211393407407,0.23516561133462943,0.0,0.5781579504677126,0.5781579504677126
hrl,multi,0,off,0,644,-2.7154810190631458,222.0,0.7860429883003235,0.7179409861564636,1,0.0,0.6979591599466523,7,0,off,0,0,0.0,0.0,0.0,0.9657776238312316,0.9180647595049319,0.823908205701246,0.8393033675358211,0.5419474089578822,0.5408336165736386,0.25587913752181446,0.0,0.6979591599466523,0.6979591599466523
hrl,multi,0,off,0,645,-3.943488193862126,265.0,0.8136399388313293,0.7933512330055237,1,0.0,0.5520904213038287,7,0,off,0,0,0.0,0.0,0.0,0.8036060047409603,0.8137303331914276,0.5882191938865401,0.5176076112428005,0.34296661794920424,0.44784177634027794,0.3506614117755906,0.0,0.5520904213038287,0.5520904213038287
hrl,multi,0,off,0,646,-2.8265686076041225,227.0,0.7984281182289124,0.7773157954216003,1,0.0,0.6882077922093272,7,0,off,0,0,0.0,0.0,0.0,0.9128524769150597,0.8449481377659158,0.7268421213607893,0.7679492652321891,0.6495089429482669,0.5681928400598593,0.3471607611832098,0.0,0.6882077922093272,0.6882077922093272
hrl,multi,0,off,0,647,-5.633513975517876,300.0,0.7709425687789917,0.4150973856449127,0,0.0,0.25377605133352155,7,0,off,0,0,0.0,0.0,0.0,-1.2518456864899243,0.9514068204592127,0.793908205701246,0.872695977961286,0.4362981748689463,-0.4604230688965614,0.4343919357304455,0.0,0.25377605133352155,0.25377605133352155
hrl,multi,0,off,0,648,-5.483138407289521,300.0,0.8167271018028259,0.621824324131012,0,0.0,0.3315392922374437,7,0,off,0,0,0.0,0.0,0.0,0.09758882376998726,0.8886294709106541,0.8397734925537161,0.8879653177091473,0.44905676588780097,-0.844272035057638,0.0020332098884384697,0.0,0.3315392922374437,0.3315392922374437
hrl,multi,0,off,0,649,-3.6187996512721106,253.0,0.8039449453353882,0.7368783354759216,1,0.0,0.584249575209182,7,0,off,0,0,0.0,0.0,0.0,0.9621549301622716,0.6070011255406597,0.6405577851318915,0.7309912043636342,0.5979342426245091,0.48778639946330765,0.0633213391779996,0.0,0.584249575209182,0.584249575209182
hrl,multi,0,off,0,650,-5.994791927575356,300.0,0.729026734828949,0.4279988408088684,0,0.0,0.12801480858261863,7,0,off,0,0,0.0,0.0,0.0,0.7906176155560958,0.9514068204592127,0.7687156456156795,0.706106061594594,0.4525679478903735,0.4261148018780452,-3.19942523291567,0.0,0.12801480858261863,0.12801480858261863
hrl,multi,0,off,0,651,-4.713507538040861,292.0,0.8288649916648865,0.7710239887237549,1,0.0,0.4427719184526935,7,0,off,0,0,0.0,0.0,0.0,0.9479695733888247,0.7759130553087791,-0.23642179719027068,0.7844609914878415,0.34380964768255046,0.300183094459783,0.18348886403134607,0.0,0.4427719184526935,0.4427719184526935
hrl,multi,0,off,0,652,-5.4529473515751326,300.0,0.7947770953178406,0.6975364089012146,0,0.0,0.31163811513420286,7,0,off,0,0,0.0,0.0,0.0,0.867954487530194,0.9258882599092879,0.7128053025090308,0.6936335621366652,-0.3846237538968955,-0.8682592626881283,0.2340682104392651,0.0,0.31163811513420286,0.31163811513420286
hrl,multi,0,off,0,653,-2.9058535791863576,229.0,0.783755362033844,0.7368783354759216,1,0.0,0.6538239639365745,7,0,off,0,0,0.0,0.0,0.0,0.9621549301622716,0.9307698923672678,0.714185045835533,0.81192512679876,0.42951460450147727,0.5452930462091005,0.18292510168161197,0.0,0.6538239639365745,0.6538239639365745
hrl,multi,0,off,0,654,-5.42325784981949,300.0,0.8131260275840759,0.7410153746604919,0,0.0,0.3382354782050005,7,0,off,0,0,0.0,0.0,0.0,0.8264631155681104,0.9589721298278469,-0.4868587076500768,0.7377168931388076,0.5801206883507197,0.042652361702459084,-0.29141813350286344,0.0,0.3382354782050005,0.3382354782050005
hrl,multi,0,off,0,655,-3.842215928359643,260.0,0.7792186141014099,0.7232506275177002,1,0.0,0.5146666174560046,7,0,off,0,0,0.0,0.0,0.0,0.937908446127668,0.9644097631089089,0.8397734925537161,0.8134613224568329,-0.31423877842493386,0.390396130594726,-0.029044054224885874,0.0,0.5146666174560046,0.5146666174560046
hrl,multi,0,off,0,656,-2.81340331525541,226.0,0.7903261780738831,0.7677785158157349,1,0.0,0.688301351112697,7,0,off,0,0,0.0,0.0,0.0,0.9479695733888247,0.9307698923672678,0.8072639168195038,0.7493552074929678,0.6879037282417271,0.4656304536543822,0.2292166858242045,0.0,0.688301351112697,0.688301351112697
hrl,multi,0,off,0,657,-5.6572314431188735,300.0,0.7694821357727051,0.4048523008823395,0,0.0,0.23996197867210098,7,0,off,0,0,0.0,0.0,0.0,0.9327390829823229,0.9258882599092879,0.7001762868633897,0.8393033675358211,-2.477334949098695,0.391665491997121,0.36729631051545913,0.0,0.23996197867210098,0.23996197867210098
hrl,multi,0,off,0,658,-3.2821656984591274,242.0,0.7942128777503967,0.7677785158157349,1,0.0,0.6223637931194385,7,0,off,0,0,0.0,0.0,0.0,0.9261449976325766,0.9307698923672678,0.8072639168195038,0.872695977961286,0.495561420662863,0.007264533501017134,0.31684581289155483,0.0,0.6223637931194385,0.6223637931194385
hrl,multi,0,off,0,659,-3.1214381216338234,236.0,0.7904261350631714,0.728559136390686,1,0.0,0.6405770902239,7,0,off,0,0,0.0,0.0,0.0,0.8368291648396071,0.8882152247705822,0.6840432955826626,0.7422905858581414,0.6264084200554543,0.5681928400598593,0.13806010040099254,0.0,0.6405770902239,0.6405770902239
hrl,multi,0,off,0,660,-3.9924760682461633,266.0,0.8253850936889648,0.7576594352722168,1,0.0,0.5605815383692587,7,0,off,0,0,0.0,0.0,0.0,0.6214525519193335,0.8721458150564326,0.823908205701246,0.5869875007256111,0.5985475127630527,0.4209484100892523,8.07723298824059e-05,0.0,0.5605815383692587,0.5605815383692587
hrl,multi,0,off,0,661,-4.182073307813833,272.0,0.8146928548812866,0.7576398253440857,1,0.0,0.5138002641218364,7,0,off,0,0,0.0,0.0,0.0,0.8981821436001274,0.9514068204592127,0.793908205701246,0.04944775363473204,0.3609494715905873,0.18257804378361042,0.3601294100833396,0.0,0.5138002641218364,0.5138002641218364
hrl,multi,0,off,0,662,-3.3446288533310757,243.0,0.774062991142273,0.7125098705291748,1,0.0,0.5891427818058259,7,0,off,0,0,0.0,0.0,0.0,0.8979886205492638,0.9589721298278469,0.7092708929159047,0.6120154726882276,0.5060042890534142,0.5681928400598593,-0.12844477245373462,0.0,0.5891427818058259,0.5891427818058259
hrl,multi,0,off,0,663,-2.6100303010095303,221.0,0.7854561805725098,0.7484771609306335,1,0.0,0.6911858742191159,7,0,off,0,0,0.0,0.0,0.0,0.8955386473001421,0.9514068204592127,0.8072639168195038,0.8047461941775828,0.5040657993303016,0.518200114393027,0.3570796270540425,0.0,0.6911858742191159,0.6911858742191159
hrl,multi,0,off,0,664,-5.476526086558084,300.0,0.8247982859611511,0.6441851258277893,0,0.0,0.34694252905506534,7,0,off,0,0,0.0,0.0,0.0,-0.5665060894294706,0.39847449518530786,0.684050254141779,0.9021716368402182,0.6195089429482669,0.03501362968864541,0.35588483401071097,0.0,0.34694252905506534,0.34694252905506534
hrl,multi,0,off,0,665,-3.9906986545398704,268.0,0.8200073838233948,0.74996417760849,1,0.0,0.544094150977753,7,0,off,0,0,0.0,0.0,0.0,0.9499134141650842,0.7322390408497083,0.478724076149304,0.7872368747971885,0.4758067178956485,0.4234902335651848,-0.038751300577846814,0.0,0.544094150977753,0.544094150977753
hrl,multi,0,off,0,666,-4.66713567521423,288.0,0.8289925456047058,0.7774750590324402,1,0.0,0.46562174802745526,7,0,off,0,0,0.0,0.0,0.0,0.9040826332833801,0.9039743325155343,0.7298932663219486,-0.5854170040010024,0.5672545478828079,0.5681928400598593,0.17137162012965945,0.0,0.46562174802745526,0.46562174802745526
hrl,multi,0,off,0,667,-2.666923616437698,221.0,0.7845845222473145,0.754544198513031,1,0.0,0.701646690783287,7,0,off,0,0,0.0,0.0,0.0,0.9561288512108524,0.8803149328759817,0.7261712296320474,0.8879653177091473,0.6600286827176131,0.5108336165736386,0.2900842047637284,0.0,0.701646690783287,0.701646690783287
hrl,multi,0,off,0,668,-3.1538344961264984,237.0,0.7838554382324219,0.7368783354759216,1,0.0,0.6289355858785793,7,0,off,0,0,0.0,0.0,0.0,0.9621549301622716,0.8913071607851472,0.7530230579769841,0.7781085365400178,0.6600286827176131,0.44711305786154243,-0.08918632489352085,0.0,0.6289355858785793,0.6289355858785793
hrl,multi,0,off,0,669,-5.724155006921144,300.0,0.7584094405174255,0.33041301369667053,0,0.0,0.22478679997261883,7,0,off,0,0,0.0,0.0,0.0,0.9274361270799607,-1.2610262689035272,0.6698932663219488,0.7039937146831857,0.2696952022648082,0.21183305745584322,0.0516825009061125,0.0,0.22478679997261883,0.22478679997261883
hrl,multi,0,off,0,670,-5.446135381225031,300.0,0.8053658604621887,0.7204720973968506,0,0.0,0.3186425985120507,7,0,off,0,0,0.0,0.0,0.0,0.9561288512108524,0.9514068204592127,-1.688154620678215,0.7872368747971885,0.528346684379662,0.5235983678243682,0.17193521159128597,0.0,0.3186425985120507,0.3186425985120507
hrl,multi,0,off,0,671,-5.629582099401884,300.0,0.7694355845451355,0.4330030381679535,0,0.0,0.26164499211301834,7,0,off,0,0,0.0,0.0,0.0,0.8815983942740867,0.9514068204592127,-1.5445975397068066,0.5566741984611168,-0.019188742906535647,0.5381928400598592,0.46742897415019535,0.0,0.26164499211301834,0.26164499211301834
hrl,multi,0,off,0,672,-5.412475900957362,300.0,0.8218182921409607,0.7677785158157349,0,0.0,0.34949715907724416,7,0,off,0,0,0.0,0.0,0.0,0.809230421982537,0.627643806560691,0.7772639168195038,0.872695977961286,-0.7534197078586082,0.5091819605904198,-0.3961162625151203,0.0,0.34949715907724416,0.34949715907724416
hrl,multi,0,off,0,673,-3.725267574298181,257.0,0.7980675101280212,0.7677785158157349,1,0.0,0.5632245007839478,7,0,off,0,0,0.0,0.0,0.0,0.907908446127668,0.7799657150575661,0.7772639168195038,0.9021716368402182,0.07384068921565642,0.4788090062549568,0.022612095172065257,0.0,0.5632245007839478,0.5632245007839478
hrl,multi,0,off,0,674,-5.829448575777316,300.0,0.8124539256095886,0.7515468597412109,0,0.0,0.27683781960070414,7,0,off,0,0,0.0,0.0,0.0,-0.6255031340058781,0.9307698923672678,0.696852490350604,0.7794197667267649,0.2824536924352966,0.2290072544645406,-0.3551352251336668,0.0,0.27683781960070414,0.27683781960070414
hrl,multi,0,off,0,675,-5.616675164354089,300.0,0.7927803993225098,0.4356020390987396,0,0.0,0.2896072400684255,7,0,off,0,0,0.0,0.0,0.0,0.9261449976325766,0.7791894454291344,0.771844323473942,0.872695977961286,0.4718217117501705,-0.6407508152426924,-1.1536949605254387,0.0,0.2896072400684255,0.2896072400684255
hrl,multi,0,off,0,676,-3.6814096703310337,255.0,0.7949511408805847,0.7576398253440857,1,0.0,0.5664852889763772,7,0,off,0,0,0.0,0.0,0.0,0.8376082554596262,0.9514068204592127,0.793908205701246,0.62979451241899,0.5949667199385008,0.09446148629698381,0.06325102256008112,0.0,0.5664852889763772,0.5664852889763772
hrl,multi,0,off,0,677,-3.9522307546026303,264.0,0.8175461888313293,0.7368783354759216,1,0.0,0.5518395548431146,7,0,off,0,0,0.0,0.0,0.0,0.9621549301622716,0.007951473989606085,0.7898932663219487,0.8393033675358211,0.6300286827176131,0.48504419860850023,0.14850096456604242,0.0,0.5518395548431146,0.5518395548431146
hrl,multi,0,off,0,678,-3.101060116292199,236.0,0.8028994798660278,0.7768579721450806,1,0.0,0.6555863118242756,7,0,off,0,0,0.0,0.0,0.0,0.8340151015449149,0.8721458150564326,0.7898932663219487,0.7839808802666508,0.4773860200692107,0.4810216877351814,0.3506614117755906,0.0,0.6555863118242756,0.6555863118242756
hrl,multi,0,off,0,679,-4.881491668824746,296.0,0.83030766248703,0.781481921672821,1,0.0,0.43270496825501564,7,0,off,0,0,0.0,0.0,0.0,0.8322197433475976,0.8998495788166663,-0.8374270409542206,0.872695977961286,0.3894802413527605,0.5466280997261449,0.325488177534875,0.0,0.43270496825501564,0.43270496825501564
hrl,multi,0,off,0,680,-5.523933064271393,300.0,0.806365966796875,0.5800305008888245,0,0.0,0.31146261917615387,7,0,off,0,0,0.0,0.0,0.0,-1.0720829913979977,0.8336417275268092,0.38287458274554315,0.8426959779612859,0.4229359501462557,0.5001329179753027,0.2700401692758778,0.0,0.31146261917615387,0.31146261917615387
hrl,multi,0,off,0,681,-3.199215683892824,239.0,0.7836573719978333,0.7576398253440857,1,0.0,0.6212133753870512,7,0,off,0,0,0.0,0.0,0.0,0.9423071873409768,0.9514068204592127,0.823908205701246,0.8879653177091473,0.5581299634798215,-0.025643768324269012,0.21041990134322305,0.0,0.6212133753870512,0.6212133753870512
hrl,multi,0,off,0,682,-3.6849559376714556,255.0,0.7818049788475037,0.74996417760849,1,0.0,0.5515873355986447,7,0,off,0,0,0.0,0.0,0.0,0.9499134141650842,0.9419407055628234,0.7195992803954838,0.6964718638058853,0.16711932073730731,0.5466280997261449,-0.1605613352022158,0.0,0.5515873355986447,0.5515873355986447
hrl,multi,0,off,0,683,-2.877264566979128,228.0,0.7794994115829468,0.7410153746604919,1,0.0,0.6617696671680574,7,0,off,0,0,0.0,0.0,0.0,0.9561288512108524,0.9589721298278469,0.793908205701246,0.872695977961286,0.2114185193134915,0.5681928400598593,0.27107114610182026,0.0,0.6617696671680574,0.6617696671680574
hrl,multi,0,off,0,684,-3.765328922428873,258.0,0.7893990874290466,0.7321687340736389,1,0.0,0.545081808251885,7,0,off,0,0,0.0,0.0,0.0,0.937908446127668,0.8327632237846582,0.793908205701246,0.8370832078806322,0.5940466122522415,0.33758386546118124,-0.5177209034444308,0.0,0.545081808251885,0.545081808251885
hrl,multi,0,off,0,685,-5.6561293323266,300.0,0.7550140023231506,0.3510214686393738,0,0.0,0.21586019166102904,7,0,off,0,0,0.0,0.0,0.0,0.9008128120100114,0.8369617776750276,0.7231611244297174,-2.1155111325509357,0.515308513879687,0.33713210018664813,0.3131561459970475,0.0,0.21586019166102904,0.21586019166102904
hrl,multi,0,off,0,686,-3.6208447789517075,253.0,0.8101899027824402,0.7470993995666504,1,0.0,0.592008468717566,7,0,off,0,0,0.0,0.0,0.0,0.8128060292693856,0.9514068204592127,0.8397734925537161,0.2638496200052623,0.5549636890296119,0.4539876081886615,0.2672720215171115,0.0,0.592008468717566,0.592008468717566
hrl,multi,0,off,0,687,-3.9611515743716037,265.0,0.8286142945289612,0.7731971144676208,1,0.0,0.5656974966252875,7,0,off,0,0,0.0,0.0,0.0,0.8531404921177517,0.9419407055628234,0.28260271496547246,0.5567324273013571,0.6524634937037737,0.4678570050612337,0.20514563766460017,0.0,0.5656974966252875,0.5656974966252875
hrl,multi,0,off,0,688,-3.5125851960142462,249.0,0.7853243947029114,0.7470993995666504,1,0.0,0.5819150086145257,7,0,off,0,0,0.0,0.0,0.0,0.9219934881339341,0.9514068204592127,0.8397734925537161,0.7867299644942505,0.45171026203651343,0.24482131727600911,-0.12303028465195559,0.0,0.5819150086145257,0.5819150086145257
hrl,multi,0,off,0,689,-3.7673127389314907,258.0,0.8051907420158386,0.7564326524734497,1,0.0,0.5685768260233235,7,0,off,0,0,0.0,0.0,0.0,0.8537759606944788,0.5996738656785305,0.6750863620324214,0.7171800055853971,0.5986578140984368,0.4885073428263764,0.04715643124762303,0.0,0.5685768260233235,0.5685768260233235
hrl,multi,0,off,0,690,-2.9897888192813746,232.0,0.7827968001365662,0.74996417760849,1,0.0,0.6477146226045413,7,0,off,0,0,0.0,0.0,0.0,0.9499134141650842,0.9307698923672678,0.793908205701246,0.7943550462176201,0.5363535270167595,0.5681928400598593,-0.039490567296048384,0.0,0.6477146226045413,0.6477146226045413
hrl,multi,0,off,0,691,-2.8349824533762793,227.0,0.7873976826667786,0.7576594352722168,1,0.0,0.6786507743990102,7,0,off,0,0,0.0,0.0,0.0,0.936494231472811,0.9419407055628234,0.823908205701246,0.6569458729058582,0.625125949605975,0.47787456061160716,0.2882658949327512,0.0,0.6786507743990102,0.6786507743990102
hrl,multi,0,off,0,692,-3.6813152760732786,255.0,0.791528046131134,0.74996417760849,1,0.0,0.5668567533710481,7,0,off,0,0,0.0,0.0,0.0,0.9499134141650842,0.8956284349832182,0.6378886234967351,0.7325228309435258,0.540028682717613,0.45432667931254306,-0.24231139202138274,0.0,0.5668567533710481,0.5668567533710481
hrl,multi,0,off,0,693,-5.741283694651431,300.0,0.7524609565734863,0.3227502703666687,0,0.0,0.21369445638755374,7,0,off,0,0,0.0,0.0,0.0,0.9423071873409768,0.8007449139574052,-2.1112246019403584,0.8011661695533776,0.5053708785997642,0.2575342866237475,0.29996236057796316,0.0,0.21369445638755374,0.21369445638755374
hrl,multi,0,off,0,694,-3.2164014453126466,240.0,0.7930975556373596,0.7576594352722168,1,0.0,0.6301720204718678,7,0,off,0,0,0.0,0.0,0.0,0.9165698364952612,0.9039743325155343,0.793908205701246,0.8410494403260589,0.5063048073967098,0.30425363012907575,0.1451438907391889,0.0,0.6301720204718678,0.6301720204718678
hrl,multi,0,off,0,695,-4.957072479700435,298.0,0.8156701326370239,0.7610917091369629,1,0.0,0.4052757031217658,7,0,off,0,0,0.0,0.0,0.0,0.9064970913620348,0.8682762588736015,0.6806564301821384,-0.8382167884649968,0.5246704413643326,0.3920294711167971,0.3030170174184533,0.0,0.4052757031217658,0.4052757031217658
hrl,multi,0,off,0,696,-2.732584396019799,223.0,0.7778149843215942,0.7303928732872009,1,0.0,0.6764439531029421,7,0,off,0,0,0.0,0.0,0.0,0.8968450332148424,0.9419407055628234,0.7727789286188825,0.7787144425246937,0.5979677682044107,0.44711305786154243,0.29974773573340086,0.0,0.6764439531029421,0.6764439531029421
hrl,multi,0,off,0,697,-4.6403019313840135,287.0,0.8242254257202148,0.7613554000854492,1,0.0,0.45770625093935957,7,0,off,0,0,0.0,0.0,0.0,0.937908446127668,0.7734955973477067,0.7913742937987122,0.7769708252592054,0.5869099151115084,-0.6212963757855989,-0.041418945283684894,0.0,0.45770625093935957,0.45770625093935957
hrl,multi,0,off,0,698,-3.204491787706488,240.0,0.7990604043006897,0.7781203985214233,1,0.0,0.6256592191829485,7,0,off,0,0,0.0,0.0,0.0,0.9261449976325766,0.9307698923672678,0.7268421213607894,0.8375481335702176,0.5509307173842445,0.4749143326113445,-0.06753566064580052,0.0,0.6256592191829485,0.6256592191829485
hrl,multi,0,off,0,699,-3.2672541797230834,241.0,0.7888653874397278,0.754544198513031,1,0.0,0.6142899766141285,7,0,off,0,0,0.0,0.0,0.0,0.9561288512108524,0.8803384310917913,0.7568421213607893,0.6534863458271617,0.5367287711532385,0.4876279737058031,0.028877341949263835,0.0,0.6142899766141285,0.6142899766141285
hrl,multi,0,off,0,700,-2.778958514588876,225.0,0.7836920022964478,0.7452986240386963,1,0.0,0.680527228874839,7,0,off,0,0,0.0,0.0,0.0,0.9435274930068701,0.9514068204592127,0.8072639168195038,0.7490355934343849,0.6268410363163942,0.4507752679235505,0.2348404741639574,0.0,0.680527228874839,0.680527228874839
hrl,multi,0,off,0,701,-2.986169285607747,231.0,0.7790327072143555,0.7179409861564636,1,0.0,0.6491863968506649,7,0,off,0,0,0.0,0.0,0.0,0.9657776238312316,0.9514068204592127,0.7181117249901559,0.8176170917925332,0.6600286827176131,0.21771365740292692,0.2136491767609822,0.0,0.6491863968506649,0.6491863968506649
hrl,multi,0,off,0,702,-5.6989998159006126,300.0,0.7825270891189575,0.34927424788475037,0,0.0,0.2566607226918845,7,0,off,0,0,0.0,0.0,0.0,0.5127403496143452,-0.962665991504437,0.823908205701246,0.8579653177091473,0.48296537232562575,-0.23521072795648856,0.31692253295375267,0.0,0.2566607226918845,0.2566607226918845
hrl,multi,0,off,0,703,-4.960220306292103,300.0,0.820488452911377,0.7547025680541992,1,0.0,0.39649925356813603,7,0,off,0,0,0.0,0.0,0.0,0.834513251636439,-0.7849397602342416,0.7086955302936395,0.872695977961286,0.5905658494995903,0.2702889437176921,0.2836749821025466,0.0,0.39649925356813603,0.39649925356813603
hrl,multi,0,off,0,704,-2.7800591934588645,225.0,0.7885737419128418,0.7576594352722168,1,0.0,0.6900593642985512,7,0,off,0,0,0.0,0.0,0.0,0.9479695733888247,0.9258735828376117,0.823908205701246,0.872695977961286,0.6113902871348256,0.3893205500833093,0.25925737298275575,0.0,0.6900593642985512,0.6900593642985512
hrl,multi,0,off,0,705,-3.7355983392678747,257.0,0.8045344352722168,0.7466294169425964,1,0.0,0.568760844557873,7,0,off,0,0,0.0,0.0,0.0,0.9479695733888247,0.9103000608338553,0.8072639168195038,0.05315828388109024,0.62731418523169,0.39370823664282084,0.2416116551073262,0.0,0.568760844557873,0.568760844557873
hrl,multi,0,off,0,706,-2.69891500319586,222.0,0.7893131375312805,0.7410153746604919,1,0.0,0.7000604025879241,7,0,off,0,0,0.0,0.0,0.0,0.9261449976325766,0.9589721298278469,0.757778307948401,0.8213268171220522,0.6582599897913322,0.5681928400598593,0.20974773573340094,0.0,0.7000604025879241,0.7000604025879241
hrl,multi,0,off,0,707,-3.53503347400225,251.0,0.8161770105361938,0.7774750590324402,1,0.0,0.6119940623929734,7,0,off,0,0,0.0,0.0,0.0,0.9165698364952612,0.7322390408497083,0.7298932663219486,0.7678818577760527,0.4954113444213845,0.5681928400598593,0.073770250826598,0.0,0.6119940623929734,0.6119940623929734
hrl,multi,0,off,0,708,-2.9335953286115406,232.0,0.7920768857002258,0.7481808066368103,1,0.0,0.6591736185819481,7,0,off,0,0,0.0,0.0,0.0,0.882389295424424,0.8385629526194169,0.7386955302936395,0.8393033675358211,0.6285849740314007,0.4236156990102798,0.2630635111586549,0.0,0.6591736185819481,0.6591736185819481
hrl,multi,0,off,0,709,-3.661653343208582,254.0,0.8016549348831177,0.7093176245689392,1,0.0,0.5726914319042521,7,0,off,0,0,0.0,0.0,0.0,0.9093856182822321,0.5613392040881713,0.8397734925537161,0.8428251520539918,0.2088440169990978,0.44064333923020677,0.2060292001223488,0.0,0.5726914319042521,0.5726914319042521
hrl,multi,0,off,0,710,-3.583520188647653,252.0,0.8116427659988403,0.7420971393585205,1,0.0,0.596078457129028,7,0,off,0,0,0.0,0.0,0.0,0.19275876790704777,0.9514068204592127,0.7751904982268888,0.8564496156442981,0.6215558624874868,0.5681928400598593,0.2069947951184015,0.0,0.596078457129028,0.596078457129028
hrl,multi,0,off,0,711,-3.8607672479189796,261.0,0.8154281377792358,0.7303928732872009,1,0.0,0.5631841198395846,7,0,off,0,0,0.0,0.0,0.0,0.8968450332148424,0.12486200099404789,0.7338840672063799,0.8197493174267331,0.6399985937598457,0.5176701210543267,0.20927970522091627,0.0,0.5631841198395846,0.5631841198395846
hrl,multi,0,off,0,712,-4.080880147885746,268.0,0.8054642677307129,0.7179409861564636,1,0.0,0.518628939072022,7,0,off,0,0,0.0,0.0,0.0,0.9657776238312316,0.9258882599092879,0.15194572539532586,0.5870674549794578,0.5815027115150292,0.4528065929804398,-0.03458579510661808,0.0,0.518628939072022,0.518628939072022
hrl,multi,0,off,0,713,-3.1018034924310465,237.0,0.775022566318512,0.7345670461654663,1,0.0,0.6178544613142197,7,0,off,0,0,0.0,0.0,0.0,0.84630368814788,0.9127315299469424,0.823908205701246,0.9021716368402182,0.5991408068265793,0.33992335106705546,-0.09919798933038299,0.0,0.6178544613142197,0.6178544613142197
hrl,multi,0,off,0,714,-2.9124345094012,229.0,0.7789291739463806,0.7324094772338867,1,0.0,0.6558107899989993,7,0,off,0,0,0.0,0.0,0.0,0.9499134141650842,0.9124296981466014,0.8097734925537161,0.7876858190916765,0.40079004363024695,0.33995365232233116,0.39012941008333957,0.0,0.6558107899989993,0.6558107899989993
hrl,multi,0,off,0,715,-2.834883837753431,227.0,0.7924060225486755,0.7602240443229675,1,0.0,0.6769568086399752,7,0,off,0,0,0.0,0.0,0.0,0.9423071873409768,0.9180647595049319,0.6422687846108459,0.8564496156442981,0.5143424895076345,0.5681928400598593,0.29707198381127947,0.0,0.6769568086399752,0.6769568086399752
hrl,multi,0,off,0,716,-2.8051314124266984,226.0,0.7870761752128601,0.7579656839370728,1,0.0,0.6801708071686471,7,0,off,0,0,0.0,0.0,0.0,0.9305234453537763,0.9419407055628234,0.8072639168195038,0.872695977961286,0.6399985937598457,0.38865901851531115,0.18011399220798252,0.0,0.6801708071686471,0.6801708071686471
hrl,multi,0,off,0,717,-4.039905063582687,269.0,0.8099495768547058,0.7470993995666504,1,0.0,0.5145467626920962,7,0,off,0,0,0.0,0.0,0.0,0.9305234453537763,0.1201879688143388,0.8397734925537161,0.8325586385866348,0.4352011233129124,0.5681928400598593,-0.1246101698365639,0.0,0.5145467626920962,0.5145467626920962
hrl,multi,0,off,0,718,-4.13875084551952,271.0,0.8189910650253296,0.7691637873649597,1,0.0,0.5210289343971294,7,0,off,0,0,0.0,0.0,0.0,-0.16599478484080193,0.93633936662115,0.7315559348520908,0.872695977961286,0.5300810957642648,0.5081928400598592,0.23433211036205698,0.0,0.5210289343971294,0.5210289343971294
hrl,multi,0,off,0,719,-5.748318510988613,300.0,0.7449156641960144,0.31518101692199707,0,0.0,0.20558330569404168,7,0,off,0,0,0.0,0.0,0.0,0.9128524769150597,0.9644097631089089,0.4599574261414148,0.8393033675358211,0.6495089429482669,-2.6855798500273997,0.2986310132362199,0.0,0.20558330569404168,0.20558330569404168
hrl,multi,0,off,0,720,-2.6006449323368654,219.0,0.7870203256607056,0.7470993995666504,1,0.0,0.7090183260453017,7,0,off,0,0,0.0,0.0,0.0,0.9499134141650842,0.8835688258047028,0.8097734925537161,0.8564496156442981,0.6331389918017943,0.5416808840169218,0.2886030583305945,0.0,0.7090183260453017,0.7090183260453017
hrl,multi,0,off,0,721,-2.9085088092542626,230.0,0.776672899723053,0.7292497158050537,1,0.0,0.6445031451002935,7,0,off,0,0,0.0,0.0,0.0,0.8842727319108996,0.9164677565341458,0.823908205701246,0.8410494403260589,0.3881531783048423,0.5078745606116072,0.14979614231325358,0.0,0.6445031451002935,0.6445031451002935
hrl,multi,0,off,0,722,-3.1091844982362704,236.0,0.7896270751953125,0.7470993995666504,1,0.0,0.6383970047543202,7,0,off,0,0,0.0,0.0,0.0,0.9561288512108524,0.9180647595049319,0.7797734925537162,0.872695977961286,0.5533616222398502,0.2998765239562325,0.08887780585337185,0.0,0.6383970047543202,0.6383970047543202
hrl,multi,0,off,0,723,-5.405679123634397,300.0,0.816648542881012,0.7576594352722168,0,0.0,0.3363084231703521,7,0,off,0,0,0.0,0.0,0.0,0.9327390829823229,-0.5464077495022505,0.823908205701246,0.9021716368402182,0.10473071874364526,0.42992535713168645,-0.29290828970440347,0.0,0.3363084231703521,0.3363084231703521
hrl,multi,0,off,0,724,-2.990192871339372,232.0,0.7861573100090027,0.7438072562217712,1,0.0,0.6523799766610017,7,0,off,0,0,0.0,0.0,0.0,0.937908446127668,0.9307698923672678,0.7765197392687102,0.8176799185493744,0.49971387942256285,0.48637290743798267,0.11769505345344525,0.0,0.6523799766610017,0.6523799766610017
hrl,multi,0,off,0,725,-5.458994749234997,300.0,0.7777578234672546,0.6973738670349121,0,0.0,0.2911321027531014,7,0,off,0,0,0.0,0.0,0.0,0.9621549301622716,0.8614580747204122,0.7325201019739784,0.5534446744258489,0.6444299990473008,0.05404782274283859,-1.7701308838009406,0.0,0.2911321027531014,0.2911321027531014
hrl,multi,0,off,0,726,-3.1912817376828637,239.0,0.79713374376297,0.7636753916740417,1,0.0,0.6373352180191552,7,0,off,0,0,0.0,0.0,0.0,0.8811443561089348,0.9180647595049319,0.7494204944864364,0.7712110402448993,0.5108537457189755,0.4536159935673951,0.17703613650251313,0.0,0.6373352180191552,0.6373352180191552
hrl,multi,0,off,0,727,-4.113836048298679,271.0,0.8125834465026855,0.748052179813385,1,0.0,0.5124944529422021,7,0,off,0,0,0.0,0.0,0.0,0.8237241924850747,0.20560131227913792,0.823908205701246,0.8879653177091473,0.5639730640215641,0.3049736802107716,-0.022684601811527066,0.0,0.5124944529422021,0.5124944529422021
hrl,multi,0,off,0,728,-6.153500683480538,300.0,0.6939376592636108,0.32751503586769104,0,0.0,0.05985205986135981,7,0,off,0,0,0.0,0.0,0.0,0.9115983942740867,0.8682762588736015,0.7791002827371811,-3.423829795974136,0.26809847515229296,0.5681928400598593,0.4475279639066331,0.0,0.05985205986135981,0.05985205986135981
hrl,multi,0,off,0,729,-5.676053073693764,300.0,0.771158754825592,0.3844514787197113,0,0.0,0.2433463571081403,7,0,off,0,0,0.0,0.0,0.0,0.9423071873409768,-0.6028816201942642,0.823908205701246,0.8393033675358211,0.31371902444312666,-0.9768077783161554,0.3638761132462314,0.0,0.2433463571081403,0.2433463571081403
hrl,multi,0,off,0,730,-6.079646490249079,300.0,0.7222119569778442,0.3899827003479004,0,0.0,0.11619863909368362,7,0,off,0,0,0.0,0.0,0.0,0.9621549301622716,0.9180647595049319,-2.977731557379934,0.7516558730291105,0.5203679835838692,0.39585255851664347,0.24302592623889266,0.0,0.11619863909368362,0.11619863909368362
hrl,multi,0,off,0,731,-3.2158763444761114,241.0,0.7832337021827698,0.7459841966629028,1,0.0,0.6019014909609146,7,0,off,0,0,0.0,0.0,0.0,0.881543374943622,0.8211941868744772,0.7913742937987122,0.872695977961286,0.538592236851537,0.24658637387382643,0.06132399242294152,0.0,0.6019014909609146,0.6019014909609146
hrl,multi,0,off,0,732,-5.367959071795486,300.0,0.8137845396995544,0.754544198513031,0,0.0,0.33077463396953954,7,0,off,0,0,0.0,0.0,0.0,0.9561288512108524,-1.0229667970420189,0.7898932663219487,0.9021716368402182,0.4643129966733768,0.5681928400598593,-0.3423103562774593,0.0,0.33077463396953954,0.33077463396953954
hrl,multi,0,off,0,733,-5.6412705117854784,300.0,0.7637194395065308,0.3595910370349884,0,0.0,0.22821735510781732,7,0,off,0,0,0.0,0.0,0.0,0.8818756274118427,-0.6962513741074507,0.823908205701246,0.8226082138506825,0.5087534406587411,-1.0475788219272875,0.30420619416694683,0.0,0.22821735510781732,0.22821735510781732
hrl,multi,0,off,0,734,-2.9422267621441174,230.0,0.7793733477592468,0.7368783354759216,1,0.0,0.6530574148049128,7,0,off,0,0,0.0,0.0,0.0,0.9621549301622716,0.9589721298278469,0.8072639168195038,0.7986406616071757,0.41681751533208833,0.27373163277122303,0.3538211171142807,0.0,0.6530574148049128,0.6530574148049128
hrl,multi,0,off,0,735,-5.609035974218562,300.0,0.7638382315635681,0.4627038240432739,0,0.0,0.24522690308052766,7,0,off,0,0,0.0,0.0,0.0,0.937908446127668,0.4065454363243274,0.7928637097883378,0.8524857861221227,0.630028682717613,-1.9157967662025617,0.01255302668618662,0.0,0.24522690308052766,0.24522690308052766
hrl,multi,0,off,0,736,-6.126755276086995,300.0,0.7575511336326599,0.297050803899765,0,0.0,0.14228978063789807,7,0,off,0,0,0.0,0.0,0.0,0.7996955464515729,-0.28179364090026193,-1.396405324940292,0.8879653177091473,0.628227042755526,0.21000000000000002,0.14833952338959414,0.0,0.14228978063789807,0.14228978063789807
hrl,multi,0,off,0,737,-3.270766474639519,241.0,0.8019753098487854,0.7179409861564636,1,0.0,0.6283671228952326,7,0,off,0,0,0.0,0.0,0.0,0.9657776238312316,0.4789874137753611,0.6806564301821384,0.8011661695533776,0.6005640219249736,0.5139360817201533,0.3574821192793923,0.0,0.6283671228952326,0.6283671228952326
hrl,multi,0,off,0,738,-2.4545909233961667,214.0,0.7796677947044373,0.7470993995666504,1,0.0,0.7179368849001443,7,0,off,0,0,0.0,0.0,0.0,0.9561288512108524,0.8921926530266459,0.8397734925537161,0.8879653177091473,0.6099985937598458,0.5681928400598593,0.271306445980943,0.0,0.7179368849001443,0.7179368849001443
hrl,multi,0,off,0,739,-3.049030592485785,236.0,0.7945043444633484,0.7410153746604919,1,0.0,0.6430439140400798,7,0,off,0,0,0.0,0.0,0.0,0.937908446127668,0.9589721298278469,0.7898932663219487,0.7480477102242993,0.4953859629056866,0.48434950475172156,0.08675037812138825,0.0,0.6430439140400798,0.6430439140400798
hrl,multi,0,off,0,740,-3.194370912765137,239.0,0.7986001372337341,0.7586999535560608,1,0.0,0.6338925212355923,7,0,off,0,0,0.0,0.0,0.0,0.8598714469252626,0.8503414889831931,0.7363191573241011,0.6412733072297808,0.6280045710688991,0.4847590037950661,0.23667867332284312,0.0,0.6338925212355923,0.6338925212355923
hrl,multi,0,off,0,741,-5.408250891377976,300.0,0.8266817331314087,0.7220889925956726,0,0.0,0.34634425993586687,7,0,off,0,0,0.0,0.0,0.0,0.9561288512108524,-0.6951349948627368,0.31697676477219405,0.872695977961286,0.6813386266583563,0.25639172249654496,0.03601287131457095,0.0,0.34634425993586687,0.34634425993586687
hrl,multi,0,off,0,742,-2.6834519433975137,221.0,0.7725480198860168,0.7179409861564636,1,0.0,0.6790258383719074,7,0,off,0,0,0.0,0.0,0.0,0.9657776238312316,0.9514068204592127,0.7171215181943713,0.9021716368402182,0.5802565662499314,0.36557246513034464,0.2708742378980423,0.0,0.6790258383719074,0.6790258383719074
hrl,multi,0,off,0,743,-3.352471224269817,244.0,0.8017978668212891,0.7368783354759216,1,0.0,0.6200501059106992,7,0,off,0,0,0.0,0.0,0.0,0.9621549301622716,0.9180647595049319,0.5621972916101644,0.872695977961286,0.7018625957778284,0.30346401310485277,0.019911173253559566,0.0,0.6200501059106992,0.6200501059106992
hrl,multi,0,off,0,744,-3.256392329041834,241.0,0.7876517176628113,0.7576398253440857,1,0.0,0.6131686184727976,7,0,off,0,0,0.0,0.0,0.0,0.9327390829823229,0.9514068204592127,0.7772639168195038,0.7370256296819052,0.4091759951338577,0.449386654810409,0.035182229422371925,0.0,0.6131686184727976,0.6131686184727976
hrl,multi,0,off,0,745,-3.088315751642211,235.0,0.7949410676956177,0.7368783354759216,1,0.0,0.6464000636811406,7,0,off,0,0,0.0,0.0,0.0,0.9621549301622716,0.9514068204592127,0.4853758057930219,0.8879653177091473,0.6900286827176131,0.2507969051154382,0.2970719838112795,0.0,0.6464000636811406,0.6464000636811406
hrl,multi,0,off,0,746,-3.539067881613722,251.0,0.8181284070014954,0.789374828338623,1,0.0,0.6120778730051668,7,0,off,0,0,0.0,0.0,0.0,0.9115983942740867,0.8762828646230985,0.34260271496547245,0.8393033675358211,0.5895089429482668,0.48363257333751164,0.24161625335191023,0.0,0.6120778730051668,0.6120778730051668
hrl,multi,0,off,0,747,-3.673702881264018,255.0,0.7969693541526794,0.7614932060241699,1,0.0,0.5679171475396697,7,0,off,0,0,0.0,0.0,0.0,0.937908446127668,0.8917668209184503,0.7772639168195038,0.8393033675358211,0.401374283296387,-0.1725148208463579,0.30031801892621607,0.0,0.5679171475396697,0.5679171475396697
hrl,multi,0,off,0,748,-3.5022133461246128,249.0,0.7895827293395996,0.74996417760849,1,0.0,0.5884794751323897,7,0,off,0,0,0.0,0.0,0.0,0.9499134141650842,0.9419407055628234,0.6327141685722254,0.8383742163141206,0.697952626931402,-0.056036040981732316,0.11449723536280482,0.0,0.5884794751323897,0.5884794751323897
hrl,multi,0,off,0,749,-6.982845968768058,300.0,0.6333823800086975,0.3357667624950409,0,0.0,-0.1757226501777887,7,0,off,0,0,0.0,0.0,0.0,0.9128524769150597,0.9258735828376117,0.28,-4.471756877034283,0.4003365947458768,0.3252800756936178,0.3973555955975956,0.0,-0.1757226501777887,-0.1757226501777887
hrl,multi,0,off,0,750,-4.694546973922114,290.0,0.8430604934692383,0.7926404476165771,1,0.0,0.4735428969643558,7,0,off,0,0,0.0,0.0,0.0,-0.06314772373412256,0.7880132056330298,0.5097340016063158,0.872695977961286,0.7007615629541604,0.41310137381741696,0.09364188051240374,0.0,0.4735428969643558,0.4735428969643558
hrl,multi,0,off,0,751,-2.88222056263242,228.0,0.7804496884346008,0.7410153746604919,1,0.0,0.6587911755903741,7,0,off,0,0,0.0,0.0,0.0,0.8703137638747169,0.9589721298278469,0.7870905947181095,0.8879653177091473,0.5452735004279421,0.5024465604451702,0.05947636212968538,0.0,0.6587911755903741,0.6587911755903741
hrl,multi,0,off,0,752,-2.9182828768552174,229.0,0.782500684261322,0.7319686412811279,1,0.0,0.6621945024956563,7,0,off,0,0,0.0,0.0,0.0,0.9553163538872521,0.9307698923672678,0.823908205701246,0.7990174702904549,0.6003388685820334,0.31720222827224337,0.2088084983690953,0.0,0.6621945024956563,0.6621945024956563
hrl,multi,0,off,0,753,-2.929481150611527,230.0,0.7892676591873169,0.740837574005127,1,0.0,0.6633915699663745,7,0,off,0,0,0.0,0.0,0.0,0.9423071873409768,0.9419407055628234,0.7731712441907568,0.762000502401447,0.60883451827859,0.43709578627798007,0.17839104571204828,0.0,0.6633915699663745,0.6633915699663745
hrl,multi,0,off,0,754,-3.080870290795563,237.0,0.8016047477722168,0.7576594352722168,1,0.0,0.6449809507465155,7,0,off,0,0,0.0,0.0,0.0,0.8900823668330319,0.9180647595049319,0.823908205701246,0.7180477102242993,0.4129780347076656,0.5381928400598592,0.21359273819457497,0.0,0.6449809507465155,0.6449809507465155
hrl,multi,0,off,0,755,-3.734274424556628,257.0,0.8126693367958069,0.7420971393585205,1,0.0,0.5780349413779013,7,0,off,0,0,0.0,0.0,0.0,0.9064970913620348,0.4819618592608194,0.7451904982268888,0.8564496156442981,0.6996979718759516,0.20808829059602918,0.14835926267928723,0.0,0.5780349413779013,0.5780349413779013
hrl,multi,0,off,0,756,-3.6356358829786615,254.0,0.8175196051597595,0.7643278241157532,1,0.0,0.5941866123731973,7,0,off,0,0,0.0,0.0,0.0,0.9040707218489304,0.3735190459070889,0.7573915811464592,0.8879653177091473,0.5981202268556182,0.3447847717663669,0.29345462137877015,0.0,0.5941866123731973,0.5941866123731973
hrl,multi,0,off,0,757,-3.3142328472027893,243.0,0.8081942796707153,0.7576594352722168,1,0.0,0.6323037792507835,7,0,off,0,0,0.0,0.0,0.0,0.9423071873409768,0.5625827934711877,0.793908205701246,0.9021716368402182,0.44776091380079086,0.5681928400598593,0.20920287754120637,0.0,0.6323037792507835,0.6323037792507835
hrl,multi,0,off,0,758,-2.762828693863694,224.0,0.7818886637687683,0.7452986240386963,1,0.0,0.6820183206228245,7,0,off,0,0,0.0,0.0,0.0,0.9435274930068701,0.9307698923672678,0.823908205701246,0.7868379648725645,0.4521054546298845,0.5681928400598593,0.26878639372208035,0.0,0.6820183206228245,0.6820183206228245
hrl,multi,0,off,0,759,-2.9089690110110578,229.0,0.7822256088256836,0.7437960505485535,1,0.0,0.6590823766850935,7,0,off,0,0,0.0,0.0,0.0,0.9261288512108524,0.9419407055628234,0.7686056201385241,0.8278765527749091,0.6291219369029124,0.4294487207772622,0.09045424942837021,0.0,0.6590823766850935,0.6590823766850935
hrl,multi,0,off,0,760,-3.1162195543537266,236.0,0.792197585105896,0.7666909694671631,1,0.0,0.6433911178669048,7,0,off,0,0,0.0,0.0,0.0,0.8795524231195533,0.9307698923672678,0.6656783681087983,0.8375481335702176,0.46008490230057775,0.5247067539582406,0.20539735164367856,0.0,0.6433911178669048,0.6433911178669048
hrl,multi,0,off,0,761,-2.873019314077674,228.0,0.7858000993728638,0.7484941482543945,1,0.0,0.6722799278685411,7,0,off,0,0,0.0,0.0,0.0,0.8916544169837505,0.8682762588736015,0.6893215989991813,0.8393033675358211,0.7211209191400528,0.4079014192424732,0.2883815143049074,0.0,0.6722799278685411,0.6722799278685411
hrl,multi,0,off,0,762,-3.1017203711334025,236.0,0.7809880971908569,0.7139472365379333,1,0.0,0.6245120196833592,7,0,off,0,0,0.0,0.0,0.0,0.8929353921087566,0.9419407055628234,0.6375843360435424,0.7203899751576824,0.5804431756441171,0.40610885013593784,0.19218170313065452,0.0,0.6245120196833592,0.6245120196833592
hrl,multi,0,off,0,763,-2.675807254163074,221.0,0.7841943502426147,0.7232506275177002,1,0.0,0.6929616989543186,7,0,off,0,0,0.0,0.0,0.0,0.8929452828679114,0.9644097631089089,0.777526640683272,0.8393033675358211,0.6238098089413052,0.48859957578669244,0.2641374537563189,0.0,0.6929616989543186,0.6929616989543186
hrl,multi,0,off,0,764,-2.7273974063782878,223.0,0.78426593542099,0.7410153746604919,1,0.0,0.6848408858343029,7,0,off,0,0,0.0,0.0,0.0,0.9561288512108524,0.9589721298278469,0.7531611244297174,0.8879653177091473,0.5690286180308931,0.42673343330091434,0.24189672633074816,0.0,0.6848408858343029,0.6848408858343029
hrl,multi,0,off,0,765,-2.4942420292179976,215.0,0.7792969346046448,0.7410153746604919,1,0.0,0.7131569978954406,7,0,off,0,0,0.0,0.0,0.0,0.9499014731293351,0.9589721298278469,0.793908205701246,0.872695977961286,0.6900286827176131,0.423566589691864,0.30302592623889263,0.0,0.7131569978954406,0.7131569978954406
hrl,multi,0,off,0,766,-4.68445552055054,290.0,0.8218085169792175,0.7691637277603149,1,0.0,0.4369485602704443,7,0,off,0,0,0.0,0.0,0.0,-0.12152404280684237,0.9364596052611562,0.711844323473942,0.7798138979501157,0.5485243240977008,-0.007679066934219915,0.21120088085125782,0.0,0.4369485602704443,0.4369485602704443
hrl,multi,0,off,0,767,-5.440944463999773,300.0,0.8245815634727478,0.69856196641922,0,0.0,0.34468043546966676,7,0,off,0,0,0.0,0.0,0.0,0.9553163538872521,0.06450866584473564,-0.6972910696603924,0.9021716368402182,0.5091314863086943,0.3303229167365651,0.34860305833059446,0.0,0.34468043546966676,0.34468043546966676
hrl,multi,0,off,0,768,-3.2475636080803696,242.0,0.7918078303337097,0.7607795000076294,1,0.0,0.6093211290730929,7,0,off,0,0,0.0,0.0,0.0,0.845649150732042,0.9307698923672678,0.741844323473942,0.863841599857719,0.5061717728603069,0.28145426222101383,0.09551690199935892,0.0,0.6093211290730929,0.6093211290730929
hrl,multi,0,off,0,769,-2.50061300778179,215.0,0.7752369046211243,0.7232506275177002,1,0.0,0.7081250331380542,7,0,off,0,0,0.0,0.0,0.0,0.917731105421891,0.9644097631089089,0.8072639168195038,0.7794197667267649,0.7056394551346701,0.5681928400598593,0.21421838469478038,0.0,0.7081250331380542,0.7081250331380542
hrl,multi,0,off,0,770,-5.442405400517607,300.0,0.8043871521949768,0.7283123731613159,0,0.0,0.325163286260007,7,0,off,0,0,0.0,0.0,0.0,0.9274361270799607,0.9589721298278469,-1.739210090845789,0.8564496156442981,0.6806060093398244,0.39286905921650384,0.19902015355740402,0.0,0.325163286260007,0.325163286260007
hrl,multi,0,off,0,771,-6.116089570198171,300.0,0.7292052507400513,0.35102829337120056,0,0.0,0.11385135726025185,7,0,off,0,0,0.0,0.0,0.0,0.8995334580587722,0.9307698923672678,-3.0147207156109435,0.6008829337011686,0.6323354779091073,0.28338581213421915,0.4647726422621714,0.0,0.11385135726025185,0.11385135726025185
hrl,multi,0,off,0,772,-3.3808803399326117,245.0,0.804315447807312,0.7438072562217712,1,0.0,0.6210761871685582,7,0,off,0,0,0.0,0.0,0.0,0.9219934881339341,0.9514068204592127,0.6865197392687103,0.40676986902861245,0.6568410363163942,0.4068415957898328,0.3171607611832099,0.0,0.6210761871685582,0.6210761871685582
hrl,multi,0,off,0,773,-4.251319890150905,274.0,0.7999211549758911,0.7410153746604919,1,0.0,0.4846439488463513,7,0,off,0,0,0.0,0.0,0.0,0.9115983942740867,0.9589721298278469,0.8097734925537161,0.9021716368402182,0.4503366613619167,-0.4950578458624958,-0.14528682707082977,0.0,0.4846439488463513,0.4846439488463513
hrl,multi,0,off,0,774,-2.6275814271031295,222.0,0.7813803553581238,0.7576398253440857,1,0.0,0.6858175856820256,7,0,off,0,0,0.0,0.0,0.0,0.936494231472811,0.9514068204592127,0.823908205701246,0.9021716368402182,0.594675673037039,0.32193712218031245,0.27012941008333946,0.0,0.6858175856820256,0.6858175856820256
hrl,multi,0,off,0,775,-2.7975277655292206,225.0,0.7770101428031921,0.7319686412811279,1,0.0,0.6745316509942417,7,0,off,0,0,0.0,0.0,0.0,0.9553163538872521,0.9589721298278469,0.823908205701246,0.8004480073651559,0.5018692063691236,0.4821291752535516,0.1990784785555159,0.0,0.6745316509942417,0.6745316509942417
hrl,multi,0,off,0,776,-3.209386909216398,239.0,0.7921000123023987,0.7561256885528564,1,0.0,0.6349103511599286,7,0,off,0,0,0.0,0.0,0.0,0.9128524769150597,0.8921926530266459,0.6910250841827129,0.7491558913443879,0.5560641205018289,0.5109907028304173,0.13209152931844687,0.0,0.6349103511599286,0.6349103511599286
hrl,multi,0,off,0,777,-3.0914758439815944,235.0,0.7796012163162231,0.7368783354759216,1,0.0,0.631419275037783,7,0,off,0,0,0.0,0.0,0.0,0.9621549301622716,0.9419407055628234,0.8051904982268888,0.6194390716107223,0.54137174998687,0.5235983678243682,0.026239601890536646,0.0,0.631419275037783,0.631419275037783
hrl,multi,0,off,0,778,-2.800840126752146,225.0,0.7732474207878113,0.7179409861564636,1,0.0,0.6659777298000146,7,0,off,0,0,0.0,0.0,0.0,0.9657776238312316,0.9058822435672921,0.7751502447294616,0.8879653177091473,0.7052291711623355,0.2706418436357525,0.15119766396488127,0.0,0.6659777298000146,0.6659777298000146
hrl,multi,0,off,0,779,-5.705563653249554,300.0,0.7697816491127014,0.3360285758972168,0,0.0,0.23577075146234475,7,0,off,0,0,0.0,0.0,0.0,-0.6264492327034974,0.9103000608338553,0.6678121751550239,0.8879653177091473,0.32308513576403164,0.5466280997261449,-1.0589462962482925,0.0,0.23577075146234475,0.23577075146234475
hrl,multi,0,off,0,780,-3.40423067517228,246.0,0.8162340521812439,0.7593973875045776,1,0.0,0.6300832027375305,7,0,off,0,0,0.0,0.0,0.0,0.8776227641036254,0.4013063146024915,0.7077121537538082,0.8286514563429608,0.6672111841092498,0.5681928400598593,0.3598857061907182,0.0,0.6300832027375305,0.6300832027375305
hrl,multi,0,off,0,781,-2.9918826829548815,232.0,0.7909336686134338,0.7364097237586975,1,0.0,0.6596369669248511,7,0,off,0,0,0.0,0.0,0.0,0.9128524769150597,0.9526041424019642,0.8397734925537161,0.7655709032774557,0.524546461553107,0.4106345283251698,0.21147676344748378,0.0,0.6596369669248511,0.6596369669248511
hrl,multi,0,off,0,782,-2.8818272605980653,228.0,0.7796300053596497,0.7368783354759216,1,0.0,0.6648723016434629,7,0,off,0,0,0.0,0.0,0.0,0.9621549301622716,0.842103543933678,0.8397734925537161,0.8503730112080717,0.5391804959406972,0.48504419860850023,0.1354764390973053,0.0,0.6648723016434629,0.6648723016434629
hrl,multi,0,off,0,783,-2.453141976944166,214.0,0.7790653109550476,0.7576398253440857,1,0.0,0.7168321362007525,7,0,off,0,0,0.0,0.0,0.0,0.936494231472811,0.9514068204592127,0.823908205701246,0.9021716368402182,0.593171043346972,0.5681928400598593,0.24248017552494844,0.0,0.7168321362007525,0.7168321362007525
hrl,multi,0,off,0,784,-3.415598859059372,248.0,0.8033302426338196,0.7504891157150269,1,0.0,0.5969946147767169,7,0,off,0,0,0.0,0.0,0.0,0.806459837103097,0.9419407055628234,0.6766764207505056,0.509346450053991,0.48907847831457446,0.5452930462091005,0.2101673654429264,0.0,0.5969946147767169,0.5969946147767169
hrl,multi,0,off,0,785,-3.416907324901535,248.0,0.804218590259552,0.7475502490997314,1,0.0,0.6021501953570654,7,0,off,0,0,0.0,0.0,0.0,0.7827208609447629,0.8154768218668096,0.6547598592478083,0.8564496156442981,0.4107870456437658,0.37419575237642205,0.32066141177559065,0.0,0.6021501953570654,0.6021501953570654
hrl,multi,0,off,0,786,-4.717734950602608,290.0,0.8243845701217651,0.7470993995666504,1,0.0,0.4426867523819988,7,0,off,0,0,0.0,0.0,0.0,-0.3864784864465407,0.7994928219974323,0.8097734925537161,0.7712110402448993,0.7273111923400724,0.22187429589378993,0.15562291009062207,0.0,0.4426867523819988,0.4426867523819988
hrl,multi,0,off,0,787,-2.9622765296965263,231.0,0.794433057308197,0.7470993995666504,1,0.0,0.6661420378381073,7,0,off,0,0,0.0,0.0,0.0,0.859262418989425,0.82724519587266,0.8397734925537161,0.6628529883587885,0.7771077096318034,0.33968047564907883,0.3570719838112794,0.0,0.6661420378381073,0.6661420378381073
hrl,multi,0,off,0,788,-3.271516765247778,241.0,0.7772665023803711,0.7224670052528381,1,0.0,0.6017987418462993,7,0,off,0,0,0.0,0.0,0.0,0.8847891340273202,0.7909339480309262,0.7497453495038124,0.8531212209851029,0.5695404916411062,0.4847206342107392,-0.12025958547491236,0.0,0.6017987418462993,0.6017987418462993
hrl,multi,0,off,0,789,-3.194245412275179,239.0,0.790880024433136,0.7731971144676208,1,0.0,0.630110690529768,7,0,off,0,0,0.0,0.0,0.0,0.9274361270799607,0.9119407055628234,0.7598932663219486,0.6939276372706324,0.7219290352551221,0.5466280997261449,-0.15098003750825564,0.0,0.630110690529768,0.630110690529768
hrl,multi,0,off,0,790,-2.7312845948245292,223.0,0.7780382037162781,0.7232506275177002,1,0.0,0.6811036494672243,7,0,off,0,0,0.0,0.0,0.0,0.9621549301622716,0.9644097631089089,0.6878354715582934,0.6408948708219442,0.5841082604759538,0.5681928400598593,0.36012941008333954,0.0,0.6811036494672243,0.6811036494672243
hrl,multi,0,off,0,791,-3.4029168333124686,247.0,0.7897826433181763,0.7561256885528564,1,0.0,0.5888031913940982,7,0,off,0,0,0.0,0.0,0.0,0.9261449976325766,0.8921926530266459,0.7627770474752772,0.8426959779612859,0.3831697123134614,0.08879129359075391,0.22585065775868637,0.0,0.5888031913940982,0.5888031913940982
hrl,multi,0,off,0,792,-2.9309643782907995,230.0,0.7894068956375122,0.7338388562202454,1,0.0,0.6657802005142095,7,0,off,0,0,0.0,0.0,0.0,0.8816690751216034,0.9062584791268538,0.8072639168195038,0.7263991981887756,0.4635025686088978,0.5247067539582406,0.3506614117755906,0.0,0.6657802005142095,0.6657802005142095
hrl,multi,0,off,0,793,-2.550108587616116,217.0,0.7876833081245422,0.7521758675575256,1,0.0,0.7199098645887375,7,0,off,0,0,0.0,0.0,0.0,0.9479695733888247,0.8936640493441955,0.7898932663219487,0.8564496156442981,0.6900286827176131,0.5681928400598593,0.29317102464442335,0.0,0.7199098645887375,0.7199098645887375
hrl,multi,0,off,0,794,-3.027590038334006,233.0,0.7995955348014832,0.7410153746604919,1,0.0,0.6598381813669439,7,0,off,0,0,0.0,0.0,0.0,0.7640731582429121,0.9589721298278469,0.7499493954345606,0.7876858190916765,0.6699985937598457,0.47994363098451975,0.20824454222724495,0.0,0.6598381813669439,0.6598381813669439
hrl,multi,0,off,0,795,-2.59023409300483,218.0,0.7760503888130188,0.7232506275177002,1,0.0,0.7032057679628604,7,0,off,0,0,0.0,0.0,0.0,0.9561288512108524,0.9644097631089089,0.8072639168195038,0.8879653177091473,0.5366866860743384,0.5681928400598593,0.20179300075741297,0.0,0.7032057679628604,0.7032057679628604
hrl,multi,0,off,0,796,-3.6867151429178042,255.0,0.7852729558944702,0.7410153746604919,1,0.0,0.5503517683903466,7,0,off,0,0,0.0,0.0,0.0,0.9499134141650842,0.9589721298278469,0.7270696140517956,0.8459899660587022,-0.31954227507272714,0.47952657247028924,0.21053295723143534,0.0,0.5503517683903466,0.5503517683903466
hrl,multi,0,off,0,797,-4.5750082729995425,285.0,0.8171828389167786,0.741485059261322,1,0.0,0.4641362548139031,7,0,off,0,0,0.0,0.0,0.0,0.7616215518061052,0.8523212064510446,0.7794095305408113,0.8564496156442981,-0.5921888974944265,0.36263869212504446,0.2287020846244444,0.0,0.4641362548139031,0.4641362548139031
hrl,multi,0,off,0,798,-2.932877591316344,230.0,0.7798046469688416,0.74996417760849,1,0.0,0.6545264925885982,7,0,off,0,0,0.0,0.0,0.0,0.9499134141650842,0.9214068204592126,0.7051401603941844,0.8370832078806322,0.6277932306024685,0.3981915596180644,0.14215705500054074,0.0,0.6545264925885982,0.6545264925885982
hrl,multi,0,off,0,799,-3.7296481199341223,256.0,0.7880759835243225,0.7232506275177002,1,0.0,0.5501437570287789,7,0,off,0,0,0.0,0.0,0.0,0.7634279212869562,0.9644097631089089,0.6371950945109096,0.8489591025987195,0.6663913650598988,-0.1168865355401763,0.08750958817623611,0.0,0.5501437570287789,0.5501437570287789
hrl,multi,0,off,0,800,-3.0141829166421563,233.0,0.7932508587837219,0.7647555470466614,1,0.0,0.6589877273083049,7,0,off,0,0,0.0,0.0,0.0,0.9479695733888247,0.9307698923672678,0.7144879435831294,0.6688636368746333,0.6663496230548928,0.5681928400598593,0.11628058182952766,0.0,0.6589877273083049,0.6589877273083049
hrl,multi,0,off,0,801,-5.640038427980474,300.0,0.7655234932899475,0.4181448519229889,0,0.0,0.2537056487808032,7,0,off,0,0,0.0,0.0,0.0,0.9621549301622716,0.8411605170396814,-2.2716752769079327,0.8564496156442981,0.5991219369029124,0.43806640684880094,0.3506614117755906,0.0,0.2537056487808032,0.2537056487808032
hrl,multi,0,off,0,802,-4.085303040124113,269.0,0.8263161778450012,0.7679246068000793,1,0.0,0.543899544659047,7,0,off,0,0,0.0,0.0,0.0,0.8281544865332318,0.8775791300425695,0.07249357221565299,0.872695977961286,0.4878794615409182,0.4219848476480577,0.24650933667161307,0.0,0.543899544659047,0.543899544659047
hrl,multi,0,off,0,803,-2.4102080869069265,214.0,0.777166485786438,0.7368783354759216,1,0.0,0.7162913254448531,7,0,off,0,0,0.0,0.0,0.0,0.9621549301622716,0.9514068204592127,0.8397734925537161,0.8253522307796881,0.6699985937598457,0.37522380031589775,0.39012941008333957,0.0,0.7162913254448531,0.7162913254448531
hrl,multi,0,off,0,804,-2.6524302545178116,220.0,0.7745916247367859,0.7125098705291748,1,0.0,0.6852542002886312,7,0,off,0,0,0.0,0.0,0.0,0.8979886205492638,0.905189262337122,0.7857976239816624,0.872695977961286,0.5505063993686548,0.48289305386266135,0.30170846395976714,0.0,0.6852542002886312,0.6852542002886312
hrl,multi,0,off,0,805,-2.9681466135964625,231.0,0.7839795351028442,0.7368783354759216,1,0.0,0.6549141123370739,7,0,off,0,0,0.0,0.0,0.0,0.9621549301622716,0.9514068204592127,0.7298932663219486,0.7913862005583503,0.6317572394507053,0.37027504696671476,0.1475252824403145,0.0,0.6549141123370739,0.6549141123370739
hrl,multi,0,off,0,806,-4.9190725269395665,299.0,0.8299800753593445,0.7717801928520203,1,0.0,0.41628304132746247,7,0,off,0,0,0.0,0.0,0.0,0.7422522510958529,0.8828962272288725,-0.6037007836853642,0.8011661695533776,0.547727743848204,0.44829400490460625,0.09534567634668839,0.0,0.41628304132746247,0.41628304132746247
hrl,multi,0,off,0,807,-2.8657287433720087,228.0,0.7848979830741882,0.7561256885528564,1,0.0,0.6707976843447562,7,0,off,0,0,0.0,0.0,0.0,0.9423071873409768,0.8921926530266459,0.823908205701246,0.8167299644942505,0.6302116404399809,0.42324285914488763,0.16699128026530421,0.0,0.6707976843447562,0.6707976843447562
hrl,multi,0,off,0,808,-2.652106860963386,222.0,0.7748003005981445,0.7232506275177002,1,0.0,0.6754783896186664,7,0,off,0,0,0.0,0.0,0.0,0.856165630313396,0.9644097631089089,0.8097734925537161,0.7707552833825639,0.6288163100068556,0.3828917918853279,0.31553645607989633,0.0,0.6754783896186664,0.6754783896186664
hrl,multi,0,off,0,809,-2.7839421709882934,225.0,0.7890788316726685,0.7576398253440857,1,0.0,0.6828992105896176,7,0,off,0,0,0.0,0.0,0.0,0.9479695733888247,0.9514068204592127,0.7598932663219486,0.8167299644942505,0.49461971131149796,0.4225955110975457,0.3870796270540425,0.0,0.6828992105896176,0.6828992105896176
hrl,multi,0,off,0,810,-2.6129161717998723,219.0,0.7859266996383667,0.7410153746604919,1,0.0,0.7008971873448014,7,0,off,0,0,0.0,0.0,0.0,0.9261449976325766,0.9589721298278469,0.8397734925537161,0.8564496156442981,0.6583101328914422,0.48541908376482396,0.1812108590989062,0.0,0.7008971873448014,0.7008971873448014
hrl,multi,0,off,0,811,-2.637512132833939,220.0,0.7867211699485779,0.7470993995666504,1,0.0,0.7016441742547576,7,0,off,0,0,0.0,0.0,0.0,0.9479695733888247,0.9514068204592127,0.8097734925537161,0.8393033675358211,0.6056022117150286,0.4852930462091004,0.2721607079216004,0.0,0.7016441742547576,0.7016441742547576
hrl,multi,0,off,0,812,-2.8494164579571137,227.0,0.7845703363418579,0.7470993995666504,1,0.0,0.663157333139253,7,0,off,0,0,0.0,0.0,0.0,0.8740353480885422,0.9419407055628234,0.7797734925537161,0.8103731841544061,0.6149397425761136,0.4238156322552528,0.19722322678391602,0.0,0.663157333139253,0.663157333139253
hrl,multi,0,off,0,813,-2.5167768899828573,216.0,0.7775989770889282,0.7465248703956604,1,0.0,0.7035791713418893,7,0,off,0,0,0.0,0.0,0.0,0.8887249947583157,0.9514068204592127,0.7906651954909721,0.8410494403260589,0.6695953558942691,0.4261302731850039,0.3574821192793923,0.0,0.7035791713418893,0.7035791713418893
hrl,multi,0,off,0,814,-2.4769454367936077,216.0,0.770632803440094,0.7125098705291748,1,0.0,0.697924205408385,7,0,off,0,0,0.0,0.0,0.0,0.8979886205492638,0.9644097631089089,0.793908205701246,0.8879653177091473,0.6408153719089927,0.4035327535701021,0.2968494053110338,0.0,0.697924205408385,0.697924205408385
hrl,multi,0,off,0,815,-4.789472294577863,292.0,0.8140507936477661,0.7368783354759216,1,0.0,0.42947840194292114,7,0,off,0,0,0.0,0.0,0.0,0.9621549301622716,0.9514068204592127,-0.957199230420248,0.8564496156442981,0.637952626931402,0.4408096399337327,0.11477441088977941,0.0,0.42947840194292114,0.42947840194292114
hrl,multi,0,off,0,816,-2.604699976234689,219.0,0.7910333275794983,0.7410153746604919,1,0.0,0.7188159196087803,7,0,off,0,0,0.0,0.0,0.0,0.9165620628635207,0.9589721298278469,0.7338840672063799,0.8879653177091473,0.697952626931402,0.5091819605904198,0.3271932721327455,0.0,0.7188159196087803,0.7188159196087803
hrl,multi,0,off,0,817,-2.6554315649333797,221.0,0.796507716178894,0.7576594352722168,1,0.0,0.7093381172022817,7,0,off,0,0,0.0,0.0,0.0,0.862250301494028,0.8361607808486541,0.823908205701246,0.8879653177091473,0.6598173907917579,0.5381928400598592,0.3570719838112794,0.0,0.7093381172022817,0.7093381172022817
hrl,multi,0,off,0,818,-2.933487776346728,230.0,0.7938149571418762,0.7470993995666504,1,0.0,0.6660511528329558,7,0,off,0,0,0.0,0.0,0.0,0.9040826332833801,0.9307698923672678,0.8397734925537161,0.7361981694677125,0.6544604269065837,0.4136025019781506,0.18347095327387974,0.0,0.6660511528329558,0.6660511528329558
hrl,multi,0,off,0,819,-2.4351842903392344,213.0,0.7815762758255005,0.7232506275177002,1,0.0,0.7247138983276323,7,0,off,0,0,0.0,0.0,0.0,0.9423071873409768,0.9644097631089089,0.793908205701246,0.8393033675358211,0.749630562943375,0.5416808840169218,0.2417573176461764,0.0,0.7247138983276323,0.7247138983276323
hrl,multi,0,off,0,820,-2.7314415258215647,223.0,0.792159914970398,0.7319686412811279,1,0.0,0.692913619816745,7,0,off,0,0,0.0,0.0,0.0,0.9553163538872521,0.9419407055628234,0.741844323473942,0.8025828305496948,0.7018625957778284,0.4788090062549568,0.2280395232107169,0.0,0.692913619816745,0.692913619816745
hrl,multi,0,off,0,821,-6.481157164548505,300.0,0.665928840637207,0.4181448519229889,0,0.0,-0.027003952713293946,7,0,off,0,0,0.0,0.0,0.0,0.9423071873409768,0.9514068204592127,-4.338968979462662,0.8253522307796881,0.5327693421269493,0.43806640684880094,0.46003932291397615,0.0,-0.027003952713293946,-0.027003952713293946
hrl,multi,0,off,0,822,-3.920178854141546,263.0,0.8154738545417786,0.7410153746604919,1,0.0,0.5584084086667609,7,0,off,0,0,0.0,0.0,0.0,0.9327390829823229,0.9589721298278469,-0.34892705689458514,0.7958742369998116,0.7018625957778284,0.5466280997261449,0.3217097722479565,0.0,0.5584084086667609,0.5584084086667609
hrl,multi,0,off,0,823,-3.318571673721292,243.0,0.7853169441223145,0.74996417760849,1,0.0,0.606157042309411,7,0,off,0,0,0.0,0.0,0.0,0.9499134141650842,0.9419407055628234,0.763908205701246,0.6046270746837628,0.5668760893078386,0.1754027685707359,0.2404310381743872,0.0,0.606157042309411,0.606157042309411
hrl,multi,0,off,0,824,-2.465702276367224,214.0,0.7763167023658752,0.7319686412811279,1,0.0,0.7130093707922948,7,0,off,0,0,0.0,0.0,0.0,0.9553163538872521,0.9514068204592127,0.755387489707816,0.8392423103282849,0.5616340749129198,0.5681928400598593,0.3598857061907182,0.0,0.7130093707922948,0.7130093707922948
hrl,multi,0,off,0,825,-3.6324899283528653,255.0,0.7953308820724487,0.7232506275177002,1,0.0,0.5639959719437989,7,0,off,0,0,0.0,0.0,0.0,0.9479695733888247,0.9644097631089089,0.8072639168195038,0.872695977961286,0.06995964713827504,0.25117311490494665,0.034499810284847776,0.0,0.5639959719437989,0.5639959719437989
hrl,multi,0,off,0,826,-2.685916599418261,222.0,0.7954623103141785,0.7576594352722168,1,0.0,0.7084015444121092,7,0,off,0,0,0.0,0.0,0.0,0.9115983942740867,0.9180647595049319,0.823908205701246,0.872695977961286,0.5344649271926357,0.5381928400598592,0.3598857061907182,0.0,0.7084015444121092,0.7084015444121092
hrl,multi,0,off,0,827,-3.686208032523849,256.0,0.8205965757369995,0.7677785158157349,1,0.0,0.5958705229270213,7,0,off,0,0,0.0,0.0,0.0,0.8512433158300753,0.4498568318123083,0.8072639168195038,0.8879653177091473,0.5833075192254349,0.41832526395399694,0.17313149513868253,0.0,0.5958705229270213,0.5958705229270213
hrl,multi,0,off,0,828,-2.7883818218484433,225.0,0.7820159792900085,0.7470993995666504,1,0.0,0.6777670661594241,7,0,off,0,0,0.0,0.0,0.0,0.9327390829823229,0.9514068204592127,0.8397734925537161,0.9021716368402182,0.34012189554601313,0.5121861321087571,0.26597040262572846,0.0,0.6777670661594241,0.6777670661594241
hrl,multi,0,off,0,829,-6.075052918344597,300.0,0.736653745174408,0.38372698426246643,0,0.0,0.12318942909801314,7,0,off,0,0,0.0,0.0,0.0,-0.9821404717130234,0.9164677565341458,-1.071746168649171,0.8579653177091473,0.4003365947458768,0.4695232214926138,0.2719197535665028,0.0,0.12318942909801314,0.12318942909801314
hrl,multi,0,off,0,830,-6.555220620548929,300.0,0.6885113716125488,0.3299393355846405,0,0.0,-0.025039715398547387,7,0,off,0,0,0.0,0.0,0.0,-2.9007264550806298,0.8965123246405847,-0.20076516281287166,0.8879653177091473,0.42307089972006007,0.4552131289151049,0.26345193911877285,0.0,-0.025039715398547387,-0.025039715398547387
hrl,multi,0,off,0,831,-2.664916981001144,221.0,0.7832061648368835,0.7410153746604919,1,0.0,0.6908670237688311,7,0,off,0,0,0.0,0.0,0.0,0.9274361270799607,0.9589721298278469,0.7639082057012461,0.735950239522151,0.7219290352551221,0.5024465604451702,0.225426868550321,0.0,0.6908670237688311,0.6908670237688311
hrl,multi,0,off,0,832,-3.086485117534165,235.0,0.7828486561775208,0.7470993995666504,1,0.0,0.6373384534806377,7,0,off,0,0,0.0,0.0,0.0,0.9479695733888247,0.9514068204592127,0.8397734925537161,0.7215928166859611,0.6885160636072023,0.4876604727278883,-0.1755500650583417,0.0,0.6373384534806377,0.6373384534806377
hrl,multi,0,off,0,833,-2.78021981191122,225.0,0.7778574824333191,0.754544198513031,1,0.0,0.6723022237463155,7,0,off,0,0,0.0,0.0,0.0,0.9561288512108524,0.9514068204592127,0.793908205701246,0.837343241356259,0.7155138118200068,0.4219848476480577,0.02982978802857314,0.0,0.6723022237463155,0.6723022237463155
hrl,multi,0,off,0,834,-2.522967334354756,216.0,0.7789501547813416,0.7319686412811279,1,0.0,0.7114791043443677,7,0,off,0,0,0.0,0.0,0.0,0.9553163538872521,0.9307698923672678,0.8397734925537161,0.8879653177091473,0.6267476511268875,0.44711305786154243,0.2926679649047611,0.0,0.7114791043443677,0.7114791043443677
hrl,multi,0,off,0,835,-2.578336399442044,218.0,0.7813750505447388,0.7368783354759216,1,0.0,0.7104401447410241,7,0,off,0,0,0.0,0.0,0.0,0.9621549301622716,0.9589721298278469,0.6245894209150624,0.872695977961286,0.7093003885868702,0.5247067539582406,0.32066141177559065,0.0,0.7104401447410241,0.7104401447410241
hrl,multi,0,off,0,836,-2.754237335505886,224.0,0.7788212895393372,0.7410153746604919,1,0.0,0.6744173583903648,7,0,off,0,0,0.0,0.0,0.0,0.9561288512108524,0.9589721298278469,0.8097734925537161,0.8162862228657511,0.5208568230021244,0.44711305786154243,0.2117909314107203,0.0,0.6744173583903648,0.6744173583903648
hrl,multi,0,off,0,837,-2.8959598197520156,228.0,0.789495050907135,0.7456563115119934,1,0.0,0.6741825632619411,7,0,off,0,0,0.0,0.0,0.0,0.9423071873409768,0.9514068204592127,0.7791002827371811,0.7831283350833709,0.6653104827502131,0.5681928400598593,0.029831994402774398,0.0,0.6741825632619411,0.6741825632619411
hrl,multi,0,off,0,838,-3.021907508638677,233.0,0.793169379234314,0.74996417760849,1,0.0,0.6532008909640649,7,0,off,0,0,0.0,0.0,0.0,0.9499134141650842,0.9514068204592127,0.793908205701246,0.8301903547643076,0.3545233126984848,0.44829400490460625,0.2441701240555124,0.0,0.6532008909640649,0.6532008909640649
hrl,multi,0,off,0,839,-5.937996153787395,300.0,0.799723744392395,0.5411949157714844,0,0.0,0.24963967900051134,7,0,off,0,0,0.0,0.0,0.0,-0.45386037912347943,0.9419407055628234,-0.6311518667704671,0.8514705372015018,0.6919290352551221,0.4322207044183519,-0.08507098354027331,0.0,0.24963967900051134,0.24963967900051134
hrl,multi,0,off,0,840,-2.4954599313030417,215.0,0.7789356112480164,0.7179409861564636,1,0.0,0.7164024315650586,7,0,off,0,0,0.0,0.0,0.0,0.9657776238312316,0.8798709149687418,0.7339082057012462,0.8393033675358211,0.6978783626677916,0.5681928400598593,0.3298857061907182,0.0,0.7164024315650586,0.7164024315650586
hrl,multi,0,off,0,841,-5.643437719880242,300.0,0.7903622388839722,0.38942888379096985,0,0.0,0.27569031189089005,7,0,off,0,0,0.0,0.0,0.0,0.5709584749826929,0.8694978702830619,0.6213554212182354,-0.9112796919295009,0.6005162977011298,0.29784250875629137,-0.11905869777568044,0.0,0.27569031189089005,0.27569031189089005
hrl,multi,0,off,0,842,-2.8920846204133612,228.0,0.7846518158912659,0.7452986240386963,1,0.0,0.6649260817288748,7,0,off,0,0,0.0,0.0,0.0,0.9435274930068701,0.9180647595049319,0.8397734925537161,0.6907539793457099,0.6313520005811921,0.42722791284071937,0.20378293426898378,0.0,0.6649260817288748,0.6649260817288748
hrl,multi,0,off,0,843,-4.175911787905488,272.0,0.8164649605751038,0.754544198513031,1,0.0,0.5131888645761137,7,0,off,0,0,0.0,0.0,0.0,0.9561288512108524,-0.13699944378369372,0.823908205701246,0.7655709032774557,0.6987956748627082,0.5681928400598593,-0.08327497929563177,0.0,0.5131888645761137,0.5131888645761137
hrl,multi,0,off,0,844,-3.302776109921384,242.0,0.801536500453949,0.7179409861564636,1,0.0,0.6261637096421678,7,0,off,0,0,0.0,0.0,0.0,0.9657776238312316,0.4538367517044206,0.763908205701246,0.9021716368402182,0.7258731612706408,0.3117691895235736,0.2598093986238443,0.0,0.6261637096421678,0.6261637096421678
hrl,multi,0,off,0,845,-2.789300646947223,225.0,0.779788076877594,0.754544198513031,1,0.0,0.6760463988352602,7,0,off,0,0,0.0,0.0,0.0,0.9561288512108524,0.9514068204592127,0.7639082057012462,0.8879653177091473,0.5740440274770555,0.5681928400598593,0.03067872922944853,0.0,0.6760463988352602,0.6760463988352602
hrl,multi,0,off,0,846,-3.8729581283184116,261.0,0.7793054580688477,0.7470993995666504,1,0.0,0.5198700351614617,7,0,off,0,0,0.0,0.0,0.0,0.9499134141650842,0.9514068204592127,0.8397734925537161,0.8879653177091473,0.7219290352551221,0.5681928400598593,-1.2800906740719087,0.0,0.5198700351614617,0.5198700351614617
hrl,multi,0,off,0,847,-2.517760874180815,216.0,0.7910646796226501,0.7470993995666504,1,0.0,0.7273909342136669,7,0,off,0,0,0.0,0.0,0.0,0.9479695733888247,0.9514068204592127,0.8397734925537161,0.8025828305496948,0.688463486543072,0.4779069860152345,0.38363334998591253,0.0,0.7273909342136669,0.7273909342136669
hrl,multi,0,off,0,848,-3.263690070349245,241.0,0.790532112121582,0.7470993995666504,1,0.0,0.6211640983988035,7,0,off,0,0,0.0,0.0,0.0,0.9561288512108524,0.8593100933156127,0.8097734925537161,0.6814102536809368,0.581163596657342,0.22270394566080687,0.2376584557123581,0.0,0.6211640983988035,0.6211640983988035
hrl,multi,0,off,0,849,-2.936943833454269,230.0,0.7846546173095703,0.7470993995666504,1,0.0,0.6593581935126144,7,0,off,0,0,0.0,0.0,0.0,0.8762771762999447,0.9514068204592127,0.8097734925537161,0.8879653177091473,0.639016797028309,0.4545737073142651,-0.0035059567762936727,0.0,0.6593581935126144,0.6593581935126144
hrl,multi,0,off,0,850,-2.4013177667010965,212.0,0.7803736329078674,0.7179409861564636,1,0.0,0.7273903645792864,7,0,off,0,0,0.0,0.0,0.0,0.9657776238312316,0.9514068204592127,0.823908205701246,0.7745095024506424,0.7056394551346701,0.5101019872078659,0.3603889572701358,0.0,0.7273903645792864,0.7273903645792864
hrl,multi,0,off,0,851,-3.9563899950747023,266.0,0.8093501925468445,0.7452986240386963,1,0.0,0.5252605280791496,7,0,off,0,0,0.0,0.0,0.0,0.9435274930068701,0.9307698923672678,-0.39621701332228465,0.8301903547643076,0.657689735277455,0.4687817056587424,0.24208152880168865,0.0,0.5252605280791496,0.5252605280791496
hrl,multi,0,off,0,852,-2.669614269230508,221.0,0.7816895246505737,0.7419397234916687,1,0.0,0.6908305321574864,7,0,off,0,0,0.0,0.0,0.0,0.8818756274118427,0.8848134415863252,0.765605197529436,0.872695977961286,0.719630562943375,0.5681928400598593,0.14300007761027947,0.0,0.6908305321574864,0.6908305321574864
hrl,multi,0,off,0,853,-5.90767597771847,300.0,0.7986809015274048,0.5947202444076538,0,0.0,0.25498570568130735,7,0,off,0,0,0.0,0.0,0.0,0.9479695733888247,0.9007698923672678,-1.4936033643585689,0.5916084471350862,0.4142585593242467,0.438062431840791,-0.014165599928496208,0.0,0.25498570568130735,0.25498570568130735
hrl,multi,0,off,0,854,-5.547764887840457,300.0,0.7842113375663757,0.5277784466743469,0,0.0,0.2850071088632458,7,0,off,0,0,0.0,0.0,0.0,0.9657776238312316,0.9514068204592127,0.771844323473942,0.29742302687626704,0.5711083903776142,0.4955666481040659,-2.058077071079613,0.0,0.2850071088632458,0.2850071088632458
hrl,multi,0,off,0,855,-4.577704029145385,285.0,0.8161317110061646,0.7364097237586975,1,0.0,0.45973486212957754,7,0,off,0,0,0.0,0.0,0.0,0.8406210576763894,0.9526041424019642,0.7598932663219486,-0.29157312938527885,0.45807753182963384,0.28962093478630696,0.2089002312760791,0.0,0.45973486212957754,0.45973486212957754
hrl,multi,0,off,0,856,-2.624675481714068,220.0,0.7798738479614258,0.7368783354759216,1,0.0,0.6959793313305259,7,0,off,0,0,0.0,0.0,0.0,0.9321549301622716,0.9419407055628234,0.7277783079484008,0.7837741141007293,0.6436187040558792,0.5127028512928588,0.3298857061907182,0.0,0.6959793313305259,0.6959793313305259
hrl,multi,0,off,0,857,-2.775764525220721,224.0,0.7789435982704163,0.7109692096710205,1,0.0,0.6788511863815213,7,0,off,0,0,0.0,0.0,0.0,0.9034590604161488,0.9307698923672678,0.8072639168195038,0.8879653177091473,0.6265321513131381,0.3911532535941323,0.2048147124513115,0.0,0.6788511863815213,0.6788511863815213
hrl,multi,0,off,0,858,-7.406138708263567,300.0,0.6120316386222839,0.3254794776439667,0,0.0,-0.255906083763872,7,0,off,0,0,0.0,0.0,0.0,0.9261288512108524,-4.409674320263069,0.27926908173567955,0.5613605657595552,0.365381461308268,0.45565228210599745,0.030539491795612085,0.0,-0.255906083763872,-0.255906083763872
hrl,multi,0,off,0,859,-2.472425849856802,214.0,0.7723656296730042,0.7232506275177002,1,0.0,0.7144323827594147,7,0,off,0,0,0.0,0.0,0.0,0.9561288512108524,0.9644097631089089,0.8397734925537161,0.9021716368402182,0.5440558872430112,0.5681928400598593,0.22629420829933633,0.0,0.7144323827594147,0.7144323827594147
hrl,multi,0,off,0,860,-2.6959618567302743,224.0,0.7818942666053772,0.7368783354759216,1,0.0,0.6836276169855333,7,0,off,0,0,0.0,0.0,0.0,0.9621549301622716,0.9514068204592127,0.6872639168195039,0.8564496156442981,0.749630562943375,0.3138840493520504,0.26460342351802163,0.0,0.6836276169855333,0.6836276169855333
hrl,multi,0,off,0,861,-3.3436155922408095,244.0,0.7906857132911682,0.754544198513031,1,0.0,0.6094737805344662,7,0,off,0,0,0.0,0.0,0.0,0.9561288512108524,0.9307698923672678,0.7004611341256254,0.9021716368402182,0.5104158013868272,0.06249790119174464,0.20387124661872744,0.0,0.6094737805344662,0.6094737805344662
hrl,multi,0,off,0,862,-2.759333965390679,224.0,0.7788087725639343,0.7470993995666504,1,0.0,0.6788629157370523,7,0,off,0,0,0.0,0.0,0.0,0.9561288512108524,0.9419407055628234,0.8397734925537161,0.9021716368402182,0.7136060728589517,0.3458866335402936,0.052533017592511,0.0,0.6788629157370523,0.6788629157370523
hrl,multi,0,off,0,863,-2.4053253464191173,212.0,0.7811771035194397,0.7232506275177002,1,0.0,0.7191963292642767,7,0,off,0,0,0.0,0.0,0.0,0.9261449976325766,0.9644097631089089,0.7447172191675901,0.8879653177091473,0.6628180347837209,0.5152930462091004,0.33302592623889266,0.0,0.7191963292642767,0.7191963292642767
hrl,multi,0,off,0,864,-2.387049355232151,212.0,0.7851843237876892,0.7576594352722168,1,0.0,0.7337282181809298,7,0,off,0,0,0.0,0.0,0.0,0.9479695733888247,0.9419407055628234,0.793908205701246,0.8286514563429608,0.697952626931402,0.5681928400598593,0.3574821192793923,0.0,0.7337282181809298,0.7337282181809298
hrl,multi,0,off,0,865,-2.754769164479795,224.0,0.7763954997062683,0.7410153746604919,1,0.0,0.6754061425479229,7,0,off,0,0,0.0,0.0,0.0,0.9561288512108524,0.9589721298278469,0.8097734925537161,0.8879653177091473,0.6316057903214993,0.2423053697284299,0.241092046483968,0.0,0.6754061425479229,0.6754061425479229
hrl,multi,0,off,0,866,-4.06239070733309,269.0,0.8160956501960754,0.7528660297393799,1,0.0,0.5285112411402151,7,0,off,0,0,0.0,0.0,0.0,0.18770122790533222,0.9307698923672678,0.7897019278089623,0.872695977961286,0.5685271578022346,0.04692253323463169,0.3032599709017909,0.0,0.5285112411402151,0.5285112411402151
hrl,multi,0,off,0,867,-2.6376705600763564,220.0,0.7875992059707642,0.754544198513031,1,0.0,0.7068387019086574,7,0,off,0,0,0.0,0.0,0.0,0.9261288512108524,0.9307698923672678,0.8072639168195038,0.872695977961286,0.7456321243902595,0.36525074052809153,0.3001294100833396,0.0,0.7068387019086574,0.7068387019086574
hrl,multi,0,off,0,868,-2.669732223370799,221.0,0.7772188782691956,0.7454992532730103,1,0.0,0.6888678575622139,7,0,off,0,0,0.0,0.0,0.0,0.9087516100394907,0.9514068204592127,0.7377121537538083,0.5777426753741575,0.7219290352551221,0.5681928400598593,0.3563398679938469,0.0,0.6888678575622139,0.6888678575622139
hrl,multi,0,off,0,869,-3.429937837083109,247.0,0.8139229416847229,0.7549920678138733,1,0.0,0.6207444327204055,7,0,off,0,0,0.0,0.0,0.0,0.9423071873409768,0.775869456415736,0.779079284221595,0.5486287191655661,0.6121393568648311,0.42053501413920236,0.26665201089493057,0.0,0.6207444327204055,0.6207444327204055
hrl,multi,0,off,0,870,-3.132039818222389,237.0,0.8045647740364075,0.7576594352722168,1,0.0,0.6505008239392029,7,0,off,0,0,0.0,0.0,0.0,0.9423071873409768,0.9307698923672678,0.793908205701246,0.5832998610475894,0.6663865435678149,0.4840800032339334,0.15275407431559163,0.0,0.6505008239392029,0.6505008239392029
hrl,multi,0,off,0,871,-3.6841077704157037,255.0,0.8030461072921753,0.7319686412811279,1,0.0,0.5688264318104073,7,0,off,0,0,0.0,0.0,0.0,0.9553163538872521,0.9180647595049319,0.7621463196136172,0.509346450053991,0.44672624493228763,0.45262450404747656,-0.06243960936670531,0.0,0.5688264318104073,0.5688264318104073
hrl,multi,0,off,0,872,-2.592874724945278,218.0,0.7743221521377563,0.7232506275177002,1,0.0,0.6984615020246224,7,0,off,0,0,0.0,0.0,0.0,0.8944593976834129,0.9644097631089089,0.823908205701246,0.7732033397146832,0.7456321243902595,0.47697356850054284,0.2106441150733038,0.0,0.6984615020246224,0.6984615020246224
hrl,multi,0,off,0,873,-2.746760903763344,224.0,0.7795863747596741,0.7576398253440857,1,0.0,0.6791624183191781,7,0,off,0,0,0.0,0.0,0.0,0.9274361270799607,0.9514068204592127,0.823908205701246,0.7139503892958681,0.6561793136708387,0.5681928400598593,0.11306323196726081,0.0,0.6791624183191781,0.6791624183191781
hrl,multi,0,off,0,874,-2.4601692339160848,214.0,0.778471052646637,0.7410153746604919,1,0.0,0.7108272493640414,7,0,off,0,0,0.0,0.0,0.0,0.9561288512108524,0.9589721298278469,0.8397734925537161,0.8270410499392457,0.6449934593608817,0.45180977884446816,0.29707198381127947,0.0,0.7108272493640414,0.7108272493640414
hrl,multi,0,off,0,875,-5.426911138249134,300.0,0.7984021902084351,0.7470993995666504,0,0.0,0.3167826702549494,7,0,off,0,0,0.0,0.0,0.0,0.9479695733888247,0.8832444688540424,0.8397734925537161,0.8879653177091473,-2.0837176298562547,0.5452930462091005,0.19695042292606935,0.0,0.3167826702549494,0.3167826702549494
hrl,multi,0,off,0,876,-2.660034660910015,222.0,0.7850882411003113,0.7470993995666504,1,0.0,0.6882923001377405,7,0,off,0,0,0.0,0.0,0.0,0.9561288512108524,0.8740524657668771,0.7497734925537163,0.8564496156442981,0.7296979718759516,0.3799249290538329,0.2720187748586548,0.0,0.6882923001377405,0.6882923001377405
hrl,multi,0,off,0,877,-2.7052474423358097,224.0,0.7775534391403198,0.7368783354759216,1,0.0,0.6758108173564779,7,0,off,0,0,0.0,0.0,0.0,0.9621549301622716,0.8371783856972358,0.823908205701246,0.6312758763097829,0.6775899258339844,0.4479069860152345,0.3506614117755906,0.0,0.6758108173564779,0.6758108173564779
hrl,multi,0,off,0,878,-2.4098649231984703,213.0,0.7727234959602356,0.7319686412811279,1,0.0,0.716252940485038,7,0,off,0,0,0.0,0.0,0.0,0.9553163538872521,0.9589721298278469,0.823908205701246,0.9021716368402182,0.6052849933987247,0.46732464412681973,0.30079261961315795,0.0,0.716252940485038,0.716252940485038
hrl,multi,0,off,0,879,-3.4940936929627626,252.0,0.8076861500740051,0.7702059745788574,1,0.0,0.588187760810648,7,0,off,0,0,0.0,0.0,0.0,0.7101518761055255,0.8740524657668771,0.711844323473942,0.8879653177091473,0.4158740156913821,0.4876604727278883,0.02976585419977404,0.0,0.588187760810648,0.588187760810648
hrl,multi,0,off,0,880,-2.5804040563676875,218.0,0.7846220135688782,0.7410153746604919,1,0.0,0.7073426214280412,7,0,off,0,0,0.0,0.0,0.0,0.9561288512108524,0.9589721298278469,0.6856661614210686,0.7307343055749536,0.7219290352551221,0.5681928400598593,0.3297750266465859,0.0,0.7073426214280412,0.7073426214280412
hrl,multi,0,off,0,881,-6.143951496839149,300.0,0.7044922709465027,0.32950323820114136,0,0.0,0.07469636782194089,7,0,off,0,0,0.0,0.0,0.0,0.9305234453537763,-3.035947823812507,0.7751502447294616,0.7272765819876966,0.4895322585013113,0.28,0.356339867993847,0.0,0.07469636782194089,0.07469636782194089
hrl,multi,0,off,0,882,-3.858501276847951,261.0,0.8125622868537903,0.7368783354759216,1,0.0,0.557084221547876,7,0,off,0,0,0.0,0.0,0.0,0.9621549301622716,0.152592966772828,0.823908205701246,0.8264496156442981,0.5820029127221951,0.43571655991313735,0.11676435991915507,0.0,0.557084221547876,0.557084221547876
hrl,multi,0,off,0,883,-3.0814265587017773,235.0,0.7926517128944397,0.7349947094917297,1,0.0,0.6513529491180554,7,0,off,0,0,0.0,0.0,0.0,0.9621549301622716,0.8932661602540506,0.8397734925537161,0.8213268171220522,0.43826576305036635,0.4572577948444354,0.14742568583949536,0.0,0.6513529491180554,0.6513529491180554
hrl,multi,0,off,0,884,-2.959655585001445,231.0,0.784064769744873,0.7470993995666504,1,0.0,0.6572292209959347,7,0,off,0,0,0.0,0.0,0.0,0.8961449976325766,0.8995403411299949,0.8397734925537161,0.7936120452587679,0.7258731612706408,0.24186062273291564,0.20379988639293045,0.0,0.6572292209959347,0.6572292209959347
hrl,multi,0,off,0,885,-2.840452280114393,228.0,0.7771540284156799,0.7410153746604919,1,0.0,0.652297969314139,7,0,off,0,0,0.0,0.0,0.0,0.9561288512108524,0.9589721298278469,0.823908205701246,0.7755759210183346,0.3624939460242197,0.42006965687328396,0.2689370745431895,0.0,0.652297969314139,0.652297969314139
hrl,multi,0,off,0,886,-3.0895016839692695,237.0,0.7854703068733215,0.754133939743042,1,0.0,0.6344037619644635,7,0,off,0,0,0.0,0.0,0.0,0.9219934881339341,0.8893871434867592,0.5597813736219374,0.8879653177091473,0.7178482722647348,0.38816455296657265,0.0756861855681587,0.0,0.6344037619644635,0.6344037619644635
hrl,multi,0,off,0,887,-2.5064398438297144,218.0,0.7780065536499023,0.7410153746604919,1,0.0,0.690839379585972,7,0,off,0,0,0.0,0.0,0.0,0.8765252131339798,0.9589721298278469,0.8397734925537161,0.9021716368402182,0.5390884561235799,0.3655236115081812,0.35382111711428077,0.0,0.690839379585972,0.690839379585972
hrl,multi,0,off,0,888,-2.6646952435152986,221.0,0.7846812605857849,0.7576398253440857,1,0.0,0.6984243803469657,7,0,off,0,0,0.0,0.0,0.0,0.937908446127668,0.9514068204592127,0.740715701431063,0.9021716368402182,0.6045094722337074,0.45212917525355156,0.30012941008333954,0.0,0.6984243803469657,0.6984243803469657
hrl,multi,0,off,0,889,-2.6901168485253497,222.0,0.7935009598731995,0.7470993995666504,1,0.0,0.7015683990307353,7,0,off,0,0,0.0,0.0,0.0,0.8955386473001421,0.8684089696075321,0.8097734925537161,0.872695977961286,0.6272294040950941,0.5681928400598593,0.2691394616375169,0.0,0.7015683990307353,0.7015683990307353
hrl,multi,0,off,0,890,-2.8995768691983415,229.0,0.7947108149528503,0.7410153746604919,1,0.0,0.6766248503689408,7,0,off,0,0,0.0,0.0,0.0,0.8064314155463341,0.9589721298278469,0.8397734925537161,0.6540862860992191,0.749630562943375,0.5408336165736386,0.18664644903845612,0.0,0.6766248503689408,0.6766248503689408
hrl,multi,0,off,0,891,-3.0153636313252963,233.0,0.8008478283882141,0.754544198513031,1,0.0,0.6673142702125817,7,0,off,0,0,0.0,0.0,0.0,0.9561288512108524,0.9180647595049319,0.763908205701246,0.6991754822013493,0.6160332510508758,0.44808418743364,0.2698051543851765,0.0,0.6673142702125817,0.6673142702125817
hrl,multi,0,off,0,892,-3.38344643777526,245.0,0.7975093126296997,0.7410153746604919,1,0.0,0.6057629962594401,7,0,off,0,0,0.0,0.0,0.0,0.9499134141650842,0.9589721298278469,0.7296360990728339,0.8579653177091473,-0.03711785372143928,0.5381928400598592,0.24277902670274923,0.0,0.6057629962594401,0.6057629962594401
hrl,multi,0,off,0,893,-5.530453408335243,300.0,0.7778033018112183,0.5617629289627075,0,0.0,0.2808148073411169,7,0,off,0,0,0.0,0.0,0.0,0.9327390829823229,0.9589721298278469,0.7870905947181095,0.8564496156442981,-2.431245046703951,0.42676013995541817,0.4349371349637737,0.0,0.2808148073411169,0.2808148073411169
hrl,multi,0,off,0,894,-3.392185256223877,246.0,0.7848535776138306,0.7406036257743835,1,0.0,0.5804227529314961,7,0,off,0,0,0.0,0.0,0.0,0.8235402381463793,0.8632040433352741,0.6530781814340366,0.6212349997136559,0.5463359326172352,0.21799094839975547,0.3375749268741369,0.0,0.5804227529314961,0.5804227529314961
hrl,multi,0,off,0,895,-2.6396163928927763,222.0,0.7806495428085327,0.7470993995666504,1,0.0,0.6835860711935158,7,0,off,0,0,0.0,0.0,0.0,0.9499134141650842,0.9514068204592127,0.8397734925537161,0.8316647137291553,0.6346343481519559,0.4378987937708115,0.13981091552467487,0.0,0.6835860711935158,0.6835860711935158
hrl,multi,0,off,0,896,-2.5898000530293133,218.0,0.7790530920028687,0.7179409861564636,1,0.0,0.703458550090079,7,0,off,0,0,0.0,0.0,0.0,0.9657776238312316,0.9419407055628234,0.7898932663219487,0.9021716368402182,0.6618743419634487,0.3654802922996033,0.2970719838112794,0.0,0.703458550090079,0.703458550090079
hrl,multi,0,off,0,897,-2.6892719949432577,221.0,0.7760880589485168,0.7179409861564636,1,0.0,0.6892982591936161,7,0,off,0,0,0.0,0.0,0.0,0.9657776238312316,0.9514068204592127,0.7274484174397984,0.872695977961286,0.6896254448520365,0.4515981120385907,0.16653541777315697,0.0,0.6892982591936161,0.6892982591936161
hrl,multi,0,off,0,898,-2.60473358722985,219.0,0.7880404591560364,0.7470993995666504,1,0.0,0.7062403042663917,7,0,off,0,0,0.0,0.0,0.0,0.9479695733888247,0.9514068204592127,0.8397734925537161,0.8213268171220522,0.5677195238577362,0.4545737073142651,0.3609121951689352,0.0,0.7062403042663917,0.7062403042663917
hrl,multi,0,off,0,899,-2.665099100916405,222.0,0.7755711674690247,0.7368783354759216,1,0.0,0.6762773623094483,7,0,off,0,0,0.0,0.0,0.0,0.9621549301622716,0.8653587871062739,0.7444879435831293,0.7396619411002477,0.6970363306332321,0.4289017355871369,0.29633986799384693,0.0,0.6762773623094483,0.6762773623094483
hrl,multi,0,off,0,900,-5.595095899952866,300.0,0.7653294801712036,0.4809522032737732,0,0.0,0.25983495726567235,7,0,off,0,0,0.0,0.0,0.0,0.9103988570235622,0.9039743325155343,0.7898932663219487,0.872695977961286,0.4852841654484819,0.45968361438359834,-2.6030855127947046,0.0,0.25983495726567235,0.25983495726567235
hrl,multi,0,off,0,901,-2.5419396754726695,217.0,0.7821481823921204,0.7576398253440857,1,0.0,0.7132823747236452,7,0,off,0,0,0.0,0.0,0.0,0.936494231472811,0.9514068204592127,0.823908205701246,0.8162862228657511,0.7456321243902595,0.4227618945789857,0.29648712359725093,0.0,0.7132823747236452,0.7132823747236452
hrl,multi,0,off,0,902,-2.3216103788826086,211.0,0.7746852040290833,0.7368783354759216,1,0.0,0.7252433367828726,7,0,off,0,0,0.0,0.0,0.0,0.9621549301622716,0.9589721298278469,0.7386955302936398,0.8879653177091473,0.749630562943375,0.5681928400598593,0.21109204648396798,0.0,0.7252433367828726,0.7252433367828726
hrl,multi,0,off,0,903,-2.5654216700489574,217.0,0.770788311958313,0.7179409861564636,1,0.0,0.7006082133411392,7,0,off,0,0,0.0,0.0,0.0,0.9657776238312316,0.9644097631089089,0.8097734925537161,0.872695977961286,0.6342489457043211,0.4796810844791477,0.1776706057493632,0.0,0.7006082133411392,0.7006082133411392
hrl,multi,0,off,0,904,-2.7557351408689192,224.0,0.785782516002655,0.7410153746604919,1,0.0,0.6915053778172339,7,0,off,0,0,0.0,0.0,0.0,0.8670087696002461,0.9589721298278469,0.823908205701246,0.8564496156442981,0.6195700442129162,0.3639674679584931,0.3506614117755906,0.0,0.6915053778172339,0.6915053778172339
hrl,multi,0,off,0,905,-2.4863823866005923,215.0,0.7738209962844849,0.7410153746604919,1,0.0,0.7105935669092613,7,0,off,0,0,0.0,0.0,0.0,0.9561288512108524,0.9589721298278469,0.7737234642477796,0.8410494403260589,0.6338710781571997,0.48052429840437316,0.3298857061907182,0.0,0.7105935669092613,0.7105935669092613
hrl,multi,0,off,0,906,-2.8727417268662157,229.0,0.8009414076805115,0.754544198513031,1,0.0,0.6774863592571571,7,0,off,0,0,0.0,0.0,0.0,0.9561288512108524,0.7967131915152668,0.8072639168195038,0.7972878020091629,0.749630562943375,0.3354944841112204,0.2998857061907182,0.0,0.6774863592571571,0.6774863592571571
hrl,multi,0,off,0,907,-2.6357380676083184,220.0,0.7779518961906433,0.7410153746604919,1,0.0,0.6942471418649271,7,0,off,0,0,0.0,0.0,0.0,0.9561288512108524,0.9589721298278469,0.8397734925537161,0.872695977961286,0.6044650873129043,0.5408336165736386,0.08686083761424507,0.0,0.6942471418649271,0.6942471418649271
hrl,multi,0,off,0,908,-3.9090289445686937,263.0,0.8020915389060974,0.7576398253440857,1,0.0,0.5413601463163594,7,0,off,0,0,0.0,0.0,0.0,0.9479695733888247,0.9514068204592127,0.7898932663219487,0.7466175675229446,0.6591420132639983,-0.5183863769121583,0.21287816016974542,0.0,0.5413601463163594,0.5413601463163594
hrl,multi,0,off,0,909,-2.6380222038004963,219.0,0.7639570236206055,0.7056494355201721,1,0.0,0.6742244498372829,7,0,off,0,0,0.0,0.0,0.0,0.9227860621948568,0.9644097631089089,0.8397734925537161,0.7783918224627215,0.6556321243902594,0.5681928400598593,-0.009614955909341638,0.0,0.6742244498372829,0.6742244498372829
hrl,multi,0,off,0,910,-2.560663420633642,217.0,0.774807870388031,0.7179409861564636,1,0.0,0.7058525472676811,7,0,off,0,0,0.0,0.0,0.0,0.9657776238312316,0.9514068204592127,0.793908205701246,0.8879653177091473,0.6277065831430797,0.5681928400598593,0.14601043996999044,0.0,0.7058525472676811,0.7058525472676811
hrl,multi,0,off,0,911,-2.467464860946633,214.0,0.7771527171134949,0.7410153746604919,1,0.0,0.7125334772186063,7,0,off,0,0,0.0,0.0,0.0,0.9561288512108524,0.9589721298278469,0.7273915811464592,0.8197493174267331,0.6242737275149083,0.5681928400598593,0.3330258933435846,0.0,0.7125334772186063,0.7125334772186063
hrl,multi,0,off,0,912,-2.476640048028199,214.0,0.7710979580879211,0.7214797139167786,1,0.0,0.7069129522937151,7,0,off,0,0,0.0,0.0,0.0,0.9145549911388201,0.9589721298278469,0.8397734925537161,0.8217130770319305,0.7219290352551221,0.5681928400598593,0.12325510018870978,0.0,0.7069129522937151,0.7069129522937151
hrl,multi,0,off,0,913,-2.441787391782266,213.0,0.7724176645278931,0.7232506275177002,1,0.0,0.7142190734879511,7,0,off,0,0,0.0,0.0,0.0,0.936494231472811,0.9644097631089089,0.7497734925537163,0.8566820614363846,0.6900286827176131,0.5681928400598593,0.23395244306636484,0.0,0.7142190734879511,0.7142190734879511
hrl,multi,0,off,0,914,-2.3498977492039494,210.0,0.7693294882774353,0.7232506275177002,1,0.0,0.7277963705969317,7,0,off,0,0,0.0,0.0,0.0,0.9621549301622716,0.9644097631089089,0.8397734925537161,0.9021716368402182,0.6919290352551222,0.3272899233667301,0.40684581289155486,0.0,0.7277963705969317,0.7277963705969317
hrl,multi,0,off,0,915,-2.649136727693251,220.0,0.7769588828086853,0.7268076539039612,1,0.0,0.6881459564182721,7,0,off,0,0,0.0,0.0,0.0,0.8880554069422264,0.9589721298278469,0.8097734925537161,0.8393033675358211,0.5738710781571994,0.5681928400598593,0.1788533798512359,0.0,0.6881459564182721,0.6881459564182721
hrl,multi,0,off,0,916,-2.632729564461616,220.0,0.7820602059364319,0.7470993995666504,1,0.0,0.6994649174152033,7,0,off,0,0,0.0,0.0,0.0,0.9561288512108524,0.9514068204592127,0.8097734925537161,0.872695977961286,0.5846426693357677,0.42392117149651576,0.2976854388890726,0.0,0.6994649174152033,0.6994649174152033
hrl,multi,0,off,0,917,-2.6787207925587353,221.0,0.7738151550292969,0.7319686412811279,1,0.0,0.684919456382868,7,0,off,0,0,0.0,0.0,0.0,0.9553163538872521,0.9077961661751155,0.8097734925537161,0.8011661695533776,0.7771077096318034,0.4545737073142651,0.08870259556454652,0.0,0.684919456382868,0.684919456382868
hrl,multi,0,off,0,918,-2.8095247273007313,227.0,0.790245532989502,0.7179409861564636,1,0.0,0.6740944270290095,7,0,off,0,0,0.0,0.0,0.0,0.9657776238312316,0.8153998401382734,0.8072639168195038,0.872695977961286,0.7535201169726988,0.29415232876934105,0.2098511847107318,0.0,0.6740944270290095,0.6740944270290095
hrl,multi,0,off,0,919,-2.7607824692898344,224.0,0.7782295942306519,0.7368783354759216,1,0.0,0.6775248403609544,7,0,off,0,0,0.0,0.0,0.0,0.9621549301622716,0.8614580747204122,0.8397734925537161,0.8517551237860628,0.7178482722647348,0.42445701231093913,0.08522697672854429,0.0,0.6775248403609544,0.6775248403609544
hrl,multi,0,off,0,920,-2.6050003663857857,219.0,0.7825613021850586,0.7470993995666504,1,0.0,0.7044775136571217,7,0,off,0,0,0.0,0.0,0.0,0.9479695733888247,0.9514068204592127,0.8397734925537161,0.8879653177091473,0.46307629367043107,0.5110216877351814,0.33012941008333957,0.0,0.7044775136571217,0.7044775136571217
hrl,multi,0,off,0,921,-2.3478553724940796,210.0,0.7743269205093384,0.7368783354759216,1,0.0,0.7208315190398636,7,0,off,0,0,0.0,0.0,0.0,0.9621549301622716,0.9514068204592127,0.6922655841058984,0.9021716368402182,0.6132889536577393,0.5681928400598593,0.3563398679938469,0.0,0.7208315190398636,0.7208315190398636
hrl,multi,0,off,0,922,-2.475023947191652,216.0,0.7781935930252075,0.7232506275177002,1,0.0,0.7078664013497747,7,0,off,0,0,0.0,0.0,0.0,0.9561288512108524,0.9644097631089089,0.7898932663219487,0.7719265379491292,0.6900286827176131,0.4536159935673951,0.32906171457257455,0.0,0.7078664013497747,0.7078664013497747
hrl,multi,0,off,0,923,-5.424220324930508,300.0,0.8243431448936462,0.7368783354759216,0,0.0,0.34954455962134495,7,0,off,0,0,0.0,0.0,0.0,0.9621549301622716,0.9307698923672678,-0.9529326393463149,0.6991754822013493,0.4242607400669953,0.28905858814228347,0.09432492375556151,0.0,0.34954455962134495,0.34954455962134495
hrl,multi,0,off,0,924,-5.630379017716223,300.0,0.7817970514297485,0.42025813460350037,0,0.0,0.2682279659416361,7,0,off,0,0,0.0,0.0,0.0,0.936494231472811,0.9589721298278469,-0.17268710583953725,-1.3877213435134448,0.5831954491269402,0.5381928400598592,0.4211495604569775,0.0,0.2682279659416361,0.2682279659416361
hrl,multi,0,off,0,925,-5.617254532433438,300.0,0.820534884929657,0.41509735584259033,0,0.0,0.31082541820918536,7,0,off,0,0,0.0,0.0,0.0,0.7178296052297969,-0.12326971513204255,0.40149476026900666,-0.5261858574362321,0.7296634296930781,0.5681928400598593,0.4080528647808311,0.0,0.31082541820918536,0.31082541820918536
hrl,multi,0,off,0,926,-2.511053857115323,216.0,0.78398197889328,0.754544198513031,1,0.0,0.7191228133624163,7,0,off,0,0,0.0,0.0,0.0,0.9561288512108524,0.9256039182358788,0.823908205701246,0.8330821140731841,0.6307911887970996,0.48052429840437316,0.38382111711428074,0.0,0.7191228133624163,0.7191228133624163
hrl,multi,0,off,0,927,-3.110740722239705,236.0,0.8009046316146851,0.7470993995666504,1,0.0,0.6555935595582584,7,0,off,0,0,0.0,0.0,0.0,0.9128524769150597,0.8137675215792501,0.8397734925537161,0.8393033675358211,0.46488294533157054,0.44711305786154243,0.2714620551308488,0.0,0.6555935595582584,0.6555935595582584
hrl,multi,0,off,0,928,-5.4213747969242885,300.0,0.8220048546791077,0.7368783354759216,0,0.0,0.3452975460117602,7,0,off,0,0,0.0,0.0,0.0,0.9621549301622716,0.8168322367270263,-1.5141419024139326,0.8879653177091473,0.7093003885868702,0.4483852733117899,0.10658657799914856,0.0,0.3452975460117602,0.3452975460117602
hrl,multi,0,off,0,929,-2.262405312709741,207.0,0.7754168510437012,0.7232506275177002,1,0.0,0.7458839178339594,7,0,off,0,0,0.0,0.0,0.0,0.9621549301622716,0.9644097631089089,0.8397734925537161,0.872695977961286,0.7056394551346701,0.5166280997261449,0.3598857061907182,0.0,0.7458839178339594,0.7458839178339594
hrl,multi,0,off,0,930,-2.441032616110747,213.0,0.7735889554023743,0.7232506275177002,1,0.0,0.7176668083106363,7,0,off,0,0,0.0,0.0,0.0,0.9621549301622716,0.9644097631089089,0.7772639168195038,0.842771580152849,0.718820711726444,0.5247067539582406,0.23354000224623614,0.0,0.7176668083106363,0.7176668083106363
hrl,multi,0,off,0,931,-2.493344602448626,215.0,0.7808087468147278,0.7368783354759216,1,0.0,0.7174512054268956,7,0,off,0,0,0.0,0.0,0.0,0.9621549301622716,0.9419407055628234,0.823908205701246,0.8879653177091473,0.7219290352551221,0.38595525419815063,0.2983049893995078,0.0,0.7174512054268956,0.7174512054268956
hrl,multi,0,off,0,932,-2.5538823247619367,217.0,0.7762867212295532,0.7368783354759216,1,0.0,0.6994587557535734,7,0,off,0,0,0.0,0.0,0.0,0.9621549301622716,0.9589721298278469,0.7898932663219487,0.9021716368402182,0.6847976186390827,0.27362703399035226,0.32459467449329316,0.0,0.6994587557535734,0.6994587557535734
hrl,multi,0,off,0,933,-4.613662324157773,289.0,0.8397698402404785,0.7731971144676208,1,0.0,0.477157228960262,7,0,off,0,0,0.0,0.0,0.0,0.6686300097098671,0.9419407055628234,0.7005577851318916,-0.38128522883772,0.6813386266583563,0.4737570953139114,0.25516160918270503,0.0,0.477157228960262,0.477157228960262
hrl,multi,0,off,0,934,-2.394357870632081,212.0,0.784721851348877,0.74996417760849,1,0.0,0.7331515378060657,7,0,off,0,0,0.0,0.0,0.0,0.9499134141650842,0.9419407055628234,0.823908205701246,0.872695977961286,0.7018625957778284,0.5681928400598593,0.27354702541433185,0.0,0.7331515378060657,0.7331515378060657
hrl,multi,0,off,0,935,-2.486654511548106,215.0,0.7783520817756653,0.7470993995666504,1,0.0,0.7161209520006728,7,0,off,0,0,0.0,0.0,0.0,0.9561288512108524,0.9514068204592127,0.8097734925537161,0.8879653177091473,0.6296718231282316,0.4209573595880508,0.35694299935549906,0.0,0.7161209520006728,0.7161209520006728
hrl,multi,0,off,0,936,-2.3526353095425234,210.0,0.7700789570808411,0.7232506275177002,1,0.0,0.722665778961691,7,0,off,0,0,0.0,0.0,0.0,0.9621549301622716,0.9644097631089089,0.823908205701246,0.8662003460110039,0.7133705815767135,0.45312226425099444,0.27549436192069976,0.0,0.722665778961691,0.722665778961691
hrl,multi,0,off,0,937,-2.4370089785475217,214.0,0.7746328711509705,0.7232506275177002,1,0.0,0.7100662942930948,7,0,off,0,0,0.0,0.0,0.0,0.8898357707764977,0.9644097631089089,0.7898932663219487,0.8301903547643076,0.6568201463740384,0.5091819605904198,0.33013279811554197,0.0,0.7100662942930948,0.7100662942930948
hrl,multi,0,off,0,938,-2.4903072718123362,215.0,0.7825192809104919,0.7410153746604919,1,0.0,0.7178554517336532,7,0,off,0,0,0.0,0.0,0.0,0.9327390829823229,0.9589721298278469,0.7837128285025502,0.872695977961286,0.7219290352551221,0.4870244129038578,0.26791469470258666,0.0,0.7178554517336532,0.7178554517336532
hrl,multi,0,off,0,939,-4.620484127306263,286.0,0.8087644577026367,0.7179409861564636,1,0.0,0.44255033364381857,7,0,off,0,0,0.0,0.0,0.0,0.9657776238312316,-0.6372572553138254,0.6705102193233177,0.872695977961286,0.655125949605975,0.3368623663424263,0.23413745375631886,0.0,0.44255033364381857,0.44255033364381857
hrl,multi,0,off,0,940,-4.377926650891312,278.0,0.7940574288368225,0.7361997961997986,1,0.0,0.46574430765466923,7,0,off,0,0,0.0,0.0,0.0,0.9561288512108524,0.8699965966757888,-1.0210507771052488,0.872695977961286,0.7456321243902595,0.5681928400598593,0.26861454038988747,0.0,0.46574430765466923,0.46574430765466923
hrl,multi,0,off,0,941,-2.460468178887379,214.0,0.7849745154380798,0.7368783354759216,1,0.0,0.7282638150240403,7,0,off,0,0,0.0,0.0,0.0,0.9621549301622716,0.9419407055628234,0.8397734925537161,0.8564496156442981,0.688463486543072,0.4219848476480577,0.3870796270540425,0.0,0.7282638150240403,0.7282638150240403
hrl,multi,0,off,0,942,-5.419570209400266,300.0,0.8228568434715271,0.744671642780304,0,0.0,0.3458357276771694,7,0,off,0,0,0.0,0.0,0.0,0.30114583753340846,0.9514068204592127,0.6096067515978749,-0.8537958176988126,0.7456321243902595,0.5681928400598593,0.0986615373983839,0.0,0.3458357276771694,0.3458357276771694
hrl,multi,0,off,0,943,-5.53997195029042,300.0,0.7663139700889587,0.5037271976470947,0,0.0,0.2614950896064442,7,0,off,0,0,0.0,0.0,0.0,0.9305234453537763,0.9307698923672678,0.8097734925537161,0.8879653177091473,0.5459508816907879,-2.7301856529982373,0.45566825056865123,0.0,0.2614950896064442,0.2614950896064442
hrl,multi,0,off,0,944,-4.973517834241215,299.0,0.8351144790649414,0.7731971144676208,1,0.0,0.4230586828860815,7,0,off,0,0,0.0,0.0,0.0,0.8273291503376516,0.9419407055628234,-1.0136033643585685,0.872695977961286,0.5023160771152319,0.4821291752535516,0.34860305833059446,0.0,0.4230586828860815,0.4230586828860815
hrl,multi,0,off,0,945,-2.5238411137380123,216.0,0.7840633392333984,0.7319686412811279,1,0.0,0.7187657239588925,7,0,off,0,0,0.0,0.0,0.0,0.9553163538872521,0.9307698923672678,0.8072639168195038,0.8879653177091473,0.6629314426765132,0.5466280997261449,0.24048504452641853,0.0,0.7187657239588925,0.7187657239588925
hrl,multi,0,off,0,946,-3.2550078630284207,241.0,0.8077062368392944,0.7470993995666504,1,0.0,0.6333384145411683,7,0,off,0,0,0.0,0.0,0.0,0.9499134141650842,0.3192233635262406,0.8397734925537161,0.8879653177091473,0.6202334372706488,0.42324285914488763,0.3930170174184533,0.0,0.6333384145411683,0.6333384145411683
hrl,multi,0,off,0,947,-2.76389876240165,224.0,0.7841728925704956,0.7410153746604919,1,0.0,0.6854007474136548,7,0,off,0,0,0.0,0.0,0.0,0.87239769769879,0.9589721298278469,0.7363191573241011,0.7794197667267649,0.7258731612706408,0.5681928400598593,0.1566304789875791,0.0,0.6854007474136548,0.6854007474136548
hrl,multi,0,off,0,948,-5.618061039812165,300.0,0.8015667796134949,0.39469361305236816,0,0.0,0.28274132044671535,7,0,off,0,0,0.0,0.0,0.0,0.5695040608765387,0.5082406480225609,-1.5141419024139326,0.9021716368402182,0.590534038184116,0.5381928400598592,0.38468792155764703,0.0,0.28274132044671535,0.28274132044671535
hrl,multi,0,off,0,949,-6.55140370043664,300.0,0.6437287926673889,0.3603222072124481,0,0.0,-0.09250043761892468,7,0,off,0,0,0.0,0.0,0.0,-4.070713365646385,0.9589721298278469,0.42006427329107987,0.8393033675358211,0.365381461308268,0.49721081186861193,0.3422782584822842,0.0,-0.09250043761892468,-0.09250043761892468
hrl,multi,0,off,0,950,-3.8808989528560645,262.0,0.8198477625846863,0.7452986240386963,1,0.0,0.564787241787739,7,0,off,0,0,0.0,0.0,0.0,0.9435274930068701,0.897363145220572,0.395375805793022,0.35407450457221745,0.7034175575963473,0.3945507959628437,0.2652013903623005,0.0,0.564787241787739,0.564787241787739
hrl,multi,0,off,0,951,-2.3425557205977325,210.0,0.7755640745162964,0.7410153746604919,1,0.0,0.7305075972582197,7,0,off,0,0,0.0,0.0,0.0,0.8891128084094865,0.9589721298278469,0.7778354715582934,0.872695977961286,0.6901992866097014,0.5681928400598593,0.3565446663810633,0.0,0.7305075972582197,0.7305075972582197
hrl,multi,0,off,0,952,-3.0970073206489785,237.0,0.8053541779518127,0.74996417760849,1,0.0,0.6497963961178709,7,0,off,0,0,0.0,0.0,0.0,0.9199134141650842,0.5718636418219192,0.7598932663219486,0.9021716368402182,0.6157375530044238,0.45333051590655943,0.3256647447649429,0.0,0.6497963961178709,0.6497963961178709
hrl,multi,0,off,0,953,-3.403502812205684,246.0,0.8143494725227356,0.7470993995666504,1,0.0,0.6259809679312315,7,0,off,0,0,0.0,0.0,0.0,0.9274361270799607,0.3457971616612028,0.8097734925537161,0.8879653177091473,0.6918707305327194,0.36195196217059494,0.3570719838112794,0.0,0.6259809679312315,0.6259809679312315
hrl,multi,0,off,0,954,-2.791234202357,225.0,0.781199038028717,0.7437960505485535,1,0.0,0.6765767530672555,7,0,off,0,0,0.0,0.0,0.0,0.8873189609945993,0.9514068204592127,0.7986056201385241,0.8879653177091473,0.4063551951992543,0.5681928400598593,0.23619251691019186,0.0,0.6765767530672555,0.6765767530672555
hrl,multi,0,off,0,955,-2.4114457542879917,214.0,0.7849228978157043,0.7470993995666504,1,0.0,0.7277725131581425,7,0,off,0,0,0.0,0.0,0.0,0.9561288512108524,0.9419407055628234,0.8097734925537161,0.872695977961286,0.6798549274607778,0.48434950475172156,0.3496641326058201,0.0,0.7277725131581425,0.7277725131581425
hrl,multi,0,off,0,956,-2.4869957786973065,214.0,0.7711089253425598,0.7179409861564636,1,0.0,0.7104131364961068,7,0,off,0,0,0.0,0.0,0.0,0.9657776238312316,0.9589721298278469,0.8397734925537161,0.8235785082893542,0.6963865435678149,0.5681928400598593,0.12021081734292499,0.0,0.7104131364961068,0.7104131364961068
hrl,multi,0,off,0,957,-5.748279146157076,300.0,0.7545908093452454,0.3087889850139618,0,0.0,0.2175620789578703,7,0,off,0,0,0.0,0.0,0.0,0.9219934881339341,0.9514068204592127,0.4991971533241163,0.7794197667267649,-2.4071162613655632,0.5291806372546153,0.24885294817201198,0.0,0.2175620789578703,0.2175620789578703
hrl,multi,0,off,0,958,-2.559640814290609,217.0,0.7770881056785583,0.7368783354759216,1,0.0,0.705572015724911,7,0,off,0,0,0.0,0.0,0.0,0.9621549301622716,0.9589721298278469,0.7898932663219487,0.8662003460110039,0.5872480447203725,0.5681928400598593,0.2063425529710743,0.0,0.705572015724911,0.705572015724911
hrl,multi,0,off,0,959,-2.298806952944722,208.0,0.7777763605117798,0.7179409861564636,1,0.0,0.7442261459483775,7,0,off,0,0,0.0,0.0,0.0,0.9657776238312316,0.9589721298278469,0.7772639168195038,0.872695977961286,0.7128594160246353,0.5681928400598593,0.3538211171142807,0.0,0.7442261459483775,0.7442261459483775
hrl,multi,0,off,0,960,-2.324868968372461,209.0,0.7746689915657043,0.7232506275177002,1,0.0,0.7365526586390337,7,0,off,0,0,0.0,0.0,0.0,0.9499134141650842,0.9644097631089089,0.8397734925537161,0.8879653177091473,0.5554843727931809,0.5681928400598593,0.39012941008333957,0.0,0.7365526586390337,0.7365526586390337
hrl,multi,0,off,0,961,-2.3859582599322238,211.0,0.7743307948112488,0.7179409861564636,1,0.0,0.7273826790717278,7,0,off,0,0,0.0,0.0,0.0,0.9657776238312316,0.9589721298278469,0.747263916819504,0.8032033397146833,0.6619290352551219,0.5681928400598593,0.3863398679938469,0.0,0.7273826790717278,0.7273826790717278
hrl,multi,0,off,0,962,-2.7031621471885505,222.0,0.7768616080284119,0.7368783354759216,1,0.0,0.6809474964591163,7,0,off,0,0,0.0,0.0,0.0,0.9621549301622716,0.9514068204592127,0.8397734925537161,0.8879653177091473,0.5144977832405011,0.4253397691682662,0.1854943619206998,0.0,0.6809474964591163,0.6809474964591163
hrl,multi,0,off,0,963,-3.600694072953178,252.0,0.800993025302887,0.7232506275177002,1,0.0,0.5850616048976656,7,0,off,0,0,0.0,0.0,0.0,0.8537027933871767,0.9644097631089089,0.15602578506043738,0.8564496156442981,0.6608004424841982,0.4536159935673951,0.15042684103124385,0.0,0.5850616048976656,0.5850616048976656
hrl,multi,0,off,0,964,-5.6230394593876545,300.0,0.7809737324714661,0.4317247271537781,0,0.0,0.27067793892145625,7,0,off,0,0,0.0,0.0,0.0,0.9499134141650842,0.8882152247705822,0.5251011473631807,-0.33947238191920726,-1.1174855182672316,0.5466280997261449,0.44184558661164086,0.0,0.27067793892145625,0.27067793892145625
hrl,multi,0,off,0,965,-5.586638328935808,300.0,0.7816262245178223,0.4771970212459564,0,0.0,0.27894932149987234,7,0,off,0,0,0.0,0.0,0.0,0.9561288512108524,0.9514068204592127,0.793908205701246,0.16278780703042553,-1.71770786453364,0.44060585593456475,0.36551557469644536,0.0,0.27894932149987234,0.27894932149987234
hrl,multi,0,off,0,966,-4.157435736019093,271.0,0.8068819046020508,0.7470993995666504,1,0.0,0.5046383147899941,7,0,off,0,0,0.0,0.0,0.0,0.8762771762999447,0.9514068204592127,0.8097734925537161,0.8879653177091473,-0.7516842958416541,0.4049085752353116,0.3538211171142807,0.0,0.5046383147899941,0.5046383147899941
hrl,multi,0,off,0,967,-2.8172190430003594,226.0,0.779718816280365,0.7432529330253601,1,0.0,0.6712824290385121,7,0,off,0,0,0.0,0.0,0.0,0.9499134141650842,0.905189262337122,0.793908205701246,0.7862862228657511,0.6910425744286287,0.2155653399604735,0.3570719838112794,0.0,0.6712824290385121,0.6712824290385121
hrl,multi,0,off,0,968,-2.457729611151147,216.0,0.7769309878349304,0.7410153746604919,1,0.0,0.7020096095949319,7,0,off,0,0,0.0,0.0,0.0,0.9499134141650842,0.9589721298278469,0.8397734925537161,0.872695977961286,0.5971077096318032,0.4358645404454715,0.25974000257931495,0.0,0.7020096095949319,0.7020096095949319
hrl,multi,0,off,0,969,-2.896976966757783,228.0,0.7840301394462585,0.7018477320671082,1,0.0,0.6654112663407369,7,0,off,0,0,0.0,0.0,0.0,0.8601594572348404,0.9419407055628234,0.6728465494826119,0.8375481335702176,0.6257062689866626,0.4494342249487138,0.27024352459928846,0.0,0.6654112663407369,0.6654112663407369
hrl,multi,0,off,0,970,-3.0014070622878974,232.0,0.7932577729225159,0.7420971393585205,1,0.0,0.661727587816402,7,0,off,0,0,0.0,0.0,0.0,0.9499134141650842,0.8168322367270263,0.7451904982268888,0.8879653177091473,0.6370224546134056,0.5078745606116072,0.08729463266165449,0.0,0.661727587816402,0.661727587816402
hrl,multi,0,off,0,971,-3.740183875832864,257.0,0.8086370825767517,0.7452986240386963,1,0.0,0.5707720446778612,7,0,off,0,0,0.0,0.0,0.0,0.9135274930068701,-0.13722949403738685,0.8397734925537161,0.8879653177091473,0.7456321243902595,0.5415918709693606,0.20414350815306212,0.0,0.5707720446778612,0.5707720446778612
hrl,multi,0,off,0,972,-2.5530148325627593,217.0,0.7789724469184875,0.7368783354759216,1,0.0,0.7040696365064109,7,0,off,0,0,0.0,0.0,0.0,0.9621549301622716,0.9419407055628234,0.8397734925537161,0.9021716368402182,0.6813386266583563,0.2736259444880979,0.32748211927939225,0.0,0.7040696365064109,0.7040696365064109
hrl,multi,0,off,0,973,-2.445307806812916,213.0,0.7704883813858032,0.7232506275177002,1,0.0,0.7124212327565511,7,0,off,0,0,0.0,0.0,0.0,0.9621549301622716,0.9644097631089089,0.8397734925537161,0.7074514592931663,0.7056394551346701,0.5681928400598593,0.23932668898326528,0.0,0.7124212327565511,0.7124212327565511
hrl,multi,0,off,0,974,-2.405271821459749,212.0,0.7781535387039185,0.7410153746604919,1,0.0,0.7286617256426907,7,0,off,0,0,0.0,0.0,0.0,0.9499134141650842,0.9589721298278469,0.7292149005550126,0.872695977961286,0.7535201169726988,0.5681928400598593,0.2681226999570473,0.0,0.7286617256426907,0.7286617256426907
hrl,multi,0,off,0,975,-2.7024196479376323,222.0,0.7875072360038757,0.7368783354759216,1,0.0,0.6977306027529756,7,0,off,0,0,0.0,0.0,0.0,0.9621549301622716,0.9514068204592127,0.6636938631496613,0.8879653177091473,0.6996979718759516,0.5398521890156162,0.1793431268989686,0.0,0.6977306027529756,0.6977306027529756
hrl,multi,0,off,0,976,-2.768965893068808,224.0,0.7863301634788513,0.7179409861564636,1,0.0,0.686490509740758,7,0,off,0,0,0.0,0.0,0.0,0.9657776238312316,0.8886294709106541,0.747263916819504,0.8879653177091473,0.3905324150436301,0.5681928400598593,0.3570719838112794,0.0,0.686490509740758,0.686490509740758
hrl,multi,0,off,0,977,-2.2518341395095876,207.0,0.7775467038154602,0.7470993995666504,1,0.0,0.7453088016649408,7,0,off,0,0,0.0,0.0,0.0,0.9561288512108524,0.9514068204592127,0.8397734925537161,0.8410494403260589,0.7296979718759516,0.5681928400598593,0.3309121951689352,0.0,0.7453088016649408,0.7453088016649408
hrl,multi,0,off,0,978,-2.7937350130756293,225.0,0.7790001630783081,0.7368783354759216,1,0.0,0.6720065718809435,7,0,off,0,0,0.0,0.0,0.0,0.9621549301622716,0.9514068204592127,0.823908205701246,0.7967497138730929,0.6986170293869653,0.3027975673691674,0.16841173621464825,0.0,0.6720065718809435,0.6720065718809435
hrl,multi,0,off,0,979,-2.3827989705966273,211.0,0.769310474395752,0.7232506275177002,1,0.0,0.7227846375461083,7,0,off,0,0,0.0,0.0,0.0,0.8833880329274242,0.9644097631089089,0.8381719263597154,0.8667583833729133,0.6996060915114082,0.4779069860152345,0.32925127952715394,0.0,0.7227846375461083,0.7227846375461083
hrl,multi,0,off,0,980,-2.400019236732038,212.0,0.774506151676178,0.7438477277755737,1,0.0,0.7209471181440589,7,0,off,0,0,0.0,0.0,0.0,0.9162064174755901,0.9514068204592127,0.8097734925537161,0.8332406504196309,0.7535201169726988,0.5091819605904198,0.27330036853714407,0.0,0.7209471181440589,0.7209471181440589
hrl,multi,0,off,0,981,-5.61718520008526,300.0,0.7636981010437012,0.44498947262763977,0,0.0,0.25165085486301775,7,0,off,0,0,0.0,0.0,0.0,0.8883648996888804,0.9589721298278469,0.6428465494826119,-2.405707280480222,0.749630562943375,0.5104227631716813,0.4170263594069507,0.0,0.25165085486301775,0.25165085486301775
hrl,multi,0,off,0,982,-2.49739333010511,215.0,0.7800974249839783,0.7232506275177002,1,0.0,0.7178041886607349,7,0,off,0,0,0.0,0.0,0.0,0.9561288512108524,0.9644097631089089,0.8397734925537161,0.8213268171220522,0.7178482722647348,0.45434950475172153,0.270792619613158,0.0,0.7178041886607349,0.7178041886607349
hrl,multi,0,off,0,983,-2.505953784374283,215.0,0.7688801884651184,0.7179409861564636,1,0.0,0.7028910623200385,7,0,off,0,0,0.0,0.0,0.0,0.9657776238312316,0.9644097631089089,0.8097734925537161,0.8879653177091473,0.6085729706929824,0.5681928400598593,0.1155454282844251,0.0,0.7028910623200385,0.7028910623200385
hrl,multi,0,off,0,984,-2.4643472765560688,214.0,0.7747060060501099,0.7368783354759216,1,0.0,0.717809317823899,7,0,off,0,0,0.0,0.0,0.0,0.9621549301622716,0.9589721298278469,0.7526202771200465,0.8879653177091473,0.7223895555263208,0.5291806372546153,0.21138237716704494,0.0,0.717809317823899,0.717809317823899
hrl,multi,0,off,0,985,-2.737862242843249,223.0,0.7811009287834167,0.7232506275177002,1,0.0,0.6876069876053797,7,0,off,0,0,0.0,0.0,0.0,0.9561288512108524,0.9644097631089089,0.793908205701246,0.872695977961286,0.5807782311431592,0.36008933890892936,0.28523854520327696,0.0,0.6876069876053797,0.6876069876053797
hrl,multi,0,off,0,986,-2.643341817636968,220.0,0.779719889163971,0.7368783354759216,1,0.0,0.69500450482196,7,0,off,0,0,0.0,0.0,0.0,0.9621549301622716,0.9256039182358788,0.8397734925537161,0.8879653177091473,0.7156321243902595,0.39191247731603357,0.14198927338641298,0.0,0.69500450482196,0.69500450482196
hrl,multi,0,off,0,987,-2.4402073764160708,213.0,0.7753328680992126,0.7232506275177002,1,0.0,0.7205270255909731,7,0,off,0,0,0.0,0.0,0.0,0.9621549301622716,0.9644097631089089,0.7261712296320474,0.9021716368402182,0.7370421035196262,0.5681928400598593,0.18354667581388034,0.0,0.7205270255909731,0.7205270255909731
hrl,multi,0,off,0,988,-2.592310234453756,218.0,0.7776297330856323,0.7179409861564636,1,0.0,0.7059861722088466,7,0,off,0,0,0.0,0.0,0.0,0.9657776238312316,0.9043393404700396,0.8397734925537161,0.872695977961286,0.6694682124285037,0.48363257333751164,0.2062159848796374,0.0,0.7059861722088466,0.7059861722088466
hrl,multi,0,off,0,989,-2.814661538038627,227.0,0.7800370454788208,0.7368783354759216,1,0.0,0.6679376105461523,7,0,off,0,0,0.0,0.0,0.0,0.9621549301622716,0.8022932343488677,0.763908205701246,0.872695977961286,0.5841645163933005,0.36046070306537603,0.3298857061907182,0.0,0.6679376105461523,0.6679376105461523
hrl,multi,0,off,0,990,-2.7393930314201795,223.0,0.781216561794281,0.7319686412811279,1,0.0,0.684951898916082,7,0,off,0,0,0.0,0.0,0.0,0.9553163538872521,0.9419407055628234,0.823908205701246,0.8879653177091473,0.58935351837996,0.5681928400598593,0.027986351112285757,0.0,0.684951898916082,0.684951898916082
hrl,multi,0,off,0,991,-2.587887605725549,218.0,0.7814026474952698,0.7319686412811279,1,0.0,0.7070407058676728,7,0,off,0,0,0.0,0.0,0.0,0.9553163538872521,0.9514068204592127,0.7772639168195038,0.9021716368402182,0.5732381424395863,0.5466280997261449,0.2432599709017909,0.0,0.7070407058676728,0.7070407058676728
hrl,multi,0,off,0,992,-2.724711994252858,222.0,0.7708424925804138,0.7075472474098206,1,0.0,0.6752485666431787,7,0,off,0,0,0.0,0.0,0.0,0.9158117957638722,0.9644097631089089,0.6937260137055279,0.8879653177091473,0.726386543567815,0.1546194155326995,0.38382111711428074,0.0,0.6752485666431787,0.6752485666431787
hrl,multi,0,off,0,993,-5.452552499656127,300.0,0.8076297044754028,0.6391489505767822,0,0.0,0.3213489543022124,7,0,off,0,0,0.0,0.0,0.0,-1.2216318092462257,0.9589721298278469,0.7406564301821384,0.6991754822013493,0.5013814840284407,0.40825617066484876,0.16263279245708834,0.0,0.3213489543022124,0.3213489543022124
hrl,multi,0,off,0,994,-2.456772750021184,214.0,0.7812609672546387,0.754544198513031,1,0.0,0.7239941922534155,7,0,off,0,0,0.0,0.0,0.0,0.9561288512108524,0.9419407055628234,0.793908205701246,0.9021716368402182,0.6054876963155705,0.5681928400598593,0.30012941008333965,0.0,0.7239941922534155,0.7239941922534155
hrl,multi,0,off,0,995,-6.575944128552527,300.0,0.6410126686096191,0.33614543080329895,0,0.0,-0.08370405028583495,7,0,off,0,0,0.0,0.0,0.0,0.9621549301622716,-4.411916686361595,0.7797734925537161,0.8879653177091473,0.365381461308268,0.4955666481040659,0.3351464845232812,0.0,-0.08370405028583495,-0.08370405028583495
hrl,multi,0,off,0,996,-5.654556356228559,300.0,0.7693300843238831,0.40195000171661377,0,0.0,0.25072471419259573,7,0,off,0,0,0.0,0.0,0.0,0.9008128120100114,-0.7239758818596997,0.7772639168195038,0.7794197667267649,0.689800205957848,-1.0738490966266572,0.40560127632039883,0.0,0.25072471419259573,0.25072471419259573
hrl,multi,0,off,0,997,-2.1801590486709017,204.0,0.772717297077179,0.7232506275177002,1,0.0,0.7547110223164921,7,0,off,0,0,0.0,0.0,0.0,0.9621549301622716,0.9644097631089089,0.8397734925537161,0.872695977961286,0.7219290352551221,0.5381928400598592,0.38382111711428074,0.0,0.7547110223164921,0.7547110223164921
hrl,multi,0,off,0,998,-2.7253259401104795,223.0,0.7882781028747559,0.74996417760849,1,0.0,0.694317875372284,7,0,off,0,0,0.0,0.0,0.0,0.9499134141650842,0.812094112493107,0.6640334131735924,0.9021716368402182,0.6699985937598457,0.5681928400598593,0.2938211171142807,0.0,0.694317875372284,0.694317875372284
hrl,multi,0,off,0,999,-2.88178351489244,228.0,0.7830864787101746,0.7368783354759216,1,0.0,0.6665544527454971,7,0,off,0,0,0.0,0.0,0.0,0.9621549301622716,0.9307698923672678,0.8397734925537161,0.7999393554074327,0.39057494487099165,0.5681928400598593,0.17447571379694055,0.0,0.6665544527454971,0.6665544527454971
hrl,multi,0,off,0,1000,-2.414230726318196,212.0,0.7703027725219727,0.7179409861564636,1,0.0,0.7179687600743649,7,0,off,0,0,0.0,0.0,0.0,0.9657776238312316,0.9589721298278469,0.7857976239816624,0.9021716368402182,0.7535201169726988,0.3938054489958081,0.2657367400710887,0.0,0.7179687600743649,0.7179687600743649
hrl,multi,0,off,0,1001,-2.4639258674683457,214.0,0.7802505493164062,0.7410153746604919,1,0.0,0.7225617308939042,7,0,off,0,0,0.0,0.0,0.0,0.9561288512108524,0.9589721298278469,0.8072639168195038,0.8316647137291553,0.7258731612706408,0.4209573595880508,0.3570719838112794,0.0,0.7225617308939042,0.7225617308939042
hrl,multi,0,off,0,1002,-3.076873668328618,234.0,0.7848370671272278,0.7179409861564636,1,0.0,0.641068427538672,7,0,off,0,0,0.0,0.0,0.0,0.9357776238312315,0.9453207190099135,0.8397734925537161,0.842771580152849,0.6980106574456921,-0.15483649199828792,0.3806614117755906,0.0,0.641068427538672,0.641068427538672
hrl,multi,0,off,0,1003,-3.004938231434198,232.0,0.7901734113693237,0.7232506275177002,1,0.0,0.6590610096252503,7,0,off,0,0,0.0,0.0,0.0,0.9621549301622716,0.9644097631089089,0.7772639168195038,0.872695977961286,0.41558645066922095,0.41080963993373265,0.2105063887218273,0.0,0.6590610096252503,0.6590610096252503
hrl,multi,0,off,0,1004,-2.2277712742518614,206.0,0.7756226658821106,0.7232506275177002,1,0.0,0.7498231846770507,7,0,off,0,0,0.0,0.0,0.0,0.9621549301622716,0.9644097631089089,0.8397734925537161,0.8393033675358211,0.7178482722647348,0.5681928400598593,0.35707962705404245,0.0,0.7498231846770507,0.7498231846770507
hrl,multi,0,off,0,1005,-2.2925570285331873,208.0,0.7712798714637756,0.7232506275177002,1,0.0,0.735327888911128,7,0,off,0,0,0.0,0.0,0.0,0.9621549301622716,0.9644097631089089,0.8097734925537161,0.8879653177091473,0.6577268949727129,0.5681928400598593,0.2970719838112795,0.0,0.735327888911128,0.735327888911128
hrl,multi,0,off,0,1006,-2.7225302008364736,223.0,0.7856398224830627,0.74996417760849,1,0.0,0.690448868030168,7,0,off,0,0,0.0,0.0,0.0,0.9499134141650842,0.9039743325155343,0.823908205701246,0.8667583833729133,0.6401511821360103,0.4069597948729045,0.24147676344748376,0.0,0.690448868030168,0.690448868030168
hrl,multi,0,off,0,1007,-4.017921261560392,266.0,0.811795175075531,0.7179409861564636,1,0.0,0.5395821682197752,7,0,off,0,0,0.0,0.0,0.0,0.9657776238312316,0.9644097631089089,0.4853758057930219,0.872695977961286,-0.3449380823243654,0.5381928400598592,0.29556124910848436,0.0,0.5395821682197752,0.5395821682197752
hrl,multi,0,off,0,1008,-2.3816278797818775,211.0,0.7813839316368103,0.7179409861564636,1,0.0,0.7404716794119712,7,0,off,0,0,0.0,0.0,0.0,0.9657776238312316,0.9256039182358788,0.7394685198818314,0.8879653177091473,0.7456321243902595,0.5681928400598593,0.35066141177559057,0.0,0.7404716794119712,0.7404716794119712
hrl,multi,0,off,0,1009,-6.033319868657969,300.0,0.7480680346488953,0.43804264068603516,0,0.0,0.1729476973696082,7,0,off,0,0,0.0,0.0,0.0,0.9657776238312316,0.9180647595049319,0.793908205701246,-2.854870638615277,0.749630562943375,0.45565228210599745,0.18247108611575233,0.0,0.1729476973696082,0.1729476973696082
hrl,multi,0,off,0,1010,-2.1449821636639523,203.0,0.7753517031669617,0.7179409861564636,1,0.0,0.7628627428728204,7,0,off,0,0,0.0,0.0,0.0,0.9657776238312316,0.93633936662115,0.823908205701246,0.9021716368402182,0.7535201169726988,0.5681928400598593,0.39012941008333957,0.0,0.7628627428728204,0.7628627428728204
hrl,multi,0,off,0,1011,-5.451590760265849,300.0,0.8208137154579163,0.6779530644416809,0,0.0,0.33876007082749343,7,0,off,0,0,0.0,0.0,0.0,-0.9821404717130234,0.6079740031500158,0.781489578479599,0.8225394462735257,0.662399315403035,0.41893675124051555,0.06012187295878674,0.0,0.33876007082749343,0.33876007082749343
hrl,multi,0,off,0,1012,-2.3830382089724265,211.0,0.7691203355789185,0.7179409861564636,1,0.0,0.7190145845004997,7,0,off,0,0,0.0,0.0,0.0,0.9657776238312316,0.9644097631089089,0.7797734925537162,0.8879653177091473,0.7175297129705176,0.5078745606116072,0.20977162071836916,0.0,0.7190145845004997,0.7190145845004997
hrl,multi,0,off,0,1013,-5.447177962027588,300.0,0.8033114671707153,0.7179409861564636,0,0.0,0.3200211942747897,7,0,off,0,0,0.0,0.0,0.0,0.9657776238312316,-1.4104978875698475,0.7426667023586377,0.8410494403260589,0.5983844372899743,0.5381928400598592,-0.03542479637238646,0.0,0.3200211942747897,0.3200211942747897
hrl,multi,0,off,0,1014,-2.4392483123904056,213.0,0.7768061757087708,0.7232506275177002,1,0.0,0.7215695486424804,7,0,off,0,0,0.0,0.0,0.0,0.9621549301622716,0.9644097631089089,0.823908205701246,0.872695977961286,0.7093003885868702,0.5092279943004074,0.2092895806763717,0.0,0.7215695486424804,0.7215695486424804
hrl,multi,0,off,0,1015,-2.6532755418622327,220.0,0.7700223922729492,0.7232506275177002,1,0.0,0.6833036084083989,7,0,off,0,0,0.0,0.0,0.0,0.9621549301622716,0.9644097631089089,0.8097734925537161,0.8503730112080717,0.4819030554240623,0.5681928400598593,0.14631816634190328,0.0,0.6833036084083989,0.6833036084083989
hrl,multi,0,off,0,1016,-6.593246566307072,300.0,0.658056378364563,0.3108123242855072,0,0.0,-0.05845049338810908,7,0,off,0,0,0.0,0.0,0.0,0.9657776238312316,0.9589721298278469,0.8072639168195038,0.55876996507897,0.2719549821587121,-4.340721152609883,0.36882908117685537,0.0,-0.05845049338810908,-0.05845049338810908
hrl,multi,0,off,0,1017,-2.6699894759117075,221.0,0.7823553681373596,0.7470993995666504,1,0.0,0.6956944037105154,7,0,off,0,0,0.0,0.0,0.0,0.9479695733888247,0.902083398902535,0.8397734925537161,0.8879653177091473,0.7136060728589517,0.4625696443562115,0.11589332620422205,0.0,0.6956944037105154,0.6956944037105154
hrl,multi,0,off,0,1018,-2.191754971079057,206.0,0.7655469179153442,0.7179409861564636,1,0.0,0.7368710498040493,7,0,off,0,0,0.0,0.0,0.0,0.9657776238312316,0.9644097631089089,0.8097734925537161,0.8353451099498248,0.6851259496059751,0.5681928400598593,0.3294725695188284,0.0,0.7368710498040493,0.7368710498040493
hrl,multi,0,off,0,1019,-6.025312460352877,300.0,0.7720361948013306,0.36358097195625305,0,0.0,0.1816956020816029,7,0,off,0,0,0.0,0.0,0.0,0.9499134141650842,0.9514068204592127,-0.5523390914124836,-1.0007734122431504,0.612904930882952,-0.05195576620717136,0.36271231892677686,0.0,0.1816956020816029,0.1816956020816029
hrl,multi,0,off,0,1020,-4.8821149884510335,295.0,0.8108350038528442,0.7452986240386963,1,0.0,0.4098053722465314,7,0,off,0,0,0.0,0.0,0.0,0.9435274930068701,-1.2008637604432604,0.8397734925537161,0.9021716368402182,0.6424993722054887,0.5681928400598593,0.17333653150282768,0.0,0.4098053722465314,0.4098053722465314
hrl,multi,0,off,0,1021,-3.084171977714857,235.0,0.8071494698524475,0.7470993995666504,1,0.0,0.6643408897792387,7,0,off,0,0,0.0,0.0,0.0,0.9561288512108524,0.291259145761686,0.8397734925537161,0.9021716368402182,0.7334175575963473,0.567749838301132,0.3598857061907182,0.0,0.6643408897792387,0.6643408897792387
hrl,multi,0,off,0,1022,-2.0864115157991177,201.0,0.7665689587593079,0.7179409861564636,1,0.0,0.7598684845251763,7,0,off,0,0,0.0,0.0,0.0,0.9657776238312316,0.9644097631089089,0.8397734925537161,0.9021716368402182,0.692414167288453,0.5381928400598592,0.4163398679938469,0.0,0.7598684845251763,0.7598684845251763
hrl,multi,0,off,0,1023,-2.5218790368072166,216.0,0.7854347825050354,0.7368783354759216,1,0.0,0.7208400808145996,7,0,off,0,0,0.0,0.0,0.0,0.9621549301622716,0.9514068204592127,0.714050254141779,0.8879653177091473,0.749630562943375,0.5108129730714243,0.2698597072149879,0.0,0.7208400808145996,0.7208400808145996
hrl,multi,0,off,0,1024,-2.463992775166403,214.0,0.7812029123306274,0.7232506275177002,1,0.0,0.723579531095174,7,0,off,0,0,0.0,0.0,0.0,0.9423071873409768,0.9644097631089089,0.7898932663219487,0.872695977961286,0.6610425744286287,0.5681928400598593,0.2665151084446101,0.0,0.723579531095174,0.723579531095174
hrl,multi,0,off,0,1025,-2.4692464127833897,214.0,0.7742311358451843,0.7271922826766968,1,0.0,0.7153110220238531,7,0,off,0,0,0.0,0.0,0.0,0.9561288512108524,0.8821893154960176,0.793908205701246,0.9021716368402182,0.6583197314136547,0.4545737073142651,0.3598857061907182,0.0,0.7153110220238531,0.7153110220238531
hrl,multi,0,off,0,1026,-2.263451729554215,207.0,0.7695990204811096,0.7179409861564636,1,0.0,0.7373014781093836,7,0,off,0,0,0.0,0.0,0.0,0.9657776238312316,0.9644097631089089,0.823908205701246,0.9021716368402182,0.6095782934129408,0.5681928400598593,0.3270719838112794,0.0,0.7373014781093836,0.7373014781093836
hrl,multi,0,off,0,1027,-2.447805115525839,213.0,0.7731038928031921,0.7179409861564636,1,0.0,0.7173196524927749,7,0,off,0,0,0.0,0.0,0.0,0.9657776238312316,0.9644097631089089,0.7898932663219487,0.8879653177091473,0.6887379086610037,0.42392117149651576,0.3005325163206678,0.0,0.7173196524927749,0.7173196524927749
hrl,multi,0,off,0,1028,-2.6789984498650217,221.0,0.7858697772026062,0.7214797139167786,1,0.0,0.6977377746815626,7,0,off,0,0,0.0,0.0,0.0,0.9145549911388201,0.9589721298278469,0.8397734925537161,0.6168606643691743,0.749630562943375,0.5452930462091005,0.25907953572890546,0.0,0.6977377746815626,0.6977377746815626
hrl,multi,0,off,0,1029,-5.428661517606093,300.0,0.818472683429718,0.7410153746604919,0,0.0,0.3312459451207533,7,0,off,0,0,0.0,0.0,0.0,0.8681821436001274,0.9589721298278469,0.6982472424831279,-1.539705551961047,0.6160971297817532,0.5452930462091005,0.17163547590436445,0.0,0.3312459451207533,0.3312459451207533
hrl,multi,0,off,0,1030,-2.5594601507321872,217.0,0.7799701690673828,0.7410153746604919,1,0.0,0.705598289604487,7,0,off,0,0,0.0,0.0,0.0,0.9561288512108524,0.9589721298278469,0.8072639168195038,0.8879653177091473,0.5421705178153353,0.5452930462091005,0.24139424763962236,0.0,0.705598289604487,0.705598289604487
hrl,multi,0,off,0,1031,-2.4352121154917326,212.0,0.7675443291664124,0.7179409861564636,1,0.0,0.7077500901145372,7,0,off,0,0,0.0,0.0,0.0,0.9657776238312316,0.9644097631089089,0.793908205701246,0.8514705372015018,0.7136060728589517,0.30494901801658053,0.3601294100833396,0.0,0.7077500901145372,0.7077500901145372
hrl,multi,0,off,0,1032,-3.6823924956843106,255.0,0.8022685647010803,0.7368783354759216,1,0.0,0.5686234955010211,7,0,off,0,0,0.0,0.0,0.0,0.9621549301622716,0.9589721298278469,-0.30129570147489726,0.8879653177091473,0.5703428922387614,0.5691989738051247,0.33302592623889266,0.0,0.5686234955010211,0.5686234955010211
hrl,multi,0,off,0,1033,-2.087441269943956,201.0,0.7694570422172546,0.7179409861564636,1,0.0,0.7595327434725359,7,0,off,0,0,0.0,0.0,0.0,0.9657776238312316,0.9644097631089089,0.8397734925537161,0.8879653177091473,0.7296979718759516,0.5681928400598593,0.3609121951689352,0.0,0.7595327434725359,0.7595327434725359
hrl,multi,0,off,0,1034,-2.4445042883430106,213.0,0.772059440612793,0.7179409861564636,1,0.0,0.7151172652532649,7,0,off,0,0,0.0,0.0,0.0,0.9657776238312316,0.9589721298278469,0.8397734925537161,0.872695977961286,0.6932646254836691,0.4482237047282959,0.22711330238680896,0.0,0.7151172652532649,0.7151172652532649
hrl,multi,0,off,0,1035,-2.41439674571389,212.0,0.7679315805435181,0.7179409861564636,1,0.0,0.7150425622377823,7,0,off,0,0,0.0,0.0,0.0,0.9657776238312316,0.9644097631089089,0.8397734925537161,0.8253522307796881,0.6931599257676141,0.5381928400598592,0.17863205956345807,0.0,0.7150425622377823,0.7150425622377823
hrl,multi,0,off,0,1036,-2.851358160664085,227.0,0.7794017195701599,0.7410153746604919,1,0.0,0.6645756041490805,7,0,off,0,0,0.0,0.0,0.0,0.9561288512108524,0.9589721298278469,0.8397734925537161,0.5625516923533003,0.5863167870413056,0.48504419860850023,0.2632420774480416,0.0,0.6645756041490805,0.6645756041490805
hrl,multi,0,off,0,1037,-2.589903155103085,220.0,0.7845944762229919,0.7368783354759216,1,0.0,0.7025469483588315,7,0,off,0,0,0.0,0.0,0.0,0.9621549301622716,0.9419407055628234,0.7898932663219487,0.7585384116076412,0.749630562943375,0.4274147900626478,0.28825597185111185,0.0,0.7025469483588315,0.7025469483588315
hrl,multi,0,off,0,1038,-2.1112615425337533,202.0,0.7696218490600586,0.7232506275177002,1,0.0,0.7593873321477339,7,0,off,0,0,0.0,0.0,0.0,0.9621549301622716,0.9644097631089089,0.8397734925537161,0.9021716368402182,0.7219290352551221,0.5681928400598593,0.3570796270540425,0.0,0.7593873321477339,0.7593873321477339
hrl,multi,0,off,0,1039,-4.431147645198506,280.0,0.8193605542182922,0.7232506275177002,1,0.0,0.48468334175724753,7,0,off,0,0,0.0,0.0,0.0,0.822351489276991,0.9644097631089089,0.793908205701246,-0.8006481047797214,0.7456321243902595,0.5681928400598593,0.29893707454318963,0.0,0.48468334175724753,0.48468334175724753
hrl,multi,0,off,0,1040,-2.291280536944975,208.0,0.7759107947349548,0.7232506275177002,1,0.0,0.7456515801526782,7,0,off,0,0,0.0,0.0,0.0,0.9621549301622716,0.9644097631089089,0.7898932663219487,0.8579653177091473,0.7178482722647348,0.5466280997261449,0.3806614117755906,0.0,0.7456515801526782,0.7456515801526782
hrl,multi,0,off,0,1041,-2.2976258477836353,210.0,0.7723172307014465,0.7232506275177002,1,0.0,0.7261827667618033,7,0,off,0,0,0.0,0.0,0.0,0.9621549301622716,0.9644097631089089,0.8072639168195038,0.9021716368402182,0.7178482722647348,0.4946540236792646,0.23477682445772186,0.0,0.7261827667618033,0.7261827667618033
hrl,multi,0,off,0,1042,-2.399558690014523,214.0,0.7861500382423401,0.7470993995666504,1,0.0,0.7271305069085034,7,0,off,0,0,0.0,0.0,0.0,0.9479695733888247,0.8740524657668771,0.8097734925537161,0.872695977961286,0.7061528374318442,0.5254480841426952,0.3538211171142807,0.0,0.7271305069085034,0.7271305069085034
hrl,multi,0,off,0,1043,-2.125712196534731,205.0,0.7762059569358826,0.7470993995666504,1,0.0,0.753252844878186,7,0,off,0,0,0.0,0.0,0.0,0.9561288512108524,0.9514068204592127,0.8397734925537161,0.9021716368402182,0.749630562943375,0.5198374330256466,0.3538211171142807,0.0,0.753252844878186,0.753252844878186
hrl,multi,0,off,0,1044,-2.2334911829687174,206.0,0.7712914347648621,0.722710371017456,1,0.0,0.737992841764129,7,0,off,0,0,0.0,0.0,0.0,0.8329619879880281,0.9589721298278469,0.8397734925537161,0.9021716368402182,0.7296979718759516,0.5152930462091004,0.3870796270540425,0.0,0.737992841764129,0.737992841764129
hrl,multi,0,off,0,1045,-2.3830468981712998,211.0,0.7745501399040222,0.7232506275177002,1,0.0,0.7195568424821525,7,0,off,0,0,0.0,0.0,0.0,0.8950787027080045,0.9644097631089089,0.8397734925537161,0.7538541677758631,0.7456321243902595,0.45180977884446816,0.3863398679938469,0.0,0.7195568424821525,0.7195568424821525
hrl,multi,0,off,0,1046,-2.356102016469225,210.0,0.7736631631851196,0.7179409861564636,1,0.0,0.7278498452411605,7,0,off,0,0,0.0,0.0,0.0,0.9357776238312315,0.9514068204592127,0.8097734925537161,0.8879653177091473,0.6348750601126367,0.4888107340283319,0.38633986799384684,0.0,0.7278498452411605,0.7278498452411605
hrl,multi,0,off,0,1047,-2.4630903510947175,214.0,0.7831413149833679,0.7275054454803467,1,0.0,0.7267652047509571,7,0,off,0,0,0.0,0.0,0.0,0.9128524769150597,0.9137528565764061,0.7765197392687102,0.8376678092375689,0.749630562943375,0.5681928400598593,0.32874014825572057,0.0,0.7267652047509571,0.7267652047509571
hrl,multi,0,off,0,1048,-5.5130022338709805,300.0,0.7848181128501892,0.5981429219245911,0,0.0,0.2935665720360319,7,0,off,0,0,0.0,0.0,0.0,-2.2716687128416417,0.9514068204592127,0.8397734925537161,0.8564496156442981,0.7535201169726988,0.4479069860152345,0.4775776854487051,0.0,0.2935665720360319,0.2935665720360319
hrl,multi,0,off,0,1049,-2.0821657298028002,201.0,0.7698301672935486,0.7232506275177002,1,0.0,0.7639764245970467,7,0,off,0,0,0.0,0.0,0.0,0.9621549301622716,0.9644097631089089,0.8397734925537161,0.9021716368402182,0.7273111923400724,0.5681928400598593,0.38382111711428074,0.0,0.7639764245970467,0.7639764245970467
hrl,multi,0,off,0,1050,-2.5912175441777734,218.0,0.7769380211830139,0.7319686412811279,1,0.0,0.7012276835785318,7,0,off,0,0,0.0,0.0,0.0,0.9553163538872521,0.9514068204592127,0.823908205701246,0.9021716368402182,0.6192737888194647,0.39067083040609824,0.2658461489362305,0.0,0.7012276835785318,0.7012276835785318
hrl,multi,0,off,0,1051,-2.6383028219453912,220.0,0.7854291200637817,0.7410153746604919,1,0.0,0.7026647797375322,7,0,off,0,0,0.0,0.0,0.0,0.9561288512108524,0.9589721298278469,0.674309710728679,0.8517551237860628,0.7296979718759516,0.48289305386266135,0.26489661687067056,0.0,0.7026647797375322,0.7026647797375322
hrl,multi,0,off,0,1052,-2.5827933305269037,218.0,0.7858530879020691,0.7368783354759216,1,0.0,0.7123496303665459,7,0,off,0,0,0.0,0.0,0.0,0.9621549301622716,0.9514068204592127,0.7038840672063799,0.8879653177091473,0.7296979718759516,0.48363257333751164,0.26770573181534574,0.0,0.7123496303665459,0.7123496303665459
hrl,multi,0,off,0,1053,-2.6482658348279,220.0,0.7774929404258728,0.7232506275177002,1,0.0,0.693011613146736,7,0,off,0,0,0.0,0.0,0.0,0.9621549301622716,0.9644097631089089,0.7531611244297174,0.8410494403260589,0.5844811859824272,0.5081928400598592,0.23763200795790873,0.0,0.693011613146736,0.693011613146736
hrl,multi,0,off,0,1054,-2.4754735252750053,214.0,0.7771172523498535,0.7179409861564636,1,0.0,0.7208277464353988,7,0,off,0,0,0.0,0.0,0.0,0.9657776238312316,0.9644097631089089,0.7338840672063799,0.8879653177091473,0.7535201169726988,0.42130620147769626,0.31893113474172896,0.0,0.7208277464353988,0.7208277464353988
hrl,multi,0,off,0,1055,-3.58578631002105,252.0,0.8047828078269958,0.7232506275177002,1,0.0,0.5822204469576172,7,0,off,0,0,0.0,0.0,0.0,0.9115983942740867,0.9644097631089089,-0.12019791827517062,0.8879653177091473,0.6014381688089052,0.5681928400598593,0.26213656301758403,0.0,0.5822204469576172,0.5822204469576172
hrl,multi,0,off,0,1056,-2.552524234473234,217.0,0.7790774703025818,0.7470993995666504,1,0.0,0.7080834748708741,7,0,off,0,0,0.0,0.0,0.0,0.9561288512108524,0.9419407055628234,0.8097734925537161,0.9021716368402182,0.7771077096318034,0.33194618315927404,0.23751574513743143,0.0,0.7080834748708741,0.7080834748708741
hrl,multi,0,off,0,1057,-4.464265877231153,281.0,0.8126328587532043,0.722091794013977,1,0.0,0.4697129880997371,7,0,off,0,0,0.0,0.0,0.0,0.906368086043286,-0.7243648385561644,0.823908205701246,0.872695977961286,0.48411866167736745,0.5681928400598593,0.3570719838112794,0.0,0.4697129880997371,0.4697129880997371
hrl,multi,0,off,0,1058,-2.8652386836346584,229.0,0.7763442993164062,0.7232506275177002,1,0.0,0.6455256480941183,7,0,off,0,0,0.0,0.0,0.0,0.8405725722515678,0.9644097631089089,0.8397734925537161,0.7451983577291725,0.3157546983182436,0.5466280997261449,0.26634255297107423,0.0,0.6455256480941183,0.6455256480941183
hrl,multi,0,off,0,1059,-3.572683350978756,251.0,0.7982035875320435,0.7179409861564636,1,0.0,0.5838538448239197,7,0,off,0,0,0.0,0.0,0.0,0.9657776238312316,0.9589721298278469,0.8397734925537161,0.872695977961286,-0.3112134863572604,0.5466280997261449,0.2143430762244724,0.0,0.5838538448239197,0.5838538448239197
hrl,multi,0,off,0,1060,-2.323349603980311,209.0,0.7710959315299988,0.7214797139167786,1,0.0,0.7359281500379554,7,0,off,0,0,0.0,0.0,0.0,0.9145549911388201,0.9589721298278469,0.793908205701246,0.9021716368402182,0.749630562943375,0.4515981120385907,0.3806614117755906,0.0,0.7359281500379554,0.7359281500379554
hrl,multi,0,off,0,1061,-5.475950568637925,300.0,0.7864453196525574,0.6577385663986206,0,0.0,0.3003434539148947,7,0,off,0,0,0.0,0.0,0.0,0.9621549301622716,0.9514068204592127,-1.857337949020816,0.7774936718882399,0.5996496265171247,0.4219848476480577,0.2470522297501725,0.0,0.3003434539148947,0.3003434539148947
hrl,multi,0,off,0,1062,-2.344752712210171,210.0,0.7777778506278992,0.7368783354759216,1,0.0,0.7321438609125989,7,0,off,0,0,0.0,0.0,0.0,0.9621549301622716,0.9589721298278469,0.7237038444028061,0.9021716368402182,0.6756394551346702,0.5452930462091005,0.3570719838112794,0.0,0.7321438609125989,0.7321438609125989
hrl,multi,0,off,0,1063,-2.2670665080973382,207.0,0.7707093954086304,0.7232506275177002,1,0.0,0.7400223301502796,7,0,off,0,0,0.0,0.0,0.0,0.9162064174755901,0.9644097631089089,0.7123980546373868,0.9021716368402182,0.7296979718759516,0.5681928400598593,0.3870796270540425,0.0,0.7400223301502796,0.7400223301502796
hrl,multi,0,off,0,1064,-2.4446534504916024,213.0,0.7715549468994141,0.7179409861564636,1,0.0,0.7113492728364044,7,0,off,0,0,0.0,0.0,0.0,0.9657776238312316,0.9514068204592127,0.8397734925537161,0.9021716368402182,0.7771077096318034,0.4545737073142651,0.0886339192243843,0.0,0.7113492728364044,0.7113492728364044
hrl,multi,0,off,0,1065,-2.1897824876650667,205.0,0.7744759917259216,0.7410153746604919,1,0.0,0.7531984585005409,7,0,off,0,0,0.0,0.0,0.0,0.9561288512108524,0.9589721298278469,0.8397734925537161,0.9021716368402182,0.7206631354140418,0.5681928400598593,0.32648712359725096,0.0,0.7531984585005409,0.7531984585005409
hrl,multi,0,off,0,1066,-2.4621689657028694,214.0,0.7759857773780823,0.7410153746604919,1,0.0,0.7173373370076418,7,0,off,0,0,0.0,0.0,0.0,0.9499134141650842,0.9589721298278469,0.823908205701246,0.8197493174267331,0.7771077096318034,0.4494342249487138,0.24227635735206476,0.0,0.7173373370076418,0.7173373370076418
hrl,multi,0,off,0,1067,-2.1297539502242557,203.0,0.7762793302536011,0.7410153746604919,1,0.0,0.7642819153809663,7,0,off,0,0,0.0,0.0,0.0,0.9561288512108524,0.9589721298278469,0.823908205701246,0.9021716368402182,0.7535201169726988,0.5681928400598593,0.3870796270540425,0.0,0.7642819153809663,0.7642819153809663
hrl,multi,0,off,0,1068,-2.319725294252853,209.0,0.7736496329307556,0.7179409861564636,1,0.0,0.7357074790584324,7,0,off,0,0,0.0,0.0,0.0,0.9657776238312316,0.9514068204592127,0.8061985318258544,0.8051360166923476,0.7535201169726988,0.5408336165736386,0.3270796270540425,0.0,0.7357074790584324,0.7357074790584324
hrl,multi,0,off,0,1069,-2.4607700654119173,214.0,0.7801181077957153,0.7410153746604919,1,0.0,0.723552532129036,7,0,off,0,0,0.0,0.0,0.0,0.9479695733888247,0.9589721298278469,0.7366764207505057,0.8879653177091473,0.6300549127277215,0.5101019872078659,0.3931273832913406,0.0,0.723552532129036,0.723552532129036
hrl,multi,0,off,0,1070,-5.467409337820754,300.0,0.8090835809707642,0.6582673788070679,0,0.0,0.32550534530416897,7,0,off,0,0,0.0,0.0,0.0,0.9657776238312316,-1.1134744783401553,0.039333992067946424,0.8667583833729133,0.7219290352551221,0.4318588028569329,0.3663540580851917,0.0,0.32550534530416897,0.32550534530416897
hrl,multi,0,off,0,1071,-3.7345268656231783,257.0,0.8226723074913025,0.7368783354759216,1,0.0,0.5924210597644511,7,0,off,0,0,0.0,0.0,0.0,0.9621549301622716,0.7322390408497083,-0.03884980216616889,0.9021716368402182,0.7258731612706408,0.5681928400598593,0.2951656113346294,0.0,0.5924210597644511,0.5924210597644511
hrl,multi,0,off,0,1072,-3.3444051221641584,244.0,0.8038240671157837,0.74996417760849,1,0.0,0.6189018941908468,7,0,off,0,0,0.0,0.0,0.0,0.9499134141650842,0.9514068204592127,-0.021982897993870265,0.8564496156442981,0.7215626568771428,0.5174815309046672,0.3574821192793923,0.0,0.6189018941908468,0.6189018941908468
hrl,multi,0,off,0,1073,-4.327421434510027,276.0,0.7817816138267517,0.7232506275177002,1,0.0,0.4616734236676555,7,0,off,0,0,0.0,0.0,0.0,0.9621549301622716,0.9644097631089089,-1.1363061368503398,0.8524857861221227,0.7258731612706408,0.482435050084394,0.3806614117755906,0.0,0.4616734236676555,0.4616734236676555
hrl,multi,0,off,0,1074,-4.1062343611719445,269.0,0.8100398778915405,0.7232506275177002,1,0.0,0.5234343191002833,7,0,off,0,0,0.0,0.0,0.0,0.6763343930738904,0.9644097631089089,-0.5027934800857373,0.8879653177091473,0.7128594160246353,0.5681928400598593,0.3570719838112794,0.0,0.5234343191002833,0.5234343191002833
hrl,multi,0,off,0,1075,-2.6100599437649272,219.0,0.7807580828666687,0.7351766228675842,1,0.0,0.699221757139374,7,0,off,0,0,0.0,0.0,0.0,0.9479695733888247,0.9005413817277591,0.7392708929159048,0.8370832078806322,0.7535201169726988,0.45053501413920233,0.26563211295059636,0.0,0.699221757139374,0.699221757139374
hrl,multi,0,off,0,1076,-2.421560831754464,212.0,0.7694988250732422,0.708888828754425,1,0.0,0.716449819979607,7,0,off,0,0,0.0,0.0,0.0,0.8957633032073209,0.9523442574345311,0.8097734925537161,0.9021716368402182,0.5829452151529941,0.5150788508571895,0.3570719838112794,0.0,0.716449819979607,0.716449819979607
hrl,multi,0,off,0,1077,-3.823545826772156,260.0,0.8113169074058533,0.7533298134803772,1,0.0,0.5626437584923893,7,0,off,0,0,0.0,0.0,0.0,0.937908446127668,0.9453207190099135,0.823908205701246,0.872695977961286,-0.512046362117745,0.5408336165736386,0.3298857061907181,0.0,0.5626437584923893,0.5626437584923893
hrl,multi,0,off,0,1078,-2.394225130040425,212.0,0.7780566811561584,0.7557258605957031,1,0.0,0.7291060967939427,7,0,off,0,0,0.0,0.0,0.0,0.9012436880388022,0.9514068204592127,0.7639082057012462,0.8131955499806944,0.7219744562035029,0.5681928400598593,0.38382111711428074,0.0,0.7291060967939427,0.7291060967939427
hrl,multi,0,off,0,1079,-2.497214107174652,215.0,0.7718786597251892,0.7324094772338867,1,0.0,0.7066478303490186,7,0,off,0,0,0.0,0.0,0.0,0.9621549301622716,0.9124296981466014,0.8097734925537161,0.7943550462176201,0.6015061053460151,0.5681928400598593,0.2981226999570473,0.0,0.7066478303490186,0.7066478303490186
hrl,multi,0,off,0,1080,-2.4704038025531854,216.0,0.7754937410354614,0.7368783354759216,1,0.0,0.7050637072300658,7,0,off,0,0,0.0,0.0,0.0,0.9621549301622716,0.9589721298278469,0.8072639168195038,0.9021716368402182,0.6348750601126367,0.3804101655149881,0.289598111332996,0.0,0.7050637072300658,0.7050637072300658
hrl,multi,0,off,0,1081,-2.20359292585635,205.0,0.7709674835205078,0.7179409861564636,1,0.0,0.7485923797069514,7,0,off,0,0,0.0,0.0,0.0,0.9657776238312316,0.9589721298278469,0.7392708929159048,0.9021716368402182,0.7456321243902595,0.5681928400598593,0.3601294100833396,0.0,0.7485923797069514,0.7485923797069514
hrl,multi,0,off,0,1082,-3.1206914097780714,236.0,0.7807263135910034,0.7368783354759216,1,0.0,0.6255788855565271,7,0,off,0,0,0.0,0.0,0.0,0.9621549301622716,0.8936640493441955,0.8072639168195038,0.8879653177091473,0.7219290352551221,0.5466280997261449,-0.44055315012069457,0.0,0.6255788855565271,0.6255788855565271
hrl,multi,0,off,0,1083,-6.070406551671028,300.0,0.7384365200996399,0.3966262638568878,0,0.0,0.13475130947006184,7,0,off,0,0,0.0,0.0,0.0,0.9621549301622716,-0.049601612132299605,-2.4696225715754125,0.872695977961286,0.7296979718759516,0.48011313100176833,0.4178213389968673,0.0,0.13475130947006184,0.13475130947006184
hrl,multi,0,off,0,1084,-2.6463503246370155,220.0,0.7867496609687805,0.7232506275177002,1,0.0,0.7046684587193213,7,0,off,0,0,0.0,0.0,0.0,0.9561288512108524,0.9644097631089089,0.49284654948261175,0.8879653177091473,0.7535201169726988,0.5466280997261449,0.3311805128248842,0.0,0.7046684587193213,0.7046684587193213
hrl,multi,0,off,0,1085,-2.236085530866397,206.0,0.7716559171676636,0.7232506275177002,1,0.0,0.7413942327153125,7,0,off,0,0,0.0,0.0,0.0,0.9621549301622716,0.9644097631089089,0.8397734925537161,0.8879653177091473,0.749630562943375,0.5452930462091005,0.2405325163206678,0.0,0.7413942327153125,0.7413942327153125
hrl,multi,0,off,0,1086,-2.527885602159652,216.0,0.7808149456977844,0.739397406578064,1,0.0,0.7152844234618135,7,0,off,0,0,0.0,0.0,0.0,0.9479695733888247,0.8995684433310627,0.7898932663219487,0.9021716368402182,0.6621498140493726,0.5681928400598593,0.23704539024140783,0.0,0.7152844234618135,0.7152844234618135
hrl,multi,0,off,0,1087,-2.3832812593970414,211.0,0.77165287733078,0.7232506275177002,1,0.0,0.7267371112774575,7,0,off,0,0,0.0,0.0,0.0,0.9621549301622716,0.9644097631089089,0.7686056201385241,0.8879653177091473,0.6411930179402632,0.5681928400598593,0.2946382898232297,0.0,0.7267371112774575,0.7267371112774575
hrl,multi,0,off,0,1088,-3.899059135271223,262.0,0.79761803150177,0.7179409861564636,1,0.0,0.5398454640003248,7,0,off,0,0,0.0,0.0,0.0,0.9657776238312316,0.9514068204592127,0.755387489707816,-0.5759254954277829,0.7334175575963473,0.5681928400598593,0.3806614117755906,0.0,0.5398454640003248,0.5398454640003248
hrl,multi,0,off,0,1089,-4.755439541180824,291.0,0.8113719820976257,0.7456929683685303,1,0.0,0.4279696977719262,7,0,off,0,0,0.0,0.0,0.0,0.9479695733888247,0.9514068204592127,0.7488655335921619,-1.1499221396182715,0.749630562943375,0.42324285914488763,0.32459467449329316,0.0,0.4279696977719262,0.4279696977719262
hrl,multi,0,off,0,1090,-2.8005233974486963,225.0,0.7896595597267151,0.7179409861564636,1,0.0,0.6856524623111585,7,0,off,0,0,0.0,0.0,0.0,0.9657776238312316,0.9514068204592127,0.793908205701246,0.872695977961286,0.411463373767715,0.5681928400598593,0.23612239439755991,0.0,0.6856524623111585,0.6856524623111585
hrl,multi,0,off,0,1091,-2.3970081030938246,212.0,0.7783974409103394,0.7410153746604919,1,0.0,0.725384404837506,7,0,off,0,0,0.0,0.0,0.0,0.9219934881339341,0.9589721298278469,0.7465197392687102,0.8330821140731841,0.7456321243902595,0.5176701210543267,0.35382111711428077,0.0,0.725384404837506,0.725384404837506
hrl,multi,0,off,0,1092,-2.3174875173065757,209.0,0.7758697271347046,0.7232506275177002,1,0.0,0.738454102938709,7,0,off,0,0,0.0,0.0,0.0,0.936494231472811,0.9644097631089089,0.7223924185081869,0.9021716368402182,0.7456321243902595,0.5681928400598593,0.3298857061907182,0.0,0.738454102938709,0.738454102938709
hrl,multi,0,off,0,1093,-2.553894298980005,217.0,0.777221143245697,0.7319686412811279,1,0.0,0.705702217930967,7,0,off,0,0,0.0,0.0,0.0,0.9553163538872521,0.9589721298278469,0.8072639168195038,0.8879653177091473,0.6387652119739251,0.4545737073142651,0.23705888798482921,0.0,0.705702217930967,0.705702217930967
hrl,multi,0,off,0,1094,-2.33157079958473,210.0,0.7846649289131165,0.7576398253440857,1,0.0,0.7448946183932473,7,0,off,0,0,0.0,0.0,0.0,0.9274361270799607,0.9514068204592127,0.823908205701246,0.9021716368402182,0.7056394551346701,0.5466280997261449,0.3570719838112794,0.0,0.7448946183932473,0.7448946183932473
hrl,multi,0,off,0,1095,-5.734522320253749,300.0,0.7612597346305847,0.31518101692199707,0,0.0,0.22140105560834447,7,0,off,0,0,0.0,0.0,0.0,0.9657776238312316,0.8932661602540506,-1.3436033643585685,-0.5565242678209269,0.7456321243902595,0.5466280997261449,0.2986310132362199,0.0,0.22140105560834447,0.22140105560834447
hrl,multi,0,off,0,1096,-4.765913211957088,291.0,0.7925507426261902,0.7319686412811279,1,0.0,0.41050954227387987,7,0,off,0,0,0.0,0.0,0.0,0.9553163538872521,0.9524129432859575,0.7772639168195038,0.8189040279657364,-1.5491846978767403,0.5681928400598593,0.3506614117755906,0.0,0.41050954227387987,0.41050954227387987
hrl,multi,0,off,0,1097,-2.1104101455677267,202.0,0.7689403891563416,0.7179409861564636,1,0.0,0.7582274044734874,7,0,off,0,0,0.0,0.0,0.0,0.9657776238312316,0.9589721298278469,0.8397734925537161,0.9021716368402182,0.7456321243902595,0.5681928400598593,0.3270719838112795,0.0,0.7582274044734874,0.7582274044734874
hrl,multi,0,off,0,1098,-2.4477217200142256,214.0,0.7780280709266663,0.74996417760849,1,0.0,0.7203655908908072,7,0,off,0,0,0.0,0.0,0.0,0.9499134141650842,0.9453894067210437,0.7006651954909721,0.8879653177091473,0.7178482722647348,0.48695641277038726,0.3538211171142807,0.0,0.7203655908908072,0.7203655908908072
hrl,multi,0,off,0,1099,-2.1989880507753683,205.0,0.7683826088905334,0.7179409861564636,1,0.0,0.7443904898752551,7,0,off,0,0,0.0,0.0,0.0,0.9657776238312316,0.9644097631089089,0.8397734925537161,0.8879653177091473,0.7136060728589517,0.4821291752535516,0.3570719838112794,0.0,0.7443904898752551,0.7443904898752551
hrl,multi,0,off,0,1100,-5.560956835723117,300.0,0.7875235676765442,0.513542890548706,0,0.0,0.2886145826765151,7,0,off,0,0,0.0,0.0,0.0,0.9657776238312316,-1.2627442544289154,-0.16739728503452755,0.872695977961286,0.626554945376355,0.516950147478075,0.46846492355210106,0.0,0.2886145826765151,0.2886145826765151
hrl,multi,0,off,0,1101,-5.996975731852586,300.0,0.7708625793457031,0.46718671917915344,0,0.0,0.1907348788779543,7,0,off,0,0,0.0,0.0,0.0,0.9479695733888247,0.23983985720407358,-1.8567985162013767,0.3505276180807929,0.6957803557286852,0.49284939664149785,0.4649758673031823,0.0,0.1907348788779543,0.1907348788779543
hrl,multi,0,off,0,1102,-2.1747351142100486,204.0,0.7689031362533569,0.7179409861564636,1,0.0,0.7464533111781899,7,0,off,0,0,0.0,0.0,0.0,0.9657776238312316,0.9644097631089089,0.823908205701246,0.9021716368402182,0.6673066406140682,0.5452930462091005,0.3563062619425552,0.0,0.7464533111781899,0.7464533111781899
hrl,multi,0,off,0,1103,-2.4405091144819697,213.0,0.781333327293396,0.7232506275177002,1,0.0,0.7269704495068305,7,0,off,0,0,0.0,0.0,0.0,0.9621549301622716,0.9644097631089089,0.6728465494826119,0.9021716368402182,0.7215626568771428,0.5681928400598593,0.2974547700168014,0.0,0.7269704495068305,0.7269704495068305
hrl,multi,0,off,0,1104,-2.2190484283806255,207.0,0.7694022059440613,0.7179409861564636,1,0.0,0.7381998995547513,7,0,off,0,0,0.0,0.0,0.0,0.9657776238312316,0.9589721298278469,0.7797734925537163,0.9021716368402182,0.749630562943375,0.3947339828930233,0.4163398679938469,0.0,0.7381998995547513,0.7381998995547513
hrl,multi,0,off,0,1105,-3.79249023578652,258.0,0.8017827272415161,0.7179409861564636,1,0.0,0.5550201616804197,7,0,off,0,0,0.0,0.0,0.0,0.9657776238312316,-0.023523098045333517,0.7707362437837644,0.9021716368402182,0.7156321243902595,0.5681928400598593,-0.013846239097061286,0.0,0.5550201616804197,0.5550201616804197
hrl,multi,0,off,0,1106,-2.0865518320305267,201.0,0.7684553265571594,0.7179409861564636,1,0.0,0.7625522703864116,7,0,off,0,0,0.0,0.0,0.0,0.9657776238312316,0.9644097631089089,0.823908205701246,0.9021716368402182,0.7535201169726988,0.5681928400598593,0.3598857061907182,0.0,0.7625522703864116,0.7625522703864116
hrl,multi,0,off,0,1107,-5.588322855182923,300.0,0.8071304559707642,0.46123170852661133,0,0.0,0.30713396265859466,7,0,off,0,0,0.0,0.0,0.0,0.6208871469033701,0.3733781171827456,-1.2610668974622234,0.872695977961286,0.7535201169726988,0.33968893897713703,0.4508343380751487,0.0,0.30713396265859466,0.30713396265859466
hrl,multi,0,off,0,1108,-2.264750438453625,207.0,0.7706133127212524,0.7179409861564636,1,0.0,0.7402917258435805,7,0,off,0,0,0.0,0.0,0.0,0.9657776238312316,0.8832444688540424,0.8397734925537161,0.9021716368402182,0.7535201169726988,0.5681928400598593,0.26936190179329583,0.0,0.7402917258435805,0.7402917258435805
hrl,multi,0,off,0,1109,-2.4050316932343354,212.0,0.7834811806678772,0.7232506275177002,1,0.0,0.7341671198030764,7,0,off,0,0,0.0,0.0,0.0,0.9621549301622716,0.9644097631089089,0.793908205701246,0.6885321072051427,0.7456321243902595,0.5681928400598593,0.4163398679938469,0.0,0.7341671198030764,0.7341671198030764
hrl,multi,0,off,0,1110,-2.1736499440146138,204.0,0.770651638507843,0.7179409861564636,1,0.0,0.7542491135243026,7,0,off,0,0,0.0,0.0,0.0,0.9657776238312316,0.9644097631089089,0.8397734925537161,0.9021716368402182,0.7093003885868702,0.5247067539582406,0.37360413579093227,0.0,0.7542491135243026,0.7542491135243026
hrl,multi,0,off,0,1111,-2.495406802638893,215.0,0.7777156233787537,0.7410153746604919,1,0.0,0.7188275995312272,7,0,off,0,0,0.0,0.0,0.0,0.9479695733888247,0.9589721298278469,0.8397734925537161,0.9021716368402182,0.5529205232907128,0.5681928400598593,0.26179300075741296,0.0,0.7188275995312272,0.7188275995312272
hrl,multi,0,off,0,1112,-4.8636027939373205,294.0,0.7945863604545593,0.7179409861564636,1,0.0,0.40114086093846213,7,0,off,0,0,0.0,0.0,0.0,0.9657776238312316,0.9180647595049319,-1.6123594462526083,0.8879653177091473,0.7535201169726988,0.5681928400598593,0.32682481474397435,0.0,0.40114086093846213,0.40114086093846213
hrl,multi,0,off,0,1113,-2.1174097067117663,202.0,0.767013430595398,0.7179409861564636,1,0.0,0.7561399804411815,7,0,off,0,0,0.0,0.0,0.0,0.9657776238312316,0.9644097631089089,0.8097734925537161,0.9021716368402182,0.7535201169726988,0.5681928400598593,0.3291343897216377,0.0,0.7561399804411815,0.7561399804411815
hrl,multi,0,off,0,1114,-2.2849552594451215,208.0,0.772422730922699,0.7319686412811279,1,0.0,0.7374417425944702,7,0,off,0,0,0.0,0.0,0.0,0.9553163538872521,0.9589721298278469,0.823908205701246,0.9021716368402182,0.7456321243902595,0.5681928400598593,0.2078989074546097,0.0,0.7374417425944702,0.7374417425944702
hrl,multi,0,off,0,1115,-2.3232313754898457,209.0,0.7696255445480347,0.7232506275177002,1,0.0,0.7299136920499575,7,0,off,0,0,0.0,0.0,0.0,0.9621549301622716,0.9644097631089089,0.8397734925537161,0.9021716368402182,0.6647016008914551,0.42236330367885166,0.3538211171142807,0.0,0.7299136920499575,0.7299136920499575
hrl,multi,0,off,0,1116,-2.1759236351633433,204.0,0.7686935067176819,0.7179409861564636,1,0.0,0.7497369605626142,7,0,off,0,0,0.0,0.0,0.0,0.9657776238312316,0.9589721298278469,0.8397734925537161,0.9021716368402182,0.7471077096318034,0.45053501413920233,0.38382111711428074,0.0,0.7497369605626142,0.7497369605626142
hrl,multi,0,off,0,1117,-2.435528300653672,213.0,0.7730621099472046,0.7319686412811279,1,0.0,0.712641435257045,7,0,off,0,0,0.0,0.0,0.0,0.9553163538872521,0.9589721298278469,0.8397734925537161,0.7884208905295349,0.6610828412209957,0.4278523549686907,0.3570719838112794,0.0,0.712641435257045,0.712641435257045
hrl,multi,0,off,0,1118,-2.2051103082485475,205.0,0.7691459655761719,0.7179409861564636,1,0.0,0.7423119342532826,7,0,off,0,0,0.0,0.0,0.0,0.9657776238312316,0.9644097631089089,0.8072639168195038,0.8514705372015018,0.688364516811799,0.5452930462091005,0.37360413579093227,0.0,0.7423119342532826,0.7423119342532826
hrl,multi,0,off,0,1119,-3.435063300033785,247.0,0.8181539177894592,0.7368783354759216,1,0.0,0.6258409484107006,7,0,off,0,0,0.0,0.0,0.0,0.9621549301622716,0.35037051863263285,0.629793800961704,0.8879653177091473,0.6594951196687864,0.5681928400598593,0.32291411168050327,0.0,0.6258409484107006,0.6258409484107006
hrl,multi,0,off,0,1120,-2.0845838265912606,201.0,0.7677547335624695,0.7179409861564636,1,0.0,0.7562180306291041,7,0,off,0,0,0.0,0.0,0.0,0.9657776238312316,0.9644097631089089,0.8397734925537161,0.9021716368402182,0.6933151518190757,0.5681928400598593,0.3598857061907182,0.0,0.7562180306291041,0.7562180306291041
hrl,multi,0,off,0,1121,-2.142399718400555,203.0,0.7727219462394714,0.7179409861564636,1,0.0,0.759658459098878,7,0,off,0,0,0.0,0.0,0.0,0.9657776238312316,0.9589721298278469,0.8397734925537161,0.8879653177091473,0.7370421035196262,0.5681928400598593,0.3598857061907182,0.0,0.759658459098878,0.759658459098878
hrl,multi,0,off,0,1122,-2.132797732859616,203.0,0.7743386030197144,0.7368783354759216,1,0.0,0.7578145651896243,7,0,off,0,0,0.0,0.0,0.0,0.9621549301622716,0.9514068204592127,0.8397734925537161,0.9021716368402182,0.7535201169726988,0.5681928400598593,0.32748211927939225,0.0,0.7578145651896243,0.7578145651896243
hrl,multi,0,off,0,1123,-2.025594061291777,199.0,0.7663107514381409,0.7179409861564636,1,0.0,0.7639197198023859,7,0,off,0,0,0.0,0.0,0.0,0.9657776238312316,0.9644097631089089,0.8397734925537161,0.9021716368402182,0.749630562943375,0.5681928400598593,0.3574821192793923,0.0,0.7639197198023859,0.7639197198023859
hrl,multi,0,off,0,1124,-2.0809864668361837,201.0,0.770335853099823,0.7232506275177002,1,0.0,0.764564226442635,7,0,off,0,0,0.0,0.0,0.0,0.9621549301622716,0.9644097631089089,0.8397734925537161,0.8879653177091473,0.7456321243902595,0.5681928400598593,0.38382111711428074,0.0,0.764564226442635,0.764564226442635
hrl,multi,0,off,0,1125,-2.3517787008080595,210.0,0.7770169377326965,0.7179409861564636,1,0.0,0.738160875076488,7,0,off,0,0,0.0,0.0,0.0,0.9657776238312316,0.9644097631089089,0.684050254141779,0.9021716368402182,0.7018625957778284,0.5681928400598593,0.3806614117755906,0.0,0.738160875076488,0.738160875076488
hrl,multi,0,off,0,1126,-2.322088089106834,209.0,0.7762660384178162,0.7232506275177002,1,0.0,0.738114122135336,7,0,off,0,0,0.0,0.0,0.0,0.9479695733888247,0.9644097631089089,0.8397734925537161,0.9021716368402182,0.7334175575963473,0.4219848476480577,0.3570719838112794,0.0,0.738114122135336,0.738114122135336
hrl,multi,0,off,0,1127,-2.20225890475558,205.0,0.7686650156974792,0.7232506275177002,1,0.0,0.7462031847603351,7,0,off,0,0,0.0,0.0,0.0,0.9621549301622716,0.9644097631089089,0.8397734925537161,0.808197477801808,0.7771077096318034,0.5681928400598593,0.3035860800039782,0.0,0.7462031847603351,0.7462031847603351
hrl,multi,0,off,0,1128,-3.4790914707036955,248.0,0.7737374901771545,0.7410153746604919,1,0.0,0.5690514082478371,7,0,off,0,0,0.0,0.0,0.0,0.9561288512108524,0.9589721298278469,0.8397734925537161,0.9021716368402182,-0.5099954058896018,0.5681928400598593,0.2681163131319678,0.0,0.5690514082478371,0.5690514082478371
hrl,multi,0,off,0,1129,-5.629495764174865,300.0,0.7906977534294128,0.4150973856449127,0,0.0,0.2679652637783084,7,0,off,0,0,0.0,0.0,0.0,-0.7149741178834553,-0.7275407903770985,0.8072639168195038,0.9021716368402182,0.6062514252586859,0.5681928400598593,0.4343919357304455,0.0,0.2679652637783084,0.2679652637783084
hrl,multi,0,off,0,1130,-2.840659440840816,227.0,0.7969343066215515,0.7410153746604919,1,0.0,0.6863224185110395,7,0,off,0,0,0.0,0.0,0.0,0.7217646000427249,0.9589721298278469,0.7488655335921619,0.8721716368402181,0.6072182054031858,0.5681928400598593,0.32707198381127944,0.0,0.6863224185110395,0.6863224185110395
hrl,multi,0,off,0,1131,-2.310267128928096,209.0,0.7762566804885864,0.740837574005127,1,0.0,0.7387175500959966,7,0,off,0,0,0.0,0.0,0.0,0.9423071873409768,0.9514068204592127,0.8031712441907568,0.8332406504196309,0.7456321243902595,0.5681928400598593,0.32707198381127944,0.0,0.7387175500959966,0.7387175500959966
hrl,multi,0,off,0,1132,-2.2920123421680154,208.0,0.7677229642868042,0.7232506275177002,1,0.0,0.7297224686999374,7,0,off,0,0,0.0,0.0,0.0,0.8997664886329563,0.9644097631089089,0.8397734925537161,0.9021716368402182,0.7456321243902595,0.48363257333751164,0.2726712020359917,0.0,0.7297224686999374,0.7297224686999374
hrl,multi,0,off,0,1133,-2.195799286069813,205.0,0.7729626893997192,0.7368783354759216,1,0.0,0.7517150630352614,7,0,off,0,0,0.0,0.0,0.0,0.9621549301622716,0.9589721298278469,0.8397734925537161,0.9021716368402182,0.7258731612706408,0.5681928400598593,0.30486725053227515,0.0,0.7517150630352614,0.7517150630352614
hrl,multi,0,off,0,1134,-8.096688670811437,300.0,0.36451053619384766,0.22735771536827087,0,0.0,-0.8929602614837958,7,0,off,0,0,0.0,0.0,0.0,-6.95072183038657,0.14,0.14,0.14,0.07,0.07,0.14,0.0,-0.8929602614837958,-0.8929602614837958
hrl,multi,0,off,0,1135,-8.149641749239727,300.0,0.35782378911972046,0.20000000298023224,0,0.0,-0.9073622436964017,7,0,off,0,0,0.0,0.0,0.0,-6.981535705874812,0.0,0.14,0.21000000000000002,0.14,0.07,0.07,0.0,-0.9073622436964017,-0.9073622436964017
hrl,multi,0,off,0,1136,-2.2050559587660232,205.0,0.7700456380844116,0.7179409861564636,1,0.0,0.7478758868760637,7,0,off,0,0,0.0,0.0,0.0,0.9657776238312316,0.8932661602540506,0.823908205701246,0.9021716368402182,0.7219290352551221,0.5681928400598593,0.3598857061907182,0.0,0.7478758868760637,0.7478758868760637
hrl,multi,0,off,0,1137,-2.223872008530886,206.0,0.7735279202461243,0.7368783354759216,1,0.0,0.74588703424039,7,0,off,0,0,0.0,0.0,0.0,0.9621549301622716,0.8995403411299949,0.8397734925537161,0.9021716368402182,0.7258731612706408,0.5078745606116072,0.38382111711428074,0.0,0.74588703424039,0.74588703424039
hrl,multi,0,off,0,1138,-2.1351675859454526,203.0,0.7714961767196655,0.7368783354759216,1,0.0,0.7580504791572823,7,0,off,0,0,0.0,0.0,0.0,0.9621549301622716,0.9589721298278469,0.7791002827371811,0.9021716368402182,0.7456321243902595,0.5681928400598593,0.39012941008333957,0.0,0.7580504791572823,0.7580504791572823
hrl,multi,0,off,0,1139,-2.113277076565424,202.0,0.7713718414306641,0.7179409861564636,1,0.0,0.7618691354596908,7,0,off,0,0,0.0,0.0,0.0,0.9657776238312316,0.9514068204592127,0.8397734925537161,0.9021716368402182,0.7456321243902595,0.5681928400598593,0.36012941008333954,0.0,0.7618691354596908,0.7618691354596908
hrl,multi,0,off,0,1140,-2.114580131336113,202.0,0.7670925855636597,0.7179409861564636,1,0.0,0.7563513156642102,7,0,off,0,0,0.0,0.0,0.0,0.9657776238312316,0.9644097631089089,0.823908205701246,0.8662003460110039,0.749630562943375,0.5681928400598593,0.35633986799384687,0.0,0.7563513156642102,0.7563513156642102
hrl,multi,0,off,0,1141,-3.664428302143916,254.0,0.7984192967414856,0.7179409861564636,1,0.0,0.5690578500315501,7,0,off,0,0,0.0,0.0,0.0,0.9657776238312316,0.9644097631089089,0.8397734925537161,-0.3497725341044612,0.7535201169726988,0.45262450404747656,0.3570719838112794,0.0,0.5690578500315501,0.5690578500315501
hrl,multi,0,off,0,1142,-6.152793391964135,300.0,0.7029538750648499,0.32950323820114136,0,0.0,0.07399065727664571,7,0,off,0,0,0.0,0.0,0.0,0.9657776238312316,0.9589721298278469,0.823908205701246,-2.884881529327564,0.5216113029850449,0.28,-0.14745313208128552,0.0,0.07399065727664571,0.07399065727664571
hrl,multi,0,off,0,1143,-3.874678128085785,261.0,0.7949721217155457,0.7179409861564636,1,0.0,0.5336618966276643,7,0,off,0,0,0.0,0.0,0.0,0.9657776238312316,0.9644097631089089,0.6998932663219486,-0.22323013097138775,0.5680851117829618,0.4270908089552643,0.33360683336472174,0.0,0.5336618966276643,0.5336618966276643
hrl,multi,0,off,0,1144,-2.176098602036942,204.0,0.7701624631881714,0.7236499786376953,1,0.0,0.7487622575104622,7,0,off,0,0,0.0,0.0,0.0,0.9007533853052089,0.9079405769478859,0.8397734925537161,0.8879653177091473,0.749630562943375,0.5681928400598593,0.3870796270540425,0.0,0.7487622575104622,0.7487622575104622
hrl,multi,0,off,0,1145,-4.177261268108622,272.0,0.8294345736503601,0.7470993995666504,1,0.0,0.5322177877792249,7,0,off,0,0,0.0,0.0,0.0,0.8083038820006613,-0.4284966170613917,0.8397734925537161,0.8217130770319305,0.7296979718759516,0.5681928400598593,0.3863398679938469,0.0,0.5322177877792249,0.5322177877792249
hrl,multi,0,off,0,1146,-2.293140488883943,208.0,0.7724253535270691,0.7179409861564636,1,0.0,0.7368672576529994,7,0,off,0,0,0.0,0.0,0.0,0.9657776238312316,0.9589721298278469,0.823908205701246,0.8879653177091473,0.6908833663445292,0.5062968621074608,0.3242672980495342,0.0,0.7368672576529994,0.7368672576529994
hrl,multi,0,off,0,1147,-2.2350442432810036,206.0,0.7680282592773438,0.7179409861564636,1,0.0,0.7400208418992438,7,0,off,0,0,0.0,0.0,0.0,0.9657776238312316,0.9589721298278469,0.7131898640104763,0.9021716368402182,0.7456321243902595,0.5681928400598593,0.326209674334815,0.0,0.7400208418992438,0.7400208418992438
hrl,multi,0,off,0,1148,-2.293764772304562,208.0,0.7695156335830688,0.7179409861564636,1,0.0,0.7339162252335187,7,0,off,0,0,0.0,0.0,0.0,0.9657776238312316,0.9589721298278469,0.8397734925537161,0.842771580152849,0.749630562943375,0.48052429840437316,0.29996388892123893,0.0,0.7339162252335187,0.7339162252335187
hrl,multi,0,off,0,1149,-2.1161803408723783,202.0,0.7668178677558899,0.7179409861564636,1,0.0,0.7552897004497984,7,0,off,0,0,0.0,0.0,0.0,0.9657776238312316,0.9644097631089089,0.8097734925537161,0.9021716368402182,0.749630562943375,0.5681928400598593,0.32707198381127944,0.0,0.7552897004497984,0.7552897004497984
hrl,multi,0,off,0,1150,-2.449992297401181,213.0,0.7701134085655212,0.7179409861564636,1,0.0,0.7172184019785747,7,0,off,0,0,0.0,0.0,0.0,0.9657776238312316,0.9644097631089089,0.8072639168195038,0.9021716368402182,0.7535201169726988,0.3353094961056341,0.292076260171827,0.0,0.7172184019785747,0.7172184019785747
hrl,multi,0,off,0,1151,-2.293487799211868,208.0,0.771248459815979,0.7179409861564636,1,0.0,0.736907697169225,7,0,off,0,0,0.0,0.0,0.0,0.9657776238312316,0.9589721298278469,0.8397734925537161,0.8383742163141206,0.657377871407083,0.5681928400598593,0.3298857061907182,0.0,0.736907697169225,0.736907697169225
hrl,multi,0,off,0,1152,-2.1728155193547707,204.0,0.7724859118461609,0.7232506275177002,1,0.0,0.7551639036965038,7,0,off,0,0,0.0,0.0,0.0,0.9621549301622716,0.9644097631089089,0.823908205701246,0.8879653177091473,0.749630562943375,0.5681928400598593,0.3298857061907182,0.0,0.7551639036965038,0.7551639036965038
hrl,multi,0,off,0,1153,-2.211188167828364,205.0,0.7685335874557495,0.7075472474098206,1,0.0,0.743684145033057,7,0,off,0,0,0.0,0.0,0.0,0.9158117957638722,0.9589721298278469,0.8397734925537161,0.9021716368402182,0.6919290352551221,0.5100512979365809,0.3870796270540425,0.0,0.743684145033057,0.743684145033057
hrl,multi,0,off,0,1154,-2.4428090270759935,213.0,0.7689192891120911,0.7232506275177002,1,0.0,0.7124245928136002,7,0,off,0,0,0.0,0.0,0.0,0.9621549301622716,0.9644097631089089,0.8397734925537161,0.9021716368402182,0.45146219629473905,0.5681928400598593,0.29880729067548856,0.0,0.7124245928136002,0.7124245928136002
hrl,multi,0,off,0,1155,-2.0251352677808603,199.0,0.7685132622718811,0.7179409861564636,1,0.0,0.7708541460327727,7,0,off,0,0,0.0,0.0,0.0,0.9657776238312316,0.9644097631089089,0.8397734925537161,0.8879653177091473,0.7535201169726988,0.5681928400598593,0.4163398679938469,0.0,0.7708541460327727,0.7708541460327727
hrl,multi,0,off,0,1156,-2.2925526847864925,208.0,0.7728473544120789,0.7179409861564636,1,0.0,0.7382102098274155,7,0,off,0,0,0.0,0.0,0.0,0.9657776238312316,0.9514068204592127,0.8397734925537161,0.8879653177091473,0.7136060728589517,0.418812731296309,0.39012941008333957,0.0,0.7382102098274155,0.7382102098274155
hrl,multi,0,off,0,1157,-2.11490188518306,202.0,0.7674342393875122,0.7179409861564636,1,0.0,0.7566818208886472,7,0,off,0,0,0.0,0.0,0.0,0.9657776238312316,0.9644097631089089,0.8397734925537161,0.9021716368402182,0.7535201169726988,0.5109907028304173,0.36012941008333954,0.0,0.7566818208886472,0.7566818208886472
hrl,multi,0,off,0,1158,-2.0578532740997613,200.0,0.7669467329978943,0.7179409861564636,1,0.0,0.7648187399367645,7,0,off,0,0,0.0,0.0,0.0,0.9657776238312316,0.9644097631089089,0.8397734925537161,0.9021716368402182,0.7535201169726988,0.5681928400598593,0.3598857061907182,0.0,0.7648187399367645,0.7648187399367645
hrl,multi,0,off,0,1159,-2.252088579933623,207.0,0.7770509719848633,0.7410153746604919,1,0.0,0.7519218047159943,7,0,off,0,0,0.0,0.0,0.0,0.9561288512108524,0.9589721298278469,0.823908205701246,0.9021716368402182,0.7034175575963473,0.5681928400598593,0.3506614117755906,0.0,0.7519218047159943,0.7519218047159943
hrl,multi,0,off,0,1160,-2.2945305465580867,208.0,0.7694409489631653,0.7179409861564636,1,0.0,0.7334454216830932,7,0,off,0,0,0.0,0.0,0.0,0.9657776238312316,0.9644097631089089,0.8397734925537161,0.9021716368402182,0.7128594160246353,0.4536159935673951,0.29551002585554687,0.0,0.7334454216830932,0.7334454216830932
hrl,multi,0,off,0,1161,-5.795726755743093,300.0,0.7292247414588928,0.23471657931804657,0,0.0,0.15455282893509104,7,0,off,0,0,0.0,0.0,0.0,0.9621549301622716,0.9589721298278469,-2.5908664582314294,0.8459899660587022,0.623547878689625,0.2697801751898168,0.012291180848804137,0.0,0.15455282893509104,0.15455282893509104
hrl,multi,0,off,0,1162,-2.6214310975791815,219.0,0.7803264856338501,0.7179409861564636,1,0.0,0.6998251679523798,7,0,off,0,0,0.0,0.0,0.0,0.9657776238312316,0.9644097631089089,0.6515375197092879,0.9021716368402182,0.7535201169726988,0.42445701231093913,0.23690250289337375,0.0,0.6998251679523798,0.6998251679523798
hrl,multi,0,off,0,1163,-4.6071688495719005,286.0,0.8322498202323914,0.7232506275177002,1,0.0,0.46825541233799806,7,0,off,0,0,0.0,0.0,0.0,0.29929584097588047,0.9644097631089089,-0.4308664582314322,0.9021716368402182,0.7058355375229344,0.5681928400598593,0.2687487260896172,0.0,0.46825541233799806,0.46825541233799806
hrl,multi,0,off,0,1164,-2.354102987976508,210.0,0.7733097076416016,0.7179409861564636,1,0.0,0.7310831682736622,7,0,off,0,0,0.0,0.0,0.0,0.9657776238312316,0.905189262337122,0.6849393033972961,0.8879653177091473,0.7456321243902595,0.5681928400598593,0.3598857061907182,0.0,0.7310831682736622,0.7310831682736622
hrl,multi,0,off,0,1165,-2.439531846825261,213.0,0.7787455320358276,0.7232506275177002,1,0.0,0.727956756846779,7,0,off,0,0,0.0,0.0,0.0,0.9621549301622716,0.9644097631089089,0.6936938631496613,0.8721716368402181,0.7456321243902595,0.47697356850054284,0.3806614117755906,0.0,0.727956756846779,0.727956756846779
hrl,multi,0,off,0,1166,-2.205056401871842,205.0,0.7684977650642395,0.7179409861564636,1,0.0,0.7454693240886654,7,0,off,0,0,0.0,0.0,0.0,0.9657776238312316,0.9644097631089089,0.823908205701246,0.9021716368402182,0.749630562943375,0.5681928400598593,0.24419463613581788,0.0,0.7454693240886654,0.7454693240886654
hrl,multi,0,off,0,1167,-2.110724069465648,202.0,0.7692006826400757,0.7232506275177002,1,0.0,0.7588460759697736,7,0,off,0,0,0.0,0.0,0.0,0.9553163538872521,0.9644097631089089,0.8097734925537161,0.9021716368402182,0.7219290352551221,0.5681928400598593,0.39012941008333957,0.0,0.7588460759697736,0.7588460759697736
hrl,multi,0,off,0,1168,-2.8244902849499973,226.0,0.7976948618888855,0.7179409861564636,1,0.0,0.6904658045846926,7,0,off,0,0,0.0,0.0,0.0,0.9657776238312316,0.5890936023789732,0.823908205701246,0.9021716368402182,0.749630562943375,0.5681928400598593,0.23448616033794417,0.0,0.6904658045846926,0.6904658045846926
hrl,multi,0,off,0,1169,-2.3211548630555594,210.0,0.771403431892395,0.7139472365379333,1,0.0,0.7228167867992282,7,0,off,0,0,0.0,0.0,0.0,0.8929353921087566,0.9589721298278469,0.8097734925537161,0.8879653177091473,0.7334175575963473,0.5085373046668155,0.2681163131319678,0.0,0.7228167867992282,0.7228167867992282
hrl,multi,0,off,0,1170,-2.1162617961491916,202.0,0.7687361836433411,0.7179409861564636,1,0.0,0.7578645957607775,7,0,off,0,0,0.0,0.0,0.0,0.9657776238312316,0.9644097631089089,0.823908205701246,0.9021716368402182,0.7535201169726988,0.5681928400598593,0.32707198381127944,0.0,0.7578645957607775,0.7578645957607775
hrl,multi,0,off,0,1171,-5.806520050072779,300.0,0.7428930997848511,0.26410332322120667,0,0.0,0.18444789533635925,7,0,off,0,0,0.0,0.0,0.0,0.9479695733888247,0.9589721298278469,0.6076405537473929,0.8176799185493744,-2.6681058709688963,0.48434950475172156,0.1426294580582504,0.0,0.18444789533635925,0.18444789533635925
hrl,multi,0,off,0,1172,-2.1729184068087455,204.0,0.7680581212043762,0.7179409861564636,1,0.0,0.7487449654560957,7,0,off,0,0,0.0,0.0,0.0,0.9657776238312316,0.9644097631089089,0.823908205701246,0.9021716368402182,0.749630562943375,0.5681928400598593,0.2671241257078296,0.0,0.7487449654560957,0.7487449654560957
hrl,multi,0,off,0,1173,-2.1169514021743066,202.0,0.7667928338050842,0.7179409861564636,1,0.0,0.7556272905150986,7,0,off,0,0,0.0,0.0,0.0,0.9657776238312316,0.9644097631089089,0.755387489707816,0.9021716368402182,0.749630562943375,0.5681928400598593,0.38382111711428074,0.0,0.7556272905150986,0.7556272905150986
hrl,multi,0,off,0,1174,-2.584794235983855,218.0,0.7738716006278992,0.7232506275177002,1,0.0,0.6962790328327362,7,0,off,0,0,0.0,0.0,0.0,0.9621549301622716,0.9644097631089089,0.7778354715582934,0.8564496156442981,0.7456321243902595,0.41924712708666145,0.14822419787845997,0.0,0.6962790328327362,0.6962790328327362
hrl,multi,0,off,0,1175,-2.1998292707721694,205.0,0.7713937163352966,0.7232506275177002,1,0.0,0.7487238595559429,7,0,off,0,0,0.0,0.0,0.0,0.9621549301622716,0.9644097631089089,0.8397734925537161,0.8879653177091473,0.749630562943375,0.5381928400598592,0.29894011035432205,0.0,0.7487238595559429,0.7487238595559429
hrl,multi,0,off,0,1176,-2.190477819560327,205.0,0.775600254535675,0.7410153746604919,1,0.0,0.754639660743303,7,0,off,0,0,0.0,0.0,0.0,0.9561288512108524,0.9589721298278469,0.8097734925537161,0.9021716368402182,0.7334175575963473,0.5681928400598593,0.3538211171142807,0.0,0.754639660743303,0.754639660743303
hrl,multi,0,off,0,1177,-2.3265086688287524,211.0,0.775208055973053,0.7179409861564636,1,0.0,0.729042195789005,7,0,off,0,0,0.0,0.0,0.0,0.9657776238312316,0.9514068204592127,0.8397734925537161,0.8465428895619868,0.6704747621306277,0.44865837021066957,0.3806614117755906,0.0,0.729042195789005,0.729042195789005
hrl,multi,0,off,0,1178,-2.086770267541287,201.0,0.7679676413536072,0.7179409861564636,1,0.0,0.761416058986676,7,0,off,0,0,0.0,0.0,0.0,0.9657776238312316,0.9644097631089089,0.8397734925537161,0.9021716368402182,0.7535201169726988,0.5235983678243682,0.3806614117755906,0.0,0.761416058986676,0.761416058986676
hrl,multi,0,off,0,1179,-2.1458713676116883,203.0,0.7686289548873901,0.7179409861564636,1,0.0,0.7463530206480401,7,0,off,0,0,0.0,0.0,0.0,0.9657776238312316,0.9644097631089089,0.8397734925537161,0.9021716368402182,0.7573111923400724,0.5235983678243682,0.2714290680377664,0.0,0.7463530206480401,0.7463530206480401
hrl,multi,0,off,0,1180,-2.466966662595508,214.0,0.7915905714035034,0.7179409861564636,1,0.0,0.7323359351170653,7,0,off,0,0,0.0,0.0,0.0,0.9657776238312316,0.8886294709106541,0.714050254141779,0.9021716368402182,0.7533575300751945,0.5452930462091005,0.3570719838112794,0.0,0.7323359351170653,0.7323359351170653
hrl,multi,0,off,0,1181,-2.204212276265021,205.0,0.7693821787834167,0.7179409861564636,1,0.0,0.7464471031301052,7,0,off,0,0,0.0,0.0,0.0,0.9657776238312316,0.9644097631089089,0.8072639168195038,0.8721716368402181,0.7491857367881669,0.47924141746866467,0.3870796270540425,0.0,0.7464471031301052,0.7464471031301052
hrl,multi,0,off,0,1182,-2.5920731061347686,218.0,0.7761039137840271,0.7179409861564636,1,0.0,0.6992240882626238,7,0,off,0,0,0.0,0.0,0.0,0.9657776238312316,0.9644097631089089,0.714050254141779,0.7192789252500708,0.749630562943375,0.45434950475172153,0.32707198381127944,0.0,0.6992240882626238,0.6992240882626238
hrl,multi,0,off,0,1183,-2.2081494714855197,207.0,0.7691674828529358,0.7232506275177002,1,0.0,0.7339680660287711,7,0,off,0,0,0.0,0.0,0.0,0.9621549301622716,0.9644097631089089,0.8097734925537161,0.7865428895619867,0.749630562943375,0.5381928400598592,0.32707198381127944,0.0,0.7339680660287711,0.7339680660287711
hrl,multi,0,off,0,1184,-2.349557508487481,210.0,0.7722124457359314,0.7232506275177002,1,0.0,0.7283903744505977,7,0,off,0,0,0.0,0.0,0.0,0.9621549301622716,0.9644097631089089,0.823908205701246,0.9021716368402182,0.6690900130942337,0.5416808840169218,0.23531718823038456,0.0,0.7283903744505977,0.7283903744505977
hrl,multi,0,off,0,1185,-2.3883749111916353,211.0,0.7691584825515747,0.7109692096710205,1,0.0,0.7170009586347721,7,0,off,0,0,0.0,0.0,0.0,0.9034590604161488,0.9589721298278469,0.8021404725725478,0.8879653177091473,0.6613743869644813,0.5681928400598593,0.23690250289337375,0.0,0.7170009586347721,0.7170009586347721
hrl,multi,0,off,0,1186,-2.178055963303191,204.0,0.768352210521698,0.7179409861564636,1,0.0,0.748573111452062,7,0,off,0,0,0.0,0.0,0.0,0.9657776238312316,0.9644097631089089,0.8397734925537161,0.8879653177091473,0.6896254448520365,0.5681928400598593,0.3242672980495342,0.0,0.748573111452062,0.748573111452062
hrl,multi,0,off,0,1187,-8.190023971893579,300.0,0.4092886447906494,0.20000000298023224,0,0.0,-0.7577758876709783,7,0,off,0,0,0.0,0.0,0.0,0.0,0.5335481367777826,0.0,0.0,-6.443831908991274,0.39585255851664347,0.21000000000000002,0.0,-0.7577758876709783,-0.7577758876709783
hrl,multi,0,off,0,1188,-7.691706366230142,300.0,0.4826359450817108,0.20000000298023224,0,0.0,-0.5732378581250853,7,0,off,0,0,0.0,0.0,0.0,0.21000000000000002,0.5130454023596421,0.0,0.0,-5.127317057745537,0.07,0.321606648510297,0.0,-0.5732378581250853,-0.5732378581250853
hrl,multi,0,off,0,1189,-2.2078752858506023,205.0,0.7686266303062439,0.7179409861564636,1,0.0,0.7455180477194728,7,0,off,0,0,0.0,0.0,0.0,0.9657776238312316,0.9589721298278469,0.8397734925537161,0.9021716368402182,0.7771077096318034,0.39100262423721327,0.38382111711428074,0.0,0.7455180477194728,0.7455180477194728
hrl,multi,0,off,0,1190,-2.290372634921219,208.0,0.7668210864067078,0.7179409861564636,1,0.0,0.7305626715326516,7,0,off,0,0,0.0,0.0,0.0,0.9657776238312316,0.9644097631089089,0.8397734925537161,0.9021716368402182,0.6574634658928293,0.42445701231093913,0.3598857061907182,0.0,0.7305626715326516,0.7305626715326516
hrl,multi,0,off,0,1191,-2.1257809041975992,203.0,0.774564802646637,0.7368783354759216,1,0.0,0.7624436490340994,7,0,off,0,0,0.0,0.0,0.0,0.9621549301622716,0.9514068204592127,0.8397734925537161,0.9021716368402182,0.7535201169726988,0.5681928400598593,0.3598857061907182,0.0,0.7624436490340994,0.7624436490340994
hrl,multi,0,off,0,1192,-2.4561835117160755,214.0,0.7830384969711304,0.7576594352722168,1,0.0,0.7275042769053943,7,0,off,0,0,0.0,0.0,0.0,0.9479695733888247,0.8803149328759817,0.793908205701246,0.8662003460110039,0.7334175575963473,0.5408336165736386,0.3298857061907182,0.0,0.7275042769053943,0.7275042769053943
hrl,multi,0,off,0,1193,-2.3168280080181978,209.0,0.7749363780021667,0.7368783354759216,1,0.0,0.73657156468723,7,0,off,0,0,0.0,0.0,0.0,0.9621549301622716,0.9589721298278469,0.8397734925537161,0.8879653177091473,0.6996979718759516,0.4536159935673951,0.3538211171142807,0.0,0.73657156468723,0.73657156468723
hrl,multi,0,off,0,1194,-2.2281448132428325,206.0,0.7767245173454285,0.7368783354759216,1,0.0,0.7516565074272163,7,0,off,0,0,0.0,0.0,0.0,0.9621549301622716,0.9514068204592127,0.8397734925537161,0.9021716368402182,0.7056394551346701,0.5466280997261449,0.3538211171142807,0.0,0.7516565074272163,0.7516565074272163
hrl,multi,0,off,0,1195,-2.29541628001956,208.0,0.7727909088134766,0.7179409861564636,1,0.0,0.7375669908913617,7,0,off,0,0,0.0,0.0,0.0,0.9657776238312316,0.9589721298278469,0.823908205701246,0.7990174702904549,0.6900286827176131,0.5681928400598593,0.3570719838112794,0.0,0.7375669908913617,0.7375669908913617
hrl,multi,0,off,0,1196,-2.5445923985727057,219.0,0.7943978905677795,0.7440137267112732,1,0.0,0.7153971946338346,7,0,off,0,0,0.0,0.0,0.0,0.9561288512108524,0.775869456415736,0.7843290731179455,0.9021716368402182,0.6634504425771507,0.5681928400598593,0.3576380622150788,0.0,0.7153971946338346,0.7153971946338346
hrl,multi,0,off,0,1197,-2.2386561964242695,206.0,0.7705437541007996,0.7179409861564636,1,0.0,0.7438209762719287,7,0,off,0,0,0.0,0.0,0.0,0.9657776238312316,0.9644097631089089,0.8397734925537161,0.872695977961286,0.749630562943375,0.4545737073142651,0.3598857061907182,0.0,0.7438209762719287,0.7438209762719287
hrl,multi,0,off,0,1198,-2.2039068397425545,205.0,0.7662526369094849,0.7179409861564636,1,0.0,0.7424151103946369,7,0,off,0,0,0.0,0.0,0.0,0.9657776238312316,0.9644097631089089,0.8097734925537161,0.8489591025987195,0.6559718334957418,0.5681928400598593,0.38382111711428074,0.0,0.7424151103946369,0.7424151103946369
hrl,multi,0,off,0,1199,-2.2211016530357273,206.0,0.7738151550292969,0.7368783354759216,1,0.0,0.7478470909545466,7,0,off,0,0,0.0,0.0,0.0,0.9621549301622716,0.9589721298278469,0.7470523181387241,0.8879653177091473,0.7535201169726988,0.5681928400598593,0.3570719838112794,0.0,0.7478470909545466,0.7478470909545466
hrl,multi,0,off,0,1200,-2.318703364818353,209.0,0.7710226774215698,0.7232506275177002,1,0.0,0.7316399237540752,7,0,off,0,0,0.0,0.0,0.0,0.9621549301622716,0.9644097631089089,0.8397734925537161,0.8879653177091473,0.5692703623595646,0.5408336165736386,0.3570719838112794,0.0,0.7316399237540752,0.7316399237540752
hrl,multi,0,off,0,1201,-2.1736017671925936,204.0,0.7697806358337402,0.7179409861564636,1,0.0,0.7513957170777837,7,0,off,0,0,0.0,0.0,0.0,0.9657776238312316,0.9644097631089089,0.823908205701246,0.8879653177091473,0.749630562943375,0.5381928400598592,0.3298857061907181,0.0,0.7513957170777837,0.7513957170777837
hrl,multi,0,off,0,1202,-2.0540411885245677,200.0,0.7664591073989868,0.7179409861564636,1,0.0,0.7637266986953619,7,0,off,0,0,0.0,0.0,0.0,0.9657776238312316,0.9644097631089089,0.8397734925537161,0.9021716368402182,0.7456321243902595,0.5681928400598593,0.36012941008333965,0.0,0.7637266986953619,0.7637266986953619
hrl,multi,0,off,0,1203,-6.055802588094964,300.0,0.7776713967323303,0.40195000171661377,0,0.0,0.20024512847817805,7,0,off,0,0,0.0,0.0,0.0,0.8131034238840267,-0.19707925592953754,-1.7074305209012883,0.9021716368402182,0.7535201169726988,0.43182922216072966,0.40560127632039883,0.0,0.20024512847817805,0.20024512847817805
hrl,multi,0,off,0,1204,-2.119257323935163,202.0,0.7658376693725586,0.7179409861564636,1,0.0,0.7580884132228263,7,0,off,0,0,0.0,0.0,0.0,0.9657776238312316,0.9644097631089089,0.8397734925537161,0.9021716368402182,0.7456321243902595,0.5381928400598592,0.35066141177559057,0.0,0.7580884132228263,0.7580884132228263
hrl,multi,0,off,0,1205,-2.1219962969736663,202.0,0.769648015499115,0.7073166966438293,1,0.0,0.7631863053941206,7,0,off,0,0,0.0,0.0,0.0,0.9504673731268711,0.9514068204592127,0.8397734925537161,0.9021716368402182,0.749630562943375,0.5681928400598593,0.3806614117755906,0.0,0.7631863053941206,0.7631863053941206
hrl,multi,0,off,0,1206,-2.639369546889787,220.0,0.7857002019882202,0.7232506275177002,1,0.0,0.7047741331068051,7,0,off,0,0,0.0,0.0,0.0,0.9561288512108524,0.9644097631089089,0.629793800961704,0.9021716368402182,0.7456321243902595,0.49762345341647235,0.23765930181922096,0.0,0.7047741331068051,0.7047741331068051
hrl,multi,0,off,0,1207,-2.0569312182138675,200.0,0.7658376693725586,0.7179409861564636,1,0.0,0.7666598417942548,7,0,off,0,0,0.0,0.0,0.0,0.9657776238312316,0.9644097631089089,0.8397734925537161,0.9021716368402182,0.7456321243902595,0.5681928400598593,0.3806614117755906,0.0,0.7666598417942548,0.7666598417942548
hrl,multi,0,off,0,1208,-2.115760583601659,202.0,0.767572820186615,0.7179409861564636,1,0.0,0.760344653346959,7,0,off,0,0,0.0,0.0,0.0,0.9657776238312316,0.9644097631089089,0.8397734925537161,0.8879653177091473,0.7456321243902595,0.5381928400598592,0.3806614117755906,0.0,0.760344653346959,0.760344653346959
hrl,multi,0,off,0,1209,-2.2246560515498257,206.0,0.7726853489875793,0.7368783354759216,1,0.0,0.750444665359249,7,0,off,0,0,0.0,0.0,0.0,0.9621549301622716,0.9589721298278469,0.8397734925537161,0.9021716368402182,0.7296979718759516,0.4796810844791477,0.3806614117755906,0.0,0.750444665359249,0.750444665359249
hrl,multi,0,off,0,1210,-2.0548165494343267,200.0,0.7669467329978943,0.7179409861564636,1,0.0,0.7648187399367645,7,0,off,0,0,0.0,0.0,0.0,0.9657776238312316,0.9644097631089089,0.8397734925537161,0.9021716368402182,0.7535201169726988,0.5681928400598593,0.3598857061907182,0.0,0.7648187399367645,0.7648187399367645
hrl,multi,0,off,0,1211,-2.1426590264285905,203.0,0.7696478962898254,0.7232506275177002,1,0.0,0.7577910185223586,7,0,off,0,0,0.0,0.0,0.0,0.9621549301622716,0.9644097631089089,0.8397734925537161,0.9021716368402182,0.7535201169726988,0.5018457782431058,0.3806614117755906,0.0,0.7577910185223586,0.7577910185223586
hrl,multi,0,off,0,1212,-2.261548851240656,207.0,0.7697989344596863,0.7232506275177002,1,0.0,0.7418768651095018,7,0,off,0,0,0.0,0.0,0.0,0.9621549301622716,0.9644097631089089,0.8397734925537161,0.9021716368402182,0.7771077096318034,0.42445701231093913,0.32306351115865484,0.0,0.7418768651095018,0.7418768651095018
hrl,multi,0,off,0,1213,-2.144280048696091,203.0,0.768216073513031,0.7179409861564636,1,0.0,0.7480287817358883,7,0,off,0,0,0.0,0.0,0.0,0.9657776238312316,0.9589721298278469,0.8228637097883377,0.9021716368402182,0.7535201169726988,0.5681928400598593,0.2647034148310248,0.0,0.7480287817358883,0.7480287817358883
hrl,multi,0,off,0,1214,-2.076377754269633,201.0,0.7704967856407166,0.7368783354759216,1,0.0,0.763521031628214,7,0,off,0,0,0.0,0.0,0.0,0.9621549301622716,0.9589721298278469,0.8228637097883377,0.9021716368402182,0.749630562943375,0.5681928400598593,0.3806614117755906,0.0,0.763521031628214,0.763521031628214
hrl,multi,0,off,0,1215,-2.2317196026281425,206.0,0.7711747884750366,0.7179409861564636,1,0.0,0.7394040403855119,7,0,off,0,0,0.0,0.0,0.0,0.9657776238312316,0.9514068204592127,0.807526640683272,0.9021716368402182,0.7156321243902595,0.4469735685005428,0.3863398679938469,0.0,0.7394040403855119,0.7394040403855119
hrl,multi,0,off,0,1216,-2.026840290571561,199.0,0.7668094038963318,0.7179409861564636,1,0.0,0.7647410138595392,7,0,off,0,0,0.0,0.0,0.0,0.9657776238312316,0.9644097631089089,0.8397734925537161,0.9021716368402182,0.7456321243902595,0.5452930462091005,0.39012941008333957,0.0,0.7647410138595392,0.7647410138595392
hrl,multi,0,off,0,1217,-2.058196163614047,200.0,0.7666062712669373,0.7179409861564636,1,0.0,0.7587068639894511,7,0,off,0,0,0.0,0.0,0.0,0.9657776238312316,0.9644097631089089,0.8397734925537161,0.9021716368402182,0.7097013682687016,0.5452930462091005,0.38382111711428074,0.0,0.7587068639894511,0.7587068639894511
hrl,multi,0,off,0,1218,-2.1481191804900286,203.0,0.770706832408905,0.7179409861564636,1,0.0,0.7551894260784183,7,0,off,0,0,0.0,0.0,0.0,0.9657776238312316,0.9589721298278469,0.8026667023586376,0.8879653177091473,0.7219290352551221,0.5452930462091005,0.403722127357843,0.0,0.7551894260784183,0.7551894260784183
hrl,multi,0,off,0,1219,-2.2382171253277905,206.0,0.7678560614585876,0.7179409861564636,1,0.0,0.7399599732609052,7,0,off,0,0,0.0,0.0,0.0,0.9657776238312316,0.9644097631089089,0.8397734925537161,0.9021716368402182,0.7296979718759516,0.42722791284071937,0.35066141177559057,0.0,0.7399599732609052,0.7399599732609052
hrl,multi,0,off,0,1220,-2.1778181703982358,204.0,0.7662221789360046,0.7179409861564636,1,0.0,0.7459033219985531,7,0,off,0,0,0.0,0.0,0.0,0.9657776238312316,0.9644097631089089,0.8397734925537161,0.9021716368402182,0.5971767804816575,0.5681928400598593,0.38382111711428074,0.0,0.7459033219985531,0.7459033219985531
hrl,multi,0,off,0,1221,-2.9843596212461,231.0,0.7679463028907776,0.7179409861564636,1,0.0,0.6333017790121979,7,0,off,0,0,0.0,0.0,0.0,0.9657776238312316,0.9644097631089089,0.8397734925537161,0.8879653177091473,-0.15289229036819696,0.5681928400598593,0.3598857061907182,0.0,0.6333017790121979,0.6333017790121979
hrl,multi,0,off,0,1222,-2.0825519311428065,201.0,0.7662309408187866,0.7179409861564636,1,0.0,0.7594299904695045,7,0,off,0,0,0.0,0.0,0.0,0.9657776238312316,0.9644097631089089,0.8397734925537161,0.9021716368402182,0.749630562943375,0.4779069860152345,0.4163398679938469,0.0,0.7594299904695045,0.7594299904695045
hrl,multi,0,off,0,1223,-2.176279294478007,204.0,0.7683588266372681,0.7179409861564636,1,0.0,0.7489174950389587,7,0,off,0,0,0.0,0.0,0.0,0.9657776238312316,0.9644097631089089,0.823908205701246,0.9021716368402182,0.6608904119199671,0.5681928400598593,0.3570719838112794,0.0,0.7489174950389587,0.7489174950389587
hrl,multi,0,off,0,1224,-2.142519543032394,203.0,0.7707892656326294,0.7232506275177002,1,0.0,0.7604896889861736,7,0,off,0,0,0.0,0.0,0.0,0.9621549301622716,0.9644097631089089,0.823908205701246,0.9021716368402182,0.7219290352551221,0.5681928400598593,0.3806614117755906,0.0,0.7604896889861736,0.7604896889861736
hrl,multi,0,off,0,1225,-2.0569749524234795,200.0,0.7658376693725586,0.7179409861564636,1,0.0,0.7666598417942548,7,0,off,0,0,0.0,0.0,0.0,0.9657776238312316,0.9644097631089089,0.8397734925537161,0.9021716368402182,0.7456321243902595,0.5681928400598593,0.3806614117755906,0.0,0.7666598417942548,0.7666598417942548
hrl,multi,0,off,0,1226,-1.995622664128895,198.0,0.7648962140083313,0.7179409861564636,1,0.0,0.7646955450190138,7,0,off,0,0,0.0,0.0,0.0,0.9657776238312316,0.9644097631089089,0.8228637097883377,0.9021716368402182,0.7456321243902595,0.5681928400598593,0.38382111711428074,0.0,0.7646955450190138,0.7646955450190138
hrl,multi,0,off,0,1227,-2.2263041564158597,206.0,0.7708390355110168,0.7368783354759216,1,0.0,0.7426341755693854,7,0,off,0,0,0.0,0.0,0.0,0.9621549301622716,0.9589721298278469,0.8228637097883377,0.9021716368402182,0.749630562943375,0.4219848476480577,0.3806614117755906,0.0,0.7426341755693854,0.7426341755693854
hrl,multi,0,off,0,1228,-2.088011018694378,201.0,0.7662529349327087,0.7179409861564636,1,0.0,0.7629453330161285,7,0,off,0,0,0.0,0.0,0.0,0.9657776238312316,0.9644097631089089,0.8097734925537161,0.9021716368402182,0.749630562943375,0.5681928400598593,0.3806614117755906,0.0,0.7629453330161285,0.7629453330161285
hrl,multi,0,off,0,1229,-2.0831983692140756,201.0,0.7689506411552429,0.7232506275177002,1,0.0,0.7633242728019104,7,0,off,0,0,0.0,0.0,0.0,0.9553163538872521,0.9644097631089089,0.8397734925537161,0.9021716368402182,0.7535201169726988,0.5681928400598593,0.3598857061907182,0.0,0.7633242728019104,0.7633242728019104
hrl,multi,0,off,0,1230,-2.1750184008257913,204.0,0.7695242166519165,0.7179409861564636,1,0.0,0.7474367241097752,7,0,off,0,0,0.0,0.0,0.0,0.9657776238312316,0.9589721298278469,0.8397734925537161,0.9021716368402182,0.749630562943375,0.48289305386266135,0.3328385689093776,0.0,0.7474367241097752,0.7474367241097752
hrl,multi,0,off,0,1231,-2.0874513735715294,201.0,0.7694845199584961,0.7179409861564636,1,0.0,0.7640419351823271,7,0,off,0,0,0.0,0.0,0.0,0.9657776238312316,0.9589721298278469,0.8397734925537161,0.9021716368402182,0.7535201169726988,0.5681928400598593,0.3598857061907182,0.0,0.7640419351823271,0.7640419351823271
hrl,multi,0,off,0,1232,-2.1170014376076858,202.0,0.7666511535644531,0.7179409861564636,1,0.0,0.7552513692924482,7,0,off,0,0,0.0,0.0,0.0,0.9657776238312316,0.9644097631089089,0.8397734925537161,0.9021716368402182,0.7535201169726988,0.5681928400598593,0.29291411168050324,0.0,0.7552513692924482,0.7552513692924482
hrl,multi,0,off,0,1233,-2.113109203692292,202.0,0.7682720422744751,0.7179409861564636,1,0.0,0.757947900913851,7,0,off,0,0,0.0,0.0,0.0,0.9657776238312316,0.9644097631089089,0.8397734925537161,0.8879653177091473,0.749630562943375,0.5681928400598593,0.3298857061907181,0.0,0.757947900913851,0.757947900913851
hrl,multi,0,off,0,1234,-2.1363193471310646,203.0,0.7707509398460388,0.7232506275177002,1,0.0,0.7571933778580853,7,0,off,0,0,0.0,0.0,0.0,0.9621549301622716,0.9644097631089089,0.793908205701246,0.9021716368402182,0.749630562943375,0.5681928400598593,0.3598857061907182,0.0,0.7571933778580853,0.7571933778580853
hrl,multi,0,off,0,1235,-2.230609726918627,206.0,0.7702445387840271,0.7232506275177002,1,0.0,0.7469398258445009,7,0,off,0,0,0.0,0.0,0.0,0.9621549301622716,0.9644097631089089,0.8397734925537161,0.9021716368402182,0.7258731612706408,0.5681928400598593,0.2660029569158912,0.0,0.7469398258445009,0.7469398258445009
hrl,multi,0,off,0,1236,-2.1106996256532145,202.0,0.7670127749443054,0.7179409861564636,1,0.0,0.7557214605708827,7,0,off,0,0,0.0,0.0,0.0,0.9657776238312316,0.9644097631089089,0.8397734925537161,0.9021716368402182,0.6926528837909655,0.5681928400598593,0.3570719838112794,0.0,0.7557214605708827,0.7557214605708827
hrl,multi,0,off,0,1237,-2.089211878100177,201.0,0.7682720422744751,0.7179409861564636,1,0.0,0.7606217909879572,7,0,off,0,0,0.0,0.0,0.0,0.9657776238312316,0.9644097631089089,0.8397734925537161,0.8879653177091473,0.749630562943375,0.5681928400598593,0.34860293670946163,0.0,0.7606217909879572,0.7606217909879572
hrl,multi,0,off,0,1238,-6.109967636345035,300.0,0.7224058508872986,0.3564680516719818,0,0.0,0.10760216926581845,7,0,off,0,0,0.0,0.0,0.0,0.9657776238312316,0.3467714357784633,-3.0167879444045123,0.872695977961286,0.749630562943375,0.4695232214926138,0.3656043072582717,0.0,0.10760216926581845,0.10760216926581845
hrl,multi,0,off,0,1239,-2.1114311437669673,202.0,0.7696318030357361,0.7179409861564636,1,0.0,0.7630202388905668,7,0,off,0,0,0.0,0.0,0.0,0.9657776238312316,0.9644097631089089,0.8397734925537161,0.872695977961286,0.749630562943375,0.5681928400598593,0.3806614117755906,0.0,0.7630202388905668,0.7630202388905668
hrl,multi,0,off,0,1240,-2.110337855174438,202.0,0.767099916934967,0.7179409861564636,1,0.0,0.7558601707424979,7,0,off,0,0,0.0,0.0,0.0,0.9657776238312316,0.9644097631089089,0.8397734925537161,0.9021716368402182,0.749630562943375,0.5121861321087571,0.3570719838112794,0.0,0.7558601707424979,0.7558601707424979
hrl,multi,0,off,0,1241,-2.347915781231128,210.0,0.7736652493476868,0.7232506275177002,1,0.0,0.7345521928946436,7,0,off,0,0,0.0,0.0,0.0,0.9621549301622716,0.9644097631089089,0.7021581329355147,0.9021716368402182,0.749630562943375,0.5681928400598593,0.29314748421235737,0.0,0.7345521928946436,0.7345521928946436
hrl,multi,0,off,0,1242,-2.290903834920607,208.0,0.7744287848472595,0.7144550085067749,1,0.0,0.7440000416983448,7,0,off,0,0,0.0,0.0,0.0,0.9039792718618155,0.9644097631089089,0.7531611244297174,0.8879653177091473,0.749630562943375,0.5681928400598593,0.3806614117755906,0.0,0.7440000416983448,0.7440000416983448
hrl,multi,0,off,0,1243,-2.1320184577757004,203.0,0.7714422941207886,0.7368783354759216,1,0.0,0.7581310258475547,7,0,off,0,0,0.0,0.0,0.0,0.9621549301622716,0.9589721298278469,0.8397734925537161,0.9021716368402182,0.749630562943375,0.5078745606116072,0.38633986799384684,0.0,0.7581310258475547,0.7581310258475547
hrl,multi,0,off,0,1244,-2.05180156614515,200.0,0.7668178677558899,0.7179409861564636,1,0.0,0.7638611290212268,7,0,off,0,0,0.0,0.0,0.0,0.9657776238312316,0.9644097631089089,0.8397734925537161,0.9021716368402182,0.749630562943375,0.5681928400598593,0.3570719838112794,0.0,0.7638611290212268,0.7638611290212268
hrl,multi,0,off,0,1245,-2.111509134174554,202.0,0.7685943841934204,0.7179409861564636,1,0.0,0.7582762541012433,7,0,off,0,0,0.0,0.0,0.0,0.9657776238312316,0.9644097631089089,0.8397734925537161,0.8879653177091473,0.7219290352551221,0.5681928400598593,0.3598857061907182,0.0,0.7582762541012433,0.7582762541012433
hrl,multi,0,off,0,1246,-2.2304730969783835,206.0,0.7714872360229492,0.7232506275177002,1,0.0,0.7488778334700154,7,0,off,0,0,0.0,0.0,0.0,0.9561288512108524,0.9644097631089089,0.8097734925537161,0.8410494403260589,0.7219290352551221,0.5681928400598593,0.3806614117755906,0.0,0.7488778334700154,0.7488778334700154
hrl,multi,0,off,0,1247,-2.1616378960886493,204.0,0.7736045122146606,0.7410153746604919,1,0.0,0.7602189266654775,7,0,off,0,0,0.0,0.0,0.0,0.9561288512108524,0.9589721298278469,0.8097734925537161,0.9021716368402182,0.7456321243902595,0.5681928400598593,0.3806614117755906,0.0,0.7602189266654775,0.7602189266654775
hrl,multi,0,off,0,1248,-2.054425143252592,200.0,0.7665370106697083,0.7179409861564636,1,0.0,0.7642630893611467,7,0,off,0,0,0.0,0.0,0.0,0.9657776238312316,0.9644097631089089,0.8397734925537161,0.9021716368402182,0.749630562943375,0.5681928400598593,0.3598857061907182,0.0,0.7642630893611467,0.7642630893611467
hrl,multi,0,off,0,1249,-2.2922422460722705,208.0,0.7720499634742737,0.7179409861564636,1,0.0,0.737737675312075,7,0,off,0,0,0.0,0.0,0.0,0.9657776238312316,0.9514068204592127,0.7470523181387241,0.9021716368402182,0.7535201169726988,0.48434950475172156,0.3598857061907182,0.0,0.737737675312075,0.737737675312075
hrl,multi,0,off,0,1250,-5.4565519600273555,300.0,0.8198915123939514,0.6657799482345581,0,0.0,0.33793808337000186,7,0,off,0,0,0.0,0.0,0.0,0.2523698815822591,-1.2066189496937312,0.7538596024687368,0.9021716368402182,0.7219290352551221,0.5681928400598593,0.3736625370775487,0.0,0.33793808337000186,0.33793808337000186
hrl,multi,0,off,0,1251,-5.561214235958572,300.0,0.7688804864883423,0.5336306095123291,0,0.0,0.2602342654631958,7,0,off,0,0,0.0,0.0,0.0,0.9657776238312316,-2.4301026177311793,0.8397734925537161,0.9021716368402182,0.7296979718759516,0.4808002639109939,0.3335214869614382,0.0,0.2602342654631958,0.2602342654631958
hrl,multi,0,off,0,1252,-2.1406440327386336,203.0,0.7711915373802185,0.7232506275177002,1,0.0,0.75381279226921,7,0,off,0,0,0.0,0.0,0.0,0.9621549301622716,0.9644097631089089,0.8397734925537161,0.8879653177091473,0.6607531281474789,0.5452930462091005,0.4163398679938469,0.0,0.75381279226921,0.75381279226921
hrl,multi,0,off,0,1253,-2.0071823376847893,198.0,0.7667187452316284,0.7179409861564636,1,0.0,0.7690565704971997,7,0,off,0,0,0.0,0.0,0.0,0.9657776238312316,0.9644097631089089,0.8397734925537161,0.9021716368402182,0.749630562943375,0.5452930462091005,0.4163398679938469,0.0,0.7690565704971997,0.7690565704971997
hrl,multi,0,off,0,1254,-2.1193185021949446,202.0,0.7666094899177551,0.7179409861564636,1,0.0,0.7554941241700027,7,0,off,0,0,0.0,0.0,0.0,0.9657776238312316,0.9644097631089089,0.8397734925537161,0.9021716368402182,0.6880041027127461,0.5681928400598593,0.36012941008333954,0.0,0.7554941241700027,0.7554941241700027
hrl,multi,0,off,0,1255,-2.3499388273979958,210.0,0.770343005657196,0.7232506275177002,1,0.0,0.7261940772665217,7,0,off,0,0,0.0,0.0,0.0,0.9435274930068701,0.9644097631089089,0.8397734925537161,0.9021716368402182,0.7771077096318034,0.29929646191285725,0.3570719838112794,0.0,0.7261940772665217,0.7261940772665217
hrl,multi,0,off,0,1256,-2.1117227633041322,202.0,0.7711657285690308,0.7179409861564636,1,0.0,0.765373484066172,7,0,off,0,0,0.0,0.0,0.0,0.9657776238312316,0.9514068204592127,0.8397734925537161,0.9021716368402182,0.749630562943375,0.5681928400598593,0.3806614117755906,0.0,0.765373484066172,0.765373484066172
hrl,multi,0,off,0,1257,-2.0850240448443214,201.0,0.7658376693725586,0.7179409861564636,1,0.0,0.7623741275085404,7,0,off,0,0,0.0,0.0,0.0,0.9657776238312316,0.9644097631089089,0.8097734925537161,0.9021716368402182,0.7456321243902595,0.5681928400598593,0.3806614117755906,0.0,0.7623741275085404,0.7623741275085404
hrl,multi,0,off,0,1258,-2.1173459528328378,202.0,0.766004204750061,0.7179409861564636,1,0.0,0.7583965245223269,7,0,off,0,0,0.0,0.0,0.0,0.9657776238312316,0.9644097631089089,0.8397734925537161,0.9021716368402182,0.7456321243902595,0.5681928400598593,0.32281819087209424,0.0,0.7583965245223269,0.7583965245223269
hrl,multi,0,off,0,1259,-2.174734321625437,204.0,0.7701771855354309,0.7179409861564636,1,0.0,0.7552483809040023,7,0,off,0,0,0.0,0.0,0.0,0.9657776238312316,0.9644097631089089,0.7898932663219487,0.9021716368402182,0.7156321243902596,0.5681928400598593,0.3806614117755906,0.0,0.7552483809040023,0.7552483809040023
hrl,multi,0,off,0,1260,-2.2060619916301207,205.0,0.7731267213821411,0.7179409861564636,1,0.0,0.7510152472264323,7,0,off,0,0,0.0,0.0,0.0,0.9657776238312316,0.9644097631089089,0.7531611244297174,0.9021716368402182,0.7456321243902595,0.5452930462091005,0.3806614117755906,0.0,0.7510152472264323,0.7510152472264323
hrl,multi,0,off,0,1261,-4.923990680127177,296.0,0.795750617980957,0.7232506275177002,1,0.0,0.3887184489771384,7,0,off,0,0,0.0,0.0,0.0,0.9621549301622716,0.9644097631089089,-1.6210668974622238,0.9021716368402182,0.7296979718759516,0.4564684661820972,0.3271932721327455,0.0,0.3887184489771384,0.3887184489771384
hrl,multi,0,off,0,1262,-2.265539718415817,207.0,0.7705508470535278,0.7179409861564636,1,0.0,0.7392957991459425,7,0,off,0,0,0.0,0.0,0.0,0.9657776238312316,0.9589721298278469,0.8097734925537161,0.9021716368402182,0.7296979718759516,0.4515981120385907,0.35707962705404245,0.0,0.7392957991459425,0.7392957991459425
hrl,multi,0,off,0,1263,-2.0558900456468105,200.0,0.7668178677558899,0.7179409861564636,1,0.0,0.7638611290212268,7,0,off,0,0,0.0,0.0,0.0,0.9657776238312316,0.9644097631089089,0.8397734925537161,0.9021716368402182,0.749630562943375,0.5681928400598593,0.3570719838112794,0.0,0.7638611290212268,0.7638611290212268
hrl,multi,0,off,0,1264,-2.052982271497603,200.0,0.7686008810997009,0.7232506275177002,1,0.0,0.7628309866278037,7,0,off,0,0,0.0,0.0,0.0,0.9621549301622716,0.9644097631089089,0.8397734925537161,0.9021716368402182,0.7456321243902595,0.5681928400598593,0.3574821192793923,0.0,0.7628309866278037,0.7628309866278037
hrl,multi,0,off,0,1265,-2.059101342014037,200.0,0.7664026021957397,0.7179409861564636,1,0.0,0.763289923513639,7,0,off,0,0,0.0,0.0,0.0,0.9657776238312316,0.9644097631089089,0.8397734925537161,0.9021716368402182,0.7456321243902595,0.5681928400598593,0.3570719838112794,0.0,0.763289923513639,0.763289923513639
hrl,multi,0,off,0,1266,-2.1442136038362505,203.0,0.7671807408332825,0.7179409861564636,1,0.0,0.7526541512588582,7,0,off,0,0,0.0,0.0,0.0,0.9657776238312316,0.9644097631089089,0.822662484241256,0.9021716368402182,0.6915435936162521,0.5681928400598593,0.3538211171142807,0.0,0.7526541512588582,0.7526541512588582
hrl,multi,0,off,0,1267,-2.1112921513814937,202.0,0.7696896195411682,0.7179409861564636,1,0.0,0.7591859110818083,7,0,off,0,0,0.0,0.0,0.0,0.9657776238312316,0.9644097631089089,0.8397734925537161,0.872695977961286,0.749630562943375,0.5681928400598593,0.3538211171142807,0.0,0.7591859110818083,0.7591859110818083
hrl,multi,0,off,0,1268,-2.2099881430622172,205.0,0.767438530921936,0.7179409861564636,1,0.0,0.7460599520826962,7,0,off,0,0,0.0,0.0,0.0,0.9657776238312316,0.9644097631089089,0.8397734925537161,0.9021716368402182,0.6300549127277215,0.5466280997261449,0.37360413579093227,0.0,0.7460599520826962,0.7460599520826962
hrl,multi,0,off,0,1269,-2.053366661648033,200.0,0.7706413269042969,0.7179409861564636,1,0.0,0.7695216907027177,7,0,off,0,0,0.0,0.0,0.0,0.9657776238312316,0.9589721298278469,0.8397734925537161,0.8879653177091473,0.749630562943375,0.5681928400598593,0.4163398679938469,0.0,0.7695216907027177,0.7695216907027177
hrl,multi,0,off,0,1270,-2.0655752491555144,200.0,0.7688130140304565,0.7179409861564636,1,0.0,0.763756927524143,7,0,off,0,0,0.0,0.0,0.0,0.9657776238312316,0.9589721298278469,0.8397734925537161,0.9021716368402182,0.7179706954130411,0.5452930462091005,0.4163398679938469,0.0,0.763756927524143,0.763756927524143
hrl,multi,0,off,0,1271,-2.09292041975539,201.0,0.7689597010612488,0.7179409861564636,1,0.0,0.7589970309198313,7,0,off,0,0,0.0,0.0,0.0,0.9657776238312316,0.9644097631089089,0.8097734925537161,0.8879653177091473,0.749630562943375,0.5452930462091005,0.39012941008333957,0.0,0.7589970309198313,0.7589970309198313
hrl,multi,0,off,0,1272,-2.0544185404665765,200.0,0.7692995071411133,0.7232506275177002,1,0.0,0.7676304075317704,7,0,off,0,0,0.0,0.0,0.0,0.9621549301622716,0.9644097631089089,0.8397734925537161,0.9021716368402182,0.749630562943375,0.5681928400598593,0.3870796270540425,0.0,0.7676304075317704,0.7676304075317704
hrl,multi,0,off,0,1273,-2.172407154050886,204.0,0.7723222374916077,0.7232506275177002,1,0.0,0.7583392308198643,7,0,off,0,0,0.0,0.0,0.0,0.9621549301622716,0.9644097631089089,0.7772639168195038,0.9021716368402182,0.7535201169726988,0.5681928400598593,0.3806614117755906,0.0,0.7583392308198643,0.7583392308198643
hrl,multi,0,off,0,1274,-2.0584240252734163,200.0,0.7670130133628845,0.7179409861564636,1,0.0,0.7645152987559235,7,0,off,0,0,0.0,0.0,0.0,0.9657776238312316,0.9644097631089089,0.8397734925537161,0.9021716368402182,0.7535201169726988,0.5452930462091005,0.3806614117755906,0.0,0.7645152987559235,0.7645152987559235
hrl,multi,0,off,0,1275,-2.0538756837719117,200.0,0.7690299153327942,0.7179409861564636,1,0.0,0.7670096309365648,7,0,off,0,0,0.0,0.0,0.0,0.9657776238312316,0.9589721298278469,0.8397734925537161,0.9021716368402182,0.7771077096318034,0.5681928400598593,0.3570719838112794,0.0,0.7670096309365648,0.7670096309365648
hrl,multi,0,off,0,1276,-2.2627291244885397,207.0,0.7738226652145386,0.7179409861564636,1,0.0,0.7433300541058283,7,0,off,0,0,0.0,0.0,0.0,0.9657776238312316,0.9524129432859575,0.771844323473942,0.9021716368402182,0.7471077096318034,0.5681928400598593,0.2958033016177849,0.0,0.7433300541058283,0.7433300541058283
hrl,multi,0,off,0,1277,-2.14360673815594,203.0,0.7739948630332947,0.7179409861564636,1,0.0,0.7648896405478939,7,0,off,0,0,0.0,0.0,0.0,0.9657776238312316,0.9364080559953089,0.823908205701246,0.9021716368402182,0.7771077096318034,0.5681928400598593,0.3806614117755906,0.0,0.7648896405478939,0.7648896405478939
hrl,multi,0,off,0,1278,-2.2041018578456697,205.0,0.773048460483551,0.7179409861564636,1,0.0,0.7514987278262367,7,0,off,0,0,0.0,0.0,0.0,0.9657776238312316,0.9453894067210437,0.8397734925537161,0.9021716368402182,0.7093003885868702,0.5681928400598593,0.3298857061907182,0.0,0.7514987278262367,0.7514987278262367
hrl,multi,0,off,0,1279,-2.0544512732711153,200.0,0.767867386341095,0.7232506275177002,1,0.0,0.7607269535501977,7,0,off,0,0,0.0,0.0,0.0,0.9553163538872521,0.9644097631089089,0.8397734925537161,0.9021716368402182,0.6788847204075816,0.5681928400598593,0.4163398679938469,0.0,0.7607269535501977,0.7607269535501977
hrl,multi,0,off,0,1280,-2.0829306011390862,201.0,0.7675157189369202,0.7179409861564636,1,0.0,0.7556597484143948,7,0,off,0,0,0.0,0.0,0.0,0.9657776238312316,0.9644097631089089,0.8397734925537161,0.9021716368402182,0.6591634724234892,0.5681928400598593,0.39012941008333957,0.0,0.7556597484143948,0.7556597484143948
hrl,multi,0,off,0,1281,-2.0001349231379573,198.0,0.7667187452316284,0.7179409861564636,1,0.0,0.7690565704971997,7,0,off,0,0,0.0,0.0,0.0,0.9657776238312316,0.9644097631089089,0.8397734925537161,0.9021716368402182,0.749630562943375,0.5452930462091005,0.4163398679938469,0.0,0.7690565704971997,0.7690565704971997
hrl,multi,0,off,0,1282,-2.0864189255761416,201.0,0.7681918740272522,0.7232506275177002,1,0.0,0.7618939755378636,7,0,off,0,0,0.0,0.0,0.0,0.9553163538872521,0.9644097631089089,0.8397734925537161,0.9021716368402182,0.7456321243902595,0.5452930462091005,0.3806614117755906,0.0,0.7618939755378636,0.7618939755378636
hrl,multi,0,off,0,1283,-2.0317830702045443,199.0,0.7648186683654785,0.7075472474098206,1,0.0,0.7613473895514176,7,0,off,0,0,0.0,0.0,0.0,0.9158117957638722,0.9644097631089089,0.8397734925537161,0.9021716368402182,0.7456321243902595,0.5452930462091005,0.4163398679938469,0.0,0.7613473895514176,0.7613473895514176
hrl,multi,0,off,0,1284,-1.9964914079266585,198.0,0.7671284675598145,0.7179409861564636,1,0.0,0.7696122210728173,7,0,off,0,0,0.0,0.0,0.0,0.9657776238312316,0.9644097631089089,0.8397734925537161,0.9021716368402182,0.7535201169726988,0.5452930462091005,0.4163398679938469,0.0,0.7696122210728173,0.7696122210728173
hrl,multi,0,off,0,1285,-2.05493199134944,200.0,0.7662529349327087,0.7179409861564636,1,0.0,0.7672310473018428,7,0,off,0,0,0.0,0.0,0.0,0.9657776238312316,0.9644097631089089,0.8397734925537161,0.9021716368402182,0.749630562943375,0.5681928400598593,0.3806614117755906,0.0,0.7672310473018428,0.7672310473018428
hrl,multi,0,off,0,1286,-2.1688854581722965,204.0,0.7695780396461487,0.7179409861564636,1,0.0,0.7509722746111904,7,0,off,0,0,0.0,0.0,0.0,0.9657776238312316,0.9589721298278469,0.8397734925537161,0.9021716368402182,0.7456321243902595,0.48434950475172156,0.3601294100833396,0.0,0.7509722746111904,0.7509722746111904
hrl,multi,0,off,0,1287,-2.0239735806058143,199.0,0.7683724164962769,0.7232506275177002,1,0.0,0.7708335024838824,7,0,off,0,0,0.0,0.0,0.0,0.9553163538872521,0.9644097631089089,0.8397734925537161,0.9021716368402182,0.749630562943375,0.5681928400598593,0.4163398679938469,0.0,0.7708335024838824,0.7708335024838824
hrl,multi,0,off,0,1288,-2.0269248614134265,199.0,0.7663684487342834,0.7179409861564636,1,0.0,0.764334968345446,7,0,off,0,0,0.0,0.0,0.0,0.9657776238312316,0.9644097631089089,0.8097734925537161,0.9021716368402182,0.749630562943375,0.5681928400598593,0.3903888590808124,0.0,0.764334968345446,0.764334968345446
hrl,multi,0,off,0,1289,-2.024983796400484,199.0,0.7663107514381409,0.7179409861564636,1,0.0,0.7676824337787985,7,0,off,0,0,0.0,0.0,0.0,0.9657776238312316,0.9644097631089089,0.8397734925537161,0.9021716368402182,0.749630562943375,0.5681928400598593,0.38382111711428074,0.0,0.7676824337787985,0.7676824337787985
hrl,multi,0,off,0,1290,-2.328761740563201,209.0,0.7662418484687805,0.7179409861564636,1,0.0,0.7239070707779237,7,0,off,0,0,0.0,0.0,0.0,0.9657776238312316,0.9644097631089089,0.8097734925537161,0.8332406504196309,0.7219290352551221,0.4236159935673951,0.34860293670946163,0.0,0.7239070707779237,0.7239070707779237
hrl,multi,0,off,0,1291,-2.0306222467555197,199.0,0.7663107514381409,0.7179409861564636,1,0.0,0.7639197059901726,7,0,off,0,0,0.0,0.0,0.0,0.9657776238312316,0.9644097631089089,0.8397734925537161,0.9021716368402182,0.749630562943375,0.5681928400598593,0.3574820225938991,0.0,0.7639197059901726,0.7639197059901726
hrl,multi,0,off,0,1292,-2.1116273647197517,202.0,0.7697154879570007,0.7232506275177002,1,0.0,0.7555559085120194,7,0,off,0,0,0.0,0.0,0.0,0.9621549301622716,0.9644097631089089,0.8397734925537161,0.9021716368402182,0.7535201169726988,0.5681928400598593,0.2986685798864628,0.0,0.7555559085120194,0.7555559085120194
hrl,multi,0,off,0,1293,-2.025736262898427,199.0,0.7659271955490112,0.7179409861564636,1,0.0,0.7711563539716181,7,0,off,0,0,0.0,0.0,0.0,0.9657776238312316,0.9644097631089089,0.8397734925537161,0.9021716368402182,0.7771077096318034,0.5681928400598593,0.3806614117755906,0.0,0.7711563539716181,0.7711563539716181
hrl,multi,0,off,0,1294,-2.0588089089957062,200.0,0.7659850120544434,0.7179409861564636,1,0.0,0.7630363118771456,7,0,off,0,0,0.0,0.0,0.0,0.9657776238312316,0.9644097631089089,0.8397734925537161,0.9021716368402182,0.7171077096318034,0.5681928400598593,0.38382111711428074,0.0,0.7630363118771456,0.7630363118771456
hrl,multi,0,off,0,1295,-2.0559040545427707,200.0,0.7676623463630676,0.7179409861564636,1,0.0,0.7691268798100367,7,0,off,0,0,0.0,0.0,0.0,0.9657776238312316,0.9644097631089089,0.8397734925537161,0.8879653177091473,0.7771077096318034,0.5681928400598593,0.3806614117755906,0.0,0.7691268798100367,0.7691268798100367
hrl,multi,0,off,0,1296,-2.0219020022416943,199.0,0.7670038938522339,0.7179409861564636,1,0.0,0.7687035857743822,7,0,off,0,0,0.0,0.0,0.0,0.9657776238312316,0.9644097631089089,0.8397734925537161,0.9021716368402182,0.7535201169726988,0.5681928400598593,0.3870796270540425,0.0,0.7687035857743822,0.7687035857743822
hrl,multi,0,off,0,1297,-2.2306558841094355,206.0,0.7695426344871521,0.7215216159820557,1,0.0,0.7424624644461744,7,0,off,0,0,0.0,0.0,0.0,0.9621549301622716,0.9047933150465445,0.8397734925537161,0.9021716368402182,0.7219290352551221,0.5681928400598593,0.2982220012054891,0.0,0.7424624644461744,0.7424624644461744
hrl,multi,0,off,0,1298,-2.055315758823417,200.0,0.7658376693725586,0.7179409861564636,1,0.0,0.7666598417942548,7,0,off,0,0,0.0,0.0,0.0,0.9657776238312316,0.9644097631089089,0.8397734925537161,0.9021716368402182,0.7456321243902595,0.5681928400598593,0.3806614117755906,0.0,0.7666598417942548,0.7666598417942548
hrl,multi,0,off,0,1299,-2.1392421200557137,203.0,0.7696569561958313,0.7232506275177002,1,0.0,0.7554170189584574,7,0,off,0,0,0.0,0.0,0.0,0.9621549301622716,0.9644097631089089,0.8397734925537161,0.9021716368402182,0.7541071497556013,0.5681928400598593,0.2971093202286258,0.0,0.7554170189584574,0.7554170189584574
hrl,multi,0,off,0,1300,-2.1390254062111485,203.0,0.771821141242981,0.7232506275177002,1,0.0,0.761836532463635,7,0,off,0,0,0.0,0.0,0.0,0.9621549301622716,0.9644097631089089,0.8397734925537161,0.8879653177091473,0.7296979718759516,0.5681928400598593,0.3806614117755906,0.0,0.761836532463635,0.761836532463635
hrl,multi,0,off,0,1301,-2.0535312138323203,200.0,0.7658376693725586,0.7179409861564636,1,0.0,0.7666598417942548,7,0,off,0,0,0.0,0.0,0.0,0.9657776238312316,0.9644097631089089,0.8397734925537161,0.9021716368402182,0.7456321243902595,0.5681928400598593,0.3806614117755906,0.0,0.7666598417942548,0.7666598417942548
hrl,multi,0,off,0,1302,-2.263276785090564,207.0,0.7703106999397278,0.7179409861564636,1,0.0,0.7432241638747953,7,0,off,0,0,0.0,0.0,0.0,0.9657776238312316,0.8965123246405847,0.823908205701246,0.9021716368402182,0.7219290352551221,0.5116089090795743,0.3806614117755906,0.0,0.7432241638747953,0.7432241638747953
hrl,multi,0,off,0,1303,-2.086643855286529,201.0,0.7661643624305725,0.7179409861564636,1,0.0,0.762690720062037,7,0,off,0,0,0.0,0.0,0.0,0.9657776238312316,0.9644097631089089,0.8397734925537161,0.9021716368402182,0.7178482722647348,0.5681928400598593,0.3806614117755906,0.0,0.762690720062037,0.762690720062037
hrl,multi,0,off,0,1304,-2.2058933406660755,205.0,0.7685782313346863,0.7179409861564636,1,0.0,0.7489096794663529,7,0,off,0,0,0.0,0.0,0.0,0.9657776238312316,0.9644097631089089,0.8397734925537161,0.8879653177091473,0.7258731612706408,0.4779069860152345,0.3806614117755906,0.0,0.7489096794663529,0.7489096794663529
hrl,multi,0,off,0,1305,-2.2311328402440966,206.0,0.7752406001091003,0.7232506275177002,1,0.0,0.7536480086906551,7,0,off,0,0,0.0,0.0,0.0,0.936494231472811,0.9644097631089089,0.793908205701246,0.9021716368402182,0.7296979718759516,0.5681928400598593,0.3806614117755906,0.0,0.7536480086906551,0.7536480086906551
hrl,multi,0,off,0,1306,-2.082844644343711,201.0,0.7689626812934875,0.7179409861564636,1,0.0,0.762387305435263,7,0,off,0,0,0.0,0.0,0.0,0.9657776238312316,0.9644097631089089,0.8397734925537161,0.8879653177091473,0.7535201169726988,0.5681928400598593,0.3570719838112794,0.0,0.762387305435263,0.762387305435263
hrl,multi,0,off,0,1307,-2.0843549624504485,201.0,0.7656058669090271,0.7179409861564636,1,0.0,0.7584212344239473,7,0,off,0,0,0.0,0.0,0.0,0.9657776238312316,0.9644097631089089,0.8397734925537161,0.837343241356259,0.749630562943375,0.5681928400598593,0.38382111711428074,0.0,0.7584212344239473,0.7584212344239473
hrl,multi,0,off,0,1308,-2.0815238930180198,201.0,0.7681828141212463,0.7232506275177002,1,0.0,0.761796548270608,7,0,off,0,0,0.0,0.0,0.0,0.9553163538872521,0.9644097631089089,0.8397734925537161,0.9021716368402182,0.7456321243902595,0.5681928400598593,0.3570796270540425,0.0,0.761796548270608,0.761796548270608
hrl,multi,0,off,0,1309,-2.73707113649928,223.0,0.7827140092849731,0.7232506275177002,1,0.0,0.6896992459143183,7,0,off,0,0,0.0,0.0,0.0,0.9621549301622716,0.9644097631089089,0.823908205701246,0.9021716368402182,0.40366392969580484,0.4779069860152345,0.2936792698765444,0.0,0.6896992459143183,0.6896992459143183
hrl,multi,0,off,0,1310,-2.0871546738734463,201.0,0.7662529349327087,0.7179409861564636,1,0.0,0.7629453330161285,7,0,off,0,0,0.0,0.0,0.0,0.9657776238312316,0.9644097631089089,0.8397734925537161,0.9021716368402182,0.749630562943375,0.5681928400598593,0.35066141177559074,0.0,0.7629453330161285,0.7629453330161285
hrl,multi,0,off,0,1311,-2.2660605780279695,207.0,0.7696303129196167,0.7179409861564636,1,0.0,0.7421929659841913,7,0,off,0,0,0.0,0.0,0.0,0.9657776238312316,0.9589721298278469,0.7837128285025502,0.9021716368402182,0.7535201169726988,0.45053501413920233,0.3806614117755906,0.0,0.7421929659841913,0.7421929659841913
hrl,multi,0,off,0,1312,-2.202250991627805,205.0,0.7684721350669861,0.7179409861564636,1,0.0,0.7452618416065925,7,0,off,0,0,0.0,0.0,0.0,0.9657776238312316,0.9137528565764061,0.823908205701246,0.8662003460110039,0.7219290352551221,0.5681928400598593,0.3570719838112794,0.0,0.7452618416065925,0.7452618416065925
hrl,multi,0,off,0,1313,-2.1762410656071722,204.0,0.7667987942695618,0.7179409861564636,1,0.0,0.7468366310684177,7,0,off,0,0,0.0,0.0,0.0,0.9657776238312316,0.9644097631089089,0.7506020068840513,0.9021716368402182,0.749630562943375,0.5681928400598593,0.3270719838112795,0.0,0.7468366310684177,0.7468366310684177
hrl,multi,0,off,0,1314,-2.109124948150708,202.0,0.7687700986862183,0.7179409861564636,1,0.0,0.7587259022595604,7,0,off,0,0,0.0,0.0,0.0,0.9657776238312316,0.9024539710875956,0.8397734925537161,0.9021716368402182,0.7456321243902595,0.5681928400598593,0.3870796270540425,0.0,0.7587259022595604,0.7587259022595604
hrl,multi,0,off,0,1315,-2.35224667244474,210.0,0.7676495313644409,0.7179409861564636,1,0.0,0.7225304535887039,7,0,off,0,0,0.0,0.0,0.0,0.9657776238312316,0.9644097631089089,0.7006651954909721,0.9021716368402182,0.7456321243902595,0.4219848476480577,0.3570719838112794,0.0,0.7225304535887039,0.7225304535887039
hrl,multi,0,off,0,1316,-2.2015446453005953,205.0,0.7666829228401184,0.7179409861564636,1,0.0,0.7463329502601261,7,0,off,0,0,0.0,0.0,0.0,0.9657776238312316,0.9644097631089089,0.8397734925537161,0.9021716368402182,0.7219290352551221,0.5681928400598593,0.26207626017182695,0.0,0.7463329502601261,0.7463329502601261
hrl,multi,0,off,0,1317,-2.1778617799852498,204.0,0.7661353945732117,0.7179409861564636,1,0.0,0.7452224188011416,7,0,off,0,0,0.0,0.0,0.0,0.9657776238312316,0.9644097631089089,0.8397734925537161,0.9021716368402182,0.7456321243902595,0.5085373046668155,0.290254986216842,0.0,0.7452224188011416,0.7452224188011416
hrl,multi,0,off,0,1318,-2.0575992793543265,200.0,0.7665370106697083,0.7179409861564636,1,0.0,0.7626512651495386,7,0,off,0,0,0.0,0.0,0.0,0.9657776238312316,0.9644097631089089,0.8397734925537161,0.9021716368402182,0.749630562943375,0.5681928400598593,0.34860293670946163,0.0,0.7626512651495386,0.7626512651495386
hrl,multi,0,off,0,1319,-4.7233734993031185,290.0,0.8097922205924988,0.7410153746604919,1,0.0,0.43544023294077727,7,0,off,0,0,0.0,0.0,0.0,-0.13542995296620883,0.9589721298278469,0.8397734925537161,0.7913268171220522,0.664584892212585,-0.4518071599401411,0.3806614117755906,0.0,0.43544023294077727,0.43544023294077727
hrl,multi,0,off,0,1320,-3.434720934781345,247.0,0.8071513175964355,0.7410153746604919,1,0.0,0.6145939024529212,7,0,off,0,0,0.0,0.0,0.0,-0.0307118219665673,0.9589721298278469,0.8397734925537161,0.872695977961286,0.749630562943375,0.5381928400598592,0.37360413579093227,0.0,0.6145939024529212,0.6145939024529212
hrl,multi,0,off,0,1321,-2.3940720146137697,212.0,0.7906010746955872,0.7364096641540527,1,0.0,0.7469462737354009,7,0,off,0,0,0.0,0.0,0.0,0.8083038820006613,0.9524129432859575,0.8397734925537161,0.9021716368402182,0.7771077096318034,0.5681928400598593,0.3806614117755906,0.0,0.7469462737354009,0.7469462737354009
hrl,multi,0,off,0,1322,-2.2323962275707134,206.0,0.7671613693237305,0.7179409861564636,1,0.0,0.7392794963355203,7,0,off,0,0,0.0,0.0,0.0,0.9657776238312316,0.9644097631089089,0.7765197392687102,0.8253522307796881,0.7176322934889646,0.5681928400598593,0.3570719838112794,0.0,0.7392794963355203,0.7392794963355203
hrl,multi,0,off,0,1323,-2.0875792195973912,201.0,0.7677615284919739,0.7179409861564636,1,0.0,0.7649645777514901,7,0,off,0,0,0.0,0.0,0.0,0.9657776238312316,0.9644097631089089,0.823908205701246,0.9021716368402182,0.749630562943375,0.5681928400598593,0.3806614117755906,0.0,0.7649645777514901,0.7649645777514901
hrl,multi,0,off,0,1324,-2.112618918236111,202.0,0.7681282758712769,0.7179409861564636,1,0.0,0.7535812788926792,7,0,off,0,0,0.0,0.0,0.0,0.9657776238312316,0.9644097631089089,0.823908205701246,0.9021716368402182,0.749630562943375,0.5681928400598593,0.30097831976391476,0.0,0.7535812788926792,0.7535812788926792
hrl,multi,0,off,0,1325,-2.087256534515181,201.0,0.7683264017105103,0.7179409861564636,1,0.0,0.7615946594708741,7,0,off,0,0,0.0,0.0,0.0,0.9657776238312316,0.9644097631089089,0.823908205701246,0.9021716368402182,0.749630562943375,0.5681928400598593,0.3570719838112794,0.0,0.7615946594708741,0.7615946594708741
hrl,multi,0,off,0,1326,-2.318976671614214,209.0,0.7700056433677673,0.7232506275177002,1,0.0,0.7338814725306044,7,0,off,0,0,0.0,0.0,0.0,0.9553163538872521,0.9644097631089089,0.8397734925537161,0.8879653177091473,0.7456321243902595,0.4219848476480577,0.3220884084168897,0.0,0.7338814725306044,0.7338814725306044
hrl,multi,0,off,0,1327,-2.082847363776527,201.0,0.7683941721916199,0.7179409861564636,1,0.0,0.759662614790259,7,0,off,0,0,0.0,0.0,0.0,0.9657776238312316,0.9589721298278469,0.8397734925537161,0.8514705372015018,0.749630562943375,0.5681928400598593,0.38382111711428074,0.0,0.759662614790259,0.759662614790259
hrl,multi,0,off,0,1328,-2.435718349801605,213.0,0.7792587876319885,0.7232506275177002,1,0.0,0.728471100354847,7,0,off,0,0,0.0,0.0,0.0,0.9553163538872521,0.9644097631089089,0.6936938631496613,0.9021716368402182,0.749630562943375,0.5681928400598593,0.2658826824946541,0.0,0.728471100354847,0.728471100354847
hrl,multi,0,off,0,1329,-3.525247206239859,250.0,0.8077475428581238,0.7410153746604919,1,0.0,0.6027555394443063,7,0,off,0,0,0.0,0.0,0.0,-0.18011329789046246,0.9589721298278469,0.8397734925537161,0.9021716368402182,0.749630562943375,0.5681928400598593,0.3806614117755906,0.0,0.6027555394443063,0.6027555394443063
hrl,multi,0,off,0,1330,-3.7553652430395417,258.0,0.811823844909668,0.7576398253440857,1,0.0,0.5738914480950281,7,0,off,0,0,0.0,0.0,0.0,-0.3310298134260521,0.9514068204592127,0.823908205701246,0.9021716368402182,0.7219290352551221,0.5681928400598593,0.3806614117755906,0.0,0.5738914480950281,0.5738914480950281
hrl,multi,0,off,0,1331,-4.163829144221807,271.0,0.8079308271408081,0.7232506275177002,1,0.0,0.5051155381901344,7,0,off,0,0,0.0,0.0,0.0,-0.7778286398733063,0.9644097631089089,0.823908205701246,0.9021716368402182,0.7219290352551221,0.5681928400598593,0.33302592623889266,0.0,0.5051155381901344,0.5051155381901344
hrl,multi,0,off,0,1332,-2.6901713404885874,222.0,0.7981582880020142,0.7410153746604919,1,0.0,0.7078047228223239,7,0,off,0,0,0.0,0.0,0.0,0.6149908668889109,0.9589721298278469,0.8397734925537161,0.9021716368402182,0.7219290352551221,0.5681928400598593,0.34860305833059446,0.0,0.7078047228223239,0.7078047228223239
hrl,multi,0,off,0,1333,-2.355460170604053,210.0,0.766541600227356,0.7179409861564636,1,0.0,0.7250687498522118,7,0,off,0,0,0.0,0.0,0.0,0.9657776238312316,0.9644097631089089,0.8397734925537161,0.9021716368402182,0.7456321243902595,0.42072181312274737,0.23699479511840146,0.0,0.7250687498522118,0.7250687498522118
hrl,multi,0,off,0,1334,-2.111417686155764,202.0,0.7681677937507629,0.7179409861564636,1,0.0,0.7584272483970944,7,0,off,0,0,0.0,0.0,0.0,0.9657776238312316,0.9589721298278469,0.8397734925537161,0.8667583833729133,0.749630562943375,0.5681928400598593,0.3598857061907182,0.0,0.7584272483970944,0.7584272483970944
hrl,multi,0,off,0,1335,-3.6277039667160493,253.0,0.8043685555458069,0.7179409861564636,1,0.0,0.5852243903370427,7,0,off,0,0,0.0,0.0,0.0,0.9657776238312316,-0.30963683564469324,0.8397734925537161,0.9021716368402182,0.749630562943375,0.5681928400598593,0.3806614117755906,0.0,0.5852243903370427,0.5852243903370427
hrl,multi,0,off,0,1336,-2.1451843096851366,203.0,0.7712756395339966,0.7179409861564636,1,0.0,0.7610679501846225,7,0,off,0,0,0.0,0.0,0.0,0.9657776238312316,0.9514068204592127,0.8397734925537161,0.9021716368402182,0.7194918257725298,0.5681928400598593,0.3806614117755906,0.0,0.7610679501846225,0.7610679501846225
hrl,multi,0,off,0,1337,-2.056613960035611,200.0,0.7688485383987427,0.7179409861564636,1,0.0,0.7669056290243611,7,0,off,0,0,0.0,0.0,0.0,0.9657776238312316,0.9589721298278469,0.8397734925537161,0.9021716368402182,0.749630562943375,0.5681928400598593,0.38382111711428074,0.0,0.7669056290243611,0.7669056290243611
hrl,multi,0,off,0,1338,-2.1148105325258797,202.0,0.7689927816390991,0.7232506275177002,1,0.0,0.7511337812134079,7,0,off,0,0,0.0,0.0,0.0,0.9621549301622716,0.9644097631089089,0.8397734925537161,0.9021716368402182,0.7456321243902595,0.5452930462091005,0.29850147522937986,0.0,0.7511337812134079,0.7511337812134079
hrl,multi,0,off,0,1339,-2.109850868491921,202.0,0.771645724773407,0.7368783354759216,1,0.0,0.7619955910922072,7,0,off,0,0,0.0,0.0,0.0,0.9621549301622716,0.9589721298278469,0.8397734925537161,0.9021716368402182,0.7456321243902595,0.5681928400598593,0.3570719838112794,0.0,0.7619955910922072,0.7619955910922072
hrl,multi,0,off,0,1340,-2.6992486439901318,222.0,0.7962749600410461,0.7364096641540527,1,0.0,0.7070036825461911,7,0,off,0,0,0.0,0.0,0.0,0.6409570345026081,0.9524129432859575,0.8397734925537161,0.9021716368402182,0.7456321243902595,0.5681928400598593,0.2998857061907182,0.0,0.7070036825461911,0.7070036825461911
hrl,multi,0,off,0,1341,-4.427641275266068,280.0,0.8263953328132629,0.7364096641540527,1,0.0,0.49675045716318855,7,0,off,0,0,0.0,0.0,0.0,0.6263552772902176,0.9524129432859575,-0.6612957014748972,0.8612958662622172,0.749630562943375,0.5681928400598593,0.3806614117755906,0.0,0.49675045716318855,0.49675045716318855
hrl,multi,0,off,0,1342,-2.060973908571759,200.0,0.7665370106697083,0.7179409861564636,1,0.0,0.7642630893611467,7,0,off,0,0,0.0,0.0,0.0,0.9657776238312316,0.9644097631089089,0.8397734925537161,0.9021716368402182,0.749630562943375,0.5681928400598593,0.3598857061907182,0.0,0.7642630893611467,0.7642630893611467
hrl,multi,0,off,0,1343,-8.213896161894008,300.0,0.3362886607646942,0.20000000298023224,0,0.0,-0.9408606891400798,7,0,off,0,0,0.0,0.0,0.0,0.0,0.07,0.07,0.07,0.0,0.07,-6.866024823980559,0.0,-0.9408606891400798,-0.9408606891400798
hrl,multi,0,off,0,1344,-2.1456608169223172,203.0,0.7696990966796875,0.7179409861564636,1,0.0,0.7552743113004805,7,0,off,0,0,0.0,0.0,0.0,0.9657776238312316,0.9589721298278469,0.8397734925537161,0.847501546076056,0.749630562943375,0.5681928400598593,0.3570719838112794,0.0,0.7552743113004805,0.7552743113004805
hrl,multi,0,off,0,1345,-2.086019730336265,201.0,0.7683404684066772,0.7179409861564636,1,0.0,0.7615449854002228,7,0,off,0,0,0.0,0.0,0.0,0.9657776238312316,0.9644097631089089,0.8397734925537161,0.9021716368402182,0.7334175575963473,0.5681928400598593,0.3570719838112794,0.0,0.7615449854002228,0.7615449854002228
hrl,multi,0,off,0,1346,-2.055691457056673,200.0,0.7667945623397827,0.7179409861564636,1,0.0,0.7578727390571045,7,0,off,0,0,0.0,0.0,0.0,0.9657776238312316,0.9644097631089089,0.7939652087755362,0.9021716368402182,0.7535201169726988,0.5681928400598593,0.3570719838112794,0.0,0.7578727390571045,0.7578727390571045
hrl,multi,0,off,0,1347,-2.2049863431311656,205.0,0.7677664756774902,0.7179409861564636,1,0.0,0.7386040752231093,7,0,off,0,0,0.0,0.0,0.0,0.9657776238312316,0.9644097631089089,0.7783275734857632,0.9021716368402182,0.7777207827028383,0.36548127859895785,0.4163398679938469,0.0,0.7386040752231093,0.7386040752231093
hrl,multi,0,off,0,1348,-2.1760115578060484,204.0,0.769029438495636,0.7179409861564636,1,0.0,0.750775415055349,7,0,off,0,0,0.0,0.0,0.0,0.9657776238312316,0.9589721298278469,0.8397734925537161,0.8131955499806944,0.749630562943375,0.5681928400598593,0.3598857061907182,0.0,0.750775415055349,0.750775415055349
hrl,multi,0,off,0,1349,-2.2969063229719153,208.0,0.7688179612159729,0.7179409861564636,1,0.0,0.7324489967381732,7,0,off,0,0,0.0,0.0,0.0,0.9657776238312316,0.9644097631089089,0.8397734925537161,0.8879653177091473,0.7501851018172827,0.4821291752535516,0.23690250289337375,0.0,0.7324489967381732,0.7324489967381732
hrl,multi,0,off,0,1350,-2.0850051733967847,201.0,0.767841637134552,0.7232506275177002,1,0.0,0.7651653746594007,7,0,off,0,0,0.0,0.0,0.0,0.9553163538872521,0.9644097631089089,0.8397734925537161,0.9021716368402182,0.7456321243902595,0.5681928400598593,0.3806614117755906,0.0,0.7651653746594007,0.7651653746594007
hrl,multi,0,off,0,1351,-2.086443370523627,201.0,0.7661643624305725,0.7179409861564636,1,0.0,0.762690720062037,7,0,off,0,0,0.0,0.0,0.0,0.9657776238312316,0.9644097631089089,0.8397734925537161,0.9021716368402182,0.7178482722647348,0.5681928400598593,0.3806614117755906,0.0,0.762690720062037,0.762690720062037
hrl,multi,0,off,0,1352,-2.5022646971454297,215.0,0.7747842073440552,0.7179409861564636,1,0.0,0.71406945157045,7,0,off,0,0,0.0,0.0,0.0,0.9657776238312316,0.9589721298278469,0.8397734925537161,0.8879653177091473,0.7219290352551221,0.356983524001261,0.26708503781482595,0.0,0.71406945157045,0.71406945157045
hrl,multi,0,off,0,1353,-2.0559312957862854,200.0,0.7668178677558899,0.7179409861564636,1,0.0,0.7638611290212268,7,0,off,0,0,0.0,0.0,0.0,0.9657776238312316,0.9644097631089089,0.8397734925537161,0.9021716368402182,0.749630562943375,0.5681928400598593,0.3570719838112794,0.0,0.7638611290212268,0.7638611290212268
hrl,multi,0,off,0,1354,-2.055707964603789,200.0,0.7680572271347046,0.7179409861564636,1,0.0,0.7659567413223725,7,0,off,0,0,0.0,0.0,0.0,0.9657776238312316,0.9644097631089089,0.823908205701246,0.9021716368402182,0.7771077096318034,0.5381928400598592,0.39012941008333957,0.0,0.7659567413223725,0.7659567413223725
hrl,multi,0,off,0,1355,-2.1999985584116053,205.0,0.7702005505561829,0.7179409861564636,1,0.0,0.7478009423894502,7,0,off,0,0,0.0,0.0,0.0,0.9657776238312316,0.9514068204592127,0.8397734925537161,0.863841599857719,0.6617931028501316,0.5681928400598593,0.38382111711428074,0.0,0.7478009423894502,0.7478009423894502
hrl,multi,0,off,0,1356,-2.1165080009633668,202.0,0.7664492726325989,0.7179409861564636,1,0.0,0.7503230185813752,7,0,off,0,0,0.0,0.0,0.0,0.9657776238312316,0.9644097631089089,0.8228637097883377,0.9021716368402182,0.7535201169726988,0.48363257333751164,0.3598857061907182,0.0,0.7503230185813752,0.7503230185813752
hrl,multi,0,off,0,1357,-2.4974484981328646,215.0,0.7770771384239197,0.7179409861564636,1,0.0,0.7087425550356748,7,0,off,0,0,0.0,0.0,0.0,0.9657776238312316,0.9644097631089089,0.7093121708583288,0.8879653177091473,0.5554481445500441,0.49762345341647235,0.3806614117755906,0.0,0.7087425550356748,0.7087425550356748
hrl,multi,0,off,0,1358,-2.1187871469266244,202.0,0.7661643624305725,0.7179409861564636,1,0.0,0.7584050057763229,7,0,off,0,0,0.0,0.0,0.0,0.9657776238312316,0.9644097631089089,0.8397734925537161,0.9021716368402182,0.7178482722647348,0.5681928400598593,0.35066141177559074,0.0,0.7584050057763229,0.7584050057763229
hrl,multi,0,off,0,1359,-2.3781435055786235,211.0,0.7709805369377136,0.7349947094917297,1,0.0,0.7232143864974577,7,0,off,0,0,0.0,0.0,0.0,0.9621549301622716,0.8932661602540506,0.8397734925537161,0.9021716368402182,0.5980045710688991,0.5681928400598593,0.2989370745431895,0.0,0.7232143864974577,0.7232143864974577
hrl,multi,0,off,0,1360,-3.687467167565032,255.0,0.807782769203186,0.7232506275177002,1,0.0,0.5779702875022376,7,0,off,0,0,0.0,0.0,0.0,-0.21011329789046246,0.9644097631089089,0.8397734925537161,0.8879653177091473,0.6872429311174897,0.5466280997261449,0.3298857061907182,0.0,0.5779702875022376,0.5779702875022376
hrl,multi,0,off,0,1361,-5.66664086109382,300.0,0.7584916353225708,0.38372698426246643,0,0.0,0.23322269907024062,7,0,off,0,0,0.0,0.0,0.0,-1.611063073229618,0.9419407055628234,0.10390820570124551,0.9021716368402182,0.4003365947458768,0.5681928400598593,0.3270719838112794,0.0,0.23322269907024062,0.23322269907024062
hrl,multi,0,off,0,1362,-3.386898678424755,245.0,0.8071185350418091,0.7232506275177002,1,0.0,0.6200064577536338,7,0,off,0,0,0.0,0.0,0.0,-0.006055076617554611,0.9644097631089089,0.8397734925537161,0.8879653177091473,0.7258731612706408,0.5681928400598593,0.3598857061907182,0.0,0.6200064577536338,0.6200064577536338
hrl,multi,0,off,0,1363,-5.6400306697414635,300.0,0.8017253279685974,0.39526593685150146,0,0.0,0.2907364975989207,7,0,off,0,0,0.0,0.0,0.0,-0.8028835793515895,-0.22046928288889073,0.7898932663219487,0.9021716368402182,0.3866123127849345,0.5681928400598593,0.4116382894259643,0.0,0.2907364975989207,0.2907364975989207
hrl,multi,0,off,0,1364,-2.5264584460365516,216.0,0.7933053374290466,0.7179409861564636,1,0.0,0.7249690387550995,7,0,off,0,0,0.0,0.0,0.0,0.9657776238312316,0.7095544425869436,0.8397734925537161,0.9021716368402182,0.7258731612706408,0.5452930462091005,0.3863398679938469,0.0,0.7249690387550995,0.7249690387550995
hrl,multi,0,off,0,1365,-2.0228130549006136,199.0,0.7676882743835449,0.7179409861564636,1,0.0,0.7660200169890369,7,0,off,0,0,0.0,0.0,0.0,0.9657776238312316,0.9644097631089089,0.8397734925537161,0.8879653177091473,0.7456321243902595,0.5681928400598593,0.39038895727013584,0.0,0.7660200169890369,0.7660200169890369
hrl,multi,0,off,0,1366,-5.436752141616306,300.0,0.8169571757316589,0.7232506275177002,0,0.0,0.33226994713827845,7,0,off,0,0,0.0,0.0,0.0,0.18357992862009495,0.9644097631089089,0.8397734925537161,0.8879653177091473,0.38360997199629027,-0.37719828588282733,-0.5562505581373811,0.0,0.33226994713827845,0.33226994713827845
hrl,multi,0,off,0,1367,-2.082481952146627,201.0,0.7694845199584961,0.7179409861564636,1,0.0,0.7640419351823271,7,0,off,0,0,0.0,0.0,0.0,0.9657776238312316,0.9589721298278469,0.8397734925537161,0.9021716368402182,0.7535201169726988,0.5681928400598593,0.3598857061907182,0.0,0.7640419351823271,0.7640419351823271
hrl,multi,0,off,0,1368,-2.0807906985818407,201.0,0.769368052482605,0.7232506275177002,1,0.0,0.7672691702104661,7,0,off,0,0,0.0,0.0,0.0,0.9621549301622716,0.9644097631089089,0.8397734925537161,0.9021716368402182,0.7535201169726988,0.5681928400598593,0.3806614117755906,0.0,0.7672691702104661,0.7672691702104661
hrl,multi,0,off,0,1369,-2.055316073610447,200.0,0.7661217451095581,0.7179409861564636,1,0.0,0.7636918838535589,7,0,off,0,0,0.0,0.0,0.0,0.9657776238312316,0.9644097631089089,0.8397734925537161,0.9021716368402182,0.7456321243902595,0.5681928400598593,0.3598857061907182,0.0,0.7636918838535589,0.7636918838535589
hrl,multi,0,off,0,1370,-4.199147244229379,272.0,0.8024531602859497,0.7179409861564636,1,0.0,0.5011103586168252,7,0,off,0,0,0.0,0.0,0.0,0.9657776238312316,0.9589721298278469,0.823908205701246,-0.8213828820884952,0.7219290352551221,0.4779069860152345,0.3806614117755906,0.0,0.5011103586168252,0.5011103586168252
hrl,multi,0,off,0,1371,-2.1119813215592864,202.0,0.769170880317688,0.7179409861564636,1,0.0,0.758662553640325,7,0,off,0,0,0.0,0.0,0.0,0.9657776238312316,0.9589721298278469,0.8397734925537161,0.9021716368402182,0.7219290352551221,0.5681928400598593,0.3538211171142807,0.0,0.758662553640325,0.758662553640325
hrl,multi,0,off,0,1372,-3.2597038099029882,241.0,0.808824896812439,0.7179409861564636,1,0.0,0.6358353435380935,7,0,off,0,0,0.0,0.0,0.0,0.9657776238312316,0.9589721298278469,0.5476405537473928,0.32742302687626706,0.7219290352551221,0.5681928400598593,0.3609121951689352,0.0,0.6358353435380935,0.6358353435380935
hrl,multi,0,off,0,1373,-2.173426743886665,204.0,0.7674421668052673,0.7179409861564636,1,0.0,0.7425374160985446,7,0,off,0,0,0.0,0.0,0.0,0.9657776238312316,0.9644097631089089,0.807526640683272,0.9021716368402182,0.7535201169726988,0.45053501413920233,0.3538211171142807,0.0,0.7425374160985446,0.7425374160985446
hrl,multi,0,off,0,1374,-2.348792160459558,210.0,0.7682129740715027,0.7179409861564636,1,0.0,0.7146159219236965,7,0,off,0,0,0.0,0.0,0.0,0.9657776238312316,0.9644097631089089,0.803036341346557,0.847501546076056,0.49350763285254357,0.5681928400598593,0.3598857061907182,0.0,0.7146159219236965,0.7146159219236965
hrl,multi,0,off,0,1375,-2.4604212312656406,214.0,0.7770644426345825,0.7368783354759216,1,0.0,0.7161243239080702,7,0,off,0,0,0.0,0.0,0.0,0.9621549301622716,0.9589721298278469,0.771844323473942,0.9021716368402182,0.7061588224470032,0.45053501413920233,0.26103341046600825,0.0,0.7161243239080702,0.7161243239080702
hrl,multi,0,off,0,1376,-2.057417441095458,200.0,0.7658376693725586,0.7179409861564636,1,0.0,0.7666598417942548,7,0,off,0,0,0.0,0.0,0.0,0.9657776238312316,0.9644097631089089,0.8397734925537161,0.9021716368402182,0.7456321243902595,0.5681928400598593,0.3806614117755906,0.0,0.7666598417942548,0.7666598417942548
hrl,multi,0,off,0,1377,-2.2122728011454442,205.0,0.7655758261680603,0.7075472474098206,1,0.0,0.7425245462256465,7,0,off,0,0,0.0,0.0,0.0,0.9158117957638722,0.9062584791268538,0.8397734925537161,0.837343241356259,0.749630562943375,0.5681928400598593,0.3806614117755906,0.0,0.7425245462256465,0.7425245462256465
hrl,multi,0,off,0,1378,-2.1735959051572697,204.0,0.7677382826805115,0.7179409861564636,1,0.0,0.7507759294951242,7,0,off,0,0,0.0,0.0,0.0,0.9657776238312316,0.9644097631089089,0.8397734925537161,0.9021716368402182,0.7573111923400724,0.4096479297978748,0.4163398679938469,0.0,0.7507759294951242,0.7507759294951242
hrl,multi,0,off,0,1379,-2.226402079192919,206.0,0.7712674736976624,0.7368783354759216,1,0.0,0.7448589017687238,7,0,off,0,0,0.0,0.0,0.0,0.9621549301622716,0.9589721298278469,0.8397734925537161,0.9021716368402182,0.5956676558831117,0.5681928400598593,0.3870796270540425,0.0,0.7448589017687238,0.7448589017687238
hrl,multi,0,off,0,1380,-2.0202575435035373,199.0,0.7693160176277161,0.7179409861564636,1,0.0,0.772106815439917,7,0,off,0,0,0.0,0.0,0.0,0.9657776238312316,0.9589721298278469,0.8397734925537161,0.9021716368402182,0.7535201169726988,0.5681928400598593,0.4163398679938469,0.0,0.772106815439917,0.772106815439917
hrl,multi,0,off,0,1381,-2.183939047274177,205.0,0.7764367461204529,0.7470993995666504,1,0.0,0.7589704542865158,7,0,off,0,0,0.0,0.0,0.0,0.9561288512108524,0.9514068204592127,0.8397734925537161,0.9021716368402182,0.6882737259901965,0.5681928400598593,0.40684581289155486,0.0,0.7589704542865158,0.7589704542865158
hrl,multi,0,off,0,1382,-2.101434998792828,202.0,0.7730765342712402,0.7368783354759216,1,0.0,0.7640719577363629,7,0,off,0,0,0.0,0.0,0.0,0.9621549301622716,0.9589721298278469,0.8397734925537161,0.9021716368402182,0.7334175575963473,0.5681928400598593,0.38382111711428074,0.0,0.7640719577363629,0.7640719577363629
hrl,multi,0,off,0,1383,-2.0815667648229277,201.0,0.7677615284919739,0.7179409861564636,1,0.0,0.7649645777514901,7,0,off,0,0,0.0,0.0,0.0,0.9657776238312316,0.9644097631089089,0.823908205701246,0.9021716368402182,0.749630562943375,0.5681928400598593,0.3806614117755906,0.0,0.7649645777514901,0.7649645777514901
hrl,multi,0,off,0,1384,-2.1204119620053095,202.0,0.7674446105957031,0.7056494355201721,1,0.0,0.7608682414606838,7,0,off,0,0,0.0,0.0,0.0,0.9227860621948568,0.9589721298278469,0.8397734925537161,0.9021716368402182,0.7535201169726988,0.5681928400598593,0.3806614117755906,0.0,0.7608682414606838,0.7608682414606838
hrl,multi,0,off,0,1385,-2.0905322664720005,201.0,0.7659934163093567,0.7179409861564636,1,0.0,0.7580313952070589,7,0,off,0,0,0.0,0.0,0.0,0.9657776238312316,0.9644097631089089,0.8397734925537161,0.9021716368402182,0.7456321243902595,0.5398521890156162,0.34860293670946163,0.0,0.7580313952070589,0.7580313952070589
hrl,multi,0,off,0,1386,-2.0887662823614632,201.0,0.7668593525886536,0.7179409861564636,1,0.0,0.7586939040512168,7,0,off,0,0,0.0,0.0,0.0,0.9657776238312316,0.9644097631089089,0.8397734925537161,0.9021716368402182,0.7219290352551221,0.5681928400598593,0.34860293670946163,0.0,0.7586939040512168,0.7586939040512168
hrl,multi,0,off,0,1387,-2.293895885642846,208.0,0.7681971788406372,0.7179409861564636,1,0.0,0.7363611811137095,7,0,off,0,0,0.0,0.0,0.0,0.9657776238312316,0.8995684433310627,0.8397734925537161,0.9021716368402182,0.7160406453249455,0.45053501413920233,0.3806614117755906,0.0,0.7363611811137095,0.7363611811137095
hrl,multi,0,off,0,1388,-2.145666896654292,203.0,0.7668601870536804,0.7179409861564636,1,0.0,0.7551983140557422,7,0,off,0,0,0.0,0.0,0.0,0.9657776238312316,0.9644097631089089,0.8397734925537161,0.9021716368402182,0.749630562943375,0.5681928400598593,0.29643227905288666,0.0,0.7551983140557422,0.7551983140557422
hrl,multi,0,off,0,1389,-2.0883502188324923,201.0,0.7666627168655396,0.7179409861564636,1,0.0,0.7635009835917462,7,0,off,0,0,0.0,0.0,0.0,0.9657776238312316,0.9644097631089089,0.8397734925537161,0.9021716368402182,0.7535201169726988,0.5681928400598593,0.3506614117755906,0.0,0.7635009835917462,0.7635009835917462
hrl,multi,0,off,0,1390,-3.476693708586959,248.0,0.8126163482666016,0.7179409861564636,1,0.0,0.6176017851515309,7,0,off,0,0,0.0,0.0,0.0,0.9657776238312316,0.5890936023789732,0.5851011473631806,0.9021716368402182,0.6967075129249806,0.2615427818500376,0.32281819087209424,0.0,0.6176017851515309,0.6176017851515309
hrl,multi,0,off,0,1391,-2.1406340963416723,203.0,0.7719124555587769,0.7232506275177002,1,0.0,0.762069294529961,7,0,off,0,0,0.0,0.0,0.0,0.9621549301622716,0.9644097631089089,0.8072639168195038,0.9021716368402182,0.749630562943375,0.5681928400598593,0.3806614117755906,0.0,0.762069294529961,0.762069294529961
hrl,multi,0,off,0,1392,-3.4327453979255953,247.0,0.8190682530403137,0.7410153746604919,1,0.0,0.6306330878959433,7,0,off,0,0,0.0,0.0,0.0,0.2214702717996118,0.9589721298278469,0.6515375197092879,0.8879653177091473,0.7456321243902595,0.5681928400598593,0.3806614117755906,0.0,0.6306330878959433,0.6306330878959433
hrl,multi,0,off,0,1393,-2.1768997283349734,204.0,0.7663965225219727,0.7179409861564636,1,0.0,0.7505452817864653,7,0,off,0,0,0.0,0.0,0.0,0.9657776238312316,0.9644097631089089,0.8397734925537161,0.9021716368402182,0.749630562943375,0.5085373046668155,0.3235165885609917,0.0,0.7505452817864653,0.7505452817864653
hrl,multi,0,off,0,1394,-2.1385411058412855,203.0,0.7709444165229797,0.7319686412811279,1,0.0,0.7566743253425852,7,0,off,0,0,0.0,0.0,0.0,0.9553163538872521,0.9589721298278469,0.8097734925537161,0.9021716368402182,0.7452218404179249,0.5681928400598593,0.3570719838112794,0.0,0.7566743253425852,0.7566743253425852
hrl,multi,0,off,0,1395,-2.0551284508779615,200.0,0.7684332728385925,0.7179409861564636,1,0.0,0.7663344235167733,7,0,off,0,0,0.0,0.0,0.0,0.9657776238312316,0.9589721298278469,0.8397734925537161,0.9021716368402182,0.7456321243902595,0.5681928400598593,0.38382111711428074,0.0,0.7663344235167733,0.7663344235167733
hrl,multi,0,off,0,1396,-2.028699927025009,199.0,0.7658954858779907,0.7179409861564636,1,0.0,0.7671112282712107,7,0,off,0,0,0.0,0.0,0.0,0.9657776238312316,0.9644097631089089,0.8397734925537161,0.9021716368402182,0.7456321243902595,0.5681928400598593,0.38382111711428074,0.0,0.7671112282712107,0.7671112282712107
hrl,multi,0,off,0,1397,-2.0559274372295455,200.0,0.7684332728385925,0.7179409861564636,1,0.0,0.7663344235167733,7,0,off,0,0,0.0,0.0,0.0,0.9657776238312316,0.9589721298278469,0.8397734925537161,0.9021716368402182,0.7456321243902595,0.5681928400598593,0.38382111711428074,0.0,0.7663344235167733,0.7663344235167733
hrl,multi,0,off,0,1398,-2.084720067180459,201.0,0.769557774066925,0.7179409861564636,1,0.0,0.7633659212799007,7,0,off,0,0,0.0,0.0,0.0,0.9657776238312316,0.9644097631089089,0.8397734925537161,0.872695977961286,0.7456321243902595,0.5681928400598593,0.3870796270540425,0.0,0.7633659212799007,0.7633659212799007
hrl,multi,0,off,0,1399,-3.968790740412066,265.0,0.8311905860900879,0.7470993995666504,1,0.0,0.5634980745029428,7,0,off,0,0,0.0,0.0,0.0,0.6986300097098671,-0.16699320908736306,0.8097734925537161,0.9021716368402182,0.7456321243902595,0.5681928400598593,0.3870796270540425,0.0,0.5634980745029428,0.5634980745029428
hrl,multi,0,off,0,1400,-2.205228424805681,205.0,0.7701548337936401,0.7179409861564636,1,0.0,0.7469180221559786,7,0,off,0,0,0.0,0.0,0.0,0.9657776238312316,0.9005413817277591,0.823908205701246,0.9021716368402182,0.7535201169726988,0.5018457782431058,0.3806614117755906,0.0,0.7469180221559786,0.7469180221559786
hrl,multi,0,off,0,1401,-2.141702167047187,203.0,0.770764946937561,0.7232506275177002,1,0.0,0.7571437037874343,7,0,off,0,0,0.0,0.0,0.0,0.9621549301622716,0.9644097631089089,0.8397734925537161,0.9021716368402182,0.7334175575963473,0.5681928400598593,0.3298857061907182,0.0,0.7571437037874343,0.7571437037874343
hrl,multi,0,off,0,1402,-2.112781331609002,202.0,0.767273485660553,0.7179409861564636,1,0.0,0.7569422058146247,7,0,off,0,0,0.0,0.0,0.0,0.9657776238312316,0.9644097631089089,0.8397734925537161,0.9021716368402182,0.7235201169726988,0.5430571012048809,0.3598857061907182,0.0,0.7569422058146247,0.7569422058146247
hrl,multi,0,off,0,1403,-2.074096149847608,201.0,0.7715539336204529,0.7368783354759216,1,0.0,0.766388101357367,7,0,off,0,0,0.0,0.0,0.0,0.9621549301622716,0.9589721298278469,0.8397734925537161,0.9021716368402182,0.749630562943375,0.5681928400598593,0.38382111711428074,0.0,0.766388101357367,0.766388101357367
hrl,multi,0,off,0,1404,-2.1179449266893746,202.0,0.7679200768470764,0.7232506275177002,1,0.0,0.7600750956341231,7,0,off,0,0,0.0,0.0,0.0,0.9621549301622716,0.9644097631089089,0.8397734925537161,0.8667583833729133,0.7456321243902595,0.5681928400598593,0.37360413579093227,0.0,0.7600750956341231,0.7600750956341231
hrl,multi,0,off,0,1405,-5.643493065184888,300.0,0.8030881881713867,0.39526593685150146,0,0.0,0.2910926662273385,7,0,off,0,0,0.0,0.0,0.0,0.20813923190558456,0.9644097631089089,-0.8922903248304427,0.024038746948795913,0.7535201169726988,0.5681928400598593,0.4116382894259643,0.0,0.2910926662273385,0.2910926662273385
hrl,multi,0,off,0,1406,-5.748014521834193,300.0,0.7961992621421814,0.29355454444885254,0,0.0,0.2585252947762643,7,0,off,0,0,0.0,0.0,0.0,-0.6557273979051669,0.9514068204592127,0.6076405537473929,0.48409210702760874,-0.259455119846123,0.42676013995541817,0.25495995999550736,0.0,0.2585252947762643,0.2585252947762643
hrl,multi,0,off,0,1407,-2.055136523582041,200.0,0.7662529349327087,0.7179409861564636,1,0.0,0.7672310473018428,7,0,off,0,0,0.0,0.0,0.0,0.9657776238312316,0.9644097631089089,0.8397734925537161,0.9021716368402182,0.749630562943375,0.5681928400598593,0.3806614117755906,0.0,0.7672310473018428,0.7672310473018428
hrl,multi,0,off,0,1408,-2.2060157043160857,205.0,0.766910195350647,0.7179409861564636,1,0.0,0.746964792673548,7,0,off,0,0,0.0,0.0,0.0,0.9657776238312316,0.9644097631089089,0.8397734925537161,0.9021716368402182,0.749630562943375,0.5430571012048809,0.26393336823250474,0.0,0.746964792673548,0.746964792673548
hrl,multi,0,off,0,1409,-2.1464071698114258,203.0,0.7695402503013611,0.7179409861564636,1,0.0,0.7571731144395593,7,0,off,0,0,0.0,0.0,0.0,0.9657776238312316,0.9644097631089089,0.8397734925537161,0.8278765527749091,0.7535201169726988,0.5681928400598593,0.3806614117755906,0.0,0.7571731144395593,0.7571731144395593
hrl,multi,0,off,0,1410,-2.176717054010367,204.0,0.7672629356384277,0.7179409861564636,1,0.0,0.7470143148094973,7,0,off,0,0,0.0,0.0,0.0,0.9657776238312316,0.9644097631089089,0.781489578479599,0.9021716368402182,0.7535201169726988,0.5018457782431058,0.3598857061907182,0.0,0.7470143148094973,0.7470143148094973
hrl,multi,0,off,0,1411,-2.0585763895884157,200.0,0.7658376693725586,0.7179409861564636,1,0.0,0.7666598417942548,7,0,off,0,0,0.0,0.0,0.0,0.9657776238312316,0.9644097631089089,0.8397734925537161,0.9021716368402182,0.7456321243902595,0.5681928400598593,0.3806614117755906,0.0,0.7666598417942548,0.7666598417942548
hrl,multi,0,off,0,1412,-2.0876591030636305,201.0,0.766575276851654,0.7179409861564636,1,0.0,0.7632736862035209,7,0,off,0,0,0.0,0.0,0.0,0.9657776238312316,0.9644097631089089,0.8397734925537161,0.9021716368402182,0.7219290352551221,0.5681928400598593,0.3806614117755906,0.0,0.7632736862035209,0.7632736862035209
hrl,multi,0,off,0,1413,-2.1162600177305277,202.0,0.7707504630088806,0.7179409861564636,1,0.0,0.7648022785585838,7,0,off,0,0,0.0,0.0,0.0,0.9657776238312316,0.9514068204592127,0.8397734925537161,0.9021716368402182,0.7456321243902595,0.5681928400598593,0.3806614117755906,0.0,0.7648022785585838,0.7648022785585838
hrl,multi,0,off,0,1414,-2.1170454286003944,202.0,0.7666484713554382,0.7179409861564636,1,0.0,0.7552442319571908,7,0,off,0,0,0.0,0.0,0.0,0.9657776238312316,0.9644097631089089,0.8397734925537161,0.9021716368402182,0.749630562943375,0.5078745606116072,0.3570719838112794,0.0,0.7552442319571908,0.7552442319571908
hrl,multi,0,off,0,1415,-2.0860915893234773,201.0,0.7684280276298523,0.7179409861564636,1,0.0,0.7622584427782246,7,0,off,0,0,0.0,0.0,0.0,0.9657776238312316,0.9644097631089089,0.8397734925537161,0.8879653177091473,0.7258689450704278,0.5681928400598593,0.38382111711428074,0.0,0.7622584427782246,0.7622584427782246
hrl,multi,0,off,0,1416,-2.175908750533125,204.0,0.7685467600822449,0.7179409861564636,1,0.0,0.7533983476431553,7,0,off,0,0,0.0,0.0,0.0,0.9657776238312316,0.9589721298278469,0.8397734925537161,0.9021716368402182,0.7771077096318034,0.5681928400598593,0.26179300075741296,0.0,0.7533983476431553,0.7533983476431553
hrl,multi,0,off,0,1417,-2.1956264951149915,205.0,0.7728905081748962,0.7368783354759216,1,0.0,0.7509367634329561,7,0,off,0,0,0.0,0.0,0.0,0.9621549301622716,0.9589721298278469,0.8397734925537161,0.9021716368402182,0.7535201169726988,0.48289305386266135,0.3570719838112794,0.0,0.7509367634329561,0.7509367634329561
hrl,multi,0,off,0,1418,-2.235951621115672,206.0,0.7681713104248047,0.7179409861564636,1,0.0,0.7440916568985362,7,0,off,0,0,0.0,0.0,0.0,0.9657776238312316,0.9644097631089089,0.823908205701246,0.9021716368402182,0.6035201169726987,0.5681928400598593,0.3806614117755906,0.0,0.7440916568985362,0.7440916568985362
hrl,multi,0,off,0,1419,-2.4028163605916713,212.0,0.7784854173660278,0.7368783354759216,1,0.0,0.7325926020118897,7,0,off,0,0,0.0,0.0,0.0,0.9621549301622716,0.9589721298278469,0.7898932663219487,0.8032033397146833,0.749630562943375,0.48363257333751164,0.3806614117755906,0.0,0.7325926020118897,0.7325926020118897
hrl,multi,0,off,0,1420,-2.0864544638560614,201.0,0.7683755159378052,0.7179409861564636,1,0.0,0.7658830370398174,7,0,off,0,0,0.0,0.0,0.0,0.9657776238312316,0.9589721298278469,0.8397734925537161,0.9021716368402182,0.7456321243902595,0.5681928400598593,0.3806614117755906,0.0,0.7658830370398174,0.7658830370398174
hrl,multi,0,off,0,1421,-2.175810893792658,204.0,0.771912157535553,0.7179409861564636,1,0.0,0.757504621028135,7,0,off,0,0,0.0,0.0,0.0,0.9657776238312316,0.9644097631089089,0.7898932663219487,0.8879653177091473,0.7456321243902595,0.5681928400598593,0.3806614117755906,0.0,0.757504621028135,0.757504621028135
hrl,multi,0,off,0,1422,-2.2045409753045515,205.0,0.7691864371299744,0.7232506275177002,1,0.0,0.7505343449349826,7,0,off,0,0,0.0,0.0,0.0,0.8888704366455392,0.9644097631089089,0.8397734925537161,0.8662003460110039,0.7456321243902595,0.5681928400598593,0.3806614117755906,0.0,0.7505343449349826,0.7505343449349826
hrl,multi,0,off,0,1423,-4.197567050299531,272.0,0.8032860159873962,0.7179409861564636,1,0.0,0.49696072385621426,7,0,off,0,0,0.0,0.0,0.0,0.9657776238312316,-0.786044663666466,0.7928637097883376,0.8353451099498248,0.7219290352551221,0.5681928400598593,0.3806614117755906,0.0,0.49696072385621426,0.49696072385621426
hrl,multi,0,off,0,1424,-6.218476857702088,300.0,0.7048100829124451,0.2712451219558716,0,0.0,0.07408655374384174,7,0,off,0,0,0.0,0.0,0.0,0.9657776238312316,0.9644097631089089,0.8228637097883377,0.5534446744258489,0.7535201169726988,-3.7441217739310506,0.20271176201091673,0.0,0.07408655374384174,0.07408655374384174
hrl,multi,0,off,0,1425,-5.635551684908484,300.0,0.7522373795509338,0.4317247271537781,0,0.0,0.2378600122948611,7,0,off,0,0,0.0,0.0,0.0,0.9621549301622716,0.9644097631089089,-2.8892463234637518,0.8879653177091473,0.7296979718759516,0.5681928400598593,0.44184558661164086,0.0,0.2378600122948611,0.2378600122948611
hrl,multi,0,off,0,1426,-5.99322609927245,300.0,0.7463549971580505,0.4937455654144287,0,0.0,0.18083762955340185,7,0,off,0,0,0.0,0.0,0.0,0.9561288512108524,0.9644097631089089,0.8397734925537161,-3.004535197792865,0.749630562943375,0.48778585721769613,0.2726700776321294,0.0,0.18083762955340185,0.18083762955340185
hrl,multi,0,off,0,1427,-3.1513249868521043,237.0,0.7969013452529907,0.7232506275177002,1,0.0,0.6410833492344884,7,0,off,0,0,0.0,0.0,0.0,0.9621549301622716,0.9644097631089089,0.8397734925537161,0.08034066731236045,0.7456321243902595,0.5681928400598593,0.3270796270540425,0.0,0.6410833492344884,0.6410833492344884
hrl,multi,0,off,0,1428,-4.204828133799075,272.0,0.8003326058387756,0.7179409861564636,1,0.0,0.49792391197216984,7,0,off,0,0,0.0,0.0,0.0,0.9657776238312316,0.9644097631089089,0.823908205701246,-0.9394114959267695,0.7219290352551221,0.5681928400598593,0.3806614117755906,0.0,0.49792391197216984,0.49792391197216984
hrl,multi,0,off,0,1429,-2.1641246440983366,204.0,0.7710808515548706,0.7368783354759216,1,0.0,0.7567940808013945,7,0,off,0,0,0.0,0.0,0.0,0.9621549301622716,0.9589721298278469,0.8397734925537161,0.9021716368402182,0.7156321243902595,0.5681928400598593,0.3506614117755906,0.0,0.7567940808013945,0.7567940808013945
hrl,multi,0,off,0,1430,-2.086404528289567,201.0,0.7681376338005066,0.7179409861564636,1,0.0,0.7612604493520573,7,0,off,0,0,0.0,0.0,0.0,0.9657776238312316,0.9644097631089089,0.8397734925537161,0.8879653177091473,0.7456321243902595,0.5681928400598593,0.3570719838112794,0.0,0.7612604493520573,0.7612604493520573
hrl,multi,0,off,0,1431,-2.2328472546080547,206.0,0.769887387752533,0.7232506275177002,1,0.0,0.74658124362068,7,0,off,0,0,0.0,0.0,0.0,0.9621549301622716,0.9644097631089089,0.7470523181387241,0.8879653177091473,0.7456321243902595,0.5681928400598593,0.35066141177559057,0.0,0.74658124362068,0.74658124362068
hrl,multi,0,off,0,1432,-2.1160289850633114,202.0,0.7702993750572205,0.7179409861564636,1,0.0,0.7641877729970527,7,0,off,0,0,0.0,0.0,0.0,0.9657776238312316,0.9589721298278469,0.823908205701246,0.9021716368402182,0.749630562943375,0.5681928400598593,0.3806614117755906,0.0,0.7641877729970527,0.7641877729970527
hrl,multi,0,off,0,1433,-2.322199985506009,209.0,0.777807354927063,0.7179409861564636,1,0.0,0.7441091414862416,7,0,off,0,0,0.0,0.0,0.0,0.9657776238312316,0.9589721298278469,0.771844323473942,0.872695977961286,0.749630562943375,0.5091819605904198,0.3806614117755906,0.0,0.7441091414862416,0.7441091414862416
hrl,multi,0,off,0,1434,-2.1093437660566994,202.0,0.7694966197013855,0.7179409861564636,1,0.0,0.7629351035899085,7,0,off,0,0,0.0,0.0,0.0,0.9657776238312316,0.9644097631089089,0.823908205701246,0.8879653177091473,0.749630562943375,0.5681928400598593,0.3806614117755906,0.0,0.7629351035899085,0.7629351035899085
hrl,multi,0,off,0,1435,-2.0522830312780567,200.0,0.7662529349327087,0.7179409861564636,1,0.0,0.7672310473018428,7,0,off,0,0,0.0,0.0,0.0,0.9657776238312316,0.9644097631089089,0.8397734925537161,0.9021716368402182,0.749630562943375,0.5681928400598593,0.3806614117755906,0.0,0.7672310473018428,0.7672310473018428
hrl,multi,0,off,0,1436,-2.110275274575687,202.0,0.7687907814979553,0.7179409861564636,1,0.0,0.7621685282616911,7,0,off,0,0,0.0,0.0,0.0,0.9657776238312316,0.9589721298278469,0.8097734925537161,0.9021716368402182,0.749630562943375,0.5681928400598593,0.3806614117755906,0.0,0.7621685282616911,0.7621685282616911
hrl,multi,0,off,0,1437,-2.0826282110309675,201.0,0.7677615284919739,0.7179409861564636,1,0.0,0.7649645777514901,7,0,off,0,0,0.0,0.0,0.0,0.9657776238312316,0.9644097631089089,0.823908205701246,0.9021716368402182,0.749630562943375,0.5681928400598593,0.3806614117755906,0.0,0.7649645777514901,0.7649645777514901
hrl,multi,0,off,0,1438,-2.318369785794048,209.0,0.7691068649291992,0.7232506275177002,1,0.0,0.7293573340924322,7,0,off,0,0,0.0,0.0,0.0,0.9621549301622716,0.9644097631089089,0.8397734925537161,0.9021716368402182,0.6316020142406935,0.5681928400598593,0.2371966616813575,0.0,0.7293573340924322,0.7293573340924322
hrl,multi,0,off,0,1439,-3.6028547978179843,253.0,0.8097944259643555,0.7576398253440857,1,0.0,0.593279472220451,7,0,off,0,0,0.0,0.0,0.0,-0.16000585421378946,0.9514068204592127,0.823908205701246,0.9021716368402182,0.7456321243902595,0.5091819605904198,0.3806614117755906,0.0,0.593279472220451,0.593279472220451
hrl,multi,0,off,0,1440,-6.122483409549161,300.0,0.7323451638221741,0.33614543080329895,0,0.0,0.1358778445667749,7,0,off,0,0,0.0,0.0,0.0,-3.0507185520820137,0.9644097631089089,0.8397734925537161,0.9021716368402182,0.39216924696345445,0.5681928400598593,0.3351464845232812,0.0,0.1358778445667749,0.1358778445667749
hrl,multi,0,off,0,1441,-3.951714590318721,264.0,0.8114518523216248,0.7232506275177002,1,0.0,0.5482195239509865,7,0,off,0,0,0.0,0.0,0.0,-0.3631767439375301,0.9644097631089089,0.7231611244297174,0.9021716368402182,0.749630562943375,0.5681928400598593,0.29314748421235737,0.0,0.5482195239509865,0.5482195239509865
hrl,multi,0,off,0,1442,-2.0225428562192245,199.0,0.7659271955490112,0.7179409861564636,1,0.0,0.7711563539716181,7,0,off,0,0,0.0,0.0,0.0,0.9657776238312316,0.9644097631089089,0.8397734925537161,0.9021716368402182,0.7771077096318034,0.5681928400598593,0.3806614117755906,0.0,0.7711563539716181,0.7711563539716181
hrl,multi,0,off,0,1443,-2.141646076689933,203.0,0.7719253897666931,0.7179409861564636,1,0.0,0.7583171973573472,7,0,off,0,0,0.0,0.0,0.0,0.9657776238312316,0.9644097631089089,0.8397734925537161,0.8564496156442981,0.7771077096318034,0.5681928400598593,0.3365093366716131,0.0,0.7583171973573472,0.7583171973573472
hrl,multi,0,off,0,1444,-2.0802388342225426,201.0,0.7695142030715942,0.7179409861564636,1,0.0,0.7638853421965032,7,0,off,0,0,0.0,0.0,0.0,0.9657776238312316,0.9589721298278469,0.8397734925537161,0.9021716368402182,0.7535201169726988,0.5681928400598593,0.35878955528995055,0.0,0.7638853421965032,0.7638853421965032
hrl,multi,0,off,0,1445,-4.640700791663185,287.0,0.8085017204284668,0.7232506275177002,1,0.0,0.4405472694134563,7,0,off,0,0,0.0,0.0,0.0,-1.2538525788824402,0.9644097631089089,0.823908205701246,0.9021716368402182,0.7219290352551221,0.5681928400598593,0.3570719838112794,0.0,0.4405472694134563,0.4405472694134563
hrl,multi,0,off,0,1446,-5.523880100872709,300.0,0.811689019203186,0.5495790839195251,0,0.0,0.32068159462147366,7,0,off,0,0,0.0,0.0,0.0,-0.4757273979051668,0.9514068204592127,-0.37892705689458506,0.9021716368402182,0.6996979718759516,0.48068699477482296,0.06546219319986188,0.0,0.32068159462147366,0.32068159462147366
hrl,multi,0,off,0,1447,-2.112596212970092,202.0,0.769454300403595,0.7179409861564636,1,0.0,0.7587471464612422,7,0,off,0,0,0.0,0.0,0.0,0.9657776238312316,0.9644097631089089,0.823908205701246,0.9021716368402182,0.7296979718759516,0.5681928400598593,0.3570719838112794,0.0,0.7587471464612422,0.7587471464612422
hrl,multi,0,off,0,1448,-4.739014726911411,290.0,0.81041020154953,0.7179409861564636,1,0.0,0.43424115485765613,7,0,off,0,0,0.0,0.0,0.0,0.9657776238312316,-1.3205288117979537,0.7898932663219487,0.9021716368402182,0.7535201169726988,0.5681928400598593,0.3806614117755906,0.0,0.43424115485765613,0.43424115485765613
hrl,multi,0,off,0,1449,-2.6760520506545356,221.0,0.7912111282348633,0.7179409861564636,1,0.0,0.7048181438236406,7,0,off,0,0,0.0,0.0,0.0,0.9657776238312316,0.7322390408497083,0.8397734925537161,0.8392423103282849,0.749630562943375,0.42324285914488763,0.38382111711428074,0.0,0.7048181438236406,0.7048181438236406
hrl,multi,0,off,0,1450,-2.7643183311668604,224.0,0.7918643951416016,0.7232506275177002,1,0.0,0.6968779947684313,7,0,off,0,0,0.0,0.0,0.0,0.9305234453537763,0.9644097631089089,0.4428745827455432,0.9021716368402182,0.749630562943375,0.5078745606116072,0.3806614117755906,0.0,0.6968779947684313,0.6968779947684313
hrl,multi,0,off,0,1451,-2.233358457307326,206.0,0.7663573026657104,0.7179409861564636,1,0.0,0.7417202922953313,7,0,off,0,0,0.0,0.0,0.0,0.9657776238312316,0.9644097631089089,0.8097734925537161,0.9021716368402182,0.7456321243902595,0.4536159935673951,0.3506614117755906,0.0,0.7417202922953313,0.7417202922953313
hrl,multi,0,off,0,1452,-6.564758882247341,300.0,0.6612570881843567,0.32950323820114136,0,0.0,-0.05656185551035751,7,0,off,0,0,0.0,0.0,0.0,0.936494231472811,0.9644097631089089,0.8397734925537161,-3.994151021119036,0.32308513576403164,0.28,0.25445540964706587,0.0,-0.05656185551035751,-0.05656185551035751
hrl,multi,0,off,0,1453,-7.122687600536786,300.0,0.5154311060905457,0.26541411876678467,0,0.0,-0.4310044023064045,7,0,off,0,0,0.0,0.0,0.0,0.9657776238312316,0.9644097631089089,0.14,-5.824133145239192,0.2719549821587121,0.21000000000000002,0.25495995999550736,0.0,-0.4310044023064045,-0.4310044023064045
hrl,multi,0,off,0,1454,-2.2080034179671193,205.0,0.7666904330253601,0.7179409861564636,1,0.0,0.7450787636413015,7,0,off,0,0,0.0,0.0,0.0,0.9657776238312316,0.9644097631089089,0.8397734925537161,0.9021716368402182,0.7134329883377644,0.5681928400598593,0.26179300075741296,0.0,0.7450787636413015,0.7450787636413015
hrl,multi,0,off,0,1455,-2.0611595732567367,200.0,0.7672275900840759,0.7179409861564636,1,0.0,0.7644167795968446,7,0,off,0,0,0.0,0.0,0.0,0.9657776238312316,0.9644097631089089,0.8397734925537161,0.9021716368402182,0.7535201169726988,0.5681928400598593,0.3570719838112794,0.0,0.7644167795968446,0.7644167795968446
hrl,multi,0,off,0,1456,-3.711711382814669,256.0,0.8213347792625427,0.7232506275177002,1,0.0,0.5949585863222024,7,0,off,0,0,0.0,0.0,0.0,0.5161373043505576,0.9644097631089089,0.15320870474893877,0.8879653177091473,0.749630562943375,0.5681928400598593,0.3251656113346294,0.0,0.5949585863222024,0.5949585863222024
hrl,multi,0,off,0,1457,-3.3573876919853376,244.0,0.8023160696029663,0.7232506275177002,1,0.0,0.6206630677024955,7,0,off,0,0,0.0,0.0,0.0,0.8281544865332318,0.9644097631089089,0.11153751970928752,0.9021716368402182,0.7296979718759516,0.4515981120385907,0.3570719838112794,0.0,0.6206630677024955,0.6206630677024955
hrl,multi,0,off,0,1458,-2.170969937257467,204.0,0.7691325545310974,0.7232506275177002,1,0.0,0.750097719294948,7,0,off,0,0,0.0,0.0,0.0,0.9621549301622716,0.9644097631089089,0.7470523181387241,0.9021716368402182,0.749630562943375,0.5681928400598593,0.3570719838112794,0.0,0.750097719294948,0.750097719294948
hrl,multi,0,off,0,1459,-2.0252202338818464,199.0,0.7663107514381409,0.7179409861564636,1,0.0,0.7676712269534801,7,0,off,0,0,0.0,0.0,0.0,0.9657776238312316,0.9644097631089089,0.8397734925537161,0.9021716368402182,0.7495521151661462,0.5681928400598593,0.38382111711428074,0.0,0.7676712269534801,0.7676712269534801
hrl,multi,0,off,0,1460,-2.237929964148202,206.0,0.7663658261299133,0.7179409861564636,1,0.0,0.7373392474488943,7,0,off,0,0,0.0,0.0,0.0,0.9657776238312316,0.9644097631089089,0.8397734925537161,0.7989409598748612,0.7535201169726988,0.5681928400598593,0.27075993574098345,0.0,0.7373392474488943,0.7373392474488943
hrl,multi,0,off,0,1461,-2.029203511476515,199.0,0.767284095287323,0.7179409861564636,1,0.0,0.7719487886793802,7,0,off,0,0,0.0,0.0,0.0,0.9657776238312316,0.9644097631089089,0.8397734925537161,0.9021716368402182,0.7535201169726988,0.5681928400598593,0.40979604738902753,0.0,0.7719487886793802,0.7719487886793802
hrl,multi,0,off,0,1462,-2.235416735640024,206.0,0.7736773490905762,0.7179409861564636,1,0.0,0.7506014270209366,7,0,off,0,0,0.0,0.0,0.0,0.9657776238312316,0.9589721298278469,0.7898932663219487,0.9021716368402182,0.7235201169726988,0.5681928400598593,0.3456823752927537,0.0,0.7506014270209366,0.7506014270209366
hrl,multi,0,off,0,1463,-2.299334656421552,208.0,0.7694606184959412,0.7179409861564636,1,0.0,0.7342829925174092,7,0,off,0,0,0.0,0.0,0.0,0.9657776238312316,0.9589721298278469,0.8397734925537161,0.8217130770319305,0.5992119163234331,0.5681928400598593,0.3863398679938469,0.0,0.7342829925174092,0.7342829925174092
hrl,multi,0,off,0,1464,-2.0874573543504806,201.0,0.7679880857467651,0.7179409861564636,1,0.0,0.7652015731402614,7,0,off,0,0,0.0,0.0,0.0,0.9657776238312316,0.9644097631089089,0.8397734925537161,0.8879653177091473,0.749630562943375,0.5681928400598593,0.3806614117755906,0.0,0.7652015731402614,0.7652015731402614
hrl,multi,0,off,0,1465,-2.266460463057736,207.0,0.7696768641471863,0.7179409861564636,1,0.0,0.741959238878281,7,0,off,0,0,0.0,0.0,0.0,0.9657776238312316,0.9644097631089089,0.8072639168195038,0.9021716368402182,0.7535201169726988,0.5681928400598593,0.2323787745155467,0.0,0.741959238878281,0.741959238878281
hrl,multi,0,off,0,1466,-2.0272982888203117,199.0,0.7668423652648926,0.7179409861564636,1,0.0,0.7645150365694653,7,0,off,0,0,0.0,0.0,0.0,0.9657776238312316,0.9644097631089089,0.8397734925537161,0.9021716368402182,0.7771077096318034,0.5452930462091005,0.3570719838112794,0.0,0.7645150365694653,0.7645150365694653
hrl,multi,0,off,0,1467,-1.995931972246615,198.0,0.7668989300727844,0.7179409861564636,1,0.0,0.7692375260369025,7,0,off,0,0,0.0,0.0,0.0,0.9657776238312316,0.9644097631089089,0.8397734925537161,0.9021716368402182,0.7771077096318034,0.5452930462091005,0.39012941008333957,0.0,0.7692375260369025,0.7692375260369025
hrl,multi,0,off,0,1468,-5.973989411513141,300.0,0.7643994688987732,0.5110580325126648,0,0.0,0.1920046943581037,7,0,off,0,0,0.0,0.0,0.0,-0.7140053469825524,-1.429140183866554,0.8397734925537161,0.9021716368402182,0.7535201169726988,0.49284939664149785,0.49886374834770136,0.0,0.1920046943581037,0.1920046943581037
hrl,multi,0,off,0,1469,-2.083780705691315,201.0,0.7676648497581482,0.7179409861564636,1,0.0,0.7614155763515148,7,0,off,0,0,0.0,0.0,0.0,0.9657776238312316,0.9644097631089089,0.8397734925537161,0.9021716368402182,0.7296979718759516,0.5681928400598593,0.3598857061907182,0.0,0.7614155763515148,0.7614155763515148
hrl,multi,0,off,0,1470,-5.560306162522471,300.0,0.8135010004043579,0.49818065762519836,0,0.0,0.3211367428989219,7,0,off,0,0,0.0,0.0,0.0,-0.13055665989595006,0.9589721298278469,-0.006381195229403742,0.9021716368402182,-0.5120698040915409,0.5681928400598593,0.4676282527814239,0.0,0.3211367428989219,0.3211367428989219
hrl,multi,0,off,0,1471,-2.528636361776146,216.0,0.7848754525184631,0.7179409861564636,1,0.0,0.7224624889533168,7,0,off,0,0,0.0,0.0,0.0,0.9657776238312316,0.9589721298278469,0.5621972916101644,0.9021716368402182,0.7771077096318034,0.5681928400598593,0.32281819087209424,0.0,0.7224624889533168,0.7224624889533168
hrl,multi,0,off,0,1472,-2.14584112041979,203.0,0.7682094573974609,0.7179409861564636,1,0.0,0.757160869327409,7,0,off,0,0,0.0,0.0,0.0,0.9657776238312316,0.9524644925518049,0.8397734925537161,0.9021716368402182,0.7771077096318034,0.5681928400598593,0.2946382898232297,0.0,0.757160869327409,0.757160869327409
hrl,multi,0,off,0,1473,-2.1657179642340627,204.0,0.7722862958908081,0.7368783354759216,1,0.0,0.7589866033843277,7,0,off,0,0,0.0,0.0,0.0,0.9621549301622716,0.9064317953259383,0.8397734925537161,0.9021716368402182,0.7535201169726988,0.5681928400598593,0.3806614117755906,0.0,0.7589866033843277,0.7589866033843277
hrl,multi,0,off,0,1474,-2.1763250255596347,204.0,0.7681997418403625,0.7144550085067749,1,0.0,0.7490332473366029,7,0,off,0,0,0.0,0.0,0.0,0.9039792718618155,0.9524129432859575,0.8397734925537161,0.9021716368402182,0.749630562943375,0.5681928400598593,0.32707198381127944,0.0,0.7490332473366029,0.7490332473366029
hrl,multi,0,off,0,1475,-2.206253206386462,205.0,0.7697159051895142,0.7179409861564636,1,0.0,0.7467042335542246,7,0,off,0,0,0.0,0.0,0.0,0.9657776238312316,0.9644097631089089,0.7772639168195038,0.9021716368402182,0.749630562943375,0.5138550142220533,0.3538211171142807,0.0,0.7467042335542246,0.7467042335542246
hrl,multi,0,off,0,1476,-2.1465648282878087,203.0,0.7664170861244202,0.7179409861564636,1,0.0,0.7551455433166033,7,0,off,0,0,0.0,0.0,0.0,0.9657776238312316,0.9644097631089089,0.8397734925537161,0.9021716368402182,0.7253503144949518,0.5078745606116072,0.3806614117755906,0.0,0.7551455433166033,0.7551455433166033
hrl,multi,0,off,0,1477,-2.08244941918645,201.0,0.769368052482605,0.7232506275177002,1,0.0,0.7672691702104661,7,0,off,0,0,0.0,0.0,0.0,0.9621549301622716,0.9644097631089089,0.8397734925537161,0.9021716368402182,0.7535201169726988,0.5681928400598593,0.3806614117755906,0.0,0.7672691702104661,0.7672691702104661
hrl,multi,0,off,0,1478,-2.083680667240405,201.0,0.7689583897590637,0.7232506275177002,1,0.0,0.7667135196348486,7,0,off,0,0,0.0,0.0,0.0,0.9621549301622716,0.9644097631089089,0.8397734925537161,0.9021716368402182,0.749630562943375,0.5681928400598593,0.3806614117755906,0.0,0.7667135196348486,0.7667135196348486
hrl,multi,0,off,0,1479,-2.199152902496278,205.0,0.7719215750694275,0.7232506275177002,1,0.0,0.7500880428876461,7,0,off,0,0,0.0,0.0,0.0,0.9561288512108524,0.9644097631089089,0.8397734925537161,0.847501546076056,0.7456321243902595,0.5400985390624498,0.3570719838112794,0.0,0.7500880428876461,0.7500880428876461
hrl,multi,0,off,0,1480,-2.2961201547621717,208.0,0.76947021484375,0.7192988991737366,1,0.0,0.7379539290405874,7,0,off,0,0,0.0,0.0,0.0,0.9112254101984774,0.9589721298278469,0.8397734925537161,0.9021716368402182,0.749630562943375,0.42324285914488763,0.3806614117755906,0.0,0.7379539290405874,0.7379539290405874
hrl,multi,0,off,0,1481,-2.0833869428560132,201.0,0.7693995833396912,0.7179409861564636,1,0.0,0.7580132216142977,7,0,off,0,0,0.0,0.0,0.0,0.9657776238312316,0.9589721298278469,0.807526640683272,0.9021716368402182,0.749630562943375,0.5681928400598593,0.3538211171142807,0.0,0.7580132216142977,0.7580132216142977
hrl,multi,0,off,0,1482,-1.9681889274995776,197.0,0.7661095857620239,0.7179409861564636,1,0.0,0.7663595759904084,7,0,off,0,0,0.0,0.0,0.0,0.9657776238312316,0.9644097631089089,0.803036341346557,0.9021716368402182,0.7771077096318034,0.5681928400598593,0.38382111711428074,0.0,0.7663595759904084,0.7663595759904084
hrl,multi,0,off,0,1483,-2.1479919338866593,203.0,0.7659550905227661,0.7179409861564636,1,0.0,0.7482459251281989,7,0,off,0,0,0.0,0.0,0.0,0.9657776238312316,0.9644097631089089,0.7339652087755363,0.9021716368402182,0.7225429915060478,0.5681928400598593,0.3806614117755906,0.0,0.7482459251281989,0.7482459251281989
hrl,multi,0,off,0,1484,-2.0280968410009517,199.0,0.7667204737663269,0.7179409861564636,1,0.0,0.7682380843544163,7,0,off,0,0,0.0,0.0,0.0,0.9657776238312316,0.9644097631089089,0.8397734925537161,0.9021716368402182,0.7535201169726988,0.5681928400598593,0.38382111711428074,0.0,0.7682380843544163,0.7682380843544163
hrl,multi,0,off,0,1485,-2.057878410757985,200.0,0.7662529349327087,0.7179409861564636,1,0.0,0.7672310473018428,7,0,off,0,0,0.0,0.0,0.0,0.9657776238312316,0.9644097631089089,0.8397734925537161,0.9021716368402182,0.749630562943375,0.5681928400598593,0.3806614117755906,0.0,0.7672310473018428,0.7672310473018428
hrl,multi,0,off,0,1486,-2.087479879754828,201.0,0.7677615284919739,0.7179409861564636,1,0.0,0.7649645777514901,7,0,off,0,0,0.0,0.0,0.0,0.9657776238312316,0.9644097631089089,0.823908205701246,0.9021716368402182,0.749630562943375,0.5681928400598593,0.3806614117755906,0.0,0.7649645777514901,0.7649645777514901
hrl,multi,0,off,0,1487,-2.087526037498607,201.0,0.7691079378128052,0.7232506275177002,1,0.0,0.7627723958466446,7,0,off,0,0,0.0,0.0,0.0,0.9621549301622716,0.9644097631089089,0.8397734925537161,0.9021716368402182,0.7456321243902595,0.5681928400598593,0.3570719838112794,0.0,0.7627723958466446,0.7627723958466446
hrl,multi,0,off,0,1488,-2.213161883992142,205.0,0.7683261036872864,0.7179409861564636,1,0.0,0.7453118662936242,7,0,off,0,0,0.0,0.0,0.0,0.9657776238312316,0.9644097631089089,0.823908205701246,0.9021716368402182,0.7535201169726988,0.5681928400598593,0.23920287754120634,0.0,0.7453118662936242,0.7453118662936242
hrl,multi,0,off,0,1489,-3.3580052846827186,244.0,0.8063889145851135,0.7232506275177002,1,0.0,0.6202150031668097,7,0,off,0,0,0.0,0.0,0.0,0.08032171919309238,0.9644097631089089,0.8072639168195038,0.810764896779405,0.749630562943375,0.5452930462091005,0.38382111711428074,0.0,0.6202150031668097,0.6202150031668097
hrl,multi,0,off,0,1490,-3.0171166408725445,233.0,0.8069717288017273,0.7410153746604919,1,0.0,0.6717888099944844,7,0,off,0,0,0.0,0.0,0.0,0.33246946635630686,0.9589721298278469,0.8072639168195038,0.9021716368402182,0.749630562943375,0.5681928400598593,0.38382111711428074,0.0,0.6717888099944844,0.6717888099944844
hrl,multi,0,off,0,1491,-2.085343983368948,201.0,0.7680596113204956,0.7179409861564636,1,0.0,0.7619469457401428,7,0,off,0,0,0.0,0.0,0.0,0.9657776238312316,0.9644097631089089,0.8397734925537161,0.9021716368402182,0.7334175575963473,0.5681928400598593,0.3598857061907182,0.0,0.7619469457401428,0.7619469457401428
hrl,multi,0,off,0,1492,-2.1436787664110297,203.0,0.7685428857803345,0.7179409861564636,1,0.0,0.7527523769062457,7,0,off,0,0,0.0,0.0,0.0,0.9657776238312316,0.9644097631089089,0.823908205701246,0.9021716368402182,0.749630562943375,0.5062968621074608,0.3570719838112794,0.0,0.7527523769062457,0.7527523769062457
hrl,multi,0,off,0,1493,-2.207639276428379,205.0,0.7664021849632263,0.7179409861564636,1,0.0,0.7424839689149343,7,0,off,0,0,0.0,0.0,0.0,0.9657776238312316,0.9644097631089089,0.8397734925537161,0.9021716368402182,0.6887379086610037,0.5681928400598593,0.26832451734960283,0.0,0.7424839689149343,0.7424839689149343
hrl,multi,0,off,0,1494,-2.115529033381025,202.0,0.7662000060081482,0.7179409861564636,1,0.0,0.7543717870076241,7,0,off,0,0,0.0,0.0,0.0,0.9657776238312316,0.9644097631089089,0.8397734925537161,0.9021716368402182,0.7777207827028383,0.5062968621074608,0.32445234790899485,0.0,0.7543717870076241,0.7543717870076241
hrl,multi,0,off,0,1495,-2.145530039500443,203.0,0.7665988206863403,0.7179409861564636,1,0.0,0.7516586202036205,7,0,off,0,0,0.0,0.0,0.0,0.9657776238312316,0.9644097631089089,0.8397734925537161,0.7894504029400631,0.7501851018172827,0.5681928400598593,0.38382111711428074,0.0,0.7516586202036205,0.7516586202036205
hrl,multi,0,off,0,1496,-2.1444756291725193,203.0,0.770595371723175,0.7232506275177002,1,0.0,0.756645637199693,7,0,off,0,0,0.0,0.0,0.0,0.9561288512108524,0.9644097631089089,0.8397734925537161,0.8653104052629763,0.7456321243902595,0.5681928400598593,0.3570719838112794,0.0,0.756645637199693,0.756645637199693
hrl,multi,0,off,0,1497,-2.7825215795542957,225.0,0.794402539730072,0.7410153746604919,1,0.0,0.6918034187172803,7,0,off,0,0,0.0,0.0,0.0,0.5563391298117393,0.9589721298278469,0.8397734925537161,0.9021716368402182,0.7219290352551221,0.5681928400598593,0.2952456666724611,0.0,0.6918034187172803,0.6918034187172803
hrl,multi,0,off,0,1498,-2.7524459195486166,224.0,0.7937833666801453,0.7410153746604919,1,0.0,0.6963985465966012,7,0,off,0,0,0.0,0.0,0.0,0.6179816971559338,0.9589721298278469,0.8397734925537161,0.9021716368402182,0.627812323547916,0.5681928400598593,0.3598857061907182,0.0,0.6963985465966012,0.6963985465966012
hrl,multi,0,off,0,1499,-2.057364420115482,200.0,0.7684332728385925,0.7179409861564636,1,0.0,0.7663344235167733,7,0,off,0,0,0.0,0.0,0.0,0.9657776238312316,0.9589721298278469,0.8397734925537161,0.9021716368402182,0.7456321243902595,0.5681928400598593,0.38382111711428074,0.0,0.7663344235167733,0.7663344235167733
hrl,multi,0,off,0,1500,-2.0547641306126025,200.0,0.7685238718986511,0.7232506275177002,1,0.0,0.7609279181020356,7,0,off,0,0,0.0,0.0,0.0,0.9621549301622716,0.9644097631089089,0.8228637097883377,0.9021716368402182,0.749630562943375,0.5681928400598593,0.3570719838112794,0.0,0.7609279181020356,0.7609279181020356
hrl,multi,0,off,0,1501,-2.1688356373039994,204.0,0.7736364006996155,0.7319686412811279,1,0.0,0.7550340843032297,7,0,off,0,0,0.0,0.0,0.0,0.9553163538872521,0.9514068204592127,0.807526640683272,0.9021716368402182,0.7771077096318034,0.5681928400598593,0.3235165885609917,0.0,0.7550340843032297,0.7550340843032297
hrl,multi,0,off,0,1502,-2.2336845019028932,206.0,0.7685990929603577,0.7232506275177002,1,0.0,0.7448497241081597,7,0,off,0,0,0.0,0.0,0.0,0.9553163538872521,0.9644097631089089,0.8397734925537161,0.9021716368402182,0.749630562943375,0.4219848476480577,0.3806614117755906,0.0,0.7448497241081597,0.7448497241081597
hrl,multi,0,off,0,1503,-2.1750681482360177,204.0,0.7673795819282532,0.7179409861564636,1,0.0,0.7480981733041364,7,0,off,0,0,0.0,0.0,0.0,0.9657776238312316,0.9644097631089089,0.823908205701246,0.8662003460110039,0.749630562943375,0.4796810844791477,0.3870796270540425,0.0,0.7480981733041364,0.7480981733041364
hrl,multi,0,off,0,1504,-2.08578396457131,201.0,0.7693556547164917,0.7179409861564636,1,0.0,0.7630843242667894,7,0,off,0,0,0.0,0.0,0.0,0.9657776238312316,0.9589721298278469,0.8397734925537161,0.9021716368402182,0.749630562943375,0.5681928400598593,0.3570719838112794,0.0,0.7630843242667894,0.7630843242667894
hrl,multi,0,off,0,1505,-2.6637257347651673,221.0,0.7987992167472839,0.7410153746604919,1,0.0,0.7180218270531633,7,0,off,0,0,0.0,0.0,0.0,0.6409570345026081,0.9589721298278469,0.8397734925537161,0.8879653177091473,0.749630562943375,0.5681928400598593,0.3806614117755906,0.0,0.7180218270531633,0.7180218270531633
hrl,multi,0,off,0,1506,-2.119803811099845,202.0,0.7685431241989136,0.7232506275177002,1,0.0,0.7617979878454985,7,0,off,0,0,0.0,0.0,0.0,0.9621549301622716,0.9644097631089089,0.8397734925537161,0.9021716368402182,0.7452218404179249,0.5681928400598593,0.3506614117755906,0.0,0.7617979878454985,0.7617979878454985
hrl,multi,0,off,0,1507,-2.109568617885233,202.0,0.7712045311927795,0.7319686412811279,1,0.0,0.7655154259881689,7,0,off,0,0,0.0,0.0,0.0,0.9553163538872521,0.9589721298278469,0.8397734925537161,0.9021716368402182,0.7535201169726988,0.5681928400598593,0.3806614117755906,0.0,0.7655154259881689,0.7655154259881689
hrl,multi,0,off,0,1508,-2.121551225773291,202.0,0.7665436863899231,0.7093176245689392,1,0.0,0.7568549719898183,7,0,off,0,0,0.0,0.0,0.0,0.9093856182822321,0.9644097631089089,0.8397734925537161,0.9021716368402182,0.7333900413082026,0.5681928400598593,0.3806614117755906,0.0,0.7568549719898183,0.7568549719898183
hrl,multi,0,off,0,1509,-2.0866682817530813,201.0,0.7692004442214966,0.7179409861564636,1,0.0,0.7670098931230231,7,0,off,0,0,0.0,0.0,0.0,0.9657776238312316,0.9589721298278469,0.8397734925537161,0.9021716368402182,0.7535201169726988,0.5681928400598593,0.3806614117755906,0.0,0.7670098931230231,0.7670098931230231
hrl,multi,0,off,0,1510,-2.1170223733026066,202.0,0.7682746052742004,0.7179409861564636,1,0.0,0.7574033047602453,7,0,off,0,0,0.0,0.0,0.0,0.9657776238312316,0.9644097631089089,0.8397734925537161,0.8879653177091473,0.7186321122475738,0.5681928400598593,0.3570719838112794,0.0,0.7574033047602453,0.7574033047602453
hrl,multi,0,off,0,1511,-2.0580025234608907,200.0,0.7680458426475525,0.7179409861564636,1,0.0,0.768495961080583,7,0,off,0,0,0.0,0.0,0.0,0.9657776238312316,0.9644097631089089,0.8397734925537161,0.8879653177091473,0.749630562943375,0.5681928400598593,0.403722127357843,0.0,0.768495961080583,0.768495961080583
hrl,multi,0,off,0,1512,-2.1162256038771012,202.0,0.7731549143791199,0.7232506275177002,1,0.0,0.763081350617975,7,0,off,0,0,0.0,0.0,0.0,0.9621549301622716,0.9644097631089089,0.8397734925537161,0.872695977961286,0.7535201169726988,0.5452930462091005,0.403722127357843,0.0,0.763081350617975,0.763081350617975
hrl,multi,0,off,0,1513,-2.0586659526103173,200.0,0.7668423652648926,0.7179409861564636,1,0.0,0.7602293222837512,7,0,off,0,0,0.0,0.0,0.0,0.9657776238312316,0.9644097631089089,0.8397734925537161,0.9021716368402182,0.7771077096318034,0.5452930462091005,0.32707198381127944,0.0,0.7602293222837512,0.7602293222837512
hrl,multi,0,off,0,1514,-2.0887949892156756,201.0,0.7665315866470337,0.7179409861564636,1,0.0,0.7557294640338202,7,0,off,0,0,0.0,0.0,0.0,0.9657776238312316,0.9644097631089089,0.8397734925537161,0.9021716368402182,0.7771077096318034,0.5452930462091005,0.2955729760617639,0.0,0.7557294640338202,0.7557294640338202
hrl,multi,0,off,0,1515,-2.0572053047595547,200.0,0.7666627168655396,0.7179409861564636,1,0.0,0.7677866978774606,7,0,off,0,0,0.0,0.0,0.0,0.9657776238312316,0.9644097631089089,0.8397734925537161,0.9021716368402182,0.7535201169726988,0.5681928400598593,0.3806614117755906,0.0,0.7677866978774606,0.7677866978774606
hrl,multi,0,off,0,1516,-2.0277348790480754,199.0,0.7663107514381409,0.7179409861564636,1,0.0,0.7676824337787985,7,0,off,0,0,0.0,0.0,0.0,0.9657776238312316,0.9644097631089089,0.8397734925537161,0.9021716368402182,0.749630562943375,0.5681928400598593,0.38382111711428074,0.0,0.7676824337787985,0.7676824337787985
hrl,multi,0,off,0,1517,-2.112943791664438,202.0,0.7700516581535339,0.7232506275177002,1,0.0,0.7638758445769076,7,0,off,0,0,0.0,0.0,0.0,0.9621549301622716,0.9644097631089089,0.823908205701246,0.9021716368402182,0.7456321243902595,0.5681928400598593,0.3806614117755906,0.0,0.7638758445769076,0.7638758445769076
hrl,multi,0,off,0,1518,-2.02760114811128,199.0,0.7663107514381409,0.7179409861564636,1,0.0,0.7676824337787985,7,0,off,0,0,0.0,0.0,0.0,0.9657776238312316,0.9644097631089089,0.8397734925537161,0.9021716368402182,0.749630562943375,0.5681928400598593,0.38382111711428074,0.0,0.7676824337787985,0.7676824337787985
hrl,multi,0,off,0,1519,-2.1164600885205433,202.0,0.7677615284919739,0.7179409861564636,1,0.0,0.7606788634657756,7,0,off,0,0,0.0,0.0,0.0,0.9657776238312316,0.9644097631089089,0.793908205701246,0.9021716368402182,0.749630562943375,0.5681928400598593,0.3806614117755906,0.0,0.7606788634657756,0.7606788634657756
hrl,multi,0,off,0,1520,-2.113156614501494,202.0,0.7707090377807617,0.7179409861564636,1,0.0,0.7647434235726702,7,0,off,0,0,0.0,0.0,0.0,0.9657776238312316,0.9589721298278469,0.823908205701246,0.9021716368402182,0.7535201169726988,0.5681928400598593,0.3806614117755906,0.0,0.7647434235726702,0.7647434235726702
hrl,multi,0,off,0,1521,-2.115929130112053,202.0,0.7670130133628845,0.7179409861564636,1,0.0,0.7559438701844948,7,0,off,0,0,0.0,0.0,0.0,0.9657776238312316,0.9644097631089089,0.8097734925537161,0.9021716368402182,0.7535201169726988,0.5452930462091005,0.3506614117755906,0.0,0.7559438701844948,0.7559438701844948
hrl,multi,0,off,0,1522,-2.496987914852792,215.0,0.7857165932655334,0.7232506275177002,1,0.0,0.7286560598395727,7,0,off,0,0,0.0,0.0,0.0,0.8131034238840267,0.9644097631089089,0.7538596024687368,0.9021716368402182,0.7181937407396677,0.5681928400598593,0.3806614117755906,0.0,0.7286560598395727,0.7286560598395727
hrl,multi,0,off,0,1523,-2.2892243966087666,208.0,0.7782576680183411,0.7232506275177002,1,0.0,0.7484407916580723,7,0,off,0,0,0.0,0.0,0.0,0.9064585773789839,0.9644097631089089,0.8397734925537161,0.8879653177091473,0.7535201169726988,0.5062968621074608,0.3806614117755906,0.0,0.7484407916580723,0.7484407916580723
hrl,multi,0,off,0,1524,-2.114609624304575,204.0,0.7713112235069275,0.7319686412811279,1,0.0,0.7509519628698316,7,0,off,0,0,0.0,0.0,0.0,0.9553163538872521,0.9589721298278469,0.8397734925537161,0.9021716368402182,0.7235201169726988,0.49624859823149886,0.3806614117755906,0.0,0.7509519628698316,0.7509519628698316
hrl,multi,0,off,0,1525,-2.1474818551482158,203.0,0.7660184502601624,0.7179409861564636,1,0.0,0.7541866427975971,7,0,off,0,0,0.0,0.0,0.0,0.9657776238312316,0.9644097631089089,0.8397734925537161,0.9021716368402182,0.6583197314136547,0.5681928400598593,0.3806614117755906,0.0,0.7541866427975971,0.7541866427975971
hrl,multi,0,off,0,1526,-2.0546686526737172,200.0,0.767819344997406,0.7179409861564636,1,0.0,0.7654159642284458,7,0,off,0,0,0.0,0.0,0.0,0.9657776238312316,0.9644097631089089,0.823908205701246,0.9021716368402182,0.749630562943375,0.5681928400598593,0.38382111711428074,0.0,0.7654159642284458,0.7654159642284458
hrl,multi,0,off,0,1527,-2.113285200317623,202.0,0.7704669237136841,0.7232506275177002,1,0.0,0.7644470500844956,7,0,off,0,0,0.0,0.0,0.0,0.9621549301622716,0.9644097631089089,0.823908205701246,0.9021716368402182,0.749630562943375,0.5681928400598593,0.3806614117755906,0.0,0.7644470500844956,0.7644470500844956
hrl,multi,0,off,0,1528,-2.206259039114227,205.0,0.7676575779914856,0.7179409861564636,1,0.0,0.7477662328276626,7,0,off,0,0,0.0,0.0,0.0,0.9657776238312316,0.9644097631089089,0.8397734925537161,0.9021716368402182,0.6133768616241152,0.5681928400598593,0.3806614117755906,0.0,0.7477662328276626,0.7477662328276626
hrl,multi,0,off,0,1529,-2.176781717948615,204.0,0.766656219959259,0.7179409861564636,1,0.0,0.7506969834046631,7,0,off,0,0,0.0,0.0,0.0,0.9657776238312316,0.9644097631089089,0.8397734925537161,0.9021716368402182,0.7535201169726988,0.5681928400598593,0.26103341046600825,0.0,0.7506969834046631,0.7506969834046631
hrl,multi,0,off,0,1530,-2.2646808856248364,207.0,0.7699607014656067,0.7179409861564636,1,0.0,0.7428463812530012,7,0,off,0,0,0.0,0.0,0.0,0.9657776238312316,0.8995684433310627,0.8397734925537161,0.8879653177091473,0.6579855395104004,0.5681928400598593,0.3806614117755906,0.0,0.7428463812530012,0.7428463812530012
hrl,multi,0,off,0,1531,-2.1704626962298046,204.0,0.7698053121566772,0.7232506275177002,1,0.0,0.7510569287897894,7,0,off,0,0,0.0,0.0,0.0,0.9621549301622716,0.9644097631089089,0.8097734925537161,0.9021716368402182,0.749630562943375,0.5121861321087571,0.3570719838112794,0.0,0.7510569287897894,0.7510569287897894
hrl,multi,0,off,0,1532,-2.0857352411211463,201.0,0.7665022611618042,0.7179409861564636,1,0.0,0.7596564808100105,7,0,off,0,0,0.0,0.0,0.0,0.9657776238312316,0.9644097631089089,0.8397734925537161,0.8459899660587022,0.749630562943375,0.5681928400598593,0.38382111711428074,0.0,0.7596564808100105,0.7596564808100105
hrl,multi,0,off,0,1533,-2.3247618476790337,209.0,0.7712554335594177,0.7179409861564636,1,0.0,0.7267764104218601,7,0,off,0,0,0.0,0.0,0.0,0.9657776238312316,0.9589721298278469,0.823908205701246,0.9021716368402182,0.5703513323507794,0.5091819605904198,0.3570719838112794,0.0,0.7267764104218601,0.7267764104218601
hrl,multi,0,off,0,1534,-2.353955183329522,210.0,0.7689355611801147,0.7232506275177002,1,0.0,0.7245524708271811,7,0,off,0,0,0.0,0.0,0.0,0.9621549301622716,0.9644097631089089,0.8397734925537161,0.9021716368402182,0.6565321513131381,0.4219848476480577,0.3248404741639574,0.0,0.7245524708271811,0.7245524708271811
hrl,multi,0,off,0,1535,-2.085387925292598,201.0,0.7672773003578186,0.7179409861564636,1,0.0,0.7603160423025537,7,0,off,0,0,0.0,0.0,0.0,0.9657776238312316,0.9644097631089089,0.8397734925537161,0.9021716368402182,0.749630562943375,0.5466280997261449,0.3538211171142807,0.0,0.7603160423025537,0.7603160423025537
hrl,multi,0,off,0,1536,-2.315753834501368,209.0,0.7680283784866333,0.7179409861564636,1,0.0,0.7312029121111239,7,0,off,0,0,0.0,0.0,0.0,0.9657776238312316,0.9644097631089089,0.8397734925537161,0.847501546076056,0.7017317086820873,0.5381928400598592,0.26103341046600825,0.0,0.7312029121111239,0.7312029121111239
hrl,multi,0,off,0,1537,-2.1092849779198883,202.0,0.7661641240119934,0.7179409861564636,1,0.0,0.7587879195658068,7,0,off,0,0,0.0,0.0,0.0,0.9657776238312316,0.9644097631089089,0.8397734925537161,0.9021716368402182,0.6905286687911241,0.5681928400598593,0.3806614117755906,0.0,0.7587879195658068,0.7587879195658068
hrl,multi,0,off,0,1538,-2.175023415386676,204.0,0.7681149244308472,0.7179409861564636,1,0.0,0.7527564010660427,7,0,off,0,0,0.0,0.0,0.0,0.9657776238312316,0.9644097631089089,0.823908205701246,0.8444159277303409,0.7219290352551221,0.5681928400598593,0.3806614117755906,0.0,0.7527564010660427,0.7527564010660427
hrl,multi,0,off,0,1539,-2.1420260478020645,203.0,0.7683755159378052,0.7179409861564636,1,0.0,0.757311608468389,7,0,off,0,0,0.0,0.0,0.0,0.9657776238312316,0.9589721298278469,0.8397734925537161,0.9021716368402182,0.7456321243902595,0.5381928400598592,0.3506614117755906,0.0,0.757311608468389,0.757311608468389
hrl,multi,0,off,0,1540,-2.1779655694856768,206.0,0.7688134908676147,0.7179409861564636,1,0.0,0.744415917377624,7,0,off,0,0,0.0,0.0,0.0,0.9657776238312316,0.9589721298278469,0.8097734925537161,0.9021716368402182,0.749630562943375,0.5681928400598593,0.2563931355871208,0.0,0.744415917377624,0.744415917377624
hrl,multi,0,off,0,1541,-2.021810493861558,199.0,0.7667204737663269,0.7179409861564636,1,0.0,0.7682380843544163,7,0,off,0,0,0.0,0.0,0.0,0.9657776238312316,0.9644097631089089,0.8397734925537161,0.9021716368402182,0.7535201169726988,0.5681928400598593,0.38382111711428074,0.0,0.7682380843544163,0.7682380843544163
hrl,multi,0,off,0,1542,-2.045458097558003,200.0,0.7686325907707214,0.7232506275177002,1,0.0,0.770638826304624,7,0,off,0,0,0.0,0.0,0.0,0.9621549301622716,0.9644097631089089,0.8397734925537161,0.9021716368402182,0.7771077096318034,0.5681928400598593,0.3806614117755906,0.0,0.770638826304624,0.770638826304624
hrl,multi,0,off,0,1543,-2.2312565844249894,208.0,0.7725645899772644,0.7232506275177002,1,0.0,0.738661850258677,7,0,off,0,0,0.0,0.0,0.0,0.9621549301622716,0.9644097631089089,0.7350979320894544,0.9021716368402182,0.6579444377744366,0.5681928400598593,0.3806614117755906,0.0,0.738661850258677,0.738661850258677
hrl,multi,0,off,0,1544,-2.3148511757655035,209.0,0.7774444222450256,0.7179409861564636,1,0.0,0.7430239335328891,7,0,off,0,0,0.0,0.0,0.0,0.9657776238312316,0.9644097631089089,0.6428465494826119,0.9021716368402182,0.7771077096318034,0.5681928400598593,0.3806614117755906,0.0,0.7430239335328891,0.7430239335328891
hrl,multi,0,off,0,1545,-2.0797856086236424,201.0,0.7676293253898621,0.7179409861564636,1,0.0,0.7647060206869298,7,0,off,0,0,0.0,0.0,0.0,0.9657776238312316,0.9644097631089089,0.8397734925537161,0.9021716368402182,0.7535201169726988,0.5466280997261449,0.3806614117755906,0.0,0.7647060206869298,0.7647060206869298
hrl,multi,0,off,0,1546,-2.082589970536064,201.0,0.7687361836433411,0.7179409861564636,1,0.0,0.7621503100464917,7,0,off,0,0,0.0,0.0,0.0,0.9657776238312316,0.9644097631089089,0.823908205701246,0.9021716368402182,0.7535201169726988,0.5681928400598593,0.3570719838112794,0.0,0.7621503100464917,0.7621503100464917
hrl,multi,0,off,0,1547,-2.168191237985155,204.0,0.7764329314231873,0.7232506275177002,1,0.0,0.759922995960265,7,0,off,0,0,0.0,0.0,0.0,0.9479695733888247,0.9644097631089089,0.8072639168195038,0.9021716368402182,0.7456321243902595,0.5681928400598593,0.38382111711428074,0.0,0.759922995960265,0.759922995960265
hrl,multi,0,off,0,1548,-2.0558499185368415,200.0,0.7676874399185181,0.7179409861564636,1,0.0,0.7653102601408237,7,0,off,0,0,0.0,0.0,0.0,0.9657776238312316,0.9644097631089089,0.823908205701246,0.9021716368402182,0.7456321243902595,0.5681928400598593,0.3870796270540425,0.0,0.7653102601408237,0.7653102601408237
hrl,multi,0,off,0,1549,-2.1703338501963287,204.0,0.771124541759491,0.7232506275177002,1,0.0,0.7528756893254422,7,0,off,0,0,0.0,0.0,0.0,0.9561288512108524,0.9344097631089089,0.8397734925537161,0.9021716368402182,0.7156321243902595,0.5681928400598593,0.3538211171142807,0.0,0.7528756893254422,0.7528756893254422
hrl,multi,0,off,0,1550,-2.1460956635687025,203.0,0.7681485414505005,0.7179409861564636,1,0.0,0.7529918333930011,7,0,off,0,0,0.0,0.0,0.0,0.9657776238312316,0.9644097631089089,0.8397734925537161,0.8879653177091473,0.749630562943375,0.5681928400598593,0.29519323354476856,0.0,0.7529918333930011,0.7529918333930011
hrl,multi,0,off,0,1551,-5.510853623035017,300.0,0.8015393018722534,0.5845178365707397,0,0.0,0.3108014001734864,7,0,off,0,0,0.0,0.0,0.0,0.9657776238312316,-1.412000100359188,-0.036217013322284504,0.8879653177091473,0.749630562943375,0.5681928400598593,0.45226057035226386,0.0,0.3108014001734864,0.3108014001734864
hrl,multi,0,off,0,1552,-5.973614762035509,300.0,0.7679154276847839,0.49818065762519836,0,0.0,0.19983581080119242,7,0,off,0,0,0.0,0.0,0.0,0.9499134141650842,-1.3221808331371012,-0.8065971538271661,0.872695977961286,0.7456321243902595,0.4917588932745607,0.4676282527814239,0.0,0.19983581080119242,0.19983581080119242
hrl,multi,0,off,0,1553,-2.1406212580890847,203.0,0.7715622782707214,0.7179409861564636,1,0.0,0.7574070612598145,7,0,off,0,0,0.0,0.0,0.0,0.9657776238312316,0.9644097631089089,0.771844323473942,0.9021716368402182,0.7456321243902595,0.5681928400598593,0.38382111711428074,0.0,0.7574070612598145,0.7574070612598145
hrl,multi,0,off,0,1554,-2.2985495968349237,208.0,0.7721481919288635,0.7179409861564636,1,0.0,0.7368842916358799,7,0,off,0,0,0.0,0.0,0.0,0.9657776238312316,0.9644097631089089,0.771844323473942,0.9021716368402182,0.719630562943375,0.45053501413920233,0.38382111711428074,0.0,0.7368842916358799,0.7368842916358799
hrl,multi,0,off,0,1555,-2.085447649233974,201.0,0.7703571319580078,0.7179409861564636,1,0.0,0.7646391594740084,7,0,off,0,0,0.0,0.0,0.0,0.9657776238312316,0.9589721298278469,0.823908205701246,0.9021716368402182,0.749630562943375,0.5681928400598593,0.38382111711428074,0.0,0.7646391594740084,0.7646391594740084
hrl,multi,0,off,0,1556,-2.096877689354586,203.0,0.7698178291320801,0.7179409861564636,1,0.0,0.7556077394542495,7,0,off,0,0,0.0,0.0,0.0,0.9657776238312316,0.9589721298278469,0.7567987115336114,0.9021716368402182,0.7535201169726988,0.5681928400598593,0.38382111711428074,0.0,0.7556077394542495,0.7556077394542495
hrl,multi,0,off,0,1557,-2.178235860423882,204.0,0.7712087631225586,0.708888828754425,1,0.0,0.7531632900846287,7,0,off,0,0,0.0,0.0,0.0,0.8957633032073209,0.9589721298278469,0.823908205701246,0.8879653177091473,0.7535201169726988,0.5681928400598593,0.38382111711428074,0.0,0.7531632900846287,0.7531632900846287
hrl,multi,0,off,0,1558,-2.177235005538676,204.0,0.7686898112297058,0.7179409861564636,1,0.0,0.7535551762722177,7,0,off,0,0,0.0,0.0,0.0,0.9657776238312316,0.9589721298278469,0.8397734925537161,0.9021716368402182,0.6593370990170621,0.5681928400598593,0.3806614117755906,0.0,0.7535551762722177,0.7535551762722177
hrl,multi,0,off,0,1559,-1.9946727701672353,198.0,0.7663684487342834,0.7179409861564636,1,0.0,0.7723279696187365,7,0,off,0,0,0.0,0.0,0.0,0.9657776238312316,0.9644097631089089,0.8397734925537161,0.9021716368402182,0.749630562943375,0.5681928400598593,0.4163398679938469,0.0,0.7723279696187365,0.7723279696187365
hrl,multi,0,off,0,1560,-2.029666679409563,199.0,0.7659271955490112,0.7179409861564636,1,0.0,0.7711563539716181,7,0,off,0,0,0.0,0.0,0.0,0.9657776238312316,0.9644097631089089,0.8397734925537161,0.9021716368402182,0.7771077096318034,0.5681928400598593,0.3806614117755906,0.0,0.7711563539716181,0.7711563539716181
hrl,multi,0,off,0,1561,-2.1502248690789556,203.0,0.7682270407676697,0.7109692096710205,1,0.0,0.7535706846061686,7,0,off,0,0,0.0,0.0,0.0,0.9034590604161488,0.9644097631089089,0.8397734925537161,0.9021716368402182,0.716326587488738,0.5681928400598593,0.3806614117755906,0.0,0.7535706846061686,0.7535706846061686
hrl,multi,0,off,0,1562,-2.1782102065323845,204.0,0.7687825560569763,0.7179409861564636,1,0.0,0.7496457868272509,7,0,off,0,0,0.0,0.0,0.0,0.9657776238312316,0.9644097631089089,0.8397734925537161,0.8879653177091473,0.7535201169726988,0.5681928400598593,0.2678813535551952,0.0,0.7496457868272509,0.7496457868272509
hrl,multi,0,off,0,1563,-2.3183820521563723,209.0,0.7815922498703003,0.7232506275177002,1,0.0,0.7488788946920399,7,0,off,0,0,0.0,0.0,0.0,0.8981821436001274,0.9644097631089089,0.8397734925537161,0.9021716368402182,0.688760974905859,0.5681928400598593,0.3806614117755906,0.0,0.7488788946920399,0.7488788946920399
hrl,multi,0,off,0,1564,-2.2002979256212694,205.0,0.776125431060791,0.7232506275177002,1,0.0,0.753998693289976,7,0,off,0,0,0.0,0.0,0.0,0.937908446127668,0.9644097631089089,0.7986056201385241,0.9021716368402182,0.749630562943375,0.5681928400598593,0.3570719838112794,0.0,0.753998693289976,0.753998693289976
hrl,multi,0,off,0,1565,-2.024915523499949,199.0,0.7663107514381409,0.7179409861564636,1,0.0,0.7676824337787985,7,0,off,0,0,0.0,0.0,0.0,0.9657776238312316,0.9644097631089089,0.8397734925537161,0.9021716368402182,0.749630562943375,0.5681928400598593,0.38382111711428074,0.0,0.7676824337787985,0.7676824337787985
hrl,multi,0,off,0,1566,-2.1172899017948645,202.0,0.7659474611282349,0.7179409861564636,1,0.0,0.7548832726737565,7,0,off,0,0,0.0,0.0,0.0,0.9657776238312316,0.9644097631089089,0.7778354715582934,0.9021716368402182,0.7219744562035029,0.5681928400598593,0.38382111711428074,0.0,0.7548832726737565,0.7548832726737565
hrl,multi,0,off,0,1567,-2.121326651740819,202.0,0.7673059105873108,0.7075472474098206,1,0.0,0.7593162671092112,7,0,off,0,0,0.0,0.0,0.0,0.9158117957638722,0.9589721298278469,0.8397734925537161,0.9021716368402182,0.749630562943375,0.5681928400598593,0.3806614117755906,0.0,0.7593162671092112,0.7593162671092112
hrl,multi,0,off,0,1568,-2.314355143670688,209.0,0.7764418721199036,0.7368783354759216,1,0.0,0.7386963080253597,7,0,off,0,0,0.0,0.0,0.0,0.9621549301622716,0.9589721298278469,0.7537128285025503,0.872695977961286,0.749630562943375,0.5466280997261449,0.32707962705404253,0.0,0.7386963080253597,0.7386963080253597
hrl,multi,0,off,0,1569,-2.115641658481908,202.0,0.7680458426475525,0.7179409861564636,1,0.0,0.7570815310457885,7,0,off,0,0,0.0,0.0,0.0,0.9657776238312316,0.9644097631089089,0.8397734925537161,0.8879653177091473,0.689630562943375,0.5681928400598593,0.38382111711428074,0.0,0.7570815310457885,0.7570815310457885
hrl,multi,0,off,0,1570,-2.2661505880556048,207.0,0.7659093141555786,0.7179409861564636,1,0.0,0.7329035762745848,7,0,off,0,0,0.0,0.0,0.0,0.9657776238312316,0.9644097631089089,0.7470523181387241,0.9021716368402182,0.719630562943375,0.5681928400598593,0.263090288999776,0.0,0.7329035762745848,0.7329035762745848
hrl,multi,0,off,0,1571,-2.0856127413234207,201.0,0.7683264017105103,0.7179409861564636,1,0.0,0.7615946594708741,7,0,off,0,0,0.0,0.0,0.0,0.9657776238312316,0.9644097631089089,0.823908205701246,0.9021716368402182,0.749630562943375,0.5681928400598593,0.3570719838112794,0.0,0.7615946594708741,0.7615946594708741
hrl,multi,0,off,0,1572,-2.1188008777354845,202.0,0.7669626474380493,0.7179409861564636,1,0.0,0.7558836384782301,7,0,off,0,0,0.0,0.0,0.0,0.9657776238312316,0.9644097631089089,0.8397734925537161,0.8235785082893542,0.7456321243902595,0.5681928400598593,0.38382111711428074,0.0,0.7558836384782301,0.7558836384782301
hrl,multi,0,off,0,1573,-2.164008836173451,204.0,0.7718184590339661,0.7368783354759216,1,0.0,0.7576936394963748,7,0,off,0,0,0.0,0.0,0.0,0.9621549301622716,0.9589721298278469,0.8397734925537161,0.9021716368402182,0.7219290352551221,0.5681928400598593,0.3506614117755906,0.0,0.7576936394963748,0.7576936394963748
hrl,multi,0,off,0,1574,-2.058469981065718,200.0,0.7662529349327087,0.7179409861564636,1,0.0,0.7672310473018428,7,0,off,0,0,0.0,0.0,0.0,0.9657776238312316,0.9644097631089089,0.8397734925537161,0.9021716368402182,0.749630562943375,0.5681928400598593,0.3806614117755906,0.0,0.7672310473018428,0.7672310473018428
hrl,multi,0,off,0,1575,-2.110058677030028,202.0,0.7717694044113159,0.7319686412811279,1,0.0,0.762145507707553,7,0,off,0,0,0.0,0.0,0.0,0.9553163538872521,0.9589721298278469,0.8397734925537161,0.9021716368402182,0.7535201169726988,0.5681928400598593,0.3570719838112794,0.0,0.762145507707553,0.762145507707553
hrl,multi,0,off,0,1576,-2.0858562078454996,201.0,0.7699580192565918,0.7179409861564636,1,0.0,0.7640593606694946,7,0,off,0,0,0.0,0.0,0.0,0.9657776238312316,0.9644097631089089,0.8072639168195038,0.9021716368402182,0.7535201169726988,0.5681928400598593,0.3870796270540425,0.0,0.7640593606694946,0.7640593606694946
hrl,multi,0,off,0,1577,-2.0888774496223776,201.0,0.7687907814979553,0.7179409861564636,1,0.0,0.7664542425474054,7,0,off,0,0,0.0,0.0,0.0,0.9657776238312316,0.9589721298278469,0.8397734925537161,0.9021716368402182,0.749630562943375,0.5681928400598593,0.3806614117755906,0.0,0.7664542425474054,0.7664542425474054
hrl,multi,0,off,0,1578,-2.0882135998352895,201.0,0.7662529349327087,0.7179409861564636,1,0.0,0.7629453330161284,7,0,off,0,0,0.0,0.0,0.0,0.9657776238312316,0.9644097631089089,0.8397734925537161,0.9021716368402182,0.749630562943375,0.5681928400598593,0.3506614117755906,0.0,0.7629453330161284,0.7629453330161284
hrl,multi,0,off,0,1579,-2.058400628209347,200.0,0.7658376693725586,0.7179409861564636,1,0.0,0.7665149534402694,7,0,off,0,0,0.0,0.0,0.0,0.9657776238312316,0.9644097631089089,0.8397734925537161,0.9021716368402182,0.7446179059123614,0.5681928400598593,0.3806614117755906,0.0,0.7665149534402694,0.7665149534402694
hrl,multi,0,off,0,1580,-2.115053657875396,202.0,0.7687423825263977,0.7179409861564636,1,0.0,0.7622644179182986,7,0,off,0,0,0.0,0.0,0.0,0.9657776238312316,0.9589721298278469,0.8397734925537161,0.9021716368402182,0.7771077096318034,0.5681928400598593,0.32385549268341624,0.0,0.7622644179182986,0.7622644179182986
hrl,multi,0,off,0,1581,-3.4347941509808737,246.0,0.7733290791511536,0.7179409861564636,1,0.0,0.5794227127986404,7,0,off,0,0,0.0,0.0,0.0,0.9657776238312316,0.9644097631089089,-0.0681556765260583,0.8879653177091473,0.3571077096318031,0.5681928400598593,0.3806614117755906,0.0,0.5794227127986404,0.5794227127986404
hrl,multi,0,off,0,1582,-6.129060438734448,300.0,0.7212288975715637,0.3505585789680481,0,0.0,0.11794437758362068,7,0,off,0,0,0.0,0.0,0.0,0.21000000000000002,0.9525037939519652,0.4822805998976639,-1.8052284608228313,0.749630562943375,0.39662809972614477,-0.16020395261097264,0.0,0.11794437758362068,0.11794437758362068
hrl,multi,0,off,0,1583,-6.659110753353212,300.0,0.6555401682853699,0.26541411876678467,0,0.0,-0.07881914224517834,7,0,off,0,0,0.0,0.0,0.0,0.28,0.8825875496323121,0.14,-2.584831811357202,0.525977557954936,0.41819284005985913,-0.2136601320061533,0.0,-0.07881914224517834,-0.07881914224517834
hrl,multi,0,off,0,1584,-2.1165880276204545,202.0,0.7685517072677612,0.7179409861564636,1,0.0,0.7620119773087949,7,0,off,0,0,0.0,0.0,0.0,0.9657776238312316,0.9589721298278469,0.8397734925537161,0.9021716368402182,0.7771077096318034,0.5681928400598593,0.3220884084168897,0.0,0.7620119773087949,0.7620119773087949
hrl,multi,0,off,0,1585,-5.7531180013675165,300.0,0.7294368743896484,0.31518101692199707,0,0.0,0.1840482332660493,7,0,off,0,0,0.0,0.0,0.0,0.9621549301622716,0.9589721298278469,0.8397734925537161,0.9021716368402182,-3.241558409817787,0.5681928400598593,0.2986310132362199,0.0,0.1840482332660493,0.1840482332660493
hrl,multi,0,off,0,1586,-5.638632244726071,300.0,0.7549119591712952,0.4317247271537781,0,0.0,0.24145428607876326,7,0,off,0,0,0.0,0.0,0.0,0.9657776238312316,-2.639856702256132,0.8397734925537161,0.872695977961286,0.6633159241234552,0.5466280997261449,0.44184558661164086,0.0,0.24145428607876326,0.24145428607876326
hrl,multi,0,off,0,1587,-2.2932554079778478,208.0,0.7697287797927856,0.7179409861564636,1,0.0,0.7362762951575743,7,0,off,0,0,0.0,0.0,0.0,0.9657776238312316,0.9644097631089089,0.7627770474752772,0.9021716368402182,0.7535201169726988,0.5681928400598593,0.23708503781482598,0.0,0.7362762951575743,0.7362762951575743
hrl,multi,0,off,0,1588,-2.1448768338572686,203.0,0.7668761610984802,0.7179409861564636,1,0.0,0.7514282926893469,7,0,off,0,0,0.0,0.0,0.0,0.9657776238312316,0.9644097631089089,0.8397734925537161,0.9021716368402182,0.7535201169726988,0.48052429840437316,0.3538211171142807,0.0,0.7514282926893469,0.7514282926893469
hrl,multi,0,off,0,1589,-2.086096219364553,201.0,0.7682720422744751,0.7179409861564636,1,0.0,0.7657269695829367,7,0,off,0,0,0.0,0.0,0.0,0.9657776238312316,0.9644097631089089,0.8397734925537161,0.8879653177091473,0.749630562943375,0.5681928400598593,0.3843391868743182,0.0,0.7657269695829367,0.7657269695829367
hrl,multi,0,off,0,1590,-2.2648409905110003,207.0,0.7706485390663147,0.7179409861564636,1,0.0,0.7434998099595133,7,0,off,0,0,0.0,0.0,0.0,0.9657776238312316,0.9589721298278469,0.8397734925537161,0.9021716368402182,0.6423094309640999,0.5681928400598593,0.32730151563962023,0.0,0.7434998099595133,0.7434998099595133
hrl,multi,0,off,0,1591,-2.0612363984831608,202.0,0.7683027982711792,0.7179409861564636,1,0.0,0.756647335065287,7,0,off,0,0,0.0,0.0,0.0,0.9657776238312316,0.8903237774530185,0.8397734925537161,0.9021716368402182,0.749630562943375,0.5681928400598593,0.3806614117755906,0.0,0.756647335065287,0.756647335065287
hrl,multi,0,off,0,1592,-2.057538759917952,200.0,0.7666627168655396,0.7179409861564636,1,0.0,0.7677866978774606,7,0,off,0,0,0.0,0.0,0.0,0.9657776238312316,0.9644097631089089,0.8397734925537161,0.9021716368402182,0.7535201169726988,0.5681928400598593,0.3806614117755906,0.0,0.7677866978774606,0.7677866978774606
hrl,multi,0,off,0,1593,-2.148125792938516,203.0,0.7665647864341736,0.7179409861564636,1,0.0,0.7549787642498828,7,0,off,0,0,0.0,0.0,0.0,0.9657776238312316,0.9644097631089089,0.8097734925537161,0.9021716368402182,0.7535201169726988,0.5085373046668155,0.3806614117755906,0.0,0.7549787642498828,0.7549787642498828
hrl,multi,0,off,0,1594,-2.115981550941942,202.0,0.7666991353034973,0.7179409861564636,1,0.0,0.759460424438301,7,0,off,0,0,0.0,0.0,0.0,0.9657776238312316,0.9644097631089089,0.781489578479599,0.9021716368402182,0.7535201169726988,0.5681928400598593,0.3806614117755906,0.0,0.759460424438301,0.759460424438301
hrl,multi,0,off,0,1595,-2.795753685315134,225.0,0.7894810438156128,0.7232506275177002,1,0.0,0.6884784477308293,7,0,off,0,0,0.0,0.0,0.0,0.901259290743373,0.9644097631089089,0.8397734925537161,0.8410494403260589,0.3866123127849345,0.5055834228232241,0.3806614117755906,0.0,0.6884784477308293,0.6884784477308293
hrl,multi,0,off,0,1596,-2.2044489863910695,205.0,0.7683165669441223,0.7232506275177002,1,0.0,0.7492177137141688,7,0,off,0,0,0.0,0.0,0.0,0.9553163538872521,0.9644097631089089,0.8397734925537161,0.7590624249820515,0.7771077096318034,0.5681928400598593,0.3806614117755906,0.0,0.7492177137141688,0.7492177137141688
hrl,multi,0,off,0,1597,-2.70024173097568,222.0,0.7986831665039062,0.7232506275177002,1,0.0,0.7132356921348577,7,0,off,0,0,0.0,0.0,0.0,0.6426788534506875,0.9644097631089089,0.8397734925537161,0.9021716368402182,0.716326587488738,0.5466280997261449,0.3806614117755906,0.0,0.7132356921348577,0.7132356921348577
hrl,multi,0,off,0,1598,-2.0555865711299703,200.0,0.7669467329978943,0.7179409861564636,1,0.0,0.7648187399367645,7,0,off,0,0,0.0,0.0,0.0,0.9657776238312316,0.9644097631089089,0.8397734925537161,0.9021716368402182,0.7535201169726988,0.5681928400598593,0.3598857061907182,0.0,0.7648187399367645,0.7648187399367645
hrl,multi,0,off,0,1599,-2.1153172620653637,202.0,0.7671077847480774,0.7179409861564636,1,0.0,0.755785354894509,7,0,off,0,0,0.0,0.0,0.0,0.9657776238312316,0.9644097631089089,0.8397734925537161,0.9021716368402182,0.7535201169726988,0.5681928400598593,0.2966520108949306,0.0,0.755785354894509,0.755785354894509
hrl,multi,0,off,0,1600,-2.08768474417855,201.0,0.7662529349327087,0.7179409861564636,1,0.0,0.7629453330161285,7,0,off,0,0,0.0,0.0,0.0,0.9657776238312316,0.9644097631089089,0.8097734925537161,0.9021716368402182,0.749630562943375,0.5681928400598593,0.3806614117755906,0.0,0.7629453330161285,0.7629453330161285
hrl,multi,0,off,0,1601,-2.1779753907455586,204.0,0.768131673336029,0.7179409861564636,1,0.0,0.7479062894368135,7,0,off,0,0,0.0,0.0,0.0,0.9657776238312316,0.9644097631089089,0.8397734925537161,0.8879653177091473,0.7456321243902595,0.45112429268884063,0.3806614117755906,0.0,0.7479062894368135,0.7479062894368135
hrl,multi,0,off,0,1602,-2.1847125608054916,204.0,0.7678438425064087,0.7179409861564636,1,0.0,0.7473011537443675,7,0,off,0,0,0.0,0.0,0.0,0.9657776238312316,0.9644097631089089,0.8397734925537161,0.9021716368402182,0.6637445234408909,0.5466280997261449,0.34860293670946163,0.0,0.7473011537443675,0.7473011537443675
hrl,multi,0,off,0,1603,-5.71306761961314,300.0,0.7467635869979858,0.355428010225296,0,0.0,0.21041583694556573,7,0,off,0,0,0.0,0.0,0.0,0.9657776238312316,-0.30805639601887597,0.8397734925537161,0.28,-1.1998148981827184,0.5466280997261449,0.34860293670946163,0.0,0.21041583694556573,0.21041583694556573
hrl,multi,0,off,0,1604,-2.1987751220003693,205.0,0.7701042890548706,0.7232506275177002,1,0.0,0.7477739165476416,7,0,off,0,0,0.0,0.0,0.0,0.9621549301622716,0.9644097631089089,0.8397734925537161,0.9021716368402182,0.7535201169726988,0.5681928400598593,0.24419463613581788,0.0,0.7477739165476416,0.7477739165476416
hrl,multi,0,off,0,1605,-2.1419510369282198,203.0,0.7702850103378296,0.7179409861564636,1,0.0,0.7588925099380478,7,0,off,0,0,0.0,0.0,0.0,0.9657776238312316,0.9644097631089089,0.823908205701246,0.8879653177091473,0.749630562943375,0.5433953350892164,0.37716076118320985,0.0,0.7588925099380478,0.7588925099380478
hrl,multi,0,off,0,1606,-2.0529450071859165,200.0,0.7658185362815857,0.7179409861564636,1,0.0,0.7600295568221629,7,0,off,0,0,0.0,0.0,0.0,0.9657776238312316,0.9644097631089089,0.8228637097883377,0.9021716368402182,0.749630562943375,0.5681928400598593,0.3471607611832098,0.0,0.7600295568221629,0.7600295568221629
hrl,multi,0,off,0,1607,-2.027481541117886,199.0,0.7658185362815857,0.7179409861564636,1,0.0,0.7643152711078772,7,0,off,0,0,0.0,0.0,0.0,0.9657776238312316,0.9644097631089089,0.8228637097883377,0.9021716368402182,0.749630562943375,0.5681928400598593,0.37716076118320985,0.0,0.7643152711078772,0.7643152711078772
hrl,multi,0,off,0,1608,-2.1637486472306757,204.0,0.7703959345817566,0.7368783354759216,1,0.0,0.7506219653530265,7,0,off,0,0,0.0,0.0,0.0,0.9621549301622716,0.9589721298278469,0.8228637097883377,0.9021716368402182,0.6593370990170621,0.5681928400598593,0.3806614117755906,0.0,0.7506219653530265,0.7506219653530265
hrl,multi,0,off,0,1609,-2.1125217725022227,202.0,0.7702993750572205,0.7179409861564636,1,0.0,0.7641877729970527,7,0,off,0,0,0.0,0.0,0.0,0.9657776238312316,0.9589721298278469,0.823908205701246,0.9021716368402182,0.749630562943375,0.5681928400598593,0.3806614117755906,0.0,0.7641877729970527,0.7641877729970527
hrl,multi,0,off,0,1610,-2.202503321022958,205.0,0.7692845463752747,0.7179409861564636,1,0.0,0.7459226974739105,7,0,off,0,0,0.0,0.0,0.0,0.9657776238312316,0.9589721298278469,0.8397734925537161,0.9021716368402182,0.749630562943375,0.5681928400598593,0.23694059626112599,0.0,0.7459226974739105,0.7459226974739105
hrl,multi,0,off,0,1611,-2.0862308526365085,201.0,0.7653583884239197,0.7179409861564636,1,0.0,0.7620021546785629,7,0,off,0,0,0.0,0.0,0.0,0.9657776238312316,0.9644097631089089,0.8031712441907568,0.9021716368402182,0.749630562943375,0.5681928400598593,0.3806614117755906,0.0,0.7620021546785629,0.7620021546785629
hrl,multi,0,off,0,1612,-2.1745881783124044,204.0,0.7681293487548828,0.7179409861564636,1,0.0,0.7493118112812583,7,0,off,0,0,0.0,0.0,0.0,0.9657776238312316,0.9644097631089089,0.823908205701246,0.9021716368402182,0.749630562943375,0.5681928400598593,0.27109204648396795,0.0,0.7493118112812583,0.7493118112812583
hrl,multi,0,off,0,1613,-2.205643257562767,205.0,0.7699671387672424,0.7179409861564636,1,0.0,0.746972290221879,7,0,off,0,0,0.0,0.0,0.0,0.9657776238312316,0.9589721298278469,0.8097734925537161,0.8154978444965215,0.7535201169726988,0.5681928400598593,0.3570719838112794,0.0,0.746972290221879,0.746972290221879
hrl,multi,0,off,0,1614,-2.1117251755169115,202.0,0.7724566459655762,0.7232506275177002,1,0.0,0.7630383835082191,7,0,off,0,0,0.0,0.0,0.0,0.9561288512108524,0.9644097631089089,0.8397734925537161,0.9021716368402182,0.7535201169726988,0.5681928400598593,0.3570719838112794,0.0,0.7630383835082191,0.7630383835082191
hrl,multi,0,off,0,1615,-2.056783730653114,200.0,0.7666627168655396,0.7179409861564636,1,0.0,0.7677866978774606,7,0,off,0,0,0.0,0.0,0.0,0.9657776238312316,0.9644097631089089,0.8397734925537161,0.9021716368402182,0.7535201169726988,0.5681928400598593,0.3806614117755906,0.0,0.7677866978774606,0.7677866978774606
hrl,multi,0,off,0,1616,-2.0878486283135125,201.0,0.7664235234260559,0.7179409861564636,1,0.0,0.7561494555625122,7,0,off,0,0,0.0,0.0,0.0,0.9657776238312316,0.9644097631089089,0.7939652087755362,0.9021716368402182,0.7535201169726988,0.5681928400598593,0.34500899934913304,0.0,0.7561494555625122,0.7561494555625122
hrl,multi,0,off,0,1617,-2.6132720907207037,219.0,0.7891787886619568,0.7232506275177002,1,0.0,0.7076906649873955,7,0,off,0,0,0.0,0.0,0.0,0.5983038820006611,0.9644097631089089,0.7939652087755362,0.9021716368402182,0.749630562943375,0.5681928400598593,0.37716076118320985,0.0,0.7076906649873955,0.7076906649873955
hrl,multi,0,off,0,1618,-6.638593848173692,300.0,0.6249736547470093,0.2846384048461914,0,0.0,-0.13341458483108412,7,0,off,0,0,0.0,0.0,0.0,-2.6008105277236937,0.9644097631089089,0.8228637097883377,0.9021716368402182,0.21000000000000002,0.28,-1.5125366758313599,0.0,-0.13341458483108412,-0.13341458483108412
hrl,multi,0,off,0,1619,-2.111503558317196,202.0,0.7691401839256287,0.7232506275177002,1,0.0,0.7588458520990443,7,0,off,0,0,0.0,0.0,0.0,0.9621549301622716,0.9644097631089089,0.8397734925537161,0.9021716368402182,0.749630562943375,0.5681928400598593,0.3255877390249596,0.0,0.7588458520990443,0.7588458520990443
hrl,multi,0,off,0,1620,-2.1131856872490604,202.0,0.7689583897590637,0.7232506275177002,1,0.0,0.7624278053491343,7,0,off,0,0,0.0,0.0,0.0,0.9621549301622716,0.9644097631089089,0.8397734925537161,0.9021716368402182,0.749630562943375,0.5681928400598593,0.35066141177559057,0.0,0.7624278053491343,0.7624278053491343
hrl,multi,0,off,0,1621,-2.3510034284321537,210.0,0.7763659358024597,0.7179409861564636,1,0.0,0.7374999706191566,7,0,off,0,0,0.0,0.0,0.0,0.9657776238312316,0.9644097631089089,0.771844323473942,0.872695977961286,0.7219290352551221,0.5681928400598593,0.2976502306437475,0.0,0.7374999706191566,0.7374999706191566
hrl,multi,0,off,0,1622,-2.085417646240672,201.0,0.766575276851654,0.7179409861564636,1,0.0,0.7632736862035209,7,0,off,0,0,0.0,0.0,0.0,0.9657776238312316,0.9644097631089089,0.8397734925537161,0.9021716368402182,0.7219290352551221,0.5681928400598593,0.3806614117755906,0.0,0.7632736862035209,0.7632736862035209
hrl,multi,0,off,0,1623,-2.2333396050974237,206.0,0.7743195295333862,0.7179409861564636,1,0.0,0.752089558685055,7,0,off,0,0,0.0,0.0,0.0,0.9657776238312316,0.9644097631089089,0.7531611244297174,0.9021716368402182,0.7302525107498593,0.5681928400598593,0.3806614117755906,0.0,0.752089558685055,0.752089558685055
hrl,multi,0,off,0,1624,-2.115678969650761,202.0,0.7678291201591492,0.7179409861564636,1,0.0,0.7570912738368768,7,0,off,0,0,0.0,0.0,0.0,0.9657776238312316,0.9644097631089089,0.823908205701246,0.8667583833729133,0.7535201169726988,0.5681928400598593,0.3570719838112794,0.0,0.7570912738368768,0.7570912738368768
hrl,multi,0,off,0,1625,-2.4722344035212847,214.0,0.7719932198524475,0.7232506275177002,1,0.0,0.711373870898304,7,0,off,0,0,0.0,0.0,0.0,0.9553163538872521,0.9644097631089089,0.8397734925537161,0.8879653177091473,0.7573111923400724,0.5138550142220533,0.060985962466977905,0.0,0.711373870898304,0.711373870898304
hrl,multi,0,off,0,1626,-2.2052260050550077,205.0,0.7728953957557678,0.7179409861564636,1,0.0,0.7536491465659694,7,0,off,0,0,0.0,0.0,0.0,0.9657776238312316,0.9514068204592127,0.781489578479599,0.8879653177091473,0.7471077096318034,0.5681928400598593,0.37360413579093227,0.0,0.7536491465659694,0.7536491465659694
hrl,multi,0,off,0,1627,-2.147114118849857,203.0,0.7698109745979309,0.7179409861564636,1,0.0,0.7598484425644191,7,0,off,0,0,0.0,0.0,0.0,0.9657776238312316,0.9127315299469424,0.8397734925537161,0.9021716368402182,0.749630562943375,0.5681928400598593,0.3806614117755906,0.0,0.7598484425644191,0.7598484425644191
hrl,multi,0,off,0,1628,-2.325571524478723,209.0,0.7694960832595825,0.7179409861564636,1,0.0,0.7332811999063612,7,0,off,0,0,0.0,0.0,0.0,0.9657776238312316,0.9589721298278469,0.8397734925537161,0.9021716368402182,0.749630562943375,0.3592675777545943,0.35737537559354604,0.0,0.7332811999063612,0.7332811999063612
hrl,multi,0,off,0,1629,-2.145171636043813,203.0,0.7657175064086914,0.7179409861564636,1,0.0,0.7538695217514028,7,0,off,0,0,0.0,0.0,0.0,0.9657776238312316,0.9644097631089089,0.8397734925537161,0.9021716368402182,0.656099884090295,0.5681928400598593,0.3806614117755906,0.0,0.7538695217514028,0.7538695217514028
hrl,multi,0,off,0,1630,-2.228343209311131,206.0,0.7712416052818298,0.7232506275177002,1,0.0,0.7489252792746922,7,0,off,0,0,0.0,0.0,0.0,0.9621549301622716,0.9644097631089089,0.823908205701246,0.7896296871422712,0.7535201169726988,0.5681928400598593,0.3806614117755906,0.0,0.7489252792746922,0.7489252792746922
hrl,multi,0,off,0,1631,-2.1131552786356766,202.0,0.7676648497581482,0.7179409861564636,1,0.0,0.7571298620658006,7,0,off,0,0,0.0,0.0,0.0,0.9657776238312316,0.9644097631089089,0.8397734925537161,0.9021716368402182,0.7296979718759516,0.5681928400598593,0.3298857061907182,0.0,0.7571298620658006,0.7571298620658006
hrl,multi,0,off,0,1632,-2.1720478503836778,204.0,0.7690322995185852,0.7179409861564636,1,0.0,0.749741582955484,7,0,off,0,0,0.0,0.0,0.0,0.9657776238312316,0.9644097631089089,0.823908205701246,0.9021716368402182,0.6666590273356441,0.5681928400598593,0.3570719838112794,0.0,0.749741582955484,0.749741582955484
hrl,multi,0,off,0,1633,-2.1251039916672734,202.0,0.7668488621711731,0.7179409861564636,1,0.0,0.7556103134341016,7,0,off,0,0,0.0,0.0,0.0,0.9657776238312316,0.9644097631089089,0.8397734925537161,0.8444159277303409,0.749630562943375,0.5681928400598593,0.3570719838112794,0.0,0.7556103134341016,0.7556103134341016
hrl,multi,0,off,0,1634,-2.1217052055255032,202.0,0.767181396484375,0.7179409861564636,1,0.0,0.7560035844819589,7,0,off,0,0,0.0,0.0,0.0,0.9657776238312316,0.9644097631089089,0.7847706807788404,0.9021716368402182,0.749630562943375,0.5681928400598593,0.3570719838112794,0.0,0.7560035844819589,0.7560035844819589
hrl,multi,0,off,0,1635,-2.1825111627567075,204.0,0.7730090022087097,0.7179409861564636,1,0.0,0.7550583168447584,7,0,off,0,0,0.0,0.0,0.0,0.9657776238312316,0.9589721298278469,0.793908205701246,0.8879653177091473,0.7535201169726988,0.5681928400598593,0.3570719838112794,0.0,0.7550583168447584,0.7550583168447584
hrl,multi,0,off,0,1636,-2.1174646856635797,202.0,0.7663676142692566,0.7179409861564636,1,0.0,0.7576059679542843,7,0,off,0,0,0.0,0.0,0.0,0.9657776238312316,0.9644097631089089,0.8397734925537161,0.9021716368402182,0.749630562943375,0.5078745606116072,0.37360413579093227,0.0,0.7576059679542843,0.7576059679542843
hrl,multi,0,off,0,1637,-2.0855802865943405,201.0,0.7690747976303101,0.7179409861564636,1,0.0,0.7654460602638827,7,0,off,0,0,0.0,0.0,0.0,0.9657776238312316,0.9589721298278469,0.8397734925537161,0.9021716368402182,0.749630562943375,0.5681928400598593,0.37360413579093227,0.0,0.7654460602638827,0.7654460602638827
hrl,multi,0,off,0,1638,-2.0867563855380284,201.0,0.767572820186615,0.7179409861564636,1,0.0,0.7646303676326732,7,0,off,0,0,0.0,0.0,0.0,0.9657776238312316,0.9644097631089089,0.8397734925537161,0.8879653177091473,0.7456321243902595,0.5681928400598593,0.3806614117755906,0.0,0.7646303676326732,0.7646303676326732
hrl,multi,0,off,0,1639,-2.0909265524777574,201.0,0.7692583203315735,0.7179409861564636,1,0.0,0.7631755653142644,7,0,off,0,0,0.0,0.0,0.0,0.9657776238312316,0.9589721298278469,0.8397734925537161,0.9021716368402182,0.7235201169726988,0.5681928400598593,0.38382111711428074,0.0,0.7631755653142644,0.7631755653142644
hrl,multi,0,off,0,1640,-2.087399884180631,201.0,0.7685425877571106,0.7179409861564636,1,0.0,0.7660728664741816,7,0,off,0,0,0.0,0.0,0.0,0.9657776238312316,0.9524129432859575,0.8397734925537161,0.9021716368402182,0.7535201169726988,0.5681928400598593,0.3806614117755906,0.0,0.7660728664741816,0.7660728664741816
hrl,multi,0,off,0,1641,-2.1132971778826306,202.0,0.7684555649757385,0.7179409861564636,1,0.0,0.757637181621406,7,0,off,0,0,0.0,0.0,0.0,0.9657776238312316,0.9644097631089089,0.8397734925537161,0.8879653177091473,0.6935201169726988,0.5681928400598593,0.38382111711428074,0.0,0.757637181621406,0.757637181621406
hrl,multi,0,off,0,1642,-2.1402888399001654,203.0,0.7709894776344299,0.7232506275177002,1,0.0,0.7569675187281454,7,0,off,0,0,0.0,0.0,0.0,0.9621549301622716,0.9644097631089089,0.8397734925537161,0.8879653177091473,0.749630562943375,0.5681928400598593,0.3266457245597393,0.0,0.7569675187281454,0.7569675187281454
hrl,multi,0,off,0,1643,-2.0300269207730888,199.0,0.7658954858779907,0.7179409861564636,1,0.0,0.7671112282712107,7,0,off,0,0,0.0,0.0,0.0,0.9657776238312316,0.9644097631089089,0.8397734925537161,0.9021716368402182,0.7456321243902595,0.5681928400598593,0.38382111711428074,0.0,0.7671112282712107,0.7671112282712107
hrl,multi,0,off,0,1644,-2.0817898468475313,201.0,0.7688270807266235,0.7232506275177002,1,0.0,0.7631743561865646,7,0,off,0,0,0.0,0.0,0.0,0.9621549301622716,0.9644097631089089,0.8397734925537161,0.9021716368402182,0.7456321243902595,0.5681928400598593,0.3598857061907182,0.0,0.7631743561865646,0.7631743561865646
hrl,multi,0,off,0,1645,-2.145267478071617,203.0,0.7696318030357361,0.7179409861564636,1,0.0,0.7587345246048526,7,0,off,0,0,0.0,0.0,0.0,0.9657776238312316,0.9644097631089089,0.8397734925537161,0.872695977961286,0.7196305629433751,0.5681928400598593,0.3806614117755906,0.0,0.7587345246048526,0.7587345246048526
hrl,multi,0,off,0,1646,-3.6565713827428254,254.0,0.8128958940505981,0.7179409861564636,1,0.0,0.5932722871806876,7,0,off,0,0,0.0,0.0,0.0,0.9657776238312316,0.9589721298278469,0.4536938631496611,0.6168606643691743,0.2087474772514489,0.5681928400598593,0.3806614117755906,0.0,0.5932722871806876,0.5932722871806876
hrl,multi,0,off,0,1647,-2.2636001374362937,207.0,0.7666645050048828,0.7232506275177002,1,0.0,0.7386938108918069,7,0,off,0,0,0.0,0.0,0.0,0.88618660291158,0.9644097631089089,0.8397734925537161,0.9021716368402182,0.7171294706482618,0.48052429840437316,0.3806614117755906,0.0,0.7386938108918069,0.7386938108918069
hrl,multi,0,off,0,1648,-2.0820081382943316,201.0,0.7689583897590637,0.7232506275177002,1,0.0,0.7667135196348486,7,0,off,0,0,0.0,0.0,0.0,0.9621549301622716,0.9644097631089089,0.8397734925537161,0.9021716368402182,0.749630562943375,0.5681928400598593,0.3806614117755906,0.0,0.7667135196348486,0.7667135196348486
hrl,multi,0,off,0,1649,-2.230431414588818,206.0,0.7719731330871582,0.7232506275177002,1,0.0,0.7493397330595937,7,0,off,0,0,0.0,0.0,0.0,0.9621549301622716,0.9644097631089089,0.823908205701246,0.9021716368402182,0.7296979718759516,0.5681928400598593,0.29484278366870015,0.0,0.7493397330595937,0.7493397330595937
hrl,multi,0,off,0,1650,-2.2061089332273682,205.0,0.7685210108757019,0.7179409861564636,1,0.0,0.7461570703266418,7,0,off,0,0,0.0,0.0,0.0,0.9657776238312316,0.9190958160550062,0.8397734925537161,0.9021716368402182,0.7535201169726988,0.5681928400598593,0.27456796597376165,0.0,0.7461570703266418,0.7461570703266418
hrl,multi,0,off,0,1651,-2.0552438074897506,200.0,0.7674357295036316,0.7179409861564636,1,0.0,0.7688898844212655,7,0,off,0,0,0.0,0.0,0.0,0.9657776238312316,0.9644097631089089,0.823908205701246,0.9021716368402182,0.7771077096318034,0.5681928400598593,0.3806614117755906,0.0,0.7688898844212655,0.7688898844212655
hrl,multi,0,off,0,1652,-2.174341794713398,204.0,0.7693254351615906,0.7179409861564636,1,0.0,0.7532641323971828,7,0,off,0,0,0.0,0.0,0.0,0.9657776238312316,0.9589721298278469,0.8397734925537161,0.9021716368402182,0.6608004424841982,0.5681928400598593,0.37716076118320985,0.0,0.7532641323971828,0.7532641323971828
hrl,multi,0,off,0,1653,-5.9422756381958655,300.0,0.7748774886131287,0.5439270734786987,0,0.0,0.21964508174571934,7,0,off,0,0,0.0,0.0,0.0,-1.2754299529662096,0.9589721298278469,-0.6207651628128716,0.9021716368402182,0.7535201169726988,0.49616400748110756,0.32288279687724514,0.0,0.21964508174571934,0.21964508174571934
hrl,multi,0,off,0,1654,-2.1451749030651968,203.0,0.7710137367248535,0.7179409861564636,1,0.0,0.7592624962924288,7,0,off,0,0,0.0,0.0,0.0,0.9657776238312316,0.9644097631089089,0.8072639168195038,0.9021716368402182,0.7334175575963473,0.5681928400598593,0.37360413579093227,0.0,0.7592624962924288,0.7592624962924288
hrl,multi,0,off,0,1655,-2.0544977894111067,200.0,0.7665370106697083,0.7179409861564636,1,0.0,0.7642630893611467,7,0,off,0,0,0.0,0.0,0.0,0.9657776238312316,0.9644097631089089,0.8397734925537161,0.9021716368402182,0.749630562943375,0.5681928400598593,0.3598857061907182,0.0,0.7642630893611467,0.7642630893611467
hrl,multi,0,off,0,1656,-2.109800467002205,202.0,0.7714415192604065,0.7232506275177002,1,0.0,0.7616327823794974,7,0,off,0,0,0.0,0.0,0.0,0.9621549301622716,0.9644097631089089,0.823908205701246,0.9021716368402182,0.7535201169726988,0.5681928400598593,0.3570719838112794,0.0,0.7616327823794974,0.7616327823794974
hrl,multi,0,off,0,1657,-2.1127044847782233,202.0,0.7705973982810974,0.7179409861564636,1,0.0,0.7611701409857053,7,0,off,0,0,0.0,0.0,0.0,0.9657776238312316,0.9589721298278469,0.8397734925537161,0.9021716368402182,0.7334175575963473,0.5681928400598593,0.3598857061907182,0.0,0.7611701409857053,0.7611701409857053
hrl,multi,0,off,0,1658,-2.4414216686366066,213.0,0.7704681754112244,0.7179409861564636,1,0.0,0.713228577221786,7,0,off,0,0,0.0,0.0,0.0,0.9657776238312316,0.9644097631089089,0.725387489707816,0.8879653177091473,0.7296979718759516,0.42445701231093913,0.29490486200850674,0.0,0.713228577221786,0.713228577221786
hrl,multi,0,off,0,1659,-2.178278174104634,204.0,0.7678745985031128,0.7179409861564636,1,0.0,0.7481377035044302,7,0,off,0,0,0.0,0.0,0.0,0.9657776238312316,0.9644097631089089,0.8397734925537161,0.9021716368402182,0.7296979718759516,0.5681928400598593,0.26694059626112593,0.0,0.7481377035044302,0.7481377035044302
hrl,multi,0,off,0,1660,-2.0863198350078886,201.0,0.7655631899833679,0.7179409861564636,1,0.0,0.7590945367427082,7,0,off,0,0,0.0,0.0,0.0,0.9657776238312316,0.9644097631089089,0.8397734925537161,0.8566820614363846,0.7452218404179249,0.5681928400598593,0.37360413579093227,0.0,0.7590945367427082,0.7590945367427082
hrl,multi,0,off,0,1661,-2.0589845952286847,200.0,0.7665370106697083,0.7179409861564636,1,0.0,0.7662228650183202,7,0,off,0,0,0.0,0.0,0.0,0.9657776238312316,0.9644097631089089,0.8397734925537161,0.9021716368402182,0.749630562943375,0.5681928400598593,0.37360413579093227,0.0,0.7662228650183202,0.7662228650183202
hrl,multi,0,off,0,1662,-2.05660332540865,200.0,0.7672275900840759,0.7179409861564636,1,0.0,0.7644167795968446,7,0,off,0,0,0.0,0.0,0.0,0.9657776238312316,0.9644097631089089,0.8397734925537161,0.9021716368402182,0.7535201169726988,0.5681928400598593,0.3570719838112794,0.0,0.7644167795968446,0.7644167795968446
hrl,multi,0,off,0,1663,-2.143549600671976,203.0,0.766952633857727,0.7179409861564636,1,0.0,0.7553578559515478,7,0,off,0,0,0.0,0.0,0.0,0.9657776238312316,0.9644097631089089,0.8397734925537161,0.9021716368402182,0.7535201169726988,0.5681928400598593,0.29365951829420145,0.0,0.7553578559515478,0.7553578559515478
hrl,multi,0,off,0,1664,-2.1420816290460056,203.0,0.7674112319946289,0.7179409861564636,1,0.0,0.7518549907148786,7,0,off,0,0,0.0,0.0,0.0,0.9657776238312316,0.9644097631089089,0.8397734925537161,0.9021716368402182,0.7535201169726988,0.5681928400598593,0.2691394616375169,0.0,0.7518549907148786,0.7518549907148786
hrl,multi,0,off,0,1665,-2.08426600301289,201.0,0.766211211681366,0.7179409861564636,1,0.0,0.7596169674594936,7,0,off,0,0,0.0,0.0,0.0,0.9657776238312316,0.9644097631089089,0.8097734925537161,0.9021716368402182,0.7771077096318034,0.5681928400598593,0.3298857061907182,0.0,0.7596169674594936,0.7596169674594936
hrl,multi,0,off,0,1666,-2.256297355607382,207.0,0.7716318368911743,0.7319686412811279,1,0.0,0.7435459253257395,7,0,off,0,0,0.0,0.0,0.0,0.9553163538872521,0.9589721298278469,0.8097734925537161,0.9021716368402182,0.7235201169726988,0.4779069860152345,0.37716076118320985,0.0,0.7435459253257395,0.7435459253257395
hrl,multi,0,off,0,1667,-2.05357634630636,200.0,0.7658376693725586,0.7179409861564636,1,0.0,0.7666598417942548,7,0,off,0,0,0.0,0.0,0.0,0.9657776238312316,0.9644097631089089,0.8397734925537161,0.9021716368402182,0.7456321243902595,0.5681928400598593,0.3806614117755906,0.0,0.7666598417942548,0.7666598417942548
hrl,multi,0,off,0,1668,-2.2011932815657906,205.0,0.7696433663368225,0.7232506275177002,1,0.0,0.7464610431537676,7,0,off,0,0,0.0,0.0,0.0,0.9553163538872521,0.9644097631089089,0.8397734925537161,0.810764896779405,0.7296979718759516,0.5681928400598593,0.3570719838112794,0.0,0.7464610431537676,0.7464610431537676
hrl,multi,0,off,0,1669,-2.224855289446419,206.0,0.771787166595459,0.7368783354759216,1,0.0,0.7435247802985968,7,0,off,0,0,0.0,0.0,0.0,0.9621549301622716,0.9589721298278469,0.7947355544242217,0.9021716368402182,0.6613743869644813,0.5681928400598593,0.3570719838112794,0.0,0.7435247802985968,0.7435247802985968
hrl,multi,0,off,0,1670,-2.0549379458767363,200.0,0.7668178677558899,0.7179409861564636,1,0.0,0.7638611290212268,7,0,off,0,0,0.0,0.0,0.0,0.9657776238312316,0.9644097631089089,0.8397734925537161,0.9021716368402182,0.749630562943375,0.5681928400598593,0.3570719838112794,0.0,0.7638611290212268,0.7638611290212268
hrl,multi,0,off,0,1671,-2.0864152317470865,201.0,0.7666718363761902,0.7179409861564636,1,0.0,0.7603791388193898,7,0,off,0,0,0.0,0.0,0.0,0.9657776238312316,0.9644097631089089,0.8397734925537161,0.9021716368402182,0.7535201169726988,0.5681928400598593,0.32880849836909526,0.0,0.7603791388193898,0.7603791388193898
hrl,multi,0,off,0,1672,-2.206579812656854,205.0,0.7685326337814331,0.7179409861564636,1,0.0,0.7493924840219526,7,0,off,0,0,0.0,0.0,0.0,0.9657776238312316,0.9644097631089089,0.823908205701246,0.9021716368402182,0.6628664017003083,0.5459523451961645,0.3806614117755906,0.0,0.7493924840219526,0.7493924840219526
hrl,multi,0,off,0,1673,-2.173308502765139,204.0,0.7707400918006897,0.7179409861564636,1,0.0,0.756492607985545,7,0,off,0,0,0.0,0.0,0.0,0.9657776238312316,0.9589721298278469,0.823908205701246,0.8444159277303409,0.7535201169726988,0.5681928400598593,0.3806614117755906,0.0,0.756492607985545,0.756492607985545
hrl,multi,0,off,0,1674,-3.332523169622279,243.0,0.7963255643844604,0.7179409861564636,1,0.0,0.6190057027371525,7,0,off,0,0,0.0,0.0,0.0,0.9657776238312316,0.9644097631089089,0.4598932663219484,0.24058489708982947,0.7535201169726988,0.5681928400598593,0.3806614117755906,0.0,0.6190057027371525,0.6190057027371525
hrl,multi,0,off,0,1675,-5.666585405080811,300.0,0.7445029616355896,0.39526593685150146,0,0.0,0.22187944515257585,7,0,off,0,0,0.0,0.0,0.0,0.9621549301622716,0.9644097631089089,0.4172639168195035,-2.464462691688921,0.7771077096318034,0.48504419860850023,0.4116382894259643,0.0,0.22187944515257585,0.22187944515257585
hrl,multi,0,off,0,1676,-2.083339721978409,201.0,0.7692004442214966,0.7179409861564636,1,0.0,0.7670098931230231,7,0,off,0,0,0.0,0.0,0.0,0.9657776238312316,0.9589721298278469,0.8397734925537161,0.9021716368402182,0.7535201169726988,0.5681928400598593,0.3806614117755906,0.0,0.7670098931230231,0.7670098931230231
hrl,multi,0,off,0,1677,-2.036426552654011,201.0,0.7677813768386841,0.7179409861564636,1,0.0,0.7585096878837004,7,0,off,0,0,0.0,0.0,0.0,0.9657776238312316,0.9644097631089089,0.8397734925537161,0.8879653177091473,0.70278736614745,0.5681928400598593,0.3806614117755906,0.0,0.7585096878837004,0.7585096878837004
hrl,multi,0,off,0,1678,-2.085833070969675,201.0,0.7715068459510803,0.7179409861564636,1,0.0,0.7662903719630937,7,0,off,0,0,0.0,0.0,0.0,0.9657776238312316,0.9514068204592127,0.8397734925537161,0.9021716368402182,0.749630562943375,0.5681928400598593,0.3870796270540425,0.0,0.7662903719630937,0.7662903719630937
hrl,multi,0,off,0,1679,-2.0826335260597992,201.0,0.7688485383987427,0.7179409861564636,1,0.0,0.7626199147386468,7,0,off,0,0,0.0,0.0,0.0,0.9657776238312316,0.9589721298278469,0.8397734925537161,0.9021716368402182,0.749630562943375,0.5681928400598593,0.3538211171142807,0.0,0.7626199147386468,0.7626199147386468
hrl,multi,0,off,0,1680,-2.1737868475890707,204.0,0.7716850638389587,0.7179409861564636,1,0.0,0.7553705121817677,7,0,off,0,0,0.0,0.0,0.0,0.9657776238312316,0.9589721298278469,0.823908205701246,0.8475080871178825,0.749630562943375,0.5681928400598593,0.37360413579093227,0.0,0.7553705121817677,0.7553705121817677
hrl,multi,0,off,0,1681,-2.231171838591105,206.0,0.7774601578712463,0.7179409861564636,1,0.0,0.7410351890890663,7,0,off,0,0,0.0,0.0,0.0,0.9657776238312316,0.9644097631089089,0.7786135087764616,0.7831283350833709,0.7535201169726988,0.5681928400598593,0.37360413579093227,0.0,0.7410351890890663,0.7410351890890663
hrl,multi,0,off,0,1682,-2.582067217198193,218.0,0.7933071255683899,0.7232506275177002,1,0.0,0.7106796340695636,7,0,off,0,0,0.0,0.0,0.0,0.830844131965277,0.9644097631089089,0.6423926549328485,0.9021716368402182,0.6931422757888999,0.5681928400598593,0.37360413579093227,0.0,0.7106796340695636,0.7106796340695636
hrl,multi,0,off,0,1683,-6.015718694511093,300.0,0.780901312828064,0.43804264068603516,0,0.0,0.2054051321800767,7,0,off,0,0,0.0,0.0,0.0,0.6409571180516168,0.9644097631089089,-0.580308472815028,-1.117946136653725,0.7412318053457296,0.45565228210599745,0.33383956611703713,0.0,0.2054051321800767,0.2054051321800767
hrl,multi,0,off,0,1684,-2.2631876104301734,207.0,0.7761392593383789,0.7179409861564636,1,0.0,0.7503509833910232,7,0,off,0,0,0.0,0.0,0.0,0.9657776238312316,0.9589721298278469,0.7231611244297174,0.9021716368402182,0.7535201169726988,0.5681928400598593,0.3806614117755906,0.0,0.7503509833910232,0.7503509833910232
hrl,multi,0,off,0,1685,-6.774994964152581,300.0,0.6021814942359924,0.20000000298023224,0,0.0,-0.17550257576303294,7,0,off,0,0,0.0,0.0,0.0,0.5488859240341107,0.0,-3.662736083180487,0.837343241356259,0.07,0.5681928400598593,0.40979604738902753,0.0,-0.17550257576303294,-0.17550257576303294
hrl,multi,0,off,0,1686,-2.2968455722473995,208.0,0.7688007354736328,0.7179409861564636,1,0.0,0.7318212091242862,7,0,off,0,0,0.0,0.0,0.0,0.9657776238312316,0.9644097631089089,0.7092708929159047,0.9021716368402182,0.749630562943375,0.4536159935673951,0.37787199066296967,0.0,0.7318212091242862,0.7318212091242862
hrl,multi,0,off,0,1687,-2.2032288902264536,205.0,0.7728936076164246,0.7232506275177002,1,0.0,0.7508956318314847,7,0,off,0,0,0.0,0.0,0.0,0.9561288512108524,0.9644097631089089,0.8131919937684724,0.9021716368402182,0.749630562943375,0.4536159935673951,0.41712062138117023,0.0,0.7508956318314847,0.7508956318314847
hrl,multi,0,off,0,1688,-2.0855950753856445,201.0,0.7690747976303101,0.7179409861564636,1,0.0,0.7654460602638827,7,0,off,0,0,0.0,0.0,0.0,0.9657776238312316,0.9589721298278469,0.8397734925537161,0.9021716368402182,0.749630562943375,0.5681928400598593,0.37360413579093227,0.0,0.7654460602638827,0.7654460602638827
hrl,multi,0,off,0,1689,-2.173179429809096,204.0,0.7703860402107239,0.7179409861564636,1,0.0,0.7558202010886668,7,0,off,0,0,0.0,0.0,0.0,0.9657776238312316,0.9589721298278469,0.823908205701246,0.9021716368402182,0.749630562943375,0.5681928400598593,0.3220884084168897,0.0,0.7558202010886668,0.7558202010886668
hrl,multi,0,off,0,1690,-2.143534299507736,203.0,0.771424412727356,0.7179409861564636,1,0.0,0.7597455870566913,7,0,off,0,0,0.0,0.0,0.0,0.9657776238312316,0.9644097631089089,0.823908205701246,0.872695977961286,0.749630562943375,0.5681928400598593,0.37360413579093227,0.0,0.7597455870566913,0.7597455870566913
hrl,multi,0,off,0,1691,-2.056866901309695,200.0,0.7669467329978943,0.7179409861564636,1,0.0,0.766778515593938,7,0,off,0,0,0.0,0.0,0.0,0.9657776238312316,0.9644097631089089,0.8397734925537161,0.9021716368402182,0.7535201169726988,0.5681928400598593,0.37360413579093227,0.0,0.766778515593938,0.766778515593938
hrl,multi,0,off,0,1692,-2.0789371772506264,201.0,0.7692004442214966,0.7179409861564636,1,0.0,0.7670098931230231,7,0,off,0,0,0.0,0.0,0.0,0.9657776238312316,0.9589721298278469,0.8397734925537161,0.9021716368402182,0.7535201169726988,0.5681928400598593,0.3806614117755906,0.0,0.7670098931230231,0.7670098931230231
hrl,multi,0,off,0,1693,-2.1713353376241824,204.0,0.7669128775596619,0.7179409861564636,1,0.0,0.7510125072592393,7,0,off,0,0,0.0,0.0,0.0,0.9657776238312316,0.9644097631089089,0.8397734925537161,0.9021716368402182,0.7535201169726988,0.5681928400598593,0.2632420774480416,0.0,0.7510125072592393,0.7510125072592393
hrl,multi,0,off,0,1694,-2.2493042068695623,207.0,0.7731313705444336,0.7319686412811279,1,0.0,0.7471313082585704,7,0,off,0,0,0.0,0.0,0.0,0.9553163538872521,0.9589721298278469,0.8397734925537161,0.8879653177091473,0.749630562943375,0.48289305386266135,0.35536824702599396,0.0,0.7471313082585704,0.7471313082585704
hrl,multi,0,off,0,1695,-2.1099900206574236,202.0,0.7688894271850586,0.7179409861564636,1,0.0,0.7621170647418581,7,0,off,0,0,0.0,0.0,0.0,0.9657776238312316,0.9644097631089089,0.823908205701246,0.9021716368402182,0.7296979718759516,0.5681928400598593,0.3806614117755906,0.0,0.7621170647418581,0.7621170647418581
hrl,multi,0,off,0,1696,-2.23181618368951,206.0,0.7675400376319885,0.7179409861564636,1,0.0,0.7396250581655973,7,0,off,0,0,0.0,0.0,0.0,0.9657776238312316,0.9644097631089089,0.8397734925537161,0.9021716368402182,0.7219290352551221,0.4545737073142651,0.32874014825572057,0.0,0.7396250581655973,0.7396250581655973
hrl,multi,0,off,0,1697,-2.1740562920446957,204.0,0.7664203643798828,0.7179409861564636,1,0.0,0.74683549944712,7,0,off,0,0,0.0,0.0,0.0,0.9657776238312316,0.9644097631089089,0.8397734925537161,0.9021716368402182,0.749630562943375,0.5681928400598593,0.2378925767925315,0.0,0.74683549944712,0.74683549944712
hrl,multi,0,off,0,1698,-2.0263922953093423,199.0,0.7659850120544434,0.7179409861564636,1,0.0,0.7673220261628597,7,0,off,0,0,0.0,0.0,0.0,0.9657776238312316,0.9644097631089089,0.8097734925537161,0.9021716368402182,0.7771077096318034,0.5681928400598593,0.38382111711428074,0.0,0.7673220261628597,0.7673220261628597
hrl,multi,0,off,0,1699,-2.0282653742108963,199.0,0.7659271955490112,0.7179409861564636,1,0.0,0.7711563539716181,7,0,off,0,0,0.0,0.0,0.0,0.9657776238312316,0.9644097631089089,0.8397734925537161,0.9021716368402182,0.7771077096318034,0.5681928400598593,0.3806614117755906,0.0,0.7711563539716181,0.7711563539716181
hrl,multi,0,off,0,1700,-2.058927937695989,200.0,0.7672275900840759,0.7179409861564636,1,0.0,0.7644167795968446,7,0,off,0,0,0.0,0.0,0.0,0.9657776238312316,0.9644097631089089,0.8397734925537161,0.9021716368402182,0.7535201169726988,0.5681928400598593,0.3570719838112794,0.0,0.7644167795968446,0.7644167795968446
hrl,multi,0,off,0,1701,-2.0872476860485034,201.0,0.7689626812934875,0.7179409861564636,1,0.0,0.7652571307741102,7,0,off,0,0,0.0,0.0,0.0,0.9657776238312316,0.9644097631089089,0.8397734925537161,0.8879653177091473,0.7535201169726988,0.5681928400598593,0.37716076118320985,0.0,0.7652571307741102,0.7652571307741102
hrl,multi,0,off,0,1702,-2.0238453181448812,199.0,0.767284095287323,0.7179409861564636,1,0.0,0.7719487886793802,7,0,off,0,0,0.0,0.0,0.0,0.9657776238312316,0.9644097631089089,0.8397734925537161,0.9021716368402182,0.7535201169726988,0.5681928400598593,0.40979604738902753,0.0,0.7719487886793802,0.7719487886793802
hrl,multi,0,off,0,1703,-2.639527543319843,220.0,0.7963307499885559,0.7179409861564636,1,0.0,0.71760553838709,7,0,off,0,0,0.0,0.0,0.0,0.9657776238312316,0.6140070110628775,0.8397734925537161,0.9021716368402182,0.7535201169726988,0.5681928400598593,0.37979604738902756,0.0,0.71760553838709,0.71760553838709
hrl,multi,0,off,0,1704,-2.8799222818610586,228.0,0.7986733317375183,0.7179409861564636,1,0.0,0.6858579443043994,7,0,off,0,0,0.0,0.0,0.0,0.9657776238312316,0.4841751620940796,0.8397734925537161,0.9021716368402182,0.749630562943375,0.4796810844791477,0.3797960473890275,0.0,0.6858579443043994,0.6858579443043994
hrl,multi,0,off,0,1705,-5.5217735460882995,300.0,0.792538583278656,0.5704306960105896,0,0.0,0.30151735439641264,7,0,off,0,0,0.0,0.0,0.0,0.9657776238312316,0.9644097631089089,-0.358996568127427,-1.2372029821622332,0.7535201169726988,0.5681928400598593,0.4549206870918501,0.0,0.30151735439641264,0.30151735439641264
hrl,multi,0,off,0,1706,-3.302372073468277,244.0,0.7912472486495972,0.7368783354759216,1,0.0,0.6075310371595484,7,0,off,0,0,0.0,0.0,0.0,0.9621549301622716,0.9589721298278469,-0.09712541725445689,0.8465428895619868,0.6333184759837402,0.5681928400598593,0.3806614117755906,0.0,0.6075310371595484,0.6075310371595484
hrl,multi,0,off,0,1707,-2.054339383053593,200.0,0.7665370106697083,0.7179409861564636,1,0.0,0.7626512825239862,7,0,off,0,0,0.0,0.0,0.0,0.9657776238312316,0.9644097631089089,0.8397734925537161,0.9021716368402182,0.749630562943375,0.5681928400598593,0.34860305833059446,0.0,0.7626512825239862,0.7626512825239862
hrl,multi,0,off,0,1708,-4.290869800877402,275.0,0.801236629486084,0.7179409861564636,1,0.0,0.4827232031262304,7,0,off,0,0,0.0,0.0,0.0,0.9657776238312316,-0.9656899513504423,0.8397734925537161,0.9021716368402182,0.6871024103907005,0.5681928400598593,0.3817343695583295,0.0,0.4827232031262304,0.4827232031262304
hrl,multi,0,off,0,1709,-2.297071061653547,208.0,0.768316924571991,0.7179409861564636,1,0.0,0.735863352706923,7,0,off,0,0,0.0,0.0,0.0,0.9657776238312316,0.9589721298278469,0.8397734925537161,0.9021716368402182,0.5354943340599989,0.5681928400598593,0.3806614117755906,0.0,0.735863352706923,0.735863352706923
hrl,multi,0,off,0,1710,-2.8410890532942585,227.0,0.7998605370521545,0.7368783354759216,1,0.0,0.6893371946513157,7,0,off,0,0,0.0,0.0,0.0,0.9621549301622716,0.38709703200592327,0.8397734925537161,0.9021716368402182,0.749630562943375,0.5681928400598593,0.4163398679938469,0.0,0.6893371946513157,0.6893371946513157
hrl,multi,0,off,0,1711,-5.564772310187552,300.0,0.7638569474220276,0.5189196467399597,0,0.0,0.26234975502194163,7,0,off,0,0,0.0,0.0,0.0,0.9657776238312316,0.9589721298278469,0.7261712296320474,-2.4945217224092575,0.6423094309640999,0.5681928400598593,0.4695467532477635,0.0,0.26234975502194163,0.26234975502194163
hrl,multi,0,off,0,1712,-2.1112409590533923,202.0,0.7684553265571594,0.7179409861564636,1,0.0,0.7603101935839996,7,0,off,0,0,0.0,0.0,0.0,0.9657776238312316,0.9644097631089089,0.793908205701246,0.9021716368402182,0.7541071497556013,0.5681928400598593,0.37360413579093227,0.0,0.7603101935839996,0.7603101935839996
hrl,multi,0,off,0,1713,-2.1762102690304146,206.0,0.7690310478210449,0.7179409861564636,1,0.0,0.7378650724835705,7,0,off,0,0,0.0,0.0,0.0,0.9657776238312316,0.9589721298278469,0.8397734925537161,0.9021716368402182,0.749630562943375,0.37512592559767277,0.37360413579093227,0.0,0.7378650724835705,0.7378650724835705
hrl,multi,0,off,0,1714,-2.084015359049662,201.0,0.7670551538467407,0.7179409861564636,1,0.0,0.7624701835749121,7,0,off,0,0,0.0,0.0,0.0,0.9657776238312316,0.9644097631089089,0.8397734925537161,0.9021716368402182,0.7233617928395188,0.5681928400598593,0.37360413579093227,0.0,0.7624701835749121,0.7624701835749121
hrl,multi,0,off,0,1715,-2.1336565600335584,203.0,0.7700414061546326,0.7232506275177002,1,0.0,0.7553052056251105,7,0,off,0,0,0.0,0.0,0.0,0.9621549301622716,0.9644097631089089,0.8397734925537161,0.9021716368402182,0.7233617928395188,0.5681928400598593,0.3270719838112795,0.0,0.7553052056251105,0.7553052056251105
hrl,multi,0,off,0,1716,-3.0929902871383677,236.0,0.8120060563087463,0.754544198513031,1,0.0,0.6660715121179065,7,0,off,0,0,0.0,0.0,0.0,0.9561288512108524,0.3975992099112276,0.7531611244297174,0.8879653177091473,0.7456321243902595,0.5681928400598593,0.3538211171142807,0.0,0.6660715121179065,0.6660715121179065
hrl,multi,0,off,0,1717,-2.0826836046134116,201.0,0.7695507407188416,0.7179409861564636,1,0.0,0.7637384940014861,7,0,off,0,0,0.0,0.0,0.0,0.9657776238312316,0.9589721298278469,0.8397734925537161,0.9021716368402182,0.7535201169726988,0.5452930462091005,0.3806614117755906,0.0,0.7637384940014861,0.7637384940014861
hrl,multi,0,off,0,1718,-5.527182845242352,300.0,0.7991004586219788,0.5568649768829346,0,0.0,0.3092822566289351,7,0,off,0,0,0.0,0.0,0.0,0.937908446127668,0.8995403411299949,0.34260271496547245,-1.775783732754582,0.7535201169726988,0.5466280997261449,0.4605598102351487,0.0,0.3092822566289351,0.3092822566289351
hrl,multi,0,off,0,1719,-2.107272579913261,202.0,0.7671709060668945,0.7179409861564636,1,0.0,0.7601638555723219,7,0,off,0,0,0.0,0.0,0.0,0.9657776238312316,0.9644097631089089,0.8397734925537161,0.9021716368402182,0.7535201169726988,0.5681928400598593,0.32730151563962023,0.0,0.7601638555723219,0.7601638555723219
hrl,multi,0,off,0,1720,-6.7088405154951625,300.0,0.5880717635154724,0.24205909669399261,0,0.0,-0.22715793694725636,7,0,off,0,0,0.0,0.0,0.0,0.9657776238312316,-4.55964641285055,0.8397734925537161,0.07,0.32308513576403164,0.5681928400598593,0.20271176201091673,0.0,-0.22715793694725636,-0.22715793694725636
hrl,multi,0,off,0,1721,-2.0479270134179397,200.0,0.7666627168655396,0.7179409861564636,1,0.0,0.7677866978774606,7,0,off,0,0,0.0,0.0,0.0,0.9657776238312316,0.9644097631089089,0.8397734925537161,0.9021716368402182,0.7535201169726988,0.5681928400598593,0.3806614117755906,0.0,0.7677866978774606,0.7677866978774606
hrl,multi,0,off,0,1722,-2.1068960308458196,201.0,0.7690747976303101,0.7179409861564636,1,0.0,0.7634862846067093,7,0,off,0,0,0.0,0.0,0.0,0.9657776238312316,0.9589721298278469,0.8397734925537161,0.9021716368402182,0.749630562943375,0.5681928400598593,0.3598857061907182,0.0,0.7634862846067093,0.7634862846067093
hrl,multi,0,off,0,1723,-2.165780794776509,204.0,0.7776078581809998,0.7232506275177002,1,0.0,0.7613452030046775,7,0,off,0,0,0.0,0.0,0.0,0.921417008412383,0.9644097631089089,0.8397734925537161,0.9021716368402182,0.749630562943375,0.5681928400598593,0.38382111711428074,0.0,0.7613452030046775,0.7613452030046775
hrl,multi,0,off,0,1724,-2.1391963022737737,203.0,0.7668880224227905,0.7179409861564636,1,0.0,0.7516741344055273,7,0,off,0,0,0.0,0.0,0.0,0.9657776238312316,0.9644097631089089,0.8097734925537161,0.9021716368402182,0.749630562943375,0.4536159935673951,0.4163398679938469,0.0,0.7516741344055273,0.7516741344055273
hrl,multi,0,off,0,1725,-2.048619364789918,200.0,0.7665593028068542,0.7179409861564636,1,0.0,0.766852830466003,7,0,off,0,0,0.0,0.0,0.0,0.9657776238312316,0.9644097631089089,0.8397734925537161,0.9021716368402182,0.7771077096318034,0.5681928400598593,0.3505367472362857,0.0,0.766852830466003,0.766852830466003
hrl,multi,0,off,0,1726,-2.08834268964245,201.0,0.7666627168655396,0.7179409861564636,1,0.0,0.7635009835917462,7,0,off,0,0,0.0,0.0,0.0,0.9657776238312316,0.9644097631089089,0.8397734925537161,0.9021716368402182,0.7535201169726988,0.5681928400598593,0.35066141177559057,0.0,0.7635009835917462,0.7635009835917462
hrl,multi,0,off,0,1727,-7.562335563401911,300.0,0.48482125997543335,0.2244904488325119,0,0.0,-0.5694155780823736,7,0,off,0,0,0.0,0.0,0.0,-6.077554616396581,0.9644097631089089,0.14,0.4972358067110569,0.21000000000000002,0.21000000000000002,0.07,0.0,-0.5694155780823736,-0.5694155780823736
hrl,multi,0,off,0,1728,-2.248559284375513,207.0,0.774986743927002,0.7410153746604919,1,0.0,0.7492345357085496,7,0,off,0,0,0.0,0.0,0.0,0.9561288512108524,0.9589721298278469,0.8397734925537161,0.9021716368402182,0.7535201169726988,0.5681928400598593,0.2658826824946541,0.0,0.7492345357085496,0.7492345357085496
hrl,multi,0,off,0,1729,-2.113859269357053,202.0,0.7683755159378052,0.7179409861564636,1,0.0,0.7615973227541032,7,0,off,0,0,0.0,0.0,0.0,0.9657776238312316,0.9589721298278469,0.8397734925537161,0.9021716368402182,0.7456321243902595,0.5681928400598593,0.3506614117755906,0.0,0.7615973227541032,0.7615973227541032
hrl,multi,0,off,0,1730,-2.085068814946568,201.0,0.7661217451095581,0.7179409861564636,1,0.0,0.761365945225018,7,0,off,0,0,0.0,0.0,0.0,0.9657776238312316,0.9644097631089089,0.8397734925537161,0.9021716368402182,0.7456321243902595,0.5681928400598593,0.3436041357909323,0.0,0.761365945225018,0.761365945225018
hrl,multi,0,off,0,1731,-2.055672281736042,200.0,0.7679463028907776,0.7179409861564636,1,0.0,0.7681186975265142,7,0,off,0,0,0.0,0.0,0.0,0.9657776238312316,0.9644097631089089,0.8397734925537161,0.8879653177091473,0.7771077096318034,0.5681928400598593,0.37360413579093227,0.0,0.7681186975265142,0.7681186975265142
hrl,multi,0,off,0,1732,-2.2336959975375756,206.0,0.7674828767776489,0.7179409861564636,1,0.0,0.7423235124149643,7,0,off,0,0,0.0,0.0,0.0,0.9657776238312316,0.9644097631089089,0.8397734925537161,0.9021716368402182,0.5696261441666715,0.5681928400598593,0.3863130863441441,0.0,0.7423235124149643,0.7423235124149643
hrl,multi,0,off,0,1733,-2.2948681660089623,208.0,0.7707634568214417,0.7179409861564636,1,0.0,0.7377968843479946,7,0,off,0,0,0.0,0.0,0.0,0.9657776238312316,0.9589721298278469,0.8397734925537161,0.9021716368402182,0.7334175575963473,0.5018457782431058,0.2626199715434976,0.0,0.7377968843479946,0.7377968843479946
hrl,multi,0,off,0,1734,-2.0859572520083747,201.0,0.7677615284919739,0.7179409861564636,1,0.0,0.7650437975906196,7,0,off,0,0,0.0,0.0,0.0,0.9657776238312316,0.9644097631089089,0.823908205701246,0.9021716368402182,0.7501851018172827,0.5681928400598593,0.3806614117755906,0.0,0.7650437975906196,0.7650437975906196
hrl,multi,0,off,0,1735,-2.086138468289281,201.0,0.7673462629318237,0.7179409861564636,1,0.0,0.7644183381161609,7,0,off,0,0,0.0,0.0,0.0,0.9657776238312316,0.9644097631089089,0.823908205701246,0.9021716368402182,0.7458068854960711,0.5681928400598593,0.3806614117755906,0.0,0.7644183381161609,0.7644183381161609
hrl,multi,0,off,0,1736,-2.0859472729742987,201.0,0.7673808336257935,0.7179409861564636,1,0.0,0.7644085001644697,7,0,off,0,0,0.0,0.0,0.0,0.9657776238312316,0.9644097631089089,0.8397734925537161,0.9021716368402182,0.7298727329817633,0.5681928400598593,0.3806614117755906,0.0,0.7644085001644697,0.7644085001644697
hrl,multi,0,off,0,1737,-2.20474785706028,205.0,0.7691940665245056,0.7179409861564636,1,0.0,0.7500040404763544,7,0,off,0,0,0.0,0.0,0.0,0.9657776238312316,0.9589721298278469,0.8397734925537161,0.9021716368402182,0.7541071497556013,0.5681928400598593,0.26103341046600825,0.0,0.7500040404763544,0.7500040404763544
hrl,multi,0,off,0,1738,-2.175377391773507,205.0,0.7693179845809937,0.7179409861564636,1,0.0,0.7487361490953044,7,0,off,0,0,0.0,0.0,0.0,0.9657776238312316,0.9644097631089089,0.8397734925537161,0.9021716368402182,0.7334175575963473,0.5466280997261449,0.2889748700105643,0.0,0.7487361490953044,0.7487361490953044
hrl,multi,0,off,0,1739,-2.0556921737676017,200.0,0.7662529349327087,0.7179409861564636,1,0.0,0.7672310473018428,7,0,off,0,0,0.0,0.0,0.0,0.9657776238312316,0.9644097631089089,0.8397734925537161,0.9021716368402182,0.749630562943375,0.5681928400598593,0.3806614117755906,0.0,0.7672310473018428,0.7672310473018428
hrl,multi,0,off,0,1740,-2.291200922369022,208.0,0.7765768766403198,0.7179409861564636,1,0.0,0.7414377326795052,7,0,off,0,0,0.0,0.0,0.0,0.9657776238312316,0.9589721298278469,0.7338840672063799,0.9021716368402182,0.7093393713680192,0.5392578879072514,0.3806614117755906,0.0,0.7414377326795052,0.7414377326795052
hrl,multi,0,off,0,1741,-2.266167754300401,209.0,0.7724542617797852,0.7232506275177002,1,0.0,0.7339606822333807,7,0,off,0,0,0.0,0.0,0.0,0.9621549301622716,0.9644097631089089,0.7797734925537162,0.7329017750299439,0.749630562943375,0.5681928400598593,0.3806614117755906,0.0,0.7339606822333807,0.7339606822333807
hrl,multi,0,off,0,1742,-1.9952167667425238,198.0,0.7665486335754395,0.7179409861564636,1,0.0,0.7753184447735377,7,0,off,0,0,0.0,0.0,0.0,0.9657776238312316,0.9644097631089089,0.8397734925537161,0.9021716368402182,0.7771077096318034,0.5681928400598593,0.40979604738902753,0.0,0.7753184447735377,0.7753184447735377
hrl,multi,0,off,0,1743,-2.1129865529329974,202.0,0.7685548663139343,0.7179409861564636,1,0.0,0.7608552016798349,7,0,off,0,0,0.0,0.0,0.0,0.9657776238312316,0.9644097631089089,0.8397734925537161,0.8879653177091473,0.6900713271069533,0.5681928400598593,0.40979604738902753,0.0,0.7608552016798349,0.7608552016798349
hrl,multi,0,off,0,1744,-2.029168832853901,199.0,0.7659531831741333,0.7179409861564636,1,0.0,0.7674710498254343,7,0,off,0,0,0.0,0.0,0.0,0.9657776238312316,0.9644097631089089,0.8397734925537161,0.9021716368402182,0.7456321243902595,0.5681928400598593,0.3863398679938469,0.0,0.7674710498254343,0.7674710498254343
hrl,multi,0,off,0,1745,-2.0817444883531406,201.0,0.7692456245422363,0.7179409861564636,1,0.0,0.7636008032922424,7,0,off,0,0,0.0,0.0,0.0,0.9657776238312316,0.9589721298278469,0.8397734925537161,0.9021716368402182,0.7501851018172827,0.5681928400598593,0.360132798115542,0.0,0.7636008032922424,0.7636008032922424
hrl,multi,0,off,0,1746,-2.2036536391824453,205.0,0.7736548185348511,0.7179409861564636,1,0.0,0.7554974061288648,7,0,off,0,0,0.0,0.0,0.0,0.9657776238312316,0.9644097631089089,0.771844323473942,0.8879653177091473,0.749630562943375,0.5681928400598593,0.3806614117755906,0.0,0.7554974061288648,0.7554974061288648
hrl,multi,0,off,0,1747,-2.3337993262615004,209.0,0.7746506929397583,0.7179409861564636,1,0.0,0.7400086143690101,7,0,off,0,0,0.0,0.0,0.0,0.9657776238312316,0.9589721298278469,0.771844323473942,0.9021716368402182,0.7535201169726988,0.44711305786154243,0.3806614117755906,0.0,0.7400086143690101,0.7400086143690101
hrl,multi,0,off,0,1748,-2.3488588645763175,210.0,0.7707425951957703,0.7179409861564636,1,0.0,0.7291573642839764,7,0,off,0,0,0.0,0.0,0.0,0.9657776238312316,0.9644097631089089,0.7898932663219487,0.9021716368402182,0.5400522840347364,0.5681928400598593,0.37360413579093227,0.0,0.7291573642839764,0.7291573642839764
hrl,multi,0,off,0,1749,-2.198955725936681,205.0,0.7693061828613281,0.7179409861564636,1,0.0,0.7463410625889864,7,0,off,0,0,0.0,0.0,0.0,0.9657776238312316,0.9589721298278469,0.8397734925537161,0.9021716368402182,0.7541071497556013,0.5681928400598593,0.23539256525443172,0.0,0.7463410625889864,0.7463410625889864
hrl,multi,0,off,0,1750,-2.076963287278776,201.0,0.7688217759132385,0.7232506275177002,1,0.0,0.7652364872252199,7,0,off,0,0,0.0,0.0,0.0,0.9553163538872521,0.9644097631089089,0.8397734925537161,0.9021716368402182,0.749630562943375,0.5681928400598593,0.37716076118320985,0.0,0.7652364872252199,0.7652364872252199
hrl,multi,0,off,0,1751,-2.108235685587859,202.0,0.771103024482727,0.7232506275177002,1,0.0,0.7652396960488845,7,0,off,0,0,0.0,0.0,0.0,0.9621549301622716,0.9644097631089089,0.8397734925537161,0.8879653177091473,0.7535201169726988,0.5681928400598593,0.3806614117755906,0.0,0.7652396960488845,0.7652396960488845
hrl,multi,0,off,0,1752,-2.1705042344389933,204.0,0.7715911865234375,0.7232506275177002,1,0.0,0.7538289597871694,7,0,off,0,0,0.0,0.0,0.0,0.9561288512108524,0.9644097631089089,0.8397734925537161,0.9021716368402182,0.688364516811799,0.5452930462091005,0.3806614117755906,0.0,0.7538289597871694,0.7538289597871694
hrl,multi,0,off,0,1753,-2.1115260505431794,202.0,0.7700861692428589,0.7232506275177002,1,0.0,0.7638660066252168,7,0,off,0,0,0.0,0.0,0.0,0.9621549301622716,0.9644097631089089,0.8397734925537161,0.9021716368402182,0.7296979718759516,0.5681928400598593,0.3806614117755906,0.0,0.7638660066252168,0.7638660066252168
hrl,multi,0,off,0,1754,-2.231429914101025,206.0,0.770085871219635,0.7179409861564636,1,0.0,0.7467306472855727,7,0,off,0,0,0.0,0.0,0.0,0.9657776238312316,0.9589721298278469,0.8397734925537161,0.9021716368402182,0.7296979718759516,0.5681928400598593,0.26252883601018484,0.0,0.7467306472855727,0.7467306472855727
hrl,multi,0,off,0,1755,-2.2040183837525533,205.0,0.7673548460006714,0.7179409861564636,1,0.0,0.7472628954978621,7,0,off,0,0,0.0,0.0,0.0,0.9657776238312316,0.9644097631089089,0.8397734925537161,0.9021716368402182,0.7535201169726988,0.5681928400598593,0.23699479511840146,0.0,0.7472628954978621,0.7472628954978621
hrl,multi,0,off,0,1756,-2.172315072965574,204.0,0.7652924656867981,0.7179409861564636,1,0.0,0.7467786586763732,7,0,off,0,0,0.0,0.0,0.0,0.9657776238312316,0.9644097631089089,0.7851947606901762,0.9021716368402182,0.6910425744286287,0.5681928400598593,0.3506614117755906,0.0,0.7467786586763732,0.7467786586763732
hrl,multi,0,off,0,1757,-2.0090161589847404,200.0,0.7666482329368591,0.7179409861564636,1,0.0,0.765048192495653,7,0,off,0,0,0.0,0.0,0.0,0.9657776238312316,0.9644097631089089,0.8397734925537161,0.8465428895619868,0.7535201169726988,0.5681928400598593,0.41712062138117023,0.0,0.765048192495653,0.765048192495653
hrl,multi,0,off,0,1758,-2.139071473529329,203.0,0.769250214099884,0.7179409861564636,1,0.0,0.757387650386926,7,0,off,0,0,0.0,0.0,0.0,0.9657776238312316,0.9524129432859575,0.8397734925537161,0.9021716368402182,0.7535201169726988,0.5681928400598593,0.31986489916480126,0.0,0.757387650386926,0.757387650386926
hrl,multi,0,off,0,1759,-2.1386849213717496,203.0,0.7711606621742249,0.7232506275177002,1,0.0,0.7597088040908765,7,0,off,0,0,0.0,0.0,0.0,0.9621549301622716,0.9644097631089089,0.823908205701246,0.9021716368402182,0.7535201169726988,0.5381928400598592,0.37360413579093227,0.0,0.7597088040908765,0.7597088040908765
hrl,multi,0,off,0,1760,-2.0228230336436535,199.0,0.7670038938522339,0.7179409861564636,1,0.0,0.7687035857743822,7,0,off,0,0,0.0,0.0,0.0,0.9657776238312316,0.9644097631089089,0.8397734925537161,0.9021716368402182,0.7535201169726988,0.5681928400598593,0.3870796270540425,0.0,0.7687035857743822,0.7687035857743822
hrl,multi,0,off,0,1761,-2.2628728018049116,207.0,0.767175555229187,0.7179409861564636,1,0.0,0.7385587040786,7,0,off,0,0,0.0,0.0,0.0,0.9657776238312316,0.9644097631089089,0.8397734925537161,0.9021716368402182,0.6644924963930581,0.45262450404747656,0.3806614117755906,0.0,0.7385587040786,0.7385587040786
hrl,multi,0,off,0,1762,-2.1422201295476384,203.0,0.7692841291427612,0.7179409861564636,1,0.0,0.7583627198447717,7,0,off,0,0,0.0,0.0,0.0,0.9657776238312316,0.9644097631089089,0.823908205701246,0.9021716368402182,0.7334175575963473,0.5681928400598593,0.3506614117755906,0.0,0.7583627198447717,0.7583627198447717
hrl,multi,0,off,0,1763,-2.085552715488009,201.0,0.7687907814979553,0.7179409861564636,1,0.0,0.7664542425474054,7,0,off,0,0,0.0,0.0,0.0,0.9657776238312316,0.9589721298278469,0.8397734925537161,0.9021716368402182,0.749630562943375,0.5681928400598593,0.3806614117755906,0.0,0.7664542425474054,0.7664542425474054
hrl,multi,0,off,0,1764,-2.3805519163212683,211.0,0.7710834741592407,0.725641667842865,1,0.0,0.7222492288179024,7,0,off,0,0,0.0,0.0,0.0,0.9621549301622716,0.9109193423987472,0.8397734925537161,0.8879653177091473,0.6214857193899752,0.5681928400598593,0.26525295945160077,0.0,0.7222492288179024,0.7222492288179024
hrl,multi,0,off,0,1765,-2.0565101067710203,200.0,0.7662529349327087,0.7179409861564636,1,0.0,0.7672310473018428,7,0,off,0,0,0.0,0.0,0.0,0.9657776238312316,0.9644097631089089,0.8397734925537161,0.9021716368402182,0.749630562943375,0.5681928400598593,0.3806614117755906,0.0,0.7672310473018428,0.7672310473018428
hrl,multi,0,off,0,1766,-2.0560264993342567,200.0,0.7662529349327087,0.7179409861564636,1,0.0,0.7672310473018428,7,0,off,0,0,0.0,0.0,0.0,0.9657776238312316,0.9644097631089089,0.8397734925537161,0.9021716368402182,0.749630562943375,0.5681928400598593,0.3806614117755906,0.0,0.7672310473018428,0.7672310473018428
hrl,multi,0,off,0,1767,-2.0815833495242986,201.0,0.7677615284919739,0.7179409861564636,1,0.0,0.7649645777514901,7,0,off,0,0,0.0,0.0,0.0,0.9657776238312316,0.9644097631089089,0.823908205701246,0.9021716368402182,0.749630562943375,0.5681928400598593,0.3806614117755906,0.0,0.7649645777514901,0.7649645777514901
hrl,multi,0,off,0,1768,-2.1079777530941644,202.0,0.7689583897590637,0.7232506275177002,1,0.0,0.7624278053491341,7,0,off,0,0,0.0,0.0,0.0,0.9621549301622716,0.9644097631089089,0.8097734925537161,0.9021716368402182,0.749630562943375,0.5681928400598593,0.3806614117755906,0.0,0.7624278053491341,0.7624278053491341
hrl,multi,0,off,0,1769,-2.140562405050729,203.0,0.7687281370162964,0.7179409861564636,1,0.0,0.7575981862752451,7,0,off,0,0,0.0,0.0,0.0,0.9657776238312316,0.9644097631089089,0.823908205701246,0.9021716368402182,0.749630562943375,0.5466280997261449,0.3506614117755906,0.0,0.7575981862752451,0.7575981862752451
hrl,multi,0,off,0,1770,-2.081654419361148,201.0,0.7679880857467651,0.7179409861564636,1,0.0,0.7652015731402614,7,0,off,0,0,0.0,0.0,0.0,0.9657776238312316,0.9644097631089089,0.8397734925537161,0.8879653177091473,0.749630562943375,0.5681928400598593,0.3806614117755906,0.0,0.7652015731402614,0.7652015731402614
hrl,multi,0,off,0,1771,-2.1453880723833554,203.0,0.7670767903327942,0.7179409861564636,1,0.0,0.7555534341578983,7,0,off,0,0,0.0,0.0,0.0,0.9657776238312316,0.9644097631089089,0.7722365196771763,0.8879653177091473,0.749630562943375,0.5681928400598593,0.3806614117755906,0.0,0.7555534341578983,0.7555534341578983
hrl,multi,0,off,0,1772,-2.115342587520134,202.0,0.7683977484703064,0.7179409861564636,1,0.0,0.7614715094301646,7,0,off,0,0,0.0,0.0,0.0,0.9657776238312316,0.9644097631089089,0.8397734925537161,0.8879653177091473,0.7535201169726988,0.5681928400598593,0.35066141177559057,0.0,0.7614715094301646,0.7614715094301646
hrl,multi,0,off,0,1773,-2.0861839582165698,201.0,0.7672195434570312,0.7179409861564636,1,0.0,0.7641503701113121,7,0,off,0,0,0.0,0.0,0.0,0.9657776238312316,0.9644097631089089,0.8397734925537161,0.9021716368402182,0.749630562943375,0.5466280997261449,0.3806614117755906,0.0,0.7641503701113121,0.7641503701113121
hrl,multi,0,off,0,1774,-2.144134119441731,203.0,0.7678775787353516,0.7179409861564636,1,0.0,0.7566620355539563,7,0,off,0,0,0.0,0.0,0.0,0.9657776238312316,0.9644097631089089,0.8397734925537161,0.9021716368402182,0.7334175575963473,0.5104227631716813,0.3806614117755906,0.0,0.7566620355539563,0.7566620355539563
hrl,multi,0,off,0,1775,-2.2044279023539253,205.0,0.7677335739135742,0.7179409861564636,1,0.0,0.7480431262639237,7,0,off,0,0,0.0,0.0,0.0,0.9657776238312316,0.9644097631089089,0.7857976239816624,0.9021716368402182,0.7535201169726988,0.5681928400598593,0.29643227905288666,0.0,0.7480431262639237,0.7480431262639237
hrl,multi,0,off,0,1776,-2.0807605117978514,201.0,0.769368052482605,0.7232506275177002,1,0.0,0.7672691702104661,7,0,off,0,0,0.0,0.0,0.0,0.9621549301622716,0.9644097631089089,0.8397734925537161,0.9021716368402182,0.7535201169726988,0.5681928400598593,0.3806614117755906,0.0,0.7672691702104661,0.7672691702104661
hrl,multi,0,off,0,1777,-4.2525828073717955,275.0,0.8323283791542053,0.7689886689186096,1,0.0,0.5267874381161739,7,0,off,0,0,0.0,0.0,0.0,0.5562033120518146,0.9419407055628234,-0.3772899638673486,0.9021716368402182,0.7456321243902595,0.5681928400598593,0.3506614117755906,0.0,0.5267874381161739,0.5267874381161739
hrl,multi,0,off,0,1778,-2.133349645967824,203.0,0.7727469205856323,0.7232506275177002,1,0.0,0.7630583617991903,7,0,off,0,0,0.0,0.0,0.0,0.9621549301622716,0.9644097631089089,0.8397734925537161,0.872695977961286,0.7535201169726988,0.5681928400598593,0.3806614117755906,0.0,0.7630583617991903,0.7630583617991903
hrl,multi,0,off,0,1779,-2.194694869423981,205.0,0.7710005640983582,0.7232506275177002,1,0.0,0.7487058110062026,7,0,off,0,0,0.0,0.0,0.0,0.9621549301622716,0.9644097631089089,0.8397734925537161,0.7990174702904549,0.749630562943375,0.5452930462091005,0.3806614117755906,0.0,0.7487058110062026,0.7487058110062026
hrl,multi,0,off,0,1780,-2.0564498368999913,200.0,0.7662529349327087,0.7179409861564636,1,0.0,0.7672310473018428,7,0,off,0,0,0.0,0.0,0.0,0.9657776238312316,0.9644097631089089,0.8397734925537161,0.9021716368402182,0.749630562943375,0.5681928400598593,0.3806614117755906,0.0,0.7672310473018428,0.7672310473018428
hrl,multi,0,off,0,1781,-2.1930916954588593,205.0,0.7718984484672546,0.7368783354759216,1,0.0,0.7536476974586453,7,0,off,0,0,0.0,0.0,0.0,0.9621549301622716,0.9589721298278469,0.8397734925537161,0.9021716368402182,0.749630562943375,0.5681928400598593,0.2946382898232297,0.0,0.7536476974586453,0.7536476974586453
hrl,multi,0,off,0,1782,-2.079461033043915,201.0,0.7689583897590637,0.7232506275177002,1,0.0,0.7667135196348486,7,0,off,0,0,0.0,0.0,0.0,0.9621549301622716,0.9644097631089089,0.8397734925537161,0.9021716368402182,0.749630562943375,0.5681928400598593,0.3806614117755906,0.0,0.7667135196348486,0.7667135196348486
hrl,multi,0,off,0,1783,-2.0818750229035468,201.0,0.7673462629318237,0.7179409861564636,1,0.0,0.7643933722439019,7,0,off,0,0,0.0,0.0,0.0,0.9657776238312316,0.9644097631089089,0.823908205701246,0.9021716368402182,0.7456321243902595,0.5681928400598593,0.3806614117755906,0.0,0.7643933722439019,0.7643933722439019
hrl,multi,0,off,0,1784,-4.19506080218867,272.0,0.8064751029014587,0.7232506275177002,1,0.0,0.5066695816646823,7,0,off,0,0,0.0,0.0,0.0,-0.7819396302818638,0.9644097631089089,0.8397734925537161,0.9021716368402182,0.6734175575963472,0.5681928400598593,0.3806614117755906,0.0,0.5066695816646823,0.5066695816646823
hrl,multi,0,off,0,1785,-5.527586712531049,300.0,0.7769456505775452,0.5704306960105896,0,0.0,0.28559153530946413,7,0,off,0,0,0.0,0.0,0.0,-2.3109877777838332,0.9525037939519652,0.6827090040628144,0.9021716368402182,0.749630562943375,0.5681928400598593,0.4549206870918501,0.0,0.28559153530946413,0.28559153530946413
hrl,multi,0,off,0,1786,-2.8496826234296804,227.0,0.7979779243469238,0.7232506275177002,1,0.0,0.6906681269107822,7,0,off,0,0,0.0,0.0,0.0,0.5714285716357215,0.9644097631089089,0.8397734925537161,0.9021716368402182,0.7535201169726988,0.5681928400598593,0.23518046720435193,0.0,0.6906681269107822,0.6906681269107822
hrl,multi,0,off,0,1787,-2.055380199389763,200.0,0.7669467329978943,0.7179409861564636,1,0.0,0.7668623774200667,7,0,off,0,0,0.0,0.0,0.0,0.9657776238312316,0.9644097631089089,0.8397734925537161,0.9021716368402182,0.7541071497556013,0.5681928400598593,0.37360413579093227,0.0,0.7668623774200667,0.7668623774200667
hrl,multi,0,off,0,1788,-2.1718064823059797,204.0,0.7686917185783386,0.7232506275177002,1,0.0,0.7478089264284346,7,0,off,0,0,0.0,0.0,0.0,0.9621549301622716,0.9644097631089089,0.7639652087755362,0.9021716368402182,0.7541071497556013,0.5071923845809152,0.3806614117755906,0.0,0.7478089264284346,0.7478089264284346
hrl,multi,0,off,0,1789,-2.746376355899257,224.0,0.7986994981765747,0.7470993995666504,1,0.0,0.7059773025853382,7,0,off,0,0,0.0,0.0,0.0,0.6501494817104584,0.9419407055628234,0.8397734925537161,0.9021716368402182,0.6589515495947016,0.5681928400598593,0.3806614117755906,0.0,0.7059773025853382,0.7059773025853382
hrl,multi,0,off,0,1790,-5.452846794418297,300.0,0.8172311186790466,0.6779530644416809,0,0.0,0.3431219409584222,7,0,off,0,0,0.0,0.0,0.0,0.6444011243459118,0.9514068204592127,-1.011982897993871,0.8025828305496948,0.7296979718759516,0.41893675124051555,-0.13318901376846032,0.0,0.3431219409584222,0.3431219409584222
hrl,multi,0,off,0,1791,-2.1407618422503565,203.0,0.7676206827163696,0.7232506275177002,1,0.0,0.7568362537729731,7,0,off,0,0,0.0,0.0,0.0,0.8933347325835324,0.9644097631089089,0.8397734925537161,0.9021716368402182,0.7456321243902595,0.5681928400598593,0.3843391868743182,0.0,0.7568362537729731,0.7568362537729731
hrl,multi,0,off,0,1792,-2.2615292808646315,207.0,0.7700429558753967,0.7232506275177002,1,0.0,0.7425605584292202,7,0,off,0,0,0.0,0.0,0.0,0.9621549301622716,0.9644097631089089,0.8397734925537161,0.9021716368402182,0.7235201169726988,0.5681928400598593,0.23770112930686757,0.0,0.7425605584292202,0.7425605584292202
hrl,multi,0,off,0,1793,-2.0847258747916197,201.0,0.7681713104248047,0.7179409861564636,1,0.0,0.7655202283271076,7,0,off,0,0,0.0,0.0,0.0,0.9657776238312316,0.9644097631089089,0.823908205701246,0.9021716368402182,0.7535201169726988,0.5681928400598593,0.3806614117755906,0.0,0.7655202283271076,0.7655202283271076
hrl,multi,0,off,0,1794,-2.4336536657158225,213.0,0.7878119349479675,0.7232506275177002,1,0.0,0.7353673638075099,7,0,off,0,0,0.0,0.0,0.0,0.7681544865332317,0.9644097631089089,0.8397734925537161,0.9021716368402182,0.7471077096318035,0.5452930462091005,0.3806614117755906,0.0,0.7353673638075099,0.7353673638075099
hrl,multi,0,off,0,1795,-2.697568143301169,222.0,0.7979201078414917,0.7232506275177002,1,0.0,0.7120665445898918,7,0,off,0,0,0.0,0.0,0.0,0.5663552772902175,0.9644097631089089,0.8397734925537161,0.8879653177091473,0.7771077096318034,0.5681928400598593,0.3806614117755906,0.0,0.7120665445898918,0.7120665445898918
hrl,multi,0,off,0,1796,-4.482271765819459,282.0,0.83423912525177,0.7232506275177002,1,0.0,0.4979592754314644,7,0,off,0,0,0.0,0.0,0.0,0.5549908668889109,0.9644097631089089,0.7338840672063799,-0.40894368251315394,0.7535201169726988,0.5071923845809152,0.3806614117755906,0.0,0.4979592754314644,0.4979592754314644
hrl,multi,0,off,0,1797,-5.91483523731004,300.0,0.7535915970802307,0.5110580325126648,0,0.0,0.17242642244920306,7,0,off,0,0,0.0,0.0,0.0,0.9657776238312316,-0.1441271442941722,0.823908205701246,-2.075572018085744,0.6766855691817207,0.49284939664149785,0.46746332416864134,0.0,0.17242642244920306,0.17242642244920306
hrl,multi,0,off,0,1798,-5.462489126875879,300.0,0.7868348956108093,0.6948580145835876,0,0.0,0.30338772828307725,7,0,off,0,0,0.0,0.0,0.0,0.9657776238312316,-2.1962580067712794,0.8397734925537161,0.9021716368402182,0.7199962735307072,0.5681928400598593,0.3240602379370875,0.0,0.30338772828307725,0.30338772828307725
hrl,multi,0,off,0,1799,-2.088802055305568,201.0,0.7677755355834961,0.7179409861564636,1,0.0,0.7649149036808387,7,0,off,0,0,0.0,0.0,0.0,0.9657776238312316,0.9644097631089089,0.8397734925537161,0.9021716368402182,0.7334175575963473,0.5681928400598593,0.3806614117755906,0.0,0.7649149036808387,0.7649149036808387
hrl,multi,0,off,0,1800,-5.929213580739456,300.0,0.8036841154098511,0.5520837306976318,0,0.0,0.24814152771068615,7,0,off,0,0,0.0,0.0,0.0,0.2479307251182363,0.9644097631089089,-0.2007651628128717,-0.8515109265217409,0.7535201169726988,0.4266704525095957,0.3967357255999759,0.0,0.24814152771068615,0.24814152771068615
hrl,multi,0,off,0,1801,-5.425406861921606,300.0,0.8283074498176575,0.7232506275177002,0,0.0,0.351245796880185,7,0,off,0,0,0.0,0.0,0.0,-1.102220594370108,0.9644097631089089,0.823908205701246,0.40676986902861245,0.7771077096318034,0.2080842132852414,0.3806614117755906,0.0,0.351245796880185,0.351245796880185
hrl,multi,0,off,0,1802,-3.413610571199084,246.0,0.8171035051345825,0.7232506275177002,1,0.0,0.6318987519949831,7,0,off,0,0,0.0,0.0,0.0,0.7576767330042078,0.9644097631089089,0.8397734925537161,0.1590569064899002,0.7535201169726988,0.5681928400598593,0.3806614117755906,0.0,0.6318987519949831,0.6318987519949831
hrl,multi,0,off,0,1803,-4.386840953301288,279.0,0.8439144492149353,0.7232506275177002,1,0.0,0.5234144027807826,7,0,off,0,0,0.0,0.0,0.0,0.17286267007304507,0.9644097631089089,0.7531611244297174,0.6308829337011687,0.15727086671160895,0.5681928400598593,0.41712062138117023,0.0,0.5234144027807826,0.5234144027807826
hrl,multi,0,off,0,1804,-2.112351046755209,202.0,0.7686818242073059,0.7179409861564636,1,0.0,0.76199690587284,7,0,off,0,0,0.0,0.0,0.0,0.9657776238312316,0.9644097631089089,0.8397734925537161,0.8879653177091473,0.7535201169726988,0.5681928400598593,0.3543391868743181,0.0,0.76199690587284,0.76199690587284
hrl,multi,0,off,0,1805,-2.1946000508032713,205.0,0.7715427279472351,0.7232506275177002,1,0.0,0.7517074363860069,7,0,off,0,0,0.0,0.0,0.0,0.9621549301622716,0.9644097631089089,0.8397734925537161,0.8879653177091473,0.7535201169726988,0.48052429840437316,0.37360413579093227,0.0,0.7517074363860069,0.7517074363860069
hrl,multi,0,off,0,1806,-2.1703268047992568,204.0,0.7669910788536072,0.7179409861564636,1,0.0,0.7512047192766653,7,0,off,0,0,0.0,0.0,0.0,0.9657776238312316,0.9644097631089089,0.8097734925537161,0.8662003460110039,0.7034175575963473,0.5681928400598593,0.3806614117755906,0.0,0.7512047192766653,0.7512047192766653
hrl,multi,0,off,0,1807,-2.109395118601384,202.0,0.7685835957527161,0.7232506275177002,1,0.0,0.7621304143777212,7,0,off,0,0,0.0,0.0,0.0,0.9621549301622716,0.9644097631089089,0.8397734925537161,0.8662003460110039,0.7535201169726988,0.5681928400598593,0.3806614117755906,0.0,0.7621304143777212,0.7621304143777212
hrl,multi,0,off,0,1808,-2.0264881224068816,199.0,0.7659271955490112,0.7179409861564636,1,0.0,0.7711563539716181,7,0,off,0,0,0.0,0.0,0.0,0.9657776238312316,0.9644097631089089,0.8397734925537161,0.9021716368402182,0.7771077096318034,0.5681928400598593,0.3806614117755906,0.0,0.7711563539716181,0.7711563539716181
hrl,multi,0,off,0,1809,-2.0861824616976077,201.0,0.7665351033210754,0.7179409861564636,1,0.0,0.7639196530384035,7,0,off,0,0,0.0,0.0,0.0,0.9657776238312316,0.9137528565764061,0.8397734925537161,0.9021716368402182,0.7771077096318034,0.5681928400598593,0.3806614117755906,0.0,0.7639196530384035,0.7639196530384035
hrl,multi,0,off,0,1810,-5.492365721631363,300.0,0.8189104199409485,0.6031848788261414,0,0.0,0.3367158570470158,7,0,off,0,0,0.0,0.0,0.0,0.9561288512108524,-0.4340472772874181,0.8397734925537161,0.5589702093146469,0.7443932370543527,0.48092713837159706,-0.7891346518886365,0.0,0.3367158570470158,0.3367158570470158
hrl,multi,0,off,0,1811,-5.547956632988649,300.0,0.8194717168807983,0.5110580325126648,0,0.0,0.3310728907496842,7,0,off,0,0,0.0,0.0,0.0,0.9561288512108524,0.2128344493967993,-0.08630613685033905,0.136204182301188,0.3381492619040437,0.49284939664149785,0.2676502306437475,0.0,0.3310728907496842,0.3310728907496842
hrl,multi,0,off,0,1812,-2.171829519995951,204.0,0.7702301740646362,0.7232506275177002,1,0.0,0.755798954861101,7,0,off,0,0,0.0,0.0,0.0,0.9621549301622716,0.9644097631089089,0.8397734925537161,0.8879653177091473,0.7777207827028383,0.4779069860152345,0.3806614117755906,0.0,0.755798954861101,0.755798954861101
hrl,multi,0,off,0,1813,-2.20386361153214,205.0,0.7697569131851196,0.7179409861564636,1,0.0,0.7506685809331327,7,0,off,0,0,0.0,0.0,0.0,0.9657776238312316,0.9644097631089089,0.823908205701246,0.9021716368402182,0.7334175575963473,0.5681928400598593,0.2968024393941174,0.0,0.7506685809331327,0.7506685809331327
hrl,multi,0,off,0,1814,-1.9954591194610112,198.0,0.7662683725357056,0.7179409861564636,1,0.0,0.7748969827024702,7,0,off,0,0,0.0,0.0,0.0,0.9657776238312316,0.9644097631089089,0.8397734925537161,0.9021716368402182,0.7771077096318034,0.5681928400598593,0.40684581289155486,0.0,0.7748969827024702,0.7748969827024702
hrl,multi,0,off,0,1815,-2.025582484224578,199.0,0.7664920687675476,0.7179409861564636,1,0.0,0.7706562610298494,7,0,off,0,0,0.0,0.0,0.0,0.9657776238312316,0.9644097631089089,0.8397734925537161,0.9021716368402182,0.7771077096318034,0.5681928400598593,0.37716076118320985,0.0,0.7706562610298494,0.7706562610298494
hrl,multi,0,off,0,1816,-2.0261184509075223,199.0,0.7664920687675476,0.7179409861564636,1,0.0,0.7706562610298494,7,0,off,0,0,0.0,0.0,0.0,0.9657776238312316,0.9644097631089089,0.8397734925537161,0.9021716368402182,0.7771077096318034,0.5681928400598593,0.37716076118320985,0.0,0.7706562610298494,0.7706562610298494
hrl,multi,0,off,0,1817,-2.142949207450725,203.0,0.7692316770553589,0.7179409861564636,1,0.0,0.7590016374394392,7,0,off,0,0,0.0,0.0,0.0,0.9657776238312316,0.9589721298278469,0.8397734925537161,0.8154978444965215,0.7771077096318034,0.5681928400598593,0.3876898216750949,0.0,0.7590016374394392,0.7590016374394392
hrl,multi,0,off,0,1818,-5.892318081938725,300.0,0.7693859934806824,0.6322785019874573,0,0.0,0.22137839146129412,7,0,off,0,0,0.0,0.0,0.0,0.9657776238312316,-2.6489114406193566,0.8397734925537161,0.8879653177091473,0.7535201169726988,0.3425919446334874,0.4089316851481341,0.0,0.22137839146129412,0.22137839146129412
hrl,multi,0,off,0,1819,-2.1991537478752425,205.0,0.7693169713020325,0.7179409861564636,1,0.0,0.7500818662167382,7,0,off,0,0,0.0,0.0,0.0,0.9657776238312316,0.9589721298278469,0.8397734925537161,0.9021716368402182,0.6650239286287052,0.5381928400598592,0.3806614117755906,0.0,0.7500818662167382,0.7500818662167382
hrl,multi,0,off,0,1820,-2.0823086381959737,201.0,0.7662529349327087,0.7179409861564636,1,0.0,0.7629453330161285,7,0,off,0,0,0.0,0.0,0.0,0.9657776238312316,0.9644097631089089,0.8397734925537161,0.9021716368402182,0.749630562943375,0.5381928400598592,0.3806614117755906,0.0,0.7629453330161285,0.7629453330161285
hrl,multi,0,off,0,1821,-3.119692747342623,236.0,0.8007617592811584,0.7179409861564636,1,0.0,0.6546667773055926,7,0,off,0,0,0.0,0.0,0.0,0.9657776238312316,0.23710928072095885,0.8397734925537161,0.833841599857719,0.7573111923400724,0.5681928400598593,0.3806614117755906,0.0,0.6546667773055926,0.6546667773055926
hrl,multi,0,off,0,1822,-3.2062778950307873,239.0,0.8017092943191528,0.7179409861564636,1,0.0,0.6428386845836783,7,0,off,0,0,0.0,0.0,0.0,0.9657776238312316,0.1772815785002514,0.7522655841058984,0.9021716368402182,0.7535201169726988,0.5681928400598593,0.3806614117755906,0.0,0.6428386845836783,0.6428386845836783
hrl,multi,0,off,0,1823,-2.093709364470559,201.0,0.7695992588996887,0.7232506275177002,1,0.0,0.7675581491140934,7,0,off,0,0,0.0,0.0,0.0,0.9621549301622716,0.9644097631089089,0.8397734925537161,0.9021716368402182,0.7771077096318034,0.5466280997261449,0.3806614117755906,0.0,0.7675581491140934,0.7675581491140934
hrl,multi,0,off,0,1824,-2.028299984573386,199.0,0.7664920687675476,0.7179409861564636,1,0.0,0.7721604125286902,7,0,off,0,0,0.0,0.0,0.0,0.9657776238312316,0.9644097631089089,0.8397734925537161,0.9021716368402182,0.7771077096318034,0.5681928400598593,0.3876898216750949,0.0,0.7721604125286902,0.7721604125286902
hrl,multi,0,off,0,1825,-6.214728101200673,300.0,0.7103289365768433,0.2712451219558716,0,0.0,0.0870099714303464,7,0,off,0,0,0.0,0.0,0.0,0.9657776238312316,0.9589721298278469,0.8397734925537161,-3.371055416687901,0.48818345451837397,0.5247067539582406,0.20271176201091673,0.0,0.0870099714303464,0.0870099714303464
hrl,multi,0,off,0,1826,-2.9109874978591606,229.0,0.8003107309341431,0.7179409861564636,1,0.0,0.6833736198060176,7,0,off,0,0,0.0,0.0,0.0,0.9657776238312316,0.4285830428582395,0.8397734925537161,0.8503730112080717,0.7573111923400724,0.5681928400598593,0.37360413579093227,0.0,0.6833736198060176,0.6833736198060176
hrl,multi,0,off,0,1827,-4.732911591936575,291.0,0.8428236842155457,0.7689886689186096,1,0.0,0.4691327027711588,7,0,off,0,0,0.0,0.0,0.0,0.9128524769150597,0.5836034845188075,-0.8336033643585683,0.9021716368402182,0.7771077096318034,0.5681928400598593,0.37360413579093227,0.0,0.4691327027711588,0.4691327027711588
hrl,multi,0,off,0,1828,-2.2603570982778876,207.0,0.7782024145126343,0.7179409861564636,1,0.0,0.7532757551734655,7,0,off,0,0,0.0,0.0,0.0,0.9657776238312316,0.9180647595049319,0.8397734925537161,0.9021716368402182,0.7541071497556013,0.5681928400598593,0.3248427836687002,0.0,0.7532757551734655,0.7532757551734655
hrl,multi,0,off,0,1829,-2.1124656373541773,202.0,0.7667461037635803,0.7179409861564636,1,0.0,0.759578291499343,7,0,off,0,0,0.0,0.0,0.0,0.9657776238312316,0.9644097631089089,0.8397734925537161,0.9021716368402182,0.7535201169726988,0.5681928400598593,0.3232025671287673,0.0,0.759578291499343,0.759578291499343
hrl,multi,0,off,0,1830,-2.0548700612504,200.0,0.7666627168655396,0.7179409861564636,1,0.0,0.7677866978774606,7,0,off,0,0,0.0,0.0,0.0,0.9657776238312316,0.9644097631089089,0.8397734925537161,0.9021716368402182,0.7535201169726988,0.5681928400598593,0.3806614117755906,0.0,0.7677866978774606,0.7677866978774606
hrl,multi,0,off,0,1831,-2.1433762704231736,203.0,0.7686300873756409,0.7179409861564636,1,0.0,0.7568197072913145,7,0,off,0,0,0.0,0.0,0.0,0.9657776238312316,0.9644097631089089,0.8397734925537161,0.8879653177091473,0.7171077096318034,0.5055834228232241,0.41712062138117023,0.0,0.7568197072913145,0.7568197072913145
hrl,multi,0,off,0,1832,-2.0244825053599165,199.0,0.7662683725357056,0.7179409861564636,1,0.0,0.7720790982009867,7,0,off,0,0,0.0,0.0,0.0,0.9657776238312316,0.9644097631089089,0.8097734925537161,0.9021716368402182,0.7771077096318034,0.5681928400598593,0.41712062138117023,0.0,0.7720790982009867,0.7720790982009867
hrl,multi,0,off,0,1833,-2.1771872577362195,204.0,0.771546483039856,0.7179409861564636,1,0.0,0.7563130250026914,7,0,off,0,0,0.0,0.0,0.0,0.9657776238312316,0.9514068204592127,0.8397734925537161,0.9021716368402182,0.6932646254836691,0.5681928400598593,0.37360413579093227,0.0,0.7563130250026914,0.7563130250026914
hrl,multi,0,off,0,1834,-2.0823038741608615,201.0,0.7689506411552429,0.7232506275177002,1,0.0,0.7652840484590838,7,0,off,0,0,0.0,0.0,0.0,0.9553163538872521,0.9644097631089089,0.8397734925537161,0.9021716368402182,0.7535201169726988,0.5681928400598593,0.37360413579093227,0.0,0.7652840484590838,0.7652840484590838
hrl,multi,0,off,0,1835,-2.051783895812696,200.0,0.7686325907707214,0.7232506275177002,1,0.0,0.770638826304624,7,0,off,0,0,0.0,0.0,0.0,0.9621549301622716,0.9644097631089089,0.8397734925537161,0.9021716368402182,0.7771077096318034,0.5681928400598593,0.3806614117755906,0.0,0.770638826304624,0.770638826304624
hrl,multi,0,off,0,1836,-2.0509090741630644,200.0,0.7684650421142578,0.7179409861564636,1,0.0,0.7703795492171807,7,0,off,0,0,0.0,0.0,0.0,0.9657776238312316,0.9589721298278469,0.8397734925537161,0.9021716368402182,0.7771077096318034,0.5681928400598593,0.3806614117755906,0.0,0.7703795492171807,0.7703795492171807
hrl,multi,0,off,0,1837,-2.2311640346900075,206.0,0.7691012620925903,0.7179409861564636,1,0.0,0.7460168183404364,7,0,off,0,0,0.0,0.0,0.0,0.9657776238312316,0.8965123246405847,0.8397734925537161,0.8176799185493744,0.7535201169726988,0.5681928400598593,0.3806614117755906,0.0,0.7460168183404364,0.7460168183404364
hrl,multi,0,off,0,1838,-2.9338003473530896,230.0,0.8031197786331177,0.7232506275177002,1,0.0,0.6845916019959712,7,0,off,0,0,0.0,0.0,0.0,0.7483038820006612,0.9644097631089089,0.8397734925537161,0.9021716368402182,0.3886281876328452,0.5681928400598593,0.3806614117755906,0.0,0.6845916019959712,0.6845916019959712
hrl,multi,0,off,0,1839,-2.315638048695395,209.0,0.783112645149231,0.7232506275177002,1,0.0,0.7507423694012015,7,0,off,0,0,0.0,0.0,0.0,0.8222666587672791,0.9644097631089089,0.8397734925537161,0.9021716368402182,0.7777207827028383,0.5681928400598593,0.3806614117755906,0.0,0.7507423694012015,0.7507423694012015
hrl,multi,0,off,0,1840,-2.4320021892292365,213.0,0.7871163487434387,0.7232506275177002,1,0.0,0.7389385469272071,7,0,off,0,0,0.0,0.0,0.0,0.8081821436001273,0.9644097631089089,0.771844323473942,0.9021716368402182,0.7771077096318034,0.5681928400598593,0.3806614117755906,0.0,0.7389385469272071,0.7389385469272071
hrl,multi,0,off,0,1841,-2.5247297239385005,216.0,0.7863940000534058,0.7232506275177002,1,0.0,0.721750988181169,7,0,off,0,0,0.0,0.0,0.0,0.8361449976325765,0.9644097631089089,0.7531611244297174,0.8879653177091473,0.7771077096318034,0.4528065929804398,0.3806614117755906,0.0,0.721750988181169,0.721750988181169
hrl,multi,0,off,0,1842,-5.560286602798445,300.0,0.78078693151474,0.513542890548706,0,0.0,0.2811982745410054,7,0,off,0,0,0.0,0.0,0.0,-0.6485952523313167,0.9644097631089089,0.7338840672063799,0.9021716368402182,-0.9755455844136219,0.5235983678243682,0.46846492355210106,0.0,0.2811982745410054,0.2811982745410054
hrl,multi,0,off,0,1843,-2.1448574039072232,203.0,0.7663988471031189,0.7179409861564636,1,0.0,0.7510131059921171,7,0,off,0,0,0.0,0.0,0.0,0.9657776238312316,0.9644097631089089,0.8397734925537161,0.9021716368402182,0.7535201169726988,0.45077769686245595,0.3806614117755906,0.0,0.7510131059921171,0.7510131059921171
hrl,multi,0,off,0,1844,-2.1120361399336245,202.0,0.7693644762039185,0.7179409861564636,1,0.0,0.7575360825065317,7,0,off,0,0,0.0,0.0,0.0,0.9657776238312316,0.9644097631089089,0.8397734925537161,0.9021716368402182,0.7334175575963473,0.5235983678243682,0.37360413579093227,0.0,0.7575360825065317,0.7575360825065317
hrl,multi,0,off,0,1845,-2.0518368551507593,200.0,0.7682814002037048,0.7232506275177002,1,0.0,0.766390487715227,7,0,off,0,0,0.0,0.0,0.0,0.9553163538872521,0.9644097631089089,0.8397734925537161,0.9021716368402182,0.7771077096318034,0.5452930462091005,0.3806614117755906,0.0,0.766390487715227,0.766390487715227
hrl,multi,0,off,0,1846,-2.0859039045416283,201.0,0.7660139203071594,0.7179409861564636,1,0.0,0.762876363930523,7,0,off,0,0,0.0,0.0,0.0,0.9657776238312316,0.9644097631089089,0.8397734925537161,0.9021716368402182,0.7777207827028383,0.5681928400598593,0.3220884084168897,0.0,0.762876363930523,0.762876363930523
hrl,multi,0,off,0,1847,-2.1470456785149863,203.0,0.7669848203659058,0.7179409861564636,1,0.0,0.7555132850081777,7,0,off,0,0,0.0,0.0,0.0,0.9657776238312316,0.9644097631089089,0.7538596024687368,0.9021716368402182,0.7535201169726988,0.5681928400598593,0.3806614117755906,0.0,0.7555132850081777,0.7555132850081777
hrl,multi,0,off,0,1848,-2.054785408568568,200.0,0.7662529349327087,0.7179409861564636,1,0.0,0.7672310473018428,7,0,off,0,0,0.0,0.0,0.0,0.9657776238312316,0.9644097631089089,0.8397734925537161,0.9021716368402182,0.749630562943375,0.5681928400598593,0.3806614117755906,0.0,0.7672310473018428,0.7672310473018428
hrl,multi,0,off,0,1849,-2.0850020928145385,201.0,0.7671864628791809,0.7179409861564636,1,0.0,0.764596717884265,7,0,off,0,0,0.0,0.0,0.0,0.9657776238312316,0.9644097631089089,0.8397734925537161,0.9021716368402182,0.7541071497556013,0.5452759473245888,0.3806614117755906,0.0,0.764596717884265,0.764596717884265
hrl,multi,0,off,0,1850,-2.2347399355215,206.0,0.7659357190132141,0.7179409861564636,1,0.0,0.7412903043966039,7,0,off,0,0,0.0,0.0,0.0,0.9657776238312316,0.9644097631089089,0.8097734925537161,0.9021716368402182,0.6855592901699363,0.5681928400598593,0.29314748421235737,0.0,0.7412903043966039,0.7412903043966039
hrl,multi,0,off,0,1851,-2.0531735687342008,200.0,0.7676623463630676,0.7179409861564636,1,0.0,0.7691268798100367,7,0,off,0,0,0.0,0.0,0.0,0.9657776238312316,0.9644097631089089,0.8397734925537161,0.8879653177091473,0.7771077096318034,0.5681928400598593,0.3806614117755906,0.0,0.7691268798100367,0.7691268798100367
hrl,multi,0,off,0,1852,-2.106774360752897,202.0,0.7713440656661987,0.7232506275177002,1,0.0,0.7657112943034994,7,0,off,0,0,0.0,0.0,0.0,0.9435274930068701,0.9644097631089089,0.823908205701246,0.9021716368402182,0.7771077096318034,0.5681928400598593,0.3806614117755906,0.0,0.7657112943034994,0.7657112943034994
hrl,multi,0,off,0,1853,-2.2318316099420143,206.0,0.7682271599769592,0.7179409861564636,1,0.0,0.7429125011539824,7,0,off,0,0,0.0,0.0,0.0,0.9657776238312316,0.9644097631089089,0.8397734925537161,0.8879653177091473,0.5971077096318032,0.5681928400598593,0.37716076118320985,0.0,0.7429125011539824,0.7429125011539824
hrl,multi,0,off,0,1854,-2.1724371401057536,204.0,0.7680572271347046,0.7179409861564636,1,0.0,0.7516234037946135,7,0,off,0,0,0.0,0.0,0.0,0.9657776238312316,0.9644097631089089,0.823908205701246,0.9021716368402182,0.6571077096318032,0.5681928400598593,0.3797960473890275,0.0,0.7516234037946135,0.7516234037946135
hrl,multi,0,off,0,1855,-2.0489537512999956,200.0,0.7691974639892578,0.7232506275177002,1,0.0,0.7701387333628553,7,0,off,0,0,0.0,0.0,0.0,0.9621549301622716,0.9644097631089089,0.8397734925537161,0.9021716368402182,0.7771077096318034,0.5681928400598593,0.37716076118320985,0.0,0.7701387333628553,0.7701387333628553
hrl,multi,0,off,0,1856,-2.1106617399456438,202.0,0.769368052482605,0.7232506275177002,1,0.0,0.7629834559247518,7,0,off,0,0,0.0,0.0,0.0,0.9621549301622716,0.9644097631089089,0.8397734925537161,0.9021716368402182,0.7535201169726988,0.5681928400598593,0.3506614117755906,0.0,0.7629834559247518,0.7629834559247518
hrl,multi,0,off,0,1857,-2.1727770362619765,204.0,0.7658417820930481,0.7179409861564636,1,0.0,0.7463012906399527,7,0,off,0,0,0.0,0.0,0.0,0.9657776238312316,0.9644097631089089,0.8397734925537161,0.808197477801808,0.7777207827028383,0.48756848270557507,0.3806614117755906,0.0,0.7463012906399527,0.7463012906399527
hrl,multi,0,off,0,1858,-2.061434442346217,200.0,0.7662774324417114,0.7179409861564636,1,0.0,0.7635992405643669,7,0,off,0,0,0.0,0.0,0.0,0.9657776238312316,0.9644097631089089,0.8397734925537161,0.9021716368402182,0.7771077096318034,0.5452930462091005,0.35066141177559057,0.0,0.7635992405643669,0.7635992405643669
hrl,multi,0,off,0,1859,-2.872130901172048,228.0,0.7970872521400452,0.7368783354759216,1,0.0,0.6833772388919418,7,0,off,0,0,0.0,0.0,0.0,0.9621549301622716,0.9589721298278469,0.8397734925537161,0.32742302687626706,0.7535201169726988,0.5681928400598593,0.37360413579093227,0.0,0.6833772388919418,0.6833772388919418
hrl,multi,0,off,0,1860,-5.600396745297256,300.0,0.781173825263977,0.45725998282432556,0,0.0,0.26503369990192877,7,0,off,0,0,0.0,0.0,0.0,0.9657776238312316,0.9589721298278469,-0.15822452112476512,-1.5071060908792762,0.7456321243902595,0.4695232214926138,0.3806614117755906,0.0,0.26503369990192877,0.26503369990192877
hrl,multi,0,off,0,1861,-3.2725134220582386,241.0,0.7952496409416199,0.7179409861564636,1,0.0,0.619584595534563,7,0,off,0,0,0.0,0.0,0.0,0.9657776238312316,0.9644097631089089,0.8228637097883377,-0.11833329679468535,0.7535201169726988,0.5681928400598593,0.3806614117755906,0.0,0.619584595534563,0.619584595534563
hrl,multi,0,off,0,1862,-2.2365815065870964,206.0,0.7686262726783752,0.7179409861564636,1,0.0,0.7446132416597615,7,0,off,0,0,0.0,0.0,0.0,0.9657776238312316,0.9079405769478859,0.7410857611755042,0.9021716368402182,0.7535201169726988,0.5681928400598593,0.37360413579093227,0.0,0.7446132416597615,0.7446132416597615
hrl,multi,0,off,0,1863,-2.1456871331005813,203.0,0.766393780708313,0.7179409861564636,1,0.0,0.7487896355770521,7,0,off,0,0,0.0,0.0,0.0,0.9657776238312316,0.9644097631089089,0.7639652087755362,0.9021716368402182,0.7535201169726988,0.5110216877351814,0.3806614117755906,0.0,0.7487896355770521,0.7487896355770521
hrl,multi,0,off,0,1864,-2.3553382114099777,210.0,0.7710413932800293,0.7179409861564636,1,0.0,0.7317526191231366,7,0,off,0,0,0.0,0.0,0.0,0.9657776238312316,0.8288992553717274,0.8397734925537161,0.9021716368402182,0.7535201169726988,0.5681928400598593,0.26393336823250474,0.0,0.7317526191231366,0.7317526191231366
hrl,multi,0,off,0,1865,-2.0853264843416395,201.0,0.7660418748855591,0.7179409861564636,1,0.0,0.7615312746240596,7,0,off,0,0,0.0,0.0,0.0,0.9657776238312316,0.9644097631089089,0.8397734925537161,0.9021716368402182,0.7771077096318034,0.5078745606116072,0.37360413579093227,0.0,0.7615312746240596,0.7615312746240596
hrl,multi,0,off,0,1866,-2.3554916294873633,210.0,0.7717161178588867,0.7179409861564636,1,0.0,0.7306404755878385,7,0,off,0,0,0.0,0.0,0.0,0.9657776238312316,0.9514068204592127,0.8397734925537161,0.9021716368402182,0.571545759439669,0.5681928400598593,0.31561515593096223,0.0,0.7306404755878385,0.7306404755878385
hrl,multi,0,off,0,1867,-2.144820142971581,203.0,0.7664344906806946,0.7179409861564636,1,0.0,0.7551067692127497,7,0,off,0,0,0.0,0.0,0.0,0.9657776238312316,0.9644097631089089,0.8397734925537161,0.9021716368402182,0.6610828412209957,0.5681928400598593,0.3843391868743182,0.0,0.7551067692127497,0.7551067692127497
hrl,multi,0,off,0,1868,-2.054076993308261,200.0,0.7665370106697083,0.7179409861564636,1,0.0,0.7677564437445181,7,0,off,0,0,0.0,0.0,0.0,0.9657776238312316,0.9644097631089089,0.8397734925537161,0.9021716368402182,0.749630562943375,0.5681928400598593,0.3843391868743182,0.0,0.7677564437445181,0.7677564437445181
hrl,multi,0,off,0,1869,-2.0865723750856704,201.0,0.7684553265571594,0.7179409861564636,1,0.0,0.766045624769783,7,0,off,0,0,0.0,0.0,0.0,0.9657776238312316,0.9644097631089089,0.823908205701246,0.9021716368402182,0.7535201169726988,0.5681928400598593,0.3843391868743182,0.0,0.766045624769783,0.766045624769783
hrl,multi,0,off,0,1870,-2.7612577735201835,224.0,0.7974514365196228,0.7232506275177002,1,0.0,0.7031469535493412,7,0,off,0,0,0.0,0.0,0.0,0.6171255983537163,0.9644097631089089,0.8397734925537161,0.8879653177091473,0.66390025128445,0.5681928400598593,0.3806614117755906,0.0,0.7031469535493412,0.7031469535493412
hrl,multi,0,off,0,1871,-2.0851355389994564,201.0,0.7687490582466125,0.7179409861564636,1,0.0,0.7666192313741418,7,0,off,0,0,0.0,0.0,0.0,0.9657776238312316,0.9589721298278469,0.8397734925537161,0.9021716368402182,0.7771077096318034,0.5681928400598593,0.35433918687431815,0.0,0.7666192313741418,0.7666192313741418
hrl,multi,0,off,0,1872,-2.1735574963665547,204.0,0.7693770527839661,0.7179409861564636,1,0.0,0.7531400622557162,7,0,off,0,0,0.0,0.0,0.0,0.9657776238312316,0.9589721298278469,0.8397734925537161,0.9021716368402182,0.7771077096318034,0.4545737073142651,0.37360413579093227,0.0,0.7531400622557162,0.7531400622557162
hrl,multi,0,off,0,1873,-2.0259889697993643,199.0,0.766211211681366,0.7179409861564636,1,0.0,0.7701481716880956,7,0,off,0,0,0.0,0.0,0.0,0.9657776238312316,0.9644097631089089,0.8397734925537161,0.9021716368402182,0.7771077096318034,0.5681928400598593,0.37360413579093227,0.0,0.7701481716880956,0.7701481716880956
hrl,multi,0,off,0,1874,-2.055961638712324,200.0,0.7659271955490112,0.7179409861564636,1,0.0,0.7668706396859039,7,0,off,0,0,0.0,0.0,0.0,0.9657776238312316,0.9644097631089089,0.8397734925537161,0.9021716368402182,0.7771077096318034,0.5681928400598593,0.3506614117755906,0.0,0.7668706396859039,0.7668706396859039
hrl,multi,0,off,0,1875,-2.0833502043632324,201.0,0.7662774324417114,0.7179409861564636,1,0.0,0.7593135262786527,7,0,off,0,0,0.0,0.0,0.0,0.9657776238312316,0.9644097631089089,0.8397734925537161,0.9021716368402182,0.7171077096318034,0.5452930462091005,0.3806614117755906,0.0,0.7593135262786527,0.7593135262786527
hrl,multi,0,off,0,1876,-2.293793293767373,208.0,0.7700351476669312,0.7179409861564636,1,0.0,0.7388253829150692,7,0,off,0,0,0.0,0.0,0.0,0.9657776238312316,0.8893871434867592,0.7470523181387241,0.9021716368402182,0.7771077096318034,0.5681928400598593,0.3220884084168897,0.0,0.7388253829150692,0.7388253829150692
hrl,multi,0,off,0,1877,-2.0546387938607946,200.0,0.7670669555664062,0.7179409861564636,1,0.0,0.7683282800727994,7,0,off,0,0,0.0,0.0,0.0,0.9657776238312316,0.9644097631089089,0.8397734925537161,0.9021716368402182,0.7573111923400724,0.5681928400598593,0.3806614117755906,0.0,0.7683282800727994,0.7683282800727994
hrl,multi,0,off,0,1878,-2.112122949936892,202.0,0.7700755000114441,0.7179409861564636,1,0.0,0.7623853365774886,7,0,off,0,0,0.0,0.0,0.0,0.9657776238312316,0.9644097631089089,0.8397734925537161,0.8879653177091473,0.7334175575963473,0.5681928400598593,0.37716076118320985,0.0,0.7623853365774886,0.7623853365774886
hrl,multi,0,off,0,1879,-2.051442359102656,200.0,0.7680034637451172,0.7179409861564636,1,0.0,0.7701372059066959,7,0,off,0,0,0.0,0.0,0.0,0.9657776238312316,0.9644097631089089,0.8397734925537161,0.8579653177091473,0.7777207827028383,0.5681928400598593,0.41712062138117023,0.0,0.7701372059066959,0.7701372059066959
hrl,multi,0,off,0,1880,-2.16866820075549,204.0,0.7726393342018127,0.7232506275177002,1,0.0,0.7592228598640741,7,0,off,0,0,0.0,0.0,0.0,0.9561288512108524,0.9644097631089089,0.7857976239816624,0.9021716368402182,0.7535201169726988,0.5681928400598593,0.3843391868743182,0.0,0.7592228598640741,0.7592228598640741
hrl,multi,0,off,0,1881,-2.019758570146514,199.0,0.7664920687675476,0.7179409861564636,1,0.0,0.7706562610298494,7,0,off,0,0,0.0,0.0,0.0,0.9657776238312316,0.9644097631089089,0.8397734925537161,0.9021716368402182,0.7771077096318034,0.5681928400598593,0.37716076118320985,0.0,0.7706562610298494,0.7706562610298494
hrl,multi,0,off,0,1882,-2.116308208522386,202.0,0.7653883099555969,0.7179409861564636,1,0.0,0.7558447672670286,7,0,off,0,0,0.0,0.0,0.0,0.9657776238312316,0.9644097631089089,0.8397734925537161,0.8612958662622172,0.7471077096318034,0.5681928400598593,0.3443560754214646,0.0,0.7558447672670286,0.7558447672670286
hrl,multi,0,off,0,1883,-2.0516225228144322,200.0,0.7685774564743042,0.7179409861564636,1,0.0,0.7653553877467311,7,0,off,0,0,0.0,0.0,0.0,0.9657776238312316,0.9644097631089089,0.8397734925537161,0.8879653177091473,0.7771077096318034,0.5452930462091005,0.37716076118320985,0.0,0.7653553877467311,0.7653553877467311
hrl,multi,0,off,0,1884,-2.024963917669375,199.0,0.7665615081787109,0.7179409861564636,1,0.0,0.7684103512927567,7,0,off,0,0,0.0,0.0,0.0,0.9657776238312316,0.9644097631089089,0.8397734925537161,0.9021716368402182,0.7771077096318034,0.5452930462091005,0.3843391868743182,0.0,0.7684103512927567,0.7684103512927567
hrl,multi,0,off,0,1885,-2.1081638829165597,202.0,0.7700366973876953,0.7179409861564636,1,0.0,0.7578934999221874,7,0,off,0,0,0.0,0.0,0.0,0.9657776238312316,0.9589721298278469,0.823908205701246,0.9021716368402182,0.7055706514193186,0.5681928400598593,0.3806614117755906,0.0,0.7578934999221874,0.7578934999221874
hrl,multi,0,off,0,1886,-2.085836153327254,201.0,0.7666627168655396,0.7179409861564636,1,0.0,0.7635009835917461,7,0,off,0,0,0.0,0.0,0.0,0.9657776238312316,0.9644097631089089,0.8397734925537161,0.8721716368402181,0.7535201169726988,0.5681928400598593,0.3806614117755906,0.0,0.7635009835917461,0.7635009835917461
hrl,multi,0,off,0,1887,-2.1450484578066957,203.0,0.7679620385169983,0.7179409861564636,1,0.0,0.7568746687168695,7,0,off,0,0,0.0,0.0,0.0,0.9657776238312316,0.9644097631089089,0.823908205701246,0.9021716368402182,0.6930011997010321,0.5681928400598593,0.3806614117755906,0.0,0.7568746687168695,0.7568746687168695
hrl,multi,0,off,0,1888,-2.228515877738823,206.0,0.7691348791122437,0.7179409861564636,1,0.0,0.7444485482802526,7,0,off,0,0,0.0,0.0,0.0,0.9657776238312316,0.9589721298278469,0.8397734925537161,0.9021716368402182,0.6582599897913322,0.5018457782431058,0.3843391868743182,0.0,0.7444485482802526,0.7444485482802526
hrl,multi,0,off,0,1889,-2.6075188209523836,219.0,0.7961981892585754,0.7232506275177002,1,0.0,0.7228023440306233,7,0,off,0,0,0.0,0.0,0.0,0.6508871469033701,0.9644097631089089,0.8397734925537161,0.9021716368402182,0.7535201169726988,0.5681928400598593,0.3806614117755906,0.0,0.7228023440306233,0.7228023440306233
hrl,multi,0,off,0,1890,-2.0531091816315894,200.0,0.7680701017379761,0.7179409861564636,1,0.0,0.7646103030162059,7,0,off,0,0,0.0,0.0,0.0,0.9657776238312316,0.9644097631089089,0.823908205701246,0.9021716368402182,0.7771077096318034,0.5452930462091005,0.37360413579093227,0.0,0.7646103030162059,0.7646103030162059
hrl,multi,0,off,0,1891,-2.0525198997871485,200.0,0.767701268196106,0.7179409861564636,1,0.0,0.7640486986677401,7,0,off,0,0,0.0,0.0,0.0,0.9657776238312316,0.9644097631089089,0.8397734925537161,0.9021716368402182,0.7573111923400724,0.5452930462091005,0.37360413579093227,0.0,0.7640486986677401,0.7640486986677401
hrl,multi,0,off,0,1892,-3.015529753585568,233.0,0.8045824766159058,0.7364097237586975,1,0.0,0.6687706929629652,7,0,off,0,0,0.0,0.0,0.0,0.3335799286200949,0.9526041424019642,0.8397734925537161,0.9021716368402182,0.7273111923400724,0.5452930462091005,0.3806614117755906,0.0,0.6687706929629652,0.6687706929629652
hrl,multi,0,off,0,1893,-2.1109011719201223,202.0,0.7667335271835327,0.7179409861564636,1,0.0,0.755662853980362,7,0,off,0,0,0.0,0.0,0.0,0.9657776238312316,0.9644097631089089,0.8397734925537161,0.9021716368402182,0.7771077096318034,0.5452930462091005,0.29510670568755587,0.0,0.755662853980362,0.755662853980362
hrl,multi,0,off,0,1894,-2.1735381051828133,204.0,0.768263041973114,0.7179409861564636,1,0.0,0.7484814619171475,7,0,off,0,0,0.0,0.0,0.0,0.9657776238312316,0.9644097631089089,0.823908205701246,0.8612958662622172,0.7535201169726988,0.5452930462091005,0.3251656113346294,0.0,0.7484814619171475,0.7484814619171475
hrl,multi,0,off,0,1895,-8.044166543326579,300.0,0.4290768802165985,0.2244904488325119,0,0.0,-0.7529934580413025,7,0,off,0,0,0.0,0.0,0.0,-6.530706333047338,0.5677971445995091,0.14,0.14,0.2719549821587121,0.07,0.07,0.0,-0.7529934580413025,-0.7529934580413025
hrl,multi,0,off,0,1896,-2.0545256005658303,200.0,0.7662774324417114,0.7179409861564636,1,0.0,0.7635992405643669,7,0,off,0,0,0.0,0.0,0.0,0.9657776238312316,0.9644097631089089,0.8097734925537161,0.9021716368402182,0.7771077096318034,0.5452930462091005,0.3806614117755906,0.0,0.7635992405643669,0.7635992405643669
hrl,multi,0,off,0,1897,-2.1135747078771225,202.0,0.7674394845962524,0.7179409861564636,1,0.0,0.7555294834302451,7,0,off,0,0,0.0,0.0,0.0,0.9657776238312316,0.9644097631089089,0.8397734925537161,0.842771580152849,0.7535201169726988,0.5452930462091005,0.37716076118320985,0.0,0.7555294834302451,0.7555294834302451
hrl,multi,0,off,0,1898,-2.133246686161727,203.0,0.7721899151802063,0.7368783354759216,1,0.0,0.7611984688867919,7,0,off,0,0,0.0,0.0,0.0,0.9621549301622716,0.9589721298278469,0.8397734925537161,0.9021716368402182,0.7535201169726988,0.5681928400598593,0.3436041357909323,0.0,0.7611984688867919,0.7611984688867919
hrl,multi,0,off,0,1899,-3.9182962351207866,263.0,0.8160761594772339,0.7232506275177002,1,0.0,0.5577616840957487,7,0,off,0,0,0.0,0.0,0.0,-0.06242472009139531,0.9644097631089089,0.8397734925537161,0.8879653177091473,0.7535201169726988,0.28931043778933446,0.23177738062782977,0.0,0.5577616840957487,0.5577616840957487
hrl,multi,0,off,0,1900,-2.5962112710264,218.0,0.7732142210006714,0.7179409861564636,1,0.0,0.6931495826622972,7,0,off,0,0,0.0,0.0,0.0,0.9657776238312316,0.9644097631089089,0.8097734925537161,0.9021716368402182,0.6526390282089077,0.17661412231750803,0.3806614117755906,0.0,0.6931495826622972,0.6931495826622972
hrl,multi,0,off,0,1901,-2.10214492838364,202.0,0.7729054689407349,0.7368783354759216,1,0.0,0.767832547388605,7,0,off,0,0,0.0,0.0,0.0,0.9621549301622716,0.9589721298278469,0.8397734925537161,0.8879653177091473,0.7771077096318034,0.5681928400598593,0.3806614117755906,0.0,0.767832547388605,0.767832547388605
hrl,multi,0,off,0,1902,-2.203187569510191,205.0,0.7687098383903503,0.7179409861564636,1,0.0,0.7491869719574914,7,0,off,0,0,0.0,0.0,0.0,0.9657776238312316,0.9523442574345311,0.8397734925537161,0.9021716368402182,0.7535201169726988,0.5681928400598593,0.26252883601018484,0.0,0.7491869719574914,0.7491869719574914
hrl,multi,0,off,0,1903,-6.285456207141038,300.0,0.6857755780220032,0.24205909669399261,0,0.0,0.028173205096317083,7,0,off,0,0,0.0,0.0,0.0,0.9657776238312316,0.4340070110628773,0.8397734925537161,0.07,0.7456321243902595,-3.269616105589829,0.4116382894259643,0.0,0.028173205096317083,0.028173205096317083
hrl,multi,0,off,0,1904,-2.082948532474692,201.0,0.7694845199584961,0.7179409861564636,1,0.0,0.7675352895656985,7,0,off,0,0,0.0,0.0,0.0,0.9657776238312316,0.9589721298278469,0.8397734925537161,0.9021716368402182,0.7535201169726988,0.5681928400598593,0.3843391868743182,0.0,0.7675352895656985,0.7675352895656985
hrl,multi,0,off,0,1905,-2.283873512762361,208.0,0.7797335386276245,0.7232506275177002,1,0.0,0.7506150095715814,7,0,off,0,0,0.0,0.0,0.0,0.937908446127668,0.9644097631089089,0.8397734925537161,0.872695977961286,0.7206631354140418,0.5681928400598593,0.3506614117755906,0.0,0.7506150095715814,0.7506150095715814
hrl,multi,0,off,0,1906,-2.899667452757699,229.0,0.8097253441810608,0.7232506275177002,1,0.0,0.6967906026460815,7,0,off,0,0,0.0,0.0,0.0,0.7876767330042078,0.9644097631089089,0.8397734925537161,0.5832998610475894,0.7535201169726988,0.5681928400598593,0.3806614117755906,0.0,0.6967906026460815,0.6967906026460815
hrl,multi,0,off,0,1907,-2.43950650114449,214.0,0.7971829175949097,0.7576594352722168,1,0.0,0.7480627304229869,7,0,off,0,0,0.0,0.0,0.0,0.9261449976325766,0.9039743325155343,0.823908205701246,0.8564496156442981,0.7771077096318034,0.5681928400598593,0.3806614117755906,0.0,0.7480627304229869,0.7480627304229869
hrl,multi,0,off,0,1908,-4.74203740265038,290.0,0.799649178981781,0.7036150097846985,1,0.0,0.4202837329017633,7,0,off,0,0,0.0,0.0,0.0,0.9194497453095086,0.9589721298278469,0.8397734925537161,-1.4474095774223934,0.7456321243902595,0.5681928400598593,0.35737537559354604,0.0,0.4202837329017633,0.4202837329017633
hrl,multi,0,off,0,1909,-2.632357620069517,220.0,0.7874104380607605,0.7364097237586975,1,0.0,0.7085107984587687,7,0,off,0,0,0.0,0.0,0.0,0.9621549301622716,0.9526041424019642,0.823908205701246,0.6991754822013493,0.7771077096318034,0.44819284005985915,0.29643227905288666,0.0,0.7085107984587687,0.7085107984587687
hrl,multi,0,off,0,1910,-3.4008108922454903,245.0,0.7707628607749939,0.7179409861564636,1,0.0,0.5801376206141678,7,0,off,0,0,0.0,0.0,0.0,0.9657776238312316,0.9644097631089089,0.7538596024687368,0.9021716368402182,0.7771077096318034,-0.6830244033573144,0.3806614117755906,0.0,0.5801376206141678,0.5801376206141678
hrl,multi,0,off,0,1911,-2.0786788515059738,201.0,0.7682151794433594,0.7232506275177002,1,0.0,0.764367990267527,7,0,off,0,0,0.0,0.0,0.0,0.9553163538872521,0.9644097631089089,0.8397734925537161,0.9021716368402182,0.7771077096318034,0.5681928400598593,0.3436041357909323,0.0,0.764367990267527,0.764367990267527
hrl,multi,0,off,0,1912,-2.075566948183112,201.0,0.7696149945259094,0.7232506275177002,1,0.0,0.7630639036774721,7,0,off,0,0,0.0,0.0,0.0,0.9621549301622716,0.9644097631089089,0.8397734925537161,0.9021716368402182,0.7771077096318034,0.5452930462091005,0.3505367472362857,0.0,0.7630639036774721,0.7630639036774721
hrl,multi,0,off,0,1913,-2.087568732323126,201.0,0.7686766982078552,0.7179409861564636,1,0.0,0.762633690593424,7,0,off,0,0,0.0,0.0,0.0,0.9657776238312316,0.9644097631089089,0.823908205701246,0.9021716368402182,0.7491857367881669,0.5452930462091005,0.3876898216750949,0.0,0.762633690593424,0.762633690593424
hrl,multi,0,off,0,1914,-3.1139441052579677,236.0,0.8037417531013489,0.7232506275177002,1,0.0,0.6530889461187439,7,0,off,0,0,0.0,0.0,0.0,0.41289361489217047,0.9644097631089089,0.7367935346799956,0.9021716368402182,0.6593996153252241,0.5452930462091005,0.35066141177559057,0.0,0.6530889461187439,0.6530889461187439
hrl,multi,0,off,0,1915,-2.168296046612083,204.0,0.7764421105384827,0.7232506275177002,1,0.0,0.763801455878645,7,0,off,0,0,0.0,0.0,0.0,0.937908446127668,0.9644097631089089,0.8397734925537161,0.9021716368402182,0.7534926006845541,0.5681928400598593,0.3806614117755906,0.0,0.763801455878645,0.763801455878645
hrl,multi,0,off,0,1916,-2.0845683170435936,201.0,0.7692004442214966,0.7179409861564636,1,0.0,0.7670098931230231,7,0,off,0,0,0.0,0.0,0.0,0.9657776238312316,0.9589721298278469,0.8397734925537161,0.9021716368402182,0.7535201169726988,0.5681928400598593,0.3806614117755906,0.0,0.7670098931230231,0.7670098931230231
hrl,multi,0,off,0,1917,-2.05109053995111,200.0,0.768496036529541,0.7232506275177002,1,0.0,0.7691617938949953,7,0,off,0,0,0.0,0.0,0.0,0.9553163538872521,0.9644097631089089,0.8397734925537161,0.9021716368402182,0.7771077096318034,0.5681928400598593,0.37716076118320985,0.0,0.7691617938949953,0.7691617938949953
hrl,multi,0,off,0,1918,-2.35294964476488,210.0,0.7702575922012329,0.7179409861564636,1,0.0,0.7300670475380749,7,0,off,0,0,0.0,0.0,0.0,0.9657776238312316,0.9589721298278469,0.823908205701246,0.9021716368402182,0.5071077096318031,0.5681928400598593,0.3843391868743182,0.0,0.7300670475380749,0.7300670475380749
hrl,multi,0,off,0,1919,-2.144620755452195,203.0,0.7660173773765564,0.7179409861564636,1,0.0,0.7542873176422581,7,0,off,0,0,0.0,0.0,0.0,0.9657776238312316,0.9644097631089089,0.8397734925537161,0.9021716368402182,0.7156321243902595,0.5681928400598593,0.3240537427116137,0.0,0.7542873176422581,0.7542873176422581
hrl,multi,0,off,0,1920,-2.144884649795709,203.0,0.7655344009399414,0.7179409861564636,1,0.0,0.7538276592811906,7,0,off,0,0,0.0,0.0,0.0,0.9657776238312316,0.9644097631089089,0.8397734925537161,0.837343241356259,0.7771077096318034,0.5681928400598593,0.32418894442655577,0.0,0.7538276592811906,0.7538276592811906
hrl,multi,0,off,0,1921,-2.1718936785170784,204.0,0.7677230834960938,0.7179409861564636,1,0.0,0.7521120788216,7,0,off,0,0,0.0,0.0,0.0,0.9657776238312316,0.9644097631089089,0.8397734925537161,0.8879653177091473,0.6880041027127461,0.5381928400598592,0.3806614117755906,0.0,0.7521120788216,0.7521120788216
hrl,multi,0,off,0,1922,-2.4925919371016723,215.0,0.7887460589408875,0.7232506275177002,1,0.0,0.7283836001792691,7,0,off,0,0,0.0,0.0,0.0,0.791404747668684,0.9644097631089089,0.8397734925537161,0.9021716368402182,0.7296979718759516,0.49762345341647235,0.37360413579093227,0.0,0.7283836001792691,0.7283836001792691
hrl,multi,0,off,0,1923,-2.079863489309791,201.0,0.7669467329978943,0.7179409861564636,1,0.0,0.7624928013082236,7,0,off,0,0,0.0,0.0,0.0,0.9657776238312316,0.9644097631089089,0.8397734925537161,0.9021716368402182,0.7535201169726988,0.5681928400598593,0.3436041357909323,0.0,0.7624928013082236,0.7624928013082236
hrl,multi,0,off,0,1924,-2.0829076216276734,201.0,0.766211211681366,0.7179409861564636,1,0.0,0.761576743116667,7,0,off,0,0,0.0,0.0,0.0,0.9657776238312316,0.9644097631089089,0.8097734925537161,0.9021716368402182,0.7771077096318034,0.5681928400598593,0.3436041357909323,0.0,0.761576743116667,0.761576743116667
hrl,multi,0,off,0,1925,-5.436008486067292,300.0,0.8006489872932434,0.7232506275177002,0,0.0,0.322052485766435,7,0,off,0,0,0.0,0.0,0.0,0.9128524769150597,0.9644097631089089,0.8397734925537161,0.9021716368402182,0.4241232639307614,-2.1696246447592094,0.3806614117755906,0.0,0.322052485766435,0.322052485766435
hrl,multi,0,off,0,1926,-2.488309550401748,215.0,0.7897135615348816,0.7232506275177002,1,0.0,0.7334034160413997,7,0,off,0,0,0.0,0.0,0.0,0.8471549420149886,0.9644097631089089,0.8397734925537161,0.872695977961286,0.6609354848154492,0.5681928400598593,0.3806614117755906,0.0,0.7334034160413997,0.7334034160413997
hrl,multi,0,off,0,1927,-2.081235179149079,201.0,0.7659271955490112,0.7179409861564636,1,0.0,0.7625849254001897,7,0,off,0,0,0.0,0.0,0.0,0.9657776238312316,0.9644097631089089,0.8397734925537161,0.9021716368402182,0.7171077096318034,0.5681928400598593,0.3806614117755906,0.0,0.7625849254001897,0.7625849254001897
hrl,multi,0,off,0,1928,-2.170656526722013,204.0,0.7711239457130432,0.7179409861564636,1,0.0,0.755433465595282,7,0,off,0,0,0.0,0.0,0.0,0.9657776238312316,0.9514068204592127,0.8397734925537161,0.9021716368402182,0.6871077096318033,0.5681928400598593,0.37360413579093227,0.0,0.755433465595282,0.755433465595282
hrl,multi,0,off,0,1929,-2.409127411615332,212.0,0.7694857716560364,0.7232506275177002,1,0.0,0.7197294411961624,7,0,off,0,0,0.0,0.0,0.0,0.9621549301622716,0.9644097631089089,0.7522655841058984,0.9021716368402182,0.6571077096318032,0.5681928400598593,0.23180362446417715,0.0,0.7197294411961624,0.7197294411961624
hrl,multi,0,off,0,1930,-2.0814588108577294,201.0,0.7689539194107056,0.7179409861564636,1,0.0,0.7658319047363945,7,0,off,0,0,0.0,0.0,0.0,0.9657776238312316,0.9589721298278469,0.8397734925537161,0.9021716368402182,0.7771077096318034,0.5681928400598593,0.3488279004100867,0.0,0.7658319047363945,0.7658319047363945
hrl,multi,0,off,0,1931,-2.1391524274344547,203.0,0.7664557695388794,0.7179409861564636,1,0.0,0.7515733471466733,7,0,off,0,0,0.0,0.0,0.0,0.9657776238312316,0.9644097631089089,0.8097734925537161,0.9021716368402182,0.7771077096318034,0.5452930462091005,0.29648015785173487,0.0,0.7515733471466733,0.7515733471466733
hrl,multi,0,off,0,1932,-2.0826881849451455,201.0,0.7686325907707214,0.7232506275177002,1,0.0,0.7663531120189095,7,0,off,0,0,0.0,0.0,0.0,0.9621549301622716,0.9644097631089089,0.8097734925537161,0.9021716368402182,0.7771077096318034,0.5681928400598593,0.3806614117755906,0.0,0.7663531120189095,0.7663531120189095
hrl,multi,0,off,0,1933,-2.0305255007918435,199.0,0.7664920687675476,0.7179409861564636,1,0.0,0.7662621949357458,7,0,off,0,0,0.0,0.0,0.0,0.9657776238312316,0.9644097631089089,0.8397734925537161,0.9021716368402182,0.7777207827028383,0.5681928400598593,0.3457892254534484,0.0,0.7662621949357458,0.7662621949357458
hrl,multi,0,off,0,1934,-2.1190562970552094,202.0,0.7709933519363403,0.7179409861564636,1,0.0,0.7596181303329511,7,0,off,0,0,0.0,0.0,0.0,0.9657776238312316,0.9589721298278469,0.8397734925537161,0.8879653177091473,0.7241071497556014,0.5681928400598593,0.3725383585932545,0.0,0.7596181303329511,0.7596181303329511
hrl,multi,0,off,0,1935,-2.216398452612336,205.0,0.7682387232780457,0.7179409861564636,1,0.0,0.7437271962583157,7,0,off,0,0,0.0,0.0,0.0,0.9657776238312316,0.9644097631089089,0.823908205701246,0.9021716368402182,0.7541071497556013,0.44711305786154243,0.34860293670946163,0.0,0.7437271962583157,0.7437271962583157
hrl,multi,0,off,0,1936,-2.0502147364255503,200.0,0.7686325907707214,0.7232506275177002,1,0.0,0.770638826304624,7,0,off,0,0,0.0,0.0,0.0,0.9621549301622716,0.9644097631089089,0.8397734925537161,0.9021716368402182,0.7771077096318034,0.5681928400598593,0.3806614117755906,0.0,0.770638826304624,0.770638826304624
hrl,multi,0,off,0,1937,-2.055223994387779,200.0,0.7668938040733337,0.7179409861564636,1,0.0,0.7680756767810876,7,0,off,0,0,0.0,0.0,0.0,0.9657776238312316,0.9644097631089089,0.8397734925537161,0.9021716368402182,0.7771077096318034,0.5466280997261449,0.3806614117755906,0.0,0.7680756767810876,0.7680756767810876
hrl,multi,0,off,0,1938,-2.0543581848265604,200.0,0.7659271955490112,0.7179409861564636,1,0.0,0.7668706396859039,7,0,off,0,0,0.0,0.0,0.0,0.9657776238312316,0.9644097631089089,0.8397734925537161,0.9021716368402182,0.7771077096318034,0.5681928400598593,0.3506614117755906,0.0,0.7668706396859039,0.7668706396859039
hrl,multi,0,off,0,1939,-2.2004073409188982,205.0,0.7702301740646362,0.7232506275177002,1,0.0,0.7514256587080961,7,0,off,0,0,0.0,0.0,0.0,0.9621549301622716,0.9644097631089089,0.8097734925537161,0.8879653177091473,0.7771077096318034,0.4779069860152345,0.3806614117755906,0.0,0.7514256587080961,0.7514256587080961
hrl,multi,0,off,0,1940,-2.110232713978039,202.0,0.7706933617591858,0.7232506275177002,1,0.0,0.764684045473267,7,0,off,0,0,0.0,0.0,0.0,0.9621549301622716,0.9644097631089089,0.8397734925537161,0.8879653177091473,0.749630562943375,0.5681928400598593,0.3806614117755906,0.0,0.764684045473267,0.764684045473267
hrl,multi,0,off,0,1941,-2.053647885238752,200.0,0.7665370106697083,0.7179409861564636,1,0.0,0.7662228650183202,7,0,off,0,0,0.0,0.0,0.0,0.9657776238312316,0.9644097631089089,0.8397734925537161,0.9021716368402182,0.749630562943375,0.5681928400598593,0.37360413579093227,0.0,0.7662228650183202,0.7662228650183202
hrl,multi,0,off,0,1942,-2.114501113330479,202.0,0.7683264017105103,0.7179409861564636,1,0.0,0.760178770524007,7,0,off,0,0,0.0,0.0,0.0,0.9657776238312316,0.9644097631089089,0.793908205701246,0.9021716368402182,0.749630562943375,0.5681928400598593,0.37716076118320985,0.0,0.760178770524007,0.760178770524007
hrl,multi,0,off,0,1943,-2.1704216377972614,204.0,0.771759569644928,0.7232506275177002,1,0.0,0.7562673283323365,7,0,off,0,0,0.0,0.0,0.0,0.9621549301622716,0.9644097631089089,0.823908205701246,0.9021716368402182,0.7258731612706408,0.5681928400598593,0.3471607611832098,0.0,0.7562673283323365,0.7562673283323365
hrl,multi,0,off,0,1944,-2.0553304897563063,200.0,0.7665370106697083,0.7179409861564636,1,0.0,0.7662228650183202,7,0,off,0,0,0.0,0.0,0.0,0.9657776238312316,0.9644097631089089,0.8397734925537161,0.9021716368402182,0.749630562943375,0.5681928400598593,0.37360413579093227,0.0,0.7662228650183202,0.7662228650183202
hrl,multi,0,off,0,1945,-2.113309663105755,202.0,0.7712196111679077,0.7179409861564636,1,0.0,0.7639722366779189,7,0,off,0,0,0.0,0.0,0.0,0.9657776238312316,0.9589721298278469,0.8397734925537161,0.8879653177091473,0.7535201169726988,0.5681928400598593,0.37360413579093227,0.0,0.7639722366779189,0.7639722366779189
hrl,multi,0,off,0,1946,-2.2051133095810633,205.0,0.7699946165084839,0.7179409861564636,1,0.0,0.7501841091681951,7,0,off,0,0,0.0,0.0,0.0,0.9657776238312316,0.9589721298278469,0.823908205701246,0.783726119334446,0.7771077096318034,0.5681928400598593,0.37360413579093227,0.0,0.7501841091681951,0.7501841091681951
hrl,multi,0,off,0,1947,-2.025533426662441,199.0,0.766211211681366,0.7179409861564636,1,0.0,0.7701481716880956,7,0,off,0,0,0.0,0.0,0.0,0.9657776238312316,0.9644097631089089,0.8397734925537161,0.9021716368402182,0.7771077096318034,0.5681928400598593,0.37360413579093227,0.0,0.7701481716880956,0.7701481716880956
hrl,multi,0,off,0,1948,-2.1705739940213955,204.0,0.7723520398139954,0.7179409861564636,1,0.0,0.757077139810913,7,0,off,0,0,0.0,0.0,0.0,0.9657776238312316,0.9589721298278469,0.8397734925537161,0.872695977961286,0.7771077096318034,0.5116089090795743,0.37360413579093227,0.0,0.757077139810913,0.757077139810913
hrl,multi,0,off,0,1949,-2.2050064606300994,205.0,0.7687278389930725,0.7179409861564636,1,0.0,0.7477835249879071,7,0,off,0,0,0.0,0.0,0.0,0.9657776238312316,0.9644097631089089,0.8397734925537161,0.8879653177091473,0.7535201169726988,0.4494342249487138,0.37360413579093227,0.0,0.7477835249879071,0.7477835249879071
hrl,multi,0,off,0,1950,-2.1090108519676116,202.0,0.7716679573059082,0.7232506275177002,1,0.0,0.7647396031071159,7,0,off,0,0,0.0,0.0,0.0,0.9621549301622716,0.9644097631089089,0.8397734925537161,0.8879653177091473,0.7535201169726988,0.5681928400598593,0.37716076118320985,0.0,0.7647396031071159,0.7647396031071159
hrl,multi,0,off,0,1951,-2.0836173575615975,201.0,0.7672275900840759,0.7179409861564636,1,0.0,0.7630008906499776,7,0,off,0,0,0.0,0.0,0.0,0.9657776238312316,0.9644097631089089,0.8397734925537161,0.9021716368402182,0.7535201169726988,0.5681928400598593,0.3471607611832098,0.0,0.7630008906499776,0.7630008906499776
hrl,multi,0,off,0,1952,-2.4273837634047895,213.0,0.7884562611579895,0.7368783354759216,1,0.0,0.7400711732160399,7,0,off,0,0,0.0,0.0,0.0,0.9621549301622716,0.9514068204592127,0.8397734925537161,0.7209975251615557,0.7573111923400724,0.5681928400598593,0.3806614117755906,0.0,0.7400711732160399,0.7400711732160399
hrl,multi,0,off,0,1953,-2.1732937920594098,204.0,0.766933262348175,0.7179409861564636,1,0.0,0.7507792471473308,7,0,off,0,0,0.0,0.0,0.0,0.9657776238312316,0.9644097631089089,0.8397734925537161,0.9021716368402182,0.6666282520943668,0.5681928400598593,0.34850112154301427,0.0,0.7507792471473308,0.7507792471473308
hrl,multi,0,off,0,1954,-2.083185038873925,201.0,0.7669467329978943,0.7179409861564636,1,0.0,0.7624928013082236,7,0,off,0,0,0.0,0.0,0.0,0.9657776238312316,0.9644097631089089,0.8397734925537161,0.9021716368402182,0.7535201169726988,0.5681928400598593,0.3436041357909323,0.0,0.7624928013082236,0.7624928013082236
hrl,multi,0,off,0,1955,-1.9922645591350738,198.0,0.7662683725357056,0.7179409861564636,1,0.0,0.7748969827024702,7,0,off,0,0,0.0,0.0,0.0,0.9657776238312316,0.9644097631089089,0.8397734925537161,0.9021716368402182,0.7771077096318034,0.5681928400598593,0.40684581289155486,0.0,0.7748969827024702,0.7748969827024702
hrl,multi,0,off,0,1956,-2.0241727902542332,199.0,0.766211211681366,0.7179409861564636,1,0.0,0.7701481716880956,7,0,off,0,0,0.0,0.0,0.0,0.9657776238312316,0.9644097631089089,0.8397734925537161,0.9021716368402182,0.7771077096318034,0.5681928400598593,0.37360413579093227,0.0,0.7701481716880956,0.7701481716880956
hrl,multi,0,off,0,1957,-2.1139293378184076,202.0,0.771708607673645,0.7179409861564636,1,0.0,0.7660836055052463,7,0,off,0,0,0.0,0.0,0.0,0.9657776238312316,0.9589721298278469,0.823908205701246,0.8879653177091473,0.7771077096318034,0.5681928400598593,0.3806614117755906,0.0,0.7660836055052463,0.7660836055052463
hrl,multi,0,off,0,1958,-2.056251811643597,200.0,0.7659271955490112,0.7179409861564636,1,0.0,0.766870639685904,7,0,off,0,0,0.0,0.0,0.0,0.9657776238312316,0.9644097631089089,0.8097734925537161,0.9021716368402182,0.7771077096318034,0.5681928400598593,0.3806614117755906,0.0,0.766870639685904,0.766870639685904
hrl,multi,0,off,0,1959,-2.0819811306381597,201.0,0.7696520686149597,0.7232506275177002,1,0.0,0.7643012122697702,7,0,off,0,0,0.0,0.0,0.0,0.9621549301622716,0.9644097631089089,0.8397734925537161,0.9021716368402182,0.7535201169726988,0.5681928400598593,0.3598857061907182,0.0,0.7643012122697702,0.7643012122697702
hrl,multi,0,off,0,1960,-2.213762390456393,205.0,0.7689222097396851,0.7179409861564636,1,0.0,0.7442956171316161,7,0,off,0,0,0.0,0.0,0.0,0.9657776238312316,0.9644097631089089,0.8397734925537161,0.8879653177091473,0.749630562943375,0.4589084239840005,0.3436041357909323,0.0,0.7442956171316161,0.7442956171316161
hrl,multi,0,off,0,1961,-8.0524784349343,300.0,0.41700854897499084,0.2244904488325119,0,0.0,-0.7474383978890301,7,0,off,0,0,0.0,0.0,0.0,-6.500706333047337,0.14,0.07,0.07,0.42307089972006007,0.4955666481040659,0.07,0.0,-0.7474383978890301,-0.7474383978890301
hrl,multi,0,off,0,1962,-2.110168503361055,202.0,0.7699394822120667,0.7179409861564636,1,0.0,0.7622202041534669,7,0,off,0,0,0.0,0.0,0.0,0.9657776238312316,0.9526041424019642,0.8397734925537161,0.9021716368402182,0.7334175575963473,0.5681928400598593,0.37360413579093227,0.0,0.7622202041534669,0.7622202041534669
hrl,multi,0,off,0,1963,-2.142086701116058,203.0,0.7683356404304504,0.7179409861564636,1,0.0,0.7573212136519627,7,0,off,0,0,0.0,0.0,0.0,0.9657776238312316,0.9644097631089089,0.8397734925537161,0.9021716368402182,0.7771077096318034,0.5247067539582406,0.32730151563962023,0.0,0.7573212136519627,0.7573212136519627
hrl,multi,0,off,0,1964,-2.1139662721217607,202.0,0.7679756879806519,0.7179409861564636,1,0.0,0.759865131391537,7,0,off,0,0,0.0,0.0,0.0,0.9657776238312316,0.9644097631089089,0.8397734925537161,0.8301903547643076,0.7771077096318034,0.5681928400598593,0.37360413579093227,0.0,0.759865131391537,0.759865131391537
hrl,multi,0,off,0,1965,-2.1099194914824326,202.0,0.7665897607803345,0.7179409861564636,1,0.0,0.7578284541576753,7,0,off,0,0,0.0,0.0,0.0,0.9657776238312316,0.9644097631089089,0.8397734925537161,0.9021716368402182,0.7771077096318034,0.5681928400598593,0.2873661130779912,0.0,0.7578284541576753,0.7578284541576753
hrl,multi,0,off,0,1966,-4.19328051328353,272.0,0.8035885095596313,0.7232506275177002,1,0.0,0.49913874282170534,7,0,off,0,0,0.0,0.0,0.0,0.9621549301622716,0.9644097631089089,0.7698576915851106,-0.8812223439437701,0.7334175575963473,0.5681928400598593,0.37716076118320985,0.0,0.49913874282170534,0.49913874282170534
hrl,multi,0,off,0,1967,-4.67749765944631,288.0,0.8010267019271851,0.7179409861564636,1,0.0,0.42361306007043276,7,0,off,0,0,0.0,0.0,0.0,0.9657776238312316,0.9589721298278469,0.8151947606901763,-1.3881897424695313,0.6910828412209957,0.5452930462091005,0.37716076118320985,0.0,0.42361306007043276,0.42361306007043276
hrl,multi,0,off,0,1968,-2.290749539857493,208.0,0.7769504189491272,0.7179409861564636,1,0.0,0.7412991580298662,7,0,off,0,0,0.0,0.0,0.0,0.9657776238312316,0.9644097631089089,0.8397734925537161,0.7231283350833708,0.7771077096318034,0.5452930462091005,0.37360413579093227,0.0,0.7412991580298662,0.7412991580298662
hrl,multi,0,off,0,1969,-2.052292249596212,200.0,0.7669467329978943,0.7179409861564636,1,0.0,0.766778515593938,7,0,off,0,0,0.0,0.0,0.0,0.9657776238312316,0.9644097631089089,0.8397734925537161,0.9021716368402182,0.7535201169726988,0.5681928400598593,0.37360413579093227,0.0,0.766778515593938,0.766778515593938
hrl,multi,0,off,0,1970,-2.0524368764541574,200.0,0.7661217451095581,0.7179409861564636,1,0.0,0.7656516595107323,7,0,off,0,0,0.0,0.0,0.0,0.9657776238312316,0.9644097631089089,0.8397734925537161,0.9021716368402182,0.7456321243902595,0.5681928400598593,0.37360413579093227,0.0,0.7656516595107323,0.7656516595107323
hrl,multi,0,off,0,1971,-2.401398252820359,212.0,0.7867318391799927,0.7179409861564636,1,0.0,0.7418628292472881,7,0,off,0,0,0.0,0.0,0.0,0.9657776238312316,0.8168322367270263,0.8397734925537161,0.9021716368402182,0.749630562943375,0.5681928400598593,0.3506614117755906,0.0,0.7418628292472881,0.7418628292472881
hrl,multi,0,off,0,1972,-2.8467911118897518,227.0,0.7989334464073181,0.7232506275177002,1,0.0,0.6918103529042811,7,0,off,0,0,0.0,0.0,0.0,0.5681495281500467,0.9644097631089089,0.8397734925537161,0.8879653177091473,0.6635201169726987,0.5681928400598593,0.3506614117755906,0.0,0.6918103529042811,0.6918103529042811
hrl,multi,0,off,0,1973,-3.8307133814581773,260.0,0.8053493499755859,0.7232506275177002,1,0.0,0.5528805113979851,7,0,off,0,0,0.0,0.0,0.0,-0.44661918450304094,0.9644097631089089,0.8397734925537161,0.9021716368402182,0.7771077096318034,0.4826587503787001,0.35066141177559074,0.0,0.5528805113979851,0.5528805113979851
hrl,multi,0,off,0,1974,-2.2019381893065275,207.0,0.768814206123352,0.730881929397583,1,0.0,0.7334600337743862,7,0,off,0,0,0.0,0.0,0.0,0.9553163538872521,0.9190958160550062,0.7843290731179455,0.9021716368402182,0.7771077096318034,0.4225955110975457,0.37360413579093227,0.0,0.7334600337743862,0.7334600337743862
hrl,multi,0,off,0,1975,-2.0854651622311207,201.0,0.7653887867927551,0.7179409861564636,1,0.0,0.757115338711916,7,0,off,0,0,0.0,0.0,0.0,0.9657776238312316,0.9644097631089089,0.8397734925537161,0.863841599857719,0.7471077096318034,0.5452930462091005,0.37360413579093227,0.0,0.757115338711916,0.757115338711916
hrl,multi,0,off,0,1976,-2.183952408754266,204.0,0.7639732956886292,0.7014341354370117,1,0.0,0.7462633734289714,7,0,off,0,0,0.0,0.0,0.0,0.9159770000388033,0.9644097631089089,0.8397734925537161,0.9021716368402182,0.7771077096318034,0.5681928400598593,0.2562111717694903,0.0,0.7462633734289714,0.7462633734289714
hrl,multi,0,off,0,1977,-2.024762450768612,199.0,0.766211211681366,0.7179409861564636,1,0.0,0.7701481716880956,7,0,off,0,0,0.0,0.0,0.0,0.9657776238312316,0.9644097631089089,0.8397734925537161,0.9021716368402182,0.7771077096318034,0.5681928400598593,0.37360413579093227,0.0,0.7701481716880956,0.7701481716880956
hrl,multi,0,off,0,1978,-2.0542056077043527,200.0,0.7674357295036316,0.7179409861564636,1,0.0,0.7688898844212655,7,0,off,0,0,0.0,0.0,0.0,0.9657776238312316,0.9644097631089089,0.823908205701246,0.9021716368402182,0.7771077096318034,0.5681928400598593,0.3806614117755906,0.0,0.7688898844212655,0.7688898844212655
hrl,multi,0,off,0,1979,-2.1446400904364404,203.0,0.7664395570755005,0.7179409861564636,1,0.0,0.7549150966107717,7,0,off,0,0,0.0,0.0,0.0,0.9657776238312316,0.9644097631089089,0.8097734925537161,0.9021716368402182,0.7471077096318034,0.5145040385339334,0.3806614117755906,0.0,0.7549150966107717,0.7549150966107717
hrl,multi,0,off,0,1980,-2.6250934150756726,219.0,0.7668593525886536,0.7179409861564636,1,0.0,0.6850561784169092,7,0,off,0,0,0.0,0.0,0.0,0.9657776238312316,0.9644097631089089,0.8397734925537161,0.9021716368402182,0.21146375673349846,0.5681928400598593,0.3436041357909323,0.0,0.6850561784169092,0.6850561784169092
hrl,multi,0,off,0,1981,-2.142557503158458,203.0,0.7688020467758179,0.7179409861564636,1,0.0,0.7533441187607485,7,0,off,0,0,0.0,0.0,0.0,0.9657776238312316,0.9124296981466014,0.793908205701246,0.9021716368402182,0.7771077096318034,0.5681928400598593,0.3538211171142807,0.0,0.7533441187607485,0.7533441187607485
hrl,multi,0,off,0,1982,-2.1726712071965433,204.0,0.7676829099655151,0.7179409861564636,1,0.0,0.74933340906046,7,0,off,0,0,0.0,0.0,0.0,0.9657776238312316,0.9644097631089089,0.8397734925537161,0.8879653177091473,0.6456106903694241,0.5681928400598593,0.37360413579093227,0.0,0.74933340906046,0.74933340906046
hrl,multi,0,off,0,1983,-2.083103888197799,201.0,0.7693556547164917,0.7179409861564636,1,0.0,0.7659541496056367,7,0,off,0,0,0.0,0.0,0.0,0.9657776238312316,0.9589721298278469,0.8397734925537161,0.9021716368402182,0.749630562943375,0.5681928400598593,0.37716076118320985,0.0,0.7659541496056367,0.7659541496056367
hrl,multi,0,off,0,1984,-2.2232347452966468,206.0,0.7749951481819153,0.7368783354759216,1,0.0,0.7535884585085181,7,0,off,0,0,0.0,0.0,0.0,0.9621549301622716,0.9589721298278469,0.823908205701246,0.8879653177091473,0.7771077096318034,0.48434950475172156,0.3806614117755906,0.0,0.7535884585085181,0.7535884585085181
hrl,multi,0,off,0,1985,-2.1702931164461177,204.0,0.7731510996818542,0.7232506275177002,1,0.0,0.759314229708815,7,0,off,0,0,0.0,0.0,0.0,0.9621549301622716,0.9644097631089089,0.8397734925537161,0.872695977961286,0.7573111923400724,0.5681928400598593,0.35066141177559074,0.0,0.759314229708815,0.759314229708815
hrl,multi,0,off,0,1986,-4.725085289945855,290.0,0.8185800909996033,0.7368783354759216,1,0.0,0.4430926624731428,7,0,off,0,0,0.0,0.0,0.0,0.9621549301622716,-1.1708372207284097,0.8397734925537161,0.7831283350833709,0.7456321243902595,0.5681928400598593,0.37360413579093227,0.0,0.4430926624731428,0.4430926624731428
hrl,multi,0,off,0,1987,-2.0562968663231005,200.0,0.7664920687675476,0.7179409861564636,1,0.0,0.7663705467441353,7,0,off,0,0,0.0,0.0,0.0,0.9657776238312316,0.9644097631089089,0.8097734925537161,0.9021716368402182,0.7771077096318034,0.5681928400598593,0.37716076118320985,0.0,0.7663705467441353,0.7663705467441353
hrl,multi,0,off,0,1988,-2.350071299768746,210.0,0.7782930731773376,0.7179409861564636,1,0.0,0.738487502980517,7,0,off,0,0,0.0,0.0,0.0,0.9657776238312316,0.9644097631089089,0.8397734925537161,0.7630151989056977,0.6910828412209957,0.5681928400598593,0.37716076118320985,0.0,0.738487502980517,0.738487502980517
hrl,multi,0,off,0,1989,-2.7850512461678503,225.0,0.7962459325790405,0.7368783354759216,1,0.0,0.6970911348721122,7,0,off,0,0,0.0,0.0,0.0,0.9621549301622716,0.9589721298278469,0.8397734925537161,0.43278780703042574,0.7334175575963473,0.5681928400598593,0.3843391868743182,0.0,0.6970911348721122,0.6970911348721122
hrl,multi,0,off,0,1990,-2.113224033059086,202.0,0.771300196647644,0.7179409861564636,1,0.0,0.7659186232054499,7,0,off,0,0,0.0,0.0,0.0,0.9657776238312316,0.9514068204592127,0.8397734925537161,0.9021716368402182,0.7771077096318034,0.5445316673463775,0.3806614117755906,0.0,0.7659186232054499,0.7659186232054499
hrl,multi,0,off,0,1991,-2.111304385176626,202.0,0.7682085037231445,0.7232506275177002,1,0.0,0.7615467555378819,7,0,off,0,0,0.0,0.0,0.0,0.9553163538872521,0.9644097631089089,0.8397734925537161,0.9021716368402182,0.7771077096318034,0.5681928400598593,0.32385549268341624,0.0,0.7615467555378819,0.7615467555378819
hrl,multi,0,off,0,1992,-2.0856515542208216,201.0,0.7678097486495972,0.7179409861564636,1,0.0,0.761275096958481,7,0,off,0,0,0.0,0.0,0.0,0.9657776238312316,0.8952409640169476,0.8397734925537161,0.9021716368402182,0.7771077096318034,0.5681928400598593,0.3806614117755906,0.0,0.761275096958481,0.761275096958481
hrl,multi,0,off,0,1993,-2.0524859787197776,200.0,0.7665753960609436,0.7179409861564636,1,0.0,0.7663216979852528,7,0,off,0,0,0.0,0.0,0.0,0.9657776238312316,0.9644097631089089,0.8026667023586376,0.9021716368402182,0.7573111923400724,0.5681928400598593,0.403722127357843,0.0,0.7663216979852528,0.7663216979852528
hrl,multi,0,off,0,1994,-2.115352505785412,202.0,0.7657991051673889,0.7179409861564636,1,0.0,0.7586947046058273,7,0,off,0,0,0.0,0.0,0.0,0.9657776238312316,0.9644097631089089,0.8397734925537161,0.9021716368402182,0.6564330731998692,0.5681928400598593,0.4141045026469886,0.0,0.7586947046058273,0.7586947046058273
hrl,multi,0,off,0,1995,-2.0827205824269877,201.0,0.7688844799995422,0.7232506275177002,1,0.0,0.7658185868991738,7,0,off,0,0,0.0,0.0,0.0,0.9553163538872521,0.9644097631089089,0.8397734925537161,0.9021716368402182,0.7210699744552349,0.5681928400598593,0.40979604738902753,0.0,0.7658185868991738,0.7658185868991738
hrl,multi,0,off,0,1996,-5.447227932541862,300.0,0.7847881317138672,0.7179409861564636,0,0.0,0.30320179733307606,7,0,off,0,0,0.0,0.0,0.0,0.9657776238312316,0.9644097631089089,0.8397734925537161,0.8176799185493744,0.3690704210272587,0.5466280997261449,-2.3809267374651024,0.0,0.30320179733307606,0.30320179733307606
hrl,multi,0,off,0,1997,-2.102324653849936,202.0,0.7728210091590881,0.7368783354759216,1,0.0,0.7627208733927232,7,0,off,0,0,0.0,0.0,0.0,0.9621549301622716,0.9589721298278469,0.8397734925537161,0.9021716368402182,0.7535201169726988,0.5452930462091005,0.37716076118320985,0.0,0.7627208733927232,0.7627208733927232
hrl,multi,0,off,0,1998,-5.444256857517757,300.0,0.7857393026351929,0.7179409861564636,0,0.0,0.2988418060246237,7,0,off,0,0,0.0,0.0,0.0,0.9657776238312316,0.9644097631089089,0.8397734925537161,0.872695977961286,0.35115874970744926,0.5452930462091005,-2.447216011199327,0.0,0.2988418060246237,0.2988418060246237
hrl,multi,0,off,0,1999,-2.053499518247549,200.0,0.7688069343566895,0.7179409861564636,1,0.0,0.7666946769861489,7,0,off,0,0,0.0,0.0,0.0,0.9657776238312316,0.9589721298278469,0.8381719263597154,0.9021716368402182,0.749630562943375,0.5452930462091005,0.40684581289155486,0.0,0.7666946769861489,0.7666946769861489
hrl,multi,0,off,0,2000,-2.0277840959536815,199.0,0.7666186690330505,0.7179409861564636,1,0.0,0.7688076990794499,7,0,off,0,0,0.0,0.0,0.0,0.9657776238312316,0.9644097631089089,0.8397734925537161,0.9021716368402182,0.7471077096318034,0.5452930462091005,0.41712062138117023,0.0,0.7688076990794499,0.7688076990794499
