arch,ll_mode,experience_sharing,share_mode,use_tutee,episode,reward,steps,mastery_mean,mastery_min,completed,flat_agent_reward,avg_agent_reward,n_ll_agents,share_enabled_eff,share_mode_eff,share_attempts,share_peer_samples,share_mean_peer_weight,share_eligible_peers_mean,share_selected_peers_mean,ll_reward_0,ll_reward_1,ll_reward_2,ll_reward_3,ll_reward_4,tutee_reward_total,avg_reward_per_learning_agent,avg_reward_per_topic_slot
hrl,multi,0,weighted_cka,0,1,0.9041072106012497,300.0,0.2751438021659851,0.1026262640953064,0,0.0,0.18082144212024992,5,0,off,0,0,0.0,0.0,0.0,0.008403368733394014,0.06611397017538545,0.12618580119311806,0.21606284256279462,0.48734122793655754,0.0,0.18082144212024992,0.18082144212024992
hrl,multi,0,weighted_cka,0,2,0.7634747644289734,300.0,0.33993950486183167,0.05643083155155182,0,0.0,0.1526949528857947,5,0,off,0,0,0.0,0.0,0.0,0.012088313270360224,-0.5822558658356435,0.055479319687001385,0.0037790927253662995,1.2743839045818892,0.0,0.1526949528857947,0.1526949528857947
hrl,multi,0,weighted_cka,0,3,1.2881044262554484,300.0,0.38539963960647583,0.06311427801847458,0,0.0,0.2576208852510897,5,0,off,0,0,0.0,0.0,0.0,0.02320318639418109,0.146445195270702,0.21230962685681876,-0.18063771747704607,1.086784135210793,0.0,0.2576208852510897,0.2576208852510897
hrl,multi,0,weighted_cka,0,4,1.3882409035883017,300.0,0.4176255166530609,0.1687886267900467,0,0.0,0.2776481807176604,5,0,off,0,0,0.0,0.0,0.0,0.09252526391204441,0.3069345799149594,0.020792546638520426,-0.19775337894773137,1.1657418920705092,0.0,0.2776481807176604,0.2776481807176604
hrl,multi,0,weighted_cka,0,5,1.4205618811189185,300.0,0.48878392577171326,0.22876104712486267,0,0.0,0.28411237622378377,5,0,off,0,0,0.0,0.0,0.0,0.05077623628173014,0.24400583054544375,0.08099276171252123,0.0561676445351913,0.9886194080440324,0.0,0.28411237622378377,0.28411237622378377
hrl,multi,0,weighted_cka,0,6,0.9769675804947826,300.0,0.4431701600551605,0.1908664107322693,0,0.0,0.19539351609895655,5,0,off,0,0,0.0,0.0,0.0,-0.03066762552600267,-0.058603824799880494,0.2002760871201752,-0.20424022384884338,1.0702031675493342,0.0,0.19539351609895655,0.19539351609895655
hrl,multi,0,weighted_cka,0,7,0.43729761463400685,300.0,0.37883082032203674,0.10694889724254608,0,0.0,0.0874595229268014,5,0,off,0,0,0.0,0.0,0.0,0.0004943965622806017,0.04730023694210095,0.1411267963795102,0.08038775924965738,0.16798842550045778,0.0,0.0874595229268014,0.0874595229268014
hrl,multi,0,weighted_cka,0,8,1.4750579905863548,300.0,0.5334818959236145,0.293179988861084,0,0.0,0.29501159811727107,5,0,off,0,0,0.0,0.0,0.0,-0.057400440419325696,0.9751004614883275,0.07727250089868898,-0.01302204626577453,0.49310751488443894,0.0,0.29501159811727107,0.29501159811727107
hrl,multi,0,weighted_cka,0,9,1.6492851172479264,300.0,0.5104624032974243,0.069083571434021,0,0.0,0.32985702344958534,5,0,off,0,0,0.0,0.0,0.0,0.29359357590926805,0.9800623927954583,-0.2344678676375191,-0.04069804057013243,0.6507950567508521,0.0,0.32985702344958534,0.32985702344958534
hrl,multi,0,weighted_cka,0,10,1.2895820614809042,300.0,0.5097172856330872,0.07048259675502777,0,0.0,0.2579164122961809,5,0,off,0,0,0.0,0.0,0.0,-0.024902844931522863,0.3370599839938803,0.43984885961632225,-0.17430947504937666,0.7118855378516016,0.0,0.2579164122961809,0.2579164122961809
hrl,multi,0,weighted_cka,0,11,0.9682728169456811,300.0,0.4777214527130127,0.20926308631896973,0,0.0,0.19365456338913628,5,0,off,0,0,0.0,0.0,0.0,0.016665937158511876,0.4183733088888692,-0.34174697515356856,0.048112081320257793,0.8268684647316111,0.0,0.19365456338913628,0.19365456338913628
hrl,multi,0,weighted_cka,0,12,1.378097060141589,300.0,0.5103626251220703,0.1891573667526245,0,0.0,0.27561941202831786,5,0,off,0,0,0.0,0.0,0.0,0.05477867015171789,0.4119484356832689,-0.29278711038373906,0.5455962312136542,0.6585608334766874,0.0,0.27561941202831786,0.27561941202831786
hrl,multi,0,weighted_cka,0,13,0.8785769490743394,300.0,0.3665107488632202,0.0972854495048523,0,0.0,0.17571538981486792,5,0,off,0,0,0.0,0.0,0.0,-0.22620317945600282,0.14052901444025334,-0.10939332346001188,0.09214131920784707,0.9815031183422539,0.0,0.17571538981486792,0.17571538981486792
hrl,multi,0,weighted_cka,0,14,0.8276862650502141,300.0,0.3612655997276306,0.12021598219871521,0,0.0,0.16553725301004285,5,0,off,0,0,0.0,0.0,0.0,-0.5176824220910062,0.04489764497242854,0.04096281088935208,0.046741082560271,1.212767148719169,0.0,0.16553725301004285,0.16553725301004285
hrl,multi,0,weighted_cka,0,15,0.24758938500308325,300.0,0.2588309347629547,0.05823464319109917,0,0.0,0.049517877000616696,5,0,off,0,0,0.0,0.0,0.0,-0.0004066731238272052,-0.6144041913282131,0.03764484308846286,-0.013737868313677681,0.8384932746803386,0.0,0.049517877000616696,0.049517877000616696
hrl,multi,0,weighted_cka,0,16,0.7397175859798142,300.0,0.3660580515861511,0.07263645529747009,0,0.0,0.14794351719596288,5,0,off,0,0,0.0,0.0,0.0,-0.027895392807899055,-0.21024978554993898,-0.016745390409836615,-0.16802465508054612,1.1626328098280352,0.0,0.14794351719596288,0.14794351719596288
hrl,multi,0,weighted_cka,0,17,0.9973940829833727,300.0,0.4182435870170593,0.23289883136749268,0,0.0,0.19947881659667455,5,0,off,0,0,0.0,0.0,0.0,-0.29322064186690866,-0.12324444459751266,0.2383713835347443,0.13296483772713685,1.0425229481859128,0.0,0.19947881659667455,0.19947881659667455
hrl,multi,0,weighted_cka,0,18,1.938382546401043,300.0,0.6089112162590027,0.35326629877090454,0,0.0,0.3876765092802087,5,0,off,0,0,0.0,0.0,0.0,0.22658910252747574,0.3991174329303175,0.014983578741550267,0.22876170909404747,1.0689307231076524,0.0,0.3876765092802087,0.3876765092802087
hrl,multi,0,weighted_cka,0,19,1.5134428981706138,300.0,0.5467734932899475,0.37937071919441223,0,0.0,0.3026885796341228,5,0,off,0,0,0.0,0.0,0.0,0.01437048540241075,0.44412731309077913,-0.20303607009071895,0.07884078059345478,1.1791403891746883,0.0,0.3026885796341228,0.3026885796341228
hrl,multi,0,weighted_cka,0,20,1.938858644221908,300.0,0.6146026849746704,0.41392019391059875,0,0.0,0.38777172884438166,5,0,off,0,0,0.0,0.0,0.0,-0.08685445116483634,0.4208538357840733,0.35685075791343096,0.05584062550059743,1.192167876188643,0.0,0.38777172884438166,0.38777172884438166
hrl,multi,0,weighted_cka,0,21,1.2905007536115578,300.0,0.5153681635856628,0.129456028342247,0,0.0,0.2581001507223116,5,0,off,0,0,0.0,0.0,0.0,-0.18673003059229823,0.07412833814835151,0.05754699963564039,0.31265854590199876,1.0328969005178656,0.0,0.2581001507223116,0.2581001507223116
hrl,multi,0,weighted_cka,0,22,0.6671546111931081,300.0,0.3857249617576599,0.031065018847584724,0,0.0,0.13343092223862166,5,0,off,0,0,0.0,0.0,0.0,-0.24497301285213344,0.013393201838713075,0.15196028837747866,-0.4195506859257589,1.1663248197548088,0.0,0.13343092223862166,0.13343092223862166
hrl,multi,0,weighted_cka,0,23,0.6075594754452811,300.0,0.3999844789505005,0.008264313451945782,0,0.0,0.12151189508905627,5,0,off,0,0,0.0,0.0,0.0,-0.4846283175324055,0.09818036398477847,0.061733469496481064,-0.3239101646177972,1.2561841241142244,0.0,0.12151189508905627,0.12151189508905627
hrl,multi,0,weighted_cka,0,24,1.2969967753684601,300.0,0.5246425867080688,0.14277447760105133,0,0.0,0.2593993550736921,5,0,off,0,0,0.0,0.0,0.0,-0.011439324474427907,0.6562850589286535,0.3906488625423516,0.04140804077521859,0.22009413759666474,0.0,0.2593993550736921,0.2593993550736921
hrl,multi,0,weighted_cka,0,25,1.0891045924456182,300.0,0.531689465045929,0.38689032196998596,0,0.0,0.2178209184891237,5,0,off,0,0,0.0,0.0,0.0,0.019164472552714723,0.2338078009448945,-0.0845930029749872,-0.2410852248327941,1.1618105467557904,0.0,0.2178209184891237,0.2178209184891237
hrl,multi,0,weighted_cka,0,26,1.0149012178055261,300.0,0.4972447454929352,0.3117842376232147,0,0.0,0.20298024356110528,5,0,off,0,0,0.0,0.0,0.0,0.16046165418904268,0.14987368528824296,-0.1939290754565594,0.13033045488240863,0.7681644989023915,0.0,0.20298024356110528,0.20298024356110528
hrl,multi,0,weighted_cka,0,27,1.0538143792247854,300.0,0.519354522228241,0.32921233773231506,0,0.0,0.21076287584495718,5,0,off,0,0,0.0,0.0,0.0,-0.06173482009570588,-0.25846819234569585,0.3069042767845094,0.08510037176590401,0.982012743115774,0.0,0.21076287584495718,0.21076287584495718
hrl,multi,0,weighted_cka,0,28,1.9297637275831208,300.0,0.609712541103363,0.3928099572658539,0,0.0,0.38595274551662423,5,0,off,0,0,0.0,0.0,0.0,-0.0516683492356535,0.3588980926042422,0.2275670939981935,0.17032163920532906,1.22464525101101,0.0,0.38595274551662423,0.38595274551662423
hrl,multi,0,weighted_cka,0,29,1.8794697676639758,300.0,0.6166527271270752,0.3233691155910492,0,0.0,0.37589395353279526,5,0,off,0,0,0.0,0.0,0.0,0.33093504000361995,0.35612722552847104,0.06882048487197602,-0.08629608817317085,1.20988310543308,0.0,0.37589395353279526,0.37589395353279526
hrl,multi,0,weighted_cka,0,30,1.4005374634082033,300.0,0.5041922330856323,0.2598564922809601,0,0.0,0.28010749268164076,5,0,off,0,0,0.0,0.0,0.0,0.07925224479974705,0.2871559674404642,0.32348680893075626,-0.06217792216071409,0.7728203643979503,0.0,0.28010749268164076,0.28010749268164076
hrl,multi,0,weighted_cka,0,31,1.4444020059623641,300.0,0.5613259077072144,0.2625000774860382,0,0.0,0.28888040119247294,5,0,off,0,0,0.0,0.0,0.0,-0.03959003711398691,0.1493602055652299,0.4529856786125236,0.047690968574373604,0.8339551903242244,0.0,0.28888040119247294,0.28888040119247294
hrl,multi,0,weighted_cka,0,32,2.361587928475636,300.0,0.6701706647872925,0.5324060320854187,0,0.0,0.4723175856951273,5,0,off,0,0,0.0,0.0,0.0,0.2472047539467892,0.5501884631221327,0.2805052563948555,0.12156024439353486,1.1621292106183243,0.0,0.4723175856951273,0.4723175856951273
hrl,multi,0,weighted_cka,0,33,1.3734533078582887,300.0,0.529150664806366,0.18932496011257172,0,0.0,0.27469066157165783,5,0,off,0,0,0.0,0.0,0.0,0.10103780608763914,-0.027641588672995644,0.3767964759687891,0.06469891564230745,0.8585616988325491,0.0,0.27469066157165783,0.27469066157165783
hrl,multi,0,weighted_cka,0,34,1.4971331852965237,300.0,0.5960268378257751,0.32490304112434387,0,0.0,0.2994266370593048,5,0,off,0,0,0.0,0.0,0.0,0.16842360912263388,0.016775222741998632,0.15822362117376154,-0.019292530114557154,1.1730032623726871,0.0,0.2994266370593048,0.2994266370593048
hrl,multi,0,weighted_cka,0,35,1.3992242610453092,300.0,0.5673809051513672,0.186090350151062,0,0.0,0.2798448522090619,5,0,off,0,0,0.0,0.0,0.0,-0.2792973123854029,0.3047498813415876,0.11179392724856732,0.15513245571358114,1.1068453091269763,0.0,0.2798448522090619,0.2798448522090619
hrl,multi,0,weighted_cka,0,36,1.9175223969032218,300.0,0.5843976736068726,0.4011251926422119,0,0.0,0.38350447938064447,5,0,off,0,0,0.0,0.0,0.0,-0.17741743950612757,0.3483941530184819,0.4677259739236904,0.08902090405020857,1.1897988054169688,0.0,0.38350447938064447,0.38350447938064447
hrl,multi,0,weighted_cka,0,37,2.3862847187068823,300.0,0.659598171710968,0.48414576053619385,0,0.0,0.47725694374137656,5,0,off,0,0,0.0,0.0,0.0,0.4224555217004379,0.36861321790446516,0.2918151304937491,0.10649316747044191,1.1969076811377888,0.0,0.47725694374137656,0.47725694374137656
hrl,multi,0,weighted_cka,0,38,2.368610526666451,300.0,0.659936249256134,0.4882642328739166,0,0.0,0.47372210533329034,5,0,off,0,0,0.0,0.0,0.0,0.20922732563235313,0.3268837368803214,0.6075475374273954,0.03823337686108408,1.1867185498652977,0.0,0.47372210533329034,0.47372210533329034
hrl,multi,0,weighted_cka,0,39,1.4058598117495409,300.0,0.5026211738586426,0.2520518898963928,0,0.0,0.28117196234990827,5,0,off,0,0,0.0,0.0,0.0,-0.009316850452683868,0.3585481942263431,0.33632223140669487,-0.0700983039281566,0.7904045404973439,0.0,0.28117196234990827,0.28117196234990827
hrl,multi,0,weighted_cka,0,40,1.9328865159041002,300.0,0.6301750540733337,0.3961751163005829,0,0.0,0.3865773031808201,5,0,off,0,0,0.0,0.0,0.0,0.06898693758645069,0.43955695676058515,-0.00553772399097233,0.2267133198305964,1.2031670257174407,0.0,0.3865773031808201,0.3865773031808201
hrl,multi,0,weighted_cka,0,41,2.3863403309209374,300.0,0.6745736002922058,0.5540869832038879,0,0.0,0.4772680661841876,5,0,off,0,0,0.0,0.0,0.0,0.23361469125736023,0.48140925870771734,0.47408301212883075,0.13155396727658797,1.0656794015504416,0.0,0.4772680661841876,0.4772680661841876
hrl,multi,0,weighted_cka,0,42,1.084728199318032,300.0,0.606886625289917,0.43074294924736023,0,0.0,0.2169456398636065,5,0,off,0,0,0.0,0.0,0.0,-0.09125311159528808,-0.04174483912810695,0.08990572834137112,0.2610976020401974,0.8667228196598589,0.0,0.2169456398636065,0.2169456398636065
hrl,multi,0,weighted_cka,0,43,2.383392147492849,300.0,0.6842915415763855,0.6088904738426208,0,0.0,0.47667842949856987,5,0,off,0,0,0.0,0.0,0.0,0.21326884097803833,0.5630254484871401,0.3334853492816909,0.16297965788654967,1.1106328508594303,0.0,0.47667842949856987,0.47667842949856987
hrl,multi,0,weighted_cka,0,44,2.416919082805542,300.0,0.6927833557128906,0.6423293352127075,0,0.0,0.4833838165611085,5,0,off,0,0,0.0,0.0,0.0,0.3440342918917884,0.3775904912232361,0.3284162176647222,0.19277104602009043,1.1741070360057053,0.0,0.4833838165611085,0.4833838165611085
hrl,multi,0,weighted_cka,0,45,1.0630656566965615,300.0,0.535873293876648,0.3821077346801758,0,0.0,0.21261313133931234,5,0,off,0,0,0.0,0.0,0.0,0.17678533410653466,0.3023002923103048,0.08956427932018407,-0.2983267513082834,0.7927425022678216,0.0,0.21261313133931234,0.21261313133931234
hrl,multi,0,weighted_cka,0,46,2.373361498166922,300.0,0.6892920732498169,0.6360988020896912,0,0.0,0.4746722996333845,5,0,off,0,0,0.0,0.0,0.0,0.1314721211459835,0.30500856250309133,0.41650995817047065,0.39533788575476486,1.125032970592612,0.0,0.4746722996333845,0.4746722996333845
hrl,multi,0,weighted_cka,0,47,1.4365185847160307,300.0,0.5346692800521851,0.2510858178138733,0,0.0,0.28730371694320617,5,0,off,0,0,0.0,0.0,0.0,-0.4439637734276335,0.4636310765915549,0.18712659025192258,0.04104735163785511,1.1886773396623318,0.0,0.28730371694320617,0.28730371694320617
hrl,multi,0,weighted_cka,0,48,2.881438505135941,284.0,0.7026274800300598,0.7009941935539246,1,0.0,0.5762877010271883,5,0,off,0,0,0.0,0.0,0.0,0.27645868043391947,0.6163001666415947,0.38553032986773167,0.5142100895363836,1.088939238656312,0.0,0.5762877010271883,0.5762877010271883
hrl,multi,0,weighted_cka,0,49,2.3604961602599346,300.0,0.6556236147880554,0.46875882148742676,0,0.0,0.472099232051987,5,0,off,0,0,0.0,0.0,0.0,0.26397997060022305,0.4005315027507021,0.5589615255333481,0.005718154731206453,1.1313050066444554,0.0,0.472099232051987,0.472099232051987
hrl,multi,0,weighted_cka,0,50,2.4126446035501417,300.0,0.692520022392273,0.6527414321899414,0,0.0,0.4825289207100284,5,0,off,0,0,0.0,0.0,0.0,0.314634137710789,0.5448297180002554,0.43035076431068575,0.017845424587838173,1.1049845589405738,0.0,0.4825289207100284,0.4825289207100284
hrl,multi,0,weighted_cka,0,51,0.9855920630900061,300.0,0.5232123136520386,0.2794439196586609,0,0.0,0.19711841261800128,5,0,off,0,0,0.0,0.0,0.0,-0.32333915887359804,0.5094583576829171,-0.26285041857953206,0.20274286337941883,0.8595804194808006,0.0,0.19711841261800128,0.19711841261800128
hrl,multi,0,weighted_cka,0,52,2.380829028994775,300.0,0.696956992149353,0.6698835492134094,0,0.0,0.47616580579895507,5,0,off,0,0,0.0,0.0,0.0,0.25971801052766375,0.5975159120834431,0.3029285079147665,0.08562126338435316,1.1350453350845489,0.0,0.47616580579895507,0.47616580579895507
hrl,multi,0,weighted_cka,0,53,2.337191832985262,300.0,0.6716058850288391,0.5478798151016235,0,0.0,0.46743836659705246,5,0,off,0,0,0.0,0.0,0.0,0.2356368742499033,0.4421660331673919,0.4579417071926871,0.1349354229737072,1.0665117954015728,0.0,0.46743836659705246,0.46743836659705246
hrl,multi,0,weighted_cka,0,54,0.9250913591815322,300.0,0.48464828729629517,0.17406795918941498,0,0.0,0.1850182718363065,5,0,off,0,0,0.0,0.0,0.0,-0.20073398253787328,0.40695328353112553,0.018591349769383536,-0.15206893319849074,0.8523496416173875,0.0,0.1850182718363065,0.1850182718363065
hrl,multi,0,weighted_cka,0,55,2.227865854989794,300.0,0.6074355840682983,0.21529929339885712,0,0.0,0.4455731709979589,5,0,off,0,0,0.0,0.0,0.0,0.33746556443275755,0.48166789123785547,0.27583995379472603,0.01617088679573489,1.1167215587287207,0.0,0.4455731709979589,0.4455731709979589
hrl,multi,0,weighted_cka,0,56,2.4053415031143217,300.0,0.6889462471008301,0.6344423890113831,0,0.0,0.48106830062286443,5,0,off,0,0,0.0,0.0,0.0,0.7850875001780221,0.5526216004174201,0.4059055551525669,-0.0046706040581922514,0.6663974514245053,0.0,0.48106830062286443,0.48106830062286443
hrl,multi,0,weighted_cka,0,57,1.9108677502372289,300.0,0.6152917146682739,0.3339793384075165,0,0.0,0.38217355004744585,5,0,off,0,0,0.0,0.0,0.0,0.29465991080366044,0.46568768134247496,-0.06219896412594253,0.11162682631984344,1.101092295897193,0.0,0.38217355004744585,0.38217355004744585
hrl,multi,0,weighted_cka,0,58,2.3607595570541875,300.0,0.6575996279716492,0.47388309240341187,0,0.0,0.47215191141083757,5,0,off,0,0,0.0,0.0,0.0,0.8797858723567767,0.44598974489513765,0.2754538161945527,0.07067357359500592,0.688856550012715,0.0,0.47215191141083757,0.47215191141083757
hrl,multi,0,weighted_cka,0,59,2.8195211619845635,293.0,0.7036566734313965,0.7008547782897949,1,0.0,0.5639042323969128,5,0,off,0,0,0.0,0.0,0.0,0.3285971271590095,0.5060368630544106,0.4309193179171996,0.4754954852983354,1.0784723685556088,0.0,0.5639042323969128,0.5639042323969128
hrl,multi,0,weighted_cka,0,60,2.397525460825271,300.0,0.6863164901733398,0.6117812395095825,0,0.0,0.47950509216505444,5,0,off,0,0,0.0,0.0,0.0,0.35896580426744173,0.6840716271735726,0.3634798731207846,0.1165085957682166,0.8744995604952562,0.0,0.47950509216505444,0.47950509216505444
hrl,multi,0,weighted_cka,0,61,2.244943749114462,300.0,0.6308208703994751,0.3402941823005676,0,0.0,0.4489887498228926,5,0,off,0,0,0.0,0.0,0.0,0.26364019139483563,0.4057066652011125,0.19187411044782474,0.30201299589493996,1.0817097861757499,0.0,0.4489887498228926,0.4489887498228926
hrl,multi,0,weighted_cka,0,62,2.820199020493425,298.0,0.7041874527931213,0.7018422484397888,1,0.0,0.564039804098685,5,0,off,0,0,0.0,0.0,0.0,0.332699582570698,0.4099970446894875,0.4482268936769104,0.41777972181746714,1.2114957777388624,0.0,0.564039804098685,0.564039804098685
hrl,multi,0,weighted_cka,0,63,2.8941433324584054,275.0,0.7019010782241821,0.7009037137031555,1,0.0,0.5788286664916812,5,0,off,0,0,0.0,0.0,0.0,0.2696772037331392,0.6027730538202448,0.39715935836004784,0.5575163538521154,1.0670173626928587,0.0,0.5788286664916812,0.5788286664916812
hrl,multi,0,weighted_cka,0,64,2.3911349233279893,300.0,0.6732603311538696,0.5472303628921509,0,0.0,0.47822698466559793,5,0,off,0,0,0.0,0.0,0.0,0.32757742923630556,0.5261230276944114,0.3660604649579617,0.11713963215425593,1.054234369285055,0.0,0.47822698466559793,0.47822698466559793
hrl,multi,0,weighted_cka,0,65,1.9076916375342976,300.0,0.6132137179374695,0.3776056468486786,0,0.0,0.3815383275068596,5,0,off,0,0,0.0,0.0,0.0,-0.0967414090638051,0.5943309149779378,0.3536236362614435,0.01637999724200913,1.0400984981167127,0.0,0.3815383275068596,0.3815383275068596
hrl,multi,0,weighted_cka,0,66,2.834207047665876,295.0,0.7056499719619751,0.7021987438201904,1,0.0,0.5668414095331753,5,0,off,0,0,0.0,0.0,0.0,0.34886258370607526,0.6195228437464683,0.45899875146243707,0.4097118763793258,0.9971109923715701,0.0,0.5668414095331753,0.5668414095331753
hrl,multi,0,weighted_cka,0,67,2.8391765727831793,295.0,0.7014625668525696,0.7002822756767273,1,0.0,0.5678353145566359,5,0,off,0,0,0.0,0.0,0.0,0.30725788741841087,0.706556147770956,0.4366708293654954,0.4535473852953872,0.9351443229329305,0.0,0.5678353145566359,0.5678353145566359
hrl,multi,0,weighted_cka,0,68,1.2900095875207613,300.0,0.5209454894065857,0.21195514500141144,0,0.0,0.2580019175041523,5,0,off,0,0,0.0,0.0,0.0,0.027726354770595072,0.47367065049801005,0.13908681543654494,-0.061550217096141016,0.7110759839117526,0.0,0.2580019175041523,0.2580019175041523
hrl,multi,0,weighted_cka,0,69,2.410964995953144,300.0,0.6966043710708618,0.6680299043655396,0,0.0,0.48219299919062886,5,0,off,0,0,0.0,0.0,0.0,0.18251161048189513,1.0939129392383617,0.3317847246585878,0.2857715613967737,0.5169841601775259,0.0,0.48219299919062886,0.48219299919062886
hrl,multi,0,weighted_cka,0,70,1.6920411662495085,300.0,0.5384317636489868,0.2148197442293167,0,0.0,0.3384082332499018,5,0,off,0,0,0.0,0.0,0.0,-0.07543516950157952,0.6298763592839239,0.2711202194492796,0.22987640413964236,0.6366033528782427,0.0,0.3384082332499018,0.3384082332499018
hrl,multi,0,weighted_cka,0,71,2.808976819313297,296.0,0.7038329243659973,0.7004461884498596,1,0.0,0.5617953638626595,5,0,off,0,0,0.0,0.0,0.0,0.2525558667898584,0.6095658779365475,0.547939705390483,0.3261410697172031,1.0727742994792058,0.0,0.5617953638626595,0.5617953638626595
hrl,multi,0,weighted_cka,0,72,1.7997635067295037,300.0,0.5599506497383118,0.2442225068807602,0,0.0,0.35995270134590085,5,0,off,0,0,0.0,0.0,0.0,-0.28164246034424323,0.47263674932811395,0.4058564935803878,0.13844964881241317,1.0644630753528324,0.0,0.35995270134590085,0.35995270134590085
hrl,multi,0,weighted_cka,0,73,1.9863503248488983,300.0,0.6616834402084351,0.5962335467338562,0,0.0,0.39727006496977973,5,0,off,0,0,0.0,0.0,0.0,-0.10085805286385598,0.3705967106763272,0.49466483106405923,0.11281187597871734,1.1091349599936509,0.0,0.39727006496977973,0.39727006496977973
hrl,multi,0,weighted_cka,0,74,1.073730233027344,300.0,0.5778335928916931,0.46208152174949646,0,0.0,0.21474604660546884,5,0,off,0,0,0.0,0.0,0.0,-0.31524765759896434,0.4985454127734409,0.04007582864684789,0.027444898575544236,0.8229117506304755,0.0,0.21474604660546884,0.21474604660546884
hrl,multi,0,weighted_cka,0,75,1.6203689888970971,300.0,0.5528491139411926,0.13542567193508148,0,0.0,0.3240737977794195,5,0,off,0,0,0.0,0.0,0.0,0.257148510688159,0.7487249881075694,0.4161510100734592,-0.05591432738071318,0.25425880740862317,0.0,0.3240737977794195,0.3240737977794195
hrl,multi,0,weighted_cka,0,76,1.391626472964707,300.0,0.5933877229690552,0.22939260303974152,0,0.0,0.2783252945929414,5,0,off,0,0,0.0,0.0,0.0,-0.180524292866234,0.5256617072280495,0.0050836407765744406,-0.0662745488198126,1.1076799666461299,0.0,0.2783252945929414,0.2783252945929414
hrl,multi,0,weighted_cka,0,77,2.404472899170649,300.0,0.694092869758606,0.6559318900108337,0,0.0,0.4808945798341299,5,0,off,0,0,0.0,0.0,0.0,0.2358651904731521,0.528907869780436,0.4347356534050776,0.03846150238066892,1.166502683131315,0.0,0.4808945798341299,0.4808945798341299
hrl,multi,0,weighted_cka,0,78,1.3804928938276122,300.0,0.45099806785583496,0.24294771254062653,0,0.0,0.2760985787655225,5,0,off,0,0,0.0,0.0,0.0,0.05150245427899061,0.5217235710301901,0.4660634121648034,-0.25870694456785015,0.5999104009214786,0.0,0.2760985787655225,0.2760985787655225
hrl,multi,0,weighted_cka,0,79,1.9241721148973725,300.0,0.6269399523735046,0.47539159655570984,0,0.0,0.38483442297947457,5,0,off,0,0,0.0,0.0,0.0,-0.22495736915001213,0.6077753265122882,0.41519998244661827,0.11266574264198415,1.0134884324464943,0.0,0.38483442297947457,0.38483442297947457
hrl,multi,0,weighted_cka,0,80,1.5760991708026255,300.0,0.6815305948257446,0.65584397315979,0,0.0,0.3152198341605252,5,0,off,0,0,0.0,0.0,0.0,-0.07057839396572686,0.5705440718177704,0.2509162662671877,0.07174496392812557,0.753472262755269,0.0,0.3152198341605252,0.3152198341605252
hrl,multi,0,weighted_cka,0,81,2.3913291981276856,300.0,0.6947697401046753,0.6550301313400269,0,0.0,0.4782658396255373,5,0,off,0,0,0.0,0.0,0.0,-0.09240690372358958,0.5616685840622521,0.5162986452225594,0.2904836071577172,1.115285265408747,0.0,0.4782658396255373,0.4782658396255373
hrl,multi,0,weighted_cka,0,82,2.8570127607513554,293.0,0.70440673828125,0.700986921787262,1,0.0,0.5714025521502711,5,0,off,0,0,0.0,0.0,0.0,0.32947394831938426,0.5111247955579309,0.5220256948294116,0.4254659515626261,1.068922370482003,0.0,0.5714025521502711,0.5714025521502711
hrl,multi,0,weighted_cka,0,83,2.8534271018826534,287.0,0.702351450920105,0.7001984119415283,1,0.0,0.5706854203765308,5,0,off,0,0,0.0,0.0,0.0,0.3939487549648618,0.6051192192248999,0.33793746814760367,0.4368087282797931,1.0796129312654954,0.0,0.5706854203765308,0.5706854203765308
hrl,multi,0,weighted_cka,0,84,1.4965257784293486,300.0,0.6017552614212036,0.3808843195438385,0,0.0,0.2993051556858698,5,0,off,0,0,0.0,0.0,0.0,-0.3060957785167341,0.49523318957444984,0.43509315754286926,0.1440070209614932,0.7282881888672708,0.0,0.2993051556858698,0.2993051556858698
hrl,multi,0,weighted_cka,0,85,2.400997726892818,300.0,0.6744252443313599,0.5592232346534729,0,0.0,0.48019954537856374,5,0,off,0,0,0.0,0.0,0.0,0.3811845683092249,0.5478960315091533,0.5371080388468689,0.05961037015309545,0.8751987180744761,0.0,0.48019954537856374,0.48019954537856374
hrl,multi,0,weighted_cka,0,86,2.333350188839539,300.0,0.655005693435669,0.45596960186958313,0,0.0,0.4666700377679079,5,0,off,0,0,0.0,0.0,0.0,0.24489176956459405,0.21877035714144563,0.5421066958480513,0.12450886480510226,1.2030725014803463,0.0,0.4666700377679079,0.4666700377679079
hrl,multi,0,weighted_cka,0,87,1.5552063994873593,300.0,0.5058117508888245,0.08144578337669373,0,0.0,0.31104127989747193,5,0,off,0,0,0.0,0.0,0.0,0.21550388566407472,0.7059762542126699,0.32847560395486636,0.09221241672243918,0.21303823893330964,0.0,0.31104127989747193,0.31104127989747193
hrl,multi,0,weighted_cka,0,88,2.8146855966324495,298.0,0.7051292657852173,0.7037463784217834,1,0.0,0.56293711932649,5,0,off,0,0,0.0,0.0,0.0,0.7735576565709487,0.681076264254283,0.41887952878267953,0.444864507845952,0.4963076391785869,0.0,0.56293711932649,0.56293711932649
hrl,multi,0,weighted_cka,0,89,1.1447319979721202,300.0,0.43254151940345764,0.08500931411981583,0,0.0,0.22894639959442414,5,0,off,0,0,0.0,0.0,0.0,0.04165247714682452,0.6699972033882512,0.0675237904353998,0.1027005717430729,0.26285795525857214,0.0,0.22894639959442414,0.22894639959442414
hrl,multi,0,weighted_cka,0,90,2.3276494711616564,300.0,0.6694991588592529,0.5354726910591125,0,0.0,0.4655298942323314,5,0,off,0,0,0.0,0.0,0.0,-0.06381418819210385,0.6128063886989837,0.3868935779300517,0.40899850121137915,0.9827651915133463,0.0,0.4655298942323314,0.4655298942323314
hrl,multi,0,weighted_cka,0,91,1.4792721758254617,300.0,0.5835768580436707,0.3560689091682434,0,0.0,0.2958544351650924,5,0,off,0,0,0.0,0.0,0.0,-0.3280152407982099,0.637040195751935,0.04865580336656408,0.15308226099144662,0.9685091565137262,0.0,0.2958544351650924,0.2958544351650924
hrl,multi,0,weighted_cka,0,92,2.393770492066686,300.0,0.6998096704483032,0.6894499659538269,0,0.0,0.47875409841333727,5,0,off,0,0,0.0,0.0,0.0,0.3005831094309104,0.5807623122241347,0.33330060996592503,0.1790022684228605,1.000122192022856,0.0,0.47875409841333727,0.47875409841333727
hrl,multi,0,weighted_cka,0,93,2.374807392834917,300.0,0.6702776551246643,0.5383986830711365,0,0.0,0.4749614785669835,5,0,off,0,0,0.0,0.0,0.0,0.13458243203465803,0.6095345861520617,0.46825498060742377,0.08036998807825135,1.0820654059625228,0.0,0.4749614785669835,0.4749614785669835
hrl,multi,0,weighted_cka,0,94,1.70819246335668,300.0,0.5102035999298096,0.14677757024765015,0,0.0,0.3416384926713361,5,0,off,0,0,0.0,0.0,0.0,0.6524845545989516,0.7061390683921053,0.4488090628830249,0.04743699648044997,-0.14667721899785127,0.0,0.3416384926713361,0.3416384926713361
hrl,multi,0,weighted_cka,0,95,2.963905313937498,261.0,0.7031270265579224,0.7009057998657227,1,0.0,0.5927810627874996,5,0,off,0,0,0.0,0.0,0.0,0.37764482001890415,0.5432030731006524,0.37511024662712583,0.5576932657589203,1.1102539084318956,0.0,0.5927810627874996,0.5927810627874996
hrl,multi,0,weighted_cka,0,96,2.336589144796015,300.0,0.6646562218666077,0.5062316656112671,0,0.0,0.46731782895920315,5,0,off,0,0,0.0,0.0,0.0,0.12852247082965884,0.42612813732121124,0.5967209615155588,0.030291646714322166,1.1549259284152646,0.0,0.46731782895920315,0.46731782895920315
hrl,multi,0,weighted_cka,0,97,1.4658261959353682,300.0,0.575976550579071,0.3751908838748932,0,0.0,0.2931652391870737,5,0,off,0,0,0.0,0.0,0.0,-0.46045353130926425,0.5577258989284745,0.14817785337567324,0.35760432919987933,0.8627716457406058,0.0,0.2931652391870737,0.2931652391870737
hrl,multi,0,weighted_cka,0,98,1.0008136096932492,300.0,0.5556162595748901,0.22518862783908844,0,0.0,0.20016272193864984,5,0,off,0,0,0.0,0.0,0.0,0.047383401304999406,0.5467355976002289,0.0037661442388779165,0.08697469182685014,0.3159537747222929,0.0,0.20016272193864984,0.20016272193864984
hrl,multi,0,weighted_cka,0,99,1.8820263636698642,300.0,0.6169366836547852,0.35910794138908386,0,0.0,0.37640527273397295,5,0,off,0,0,0.0,0.0,0.0,0.36642295086802895,0.6385246144034898,0.2045862797651787,0.061335838106460816,0.6111566805267064,0.0,0.37640527273397295,0.37640527273397295
hrl,multi,0,weighted_cka,0,100,2.4041219513877863,300.0,0.6945028305053711,0.6527820229530334,0,0.0,0.4808243902775574,5,0,off,0,0,0.0,0.0,0.0,0.013361375144740853,0.5929685316090471,0.4419641761444507,0.349714287685696,1.0061135808038522,0.0,0.4808243902775574,0.4808243902775574
hrl,multi,0,weighted_cka,0,101,2.8895962974087146,285.0,0.7040355801582336,0.7011180520057678,1,0.0,0.577919259481743,5,0,off,0,0,0.0,0.0,0.0,0.29616898908128486,0.754638442430645,0.4957837872398084,0.5056240664874202,0.8373810121695567,0.0,0.577919259481743,0.577919259481743
hrl,multi,0,weighted_cka,0,102,1.017803188052493,300.0,0.552160382270813,0.28486013412475586,0,0.0,0.20356063761049864,5,0,off,0,0,0.0,0.0,0.0,-0.30467956270882895,0.48780133804120107,0.32634300124086435,0.035258828504010964,0.47307958297524566,0.0,0.20356063761049864,0.20356063761049864
hrl,multi,0,weighted_cka,0,103,0.8015953961614275,300.0,0.42536601424217224,0.12605948746204376,0,0.0,0.16031907923228556,5,0,off,0,0,0.0,0.0,0.0,-0.5383050492928602,0.45755449885688704,0.1492817314276471,0.12807095635076982,0.6049932588189839,0.0,0.16031907923228556,0.16031907923228556
hrl,multi,0,weighted_cka,0,104,1.2004941239370952,300.0,0.39785289764404297,0.14911049604415894,0,0.0,0.24009882478741912,5,0,off,0,0,0.0,0.0,0.0,0.25296697167726223,0.4406191541894803,0.06622405309975135,0.5351978312805294,-0.09451388630992767,0.0,0.24009882478741912,0.24009882478741912
hrl,multi,0,weighted_cka,0,105,1.9845618284198268,300.0,0.6840971112251282,0.6348726749420166,0,0.0,0.39691236568396543,5,0,off,0,0,0.0,0.0,0.0,0.3108848318356612,0.631769871266093,-0.05553755798412029,0.11458675808645769,0.9828579252157358,0.0,0.39691236568396543,0.39691236568396543
hrl,multi,0,weighted_cka,0,106,2.3618349255576945,300.0,0.6535211801528931,0.4579925835132599,0,0.0,0.47236698511153896,5,0,off,0,0,0.0,0.0,0.0,0.18581157228618367,0.7010151854278518,0.31880725414416505,0.21767539483634746,0.9385255188631471,0.0,0.47236698511153896,0.47236698511153896
hrl,multi,0,weighted_cka,0,107,2.3936143397062537,300.0,0.6843210458755493,0.6029247045516968,0,0.0,0.47872286794125085,5,0,off,0,0,0.0,0.0,0.0,0.18825553512247262,0.7362359470147638,0.4213825827671679,0.11762560906074926,0.9301146657411007,0.0,0.47872286794125085,0.47872286794125085
hrl,multi,0,weighted_cka,0,108,0.8601118768376171,300.0,0.31080523133277893,0.14979717135429382,0,0.0,0.17202237536752346,5,0,off,0,0,0.0,0.0,0.0,0.059031136391393346,-0.14507860488165206,0.08297476563416417,0.05422981296200269,0.8089547667317092,0.0,0.17202237536752346,0.17202237536752346
hrl,multi,0,weighted_cka,0,109,2.386174633402696,300.0,0.6861743330955505,0.6098370552062988,0,0.0,0.4772349266805393,5,0,off,0,0,0.0,0.0,0.0,0.34120923860667957,0.6555067827580495,0.28327984014945096,0.08796412787740682,1.0182146440111097,0.0,0.4772349266805393,0.4772349266805393
hrl,multi,0,weighted_cka,0,110,1.898897121332992,300.0,0.6320923566818237,0.4110882580280304,0,0.0,0.3797794242665985,5,0,off,0,0,0.0,0.0,0.0,0.026887022360809754,0.43113354168971985,0.25606480664713294,0.044005197100283056,1.1408065535350467,0.0,0.3797794242665985,0.3797794242665985
hrl,multi,0,weighted_cka,0,111,1.9046458919201528,300.0,0.6133802533149719,0.43974432349205017,0,0.0,0.3809291783840306,5,0,off,0,0,0.0,0.0,0.0,0.3002170450870907,0.5689543607219819,0.22423973568622,0.04097030284831993,0.7702644475765408,0.0,0.3809291783840306,0.3809291783840306
hrl,multi,0,weighted_cka,0,112,1.6484852210414815,300.0,0.5039106607437134,0.11678821593523026,0,0.0,0.3296970442082964,5,0,off,0,0,0.0,0.0,0.0,0.12078947446087818,0.6173181249797343,0.35888387575093644,0.1159030485991388,0.43559069725079436,0.0,0.3296970442082964,0.3296970442082964
hrl,multi,0,weighted_cka,0,113,1.9299668790907547,300.0,0.6119795441627502,0.4336623251438141,0,0.0,0.385993375818151,5,0,off,0,0,0.0,0.0,0.0,0.24172476781578722,0.7197492260485886,0.2063372883032965,0.09008789136726403,0.6720677055558189,0.0,0.385993375818151,0.385993375818151
hrl,multi,0,weighted_cka,0,114,1.963543548064989,300.0,0.6485048532485962,0.48074501752853394,0,0.0,0.39270870961299786,5,0,off,0,0,0.0,0.0,0.0,-0.09438310338021283,0.6914536117971873,0.3093154337788,0.11042388118941737,0.9467337246797977,0.0,0.39270870961299786,0.39270870961299786
hrl,multi,0,weighted_cka,0,115,2.3466856711878776,300.0,0.6416918635368347,0.3918156921863556,0,0.0,0.4693371342375756,5,0,off,0,0,0.0,0.0,0.0,0.11521271537401456,0.6209426338339689,0.42409750594431517,0.14010248001851133,1.0463303360170682,0.0,0.4693371342375756,0.4693371342375756
hrl,multi,0,weighted_cka,0,116,1.467270667104093,300.0,0.5680791139602661,0.32928267121315,0,0.0,0.29345413342081866,5,0,off,0,0,0.0,0.0,0.0,0.10838843984705426,0.6104419372174014,-0.02156571078742869,0.06556273762229825,0.7044432632047681,0.0,0.29345413342081866,0.29345413342081866
hrl,multi,0,weighted_cka,0,117,2.320098707603755,300.0,0.637414813041687,0.3729882836341858,0,0.0,0.4640197415207511,5,0,off,0,0,0.0,0.0,0.0,0.23266181688150378,0.6366925765862687,0.8718164619146843,0.12466303285583849,0.45426481936546026,0.0,0.4640197415207511,0.4640197415207511
hrl,multi,0,weighted_cka,0,118,1.3967239433162364,300.0,0.4931982457637787,0.2774691581726074,0,0.0,0.27934478866324736,5,0,off,0,0,0.0,0.0,0.0,-0.08178304711123947,0.2551866943186376,0.08106288631679481,-0.06990563057363045,1.2121630403656742,0.0,0.27934478866324736,0.27934478866324736
hrl,multi,0,weighted_cka,0,119,1.9597048739233274,300.0,0.636144757270813,0.38352149724960327,0,0.0,0.3919409747846656,5,0,off,0,0,0.0,0.0,0.0,0.32973490124498483,0.6811247181375509,0.24932670554600178,0.18901555215753607,0.5105029968372543,0.0,0.3919409747846656,0.3919409747846656
hrl,multi,0,weighted_cka,0,120,2.9637194926909856,268.0,0.7016059756278992,0.7007447481155396,1,0.0,0.5927438985381972,5,0,off,0,0,0.0,0.0,0.0,0.2916919146201107,0.643923592077568,0.5101526823714374,0.4746101187343009,1.043341184887569,0.0,0.5927438985381972,0.5927438985381972
hrl,multi,0,weighted_cka,0,121,0.9372464861164178,300.0,0.46547824144363403,0.1967783421278,0,0.0,0.1874492972232836,5,0,off,0,0,0.0,0.0,0.0,0.02659322322742064,0.028752640489837722,0.047262603159528016,0.02735783319734033,0.8072801860422913,0.0,0.1874492972232836,0.1874492972232836
hrl,multi,0,weighted_cka,0,122,2.3904789164720555,300.0,0.6860867738723755,0.6247116327285767,0,0.0,0.47809578329441116,5,0,off,0,0,0.0,0.0,0.0,0.2949963138224556,0.4705682874778284,0.3488131212552543,0.24052794652897846,1.0355732473875392,0.0,0.47809578329441116,0.47809578329441116
hrl,multi,0,weighted_cka,0,123,1.3872411729194924,300.0,0.4957703948020935,0.22612495720386505,0,0.0,0.27744823458389856,5,0,off,0,0,0.0,0.0,0.0,-0.09957066494855119,0.503322710172797,0.06232616972123628,0.013662383439019293,0.9075005745349914,0.0,0.27744823458389856,0.27744823458389856
hrl,multi,0,weighted_cka,0,124,1.4502912669937347,300.0,0.5663819313049316,0.27057793736457825,0,0.0,0.29005825339874697,5,0,off,0,0,0.0,0.0,0.0,0.6559109354923708,0.46956976322736577,-0.12201461109565583,0.13602410772815343,0.31080107164150084,0.0,0.29005825339874697,0.29005825339874697
hrl,multi,0,weighted_cka,0,125,1.5693151522718822,300.0,0.5448218584060669,0.0803799107670784,0,0.0,0.3138630304543766,5,0,off,0,0,0.0,0.0,0.0,0.2675566781624219,0.7393241954613475,0.26266843522479744,-0.006630488676717641,0.3063963321000336,0.0,0.3138630304543766,0.3138630304543766
hrl,multi,0,weighted_cka,0,126,2.403017335422554,300.0,0.6931151151657104,0.6595372557640076,0,0.0,0.48060346708451085,5,0,off,0,0,0.0,0.0,0.0,0.36084067466575637,0.4681521359919568,0.38047249391370846,0.06215539557673022,1.1313966352744025,0.0,0.48060346708451085,0.48060346708451085
hrl,multi,0,weighted_cka,0,127,1.420984743122152,300.0,0.5493390560150146,0.25501784682273865,0,0.0,0.2841969486244305,5,0,off,0,0,0.0,0.0,0.0,-0.41520600255805806,0.506454968328904,0.42053876078757446,0.12636175577715036,0.7828352607865816,0.0,0.2841969486244305,0.2841969486244305
hrl,multi,0,weighted_cka,0,128,2.349902989683322,300.0,0.6476259827613831,0.42895540595054626,0,0.0,0.4699805979366645,5,0,off,0,0,0.0,0.0,0.0,0.27727620071591796,0.4564892230430849,0.3608912965822963,0.1744975716341286,1.0807486977078948,0.0,0.4699805979366645,0.4699805979366645
hrl,multi,0,weighted_cka,0,129,0.9171219210299557,300.0,0.4145258367061615,0.20156805217266083,0,0.0,0.18342438420599122,5,0,off,0,0,0.0,0.0,0.0,0.13015622709412122,0.05165167660266157,-0.30572702864170453,0.23501528403343008,0.8060257619414477,0.0,0.18342438420599122,0.18342438420599122
hrl,multi,0,weighted_cka,0,130,2.8185777079641396,300.0,0.703644871711731,0.7000478506088257,1,0.0,0.563715541592828,5,0,off,0,0,0.0,0.0,0.0,0.284443157120142,0.5779166761318045,0.3703781682032858,0.5517866147328166,1.0340530917760913,0.0,0.563715541592828,0.563715541592828
hrl,multi,0,weighted_cka,0,131,1.9212916655524155,300.0,0.6077371835708618,0.3182137608528137,0,0.0,0.3842583331104832,5,0,off,0,0,0.0,0.0,0.0,0.33778895345702753,0.5181075664106755,0.25995066947489964,0.15635278692375865,0.6490916892860548,0.0,0.3842583331104832,0.3842583331104832
hrl,multi,0,weighted_cka,0,132,1.0239852865226555,300.0,0.5029733180999756,0.2347109466791153,0,0.0,0.20479705730453115,5,0,off,0,0,0.0,0.0,0.0,-0.3968482100551486,0.5304796531633472,0.012037941355490769,0.11190447885915633,0.76641142319981,0.0,0.20479705730453115,0.20479705730453115
hrl,multi,0,weighted_cka,0,133,1.37728588073296,300.0,0.5837446451187134,0.1752578169107437,0,0.0,0.2754571761465921,5,0,off,0,0,0.0,0.0,0.0,0.2705570615729955,0.4475423541133058,-0.15923582837608433,0.06327507985010739,0.755147213572636,0.0,0.2754571761465921,0.2754571761465921
hrl,multi,0,weighted_cka,0,134,1.9352115377550931,300.0,0.6317477226257324,0.38660144805908203,0,0.0,0.3870423075510187,5,0,off,0,0,0.0,0.0,0.0,0.7977797739277591,0.6205627864915876,0.3437307209740392,0.027602856763172815,0.1455353995985349,0.0,0.3870423075510187,0.3870423075510187
hrl,multi,0,weighted_cka,0,135,1.8914227250788813,300.0,0.5999153256416321,0.30814146995544434,0,0.0,0.37828454501577635,5,0,off,0,0,0.0,0.0,0.0,0.23334621876943837,0.7170645496845244,-0.1050007607508453,0.07058971348963672,0.9754230038861277,0.0,0.37828454501577635,0.37828454501577635
hrl,multi,0,weighted_cka,0,136,2.3975589492344156,300.0,0.7007392644882202,0.6935022473335266,0,0.0,0.4795117898468832,5,0,off,0,0,0.0,0.0,0.0,0.28266157675918646,0.5815289780872407,0.44678982001449896,0.03295815172435114,1.0536204226491388,0.0,0.4795117898468832,0.4795117898468832
hrl,multi,0,weighted_cka,0,137,2.3898737707762834,300.0,0.6806143522262573,0.5856029391288757,0,0.0,0.47797475415525675,5,0,off,0,0,0.0,0.0,0.0,0.3404411663421778,0.6061086277748907,0.3203535613224375,0.12891785097867237,0.9940525643581056,0.0,0.47797475415525675,0.47797475415525675
hrl,multi,0,weighted_cka,0,138,1.5287155761176097,300.0,0.6041494607925415,0.35200271010398865,0,0.0,0.30574311522352204,5,0,off,0,0,0.0,0.0,0.0,0.05197247681072592,0.42233598130941374,0.029902446955558663,0.2859760374762117,0.7385286335657,0.0,0.30574311522352204,0.30574311522352204
hrl,multi,0,weighted_cka,0,139,1.9691052064891879,300.0,0.6757115125656128,0.5906257033348083,0,0.0,0.3938210412978377,5,0,off,0,0,0.0,0.0,0.0,0.22564186452461563,0.8100712067377752,0.4311392310899681,-0.039289548870302615,0.541542453007132,0.0,0.3938210412978377,0.3938210412978377
hrl,multi,0,weighted_cka,0,140,2.4170831917239397,300.0,0.6949682831764221,0.6619130969047546,0,0.0,0.48341663834478804,5,0,off,0,0,0.0,0.0,0.0,0.21980064118411954,0.5946199433347209,0.44896791498921795,0.06921162041742335,1.0844830717984584,0.0,0.48341663834478804,0.48341663834478804
hrl,multi,0,weighted_cka,0,141,1.472679390826305,300.0,0.5119358897209167,0.3338165283203125,0,0.0,0.29453587816526106,5,0,off,0,0,0.0,0.0,0.0,-0.29731834165308857,0.5730760193001477,0.29450250783702336,0.059864741193130566,0.8425544641490923,0.0,0.29453587816526106,0.29453587816526106
hrl,multi,0,weighted_cka,0,142,1.8933377664620807,300.0,0.5888696908950806,0.3587517738342285,0,0.0,0.37866755329241625,5,0,off,0,0,0.0,0.0,0.0,0.006239900538075327,0.5545793253853916,0.39941930498392314,0.08471169540937984,0.8483875401453114,0.0,0.37866755329241625,0.37866755329241625
hrl,multi,0,weighted_cka,0,143,2.3755436682462445,300.0,0.6722379326820374,0.5475020408630371,0,0.0,0.475108733649249,5,0,off,0,0,0.0,0.0,0.0,0.3047638993097934,0.5715031783083685,0.4184130221214143,0.12423775935266157,0.9566258091540073,0.0,0.475108733649249,0.475108733649249
hrl,multi,0,weighted_cka,0,144,1.3320493368297308,300.0,0.5205654501914978,0.21785885095596313,0,0.0,0.26640986736594624,5,0,off,0,0,0.0,0.0,0.0,-0.04890669054196084,0.5768255613856016,0.014455948472372117,0.044006779806222696,0.7456677377074956,0.0,0.26640986736594624,0.26640986736594624
hrl,multi,0,weighted_cka,0,145,1.6707166852947908,300.0,0.48098841309547424,0.14777153730392456,0,0.0,0.33414333705895827,5,0,off,0,0,0.0,0.0,0.0,0.09311479206106704,0.4916223839699595,0.3966591855129226,0.5321154795046894,0.15720484424615266,0.0,0.33414333705895827,0.33414333705895827
hrl,multi,0,weighted_cka,0,146,2.272405841486396,300.0,0.6208621263504028,0.2915729582309723,0,0.0,0.4544811682972793,5,0,off,0,0,0.0,0.0,0.0,0.1871702985001027,0.5171426381913041,0.46722208393923925,0.13871264164894814,0.9621581792068025,0.0,0.4544811682972793,0.4544811682972793
hrl,multi,0,weighted_cka,0,147,1.8052053375431556,300.0,0.5961586236953735,0.19649286568164825,0,0.0,0.3610410675086312,5,0,off,0,0,0.0,0.0,0.0,-0.1786745717588349,0.6205294801164417,0.30237198967672874,0.11453370425850151,0.946444735250319,0.0,0.3610410675086312,0.3610410675086312
hrl,multi,0,weighted_cka,0,148,0.9956032131803556,300.0,0.4955318570137024,0.29220184683799744,0,0.0,0.19912064263607115,5,0,off,0,0,0.0,0.0,0.0,-0.4429922822000813,0.5393914205333329,0.09585773495212191,0.09483228475041683,0.7085140551445654,0.0,0.19912064263607115,0.19912064263607115
hrl,multi,0,weighted_cka,0,149,1.9272575306822533,300.0,0.6317803263664246,0.4171281158924103,0,0.0,0.38545150613645074,5,0,off,0,0,0.0,0.0,0.0,0.2430871472354046,0.5319923721412195,-0.2575272514724642,0.19209801826067263,1.217607244517421,0.0,0.38545150613645074,0.38545150613645074
hrl,multi,0,weighted_cka,0,150,1.8633053162411657,300.0,0.5367671251296997,0.2816431522369385,0,0.0,0.3726610632482332,5,0,off,0,0,0.0,0.0,0.0,-0.021065099825850198,0.6213672800429629,0.4129668122869915,0.0955821644507231,0.7544541592863387,0.0,0.3726610632482332,0.3726610632482332
hrl,multi,0,weighted_cka,0,151,1.8825222444811502,300.0,0.5923591256141663,0.34006378054618835,0,0.0,0.37650444889623014,5,0,off,0,0,0.0,0.0,0.0,0.09538720563061331,1.167181575760245,0.45980069869058193,0.041957480993121805,0.11819528340658847,0.0,0.37650444889623014,0.37650444889623014
hrl,multi,0,weighted_cka,0,152,2.3855250247546778,300.0,0.6828876733779907,0.5992575883865356,0,0.0,0.47710500495093566,5,0,off,0,0,0.0,0.0,0.0,0.31027873599971634,0.4889253372891106,0.37140666058473276,0.7468919813483952,0.4680223095327235,0.0,0.47710500495093566,0.47710500495093566
hrl,multi,0,weighted_cka,0,153,1.1081881430769487,300.0,0.3734089136123657,0.09455595910549164,0,0.0,0.22163762861538983,5,0,off,0,0,0.0,0.0,0.0,0.21262214685371128,0.6746856949334031,-0.4746687914388098,0.15349219558760518,0.5420568971410393,0.0,0.22163762861538983,0.22163762861538983
hrl,multi,0,weighted_cka,0,154,2.394291226249514,300.0,0.6889458894729614,0.6359221935272217,0,0.0,0.47885824524990295,5,0,off,0,0,0.0,0.0,0.0,0.2628205542933208,0.4415874725678003,0.36892303071334015,0.69769832204096,0.6232618466340935,0.0,0.47885824524990295,0.47885824524990295
hrl,multi,0,weighted_cka,0,155,2.2699324995559422,300.0,0.618486762046814,0.28232818841934204,0,0.0,0.45398649991118856,5,0,off,0,0,0.0,0.0,0.0,0.244628341300573,1.1539013176900914,0.3789747562652918,-0.01970391748962,0.5121320017896066,0.0,0.45398649991118856,0.45398649991118856
hrl,multi,0,weighted_cka,0,156,2.3367858792011234,300.0,0.6415243744850159,0.3950279951095581,0,0.0,0.46735717584022485,5,0,off,0,0,0.0,0.0,0.0,0.2743048337357903,0.44331305636186136,0.5124195848172529,-0.027534233892452967,1.1342826381786724,0.0,0.46735717584022485,0.46735717584022485
hrl,multi,0,weighted_cka,0,157,1.6852428295661626,300.0,0.582853376865387,0.14423868060112,0,0.0,0.3370485659132326,5,0,off,0,0,0.0,0.0,0.0,0.2556492488250959,0.6141618910636751,0.18223141118744363,-0.04438924401429917,0.6775895225042476,0.0,0.3370485659132326,0.3370485659132326
hrl,multi,0,weighted_cka,0,158,2.3183010405770332,300.0,0.6415870189666748,0.3953070342540741,0,0.0,0.4636602081154068,5,0,off,0,0,0.0,0.0,0.0,0.2533902975158415,0.608848461054731,0.37610899784229684,0.30165004981981647,0.7783032343443481,0.0,0.4636602081154068,0.4636602081154068
hrl,multi,0,weighted_cka,0,159,1.3745021165443392,300.0,0.4710935950279236,0.2260606735944748,0,0.0,0.27490042330886794,5,0,off,0,0,0.0,0.0,0.0,-0.06065881079459312,0.7016268352409823,-0.04956656794209276,0.05832877749111498,0.7247718825489282,0.0,0.27490042330886794,0.27490042330886794
hrl,multi,0,weighted_cka,0,160,2.309904144456958,300.0,0.6386938095092773,0.3754468560218811,0,0.0,0.4619808288913917,5,0,off,0,0,0.0,0.0,0.0,0.17613692087854702,0.6074608916197902,0.505072896024212,0.05141797580383711,0.9698154601305721,0.0,0.4619808288913917,0.4619808288913917
hrl,multi,0,weighted_cka,0,161,1.4891312617415666,300.0,0.6085599660873413,0.371540367603302,0,0.0,0.2978262523483134,5,0,off,0,0,0.0,0.0,0.0,0.14106884538498687,0.47806748068379223,-0.10520355008996589,0.20401170558284498,0.7711867801799088,0.0,0.2978262523483134,0.2978262523483134
hrl,multi,0,weighted_cka,0,162,1.8918884401500677,300.0,0.623100996017456,0.34007471799850464,0,0.0,0.37837768803001365,5,0,off,0,0,0.0,0.0,0.0,0.14401876598922514,0.6733155844975262,0.4362914806993211,0.01869777050334955,0.6195648384606462,0.0,0.37837768803001365,0.37837768803001365
hrl,multi,0,weighted_cka,0,163,1.8736368388376818,300.0,0.5604040026664734,0.30483779311180115,0,0.0,0.37472736776753646,5,0,off,0,0,0.0,0.0,0.0,0.030959792433695454,0.5821311345123684,0.3275039902378338,0.1311324724052101,0.8019094492485745,0.0,0.37472736776753646,0.37472736776753646
hrl,multi,0,weighted_cka,0,164,2.2877988007479857,300.0,0.622918963432312,0.3060802221298218,0,0.0,0.4575597601495972,5,0,off,0,0,0.0,0.0,0.0,0.1889310729299029,0.8366937899664043,0.44482212153496203,-0.07462476856063598,0.891976584877353,0.0,0.4575597601495972,0.4575597601495972
hrl,multi,0,weighted_cka,0,165,2.3387963160315834,300.0,0.6322437524795532,0.34591108560562134,0,0.0,0.4677592632063168,5,0,off,0,0,0.0,0.0,0.0,0.24182795187667924,0.617803659449797,0.3865189029283355,-0.00551728155103063,1.0981630833278029,0.0,0.4677592632063168,0.4677592632063168
hrl,multi,0,weighted_cka,0,166,2.3677458127935083,300.0,0.6665654182434082,0.5152629613876343,0,0.0,0.4735491625587017,5,0,off,0,0,0.0,0.0,0.0,0.3049958711150247,0.5976547382222487,0.41486009156960046,0.06585672929324193,0.984378382593393,0.0,0.4735491625587017,0.4735491625587017
hrl,multi,0,weighted_cka,0,167,1.8857905478089365,300.0,0.5619191527366638,0.3046427071094513,0,0.0,0.3771581095617874,5,0,off,0,0,0.0,0.0,0.0,0.09672161675181962,0.6338214785489252,0.35695211146771894,0.08991541674919423,0.7083799242912789,0.0,0.3771581095617874,0.3771581095617874
hrl,multi,0,weighted_cka,0,168,2.0012415720157137,300.0,0.6928834915161133,0.6518877744674683,0,0.0,0.40024831440314285,5,0,off,0,0,0.0,0.0,0.0,-0.018397331060376176,0.6064494230523995,0.4828258397560564,0.003940569077851161,0.9264230711897833,0.0,0.40024831440314285,0.40024831440314285
hrl,multi,0,weighted_cka,0,169,2.4394386825500973,300.0,0.6974789500236511,0.6671678423881531,0,0.0,0.48788773651001954,5,0,off,0,0,0.0,0.0,0.0,0.4162093909760004,0.5776742410659789,0.5348115926953031,0.0484428772795944,0.862300580533221,0.0,0.48788773651001954,0.48788773651001954
hrl,multi,0,weighted_cka,0,170,1.2868214737878576,300.0,0.48075804114341736,0.1395774930715561,0,0.0,0.2573642947575716,5,0,off,0,0,0.0,0.0,0.0,0.06996914508784496,0.3876129110767505,-0.023691889833659063,0.054602668173611146,0.7983286392833104,0.0,0.2573642947575716,0.2573642947575716
hrl,multi,0,weighted_cka,0,171,2.408357430786417,300.0,0.6934889554977417,0.6545736193656921,0,0.0,0.48167148615728345,5,0,off,0,0,0.0,0.0,0.0,0.2852583428513607,0.5426693123732692,0.38544581511942655,0.29782758551649735,0.8971563749258636,0.0,0.48167148615728345,0.48167148615728345
hrl,multi,0,weighted_cka,0,172,1.4180808694160065,300.0,0.5422711372375488,0.2434064745903015,0,0.0,0.2836161738832014,5,0,off,0,0,0.0,0.0,0.0,0.23233456168789401,0.7287465821092481,-0.1909617633810269,0.14379057337250556,0.5041709156273861,0.0,0.2836161738832014,0.2836161738832014
hrl,multi,0,weighted_cka,0,173,1.5056497201199806,300.0,0.5662992596626282,0.33421027660369873,0,0.0,0.3011299440239962,5,0,off,0,0,0.0,0.0,0.0,0.258263965347316,0.4832800821694253,0.019100419309921367,0.608640176679939,0.13636507661337927,0.0,0.3011299440239962,0.3011299440239962
hrl,multi,0,weighted_cka,0,174,2.3720262786941007,300.0,0.6673928499221802,0.5232900381088257,0,0.0,0.4744052557388202,5,0,off,0,0,0.0,0.0,0.0,0.22486968588206196,0.6771453925454988,0.2900253727161323,0.08352380984206675,1.0964620177083413,0.0,0.4744052557388202,0.4744052557388202
hrl,multi,0,weighted_cka,0,175,1.8491946891176654,300.0,0.6051918268203735,0.2792423963546753,0,0.0,0.36983893782353316,5,0,off,0,0,0.0,0.0,0.0,0.09869665139156836,0.5332813413871916,0.09093809663271513,0.06655714660324152,1.059721453102949,0.0,0.36983893782353316,0.36983893782353316
hrl,multi,0,weighted_cka,0,176,1.4997687619100804,300.0,0.59996497631073,0.254379540681839,0,0.0,0.29995375238201616,5,0,off,0,0,0.0,0.0,0.0,0.23419339664161076,0.8320560292038134,-0.16746836055330128,0.11799926458485421,0.4829884320331037,0.0,0.29995375238201616,0.29995375238201616
hrl,multi,0,weighted_cka,0,177,1.9007965465025323,300.0,0.6128484606742859,0.29088160395622253,0,0.0,0.38015930930050656,5,0,off,0,0,0.0,0.0,0.0,0.35457383774314066,0.5686252540880813,0.8360643650203708,0.051985584157518985,0.08954750549342103,0.0,0.38015930930050656,0.38015930930050656
hrl,multi,0,weighted_cka,0,178,1.8284317485085908,300.0,0.5912225842475891,0.2406838834285736,0,0.0,0.36568634970171826,5,0,off,0,0,0.0,0.0,0.0,0.3216146511038531,0.4999537346581927,0.15423772689164592,0.17467175090871745,0.6779538849461821,0.0,0.36568634970171826,0.36568634970171826
hrl,multi,0,weighted_cka,0,179,2.322637440400648,300.0,0.6331427693367004,0.34922367334365845,0,0.0,0.46452748808012967,5,0,off,0,0,0.0,0.0,0.0,0.3560561653725889,0.49828913352685034,0.3809648990295826,0.07143157380633049,1.015895668665296,0.0,0.46452748808012967,0.46452748808012967
hrl,multi,0,weighted_cka,0,180,2.381648970089735,300.0,0.6774693131446838,0.5648999214172363,0,0.0,0.47632979401794706,5,0,off,0,0,0.0,0.0,0.0,0.2823632936794309,0.6530663175683001,0.2660717219460056,0.11501105396775513,1.0651365829282438,0.0,0.47632979401794706,0.47632979401794706
hrl,multi,0,weighted_cka,0,181,1.5406332099897542,300.0,0.5996321439743042,0.32034024596214294,0,0.0,0.3081266419979509,5,0,off,0,0,0.0,0.0,0.0,0.29012807695742215,0.5653534476640633,-0.03697232674900462,0.09158930073492223,0.6305347113823516,0.0,0.3081266419979509,0.3081266419979509
hrl,multi,0,weighted_cka,0,182,1.0208217772989872,300.0,0.49050816893577576,0.2568769156932831,0,0.0,0.20416435545979747,5,0,off,0,0,0.0,0.0,0.0,-0.1189241928477424,0.5360833595539441,0.08281793213821942,-0.3556414047293369,0.8764860831839032,0.0,0.20416435545979747,0.20416435545979747
hrl,multi,0,weighted_cka,0,183,0.9573755093035277,300.0,0.4666082262992859,0.17693185806274414,0,0.0,0.19147510186070563,5,0,off,0,0,0.0,0.0,0.0,-0.1403070006202908,0.7215633843392132,-0.14287907847063633,-0.086544571876526,0.605542775931768,0.0,0.19147510186070563,0.19147510186070563
hrl,multi,0,weighted_cka,0,184,1.9117774202604765,300.0,0.6276238560676575,0.4250134229660034,0,0.0,0.3823554840520954,5,0,off,0,0,0.0,0.0,0.0,0.1486343326396306,0.5804868254074825,0.3731852145136216,-0.016413329671777332,0.8258843773715197,0.0,0.3823554840520954,0.3823554840520954
hrl,multi,0,weighted_cka,0,185,2.8824497709463452,281.0,0.7054502367973328,0.7027333974838257,1,0.0,0.5764899541892692,5,0,off,0,0,0.0,0.0,0.0,0.23303978174127393,0.5439833495964411,0.3769761261327657,0.651745362202171,1.076705151273694,0.0,0.5764899541892692,0.5764899541892692
hrl,multi,0,weighted_cka,0,186,2.368967143526241,300.0,0.6671591997146606,0.5284812450408936,0,0.0,0.4737934287052483,5,0,off,0,0,0.0,0.0,0.0,0.2943527890999975,0.578121007321606,0.27253654355183227,0.1984615362770854,1.0254952672757205,0.0,0.4737934287052483,0.4737934287052483
hrl,multi,0,weighted_cka,0,187,2.399077097987991,300.0,0.7001420259475708,0.6834020614624023,0,0.0,0.4798154195975983,5,0,off,0,0,0.0,0.0,0.0,0.16916263838595455,0.4929987153772416,0.34972506112908003,0.14759601869806627,1.2395946643976492,0.0,0.4798154195975983,0.4798154195975983
hrl,multi,0,weighted_cka,0,188,2.4145194760698345,300.0,0.6910471320152283,0.6425426006317139,0,0.0,0.482903895213967,5,0,off,0,0,0.0,0.0,0.0,0.2677689718772307,0.7389657059721647,0.41833353157457875,0.11407069603539988,0.875380570610461,0.0,0.482903895213967,0.482903895213967
hrl,multi,0,weighted_cka,0,189,1.8591149500534798,300.0,0.5938708782196045,0.24889811873435974,0,0.0,0.3718229900106961,5,0,off,0,0,0.0,0.0,0.0,0.12055266377268681,0.8255992438495158,-0.006103423229651683,0.0791970992982387,0.8398693663626907,0.0,0.3718229900106961,0.3718229900106961
hrl,multi,0,weighted_cka,0,190,2.391663172611878,300.0,0.6811214685440063,0.5892654061317444,0,0.0,0.4783326345223757,5,0,off,0,0,0.0,0.0,0.0,0.1886436394612827,0.5683431986444628,0.44078417731169595,0.11976056332327412,1.0741315938711629,0.0,0.4783326345223757,0.4783326345223757
hrl,multi,0,weighted_cka,0,191,1.8513486824322158,300.0,0.6066359281539917,0.26787832379341125,0,0.0,0.37026973648644324,5,0,off,0,0,0.0,0.0,0.0,0.06688685625878832,0.8300723723219706,-0.04402700562588885,0.13541932185366745,0.8629971376236788,0.0,0.37026973648644324,0.37026973648644324
hrl,multi,0,weighted_cka,0,192,1.423726699203688,300.0,0.575690746307373,0.24463683366775513,0,0.0,0.2847453398407377,5,0,off,0,0,0.0,0.0,0.0,0.268450151323137,0.6130014475425704,-0.08529454285150878,0.12569468575716014,0.5018749574323298,0.0,0.2847453398407377,0.2847453398407377
hrl,multi,0,weighted_cka,0,193,2.3236314358786316,300.0,0.6307467222213745,0.3347042500972748,0,0.0,0.4647262871757264,5,0,off,0,0,0.0,0.0,0.0,0.2047679372439741,0.5640509175464975,0.42802458417485456,0.7193473150264471,0.4074406818868589,0.0,0.4647262871757264,0.4647262871757264
hrl,multi,0,weighted_cka,0,194,1.4838275611465166,300.0,0.622099757194519,0.3684559166431427,0,0.0,0.2967655122293034,5,0,off,0,0,0.0,0.0,0.0,0.19662594888778373,0.4703572674347086,-0.006317940685898173,0.18508646651357408,0.6380758189963487,0.0,0.2967655122293034,0.2967655122293034
hrl,multi,0,weighted_cka,0,195,1.3948096309628442,300.0,0.5855680704116821,0.17999835312366486,0,0.0,0.27896192619256893,5,0,off,0,0,0.0,0.0,0.0,0.18279377735836874,0.7016650536223895,0.048593095851596324,0.07449236209597436,0.38726534203451557,0.0,0.27896192619256893,0.27896192619256893
hrl,multi,0,weighted_cka,0,196,2.366232117018079,300.0,0.6874231100082397,0.6208134293556213,0,0.0,0.4732464234036159,5,0,off,0,0,0.0,0.0,0.0,0.2734255499257705,1.1314056631734126,0.3560453044981695,0.12241531012637985,0.48294028929434696,0.0,0.4732464234036159,0.4732464234036159
hrl,multi,0,weighted_cka,0,197,1.5775689678939657,300.0,0.5713921785354614,0.09330113977193832,0,0.0,0.3155137935787932,5,0,off,0,0,0.0,0.0,0.0,0.293494148227386,0.7022297014899085,0.26717967174109053,-0.027606815202612926,0.34227226163819413,0.0,0.3155137935787932,0.3155137935787932
hrl,multi,0,weighted_cka,0,198,2.3902061350148855,300.0,0.675627589225769,0.5662815570831299,0,0.0,0.4780412270029772,5,0,off,0,0,0.0,0.0,0.0,0.2182406161631223,0.6748460171362384,0.45768598394002746,0.11294466120004643,0.9264888565754515,0.0,0.4780412270029772,0.4780412270029772
hrl,multi,0,weighted_cka,0,199,2.406374445375967,300.0,0.6878296732902527,0.6201295256614685,0,0.0,0.48127488907519356,5,0,off,0,0,0.0,0.0,0.0,0.24171137436640477,0.7613865846195257,0.3987843689883592,0.0735671697510405,0.9309249476506373,0.0,0.48127488907519356,0.48127488907519356
hrl,multi,0,weighted_cka,0,200,1.9087296496218173,300.0,0.5906962156295776,0.37075114250183105,0,0.0,0.38174592992436357,5,0,off,0,0,0.0,0.0,0.0,0.27731032759672947,0.6467735265651716,0.19632166169327653,0.11362434045691039,0.6746997933097298,0.0,0.38174592992436357,0.38174592992436357
hrl,multi,0,weighted_cka,0,201,2.3844997810987465,300.0,0.6829015016555786,0.5995598435401917,0,0.0,0.4768999562197494,5,0,off,0,0,0.0,0.0,0.0,0.19751511492070836,0.6843525448902509,0.4337392183220944,0.051954617364331934,1.0169382856013613,0.0,0.4768999562197494,0.4768999562197494
hrl,multi,0,weighted_cka,0,202,2.901436573595564,280.0,0.7037393450737,0.7012492418289185,1,0.0,0.5802873147191129,5,0,off,0,0,0.0,0.0,0.0,0.3288576147871207,0.6452255756696684,0.9953805212527512,0.482419168114662,0.4495536937713621,0.0,0.5802873147191129,0.5802873147191129
hrl,multi,0,weighted_cka,0,203,2.8241577122061265,299.0,0.7020371556282043,0.7003317475318909,1,0.0,0.5648315424412254,5,0,off,0,0,0.0,0.0,0.0,0.23244735524011764,0.7285517736030741,0.43027458430919785,0.5250884685767813,0.9077955304769564,0.0,0.5648315424412254,0.5648315424412254
hrl,multi,0,weighted_cka,0,204,2.8422115015478324,293.0,0.7054319381713867,0.703117847442627,1,0.0,0.5684423003095666,5,0,off,0,0,0.0,0.0,0.0,0.28575154140847725,0.5795756232923593,0.36001838896051036,0.5055223861932753,1.1113435616932108,0.0,0.5684423003095666,0.5684423003095666
hrl,multi,0,weighted_cka,0,205,1.8239214885106763,300.0,0.6018345355987549,0.25246697664260864,0,0.0,0.36478429770213533,5,0,off,0,0,0.0,0.0,0.0,0.013771382435573798,0.6570389571292324,-0.08015177307289569,0.17770422057062385,1.0555587014481422,0.0,0.36478429770213533,0.36478429770213533
hrl,multi,0,weighted_cka,0,206,2.957310683402057,262.0,0.7029954791069031,0.7001753449440002,1,0.0,0.5914621366804116,5,0,off,0,0,0.0,0.0,0.0,0.3103018959928303,0.7396118635940364,0.3844954180601052,0.44722135789087025,1.0756801478642153,0.0,0.5914621366804116,0.5914621366804116
hrl,multi,0,weighted_cka,0,207,2.906968749674152,277.0,0.7028400301933289,0.7008773684501648,1,0.0,0.5813937499348306,5,0,off,0,0,0.0,0.0,0.0,0.3182928828041185,0.7207466646461397,0.43897183793853023,0.4515812781956045,0.9773760860897599,0.0,0.5813937499348306,0.5813937499348306
hrl,multi,0,weighted_cka,0,208,1.953456532613926,300.0,0.6740869879722595,0.6103897094726562,0,0.0,0.39069130652278533,5,0,off,0,0,0.0,0.0,0.0,0.2736559417177922,0.7281497181397861,0.4394919565841554,-0.13616225445960314,0.648321170631796,0.0,0.39069130652278533,0.39069130652278533
hrl,multi,0,weighted_cka,0,209,2.4100381118827485,300.0,0.6873430609703064,0.6222381591796875,0,0.0,0.4820076223765498,5,0,off,0,0,0.0,0.0,0.0,0.23176163774356226,0.5494808132252654,1.0410216393030711,0.034815798944793475,0.5529582226660567,0.0,0.4820076223765498,0.4820076223765498
hrl,multi,0,weighted_cka,0,210,1.2255512716452346,300.0,0.4444354474544525,0.09335849434137344,0,0.0,0.245110254329047,5,0,off,0,0,0.0,0.0,0.0,0.2460660962628898,0.7170781720355152,0.015238879029638958,0.08837013115175063,0.1587979931654404,0.0,0.245110254329047,0.245110254329047
hrl,multi,0,weighted_cka,0,211,2.400574688149753,300.0,0.7026900053024292,0.6945003867149353,0,0.0,0.48011493762995067,5,0,off,0,0,0.0,0.0,0.0,0.24926620886311854,0.6977520716414581,0.4241821756914722,0.029106538434279922,1.0002676935194246,0.0,0.48011493762995067,0.48011493762995067
hrl,multi,0,weighted_cka,0,212,2.893797268704175,282.0,0.7030841112136841,0.700283944606781,1,0.0,0.5787594537408352,5,0,off,0,0,0.0,0.0,0.0,0.2649471282954472,0.4403522775890304,0.513267806437332,0.5310994656219844,1.1441305907603816,0.0,0.5787594537408352,0.5787594537408352
hrl,multi,0,weighted_cka,0,213,1.9325111721091148,300.0,0.641779363155365,0.49694114923477173,0,0.0,0.3865022344218231,5,0,off,0,0,0.0,0.0,0.0,0.353751685531446,0.5883983069309832,0.15338088086340565,-0.0912359798810213,0.9282162786643019,0.0,0.3865022344218231,0.3865022344218231
hrl,multi,0,weighted_cka,0,214,2.41133328128344,300.0,0.6759916543960571,0.5694470405578613,0,0.0,0.4822666562566881,5,0,off,0,0,0.0,0.0,0.0,0.34510607711505137,0.7124470575659069,0.4617319342307745,0.027625937378033903,0.864422274993674,0.0,0.4822666562566881,0.4822666562566881
hrl,multi,0,weighted_cka,0,215,2.3045105286149905,300.0,0.6363356709480286,0.36637628078460693,0,0.0,0.46090210572299817,5,0,off,0,0,0.0,0.0,0.0,0.31370629863091737,0.5390114977308548,0.35530367788299894,0.14100036155059925,0.9554886928196208,0.0,0.46090210572299817,0.46090210572299817
hrl,multi,0,weighted_cka,0,216,2.8506283795406038,287.0,0.7046937942504883,0.7012779116630554,1,0.0,0.5701256759081208,5,0,off,0,0,0.0,0.0,0.0,0.3556762202964163,0.542893013758119,0.3786611035172826,0.48244704945571704,1.0909509925130694,0.0,0.5701256759081208,0.5701256759081208
hrl,multi,0,weighted_cka,0,217,2.8637235538315857,290.0,0.7033625841140747,0.700724720954895,1,0.0,0.5727447107663173,5,0,off,0,0,0.0,0.0,0.0,0.8967324646835039,0.5968807507432065,0.3712094916058703,0.3830616880993911,0.6158391586996147,0.0,0.5727447107663173,0.5727447107663173
hrl,multi,0,weighted_cka,0,218,2.353099292979458,300.0,0.666355550289154,0.5125947594642639,0,0.0,0.47061985859589167,5,0,off,0,0,0.0,0.0,0.0,0.18448817489517366,1.167799121907621,0.3165844321222974,0.1641443497762083,0.5200832142781581,0.0,0.47061985859589167,0.47061985859589167
hrl,multi,0,weighted_cka,0,219,1.4321410571661533,300.0,0.5856229066848755,0.2105383425951004,0,0.0,0.2864282114332307,5,0,off,0,0,0.0,0.0,0.0,0.11982128630764749,0.653099429554073,-0.005500097646378124,0.0021873420696936832,0.6625330968811176,0.0,0.2864282114332307,0.2864282114332307
hrl,multi,0,weighted_cka,0,220,2.395226791961612,300.0,0.6696634888648987,0.5316869616508484,0,0.0,0.47904535839232254,5,0,off,0,0,0.0,0.0,0.0,0.274631173848902,0.674040072981268,0.47248154983110713,0.024072766515426242,0.9500012287849092,0.0,0.47904535839232254,0.47904535839232254
hrl,multi,0,weighted_cka,0,221,2.864772873128217,291.0,0.702854573726654,0.7015179991722107,1,0.0,0.5729545746256436,5,0,off,0,0,0.0,0.0,0.0,0.296353948479249,0.612861870841123,0.4649573593912645,0.37277470454289857,1.1178249898736827,0.0,0.5729545746256436,0.5729545746256436
hrl,multi,0,weighted_cka,0,222,1.8794330729997442,300.0,0.5972386598587036,0.29137712717056274,0,0.0,0.37588661459994893,5,0,off,0,0,0.0,0.0,0.0,0.13193081745062923,0.5826562520973383,0.3931694440329447,0.686826840583235,0.08484971883559744,0.0,0.37588661459994893,0.37588661459994893
hrl,multi,0,weighted_cka,0,223,2.423076335259246,300.0,0.6865253448486328,0.620507001876831,0,0.0,0.4846152670518493,5,0,off,0,0,0.0,0.0,0.0,0.25647665380267415,0.6449045722018926,0.30961705668177436,0.7662039100779219,0.4458741424949838,0.0,0.4846152670518493,0.4846152670518493
hrl,multi,0,weighted_cka,0,224,1.9531377067905837,300.0,0.620581865310669,0.401281476020813,0,0.0,0.39062754135811684,5,0,off,0,0,0.0,0.0,0.0,0.23439653827669082,0.736844184450805,-0.021129158976022234,0.10658125868625934,0.8964448843528513,0.0,0.39062754135811684,0.39062754135811684
hrl,multi,0,weighted_cka,0,225,2.4079597818876195,300.0,0.7004883289337158,0.6914238333702087,0,0.0,0.48159195637752406,5,0,off,0,0,0.0,0.0,0.0,0.3171740646614343,0.7060744569823144,0.3963803791846147,0.30210477387634443,0.6862261071829123,0.0,0.48159195637752406,0.48159195637752406
hrl,multi,0,weighted_cka,0,226,2.378955683376624,300.0,0.6551228165626526,0.45802363753318787,0,0.0,0.4757911366753249,5,0,off,0,0,0.0,0.0,0.0,0.26733695660345247,0.5110981634173074,0.47949187992070785,0.12780492534063503,0.9932237580945219,0.0,0.4757911366753249,0.4757911366753249
hrl,multi,0,weighted_cka,0,227,2.8470388908870503,300.0,0.7022470831871033,0.7001149654388428,1,0.0,0.5694077781774102,5,0,off,0,0,0.0,0.0,0.0,0.23146930903010055,0.7139686809764242,0.44050136144226404,0.5492327285429927,0.9118668108952696,0.0,0.5694077781774102,0.5694077781774102
hrl,multi,0,weighted_cka,0,228,1.5232565059937757,300.0,0.5927671790122986,0.31097981333732605,0,0.0,0.3046513011987552,5,0,off,0,0,0.0,0.0,0.0,0.2673460691090439,0.7263725944848264,-0.0421225204761141,0.08306559496372934,0.4885947679122906,0.0,0.3046513011987552,0.3046513011987552
hrl,multi,0,weighted_cka,0,229,2.9375229170401385,273.0,0.705630898475647,0.7043537497520447,1,0.0,0.5875045834080278,5,0,off,0,0,0.0,0.0,0.0,0.3021837043752711,0.6357716361442579,0.3905673121768049,0.5521197132221421,1.056880551121663,0.0,0.5875045834080278,0.5875045834080278
hrl,multi,0,weighted_cka,0,230,2.41766895824221,300.0,0.7017598152160645,0.6961492896080017,0,0.0,0.48353379164844207,5,0,off,0,0,0.0,0.0,0.0,0.23928845424298184,0.7147230651532298,0.4290316161969093,0.002339372697038704,1.0322864499520508,0.0,0.48353379164844207,0.48353379164844207
hrl,multi,0,weighted_cka,0,231,2.878730818849594,286.0,0.7029699087142944,0.7012310028076172,1,0.0,0.5757461637699188,5,0,off,0,0,0.0,0.0,0.0,0.3079696387953226,0.7536264772922731,0.42541204058262505,0.44546860113088027,0.9462540610484936,0.0,0.5757461637699188,0.5757461637699188
hrl,multi,0,weighted_cka,0,232,2.420461691773788,300.0,0.6627343893051147,0.4953174293041229,0,0.0,0.4840923383547577,5,0,off,0,0,0.0,0.0,0.0,0.29568425200204346,0.7299646906731648,0.3950633160709402,0.14561076884530477,0.8541386641823353,0.0,0.4840923383547577,0.4840923383547577
hrl,multi,0,weighted_cka,0,233,2.3905474853827613,300.0,0.6735386848449707,0.5506787896156311,0,0.0,0.47810949707655237,5,0,off,0,0,0.0,0.0,0.0,0.3535527144151855,0.6478466695598325,0.2002214011081384,0.11117786740884172,1.0777488328907636,0.0,0.47810949707655237,0.47810949707655237
hrl,multi,0,weighted_cka,0,234,1.9948510669159973,300.0,0.6833640336990356,0.6439164280891418,0,0.0,0.39897021338319955,5,0,off,0,0,0.0,0.0,0.0,0.28358262370177534,0.681074728571344,0.35505299440385335,0.14504380015190677,0.5300969200871184,0.0,0.39897021338319955,0.39897021338319955
hrl,multi,0,weighted_cka,0,235,2.834169097532051,299.0,0.703587532043457,0.7017495036125183,1,0.0,0.5668338195064103,5,0,off,0,0,0.0,0.0,0.0,0.32095811280119224,0.6412915455962064,0.3605452549913897,0.43461715176142734,1.076757032381836,0.0,0.5668338195064103,0.5668338195064103
hrl,multi,0,weighted_cka,0,236,2.3239683135274376,300.0,0.6443768739700317,0.4118444621562958,0,0.0,0.4647936627054876,5,0,off,0,0,0.0,0.0,0.0,0.4289188646477121,0.6506847634911536,0.1835528278695999,0.13106381538510314,0.9297480421338694,0.0,0.4647936627054876,0.4647936627054876
hrl,multi,0,weighted_cka,0,237,1.8778623508624137,300.0,0.5657305121421814,0.3287963271141052,0,0.0,0.37557247017248285,5,0,off,0,0,0.0,0.0,0.0,0.2992349794842301,0.7174569922657682,0.17281323108175983,0.01823367220023635,0.6701234758304198,0.0,0.37557247017248285,0.37557247017248285
hrl,multi,0,weighted_cka,0,238,2.4082284303039145,300.0,0.6973882913589478,0.6708828806877136,0,0.0,0.481645686060783,5,0,off,0,0,0.0,0.0,0.0,0.2406330680386162,0.7559362556490813,0.4352923179448115,0.08408969136700017,0.892277097304406,0.0,0.481645686060783,0.481645686060783
hrl,multi,0,weighted_cka,0,239,2.401247691783645,300.0,0.6897327899932861,0.6429480910301208,0,0.0,0.4802495383567291,5,0,off,0,0,0.0,0.0,0.0,0.13027464352408402,1.208936686525354,0.40969018524838596,0.07990219280519506,0.5724439836806267,0.0,0.4802495383567291,0.4802495383567291
hrl,multi,0,weighted_cka,0,240,2.331392204802249,300.0,0.6410660743713379,0.39583203196525574,0,0.0,0.46627844096045,5,0,off,0,0,0.0,0.0,0.0,0.3182510809886734,0.7486156716602853,0.3221717438870108,0.25405575369205313,0.6882979545742272,0.0,0.46627844096045,0.46627844096045
hrl,multi,0,weighted_cka,0,241,2.38416775534224,300.0,0.6988229751586914,0.6825659275054932,0,0.0,0.4768335510684481,5,0,off,0,0,0.0,0.0,0.0,0.2626511786314658,0.7048272392749785,0.5148830634681506,0.022069837206428765,0.8797364367612169,0.0,0.4768335510684481,0.4768335510684481
hrl,multi,0,weighted_cka,0,242,2.9241461196338627,274.0,0.7035627365112305,0.7018015384674072,1,0.0,0.5848292239267726,5,0,off,0,0,0.0,0.0,0.0,0.7771584222152012,0.5567734881741925,0.428066052940674,0.6198774866163729,0.5422706696874228,0.0,0.5848292239267726,0.5848292239267726
hrl,multi,0,weighted_cka,0,243,2.0129218430811293,300.0,0.6933342814445496,0.6639745235443115,0,0.0,0.40258436861622593,5,0,off,0,0,0.0,0.0,0.0,0.2827756455078487,0.5340982068087904,0.3886096896140369,0.09312433014041721,0.7143139710100366,0.0,0.40258436861622593,0.40258436861622593
hrl,multi,0,weighted_cka,0,244,2.238639482321922,300.0,0.6232732534408569,0.3054591417312622,0,0.0,0.4477278964643846,5,0,off,0,0,0.0,0.0,0.0,0.3278505792249342,0.7154936182969248,0.4287517042616381,0.2885546064291338,0.47798897410929175,0.0,0.4477278964643846,0.4477278964643846
hrl,multi,0,weighted_cka,0,245,1.278598847557622,300.0,0.47943511605262756,0.1507624238729477,0,0.0,0.2557197695115245,5,0,off,0,0,0.0,0.0,0.0,0.2045126944794317,0.6332692256438893,-0.3893008018020704,0.09301811926066872,0.737099609975703,0.0,0.2557197695115245,0.2557197695115245
hrl,multi,0,weighted_cka,0,246,2.9295251623493663,274.0,0.7025311589241028,0.7003847360610962,1,0.0,0.5859050324698734,5,0,off,0,0,0.0,0.0,0.0,0.31244155779472194,0.7337275822069494,0.40552814162429407,0.490838629059959,0.9869892516634425,0.0,0.5859050324698734,0.5859050324698734
hrl,multi,0,weighted_cka,0,247,1.8739857877269501,300.0,0.62267005443573,0.31331729888916016,0,0.0,0.3747971575453901,5,0,off,0,0,0.0,0.0,0.0,0.23282068749585583,0.7373857016642577,0.5218298919212537,0.057299578109756055,0.3246499285358273,0.0,0.3747971575453901,0.3747971575453901
hrl,multi,0,weighted_cka,0,248,2.354719369699886,300.0,0.6607929468154907,0.48621466755867004,0,0.0,0.4709438739399773,5,0,off,0,0,0.0,0.0,0.0,0.19352908743487182,0.7043882634062318,0.35066528217081205,0.14711873689293853,0.9590179997950324,0.0,0.4709438739399773,0.4709438739399773
hrl,multi,0,weighted_cka,0,249,2.864396911339047,289.0,0.7034697532653809,0.7009025812149048,1,0.0,0.5728793822678095,5,0,off,0,0,0.0,0.0,0.0,0.2462594194858683,0.7465461369846015,0.41018655899958667,0.4360088785479018,1.0253959173210894,0.0,0.5728793822678095,0.5728793822678095
hrl,multi,0,weighted_cka,0,250,2.8441111026579295,296.0,0.7032614946365356,0.7007424831390381,1,0.0,0.568822220531586,5,0,off,0,0,0.0,0.0,0.0,0.3347921110792085,0.7222893781336023,0.35876795619617025,0.4347310233414171,0.9935306339075322,0.0,0.568822220531586,0.568822220531586
hrl,multi,0,weighted_cka,0,251,2.3921435975556946,300.0,0.6684644818305969,0.5285018682479858,0,0.0,0.478428719511139,5,0,off,0,0,0.0,0.0,0.0,0.3155230955160222,0.7255820823367684,0.41386057075310945,0.1284724385123699,0.8087054104374253,0.0,0.478428719511139,0.478428719511139
hrl,multi,0,weighted_cka,0,252,2.3711791342961064,300.0,0.670006275177002,0.5335538983345032,0,0.0,0.4742358268592214,5,0,off,0,0,0.0,0.0,0.0,0.3039702464305154,0.34315576002752635,0.5405889036166479,0.10494074077904214,1.0785234834423751,0.0,0.4742358268592214,0.4742358268592214
hrl,multi,0,weighted_cka,0,253,2.974085429330122,263.0,0.7032122015953064,0.7012824416160583,1,0.0,0.5948170858660246,5,0,off,0,0,0.0,0.0,0.0,0.27390079432516345,0.6685096788881345,0.4785173263303003,0.47876307911518945,1.074394550671335,0.0,0.5948170858660246,0.5948170858660246
hrl,multi,0,weighted_cka,0,254,2.9549899953596745,272.0,0.7029911875724792,0.7001573443412781,1,0.0,0.590997999071935,5,0,off,0,0,0.0,0.0,0.0,0.3069294604936148,0.6124985964098012,0.45907737431162954,0.5105871730213983,1.0658973911232312,0.0,0.590997999071935,0.590997999071935
hrl,multi,0,weighted_cka,0,255,1.5642217585947025,300.0,0.5449704527854919,0.38137146830558777,0,0.0,0.3128443517189406,5,0,off,0,0,0.0,0.0,0.0,0.3065316863404585,0.4135366976382209,-0.155565760135218,0.30883103729877615,0.6908880974524654,0.0,0.3128443517189406,0.3128443517189406
hrl,multi,0,weighted_cka,0,256,2.8896561209995983,287.0,0.7039321660995483,0.700411856174469,1,0.0,0.5779312241999197,5,0,off,0,0,0.0,0.0,0.0,0.19112632090959214,0.8434863990289158,0.46572040575160634,0.4784962548054753,0.9108267405040095,0.0,0.5779312241999197,0.5779312241999197
hrl,multi,0,weighted_cka,0,257,1.6163588917680713,300.0,0.5729618072509766,0.0994126945734024,0,0.0,0.32327177835361437,5,0,off,0,0,0.0,0.0,0.0,0.08280795462919621,0.7432653331202453,0.3065333340425275,-0.03737242999274176,0.5211246999688446,0.0,0.32327177835361437,0.32327177835361437
hrl,multi,0,weighted_cka,0,258,2.3696730364703384,300.0,0.6675887703895569,0.5211011171340942,0,0.0,0.4739346072940678,5,0,off,0,0,0.0,0.0,0.0,0.8139225799328412,0.519568376632087,0.3184614115838193,0.17977095916238595,0.5379497091592055,0.0,0.4739346072940678,0.4739346072940678
hrl,multi,0,weighted_cka,0,259,2.9375491782655576,271.0,0.7039116024971008,0.7003894448280334,1,0.0,0.5875098356531117,5,0,off,0,0,0.0,0.0,0.0,0.2895756771489977,0.6652409482030196,0.46368380921805497,0.5535033822497352,0.9655453614457509,0.0,0.5875098356531117,0.5875098356531117
hrl,multi,0,weighted_cka,0,260,2.891875387026956,285.0,0.7035819888114929,0.7005484104156494,1,0.0,0.5783750774053914,5,0,off,0,0,0.0,0.0,0.0,0.34986456373060343,0.4894893686834255,0.433623962218873,0.34405817500708497,1.2748393173869697,0.0,0.5783750774053914,0.5783750774053914
hrl,multi,0,weighted_cka,0,261,1.9130563488506582,300.0,0.5961427688598633,0.3271719813346863,0,0.0,0.3826112697701317,5,0,off,0,0,0.0,0.0,0.0,0.26186441013432327,0.6960505349170415,0.34008377862535405,0.18488846238330003,0.4301691627906399,0.0,0.3826112697701317,0.3826112697701317
hrl,multi,0,weighted_cka,0,262,1.9976000346214264,300.0,0.6607340574264526,0.5938298106193542,0,0.0,0.39952000692428535,5,0,off,0,0,0.0,0.0,0.0,0.2651295387482968,0.7044958908385596,0.3590430157296358,0.15135116885788724,0.5175804204470476,0.0,0.39952000692428535,0.39952000692428535
hrl,multi,0,weighted_cka,0,263,2.3676180879305306,300.0,0.6678656935691833,0.5323746204376221,0,0.0,0.4735236175861062,5,0,off,0,0,0.0,0.0,0.0,0.27427923349350736,0.6514557791429395,0.41615787361469103,0.037639421774074366,0.988085779905319,0.0,0.4735236175861062,0.4735236175861062
hrl,multi,0,weighted_cka,0,264,2.3493052201130453,300.0,0.6518536806106567,0.44671911001205444,0,0.0,0.46986104402260925,5,0,off,0,0,0.0,0.0,0.0,0.8706935354022424,0.513338339045729,0.3943115822714753,-0.02742796155391266,0.598389724947512,0.0,0.46986104402260925,0.46986104402260925
hrl,multi,0,weighted_cka,0,265,2.4000105598883223,300.0,0.6991478204727173,0.6825160980224609,0,0.0,0.48000211197766457,5,0,off,0,0,0.0,0.0,0.0,0.1892599377993609,0.6817669950085691,0.41564571548873197,0.42581166133636705,0.6875262502552939,0.0,0.48000211197766457,0.48000211197766457
hrl,multi,0,weighted_cka,0,266,2.9054430224013035,280.0,0.7028824090957642,0.7001708745956421,1,0.0,0.5810886044802608,5,0,off,0,0,0.0,0.0,0.0,0.24158129598386563,0.6395876823570578,0.3946846571711357,0.5846699843415989,1.044919402547646,0.0,0.5810886044802608,0.5810886044802608
hrl,multi,0,weighted_cka,0,267,2.376741346159541,300.0,0.6598430275917053,0.4761661887168884,0,0.0,0.4753482692319083,5,0,off,0,0,0.0,0.0,0.0,0.11222072433971308,0.620568254335725,0.9446473927735349,0.1573151421537622,0.5419898325568063,0.0,0.4753482692319083,0.4753482692319083
hrl,multi,0,weighted_cka,0,268,2.9357516948700417,272.0,0.7041860818862915,0.7005507946014404,1,0.0,0.5871503389740085,5,0,off,0,0,0.0,0.0,0.0,0.2891233106322251,0.6756534528811461,0.4010818298351949,0.5244477323573081,1.045445369164168,0.0,0.5871503389740085,0.5871503389740085
hrl,multi,0,weighted_cka,0,269,1.973761845812986,300.0,0.6146334409713745,0.3771738111972809,0,0.0,0.39475236916259726,5,0,off,0,0,0.0,0.0,0.0,0.10070604056221749,0.6481851423440964,0.42562748050084326,0.08727357464935626,0.711969607756473,0.0,0.39475236916259726,0.39475236916259726
hrl,multi,0,weighted_cka,0,270,1.9136867318011341,300.0,0.5991919636726379,0.42281994223594666,0,0.0,0.38273734636022694,5,0,off,0,0,0.0,0.0,0.0,0.2982937161438166,0.7941528745340182,0.347871125334408,0.06971687110583291,0.403652144683059,0.0,0.38273734636022694,0.38273734636022694
hrl,multi,0,weighted_cka,0,271,2.9814138648177018,263.0,0.7046360373497009,0.7033507227897644,1,0.0,0.5962827729635405,5,0,off,0,0,0.0,0.0,0.0,0.3845132513619027,0.5499589403420685,0.8592429455809759,0.5443579189600422,0.6433408085727131,0.0,0.5962827729635405,0.5962827729635405
hrl,multi,0,weighted_cka,0,272,2.8665812692507338,283.0,0.7020053267478943,0.7001078128814697,1,0.0,0.573316253850147,5,0,off,0,0,0.0,0.0,0.0,0.36119007402543857,0.7950645865369587,0.3002114415639079,0.4817812677547334,0.928333899369696,0.0,0.573316253850147,0.573316253850147
hrl,multi,0,weighted_cka,0,273,2.1627879499341347,300.0,0.5980725884437561,0.17803966999053955,0,0.0,0.43255758998682703,5,0,off,0,0,0.0,0.0,0.0,0.359625810752157,0.6911813823767005,0.3616009718710555,-0.10201425648340964,0.852394041417632,0.0,0.43255758998682703,0.43255758998682703
hrl,multi,0,weighted_cka,0,274,2.392825655452178,300.0,0.6813458204269409,0.5906051993370056,0,0.0,0.4785651310904358,5,0,off,0,0,0.0,0.0,0.0,0.35325766258614005,0.7186596314888446,0.3686792723024263,0.01824294069036833,0.9339861483843995,0.0,0.4785651310904358,0.4785651310904358
hrl,multi,0,weighted_cka,0,275,1.8718717855265354,300.0,0.5575311779975891,0.32735657691955566,0,0.0,0.3743743571053072,5,0,off,0,0,0.0,0.0,0.0,0.045980773120094076,1.1718021069080566,0.2347284216657279,0.14175314499810332,0.2776073388345539,0.0,0.3743743571053072,0.3743743571053072
hrl,multi,0,weighted_cka,0,276,2.0101388110779213,300.0,0.6518029570579529,0.5567964315414429,0,0.0,0.40202776221558434,5,0,off,0,0,0.0,0.0,0.0,0.3136286993707762,0.7116537018176167,0.19427269555139332,0.1119307709364219,0.6786529434017137,0.0,0.40202776221558434,0.40202776221558434
hrl,multi,0,weighted_cka,0,277,2.3932720157958087,300.0,0.6893831491470337,0.6308377385139465,0,0.0,0.47865440315916186,5,0,off,0,0,0.0,0.0,0.0,0.09949605535564449,0.7465120488475075,0.5475329827908425,0.053386770952259965,0.9463441578495547,0.0,0.47865440315916186,0.47865440315916186
hrl,multi,0,weighted_cka,0,278,2.8755996817112885,293.0,0.7041072845458984,0.701256513595581,1,0.0,0.5751199363422578,5,0,off,0,0,0.0,0.0,0.0,0.2874689329108222,0.6825803109537808,0.34032248345436517,0.5889561456590889,0.9762718087332322,0.0,0.5751199363422578,0.5751199363422578
hrl,multi,0,weighted_cka,0,279,2.9493293408588492,267.0,0.7032064199447632,0.7006103992462158,1,0.0,0.5898658681717699,5,0,off,0,0,0.0,0.0,0.0,0.2989872781413141,0.6915217558785806,0.43645945879816994,0.5199469476514494,1.0024139003893358,0.0,0.5898658681717699,0.5898658681717699
hrl,multi,0,weighted_cka,0,280,1.877988726861075,300.0,0.5889788269996643,0.3293794095516205,0,0.0,0.37559774537221513,5,0,off,0,0,0.0,0.0,0.0,-0.022890122518176625,0.5630908537136855,0.34542840663506635,0.3491691024918109,0.6431904865386895,0.0,0.37559774537221513,0.37559774537221513
hrl,multi,0,weighted_cka,0,281,1.926623489097436,300.0,0.6193125247955322,0.39860570430755615,0,0.0,0.3853246978194873,5,0,off,0,0,0.0,0.0,0.0,0.3284766375603503,0.5246879863971624,0.13942953302804345,0.7097953359028324,0.22423399620904805,0.0,0.3853246978194873,0.3853246978194873
hrl,multi,0,weighted_cka,0,282,2.3821881545212804,300.0,0.6987864375114441,0.6790295243263245,0,0.0,0.4764376309042563,5,0,off,0,0,0.0,0.0,0.0,0.3184104618418495,0.7557629195358603,0.36174782804923583,-0.061185701095033546,1.007452646189369,0.0,0.4764376309042563,0.4764376309042563
hrl,multi,0,weighted_cka,0,283,2.3163273401518367,300.0,0.6434464454650879,0.40258854627609253,0,0.0,0.4632654680303675,5,0,off,0,0,0.0,0.0,0.0,0.1321735235088124,0.7244850438151041,0.3366476752637244,0.3938404296460211,0.7291806679181754,0.0,0.4632654680303675,0.4632654680303675
hrl,multi,0,weighted_cka,0,284,1.984069855997403,300.0,0.6527992486953735,0.5614349246025085,0,0.0,0.3968139711994807,5,0,off,0,0,0.0,0.0,0.0,0.19427988182962855,0.5838307014051823,0.3200165190021506,0.6497681481147373,0.2361746056457048,0.0,0.3968139711994807,0.3968139711994807
hrl,multi,0,weighted_cka,0,285,2.334339432584237,300.0,0.6394082307815552,0.3808901011943817,0,0.0,0.4668678865168475,5,0,off,0,0,0.0,0.0,0.0,0.3315770052113802,0.7211032447218894,0.3050603131405076,0.024626651989296033,0.9519722175211643,0.0,0.4668678865168475,0.4668678865168475
hrl,multi,0,weighted_cka,0,286,2.828034813130411,296.0,0.7043881416320801,0.7021297216415405,1,0.0,0.5656069626260823,5,0,off,0,0,0.0,0.0,0.0,0.25154511365917265,1.173441202174872,0.3932763055963077,0.3037830270281991,0.7059891646718605,0.0,0.5656069626260823,0.5656069626260823
hrl,multi,0,weighted_cka,0,287,2.9216400250291903,285.0,0.7040066719055176,0.70036780834198,1,0.0,0.5843280050058381,5,0,off,0,0,0.0,0.0,0.0,0.2569371195954735,0.7217339385449885,0.40217577697290097,0.5649238335541448,0.9758693563616833,0.0,0.5843280050058381,0.5843280050058381
hrl,multi,0,weighted_cka,0,288,2.5069219286000575,300.0,0.695591151714325,0.6614499092102051,0,0.0,0.5013843857200115,5,0,off,0,0,0.0,0.0,0.0,0.38082935870438805,0.5895563999866132,0.44578884285595255,0.15601554504595683,0.9347317820071473,0.0,0.5013843857200115,0.5013843857200115
hrl,multi,0,weighted_cka,0,289,2.4284747181181032,300.0,0.6956526041030884,0.6621654629707336,0,0.0,0.48569494362362076,5,0,off,0,0,0.0,0.0,0.0,0.23710453116637642,0.45687491757236404,1.0163330877586847,0.15038876918889565,0.5677734124317829,0.0,0.48569494362362076,0.48569494362362076
hrl,multi,0,weighted_cka,0,290,2.961533835241104,263.0,0.7042155265808105,0.7020776271820068,1,0.0,0.5923067670482209,5,0,off,0,0,0.0,0.0,0.0,0.3056253905231132,0.7412397628501056,0.3697739611263386,0.39109822378959497,1.1537964969519523,0.0,0.5923067670482209,0.5923067670482209
hrl,multi,0,weighted_cka,0,291,1.9281172591799973,300.0,0.6240819692611694,0.4547251760959625,0,0.0,0.3856234518359996,5,0,off,0,0,0.0,0.0,0.0,0.25976028572185883,0.7483838323084636,0.10732281302713065,0.21070778714073812,0.6019425409818067,0.0,0.3856234518359996,0.3856234518359996
hrl,multi,0,weighted_cka,0,292,2.8115400805417288,299.0,0.7029674649238586,0.7005650997161865,1,0.0,0.5623080161083458,5,0,off,0,0,0.0,0.0,0.0,0.2774955626584996,0.7163883690992369,0.2983191053672633,0.43584594644470764,1.083491096972022,0.0,0.5623080161083458,0.5623080161083458
hrl,multi,0,weighted_cka,0,293,1.9923985084559312,300.0,0.6653925180435181,0.5593746304512024,0,0.0,0.39847970169118635,5,0,off,0,0,0.0,0.0,0.0,0.296207931465702,0.4653809550832745,0.3373855637090745,0.23772388854995352,0.6557001696479272,0.0,0.39847970169118635,0.39847970169118635
hrl,multi,0,weighted_cka,0,294,2.393871192244113,300.0,0.6872560381889343,0.6185293793678284,0,0.0,0.47877423844882266,5,0,off,0,0,0.0,0.0,0.0,0.16570067906042074,0.6511361082283545,0.37953352888673536,0.19952937601786092,0.997971500050742,0.0,0.47877423844882266,0.47877423844882266
hrl,multi,0,weighted_cka,0,295,2.8378399284141036,295.0,0.7022041082382202,0.7004169225692749,1,0.0,0.5675679856828209,5,0,off,0,0,0.0,0.0,0.0,0.2838888873948744,0.7412678614617324,0.4652337113621178,0.3264509272670255,1.0209985409283542,0.0,0.5675679856828209,0.5675679856828209
hrl,multi,0,weighted_cka,0,296,2.418428225883325,300.0,0.6881104707717896,0.6213244199752808,0,0.0,0.48368564517666507,5,0,off,0,0,0.0,0.0,0.0,0.2203523857144172,0.6909099323041735,0.44318099425802926,0.024455643243665576,1.0395292703630399,0.0,0.48368564517666507,0.48368564517666507
hrl,multi,0,weighted_cka,0,297,2.4186002638292834,300.0,0.6603024005889893,0.4858326017856598,0,0.0,0.4837200527658568,5,0,off,0,0,0.0,0.0,0.0,0.2834860051466965,0.45628596935421195,0.5352082782867363,0.09533606910973313,1.0482839419319059,0.0,0.4837200527658568,0.4837200527658568
hrl,multi,0,weighted_cka,0,298,2.8727611984211165,291.0,0.7022066116333008,0.7005051970481873,1,0.0,0.5745522396842235,5,0,off,0,0,0.0,0.0,0.0,0.33523560438794076,0.6266699865264816,0.37253329646261396,0.3815604714858345,1.1567618395582464,0.0,0.5745522396842235,0.5745522396842235
hrl,multi,0,weighted_cka,0,299,1.9089404640981216,300.0,0.6272948980331421,0.3482365906238556,0,0.0,0.3817880928196244,5,0,off,0,0,0.0,0.0,0.0,0.21932896061951745,0.7549928707994985,-0.14533491978305416,0.13123933225963258,0.9487142202025277,0.0,0.3817880928196244,0.3817880928196244
hrl,multi,0,weighted_cka,0,300,2.8918087411781657,282.0,0.7020522356033325,0.7000104784965515,1,0.0,0.5783617482356334,5,0,off,0,0,0.0,0.0,0.0,0.2921982072559548,0.7230830609612166,0.2694752751435152,0.5334703109543769,1.0735818868631029,0.0,0.5783617482356334,0.5783617482356334
hrl,multi,0,weighted_cka,0,301,2.3485419702598946,300.0,0.6593672037124634,0.48528239130973816,0,0.0,0.469708394051979,5,0,off,0,0,0.0,0.0,0.0,0.2939463804300757,0.5609593767605331,0.3564891504342375,0.06071228294866149,1.0764347796863873,0.0,0.469708394051979,0.469708394051979
hrl,multi,0,weighted_cka,0,302,2.884332180734024,283.0,0.7052062153816223,0.703109860420227,1,0.0,0.5768664361468049,5,0,off,0,0,0.0,0.0,0.0,0.2713649972407437,0.633019654991105,0.4573001764188228,0.46634589186869546,1.0563014602146574,0.0,0.5768664361468049,0.5768664361468049
hrl,multi,0,weighted_cka,0,303,2.9195515076831784,273.0,0.7034115791320801,0.7020177841186523,1,0.0,0.5839103015366358,5,0,off,0,0,0.0,0.0,0.0,0.2545216582347638,0.6661021738704292,0.4719364615291123,0.532608866359107,0.9943823476897667,0.0,0.5839103015366358,0.5839103015366358
hrl,multi,0,weighted_cka,0,304,3.005431346924334,252.0,0.70442134141922,0.7009153962135315,1,0.0,0.6010862693848669,5,0,off,0,0,0.0,0.0,0.0,0.3756508274953811,0.7227507084733805,0.3705350817581638,0.5587781017025116,0.9777166274948975,0.0,0.6010862693848669,0.6010862693848669
hrl,multi,0,weighted_cka,0,305,2.8761996340079334,300.0,0.704764723777771,0.7018975615501404,1,0.0,0.5752399268015868,5,0,off,0,0,0.0,0.0,0.0,0.3246431216294876,0.4774102573338893,0.5081846967211457,0.3684242302491911,1.1975373280742203,0.0,0.5752399268015868,0.5752399268015868
hrl,multi,0,weighted_cka,0,306,2.4598896451265304,300.0,0.6838916540145874,0.6019595265388489,0,0.0,0.4919779290253062,5,0,off,0,0,0.0,0.0,0.0,0.2621885867433156,1.1075795921785754,0.533035090854857,0.009166163164889208,0.5479202121848937,0.0,0.4919779290253062,0.4919779290253062
hrl,multi,0,weighted_cka,0,307,2.9796060857351754,260.0,0.7030313611030579,0.7004624009132385,1,0.0,0.5959212171470352,5,0,off,0,0,0.0,0.0,0.0,0.260284390811379,0.7409071821882388,0.4532931501579004,0.5031141208913176,1.0220072416863402,0.0,0.5959212171470352,0.5959212171470352
hrl,multi,0,weighted_cka,0,308,1.9445914092211738,300.0,0.6390597820281982,0.454174280166626,0,0.0,0.3889182818442348,5,0,off,0,0,0.0,0.0,0.0,0.16055841303348978,0.7291285745454951,0.4172396994912996,-0.1181047922440341,0.7557695143949239,0.0,0.3889182818442348,0.3889182818442348
hrl,multi,0,weighted_cka,0,309,2.3933030682227567,300.0,0.6861990690231323,0.621039092540741,0,0.0,0.4786606136445514,5,0,off,0,0,0.0,0.0,0.0,0.3254521692459529,0.6657598950888676,0.46461733532045024,0.006020029184990401,0.9314536393824963,0.0,0.4786606136445514,0.4786606136445514
hrl,multi,0,weighted_cka,0,310,2.904822578501886,278.0,0.7050617337226868,0.7015761733055115,1,0.0,0.5809645157003773,5,0,off,0,0,0.0,0.0,0.0,0.2882019830510252,0.7344980779457836,0.44749800181027954,0.45505863670539093,0.9795658789894076,0.0,0.5809645157003773,0.5809645157003773
hrl,multi,0,weighted_cka,0,311,1.8562683001218816,300.0,0.5161901712417603,0.21133919060230255,0,0.0,0.37125366002437643,5,0,off,0,0,0.0,0.0,0.0,0.27480602692370293,0.3547650863062589,0.5209502339418975,0.017016078973188832,0.6887308739768341,0.0,0.37125366002437643,0.37125366002437643
hrl,multi,0,weighted_cka,0,312,2.4414715123292154,300.0,0.6852220296859741,0.614301860332489,0,0.0,0.48829430246584327,5,0,off,0,0,0.0,0.0,0.0,0.24958565338747565,0.46205691523849934,0.4755679288432001,0.387079994969919,0.867181019890122,0.0,0.48829430246584327,0.48829430246584327
hrl,multi,0,weighted_cka,0,313,2.9215136315665426,274.0,0.7044345140457153,0.7005823850631714,1,0.0,0.5843027263133086,5,0,off,0,0,0.0,0.0,0.0,0.2907427848515798,0.6984812265611252,0.40318937609158445,0.5105163261967244,1.0185839178655294,0.0,0.5843027263133086,0.5843027263133086
hrl,multi,0,weighted_cka,0,314,2.435293241635371,300.0,0.6996434926986694,0.6796863675117493,0,0.0,0.4870586483270743,5,0,off,0,0,0.0,0.0,0.0,0.3031195716416113,0.7198257350558414,0.438343343943823,0.0007574795525285422,0.9732471114415674,0.0,0.4870586483270743,0.4870586483270743
hrl,multi,0,weighted_cka,0,315,2.8247124527643885,297.0,0.703672468662262,0.7013967037200928,1,0.0,0.5649424905528779,5,0,off,0,0,0.0,0.0,0.0,0.30038967650174153,0.7306885822946204,0.30680605675280076,0.5557309627649373,0.9310971744502893,0.0,0.5649424905528779,0.5649424905528779
hrl,multi,0,weighted_cka,0,316,2.976504366925174,257.0,0.7030844688415527,0.7006905674934387,1,0.0,0.595300873385035,5,0,off,0,0,0.0,0.0,0.0,0.36349336412781835,0.654859490922652,0.4133591097784227,0.36755540192006436,1.1772370001762171,0.0,0.595300873385035,0.595300873385035
hrl,multi,0,weighted_cka,0,317,2.4192433401534785,300.0,0.700046181678772,0.6879931092262268,0,0.0,0.4838486680306958,5,0,off,0,0,0.0,0.0,0.0,0.32398767573595966,0.6968950344240291,0.4449274824773891,0.05896687072236073,0.8944662767937405,0.0,0.4838486680306958,0.4838486680306958
hrl,multi,0,weighted_cka,0,318,2.413308470988703,300.0,0.6988316774368286,0.6860648393630981,0,0.0,0.48266169419774074,5,0,off,0,0,0.0,0.0,0.0,0.27489770608674724,0.7261019617868586,0.48351724714343425,0.30298683553189026,0.6258047204397732,0.0,0.48266169419774074,0.48266169419774074
hrl,multi,0,weighted_cka,0,319,2.8607446877958704,279.0,0.7038193345069885,0.7007144093513489,1,0.0,0.5721489375591742,5,0,off,0,0,0.0,0.0,0.0,0.2433586171325295,0.4479042812054975,1.0114214855239259,0.6401247943905181,0.5179355095434001,0.0,0.5721489375591742,0.5721489375591742
hrl,multi,0,weighted_cka,0,320,2.37706208069212,300.0,0.6950640678405762,0.659972071647644,0,0.0,0.4754124161384241,5,0,off,0,0,0.0,0.0,0.0,0.2280772138602332,0.6562923450600354,0.4400457048513925,0.47018097032091444,0.5824658465995451,0.0,0.4754124161384241,0.4754124161384241
hrl,multi,0,weighted_cka,0,321,2.4120328963821507,300.0,0.691683828830719,0.6431350111961365,0,0.0,0.4824065792764302,5,0,off,0,0,0.0,0.0,0.0,0.7658056092597542,0.6109598383906995,0.3871755019342526,0.5382473414232952,0.10984460537414975,0.0,0.4824065792764302,0.4824065792764302
hrl,multi,0,weighted_cka,0,322,2.8939839848359683,282.0,0.7046706080436707,0.7015186548233032,1,0.0,0.5787967969671938,5,0,off,0,0,0.0,0.0,0.0,0.3230776086652767,0.7643564295968971,0.42361838764883564,0.42548442315682744,0.9574471357681321,0.0,0.5787967969671938,0.5787967969671938
hrl,multi,0,weighted_cka,0,323,2.38741521701413,300.0,0.6985474228858948,0.6748024821281433,0,0.0,0.4774830434028261,5,0,off,0,0,0.0,0.0,0.0,0.31517782014328977,0.6506297915043394,0.4837888517072423,0.4752843782687558,0.46253437539050335,0.0,0.4774830434028261,0.4774830434028261
hrl,multi,0,weighted_cka,0,324,2.9286465353993685,274.0,0.7047955989837646,0.7024275660514832,1,0.0,0.5857293070798738,5,0,off,0,0,0.0,0.0,0.0,0.34761257771821685,0.6848151698429136,0.4128298716116695,0.4979685411467215,0.9854203750798477,0.0,0.5857293070798738,0.5857293070798738
hrl,multi,0,weighted_cka,0,325,2.85487269416981,299.0,0.7029341459274292,0.7003859281539917,1,0.0,0.5709745388339622,5,0,off,0,0,0.0,0.0,0.0,0.26699409411218933,0.7604061823105438,0.4063531341748311,0.26820321308559486,1.1529160704866515,0.0,0.5709745388339622,0.5709745388339622
hrl,multi,0,weighted_cka,0,326,2.412652995748793,300.0,0.6890868544578552,0.6288133263587952,0,0.0,0.4825305991497588,5,0,off,0,0,0.0,0.0,0.0,0.30390421928453715,0.7090180883845313,0.40434068157104763,0.06185383540019379,0.9335361711084841,0.0,0.4825305991497588,0.4825305991497588
hrl,multi,0,weighted_cka,0,327,2.820392045999148,298.0,0.7041204571723938,0.7005401253700256,1,0.0,0.5640784091998298,5,0,off,0,0,0.0,0.0,0.0,0.3099095580285647,0.7517339070881716,0.3004969847281462,0.4861730773491725,0.9720785188050939,0.0,0.5640784091998298,0.5640784091998298
hrl,multi,0,weighted_cka,0,328,2.8353182113289352,296.0,0.7056406736373901,0.7042422890663147,1,0.0,0.5670636422657871,5,0,off,0,0,0.0,0.0,0.0,0.27007814273121755,0.6911225390695034,0.4193212043785023,0.526202608682215,0.9285937164674977,0.0,0.5670636422657871,0.5670636422657871
hrl,multi,0,weighted_cka,0,329,2.8614305078698075,290.0,0.7042531371116638,0.7024214267730713,1,0.0,0.5722861015739616,5,0,off,0,0,0.0,0.0,0.0,0.3179369105505756,0.780942243490368,0.38692508720816104,0.36730858266970595,1.0083176839509975,0.0,0.5722861015739616,0.5722861015739616
hrl,multi,0,weighted_cka,0,330,2.9997520250044167,260.0,0.7025761008262634,0.700737714767456,1,0.0,0.5999504050008835,5,0,off,0,0,0.0,0.0,0.0,0.2810631989775574,0.7587075440837069,0.4353455228479578,0.531806843745522,0.9928289153496733,0.0,0.5999504050008835,0.5999504050008835
hrl,multi,0,weighted_cka,0,331,2.9408014557067204,268.0,0.7046613693237305,0.7007976174354553,1,0.0,0.5881602911413443,5,0,off,0,0,0.0,0.0,0.0,0.3075827526422217,0.7057398946723695,0.3720853657494298,0.43805773431621475,1.1173357083264852,0.0,0.5881602911413443,0.5881602911413443
hrl,multi,0,weighted_cka,0,332,0.07526128629688067,300.0,0.23446044325828552,0.006510508246719837,0,0.0,0.015052257259376178,5,0,off,0,0,0.0,0.0,0.0,0.021936804249417033,-1.1256497085462331,0.7970190217578783,0.09334586517885324,0.28860930365696547,0.0,0.015052257259376178,0.015052257259376178
hrl,multi,0,weighted_cka,0,333,2.3656605533527895,300.0,0.685814380645752,0.6104468107223511,0,0.0,0.47313211067055805,5,0,off,0,0,0.0,0.0,0.0,0.37335362816177065,0.6729237308460286,0.2987435376794891,0.4986443544076754,0.5219953022578263,0.0,0.47313211067055805,0.47313211067055805
hrl,multi,0,weighted_cka,0,334,2.9305688842773656,274.0,0.704596221446991,0.7027563452720642,1,0.0,0.5861137768554732,5,0,off,0,0,0.0,0.0,0.0,0.32547306621132877,0.7181187827992251,0.42007991996034966,0.5146999529507009,0.9521971623557618,0.0,0.5861137768554732,0.5861137768554732
hrl,multi,0,weighted_cka,0,335,2.8542134879642966,290.0,0.7044649124145508,0.7002649903297424,1,0.0,0.5708426975928594,5,0,off,0,0,0.0,0.0,0.0,0.281015615868091,0.6846291565150021,0.3673441236198413,0.5924340949160977,0.9287904970452653,0.0,0.5708426975928594,0.5708426975928594
hrl,multi,0,weighted_cka,0,336,2.9744935675659203,263.0,0.7026624083518982,0.7007003426551819,1,0.0,0.5948987135131841,5,0,off,0,0,0.0,0.0,0.0,0.29666742471838353,0.7660120181208475,0.4015075738704762,0.5240250292445997,0.986281521611614,0.0,0.5948987135131841,0.5948987135131841
hrl,multi,0,weighted_cka,0,337,2.929996267852139,272.0,0.7044538855552673,0.700719952583313,1,0.0,0.5859992535704279,5,0,off,0,0,0.0,0.0,0.0,0.2855968494613188,0.7480430691451764,0.4999038371974601,0.5316784832431002,0.8647740288050844,0.0,0.5859992535704279,0.5859992535704279
hrl,multi,0,weighted_cka,0,338,2.899459159618766,284.0,0.7049959897994995,0.7019951343536377,1,0.0,0.5798918319237533,5,0,off,0,0,0.0,0.0,0.0,0.3580791590193401,0.46035759059526005,0.4287987343152052,0.6308553981350268,1.0213682775539343,0.0,0.5798918319237533,0.5798918319237533
hrl,multi,0,weighted_cka,0,339,2.880944101648258,289.0,0.7049320340156555,0.7023957371711731,1,0.0,0.5761888203296517,5,0,off,0,0,0.0,0.0,0.0,0.3834250629853339,0.690521897157654,0.3448942866077413,0.45554736310010757,1.006555491797422,0.0,0.5761888203296517,0.5761888203296517
hrl,multi,0,weighted_cka,0,340,2.9496294101353837,270.0,0.7043095231056213,0.701368510723114,1,0.0,0.589925882027077,5,0,off,0,0,0.0,0.0,0.0,0.30517306577425907,0.7125827323831616,0.3939028801659587,0.4207511515807708,1.1172195802312341,0.0,0.589925882027077,0.589925882027077
hrl,multi,0,weighted_cka,0,341,2.8926770918755778,284.0,0.7031425833702087,0.7016935348510742,1,0.0,0.5785354183751157,5,0,off,0,0,0.0,0.0,0.0,0.44069199477462073,1.1250559045281259,0.3878399347648955,0.4367499438284429,0.5023393139794933,0.0,0.5785354183751157,0.5785354183751157
hrl,multi,0,weighted_cka,0,342,2.8764998519293425,286.0,0.7020958065986633,0.7001022696495056,1,0.0,0.5752999703858686,5,0,off,0,0,0.0,0.0,0.0,0.36529575649937013,0.5505938909640534,0.4392465871032326,0.47899943777453136,1.0423641795881555,0.0,0.5752999703858686,0.5752999703858686
hrl,multi,0,weighted_cka,0,343,2.9314637566722217,269.0,0.7022522687911987,0.7002436518669128,1,0.0,0.5862927513344445,5,0,off,0,0,0.0,0.0,0.0,0.3542954144332324,0.7290554507179184,0.4022317318243439,0.5309563637077807,0.9149247959889469,0.0,0.5862927513344445,0.5862927513344445
hrl,multi,0,weighted_cka,0,344,1.8215208101573794,300.0,0.5818145871162415,0.2349274903535843,0,0.0,0.364304162031476,5,0,off,0,0,0.0,0.0,0.0,0.30475156284042154,0.7373102735611609,-0.3406713789797217,0.1781013339553028,0.9420290187802164,0.0,0.364304162031476,0.364304162031476
hrl,multi,0,weighted_cka,0,345,2.021098393204737,300.0,0.6997281312942505,0.6923396587371826,0,0.0,0.4042196786409475,5,0,off,0,0,0.0,0.0,0.0,0.27333444030780796,0.4574524896764195,0.43813097310950966,0.1993962247655725,0.6527842653454279,0.0,0.4042196786409475,0.4042196786409475
hrl,multi,0,weighted_cka,0,346,2.953997651613578,268.0,0.7030504941940308,0.7000361680984497,1,0.0,0.5907995303227157,5,0,off,0,0,0.0,0.0,0.0,0.27916028598722176,0.7607459783721714,0.4009392701624891,0.5069925774866714,1.006159539605025,0.0,0.5907995303227157,0.5907995303227157
hrl,multi,0,weighted_cka,0,347,2.4216513241118705,300.0,0.7021340131759644,0.6967805624008179,0,0.0,0.4843302648223742,5,0,off,0,0,0.0,0.0,0.0,0.2927426292062736,0.6360085431900805,0.3375148274355359,0.4813141586638229,0.6740711656161582,0.0,0.4843302648223742,0.4843302648223742
hrl,multi,0,weighted_cka,0,348,2.8657128200090614,296.0,0.7042805552482605,0.7024007439613342,1,0.0,0.5731425640018124,5,0,off,0,0,0.0,0.0,0.0,0.27349940865742955,0.6602827670518306,0.4038208698884117,0.463916546948716,1.064193227462674,0.0,0.5731425640018124,0.5731425640018124
hrl,multi,0,weighted_cka,0,349,2.9168030564425775,277.0,0.7019609808921814,0.7002633810043335,1,0.0,0.5833606112885156,5,0,off,0,0,0.0,0.0,0.0,0.3202072473373263,0.5399811482522635,0.45061618424172034,0.6229239692863119,0.9830745073249562,0.0,0.5833606112885156,0.5833606112885156
hrl,multi,0,weighted_cka,0,350,2.863044924613087,287.0,0.7032914757728577,0.7022466063499451,1,0.0,0.5726089849226175,5,0,off,0,0,0.0,0.0,0.0,0.23940645946748537,0.7169036786933428,0.47418410116736764,0.4162586528996469,1.0162920323852447,0.0,0.5726089849226175,0.5726089849226175
hrl,multi,0,weighted_cka,0,351,2.8715709877193425,292.0,0.7026926279067993,0.7015559077262878,1,0.0,0.5743141975438686,5,0,off,0,0,0.0,0.0,0.0,0.3333112117936834,0.5544552542031741,0.3312117250685113,1.04887283446826,0.6037199621857142,0.0,0.5743141975438686,0.5743141975438686
hrl,multi,0,weighted_cka,0,352,2.8757581094828915,283.0,0.7029448747634888,0.7004873752593994,1,0.0,0.5751516218965784,5,0,off,0,0,0.0,0.0,0.0,0.26973378245567425,0.5933256223769857,0.9411476371862225,0.4462197736822998,0.6253312937817098,0.0,0.5751516218965784,0.5751516218965784
hrl,multi,0,weighted_cka,0,353,2.9609668669231164,265.0,0.7033001184463501,0.7000632882118225,1,0.0,0.5921933733846234,5,0,off,0,0,0.0,0.0,0.0,0.3020295669911428,0.7488172998698427,0.3247891343284863,0.5704221646273507,1.0149087011062945,0.0,0.5921933733846234,0.5921933733846234
hrl,multi,0,weighted_cka,0,354,3.002577538796932,257.0,0.7029963135719299,0.7018108367919922,1,0.0,0.6005155077593864,5,0,off,0,0,0.0,0.0,0.0,0.3680353652078192,0.5685758808795361,0.9820680832681244,0.5412328122528268,0.542665397188626,0.0,0.6005155077593864,0.6005155077593864
hrl,multi,0,weighted_cka,0,355,2.3820791565334716,300.0,0.6612933278083801,0.49500274658203125,0,0.0,0.4764158313066944,5,0,off,0,0,0.0,0.0,0.0,0.3405464372688438,0.6915047393143176,0.40950571811804537,0.10562193356058547,0.8349003282716799,0.0,0.4764158313066944,0.4764158313066944
hrl,multi,0,weighted_cka,0,356,2.9897767527177916,254.0,0.7021783590316772,0.7006561756134033,1,0.0,0.5979553505435584,5,0,off,0,0,0.0,0.0,0.0,0.2948506154520436,0.7333101602550595,0.47548821131326247,0.5049917013081721,0.9811360643892547,0.0,0.5979553505435584,0.5979553505435584
hrl,multi,0,weighted_cka,0,357,2.357505446335743,300.0,0.6727727651596069,0.558253288269043,0,0.0,0.47150108926714873,5,0,off,0,0,0.0,0.0,0.0,0.3431566140209032,0.6329298669779672,0.17407603312469994,0.4380200425004658,0.7693228897117077,0.0,0.47150108926714873,0.47150108926714873
hrl,multi,0,weighted_cka,0,358,2.95706299860397,267.0,0.7034549117088318,0.7001683712005615,1,0.0,0.5914125997207942,5,0,off,0,0,0.0,0.0,0.0,0.3493362636482342,0.7146377459475769,0.3916936929030343,0.5461949335057287,0.9552003625993964,0.0,0.5914125997207942,0.5914125997207942
hrl,multi,0,weighted_cka,0,359,2.858276380991096,296.0,0.7038779854774475,0.7016059160232544,1,0.0,0.5716552761982193,5,0,off,0,0,0.0,0.0,0.0,0.4290923677301032,0.5523682896080425,0.3472814594195224,0.5759844555631278,0.9535498086703008,0.0,0.5716552761982193,0.5716552761982193
hrl,multi,0,weighted_cka,0,360,2.862898812690166,289.0,0.7044838666915894,0.7026284337043762,1,0.0,0.5725797625380334,5,0,off,0,0,0.0,0.0,0.0,0.2678366171076194,0.6707573948204516,0.4289576463436241,0.3165137229175305,1.1788334315009412,0.0,0.5725797625380334,0.5725797625380334
hrl,multi,0,weighted_cka,0,361,2.982048715282114,258.0,0.7041385173797607,0.700587272644043,1,0.0,0.5964097430564228,5,0,off,0,0,0.0,0.0,0.0,0.3288100569735979,0.7157725779006722,0.4009722402573096,0.47576935803517684,1.0607244821153579,0.0,0.5964097430564228,0.5964097430564228
hrl,multi,0,weighted_cka,0,362,2.884063853168626,285.0,0.7036952972412109,0.7002894282341003,1,0.0,0.5768127706337253,5,0,off,0,0,0.0,0.0,0.0,0.3232722802767529,0.5547496388508005,0.30735860852105534,1.113176051592454,0.5855072739275636,0.0,0.5768127706337253,0.5768127706337253
hrl,multi,0,weighted_cka,0,363,2.9905920772168306,253.0,0.702703058719635,0.7000235915184021,1,0.0,0.5981184154433663,5,0,off,0,0,0.0,0.0,0.0,0.3365361331207677,0.7503002889696507,0.3861091316151432,0.5420263105686752,0.9756202129425945,0.0,0.5981184154433663,0.5981184154433663
hrl,multi,0,weighted_cka,0,364,2.978700882866046,261.0,0.703011155128479,0.7000244855880737,1,0.0,0.5957401765732093,5,0,off,0,0,0.0,0.0,0.0,0.333310461875284,0.7522714609210378,0.4011863417266867,0.36365495385904784,1.1282776644839903,0.0,0.5957401765732093,0.5957401765732093
hrl,multi,0,weighted_cka,0,365,3.0311656835498275,244.0,0.7024794816970825,0.7001413106918335,1,0.0,0.6062331367099656,5,0,off,0,0,0.0,0.0,0.0,0.3444990293183363,0.7415497578594367,0.4678032894229981,0.5016801433218642,0.9756334636271929,0.0,0.6062331367099656,0.6062331367099656
hrl,multi,0,weighted_cka,0,366,2.9866269837358836,258.0,0.7032908201217651,0.7013748288154602,1,0.0,0.5973253967471768,5,0,off,0,0,0.0,0.0,0.0,0.3314281341127933,0.7439801497478037,0.3985150405121966,0.5246765913330017,0.988027068030089,0.0,0.5973253967471768,0.5973253967471768
hrl,multi,0,weighted_cka,0,367,2.349407900596269,300.0,0.6480040550231934,0.42298072576522827,0,0.0,0.46988158011925396,5,0,off,0,0,0.0,0.0,0.0,0.32873988309176627,0.7147716882331295,0.3019341954905539,0.19948583897203198,0.8044762948087879,0.0,0.46988158011925396,0.46988158011925396
hrl,multi,0,weighted_cka,0,368,2.923319138262365,278.0,0.7015300393104553,0.7002943158149719,1,0.0,0.5846638276524732,5,0,off,0,0,0.0,0.0,0.0,0.3092698098898399,0.7216364218657835,0.37491744268215904,0.5675857892408965,0.9499096745836867,0.0,0.5846638276524732,0.5846638276524732
hrl,multi,0,weighted_cka,0,369,2.8548722503988087,293.0,0.7030059099197388,0.7015513181686401,1,0.0,0.5709744500797618,5,0,off,0,0,0.0,0.0,0.0,0.27789143598685023,0.6216074786446987,0.34309582959534585,0.41818875912968345,1.194088747042231,0.0,0.5709744500797618,0.5709744500797618
hrl,multi,0,weighted_cka,0,370,2.877313659204867,284.0,0.7042552828788757,0.7018606066703796,1,0.0,0.5754627318409736,5,0,off,0,0,0.0,0.0,0.0,0.2895793117040302,0.7320399639466776,0.34527511095209035,0.5325348696857689,0.9778844029163009,0.0,0.5754627318409736,0.5754627318409736
hrl,multi,0,weighted_cka,0,371,2.414034533336597,300.0,0.6956266164779663,0.66396564245224,0,0.0,0.4828069066673195,5,0,off,0,0,0.0,0.0,0.0,0.8241214720393325,0.6933345162514596,0.22027046911930642,0.33535323784896165,0.34095483807753757,0.0,0.4828069066673195,0.4828069066673195
hrl,multi,0,weighted_cka,0,372,3.0224782948191264,248.0,0.7028751373291016,0.7008551955223083,1,0.0,0.6044956589638254,5,0,off,0,0,0.0,0.0,0.0,0.307869075749535,1.163001422553323,0.4242432685969396,0.515185971919447,0.6121785559998824,0.0,0.6044956589638254,0.6044956589638254
hrl,multi,0,weighted_cka,0,373,2.9036137516811054,282.0,0.7042482495307922,0.7006053924560547,1,0.0,0.5807227503362211,5,0,off,0,0,0.0,0.0,0.0,0.3096559718968346,0.6550330851869656,0.3281298354968893,0.6020917071579023,1.0087031519425143,0.0,0.5807227503362211,0.5807227503362211
hrl,multi,0,weighted_cka,0,374,2.9886954172600513,257.0,0.7041406631469727,0.7004899382591248,1,0.0,0.5977390834520104,5,0,off,0,0,0.0,0.0,0.0,0.33431094915326676,0.7144764286046846,0.38006904718233264,0.5885810973588376,0.9712578949609304,0.0,0.5977390834520104,0.5977390834520104
hrl,multi,0,weighted_cka,0,375,2.9148947903346256,273.0,0.7042098045349121,0.7016461491584778,1,0.0,0.5829789580669253,5,0,off,0,0,0.0,0.0,0.0,0.3100982889556325,0.7518303175857289,0.4051364987378473,0.299387304094387,1.1484423809610305,0.0,0.5829789580669253,0.5829789580669253
hrl,multi,0,weighted_cka,0,376,2.8739735470923464,282.0,0.7031477093696594,0.7007298469543457,1,0.0,0.5747947094184693,5,0,off,0,0,0.0,0.0,0.0,0.36071139721485074,0.7620830297055653,0.3140148834247373,0.47688363522291166,0.9602806015242821,0.0,0.5747947094184693,0.5747947094184693
hrl,multi,0,weighted_cka,0,377,2.922262905446229,273.0,0.703360378742218,0.7002654671669006,1,0.0,0.5844525810892459,5,0,off,0,0,0.0,0.0,0.0,0.33984565734758493,0.6926339360140262,0.3678475868094246,0.5321470225686206,0.9897887027065734,0.0,0.5844525810892459,0.5844525810892459
hrl,multi,0,weighted_cka,0,378,2.3889187542539716,300.0,0.675599992275238,0.5599677562713623,0,0.0,0.4777837508507944,5,0,off,0,0,0.0,0.0,0.0,0.32927335611681324,0.7025336165667976,0.25658931914460825,0.18596896099857974,0.9145535014271734,0.0,0.4777837508507944,0.4777837508507944
hrl,multi,0,weighted_cka,0,379,2.9624057288404133,257.0,0.7048662900924683,0.7025466561317444,1,0.0,0.5924811457680829,5,0,off,0,0,0.0,0.0,0.0,0.3249474541717207,0.7426649874821304,0.549280324040912,0.3653681469219736,0.9801448162236773,0.0,0.5924811457680829,0.5924811457680829
hrl,multi,0,weighted_cka,0,380,2.990059599953535,258.0,0.7040870785713196,0.7022252082824707,1,0.0,0.598011919990707,5,0,off,0,0,0.0,0.0,0.0,0.2818386847953078,0.5242269412148742,1.0654651407543567,0.4241793345380064,0.6943494986509903,0.0,0.598011919990707,0.598011919990707
hrl,multi,0,weighted_cka,0,381,2.8784940777132273,288.0,0.7020494341850281,0.7006927728652954,1,0.0,0.5756988155426457,5,0,off,0,0,0.0,0.0,0.0,0.33956936067156485,0.767137089637108,0.2955039774239993,0.5272253332762046,0.9490583167043513,0.0,0.5756988155426457,0.5756988155426457
hrl,multi,0,weighted_cka,0,382,2.8816519556779516,285.0,0.705008327960968,0.7025964260101318,1,0.0,0.5763303911355904,5,0,off,0,0,0.0,0.0,0.0,0.3202673935412894,0.5744861665731295,0.499610499713104,0.4701473440821863,1.017140551768243,0.0,0.5763303911355904,0.5763303911355904
hrl,multi,0,weighted_cka,0,383,1.9859173688755605,300.0,0.6739657521247864,0.5868309736251831,0,0.0,0.3971834737751122,5,0,off,0,0,0.0,0.0,0.0,0.2620775305432906,0.6305574577511287,0.3196882500841747,-0.011188061751883763,0.7847821922488509,0.0,0.3971834737751122,0.3971834737751122
hrl,multi,0,weighted_cka,0,384,2.9608403051074115,265.0,0.7019301056861877,0.7004762291908264,1,0.0,0.5921680610214823,5,0,off,0,0,0.0,0.0,0.0,0.3725237166846635,0.6936306585594428,0.46452547957398915,0.48699208511697345,0.9431683651723431,0.0,0.5921680610214823,0.5921680610214823
hrl,multi,0,weighted_cka,0,385,2.883471884619443,286.0,0.7038100361824036,0.7012220621109009,1,0.0,0.5766943769238887,5,0,off,0,0,0.0,0.0,0.0,0.3037116212530526,1.147472124740481,0.42354565726057614,0.5283649676991625,0.4803775136661713,0.0,0.5766943769238887,0.5766943769238887
hrl,multi,0,weighted_cka,0,386,1.825824184597876,300.0,0.5954863429069519,0.22445102035999298,0,0.0,0.36516483691957524,5,0,off,0,0,0.0,0.0,0.0,0.38836718999641,0.6276311402758582,-0.2973025888698179,0.08333825725689525,1.0237901859385308,0.0,0.36516483691957524,0.36516483691957524
hrl,multi,0,weighted_cka,0,387,2.960429981152933,266.0,0.7041572332382202,0.7015882134437561,1,0.0,0.5920859962305867,5,0,off,0,0,0.0,0.0,0.0,0.3270002905093132,0.7130406487425788,0.3992450451692566,0.41369874379731464,1.1074452529344705,0.0,0.5920859962305867,0.5920859962305867
hrl,multi,0,weighted_cka,0,388,2.982539588359183,258.0,0.7027183175086975,0.7005248665809631,1,0.0,0.5965079176718368,5,0,off,0,0,0.0,0.0,0.0,0.292284805928124,0.7586621218486688,0.4049603006849064,0.5014114747347774,1.0252208851627072,0.0,0.5965079176718368,0.5965079176718368
hrl,multi,0,weighted_cka,0,389,2.960356086464288,265.0,0.7030089497566223,0.7003189325332642,1,0.0,0.5920712172928577,5,0,off,0,0,0.0,0.0,0.0,0.34333149564405896,0.7509227381520903,0.40647781633702096,0.5087889977404082,0.9508350385907104,0.0,0.5920712172928577,0.5920712172928577
hrl,multi,0,weighted_cka,0,390,2.9378483933743396,268.0,0.702839195728302,0.7008968591690063,1,0.0,0.587569678674868,5,0,off,0,0,0.0,0.0,0.0,0.37945944106520607,0.7092193613768175,0.3173862893669865,0.5229033742956816,1.0088799272696485,0.0,0.587569678674868,0.587569678674868
hrl,multi,0,weighted_cka,0,391,2.986016613198501,259.0,0.7047356367111206,0.7021886110305786,1,0.0,0.5972033226397003,5,0,off,0,0,0.0,0.0,0.0,0.4172999311378224,0.6872716786582022,0.31769404140237006,0.4302471039842347,1.1335038580158723,0.0,0.5972033226397003,0.5972033226397003
hrl,multi,0,weighted_cka,0,392,2.8012220999317927,297.0,0.7044979333877563,0.701554536819458,1,0.0,0.5602444199863588,5,0,off,0,0,0.0,0.0,0.0,0.333086421259446,0.7901098414752631,0.33808449469809404,0.4902718883043852,0.8496694541946052,0.0,0.5602444199863588,0.5602444199863588
hrl,multi,0,weighted_cka,0,393,2.8403110034356636,292.0,0.7031339406967163,0.7015783786773682,1,0.0,0.5680622006871329,5,0,off,0,0,0.0,0.0,0.0,0.32512940915187927,0.7091988101638852,0.24858648387924748,0.5385265338122843,1.018869766428368,0.0,0.5680622006871329,0.5680622006871329
hrl,multi,0,weighted_cka,0,394,2.962106318352881,262.0,0.7031744718551636,0.7001669406890869,1,0.0,0.5924212636705762,5,0,off,0,0,0.0,0.0,0.0,0.8924853482899705,0.5838799079069866,0.3812750303312204,0.5780473667979239,0.52641866502678,0.0,0.5924212636705762,0.5924212636705762
hrl,multi,0,weighted_cka,0,395,2.960856215728067,261.0,0.703088641166687,0.7008349299430847,1,0.0,0.5921712431456135,5,0,off,0,0,0.0,0.0,0.0,0.394509965533827,0.7347742040693991,0.3965752142770215,0.5135026054037733,0.9214942264440468,0.0,0.5921712431456135,0.5921712431456135
hrl,multi,0,weighted_cka,0,396,2.8695600807989234,286.0,0.7040599584579468,0.702634334564209,1,0.0,0.5739120161597848,5,0,off,0,0,0.0,0.0,0.0,0.294511348620057,0.7341729490319265,0.33064915152557645,0.5767938112262635,0.9334328203951007,0.0,0.5739120161597848,0.5739120161597848
hrl,multi,0,weighted_cka,0,397,2.8585584865733966,296.0,0.7025634050369263,0.7008041739463806,1,0.0,0.5717116973146795,5,0,off,0,0,0.0,0.0,0.0,0.31929350703023357,0.7677047526906243,0.3925760513185523,0.4106785918790845,0.9683055836549027,0.0,0.5717116973146795,0.5717116973146795
hrl,multi,0,weighted_cka,0,398,2.9259322737102615,274.0,0.7040628790855408,0.700596034526825,1,0.0,0.5851864547420524,5,0,off,0,0,0.0,0.0,0.0,0.45375374457921114,0.5509428073698653,0.4869938194053246,0.464265255236998,0.969976647118863,0.0,0.5851864547420524,0.5851864547420524
hrl,multi,0,weighted_cka,0,399,2.9794024699206334,257.0,0.7040157318115234,0.701077401638031,1,0.0,0.5958804939841268,5,0,off,0,0,0.0,0.0,0.0,0.3446844632026622,0.6698089557471684,0.427382558793295,0.5122153303055091,1.0253111618719992,0.0,0.5958804939841268,0.5958804939841268
hrl,multi,0,weighted_cka,0,400,3.0080222567929873,251.0,0.7036505341529846,0.7018352746963501,1,0.0,0.6016044513585975,5,0,off,0,0,0.0,0.0,0.0,0.30903616037592285,0.6759927350832148,0.5022042304719797,0.5459966802773996,0.9747924505844711,0.0,0.6016044513585975,0.6016044513585975
hrl,multi,0,weighted_cka,0,401,2.8629026917503637,291.0,0.7040096521377563,0.7015556693077087,1,0.0,0.5725805383500729,5,0,off,0,0,0.0,0.0,0.0,0.3464082373981363,0.6253340648300943,0.3919264736287295,0.38363276022118215,1.115601155672222,0.0,0.5725805383500729,0.5725805383500729
hrl,multi,0,weighted_cka,0,402,2.9636662721047746,262.0,0.7027649879455566,0.7003046870231628,1,0.0,0.592733254420955,5,0,off,0,0,0.0,0.0,0.0,0.2731701323725282,0.5498294522133654,0.379464249606477,1.0865591085599733,0.6746433293524313,0.0,0.592733254420955,0.592733254420955
hrl,multi,0,weighted_cka,0,403,2.871712690619692,286.0,0.7029662132263184,0.7012144327163696,1,0.0,0.5743425381239387,5,0,off,0,0,0.0,0.0,0.0,0.3250340345553704,0.7532878696345723,0.3694688641809624,0.33768385865446165,1.086238063594326,0.0,0.5743425381239387,0.5743425381239387
hrl,multi,0,weighted_cka,0,404,2.9252174015056793,277.0,0.7036477327346802,0.7001687288284302,1,0.0,0.585043480301136,5,0,off,0,0,0.0,0.0,0.0,0.31901309139979994,0.7405527630904688,0.4513354729574638,0.5205383709848391,0.8937777030731083,0.0,0.585043480301136,0.585043480301136
hrl,multi,0,weighted_cka,0,405,2.9224150561431874,278.0,0.7034654021263123,0.7017080783843994,1,0.0,0.5844830112286376,5,0,off,0,0,0.0,0.0,0.0,0.1718773892708121,0.7444452367341144,0.5348419648439157,0.34045836634375143,1.1307920989505944,0.0,0.5844830112286376,0.5844830112286376
hrl,multi,0,weighted_cka,0,406,2.843187071299994,291.0,0.7045983672142029,0.7024056911468506,1,0.0,0.5686374142599989,5,0,off,0,0,0.0,0.0,0.0,0.3027359862193697,0.7544943895316681,0.348208788265474,0.5543858134225009,0.8833620938609817,0.0,0.5686374142599989,0.5686374142599989
hrl,multi,0,weighted_cka,0,407,2.9732380377840295,265.0,0.7036930918693542,0.7021471261978149,1,0.0,0.594647607556806,5,0,off,0,0,0.0,0.0,0.0,0.2637388074304907,0.7248191285645588,0.3998428606982342,0.4068528986423333,1.177984342448413,0.0,0.594647607556806,0.594647607556806
hrl,multi,0,weighted_cka,0,408,2.404014978476333,300.0,0.6881805658340454,0.6275783181190491,0,0.0,0.48080299569526674,5,0,off,0,0,0.0,0.0,0.0,0.28798746700887556,0.7592759118541142,0.2681890254274475,0.16257384410174547,0.9259887300841508,0.0,0.48080299569526674,0.48080299569526674
hrl,multi,0,weighted_cka,0,409,3.0387102509105812,247.0,0.7032048106193542,0.7012696266174316,1,0.0,0.6077420501821165,5,0,off,0,0,0.0,0.0,0.0,0.32536532036680715,0.7563092323993331,0.3990028955171582,0.3544363888631123,1.203596413764171,0.0,0.6077420501821165,0.6077420501821165
hrl,multi,0,weighted_cka,0,410,2.9440724301177674,267.0,0.7048637270927429,0.7003780603408813,1,0.0,0.5888144860235536,5,0,off,0,0,0.0,0.0,0.0,0.3262784892898052,0.5630270660780369,0.9853390505600254,0.4561533134950003,0.6132745106949004,0.0,0.5888144860235536,0.5888144860235536
hrl,multi,0,weighted_cka,0,411,2.9586236678495466,261.0,0.7025004625320435,0.7006896734237671,1,0.0,0.5917247335699094,5,0,off,0,0,0.0,0.0,0.0,0.29992607981106256,0.6009779802476986,0.45051784413913254,0.6091603472548012,0.9980414163968524,0.0,0.5917247335699094,0.5917247335699094
hrl,multi,0,weighted_cka,0,412,2.935425397997546,276.0,0.7044165134429932,0.7015162706375122,1,0.0,0.5870850795995094,5,0,off,0,0,0.0,0.0,0.0,0.30916470990038936,0.7072932537086306,0.34865698177012366,0.5087078696512616,1.0616025829671414,0.0,0.5870850795995094,0.5870850795995094
hrl,multi,0,weighted_cka,0,413,2.889344386402327,282.0,0.7034687399864197,0.700452446937561,1,0.0,0.5778688772804655,5,0,off,0,0,0.0,0.0,0.0,0.2966093296415637,0.7915361295184119,0.32246467656549055,0.5275917122252284,0.9511425384516331,0.0,0.5778688772804655,0.5778688772804655
hrl,multi,0,weighted_cka,0,414,2.9471654281208743,266.0,0.7049556374549866,0.7039231061935425,1,0.0,0.5894330856241751,5,0,off,0,0,0.0,0.0,0.0,0.31891401456529267,0.7300199259193613,0.34967110577062693,0.34326940006064244,1.2052909818049518,0.0,0.5894330856241751,0.5894330856241751
hrl,multi,0,weighted_cka,0,415,2.8697854630563073,289.0,0.705527663230896,0.703946590423584,1,0.0,0.5739570926112616,5,0,off,0,0,0.0,0.0,0.0,0.27206647966380104,1.2293937418181446,0.37443054993473907,0.3938850685083743,0.600009623131249,0.0,0.5739570926112616,0.5739570926112616
hrl,multi,0,weighted_cka,0,416,2.888221729035255,283.0,0.703357458114624,0.700461208820343,1,0.0,0.5776443458070512,5,0,off,0,0,0.0,0.0,0.0,0.31958236702298737,0.7478347264393231,0.28104428170854207,0.48337306642462485,1.0563872874397782,0.0,0.5776443458070512,0.5776443458070512
hrl,multi,0,weighted_cka,0,417,2.9129873248394564,278.0,0.7030416131019592,0.7012873291969299,1,0.0,0.5825974649678914,5,0,off,0,0,0.0,0.0,0.0,0.3014548920067026,0.7489100222289561,0.38670620549446894,0.31719523766566987,1.1587209674436596,0.0,0.5825974649678914,0.5825974649678914
hrl,multi,0,weighted_cka,0,418,2.8576154979772967,289.0,0.7022570371627808,0.7003570199012756,1,0.0,0.5715230995954594,5,0,off,0,0,0.0,0.0,0.0,0.33362578421551725,0.5448207552582024,0.9451513282375524,0.4770462314859031,0.5569713987801223,0.0,0.5715230995954594,0.5715230995954594
hrl,multi,0,weighted_cka,0,419,2.9619115174396415,264.0,0.7047262787818909,0.7028474807739258,1,0.0,0.5923823034879284,5,0,off,0,0,0.0,0.0,0.0,0.28612059976370063,0.743675465594977,0.43451399844302785,0.5733541125257032,0.9242473411122335,0.0,0.5923823034879284,0.5923823034879284
hrl,multi,0,weighted_cka,0,420,3.058808464285218,238.0,0.7037587761878967,0.7013465166091919,1,0.0,0.6117616928570436,5,0,off,0,0,0.0,0.0,0.0,0.31458262398978687,0.7579826856353319,0.4256389757134019,0.5293020717222242,1.0313021072244735,0.0,0.6117616928570436,0.6117616928570436
hrl,multi,0,weighted_cka,0,421,2.87366078484716,285.0,0.703546404838562,0.7007850408554077,1,0.0,0.5747321569694321,5,0,off,0,0,0.0,0.0,0.0,0.3607734569164458,0.7267175894081591,0.3625112425754777,0.4244453179680857,0.9992131779789922,0.0,0.5747321569694321,0.5747321569694321
hrl,multi,0,weighted_cka,0,422,3.023840291871426,248.0,0.7031413912773132,0.7006942629814148,1,0.0,0.6047680583742854,5,0,off,0,0,0.0,0.0,0.0,0.3440790972010872,0.7436035150438546,0.3794474788152146,0.5799858842240645,0.9767243165872058,0.0,0.6047680583742854,0.6047680583742854
hrl,multi,0,weighted_cka,0,423,2.9324587095505326,271.0,0.7032113671302795,0.7015738487243652,1,0.0,0.5864917419101066,5,0,off,0,0,0.0,0.0,0.0,0.21362848126024603,0.7519702384723349,0.42531029051518987,0.5444033995224161,0.9971462997803463,0.0,0.5864917419101066,0.5864917419101066
hrl,multi,0,weighted_cka,0,424,2.972198066068055,258.0,0.7050042748451233,0.7028233408927917,1,0.0,0.5944396132136112,5,0,off,0,0,0.0,0.0,0.0,0.3231281095122102,0.7384008377254939,0.4459342844756319,0.525763402694254,0.9389714316604657,0.0,0.5944396132136112,0.5944396132136112
hrl,multi,0,weighted_cka,0,425,2.967947597390738,260.0,0.7033503651618958,0.7000460624694824,1,0.0,0.5935895194781478,5,0,off,0,0,0.0,0.0,0.0,0.34261333184642706,0.7567225153297185,0.3530748077905736,0.5086459336886181,1.0068910087354013,0.0,0.5935895194781478,0.5935895194781478
hrl,multi,0,weighted_cka,0,426,2.9565386075014817,264.0,0.7027817964553833,0.7006365656852722,1,0.0,0.5913077215002964,5,0,off,0,0,0.0,0.0,0.0,0.3613747162758371,0.7594238841067998,0.4025532379630021,0.4870261227516456,0.9461606464041977,0.0,0.5913077215002964,0.5913077215002964
hrl,multi,0,weighted_cka,0,427,2.837314825297943,295.0,0.7031595706939697,0.7013412714004517,1,0.0,0.5674629650595888,5,0,off,0,0,0.0,0.0,0.0,0.3145628191387513,0.8145145906880497,0.23524476110181397,0.5985863328222184,0.8744063215471104,0.0,0.5674629650595888,0.5674629650595888
hrl,multi,0,weighted_cka,0,428,2.402005412200559,300.0,0.7005074620246887,0.6890510320663452,0,0.0,0.480401082440112,5,0,off,0,0,0.0,0.0,0.0,0.29148740871681356,0.6879922312255947,0.4249286355780276,0.37875761090600263,0.618839525774121,0.0,0.480401082440112,0.480401082440112
hrl,multi,0,weighted_cka,0,429,2.4079476142946064,300.0,0.6948768496513367,0.6633870601654053,0,0.0,0.4815895228589214,5,0,off,0,0,0.0,0.0,0.0,0.29368118994636444,0.7550724119036457,0.3828740470430347,0.30957246398682753,0.6667475014147346,0.0,0.4815895228589214,0.4815895228589214
hrl,multi,0,weighted_cka,0,430,2.4017112701752907,300.0,0.6974499225616455,0.6751874089241028,0,0.0,0.4803422540350583,5,0,off,0,0,0.0,0.0,0.0,0.23225018246402018,0.730208288005553,0.27483663953235354,0.3996311514513799,0.7647850087219847,0.0,0.4803422540350583,0.4803422540350583
hrl,multi,0,weighted_cka,0,431,2.425489581394139,300.0,0.7013438940048218,0.6938717365264893,0,0.0,0.4850979162788279,5,0,off,0,0,0.0,0.0,0.0,0.354416065549245,0.686271077475976,0.2839960315501228,0.056546323591843084,1.0442600832269524,0.0,0.4850979162788279,0.4850979162788279
hrl,multi,0,weighted_cka,0,432,2.9322496457782967,276.0,0.7022877931594849,0.7005650401115417,1,0.0,0.5864499291556594,5,0,off,0,0,0.0,0.0,0.0,0.45238136150850894,0.6054586239815688,0.33349981099925924,0.4341608605618529,1.1067489887271074,0.0,0.5864499291556594,0.5864499291556594
hrl,multi,0,weighted_cka,0,433,2.9783656922033974,262.0,0.7023267149925232,0.7009990215301514,1,0.0,0.5956731384406797,5,0,off,0,0,0.0,0.0,0.0,0.28203807735536235,0.7465543551957233,0.3615046920350286,0.3638815710425842,1.2243869965746996,0.0,0.5956731384406797,0.5956731384406797
hrl,multi,0,weighted_cka,0,434,2.904708260492653,282.0,0.7047608494758606,0.7024601101875305,1,0.0,0.5809416520985307,5,0,off,0,0,0.0,0.0,0.0,0.8404958505381362,0.7186167055079712,0.4059763375655746,0.45038010179484245,0.48923926508612914,0.0,0.5809416520985307,0.5809416520985307
hrl,multi,0,weighted_cka,0,435,2.8933239480532342,276.0,0.7027192115783691,0.7009236216545105,1,0.0,0.5786647896106469,5,0,off,0,0,0.0,0.0,0.0,0.30069377300702027,0.7442815123638137,0.45585021532123193,0.47173600671812876,0.9207624406430402,0.0,0.5786647896106469,0.5786647896106469
hrl,multi,0,weighted_cka,0,436,2.9584422222793787,263.0,0.7033499479293823,0.7007976174354553,1,0.0,0.5916884444558759,5,0,off,0,0,0.0,0.0,0.0,0.36223956575337785,0.7630545511739327,0.32332263499498354,0.4896350200421874,1.0201904503148977,0.0,0.5916884444558759,0.5916884444558759
hrl,multi,0,weighted_cka,0,437,2.9356950066448175,270.0,0.7036669850349426,0.7016863822937012,1,0.0,0.5871390013289636,5,0,off,0,0,0.0,0.0,0.0,0.2887957149357534,0.6981060224445536,0.4096647270098327,0.5184022257491013,1.020726316505577,0.0,0.5871390013289636,0.5871390013289636
hrl,multi,0,weighted_cka,0,438,2.97220125801501,260.0,0.7034428119659424,0.7003166079521179,1,0.0,0.5944402516030021,5,0,off,0,0,0.0,0.0,0.0,0.3153442426149631,0.7355607544584198,0.4083593189567326,0.5020351894560734,1.0109017525288215,0.0,0.5944402516030021,0.5944402516030021
hrl,multi,0,weighted_cka,0,439,2.9298585685864222,270.0,0.7023589015007019,0.7004446387290955,1,0.0,0.5859717137172845,5,0,off,0,0,0.0,0.0,0.0,0.2855995538959395,0.7060339631009845,0.42425344269699405,0.4324266129834139,1.0815449959090908,0.0,0.5859717137172845,0.5859717137172845
hrl,multi,0,weighted_cka,0,440,2.934352011041598,268.0,0.7051736116409302,0.7041977047920227,1,0.0,0.5868704022083197,5,0,off,0,0,0.0,0.0,0.0,0.3031221483621629,0.8086289672190322,0.4686055945717379,0.4904795325044541,0.8635157683842115,0.0,0.5868704022083197,0.5868704022083197
hrl,multi,0,weighted_cka,0,441,3.0219886578391293,247.0,0.7023709416389465,0.7002238631248474,1,0.0,0.6043977315678261,5,0,off,0,0,0.0,0.0,0.0,0.3179401276111602,0.7580225451355799,0.35989438602747387,0.5836142675839363,1.0025173314809797,0.0,0.6043977315678261,0.6043977315678261
hrl,multi,0,weighted_cka,0,442,2.9691374906086407,261.0,0.7033249139785767,0.7012479901313782,1,0.0,0.5938274981217282,5,0,off,0,0,0.0,0.0,0.0,0.2645488396598956,0.5689699645312501,0.4215557680213823,0.979068587630434,0.7349943307656793,0.0,0.5938274981217282,0.5938274981217282
hrl,multi,0,weighted_cka,0,443,3.020250841756117,249.0,0.7020895481109619,0.7004769444465637,1,0.0,0.6040501683512235,5,0,off,0,0,0.0,0.0,0.0,0.30601266552763984,0.7390864793565123,0.43705167856672766,0.5405820862576364,0.9975179320476016,0.0,0.6040501683512235,0.6040501683512235
hrl,multi,0,weighted_cka,0,444,2.950967768220608,262.0,0.704421877861023,0.7026517987251282,1,0.0,0.5901935536441216,5,0,off,0,0,0.0,0.0,0.0,0.3178080834374122,0.6358062830409034,0.42395720739499654,0.49015522587322613,1.0832409684740703,0.0,0.5901935536441216,0.5901935536441216
hrl,multi,0,weighted_cka,0,445,1.508155120525406,300.0,0.47286176681518555,0.28261318802833557,0,0.0,0.3016310241050813,5,0,off,0,0,0.0,0.0,0.0,0.38864958536968314,0.5585909378686919,-0.32204352804347625,0.11153049450926478,0.7714276308212429,0.0,0.3016310241050813,0.3016310241050813
hrl,multi,0,weighted_cka,0,446,3.0401585147095016,247.0,0.7020531296730042,0.7003995180130005,1,0.0,0.6080317029419005,5,0,off,0,0,0.0,0.0,0.0,0.3298746476977248,0.7491997750019653,0.40822284699929867,0.5975108421137555,0.955350402896758,0.0,0.6080317029419005,0.6080317029419005
hrl,multi,0,weighted_cka,0,447,3.0140987622796906,251.0,0.704391598701477,0.7004318237304688,1,0.0,0.6028197524559382,5,0,off,0,0,0.0,0.0,0.0,0.3821939610317348,0.7376524866991675,0.3473541855043731,0.42523962739933163,1.1216585016450842,0.0,0.6028197524559382,0.6028197524559382
hrl,multi,0,weighted_cka,0,448,2.8800663338336148,286.0,0.7026684880256653,0.7002823948860168,1,0.0,0.576013266766723,5,0,off,0,0,0.0,0.0,0.0,0.39898966386984086,0.6650426358841358,0.3254950565991456,0.5412961291493846,0.9492428483311085,0.0,0.576013266766723,0.576013266766723
hrl,multi,0,weighted_cka,0,449,2.954590113920973,268.0,0.7041335701942444,0.7007988095283508,1,0.0,0.5909180227841947,5,0,off,0,0,0.0,0.0,0.0,0.2982484301640651,0.5793334337500854,0.6046042727171442,0.5008526011690263,0.9715513761206528,0.0,0.5909180227841947,0.5909180227841947
hrl,multi,0,weighted_cka,0,450,2.8227504453040004,292.0,0.7044440507888794,0.7010881900787354,1,0.0,0.5645500890608003,5,0,off,0,0,0.0,0.0,0.0,0.32152277211428726,0.6892403323352335,0.3572426569093949,0.4243707049977964,1.030373978947289,0.0,0.5645500890608003,0.5645500890608003
hrl,multi,0,weighted_cka,0,451,2.9663401034689145,266.0,0.7037527561187744,0.7009454965591431,1,0.0,0.593268020693783,5,0,off,0,0,0.0,0.0,0.0,0.42816943057609,0.686123396414332,0.34264356433623466,0.5269925516555084,0.9824111604867501,0.0,0.593268020693783,0.593268020693783
hrl,multi,0,weighted_cka,0,452,2.8397662139268927,288.0,0.7033656239509583,0.7003810405731201,1,0.0,0.5679532427853786,5,0,off,0,0,0.0,0.0,0.0,0.40961222366336714,0.6594422458871266,0.26981118680087074,0.5009328044380671,0.9999677531374617,0.0,0.5679532427853786,0.5679532427853786
hrl,multi,0,weighted_cka,0,453,2.9485873957925346,263.0,0.7029202580451965,0.7005229592323303,1,0.0,0.589717479158507,5,0,off,0,0,0.0,0.0,0.0,0.33557161864452056,0.6326525091552174,0.3627247275884728,0.5977536783802205,1.0198848620241039,0.0,0.589717479158507,0.589717479158507
hrl,multi,0,weighted_cka,0,454,2.9311703412856427,272.0,0.7039917707443237,0.7005277276039124,1,0.0,0.5862340682571286,5,0,off,0,0,0.0,0.0,0.0,0.26191510012140484,0.7084068399462847,0.43220056176464994,0.4159546230549457,1.112693216398358,0.0,0.5862340682571286,0.5862340682571286
hrl,multi,0,weighted_cka,0,455,2.400543706293682,300.0,0.695396363735199,0.666559636592865,0,0.0,0.4801087412587366,5,0,off,0,0,0.0,0.0,0.0,0.33545432411134235,0.7394108815509824,0.2468357669073155,0.10262148058600706,0.9762212531380353,0.0,0.4801087412587366,0.4801087412587366
hrl,multi,0,weighted_cka,0,456,2.3937836766694076,300.0,0.6892695426940918,0.6340228319168091,0,0.0,0.4787567353338817,5,0,off,0,0,0.0,0.0,0.0,0.3274548926869756,0.7574925037920474,0.37048165416379913,0.32216182591314996,0.6161928001134362,0.0,0.4787567353338817,0.4787567353338817
hrl,multi,0,weighted_cka,0,457,2.8708697206629425,289.0,0.7033247947692871,0.7024053931236267,1,0.0,0.5741739441325886,5,0,off,0,0,0.0,0.0,0.0,0.27188839760795225,0.6411491440227254,0.8863718548088798,0.48738535449281317,0.5840749697305726,0.0,0.5741739441325886,0.5741739441325886
hrl,multi,0,weighted_cka,0,458,3.0351020562762847,244.0,0.7036823034286499,0.7006314396858215,1,0.0,0.6070204112552571,5,0,off,0,0,0.0,0.0,0.0,0.3191790622333064,0.7180676406258716,0.39131660945434116,0.5173730341594199,1.0891657098033463,0.0,0.6070204112552571,0.6070204112552571
hrl,multi,0,weighted_cka,0,459,2.0078963755358914,300.0,0.693984866142273,0.6663835048675537,0,0.0,0.4015792751071784,5,0,off,0,0,0.0,0.0,0.0,0.32880400930758324,0.7347074474953114,0.28588899879084034,0.02110963185946438,0.6373862880826926,0.0,0.4015792751071784,0.4015792751071784
hrl,multi,0,weighted_cka,0,460,3.0134640513141626,251.0,0.7040067911148071,0.7015969753265381,1,0.0,0.6026928102628327,5,0,off,0,0,0.0,0.0,0.0,0.3106290771374478,0.7468712485372088,0.3977392984367906,0.35331348752323527,1.2049109396794808,0.0,0.6026928102628327,0.6026928102628327
hrl,multi,0,weighted_cka,0,461,2.3817562161395003,300.0,0.6774516105651855,0.5724042057991028,0,0.0,0.4763512432279001,5,0,off,0,0,0.0,0.0,0.0,0.30465728667145586,0.5637128994604571,0.3920371246612319,0.12365770420106115,0.9976912011452949,0.0,0.4763512432279001,0.4763512432279001
hrl,multi,0,weighted_cka,0,462,3.0150589808933423,253.0,0.7038276791572571,0.7001225352287292,1,0.0,0.6030117961786685,5,0,off,0,0,0.0,0.0,0.0,0.33079634964466087,0.7447025644946842,0.40295051252306424,0.5684678589326794,0.9681416952982543,0.0,0.6030117961786685,0.6030117961786685
hrl,multi,0,weighted_cka,0,463,3.0048632989597377,254.0,0.7035980224609375,0.7011098265647888,1,0.0,0.6009726597919477,5,0,off,0,0,0.0,0.0,0.0,0.3514094783124746,0.766309960218612,0.3917902206890284,0.38910793214390277,1.1062457075957206,0.0,0.6009726597919477,0.6009726597919477
hrl,multi,0,weighted_cka,0,464,2.841232152007427,295.0,0.7039240598678589,0.7025082111358643,1,0.0,0.5682464304014856,5,0,off,0,0,0.0,0.0,0.0,0.4250161482547071,0.6026856703292577,0.3686322781469206,0.3368395592428859,1.1080584960336561,0.0,0.5682464304014856,0.5682464304014856
hrl,multi,0,weighted_cka,0,465,2.984001805777893,256.0,0.7038512229919434,0.7009226083755493,1,0.0,0.5968003611555787,5,0,off,0,0,0.0,0.0,0.0,0.25658681415999296,0.7409571563173084,0.43437923086178476,0.5511223596408962,1.0009562447979112,0.0,0.5968003611555787,0.5968003611555787
hrl,multi,0,weighted_cka,0,466,2.973993257579043,254.0,0.7034400105476379,0.7003172636032104,1,0.0,0.5947986515158087,5,0,off,0,0,0.0,0.0,0.0,0.3038940258602014,0.819640469167847,0.47176946530211705,0.44117179814101093,0.9375174991078673,0.0,0.5947986515158087,0.5947986515158087
hrl,multi,0,weighted_cka,0,467,2.9940813751374358,258.0,0.7056228518486023,0.7027242183685303,1,0.0,0.5988162750274874,5,0,off,0,0,0.0,0.0,0.0,0.34799383062124245,0.7445916437245904,0.3859928500028326,0.5387563645560293,0.9767466862327417,0.0,0.5988162750274874,0.5988162750274874
hrl,multi,0,weighted_cka,0,468,2.907740137911051,277.0,0.7036508917808533,0.700857937335968,1,0.0,0.5815480275822102,5,0,off,0,0,0.0,0.0,0.0,0.2831416839712182,0.7336072327028959,0.4272927721561862,0.4051812344620701,1.0585172146186812,0.0,0.5815480275822102,0.5815480275822102
hrl,multi,0,weighted_cka,0,469,3.0543460932821604,241.0,0.7029508352279663,0.7001934051513672,1,0.0,0.6108692186564322,5,0,off,0,0,0.0,0.0,0.0,0.4328919125875107,0.689858682815451,0.3735841563018038,0.43477777144173146,1.123233570135664,0.0,0.6108692186564322,0.6108692186564322
hrl,multi,0,weighted_cka,0,470,2.8795402067232048,282.0,0.7036181688308716,0.7012284994125366,1,0.0,0.575908041344641,5,0,off,0,0,0.0,0.0,0.0,0.25310276724869607,0.5897547259936108,0.36899621865176585,1.026175393941812,0.6415111008873208,0.0,0.575908041344641,0.575908041344641
hrl,multi,0,weighted_cka,0,471,2.95816681846039,266.0,0.7043833136558533,0.701005756855011,1,0.0,0.5916333636920782,5,0,off,0,0,0.0,0.0,0.0,0.3423653708714991,0.7467873595859854,0.34962843504408364,0.41736241192737344,1.102023241031449,0.0,0.5916333636920782,0.5916333636920782
hrl,multi,0,weighted_cka,0,472,3.0137237377192783,251.0,0.7034629583358765,0.7003251910209656,1,0.0,0.6027447475438558,5,0,off,0,0,0.0,0.0,0.0,0.3051504718619398,0.7411356275249271,0.44731200447818253,0.42489657290354066,1.0952290609506887,0.0,0.6027447475438558,0.6027447475438558
hrl,multi,0,weighted_cka,0,473,2.939707007996562,271.0,0.7045671343803406,0.7001102566719055,1,0.0,0.5879414015993125,5,0,off,0,0,0.0,0.0,0.0,0.28799195592384774,0.7345029882001689,0.41885958664072664,0.5230015938623108,0.9753508833695085,0.0,0.5879414015993125,0.5879414015993125
hrl,multi,0,weighted_cka,0,474,2.9710081106548882,261.0,0.7029853463172913,0.7006909847259521,1,0.0,0.5942016221309778,5,0,off,0,0,0.0,0.0,0.0,0.3389264926062896,0.7360470346333458,0.4152179128323913,0.315050160385901,1.1657665101969612,0.0,0.5942016221309778,0.5942016221309778
hrl,multi,0,weighted_cka,0,475,2.9988999560596117,255.0,0.7039223909378052,0.7014986872673035,1,0.0,0.5997799912119225,5,0,off,0,0,0.0,0.0,0.0,0.31900451443949707,0.700058769407682,0.41036137619451607,0.40649687868190804,1.1629784173360092,0.0,0.5997799912119225,0.5997799912119225
hrl,multi,0,weighted_cka,0,476,2.3291543187553074,300.0,0.6693313717842102,0.5324240326881409,0,0.0,0.4658308637510616,5,0,off,0,0,0.0,0.0,0.0,0.19976018525869566,1.1397665013279763,0.3522283680044837,0.346247013650718,0.2911522505134343,0.0,0.4658308637510616,0.4658308637510616
hrl,multi,0,weighted_cka,0,477,3.0763875144700856,233.0,0.7036798596382141,0.7012636065483093,1,0.0,0.6152775028940172,5,0,off,0,0,0.0,0.0,0.0,0.34853934719500823,0.7453346944502554,0.4117771233646198,0.538824723059777,1.0319116264004258,0.0,0.6152775028940172,0.6152775028940172
hrl,multi,0,weighted_cka,0,478,2.9983493202740488,254.0,0.7047873735427856,0.7019569277763367,1,0.0,0.5996698640548099,5,0,off,0,0,0.0,0.0,0.0,0.33127115979464716,0.7608010710654779,0.3649328108332119,0.46679789805712046,1.074546380523592,0.0,0.5996698640548099,0.5996698640548099
hrl,multi,0,weighted_cka,0,479,2.9825598768750483,257.0,0.7051576375961304,0.7033101320266724,1,0.0,0.5965119753750099,5,0,off,0,0,0.0,0.0,0.0,0.2841235942552156,0.7220795441968365,0.3937353298813104,0.5862258706633,0.9963955378783865,0.0,0.5965119753750099,0.5965119753750099
hrl,multi,0,weighted_cka,0,480,2.9636357960218724,267.0,0.7038058042526245,0.7025601863861084,1,0.0,0.5927271592043746,5,0,off,0,0,0.0,0.0,0.0,0.40353482853664885,0.6863916861019096,0.40649369727144935,0.4611802056215236,1.0060353784903415,0.0,0.5927271592043746,0.5927271592043746
hrl,multi,0,weighted_cka,0,481,2.8934305391304282,278.0,0.7031520009040833,0.7013753652572632,1,0.0,0.5786861078260858,5,0,off,0,0,0.0,0.0,0.0,0.2553114828999459,0.5406085206354035,0.3984226842178031,0.5532763567404616,1.1458114946368148,0.0,0.5786861078260858,0.5786861078260858
hrl,multi,0,weighted_cka,0,482,2.894860904098818,276.0,0.7043749094009399,0.7013944387435913,1,0.0,0.5789721808197636,5,0,off,0,0,0.0,0.0,0.0,0.363300571348849,1.263442977402359,0.35303741910704395,0.4537888671625404,0.4612910690780262,0.0,0.5789721808197636,0.5789721808197636
hrl,multi,0,weighted_cka,0,483,2.9124452079326133,275.0,0.7031945586204529,0.7004725337028503,1,0.0,0.5824890415865227,5,0,off,0,0,0.0,0.0,0.0,0.3160854859814279,0.7084826533719896,0.3275955381481907,0.5358896932024507,1.024391837228555,0.0,0.5824890415865227,0.5824890415865227
hrl,multi,0,weighted_cka,0,484,2.376293822765909,300.0,0.6744454503059387,0.5612540245056152,0,0.0,0.47525876455318194,5,0,off,0,0,0.0,0.0,0.0,0.3178699475673492,0.4472736948467789,0.9027068078089503,0.40315673264707563,0.30528663989575566,0.0,0.47525876455318194,0.47525876455318194
hrl,multi,0,weighted_cka,0,485,2.9890292380054,256.0,0.7037283182144165,0.7013823390007019,1,0.0,0.5978058476010801,5,0,off,0,0,0.0,0.0,0.0,0.30863457884511436,0.7117876500985584,0.4450214032359653,0.4988637502761556,1.0247218555496072,0.0,0.5978058476010801,0.5978058476010801
hrl,multi,0,weighted_cka,0,486,2.9295740048087304,274.0,0.7045694589614868,0.7008999586105347,1,0.0,0.5859148009617462,5,0,off,0,0,0.0,0.0,0.0,0.28706608910963394,0.7025295638237147,0.38134842739929437,0.5241849129125474,1.0344450115635406,0.0,0.5859148009617462,0.5859148009617462
hrl,multi,0,weighted_cka,0,487,2.986533917227925,252.0,0.7037537693977356,0.7018023729324341,1,0.0,0.5973067834455851,5,0,off,0,0,0.0,0.0,0.0,0.31861594147933636,0.744233086965978,0.4344860710799693,0.3644029956643268,1.124795822038315,0.0,0.5973067834455851,0.5973067834455851
hrl,multi,0,weighted_cka,0,488,3.0005911150551388,255.0,0.7046407461166382,0.700264573097229,1,0.0,0.6001182230110278,5,0,off,0,0,0.0,0.0,0.0,0.3387540089297107,0.748007552566938,0.44200765116652463,0.5028298927957656,0.9689920095962005,0.0,0.6001182230110278,0.6001182230110278
hrl,multi,0,weighted_cka,0,489,3.028612849591997,248.0,0.7046218514442444,0.7025951743125916,1,0.0,0.6057225699183995,5,0,off,0,0,0.0,0.0,0.0,0.3684677492214831,1.2291778264031743,0.43136657488951446,0.45366220626165144,0.5459384928161742,0.0,0.6057225699183995,0.6057225699183995
hrl,multi,0,weighted_cka,0,490,2.342291716598446,300.0,0.6628295183181763,0.5039131045341492,0,0.0,0.46845834331968933,5,0,off,0,0,0.0,0.0,0.0,0.2994478096093516,0.7097035422772168,0.32426993277622373,0.27623917011847493,0.7326312618171795,0.0,0.46845834331968933,0.46845834331968933
hrl,multi,0,weighted_cka,0,491,2.8866337127330466,277.0,0.7029206156730652,0.700395405292511,1,0.0,0.5773267425466094,5,0,off,0,0,0.0,0.0,0.0,0.32876264214725226,0.6014869492319411,0.2419684321113162,0.6724666489395311,1.0419490403030065,0.0,0.5773267425466094,0.5773267425466094
hrl,multi,0,weighted_cka,0,492,3.057761861124464,242.0,0.703072190284729,0.7017220258712769,1,0.0,0.6115523722248929,5,0,off,0,0,0.0,0.0,0.0,0.3097908780155702,0.7657037224979139,0.4462555899731814,0.5670456685487878,0.9689660020890113,0.0,0.6115523722248929,0.6115523722248929
hrl,multi,0,weighted_cka,0,493,2.9909948119527967,252.0,0.7010064721107483,0.7001644372940063,1,0.0,0.5981989623905595,5,0,off,0,0,0.0,0.0,0.0,0.3866930148654936,0.7589243486537597,0.31855132973147543,0.47951297349738875,1.0473131452046798,0.0,0.5981989623905595,0.5981989623905595
hrl,multi,0,weighted_cka,0,494,2.910885255700238,268.0,0.7042226791381836,0.7014925479888916,1,0.0,0.5821770511400477,5,0,off,0,0,0.0,0.0,0.0,0.2965084440557402,0.7266568352663888,0.3603547081791329,0.4704081725068098,1.0569570956921668,0.0,0.5821770511400477,0.5821770511400477
hrl,multi,0,weighted_cka,0,495,2.8182620132246505,299.0,0.7041583061218262,0.7021357417106628,1,0.0,0.5636524026449302,5,0,off,0,0,0.0,0.0,0.0,0.2978956038146279,0.5742374778771772,0.3268492775263729,0.587778120621573,1.0315015333849002,0.0,0.5636524026449302,0.5636524026449302
hrl,multi,0,weighted_cka,0,496,3.009591139357363,252.0,0.702973484992981,0.701083779335022,1,0.0,0.6019182278714726,5,0,off,0,0,0.0,0.0,0.0,0.40061603541002827,0.6911632134551181,0.4698300626227009,0.3256741824145137,1.1223076454550025,0.0,0.6019182278714726,0.6019182278714726
hrl,multi,0,weighted_cka,0,497,3.02278124210151,252.0,0.7028316259384155,0.7003281116485596,1,0.0,0.6045562484203021,5,0,off,0,0,0.0,0.0,0.0,0.3333571607070043,1.2614886387572621,0.4579157444003502,0.5534543751382733,0.41656532309862077,0.0,0.6045562484203021,0.6045562484203021
hrl,multi,0,weighted_cka,0,498,2.9477156972602083,265.0,0.7036998867988586,0.7001665830612183,1,0.0,0.5895431394520418,5,0,off,0,0,0.0,0.0,0.0,0.318980220088968,0.7283448631218633,0.3330748143778181,0.4011590913653925,1.166156708306167,0.0,0.5895431394520418,0.5895431394520418
hrl,multi,0,weighted_cka,0,499,3.000651074414955,252.0,0.7050951719284058,0.702515184879303,1,0.0,0.6001302148829911,5,0,off,0,0,0.0,0.0,0.0,0.4155661716372704,0.5477405553841962,0.5334122882846276,0.482215918089263,1.0217161410195983,0.0,0.6001302148829911,0.6001302148829911
hrl,multi,0,weighted_cka,0,500,3.0026095273598026,249.0,0.7028790712356567,0.7002451419830322,1,0.0,0.6005219054719607,5,0,off,0,0,0.0,0.0,0.0,0.3616535848270576,0.7398987796748987,0.4245940019104163,0.3607508048270828,1.1157123561203477,0.0,0.6005219054719607,0.6005219054719607
hrl,multi,0,weighted_cka,0,501,2.8516596692881198,287.0,0.7047780156135559,0.701261579990387,1,0.0,0.5703319338576242,5,0,off,0,0,0.0,0.0,0.0,0.3558153054583817,0.7681217981893568,0.2816270328587269,0.52657114607565,0.9195243867060051,0.0,0.5703319338576242,0.5703319338576242
hrl,multi,0,weighted_cka,0,502,2.998831049179424,255.0,0.7052016258239746,0.7035092711448669,1,0.0,0.5997662098358849,5,0,off,0,0,0.0,0.0,0.0,0.30773963025724504,0.7572943931724875,0.409107489366317,0.5194432603623717,1.0052462760210035,0.0,0.5997662098358849,0.5997662098358849
hrl,multi,0,weighted_cka,0,503,3.0029136272731107,252.0,0.7048276662826538,0.7023488879203796,1,0.0,0.6005827254546222,5,0,off,0,0,0.0,0.0,0.0,0.34610755057627096,0.7146919046649708,0.41854756113560854,0.44621766686323083,1.0773489440330302,0.0,0.6005827254546222,0.6005827254546222
hrl,multi,0,weighted_cka,0,504,2.950885030135511,268.0,0.7027702927589417,0.7017459273338318,1,0.0,0.5901770060271023,5,0,off,0,0,0.0,0.0,0.0,0.39104011840280134,1.2282092937268314,0.3006018602154216,0.5517595318723468,0.4792742259181103,0.0,0.5901770060271023,0.5901770060271023
hrl,multi,0,weighted_cka,0,505,3.047146567691582,244.0,0.7046452760696411,0.7022913694381714,1,0.0,0.6094293135383164,5,0,off,0,0,0.0,0.0,0.0,0.3466351059135049,0.7504097211491315,0.4255930524365975,0.5671062128357588,0.9574024753565898,0.0,0.6094293135383164,0.6094293135383164
hrl,multi,0,weighted_cka,0,506,3.0542869794969434,243.0,0.7038280367851257,0.7017426490783691,1,0.0,0.6108573958993888,5,0,off,0,0,0.0,0.0,0.0,0.2868981828398536,0.5984475124096497,0.41001510875462543,0.5508197939461096,1.2081063815467057,0.0,0.6108573958993888,0.6108573958993888
hrl,multi,0,weighted_cka,0,507,2.896379063022496,277.0,0.70441734790802,0.7012596130371094,1,0.0,0.5792758126044993,5,0,off,0,0,0.0,0.0,0.0,0.275237486919097,0.7119525563390924,0.40217250285018225,0.4689422949519938,1.0380742219621313,0.0,0.5792758126044993,0.5792758126044993
hrl,multi,0,weighted_cka,0,508,3.0638763099959165,241.0,0.7052673101425171,0.7023488879203796,1,0.0,0.6127752619991835,5,0,off,0,0,0.0,0.0,0.0,0.34398907552057056,0.7545416342606767,0.399630770755466,0.5509766339104388,1.014738195548765,0.0,0.6127752619991835,0.6127752619991835
hrl,multi,0,weighted_cka,0,509,3.0038134799995446,252.0,0.7052461504936218,0.7019791007041931,1,0.0,0.6007626959999091,5,0,off,0,0,0.0,0.0,0.0,0.34405274530476876,0.7533434969498775,0.3710196852525695,0.38026016013347536,1.1551373923588542,0.0,0.6007626959999091,0.6007626959999091
hrl,multi,0,weighted_cka,0,510,2.8560747683498033,286.0,0.7038196325302124,0.7021933794021606,1,0.0,0.5712149536699608,5,0,off,0,0,0.0,0.0,0.0,0.27060849505224893,0.6901163828601128,0.40029184528300527,1.0876612082887438,0.4073968368656932,0.0,0.5712149536699608,0.5712149536699608
hrl,multi,0,weighted_cka,0,511,3.0438871234780223,243.0,0.705051600933075,0.7018232941627502,1,0.0,0.6087774246956046,5,0,off,0,0,0.0,0.0,0.0,0.3063946137535385,0.7610111177447251,0.4561130856256931,0.42339192220979005,1.0969763841442761,0.0,0.6087774246956046,0.6087774246956046
hrl,multi,0,weighted_cka,0,512,2.977520439459359,257.0,0.7031059861183167,0.7008349299430847,1,0.0,0.5955040878918718,5,0,off,0,0,0.0,0.0,0.0,0.3195588219230993,0.7165153059335424,0.4269975635611917,0.4318354709480189,1.082613277093507,0.0,0.5955040878918718,0.5955040878918718
hrl,multi,0,weighted_cka,0,513,2.921704214163414,271.0,0.7010454535484314,0.7004091739654541,1,0.0,0.584340842832683,5,0,off,0,0,0.0,0.0,0.0,0.2525889532082364,0.5519926742762326,0.4151256777392699,0.5440180144833865,1.1579788944562894,0.0,0.584340842832683,0.584340842832683
hrl,multi,0,weighted_cka,0,514,2.816854918417112,292.0,0.7046876549720764,0.7017227411270142,1,0.0,0.5633709836834225,5,0,off,0,0,0.0,0.0,0.0,0.32260869864106634,0.8080052528381346,0.2578667637449106,0.42685569166950865,1.0015185115234924,0.0,0.5633709836834225,0.5633709836834225
hrl,multi,0,weighted_cka,0,515,3.0036576386216316,253.0,0.7039772868156433,0.7027766704559326,1,0.0,0.6007315277243264,5,0,off,0,0,0.0,0.0,0.0,0.45382523710792866,1.2520382214421404,0.3626766760010504,0.46541873825527713,0.4696987658152355,0.0,0.6007315277243264,0.6007315277243264
hrl,multi,0,weighted_cka,0,516,2.963741529292804,259.0,0.7025682330131531,0.700505256652832,1,0.0,0.5927483058585609,5,0,off,0,0,0.0,0.0,0.0,0.322888255277532,0.7465215374375692,0.3643909290828741,0.5322187827155284,0.9977220247793009,0.0,0.5927483058585609,0.5927483058585609
hrl,multi,0,weighted_cka,0,517,2.8968666483398833,277.0,0.7039348483085632,0.7006070613861084,1,0.0,0.5793733296679767,5,0,off,0,0,0.0,0.0,0.0,0.30733953024231586,0.7089162763357161,0.40499847086868235,0.4679027162034034,1.0077096546897661,0.0,0.5793733296679767,0.5793733296679767
hrl,multi,0,weighted_cka,0,518,2.963586988830912,262.0,0.7042702436447144,0.7013181447982788,1,0.0,0.5927173977661825,5,0,off,0,0,0.0,0.0,0.0,0.28848212573999255,0.7424805201748385,0.4271538899601436,0.976401961636511,0.5290684913194271,0.0,0.5927173977661825,0.5927173977661825
hrl,multi,0,weighted_cka,0,519,3.0760895794259837,236.0,0.7027342915534973,0.7004915475845337,1,0.0,0.6152179158851968,5,0,off,0,0,0.0,0.0,0.0,0.3503934732973574,0.7578368746144696,0.42056221777643066,0.5797593292240052,0.9675376845137215,0.0,0.6152179158851968,0.6152179158851968
hrl,multi,0,weighted_cka,0,520,3.022928432705345,248.0,0.703720211982727,0.7009077072143555,1,0.0,0.6045856865410691,5,0,off,0,0,0.0,0.0,0.0,0.2715692178630269,0.5581449395366943,0.47126270209951315,0.9588533187210558,0.7630982544850556,0.0,0.6045856865410691,0.6045856865410691
hrl,multi,0,weighted_cka,0,521,2.9219704966341946,272.0,0.7040985226631165,0.7000523209571838,1,0.0,0.5843940993268391,5,0,off,0,0,0.0,0.0,0.0,0.3170595695739029,0.5690016497825271,0.3287413665365892,0.6393240201203151,1.067843890620861,0.0,0.5843940993268391,0.5843940993268391
hrl,multi,0,weighted_cka,0,522,3.0194982996763415,250.0,0.7046274542808533,0.7030590772628784,1,0.0,0.6038996599352684,5,0,off,0,0,0.0,0.0,0.0,0.3278761134397936,0.8350780360912903,0.422187034445349,0.4638713947106151,0.9704857209892942,0.0,0.6038996599352684,0.6038996599352684
hrl,multi,0,weighted_cka,0,523,2.963682427910708,267.0,0.7029375433921814,0.7000330686569214,1,0.0,0.5927364855821418,5,0,off,0,0,0.0,0.0,0.0,0.3362280059233307,0.7510529593843965,0.444422846181027,0.3335897623830532,1.0983888540389013,0.0,0.5927364855821418,0.5927364855821418
hrl,multi,0,weighted_cka,0,524,2.992701728331724,259.0,0.7045983076095581,0.7023271322250366,1,0.0,0.598540345666345,5,0,off,0,0,0.0,0.0,0.0,0.32838550020963875,0.7346937054386361,0.4465655128220095,0.4802409750858786,1.0028160347755617,0.0,0.598540345666345,0.598540345666345
hrl,multi,0,weighted_cka,0,525,3.017281568466044,244.0,0.7039492726325989,0.7027397155761719,1,0.0,0.603456313693209,5,0,off,0,0,0.0,0.0,0.0,0.322630437320331,0.7460531240371054,0.45145275093778026,0.44707811169355394,1.050067144477274,0.0,0.603456313693209,0.603456313693209
hrl,multi,0,weighted_cka,0,526,3.0150971966706552,248.0,0.7044491171836853,0.7031372785568237,1,0.0,0.6030194393341312,5,0,off,0,0,0.0,0.0,0.0,0.3410188484985263,0.5525254582725464,0.5444232533429748,0.49812292531761326,1.079006711238995,0.0,0.6030194393341312,0.6030194393341312
hrl,multi,0,weighted_cka,0,527,2.8957798142475353,277.0,0.7045278549194336,0.700467050075531,1,0.0,0.5791559628495072,5,0,off,0,0,0.0,0.0,0.0,0.3375841139913536,0.6806959368595852,0.42758655396802336,0.29365627152196233,1.1562569379066114,0.0,0.5791559628495072,0.5791559628495072
hrl,multi,0,weighted_cka,0,528,2.832704761966043,297.0,0.7026052474975586,0.7000824809074402,1,0.0,0.5665409523932088,5,0,off,0,0,0.0,0.0,0.0,0.3363665726943872,0.7671094477809964,0.16310657668265022,0.4184147293854329,1.1477074354225767,0.0,0.5665409523932088,0.5665409523932088
hrl,multi,0,weighted_cka,0,529,3.026666001132164,249.0,0.7036956548690796,0.7012487649917603,1,0.0,0.6053332002264329,5,0,off,0,0,0.0,0.0,0.0,0.3622319488662178,0.7705493675777687,0.487737883329857,0.45056584937637656,0.9555809519819448,0.0,0.6053332002264329,0.6053332002264329
hrl,multi,0,weighted_cka,0,530,2.97091740014353,261.0,0.7029362916946411,0.7009828686714172,1,0.0,0.594183480028706,5,0,off,0,0,0.0,0.0,0.0,0.36302107574068926,0.7816084911897777,0.33629743244708504,0.49842202630262167,0.9915683744633569,0.0,0.594183480028706,0.594183480028706
hrl,multi,0,weighted_cka,0,531,3.0062316345429267,250.0,0.7028448581695557,0.7009021639823914,1,0.0,0.6012463269085855,5,0,off,0,0,0.0,0.0,0.0,0.32082215743197584,0.7310867225634864,0.4261363030159845,0.4064366155536844,1.1217498359777962,0.0,0.6012463269085855,0.6012463269085855
hrl,multi,0,weighted_cka,0,532,3.037162521801422,239.0,0.7019386291503906,0.7005157470703125,1,0.0,0.6074325043602845,5,0,off,0,0,0.0,0.0,0.0,0.2883346619255025,0.7554524748828261,0.43735558971134003,0.5602217765413223,0.9957980187404317,0.0,0.6074325043602845,0.6074325043602845
hrl,multi,0,weighted_cka,0,533,2.954859155810786,266.0,0.7035220265388489,0.7006019949913025,1,0.0,0.5909718311621572,5,0,off,0,0,0.0,0.0,0.0,0.39650784964291946,0.5754518178538418,0.40490632423514017,0.37106637652087365,1.2069267875580114,0.0,0.5909718311621572,0.5909718311621572
hrl,multi,0,weighted_cka,0,534,3.0611106639681953,239.0,0.7036526203155518,0.7000543475151062,1,0.0,0.6122221327936392,5,0,off,0,0,0.0,0.0,0.0,0.33202233900106504,0.7697885836795902,0.37588451144460117,0.5687536204564966,1.014661609386443,0.0,0.6122221327936392,0.6122221327936392
hrl,multi,0,weighted_cka,0,535,2.9912941803956223,258.0,0.7034496068954468,0.7017651796340942,1,0.0,0.5982588360791246,5,0,off,0,0,0.0,0.0,0.0,0.3149835681831463,0.753034484294243,0.43197176507441315,0.3582903348026629,1.1330140280411576,0.0,0.5982588360791246,0.5982588360791246
hrl,multi,0,weighted_cka,0,536,2.3551232310914187,300.0,0.6741172671318054,0.5596272349357605,0,0.0,0.4710246462182838,5,0,off,0,0,0.0,0.0,0.0,0.40112058692285774,0.6053040987281127,0.1992963540130292,0.4618859485535648,0.6875162428738548,0.0,0.4710246462182838,0.4710246462182838
hrl,multi,0,weighted_cka,0,537,2.9418553625470363,263.0,0.7050727605819702,0.7019250392913818,1,0.0,0.5883710725094075,5,0,off,0,0,0.0,0.0,0.0,0.3522325197317986,0.7332089385483412,0.36954859542357726,0.4910772441707084,0.9957880646726115,0.0,0.5883710725094075,0.5883710725094075
hrl,multi,0,weighted_cka,0,538,2.9127861929505365,274.0,0.7047933340072632,0.7033677101135254,1,0.0,0.5825572385901074,5,0,off,0,0,0.0,0.0,0.0,0.2716696340607012,0.6516583054873043,0.4292260220856404,0.5426108596816556,1.0176213716352356,0.0,0.5825572385901074,0.5825572385901074
hrl,multi,0,weighted_cka,0,539,2.9867744560676206,253.0,0.7044764161109924,0.7015804052352905,1,0.0,0.5973548912135243,5,0,off,0,0,0.0,0.0,0.0,0.8084723476388024,0.6493535280190407,0.44913222643302275,0.49404063616914196,0.5857757178076134,0.0,0.5973548912135243,0.5973548912135243
hrl,multi,0,weighted_cka,0,540,3.0290844124186247,247.0,0.7023548483848572,0.7013295888900757,1,0.0,0.6058168824837251,5,0,off,0,0,0.0,0.0,0.0,0.3461130333406326,0.8499288116982205,0.3711299151857383,0.35389845744031473,1.1080141947537192,0.0,0.6058168824837251,0.6058168824837251
hrl,multi,0,weighted_cka,0,541,2.9672098688085957,262.0,0.7033571004867554,0.7013515830039978,1,0.0,0.5934419737617193,5,0,off,0,0,0.0,0.0,0.0,0.30955461779516175,0.7559849148476495,0.41460671154875295,0.5523666714843128,0.9346969531327193,0.0,0.5934419737617193,0.5934419737617193
hrl,multi,0,weighted_cka,0,542,2.8943337523153736,276.0,0.7051527500152588,0.7016461491584778,1,0.0,0.5788667504630748,5,0,off,0,0,0.0,0.0,0.0,0.4565868987109277,0.572613167203497,0.4503058098000473,0.4231658613341859,0.9916620152667163,0.0,0.5788667504630748,0.5788667504630748
hrl,multi,0,weighted_cka,0,543,3.0256038944252346,251.0,0.7029231786727905,0.7002614736557007,1,0.0,0.605120778885047,5,0,off,0,0,0.0,0.0,0.0,0.3179892143968026,1.1451859210901891,0.43491201149509273,0.5896106001597362,0.5379061472834145,0.0,0.605120778885047,0.605120778885047
hrl,multi,0,weighted_cka,0,544,2.9750735548651996,258.0,0.701804518699646,0.7003887295722961,1,0.0,0.5950147109730402,5,0,off,0,0,0.0,0.0,0.0,0.3184117835857905,0.7591631856448947,0.3484156711287796,0.4346466304758795,1.114436284029856,0.0,0.5950147109730402,0.5950147109730402
hrl,multi,0,weighted_cka,0,545,2.4166959776452117,300.0,0.6997382640838623,0.6852254271507263,0,0.0,0.48333919552904253,5,0,off,0,0,0.0,0.0,0.0,0.3147468534070066,0.7598600007295607,0.20550143160729178,0.47466654319605717,0.6619211487052961,0.0,0.48333919552904253,0.48333919552904253
hrl,multi,0,weighted_cka,0,546,2.9608811702161315,263.0,0.7050484418869019,0.7021075487136841,1,0.0,0.5921762340432264,5,0,off,0,0,0.0,0.0,0.0,0.4107584376799639,0.4396125413756816,1.0275009357812812,0.4783369165982584,0.6046723387809468,0.0,0.5921762340432264,0.5921762340432264
hrl,multi,0,weighted_cka,0,547,2.9373247711396675,264.0,0.7021490335464478,0.7000678181648254,1,0.0,0.5874649542279337,5,0,off,0,0,0.0,0.0,0.0,0.3142719971071928,0.7419149880576877,0.34952998017868947,0.33977112425690564,1.1918366815391925,0.0,0.5874649542279337,0.5874649542279337
hrl,multi,0,weighted_cka,0,548,3.0288355740380344,246.0,0.7039740681648254,0.7008997201919556,1,0.0,0.6057671148076069,5,0,off,0,0,0.0,0.0,0.0,0.3324697057199663,0.7388078197380527,0.43563021400244895,0.34277042116009393,1.1791574134174732,0.0,0.6057671148076069,0.6057671148076069
hrl,multi,0,weighted_cka,0,549,2.933768477088072,269.0,0.7050492763519287,0.7018505334854126,1,0.0,0.5867536954176146,5,0,off,0,0,0.0,0.0,0.0,0.33945311272423706,0.7699130554348229,0.32542208061018013,0.39791470945347085,1.1010655188653615,0.0,0.5867536954176146,0.5867536954176146
hrl,multi,0,weighted_cka,0,550,3.000492309915936,255.0,0.7034188508987427,0.7011748552322388,1,0.0,0.6000984619831873,5,0,off,0,0,0.0,0.0,0.0,0.35129230165589237,0.7489993832823819,0.37539326949510715,0.558124377268325,0.9666829782142302,0.0,0.6000984619831873,0.6000984619831873
hrl,multi,0,weighted_cka,0,551,2.950081465673748,262.0,0.7028775811195374,0.7013115286827087,1,0.0,0.5900162931347498,5,0,off,0,0,0.0,0.0,0.0,0.35507726685050867,0.7456512056067585,0.35139892625226626,0.3543501322254305,1.1436039347387847,0.0,0.5900162931347498,0.5900162931347498
hrl,multi,0,weighted_cka,0,552,2.8022497947138603,300.0,0.7044345736503601,0.7005947232246399,1,0.0,0.5604499589427722,5,0,off,0,0,0.0,0.0,0.0,0.2908134912648237,0.705695734313689,0.29749660185258814,0.3982968389291199,1.1099471283536402,0.0,0.5604499589427722,0.5604499589427722
hrl,multi,0,weighted_cka,0,553,3.0047861053317306,250.0,0.7039836049079895,0.7014657258987427,1,0.0,0.6009572210663462,5,0,off,0,0,0.0,0.0,0.0,0.317793192068464,0.6464609623076393,0.4837056718748062,0.38987772416824,1.1669485549125818,0.0,0.6009572210663462,0.6009572210663462
hrl,multi,0,weighted_cka,0,554,2.972264183737802,261.0,0.7038833498954773,0.7007988691329956,1,0.0,0.5944528367475604,5,0,off,0,0,0.0,0.0,0.0,0.30522100208792824,0.5397755469009279,0.39777367293532,0.5052173324103931,1.2242766294032332,0.0,0.5944528367475604,0.5944528367475604
hrl,multi,0,weighted_cka,0,555,2.901631400476241,278.0,0.7032448649406433,0.7009616494178772,1,0.0,0.5803262800952483,5,0,off,0,0,0.0,0.0,0.0,0.2872600099561422,0.7107905784202738,0.3468971759161212,0.4398481099278141,1.1168355262558904,0.0,0.5803262800952483,0.5803262800952483
hrl,multi,0,weighted_cka,0,556,2.9486472145630964,265.0,0.7020654678344727,0.7009304165840149,1,0.0,0.5897294429126194,5,0,off,0,0,0.0,0.0,0.0,0.33963178709521874,0.7395588598726316,0.3700671900915912,0.3304119218904524,1.168977455613203,0.0,0.5897294429126194,0.5897294429126194
hrl,multi,0,weighted_cka,0,557,2.9366327010543705,269.0,0.7044644355773926,0.7017656564712524,1,0.0,0.5873265402108743,5,0,off,0,0,0.0,0.0,0.0,0.24570089217321936,0.7617771513150072,0.39515665154904117,0.36058176049000384,1.1734162455270996,0.0,0.5873265402108743,0.5873265402108743
hrl,multi,0,weighted_cka,0,558,2.8830224722411644,282.0,0.7048770785331726,0.7018523216247559,1,0.0,0.5766044944482329,5,0,off,0,0,0.0,0.0,0.0,0.373712497741333,0.6068773917509241,0.3580001048375851,0.359120653401449,1.1853118245098737,0.0,0.5766044944482329,0.5766044944482329
hrl,multi,0,weighted_cka,0,559,2.9877579099613927,257.0,0.7029329538345337,0.7018473744392395,1,0.0,0.5975515819922788,5,0,off,0,0,0.0,0.0,0.0,0.34167956662364296,0.7414281991543247,0.36686502917902536,0.5168603580715133,1.020924756932887,0.0,0.5975515819922788,0.5975515819922788
hrl,multi,0,weighted_cka,0,560,2.9528448732700476,258.0,0.7039750814437866,0.7015435099601746,1,0.0,0.5905689746540097,5,0,off,0,0,0.0,0.0,0.0,0.3365179714841069,0.6995154300825669,0.3840924633967224,0.45622730754749485,1.0764917007591572,0.0,0.5905689746540097,0.5905689746540097
hrl,multi,0,weighted_cka,0,561,2.995771270221098,256.0,0.704426646232605,0.7022359371185303,1,0.0,0.5991542540442196,5,0,off,0,0,0.0,0.0,0.0,0.5659532135175539,0.5104089180245063,0.4121731965218204,0.31378511631325806,1.1934508258439598,0.0,0.5991542540442196,0.5991542540442196
hrl,multi,0,weighted_cka,0,562,3.0056225989590444,252.0,0.7041189670562744,0.7019813656806946,1,0.0,0.6011245197918089,5,0,off,0,0,0.0,0.0,0.0,0.30132713463838434,0.721821263797581,0.48739354477543373,0.4366225459655687,1.058458109782077,0.0,0.6011245197918089,0.6011245197918089
hrl,multi,0,weighted_cka,0,563,2.8847582548863997,275.0,0.703849196434021,0.7009021639823914,1,0.0,0.5769516509772801,5,0,off,0,0,0.0,0.0,0.0,0.8101057162883515,0.8374952243147417,0.37892705006431776,0.424452433654107,0.4337778305648824,0.0,0.5769516509772801,0.5769516509772801
hrl,multi,0,weighted_cka,0,564,2.959195767556083,265.0,0.7053477168083191,0.702534556388855,1,0.0,0.5918391535112167,5,0,off,0,0,0.0,0.0,0.0,0.3064499811126151,0.7112930926568805,0.4664825361610855,0.343130495443358,1.1318396621821445,0.0,0.5918391535112167,0.5918391535112167
hrl,multi,0,weighted_cka,0,565,2.9403391953784435,268.0,0.7035062909126282,0.7011011242866516,1,0.0,0.5880678390756888,5,0,off,0,0,0.0,0.0,0.0,0.35800618290211417,0.7030203949185087,0.36563171027600755,0.4434018777308518,1.0702790295509619,0.0,0.5880678390756888,0.5880678390756888
hrl,multi,0,weighted_cka,0,566,3.0341869782785857,242.0,0.7029823064804077,0.7016023993492126,1,0.0,0.6068373956557173,5,0,off,0,0,0.0,0.0,0.0,0.40743314183113377,0.5150045718187465,0.4361860923175699,0.6624752054255804,1.0130879668855557,0.0,0.6068373956557173,0.6068373956557173
hrl,multi,0,weighted_cka,0,567,2.9946809857776375,248.0,0.703423261642456,0.7001224756240845,1,0.0,0.5989361971555275,5,0,off,0,0,0.0,0.0,0.0,0.4129018389435949,1.264511457451619,0.44272507953876616,0.48968724230560456,0.38485536753805344,0.0,0.5989361971555275,0.5989361971555275
hrl,multi,0,weighted_cka,0,568,2.975276244252824,253.0,0.7029889822006226,0.7005066275596619,1,0.0,0.595055248850565,5,0,off,0,0,0.0,0.0,0.0,0.3432710109576582,0.8360090035684405,0.3925886917386669,0.3722366490486528,1.0311708889394064,0.0,0.595055248850565,0.595055248850565
hrl,multi,0,weighted_cka,0,569,2.9668959817007403,261.0,0.7024213075637817,0.7010520100593567,1,0.0,0.5933791963401482,5,0,off,0,0,0.0,0.0,0.0,0.35563355592254076,0.5479964339453726,1.033446204876527,0.2702384397236164,0.7595813472326843,0.0,0.5933791963401482,0.5933791963401482
hrl,multi,0,weighted_cka,0,570,2.9531264820520287,265.0,0.7029463648796082,0.7001574635505676,1,0.0,0.590625296410406,5,0,off,0,0,0.0,0.0,0.0,0.3155010217553935,0.7426188797112553,0.3467292465604841,0.5661934809618395,0.982083853063057,0.0,0.590625296410406,0.590625296410406
hrl,multi,0,weighted_cka,0,571,2.396951378527227,300.0,0.6809297204017639,0.5935694575309753,0,0.0,0.47939027570544557,5,0,off,0,0,0.0,0.0,0.0,0.299920390914427,0.7517943117697722,0.22808948980830585,0.4034657804941669,0.7136814055405556,0.0,0.47939027570544557,0.47939027570544557
hrl,multi,0,weighted_cka,0,572,2.979721514441166,256.0,0.703202486038208,0.7003804445266724,1,0.0,0.5959443028882333,5,0,off,0,0,0.0,0.0,0.0,0.31378703564783783,0.7375186032978817,0.555813934791833,0.44014703958458246,0.9324549011190318,0.0,0.5959443028882333,0.5959443028882333
hrl,multi,0,weighted_cka,0,573,3.0405908905910315,244.0,0.7050124406814575,0.702461302280426,1,0.0,0.6081181781182063,5,0,off,0,0,0.0,0.0,0.0,0.32957558141276233,0.6813569470820947,1.0433184329122303,0.4352357692467047,0.55110415993724,0.0,0.6081181781182063,0.6081181781182063
hrl,multi,0,weighted_cka,0,574,3.0656662958618095,240.0,0.7043408751487732,0.7000557780265808,1,0.0,0.6131332591723619,5,0,off,0,0,0.0,0.0,0.0,0.5509044393375514,0.5934151813825591,0.3833719787350855,0.38866744199533415,1.14930725441128,0.0,0.6131332591723619,0.6131332591723619
hrl,multi,0,weighted_cka,0,575,3.0010374161202913,249.0,0.7013432383537292,0.700474739074707,1,0.0,0.6002074832240584,5,0,off,0,0,0.0,0.0,0.0,0.3019827277318108,0.7287857462810351,0.4397543421885929,0.5641968556281644,0.9663177442906888,0.0,0.6002074832240584,0.6002074832240584
hrl,multi,0,weighted_cka,0,576,3.025064479634237,250.0,0.7031981945037842,0.7003652453422546,1,0.0,0.6050128959268475,5,0,off,0,0,0.0,0.0,0.0,0.3947118292546509,0.46507121158484355,0.4241912167267873,1.1303160381701889,0.610774183897767,0.0,0.6050128959268475,0.6050128959268475
hrl,multi,0,weighted_cka,0,577,3.012541965771465,251.0,0.7026893496513367,0.7000747323036194,1,0.0,0.6025083931542932,5,0,off,0,0,0.0,0.0,0.0,0.33615515588596456,0.73194083791133,0.42573212970420704,0.48521362680476143,1.0335002154652027,0.0,0.6025083931542932,0.6025083931542932
hrl,multi,0,weighted_cka,0,578,3.023351104774744,238.0,0.703332781791687,0.7009340524673462,1,0.0,0.6046702209549488,5,0,off,0,0,0.0,0.0,0.0,0.32297490103897863,0.7666312491884454,0.4138962839914019,0.5241192790034109,0.9957293915525077,0.0,0.6046702209549488,0.6046702209549488
hrl,multi,0,weighted_cka,0,579,3.0250191448945976,244.0,0.7022616267204285,0.7001386284828186,1,0.0,0.6050038289789197,5,0,off,0,0,0.0,0.0,0.0,0.36823083426430814,0.77705741034355,0.38810741315642366,0.46214184286216897,1.0294816442681474,0.0,0.6050038289789197,0.6050038289789197
hrl,multi,0,weighted_cka,0,580,2.9747858158929725,265.0,0.7058358788490295,0.7023488879203796,1,0.0,0.5949571631785946,5,0,off,0,0,0.0,0.0,0.0,0.3430299376249312,0.7431046315627171,0.3276753746578469,0.43903988008131256,1.1219359919661653,0.0,0.5949571631785946,0.5949571631785946
hrl,multi,0,weighted_cka,0,581,2.9233217016559196,273.0,0.7040426135063171,0.7004302144050598,1,0.0,0.5846643403311841,5,0,off,0,0,0.0,0.0,0.0,0.31930446183239103,0.699653242504224,0.34728784328256723,0.3629408597557921,1.194135294280946,0.0,0.5846643403311841,0.5846643403311841
hrl,multi,0,weighted_cka,0,582,3.018641713509262,249.0,0.703412652015686,0.7005241513252258,1,0.0,0.6037283427018525,5,0,off,0,0,0.0,0.0,0.0,0.315406318200752,0.7349265427915378,0.40077087694592767,0.49798552253462536,1.0695524530364198,0.0,0.6037283427018525,0.6037283427018525
hrl,multi,0,weighted_cka,0,583,2.8876841816191576,278.0,0.7050498723983765,0.7007066011428833,1,0.0,0.5775368363238316,5,0,off,0,0,0.0,0.0,0.0,0.41325654416764135,1.2646873925821853,0.4123592207175678,0.29137021247642386,0.5060108116753398,0.0,0.5775368363238316,0.5775368363238316
hrl,multi,0,weighted_cka,0,584,3.0049784827610697,255.0,0.7040959596633911,0.7018576264381409,1,0.0,0.6009956965522141,5,0,off,0,0,0.0,0.0,0.0,0.39280727384553743,0.7041331653604282,0.3896966001731343,0.39143558261892747,1.1269058607630429,0.0,0.6009956965522141,0.6009956965522141
hrl,multi,0,weighted_cka,0,585,2.9916426348486116,255.0,0.7031753659248352,0.7006405591964722,1,0.0,0.5983285269697225,5,0,off,0,0,0.0,0.0,0.0,0.3031484772094408,0.7238501299601047,0.40071678310260167,0.5090757763738073,1.0548514682026577,0.0,0.5983285269697225,0.5983285269697225
hrl,multi,0,weighted_cka,0,586,2.991280676421315,251.0,0.7044366002082825,0.7005233764648438,1,0.0,0.5982561352842632,5,0,off,0,0,0.0,0.0,0.0,0.33640967734286087,0.7612575044012627,0.36800811246177173,0.4873388622572673,1.0382665199581531,0.0,0.5982561352842632,0.5982561352842632
hrl,multi,0,weighted_cka,0,587,3.022881919716949,244.0,0.7049875855445862,0.7026820778846741,1,0.0,0.60457638394339,5,0,off,0,0,0.0,0.0,0.0,0.3422619543510954,0.7353205223921685,0.4386492984150535,0.3664093996740411,1.1402407448845913,0.0,0.60457638394339,0.60457638394339
hrl,multi,0,weighted_cka,0,588,3.0302003361777157,239.0,0.7046413421630859,0.7035903334617615,1,0.0,0.6060400672355433,5,0,off,0,0,0.0,0.0,0.0,0.34441685459564897,0.8451714096991344,0.43530892361700524,0.5432529746755025,0.8620501735904252,0.0,0.6060400672355433,0.6060400672355433
hrl,multi,0,weighted_cka,0,589,2.962509782700143,260.0,0.7037139534950256,0.7004380226135254,1,0.0,0.5925019565400287,5,0,off,0,0,0.0,0.0,0.0,0.4726241616078185,0.5923728628125972,0.41704709759633973,0.2997707459974334,1.1806949146859549,0.0,0.5925019565400287,0.5925019565400287
hrl,multi,0,weighted_cka,0,590,2.99467684906574,256.0,0.7037980556488037,0.7017198801040649,1,0.0,0.5989353698131482,5,0,off,0,0,0.0,0.0,0.0,0.35187513098906487,0.7553122743545099,0.3926872115484438,0.509493636843268,0.9853085953304542,0.0,0.5989353698131482,0.5989353698131482
hrl,multi,0,weighted_cka,0,591,2.9164171669012853,274.0,0.7046269178390503,0.7031510472297668,1,0.0,0.5832834333802571,5,0,off,0,0,0.0,0.0,0.0,0.29362503186613303,0.6717890459699555,0.5399062568898515,0.3807562668701429,1.030340565305203,0.0,0.5832834333802571,0.5832834333802571
hrl,multi,0,weighted_cka,0,592,2.9441436021192553,265.0,0.7038857936859131,0.7000924348831177,1,0.0,0.5888287204238511,5,0,off,0,0,0.0,0.0,0.0,0.3138335460220987,0.5634372782390563,0.3928197268950752,1.1058495242041242,0.5682035267589015,0.0,0.5888287204238511,0.5888287204238511
hrl,multi,0,weighted_cka,0,593,2.9766641848728455,259.0,0.7021588087081909,0.7001535296440125,1,0.0,0.5953328369745692,5,0,off,0,0,0.0,0.0,0.0,0.3353098791814408,0.7378525915713979,0.3865426054488343,0.5114827681169843,1.0054763405541887,0.0,0.5953328369745692,0.5953328369745692
hrl,multi,0,weighted_cka,0,594,2.9176247820652192,268.0,0.703032374382019,0.7007348537445068,1,0.0,0.5835249564130439,5,0,off,0,0,0.0,0.0,0.0,0.41840020211768547,0.6145346355903892,0.36974746000533915,0.42342117112409305,1.0915213132277128,0.0,0.5835249564130439,0.5835249564130439
hrl,multi,0,weighted_cka,0,595,3.024611880340612,241.0,0.7035903334617615,0.7012507915496826,1,0.0,0.6049223760681225,5,0,off,0,0,0.0,0.0,0.0,0.31609862391604104,0.749047583548352,0.4205373639371245,0.5411144403249489,0.9978138686141463,0.0,0.6049223760681225,0.6049223760681225
hrl,multi,0,weighted_cka,0,596,3.0387577270262396,245.0,0.7031325101852417,0.7007032632827759,1,0.0,0.607751545405248,5,0,off,0,0,0.0,0.0,0.0,0.30201001735962923,0.6434763189726508,1.0452851980731355,0.4798739063162355,0.5681122863045892,0.0,0.607751545405248,0.607751545405248
hrl,multi,0,weighted_cka,0,597,2.817221705218368,293.0,0.7043057680130005,0.7011888027191162,1,0.0,0.5634443410436738,5,0,off,0,0,0.0,0.0,0.0,0.3027322854191878,0.700272971767932,0.33022177492862087,0.3319081098376772,1.1520865632649508,0.0,0.5634443410436738,0.5634443410436738
hrl,multi,0,weighted_cka,0,598,2.935955604932948,263.0,0.7019156217575073,0.700819194316864,1,0.0,0.5871911209865898,5,0,off,0,0,0.0,0.0,0.0,0.30012234601494847,0.7561806876147165,0.3899578095213509,0.40871973381468873,1.080975027967244,0.0,0.5871911209865898,0.5871911209865898
hrl,multi,0,weighted_cka,0,599,2.960538403431447,257.0,0.7038857340812683,0.7024826407432556,1,0.0,0.5921076806862895,5,0,off,0,0,0.0,0.0,0.0,0.3928530483137,1.2250155874527988,0.40950880654063065,0.3694609478820056,0.5637000132423126,0.0,0.5921076806862895,0.5921076806862895
hrl,multi,0,weighted_cka,0,600,2.9756155142903067,261.0,0.7048981785774231,0.7032768130302429,1,0.0,0.5951231028580615,5,0,off,0,0,0.0,0.0,0.0,0.31607531393552185,0.6890196572612038,0.3414402752909808,0.5600732648498595,1.0690070029527412,0.0,0.5951231028580615,0.5951231028580615
hrl,multi,0,weighted_cka,0,601,3.052435680457011,242.0,0.7043138742446899,0.7020337581634521,1,0.0,0.6104871360914024,5,0,off,0,0,0.0,0.0,0.0,0.30005091980815624,0.5783352827974594,1.032429359845584,0.49754216721668476,0.6440779507891273,0.0,0.6104871360914024,0.6104871360914024
hrl,multi,0,weighted_cka,0,602,2.9755459332852565,261.0,0.7031744718551636,0.7004511952400208,1,0.0,0.5951091866570515,5,0,off,0,0,0.0,0.0,0.0,0.34638234946411095,0.7608035244019701,0.4076949561992659,0.3576680974001018,1.1029970058198084,0.0,0.5951091866570515,0.5951091866570515
hrl,multi,0,weighted_cka,0,603,2.988725277389273,257.0,0.7043101787567139,0.7014141082763672,1,0.0,0.5977450554778547,5,0,off,0,0,0.0,0.0,0.0,0.280553258437896,0.6736389500256627,0.423475122949574,0.4440820405925533,1.1669759053835875,0.0,0.5977450554778547,0.5977450554778547
hrl,multi,0,weighted_cka,0,604,2.8784009995377877,285.0,0.7027837634086609,0.7007343769073486,1,0.0,0.5756801999075577,5,0,off,0,0,0.0,0.0,0.0,0.354569244289596,0.7620545963570474,0.38202407166408364,0.2698597661022248,1.1098933211248365,0.0,0.5756801999075577,0.5756801999075577
hrl,multi,0,weighted_cka,0,605,2.811185111005316,297.0,0.70360267162323,0.7023982405662537,1,0.0,0.5622370222010634,5,0,off,0,0,0.0,0.0,0.0,0.3584104956346563,1.2352597974932866,0.37719874314544705,0.48101744071271224,0.3592986340192146,0.0,0.5622370222010634,0.5622370222010634
hrl,multi,0,weighted_cka,0,606,3.0379351880473537,241.0,0.7028949856758118,0.7016844749450684,1,0.0,0.607587037609471,5,0,off,0,0,0.0,0.0,0.0,0.5161881725553538,0.5320210180827415,0.43968573890300455,0.3411954694929881,1.2088447890132663,0.0,0.607587037609471,0.607587037609471
hrl,multi,0,weighted_cka,0,607,2.9552485060291933,262.0,0.7039517164230347,0.701262891292572,1,0.0,0.5910497012058388,5,0,off,0,0,0.0,0.0,0.0,0.3094231712422333,0.6689856071677057,0.3338051996491848,0.5326016869557205,1.1104328410143496,0.0,0.5910497012058388,0.5910497012058388
hrl,multi,0,weighted_cka,0,608,3.000640872812843,263.0,0.7034436464309692,0.7014663815498352,1,0.0,0.6001281745625687,5,0,off,0,0,0.0,0.0,0.0,0.563839911317147,0.47266623383341344,0.4100563196823931,0.42860866861729285,1.1254697393625972,0.0,0.6001281745625687,0.6001281745625687
hrl,multi,0,weighted_cka,0,609,2.975699177436733,258.0,0.7041088938713074,0.7011839747428894,1,0.0,0.5951398354873467,5,0,off,0,0,0.0,0.0,0.0,0.2925588057783315,0.7542582897865212,0.43699644339317445,0.40226337124084227,1.0896222672378642,0.0,0.5951398354873467,0.5951398354873467
hrl,multi,0,weighted_cka,0,610,2.404773323127664,300.0,0.687843918800354,0.6288271546363831,0,0.0,0.48095466462553293,5,0,off,0,0,0.0,0.0,0.0,0.31821022572508073,0.7546185509972273,0.2511549994586965,0.4064912179163219,0.6742983290303379,0.0,0.48095466462553293,0.48095466462553293
hrl,multi,0,weighted_cka,0,611,1.7447586992930142,300.0,0.5240861773490906,0.18659940361976624,0,0.0,0.34895173985860295,5,0,off,0,0,0.0,0.0,0.0,0.33665995612088584,0.6418601647485046,0.1654092650401868,-0.09493018297478567,0.6957594963582232,0.0,0.34895173985860295,0.34895173985860295
hrl,multi,0,weighted_cka,0,612,2.7909381984563937,298.0,0.7036466002464294,0.7000719904899597,1,0.0,0.5581876396912788,5,0,off,0,0,0.0,0.0,0.0,0.25061925785505434,0.7457011248217894,0.2526584892474345,0.3391976450843794,1.2027616814477367,0.0,0.5581876396912788,0.5581876396912788
hrl,multi,0,weighted_cka,0,613,3.0120804633018547,247.0,0.7030178308486938,0.7005712389945984,1,0.0,0.602416092660371,5,0,off,0,0,0.0,0.0,0.0,0.4016904524612472,0.5094264475116504,0.5169730406119487,0.4207725524882552,1.1632179702287537,0.0,0.602416092660371,0.602416092660371
hrl,multi,0,weighted_cka,0,614,3.012647828185813,246.0,0.7051028609275818,0.7028277516365051,1,0.0,0.6025295656371628,5,0,off,0,0,0.0,0.0,0.0,0.34048223911965025,0.7195641485471277,0.46625896446453396,0.314675471844559,1.1716670042099429,0.0,0.6025295656371628,0.6025295656371628
hrl,multi,0,weighted_cka,0,615,2.909596188812166,272.0,0.7035533785820007,0.7013977766036987,1,0.0,0.5819192377624334,5,0,off,0,0,0.0,0.0,0.0,0.32974865911714724,0.7318267221292479,0.3413490741616114,0.3766736486266599,1.1299980847775002,0.0,0.5819192377624334,0.5819192377624334
hrl,multi,0,weighted_cka,0,616,2.977980795313821,258.0,0.7037580013275146,0.7006084322929382,1,0.0,0.5955961590627644,5,0,off,0,0,0.0,0.0,0.0,0.3690974774723872,0.735081376318354,0.3706787974503822,0.46758339017139205,1.0355397539013063,0.0,0.5955961590627644,0.5955961590627644
hrl,multi,0,weighted_cka,0,617,3.00240933968278,255.0,0.7046154737472534,0.7028389573097229,1,0.0,0.6004818679365561,5,0,off,0,0,0.0,0.0,0.0,0.36955624256830183,0.7037897836915216,0.4286824652440845,0.3312941840563434,1.169086664122529,0.0,0.6004818679365561,0.6004818679365561
hrl,multi,0,weighted_cka,0,618,2.840270920021818,293.0,0.7031694650650024,0.7012453675270081,1,0.0,0.5680541840043638,5,0,off,0,0,0.0,0.0,0.0,0.3133061546621756,0.832944202905055,0.4160088618644512,0.23573218908696053,1.0422795115031764,0.0,0.5680541840043638,0.5680541840043638
hrl,multi,0,weighted_cka,0,619,2.9855806098377493,258.0,0.7053149938583374,0.7023488879203796,1,0.0,0.5971161219675499,5,0,off,0,0,0.0,0.0,0.0,0.35358647420606576,0.5661447110781445,0.97723618097743,0.3575888239284685,0.7310244196476413,0.0,0.5971161219675499,0.5971161219675499
hrl,multi,0,weighted_cka,0,620,2.8985419291964485,281.0,0.7036324143409729,0.7009013295173645,1,0.0,0.5797083858392899,5,0,off,0,0,0.0,0.0,0.0,0.32638732602912923,0.7501854408890939,0.3946900515533051,0.38514002732746294,1.042139083397458,0.0,0.5797083858392899,0.5797083858392899
hrl,multi,0,weighted_cka,0,621,2.971216737927591,259.0,0.7030752301216125,0.7001349329948425,1,0.0,0.5942433475855184,5,0,off,0,0,0.0,0.0,0.0,0.3248109273608424,0.7600428510741329,0.3340178311560302,0.4651932716012378,1.0871518567353484,0.0,0.5942433475855184,0.5942433475855184
hrl,multi,0,weighted_cka,0,622,2.946023230088561,257.0,0.7035766243934631,0.7001658082008362,1,0.0,0.5892046460177124,5,0,off,0,0,0.0,0.0,0.0,0.31171136288737755,0.702198494652286,0.40779948505107305,0.379181664435608,1.145132223062217,0.0,0.5892046460177124,0.5892046460177124
hrl,multi,0,weighted_cka,0,623,3.017205015849961,249.0,0.7038382887840271,0.7013372182846069,1,0.0,0.6034410031699923,5,0,off,0,0,0.0,0.0,0.0,0.35012011414690636,0.7530844099209643,0.4476623735895845,0.4892171232888939,0.9771209949036127,0.0,0.6034410031699923,0.6034410031699923
hrl,multi,0,weighted_cka,0,624,2.397901098588953,300.0,0.6849066019058228,0.6106957197189331,0,0.0,0.4795802197177908,5,0,off,0,0,0.0,0.0,0.0,0.34671593635855236,0.7564585438356733,0.36764604652579863,0.40009596402915476,0.5269846078397746,0.0,0.4795802197177908,0.4795802197177908
hrl,multi,0,weighted_cka,0,625,3.038344129457734,243.0,0.7038462162017822,0.7020671963691711,1,0.0,0.6076688258915468,5,0,off,0,0,0.0,0.0,0.0,0.3241312347104539,0.7395430840249172,0.43350337296538044,0.4216586156615666,1.1195078220954162,0.0,0.6076688258915468,0.6076688258915468
hrl,multi,0,weighted_cka,0,626,3.040149419053267,245.0,0.7039281129837036,0.7009798884391785,1,0.0,0.6080298838106536,5,0,off,0,0,0.0,0.0,0.0,0.3453237407291889,0.7419292744998819,0.36852039019996297,0.41127733173382863,1.1730986818904054,0.0,0.6080298838106536,0.6080298838106536
hrl,multi,0,weighted_cka,0,627,3.034420508138223,241.0,0.7037714123725891,0.7012478113174438,1,0.0,0.6068841016276447,5,0,off,0,0,0.0,0.0,0.0,0.3279392665391787,0.7487869316525756,0.406273557625478,0.369178406511055,1.1822423458099363,0.0,0.6068841016276447,0.6068841016276447
hrl,multi,0,weighted_cka,0,628,2.409890055876893,300.0,0.6830739378929138,0.6031379699707031,0,0.0,0.4819780111753788,5,0,off,0,0,0.0,0.0,0.0,0.4240173404151572,0.690342624509707,0.3741773727787658,0.37953370542774784,0.541819012745516,0.0,0.4819780111753788,0.4819780111753788
hrl,multi,0,weighted_cka,0,629,2.9814690093020313,256.0,0.7036889791488647,0.7008249163627625,1,0.0,0.5962938018604064,5,0,off,0,0,0.0,0.0,0.0,0.31271271332073947,0.8341939494991674,0.4388033270584418,0.3854330136621719,1.0103260057615113,0.0,0.5962938018604064,0.5962938018604064
hrl,multi,0,weighted_cka,0,630,2.9406194929745966,266.0,0.7038252949714661,0.700042188167572,1,0.0,0.5881238985949194,5,0,off,0,0,0.0,0.0,0.0,0.3176940946939865,0.6691372285871765,0.3669626879859715,0.4644917084851766,1.122333773222286,0.0,0.5881238985949194,0.5881238985949194
hrl,multi,0,weighted_cka,0,631,3.010844635850123,248.0,0.7036330103874207,0.7026597261428833,1,0.0,0.6021689271700247,5,0,off,0,0,0.0,0.0,0.0,0.3064132131570949,0.7671629433142951,0.4049442455519455,0.3346746059726719,1.197649627854116,0.0,0.6021689271700247,0.6021689271700247
hrl,multi,0,weighted_cka,0,632,3.036936777740832,244.0,0.703586995601654,0.7023488879203796,1,0.0,0.6073873555481665,5,0,off,0,0,0.0,0.0,0.0,0.38192477039300127,0.7342215433176605,0.41159642421273734,0.33807867280812925,1.1711153670093042,0.0,0.6073873555481665,0.6073873555481665
hrl,multi,0,weighted_cka,0,633,3.041676987679179,241.0,0.7036429047584534,0.7012537121772766,1,0.0,0.608335397535836,5,0,off,0,0,0.0,0.0,0.0,0.3609161785212345,0.7555853669890201,0.39415835219109424,0.4219911220660141,1.1090259679118168,0.0,0.608335397535836,0.608335397535836
hrl,multi,0,weighted_cka,0,634,2.9583260487198118,259.0,0.7043334245681763,0.7012816667556763,1,0.0,0.5916652097439624,5,0,off,0,0,0.0,0.0,0.0,0.2979387738262884,1.2440686461329458,0.477327899545431,0.44300335165025884,0.4959873775648883,0.0,0.5916652097439624,0.5916652097439624
hrl,multi,0,weighted_cka,0,635,2.947298403084044,264.0,0.7037076354026794,0.7005649209022522,1,0.0,0.589459680616809,5,0,off,0,0,0.0,0.0,0.0,0.3552823421023785,0.7652178581310435,0.3387183485866989,0.39805211895192033,1.0900277353120034,0.0,0.589459680616809,0.589459680616809
hrl,multi,0,weighted_cka,0,636,3.0448984315379044,242.0,0.7025983929634094,0.7014147639274597,1,0.0,0.608979686307581,5,0,off,0,0,0.0,0.0,0.0,0.35608624402945854,0.832461913303472,0.3889576093477662,0.5369351713303475,0.9304574935268609,0.0,0.608979686307581,0.608979686307581
hrl,multi,0,weighted_cka,0,637,2.9209407850864504,272.0,0.70433509349823,0.7005313038825989,1,0.0,0.5841881570172902,5,0,off,0,0,0.0,0.0,0.0,0.29862586304545385,0.7597487827115691,0.3833804678414016,0.43356793740132693,1.0456177340866994,0.0,0.5841881570172902,0.5841881570172902
hrl,multi,0,weighted_cka,0,638,2.954845784786585,262.0,0.7042620182037354,0.7013934254646301,1,0.0,0.5909691569573171,5,0,off,0,0,0.0,0.0,0.0,0.33193486662209026,0.6575377650754525,0.421782294937875,0.40128535230221296,1.142305505848955,0.0,0.5909691569573171,0.5909691569573171
hrl,multi,0,weighted_cka,0,639,3.0059527797390797,254.0,0.7039337754249573,0.7009130716323853,1,0.0,0.6011905559478161,5,0,off,0,0,0.0,0.0,0.0,0.32672959157347203,0.8584847374097443,0.3684919068631715,0.41934908295728823,1.0328974609354042,0.0,0.6011905559478161,0.6011905559478161
hrl,multi,0,weighted_cka,0,640,3.0202231635048506,250.0,0.7035878300666809,0.702494740486145,1,0.0,0.6040446327009701,5,0,off,0,0,0.0,0.0,0.0,0.4357781039811669,1.2384208824681116,0.37034513809951014,0.4281181545371654,0.5475608844188972,0.0,0.6040446327009701,0.6040446327009701
hrl,multi,0,weighted_cka,0,641,2.95242690334402,265.0,0.7038944363594055,0.7008113861083984,1,0.0,0.5904853806688041,5,0,off,0,0,0.0,0.0,0.0,0.33299364062637316,1.187625130580738,0.33762772065261365,0.5204530725751245,0.5737273389091714,0.0,0.5904853806688041,0.5904853806688041
hrl,multi,0,weighted_cka,0,642,3.1135047364634216,229.0,0.7039892077445984,0.7023488879203796,1,0.0,0.6227009472926844,5,0,off,0,0,0.0,0.0,0.0,0.37875637166760856,0.8488395811109802,0.4358607208628672,0.528336446049623,0.9217116167723433,0.0,0.6227009472926844,0.6227009472926844
hrl,multi,0,weighted_cka,0,643,3.0067499855358606,250.0,0.7027736902236938,0.700003445148468,1,0.0,0.6013499971071722,5,0,off,0,0,0.0,0.0,0.0,0.31629517215955993,0.5791805947516112,1.0143052137698976,0.33008846289850763,0.7668805419562849,0.0,0.6013499971071722,0.6013499971071722
hrl,multi,0,weighted_cka,0,644,3.039730784723301,241.0,0.7031323313713074,0.7004426717758179,1,0.0,0.6079461569446604,5,0,off,0,0,0.0,0.0,0.0,0.3266044020522385,0.7677372709824702,0.37113333589723324,0.47002751007559695,1.1042282657157627,0.0,0.6079461569446604,0.6079461569446604
hrl,multi,0,weighted_cka,0,645,3.002484722665939,250.0,0.7035070657730103,0.7023488879203796,1,0.0,0.6004969445331879,5,0,off,0,0,0.0,0.0,0.0,0.30328179342066863,0.732326591531746,0.3977414589952676,0.4694810338926835,1.099653844825574,0.0,0.6004969445331879,0.6004969445331879
hrl,multi,0,weighted_cka,0,646,2.9838431218616592,266.0,0.7032175064086914,0.7006444334983826,1,0.0,0.5967686243723319,5,0,off,0,0,0.0,0.0,0.0,0.5108747414606621,0.5903842277019283,0.449928022507578,0.3593487401017918,1.0733073900896994,0.0,0.5967686243723319,0.5967686243723319
hrl,multi,0,weighted_cka,0,647,2.4076072148513035,300.0,0.7027450203895569,0.6881726384162903,0,0.0,0.4815214429702609,5,0,off,0,0,0.0,0.0,0.0,0.35060456745512764,0.6675779548229183,0.40523620579391706,0.3313382189529947,0.6528502678263464,0.0,0.4815214429702609,0.4815214429702609
hrl,multi,0,weighted_cka,0,648,3.0376447428244706,239.0,0.70411217212677,0.7001934051513672,1,0.0,0.6075289485648943,5,0,off,0,0,0.0,0.0,0.0,0.32673869260332133,0.5999750530282034,0.608109833694063,0.44136627180231136,1.061454891696572,0.0,0.6075289485648943,0.6075289485648943
hrl,multi,0,weighted_cka,0,649,2.9428635073207574,266.0,0.7051087617874146,0.7032086849212646,1,0.0,0.5885727014641515,5,0,off,0,0,0.0,0.0,0.0,0.31020694231422374,0.746387520293705,0.4375676057166419,0.3120384137473919,1.1366630252487955,0.0,0.5885727014641515,0.5885727014641515
hrl,multi,0,weighted_cka,0,650,2.9852622883516147,252.0,0.7036796808242798,0.701011598110199,1,0.0,0.597052457670323,5,0,off,0,0,0.0,0.0,0.0,0.33038796270552834,0.7056055646669118,0.4695391799537464,0.39273212696705,1.0869974540583787,0.0,0.597052457670323,0.597052457670323
hrl,multi,0,weighted_cka,0,651,2.857232751680522,287.0,0.7043443918228149,0.7000328898429871,1,0.0,0.5714465503361045,5,0,off,0,0,0.0,0.0,0.0,0.28321647727210064,1.2199305526604873,0.4179135732424909,0.41226692636239737,0.5239052221430464,0.0,0.5714465503361045,0.5714465503361045
hrl,multi,0,weighted_cka,0,652,2.403186597172315,300.0,0.6922248601913452,0.648280680179596,0,0.0,0.4806373194344632,5,0,off,0,0,0.0,0.0,0.0,0.28930902724154284,0.7030845143757759,0.3682874874589032,0.39527547483411024,0.6472300932619834,0.0,0.4806373194344632,0.4806373194344632
hrl,multi,0,weighted_cka,0,653,2.854101564573763,293.0,0.7025386691093445,0.7000395059585571,1,0.0,0.5708203129147527,5,0,off,0,0,0.0,0.0,0.0,0.21102210395637644,0.7264367359001188,0.3506924870344809,0.41338242920557955,1.1525678084772077,0.0,0.5708203129147527,0.5708203129147527
hrl,multi,0,weighted_cka,0,654,2.9584319217668367,266.0,0.7052158713340759,0.7014032006263733,1,0.0,0.5916863843533674,5,0,off,0,0,0.0,0.0,0.0,0.3332245274502783,0.716593898382969,0.44459388334467065,0.4183209236641413,1.045698688924778,0.0,0.5916863843533674,0.5916863843533674
hrl,multi,0,weighted_cka,0,655,3.02271929791692,247.0,0.7034947276115417,0.7006619572639465,1,0.0,0.6045438595833842,5,0,off,0,0,0.0,0.0,0.0,0.31091891535354427,0.7556404927289112,0.4127934539206325,0.3361966934734936,1.207169742440339,0.0,0.6045438595833842,0.6045438595833842
hrl,multi,0,weighted_cka,0,656,3.0752993469366707,235.0,0.7034568190574646,0.7012636065483093,1,0.0,0.6150598693873343,5,0,off,0,0,0.0,0.0,0.0,0.9472141722195154,0.767601765514817,0.43325640993984404,0.41958838529369846,0.5076386139687964,0.0,0.6150598693873343,0.6150598693873343
hrl,multi,0,weighted_cka,0,657,2.88434979727413,286.0,0.7053056359291077,0.704082190990448,1,0.0,0.5768699594548261,5,0,off,0,0,0.0,0.0,0.0,0.4046593942986509,0.7856198846288024,0.33691366180381727,0.35150503762898716,1.005651818913873,0.0,0.5768699594548261,0.5768699594548261
hrl,multi,0,weighted_cka,0,658,2.9184584194697076,272.0,0.7020058035850525,0.7004958987236023,1,0.0,0.5836916838939417,5,0,off,0,0,0.0,0.0,0.0,0.2849477967293932,0.7242820852864532,0.3747609950285404,0.39743872530182117,1.1370288171235003,0.0,0.5836916838939417,0.5836916838939417
hrl,multi,0,weighted_cka,0,659,3.0101750841628805,253.0,0.7045845985412598,0.7018975019454956,1,0.0,0.6020350168325763,5,0,off,0,0,0.0,0.0,0.0,0.34765139445537335,0.6734111795639618,0.43425202746060665,0.3718687099176458,1.1829917727652934,0.0,0.6020350168325763,0.6020350168325763
hrl,multi,0,weighted_cka,0,660,2.9641158193052966,260.0,0.7044368982315063,0.7020596265792847,1,0.0,0.5928231638610594,5,0,off,0,0,0.0,0.0,0.0,0.31917677020805413,0.6763655230328439,0.38967249973583956,0.37743506511999286,1.2014659612085667,0.0,0.5928231638610594,0.5928231638610594
hrl,multi,0,weighted_cka,0,661,2.9058676421108234,280.0,0.7022277116775513,0.7010096311569214,1,0.0,0.5811735284221647,5,0,off,0,0,0.0,0.0,0.0,0.23724459014338198,0.6699076563669367,0.5016729895882307,0.37940340391822963,1.117639002094045,0.0,0.5811735284221647,0.5811735284221647
hrl,multi,0,weighted_cka,0,662,2.922877349753266,271.0,0.7014445066452026,0.7003050446510315,1,0.0,0.5845754699506533,5,0,off,0,0,0.0,0.0,0.0,0.362981773469597,0.7354984859982504,0.30369808999542136,0.3148732401406013,1.2058257601493967,0.0,0.5845754699506533,0.5845754699506533
hrl,multi,0,weighted_cka,0,663,2.9223898411641116,275.0,0.7035425901412964,0.7007297277450562,1,0.0,0.5844779682328225,5,0,off,0,0,0.0,0.0,0.0,0.2827848744367947,0.7291709111277013,0.3908330917786806,0.41782593589159644,1.1017750279293392,0.0,0.5844779682328225,0.5844779682328225
hrl,multi,0,weighted_cka,0,664,2.970693284142499,262.0,0.704767107963562,0.7018459439277649,1,0.0,0.5941386568284999,5,0,off,0,0,0.0,0.0,0.0,0.38467194212041783,0.7360911797890438,0.3853961164806969,0.36497512027408807,1.0995589254782532,0.0,0.5941386568284999,0.5941386568284999
hrl,multi,0,weighted_cka,0,665,3.016040320867089,244.0,0.7027453184127808,0.7004169225692749,1,0.0,0.6032080641734179,5,0,off,0,0,0.0,0.0,0.0,0.33497856956953176,1.0966221548398023,0.5618022066778502,0.466482134634978,0.5561552551449275,0.0,0.6032080641734179,0.6032080641734179
hrl,multi,0,weighted_cka,0,666,2.9521016127848547,267.0,0.7046744227409363,0.7015416622161865,1,0.0,0.5904203225569711,5,0,off,0,0,0.0,0.0,0.0,0.4451713143860686,0.6313538374658673,0.358450813225936,0.3369499187544715,1.1801757289525119,0.0,0.5904203225569711,0.5904203225569711
hrl,multi,0,weighted_cka,0,667,3.0073714295484884,251.0,0.7029174566268921,0.7011389136314392,1,0.0,0.6014742859096979,5,0,off,0,0,0.0,0.0,0.0,0.4482503931194658,0.607306687014643,0.39196521554514757,0.3623418252780756,1.197507308591157,0.0,0.6014742859096979,0.6014742859096979
hrl,multi,0,weighted_cka,0,668,3.006401048201135,249.0,0.7054171562194824,0.7034878134727478,1,0.0,0.6012802096402271,5,0,off,0,0,0.0,0.0,0.0,0.3513373168637044,1.2658056356720624,0.5221487818025051,0.3725013611414469,0.4946079527214168,0.0,0.6012802096402271,0.6012802096402271
hrl,multi,0,weighted_cka,0,669,2.918828915595803,275.0,0.7048165798187256,0.7035220265388489,1,0.0,0.5837657831191607,5,0,off,0,0,0.0,0.0,0.0,0.2641079695820807,0.7206427357674109,0.44269505550013843,0.4040191163998387,1.087364038346335,0.0,0.5837657831191607,0.5837657831191607
hrl,multi,0,weighted_cka,0,670,2.968122633106816,259.0,0.7037786841392517,0.7012485265731812,1,0.0,0.5936245266213633,5,0,off,0,0,0.0,0.0,0.0,0.3239563440112396,1.26792309349915,0.4513752643192418,0.3481011736846266,0.5767667575925587,0.0,0.5936245266213633,0.5936245266213633
hrl,multi,0,weighted_cka,0,671,2.9482385708515926,269.0,0.7038771510124207,0.7017191052436829,1,0.0,0.5896477141703187,5,0,off,0,0,0.0,0.0,0.0,0.32776045720570246,0.7169216895406133,0.3969318244769237,0.4523185527885506,1.0543060468398031,0.0,0.5896477141703187,0.5896477141703187
hrl,multi,0,weighted_cka,0,672,3.008964367976469,252.0,0.7025919556617737,0.7008757591247559,1,0.0,0.601792873595294,5,0,off,0,0,0.0,0.0,0.0,0.36262330015003674,0.7059413673831149,0.40049761882703744,0.3574922436476335,1.1824098379686472,0.0,0.601792873595294,0.601792873595294
hrl,multi,0,weighted_cka,0,673,2.972782293302828,259.0,0.7045623064041138,0.7005680203437805,1,0.0,0.5945564586605657,5,0,off,0,0,0.0,0.0,0.0,0.33816193805221695,0.7460541000906377,0.4301048513674176,0.3392638253735567,1.1191975784189996,0.0,0.5945564586605657,0.5945564586605657
hrl,multi,0,weighted_cka,0,674,2.9539198007947984,263.0,0.7029525637626648,0.7011123299598694,1,0.0,0.5907839601589598,5,0,off,0,0,0.0,0.0,0.0,0.37389334797521573,0.7617241620412095,0.3522082581440917,0.2932518135830759,1.1728422190512062,0.0,0.5907839601589598,0.5907839601589598
hrl,multi,0,weighted_cka,0,675,2.8328328765040336,295.0,0.7041522860527039,0.7022558450698853,1,0.0,0.5665665753008069,5,0,off,0,0,0.0,0.0,0.0,0.4698951974340596,0.7315176535909994,0.2554016099374274,0.3654483163516706,1.0105700991898772,0.0,0.5665665753008069,0.5665665753008069
hrl,multi,0,weighted_cka,0,676,2.3938887399330255,300.0,0.6941002607345581,0.6542494893074036,0,0.0,0.4787777479866053,5,0,off,0,0,0.0,0.0,0.0,0.29244903592090105,0.7624004843193105,0.28300434867222773,0.32409056985215273,0.7319443011684341,0.0,0.4787777479866053,0.4787777479866053
hrl,multi,0,weighted_cka,0,677,2.919453254946899,273.0,0.7035196423530579,0.7003340125083923,1,0.0,0.5838906509893799,5,0,off,0,0,0.0,0.0,0.0,0.2533529185340011,1.257402695002034,0.38247776782582504,0.481570280011976,0.5446495935730634,0.0,0.5838906509893799,0.5838906509893799
hrl,multi,0,weighted_cka,0,678,2.9857607872384238,257.0,0.702907919883728,0.7012284994125366,1,0.0,0.5971521574476848,5,0,off,0,0,0.0,0.0,0.0,0.3080997013055311,1.2220380369299089,0.48534742169640943,0.35955551527152413,0.6107201120350508,0.0,0.5971521574476848,0.5971521574476848
hrl,multi,0,weighted_cka,0,679,3.0167408368845923,247.0,0.702513575553894,0.7007624506950378,1,0.0,0.6033481673769187,5,0,off,0,0,0.0,0.0,0.0,0.28443433234631077,0.6546283642072229,0.5618175358059815,0.36914145507407364,1.146719149451004,0.0,0.6033481673769187,0.6033481673769187
hrl,multi,0,weighted_cka,0,680,2.3929569043160868,300.0,0.6847520470619202,0.61492520570755,0,0.0,0.4785913808632175,5,0,off,0,0,0.0,0.0,0.0,0.3676842884230426,0.7077339963633565,0.3587815192607231,0.29262220733962,0.6661348929293451,0.0,0.4785913808632175,0.4785913808632175
hrl,multi,0,weighted_cka,0,681,2.9948574297656583,253.0,0.7018322944641113,0.7004570364952087,1,0.0,0.5989714859531319,5,0,off,0,0,0.0,0.0,0.0,0.3217239219930488,0.7182949544759466,0.4816865176637656,0.3265415309167292,1.1466105047161688,0.0,0.5989714859531319,0.5989714859531319
hrl,multi,0,weighted_cka,0,682,2.8566495708965216,288.0,0.7043085098266602,0.7005508542060852,1,0.0,0.5713299141793045,5,0,off,0,0,0.0,0.0,0.0,0.4175745568263808,0.7538860461488365,0.28226684105396255,0.3181692698462865,1.0847528570210558,0.0,0.5713299141793045,0.5713299141793045
hrl,multi,0,weighted_cka,0,683,3.0761284146751264,236.0,0.7049483060836792,0.7023298144340515,1,0.0,0.6152256829350253,5,0,off,0,0,0.0,0.0,0.0,0.39437198494339815,1.1476329477708784,0.40489947972958895,0.34751467532024244,0.781709326911019,0.0,0.6152256829350253,0.6152256829350253
hrl,multi,0,weighted_cka,0,684,3.0723087215852316,236.0,0.7039710283279419,0.7014968395233154,1,0.0,0.6144617443170464,5,0,off,0,0,0.0,0.0,0.0,0.4326897180117665,1.2723711437247691,0.39921569689735764,0.3530720691550859,0.614960093796253,0.0,0.6144617443170464,0.6144617443170464
hrl,multi,0,weighted_cka,0,685,3.0696651639584585,238.0,0.7036063075065613,0.7005395293235779,1,0.0,0.6139330327916918,5,0,off,0,0,0.0,0.0,0.0,0.3635841322512132,0.728154363837093,0.4237296559945679,0.32933302929032643,1.2248639825852585,0.0,0.6139330327916918,0.6139330327916918
hrl,multi,0,weighted_cka,0,686,3.0500079446872683,242.0,0.7040384411811829,0.7017964720726013,1,0.0,0.6100015889374537,5,0,off,0,0,0.0,0.0,0.0,0.31527138799778176,0.5872100925622507,1.0327097789482211,0.3270450134437996,0.7877716717352158,0.0,0.6100015889374537,0.6100015889374537
hrl,multi,0,weighted_cka,0,687,3.0527210589100346,238.0,0.7030559182167053,0.7005620002746582,1,0.0,0.610544211782007,5,0,off,0,0,0.0,0.0,0.0,0.3292585259531624,1.2710288560027254,0.4143615360925904,0.4215162626945165,0.6165558781670405,0.0,0.610544211782007,0.610544211782007
hrl,multi,0,weighted_cka,0,688,2.3949586545731094,300.0,0.6876906752586365,0.626186192035675,0,0.0,0.47899173091462205,5,0,off,0,0,0.0,0.0,0.0,0.34285250597947736,0.665167967919493,0.4469565047682261,0.3494204410554775,0.5905612348504361,0.0,0.47899173091462205,0.47899173091462205
hrl,multi,0,weighted_cka,0,689,2.896909966090799,280.0,0.7023273706436157,0.7004426717758179,1,0.0,0.5793819932181599,5,0,off,0,0,0.0,0.0,0.0,0.37056528112560033,0.7585396002489141,0.4196002535969018,0.25966692845778433,1.0885379026615989,0.0,0.5793819932181599,0.5793819932181599
hrl,multi,0,weighted_cka,0,690,2.979457729115135,258.0,0.7034894227981567,0.7023099660873413,1,0.0,0.5958915458230271,5,0,off,0,0,0.0,0.0,0.0,0.4046318304901068,0.6430077053532003,0.46477989486977445,0.3600795696303975,1.1069587287716565,0.0,0.5958915458230271,0.5958915458230271
hrl,multi,0,weighted_cka,0,691,3.026537960581131,246.0,0.7031489610671997,0.7013280391693115,1,0.0,0.6053075921162263,5,0,off,0,0,0.0,0.0,0.0,0.4491378416978985,0.5433272659983485,0.4028926066874991,0.4076458228200207,1.2235344233773646,0.0,0.6053075921162263,0.6053075921162263
hrl,multi,0,weighted_cka,0,692,2.9445518332077176,269.0,0.7054195404052734,0.7026820778846741,1,0.0,0.5889103666415436,5,0,off,0,0,0.0,0.0,0.0,0.28638937523541963,1.280587827756535,0.4354870012269819,0.3725092502536717,0.56957837873511,0.0,0.5889103666415436,0.5889103666415436
hrl,multi,0,weighted_cka,0,693,2.9839661931142896,263.0,0.7027274370193481,0.7010254859924316,1,0.0,0.596793238622858,5,0,off,0,0,0.0,0.0,0.0,0.3481240887055172,0.7463165133381261,0.38375373739073976,0.3388385379711398,1.1669333157087673,0.0,0.596793238622858,0.596793238622858
hrl,multi,0,weighted_cka,0,694,3.0370488021123734,243.0,0.7040874361991882,0.7001069784164429,1,0.0,0.6074097604224749,5,0,off,0,0,0.0,0.0,0.0,0.34419729295375867,0.7617252758448011,0.4128296570209785,0.3635565811714622,1.1547399951213735,0.0,0.6074097604224749,0.6074097604224749
hrl,multi,0,weighted_cka,0,695,2.933984141618052,273.0,0.7041198015213013,0.7026554942131042,1,0.0,0.5867968283236105,5,0,off,0,0,0.0,0.0,0.0,0.3125672750415395,1.2206470132414249,0.3912664627823978,0.412029617948905,0.5974737726037854,0.0,0.5867968283236105,0.5867968283236105
hrl,multi,0,weighted_cka,0,696,2.8871893384754643,282.0,0.7043718099594116,0.7000804543495178,1,0.0,0.5774378676950931,5,0,off,0,0,0.0,0.0,0.0,0.3273064875204581,0.7314511451683937,0.3414081990709527,1.0108432593822942,0.47618024733336617,0.0,0.5774378676950931,0.5774378676950931
hrl,multi,0,weighted_cka,0,697,3.0050580357176937,247.0,0.70405113697052,0.700251579284668,1,0.0,0.6010116071435387,5,0,off,0,0,0.0,0.0,0.0,0.4229253091257995,1.2538506774432023,0.367012534931302,0.39523889537714413,0.5660306188402463,0.0,0.6010116071435387,0.6010116071435387
hrl,multi,0,weighted_cka,0,698,3.0313647857045276,242.0,0.7039129137992859,0.7020089626312256,1,0.0,0.6062729571409056,5,0,off,0,0,0.0,0.0,0.0,0.3486485045559237,0.5241371110011822,0.4969590491217094,0.8696565799324306,0.7919635410932823,0.0,0.6062729571409056,0.6062729571409056
hrl,multi,0,weighted_cka,0,699,2.9735737206696053,256.0,0.7040165066719055,0.7022207975387573,1,0.0,0.5947147441339211,5,0,off,0,0,0.0,0.0,0.0,0.31303885194426395,1.2358208909011443,0.5137675571689614,0.3735136019439668,0.5374328187112695,0.0,0.5947147441339211,0.5947147441339211
hrl,multi,0,weighted_cka,0,700,2.9697223345041843,265.0,0.7025308609008789,0.7005513310432434,1,0.0,0.5939444669008369,5,0,off,0,0,0.0,0.0,0.0,0.2768988641083705,1.2492308236118403,0.43702172286715346,0.45740311032935266,0.5491678135874679,0.0,0.5939444669008369,0.5939444669008369
hrl,multi,0,weighted_cka,0,701,2.943556676800769,268.0,0.7050389051437378,0.7040144801139832,1,0.0,0.5887113353601539,5,0,off,0,0,0.0,0.0,0.0,0.35073361384571755,1.2577701157978733,0.44787459170725186,0.23633488945115808,0.6508434659987686,0.0,0.5887113353601539,0.5887113353601539
hrl,multi,0,weighted_cka,0,702,2.9082622127820272,275.0,0.7027550935745239,0.7006890773773193,1,0.0,0.5816524425564056,5,0,off,0,0,0.0,0.0,0.0,0.2474258433923604,1.2453635348207315,0.42002876414218904,0.46059603979066,0.5348480306360869,0.0,0.5816524425564056,0.5816524425564056
hrl,multi,0,weighted_cka,0,703,3.038471997622705,241.0,0.7029470205307007,0.70053631067276,1,0.0,0.6076943995245411,5,0,off,0,0,0.0,0.0,0.0,0.39550943708122926,1.2757024198747238,0.37820696534740267,0.4169654068745584,0.5720877684447913,0.0,0.6076943995245411,0.6076943995245411
hrl,multi,0,weighted_cka,0,704,3.0389673117694898,243.0,0.7040694952011108,0.7022171020507812,1,0.0,0.6077934623538981,5,0,off,0,0,0.0,0.0,0.0,0.3276909036808646,1.2750522265653124,0.40431357025913883,0.3442373732707928,0.6876732379933818,0.0,0.6077934623538981,0.6077934623538981
hrl,multi,0,weighted_cka,0,705,2.9422636246447205,267.0,0.70256507396698,0.7003046274185181,1,0.0,0.5884527249289443,5,0,off,0,0,0.0,0.0,0.0,0.33674251366042873,0.7635367007707244,0.2805197432097046,0.3574953944667067,1.2039692725371567,0.0,0.5884527249289443,0.5884527249289443
hrl,multi,0,weighted_cka,0,706,2.4131417262164163,300.0,0.6931391954421997,0.6465303897857666,0,0.0,0.48262834524328335,5,0,off,0,0,0.0,0.0,0.0,0.32225551131274544,0.6800763606447725,0.457236504761502,0.8510674113057318,0.10250593819166509,0.0,0.48262834524328335,0.48262834524328335
hrl,multi,0,weighted_cka,0,707,2.418656081029411,300.0,0.7021040320396423,0.6967604756355286,0,0.0,0.48373121620588233,5,0,off,0,0,0.0,0.0,0.0,0.3391398755926638,1.283911784305237,0.3491191225803922,0.35780534906588785,0.08867994948523084,0.0,0.48373121620588233,0.48373121620588233
hrl,multi,0,weighted_cka,0,708,2.927750569603481,266.0,0.7012915015220642,0.7001236081123352,1,0.0,0.5855501139206962,5,0,off,0,0,0.0,0.0,0.0,0.3162943786524701,1.2649319045413283,0.4443672130554913,0.46237748106367127,0.43977959229052044,0.0,0.5855501139206962,0.5855501139206962
hrl,multi,0,weighted_cka,0,709,2.9408516451698765,260.0,0.7038167715072632,0.7021079659461975,1,0.0,0.5881703290339754,5,0,off,0,0,0.0,0.0,0.0,0.25501639265530307,1.2690677438331766,0.4070451587536371,0.5118019049167631,0.4979204450109972,0.0,0.5881703290339754,0.5881703290339754
hrl,multi,0,weighted_cka,0,710,3.009432064157691,247.0,0.703753650188446,0.700185239315033,1,0.0,0.6018864128315384,5,0,off,0,0,0.0,0.0,0.0,0.305508737748023,0.7445502907047047,0.4030915425913408,0.4030909715590677,1.1531905215545555,0.0,0.6018864128315384,0.6018864128315384
hrl,multi,0,weighted_cka,0,711,2.3596703611314283,300.0,0.6934711337089539,0.6569777131080627,0,0.0,0.47193407222628575,5,0,off,0,0,0.0,0.0,0.0,0.3984070370366097,1.24588101678621,0.21648832926922454,0.3591279076948994,0.13976607034448518,0.0,0.47193407222628575,0.47193407222628575
hrl,multi,0,weighted_cka,0,712,2.956557436945352,269.0,0.7046396732330322,0.7027487754821777,1,0.0,0.5913114873890705,5,0,off,0,0,0.0,0.0,0.0,0.28291651131698736,1.2849877020195124,0.4248142166547476,0.423189577242825,0.5406494297112802,0.0,0.5913114873890705,0.5913114873890705
hrl,multi,0,weighted_cka,0,713,2.9989094850415263,251.0,0.7051979303359985,0.7036018967628479,1,0.0,0.5997818970083053,5,0,off,0,0,0.0,0.0,0.0,0.3102525460346077,1.222708592568524,0.5520614158227107,0.36744136398301624,0.5464455666326683,0.0,0.5997818970083053,0.5997818970083053
hrl,multi,0,weighted_cka,0,714,2.8962120040467147,276.0,0.7030140161514282,0.7001302242279053,1,0.0,0.5792424008093431,5,0,off,0,0,0.0,0.0,0.0,0.32901607993920323,1.193548740191385,0.40058236717479295,0.3628597882071662,0.6102050285341681,0.0,0.5792424008093431,0.5792424008093431
hrl,multi,0,weighted_cka,0,715,2.9133359161409302,275.0,0.7046190500259399,0.7016213536262512,1,0.0,0.5826671832281861,5,0,off,0,0,0.0,0.0,0.0,0.36524303543148545,1.2635251799216491,0.40084371994587115,0.3425745584832038,0.5411494223587213,0.0,0.5826671832281861,0.5826671832281861
hrl,multi,0,weighted_cka,0,716,3.0101274937810363,255.0,0.7057667970657349,0.7044191360473633,1,0.0,0.6020254987562074,5,0,off,0,0,0.0,0.0,0.0,0.3170115077039226,1.2100389410937202,0.54773697985569,0.3593091687965206,0.5760308963311834,0.0,0.6020254987562074,0.6020254987562074
hrl,multi,0,weighted_cka,0,717,3.00470469741852,242.0,0.701799213886261,0.7006099820137024,1,0.0,0.6009409394837041,5,0,off,0,0,0.0,0.0,0.0,0.3507128731622069,1.2726628411728886,0.3634156874772161,0.37514635045273453,0.6427669451534747,0.0,0.6009409394837041,0.6009409394837041
hrl,multi,0,weighted_cka,0,718,3.0621692558564524,237.0,0.7053016424179077,0.7039956450462341,1,0.0,0.6124338511712906,5,0,off,0,0,0.0,0.0,0.0,0.3528287445609457,1.2756626229938117,0.4200869974079541,0.5584318793481505,0.4551590115455909,0.0,0.6124338511712906,0.6124338511712906
hrl,multi,0,weighted_cka,0,719,2.8431875962967155,291.0,0.70467209815979,0.7028751969337463,1,0.0,0.5686375192593432,5,0,off,0,0,0.0,0.0,0.0,0.3907694715289397,0.6761904044118708,0.3477032139850779,0.3550353746933978,1.0734891316774298,0.0,0.5686375192593432,0.5686375192593432
hrl,multi,0,weighted_cka,0,720,3.02066579538831,253.0,0.7035971879959106,0.7008203268051147,1,0.0,0.6041331590776622,5,0,off,0,0,0.0,0.0,0.0,0.37605658730631686,0.7662959665730594,0.461477693599183,0.35537042011381703,1.0614651277959344,0.0,0.6041331590776622,0.6041331590776622
hrl,multi,0,weighted_cka,0,721,3.039534011346989,239.0,0.7025027871131897,0.70048987865448,1,0.0,0.6079068022693979,5,0,off,0,0,0.0,0.0,0.0,0.3895144006735644,1.279607659622561,0.4057034797398372,0.31716441039997506,0.6475440609110518,0.0,0.6079068022693979,0.6079068022693979
hrl,multi,0,weighted_cka,0,722,2.9971532860965513,248.0,0.7034103274345398,0.7018156051635742,1,0.0,0.5994306572193103,5,0,off,0,0,0.0,0.0,0.0,0.31907465909430166,1.2536443942934272,0.4186952889249659,0.46597847750718924,0.5397604662766678,0.0,0.5994306572193103,0.5994306572193103
hrl,multi,0,weighted_cka,0,723,2.9067003884760183,275.0,0.7025250792503357,0.7015145421028137,1,0.0,0.5813400776952038,5,0,off,0,0,0.0,0.0,0.0,0.3095527840638532,1.234768859340809,0.3710159239624626,0.3375740370268467,0.6537887840820474,0.0,0.5813400776952038,0.5813400776952038
hrl,multi,0,weighted_cka,0,724,3.046700557841023,242.0,0.7031344175338745,0.7007130980491638,1,0.0,0.6093401115682047,5,0,off,0,0,0.0,0.0,0.0,0.3428602018116506,0.7643095227940938,0.4213813880556262,0.3151877690629698,1.2029616761166833,0.0,0.6093401115682047,0.6093401115682047
hrl,multi,0,weighted_cka,0,725,2.9159229639086393,273.0,0.7047343254089355,0.7004541754722595,1,0.0,0.5831845927817279,5,0,off,0,0,0.0,0.0,0.0,0.4018999517597256,1.259206059373915,0.42943465813691717,0.35935988966282445,0.4660224049752576,0.0,0.5831845927817279,0.5831845927817279
hrl,multi,0,weighted_cka,0,726,3.0174429587212495,242.0,0.7033344507217407,0.7011318802833557,1,0.0,0.60348859174425,5,0,off,0,0,0.0,0.0,0.0,0.30404818938826783,1.2212631294699383,0.4240256122522986,0.4720786878170037,0.5960273397937416,0.0,0.60348859174425,0.60348859174425
hrl,multi,0,weighted_cka,0,727,3.0142620691566977,241.0,0.703564465045929,0.7008399367332458,1,0.0,0.6028524138313396,5,0,off,0,0,0.0,0.0,0.0,0.3269849362357926,1.2138694009720346,0.5662223410250152,0.333603103158748,0.5735822877651079,0.0,0.6028524138313396,0.6028524138313396
hrl,multi,0,weighted_cka,0,728,2.9694114744698368,259.0,0.7029193639755249,0.7003079652786255,1,0.0,0.5938822948939675,5,0,off,0,0,0.0,0.0,0.0,0.4039722559251821,1.2269377487832678,0.4347431467310524,0.40953636455817455,0.49422195847216044,0.0,0.5938822948939675,0.5938822948939675
hrl,multi,0,weighted_cka,0,729,2.9863682169320587,255.0,0.704210638999939,0.7011192440986633,1,0.0,0.5972736433864118,5,0,off,0,0,0.0,0.0,0.0,0.44054267867747676,1.272213278844021,0.40429383966652666,0.3462942639503234,0.5230241557937113,0.0,0.5972736433864118,0.5972736433864118
hrl,multi,0,weighted_cka,0,730,2.9294163844524723,269.0,0.7024508714675903,0.7013443112373352,1,0.0,0.5858832768904945,5,0,off,0,0,0.0,0.0,0.0,0.425927203143481,1.2773393609342163,0.36054887823062004,0.3112381255982763,0.5543628165458793,0.0,0.5858832768904945,0.5858832768904945
hrl,multi,0,weighted_cka,0,731,2.3947630625042606,300.0,0.7005187273025513,0.6935381293296814,0,0.0,0.4789526125008522,5,0,off,0,0,0.0,0.0,0.0,0.3733257296485825,1.1492690720297394,0.3554752068162197,0.4334415449522747,0.08325150905744483,0.0,0.4789526125008522,0.4789526125008522
hrl,multi,0,weighted_cka,0,732,3.018195122039381,249.0,0.7040821313858032,0.7029094099998474,1,0.0,0.6036390244078762,5,0,off,0,0,0.0,0.0,0.0,0.29355512059852473,1.2207118748957289,0.43462691363878536,0.5370313808631325,0.5322698320432099,0.0,0.6036390244078762,0.6036390244078762
hrl,multi,0,weighted_cka,0,733,3.0799877426113804,233.0,0.7026246190071106,0.7000767588615417,1,0.0,0.6159975485222762,5,0,off,0,0,0.0,0.0,0.0,0.408894608481787,1.2731655927309764,0.43991981472168107,0.3548632823994266,0.6031444442775099,0.0,0.6159975485222762,0.6159975485222762
hrl,multi,0,weighted_cka,0,734,3.072969040581156,237.0,0.7026836276054382,0.7000423669815063,1,0.0,0.6145938081162313,5,0,off,0,0,0.0,0.0,0.0,0.4715384011883287,0.6647528798021375,0.3980416000830009,0.3874704510276496,1.1511657084800397,0.0,0.6145938081162313,0.6145938081162313
hrl,multi,0,weighted_cka,0,735,2.896306250483029,275.0,0.7040891647338867,0.7008200883865356,1,0.0,0.579261250096606,5,0,off,0,0,0.0,0.0,0.0,0.37985618475847865,0.7599580020150168,0.325735583951231,0.3168519469616002,1.113904532796703,0.0,0.579261250096606,0.579261250096606
hrl,multi,0,weighted_cka,0,736,3.0201094757568194,249.0,0.7047847509384155,0.7019820213317871,1,0.0,0.6040218951513641,5,0,off,0,0,0.0,0.0,0.0,0.28595480836741616,0.6968183213584124,0.5023994406433775,0.3666754191553336,1.1682614862322804,0.0,0.6040218951513641,0.6040218951513641
hrl,multi,0,weighted_cka,0,737,2.9730308141564588,256.0,0.7033771276473999,0.7007989287376404,1,0.0,0.5946061628312919,5,0,off,0,0,0.0,0.0,0.0,0.26323193287011226,1.185498056697659,0.5729861547746694,0.4317172477972343,0.5195974220167844,0.0,0.5946061628312919,0.5946061628312919
hrl,multi,0,weighted_cka,0,738,2.8955347374573943,279.0,0.7025662660598755,0.7011104226112366,1,0.0,0.5791069474914791,5,0,off,0,0,0.0,0.0,0.0,0.3442714998039882,0.7273704975107683,0.39162182508036486,0.3540769616650558,1.0781939533972178,0.0,0.5791069474914791,0.5791069474914791
hrl,multi,0,weighted_cka,0,739,2.9065136492756123,277.0,0.7032913565635681,0.7003056406974792,1,0.0,0.5813027298551225,5,0,off,0,0,0.0,0.0,0.0,0.2954107579868286,1.1885934497360138,0.5545798422726801,0.42004753095944747,0.4478820683206429,0.0,0.5813027298551225,0.5813027298551225
hrl,multi,0,weighted_cka,0,740,2.9358465127396034,271.0,0.7050739526748657,0.7026640176773071,1,0.0,0.5871693025479208,5,0,off,0,0,0.0,0.0,0.0,0.33001255868916624,1.2629046679637392,0.46542447308264656,0.3613495748250279,0.5161552381790241,0.0,0.5871693025479208,0.5871693025479208
hrl,multi,0,weighted_cka,0,741,3.021415548858857,245.0,0.7046534419059753,0.7001349925994873,1,0.0,0.6042831097717716,5,0,off,0,0,0.0,0.0,0.0,0.3250791403218172,1.2363395451260728,0.5100923359952866,0.3818175522758828,0.5680869751397984,0.0,0.6042831097717716,0.6042831097717716
hrl,multi,0,weighted_cka,0,742,2.977441937211172,254.0,0.7022037506103516,0.7005389332771301,1,0.0,0.5954883874422345,5,0,off,0,0,0.0,0.0,0.0,0.3913375544666777,1.2791734435688702,0.3789722755323163,0.33903997791241264,0.5889186857308958,0.0,0.5954883874422345,0.5954883874422345
hrl,multi,0,weighted_cka,0,743,2.8973733764046323,274.0,0.70384681224823,0.7004176378250122,1,0.0,0.5794746752809266,5,0,off,0,0,0.0,0.0,0.0,0.3416412262236698,1.173976671052165,0.5067638473287223,0.27717133952653955,0.5978202922735362,0.0,0.5794746752809266,0.5794746752809266
hrl,multi,0,weighted_cka,0,744,2.826925148196878,291.0,0.7037777900695801,0.7008981108665466,1,0.0,0.5653850296393756,5,0,off,0,0,0.0,0.0,0.0,0.3203466823459602,1.275601453754585,0.4311041667747776,0.18494768613193877,0.6149251591896171,0.0,0.5653850296393756,0.5653850296393756
hrl,multi,0,weighted_cka,0,745,3.0528755007645874,239.0,0.7038346529006958,0.7005053758621216,1,0.0,0.6105751001529176,5,0,off,0,0,0.0,0.0,0.0,0.3405178351043723,1.18613586081285,0.3944841661574318,0.3502557155768226,0.7814819231131113,0.0,0.6105751001529176,0.6105751001529176
hrl,multi,0,weighted_cka,0,746,3.0086786196180606,249.0,0.7035488486289978,0.7001026272773743,1,0.0,0.6017357239236121,5,0,off,0,0,0.0,0.0,0.0,0.44323597232438605,1.2641504227807743,0.40692991415038693,0.29979197136918073,0.5945703389933331,0.0,0.6017357239236121,0.6017357239236121
hrl,multi,0,weighted_cka,0,747,2.929545755165162,270.0,0.7022585868835449,0.7002087831497192,1,0.0,0.5859091510330325,5,0,off,0,0,0.0,0.0,0.0,0.3161832169108092,1.2773301203362641,0.3977752440539188,0.45047846571961403,0.4877787081445565,0.0,0.5859091510330325,0.5859091510330325
hrl,multi,0,weighted_cka,0,748,2.9886211231375914,262.0,0.7027661204338074,0.7001692652702332,1,0.0,0.5977242246275184,5,0,off,0,0,0.0,0.0,0.0,0.34756989922095083,1.2778404391417277,0.3826081808435264,0.32338905531534684,0.6572135486160403,0.0,0.5977242246275184,0.5977242246275184
hrl,multi,0,weighted_cka,0,749,3.054092546272876,240.0,0.703190267086029,0.7002222537994385,1,0.0,0.6108185092545753,5,0,off,0,0,0.0,0.0,0.0,0.376206530672498,1.2565955841997636,0.3581919556329957,0.42448989960397,0.6386085761636494,0.0,0.6108185092545753,0.6108185092545753
hrl,multi,0,weighted_cka,0,750,3.069166020208794,235.0,0.702998697757721,0.7000454068183899,1,0.0,0.6138332040417589,5,0,off,0,0,0.0,0.0,0.0,0.35946368049524596,0.6381248965444973,0.5562419974226503,0.4114975482007429,1.1038378975456578,0.0,0.6138332040417589,0.6138332040417589
hrl,multi,0,weighted_cka,0,751,2.414369956512381,300.0,0.6989042162895203,0.6742263436317444,0,0.0,0.4828739913024763,5,0,off,0,0,0.0,0.0,0.0,0.33927211342612273,1.2182039333246646,0.4303767050197346,0.35864654109301036,0.0678706636488493,0.0,0.4828739913024763,0.4828739913024763
hrl,multi,0,weighted_cka,0,752,3.041689508879905,243.0,0.7034491300582886,0.7022552490234375,1,0.0,0.6083379017759811,5,0,off,0,0,0.0,0.0,0.0,0.348424856295227,0.6503827767912297,0.4099272974373306,0.5875781186628154,1.045376459693303,0.0,0.6083379017759811,0.6083379017759811
hrl,multi,0,weighted_cka,0,753,2.981127968592015,258.0,0.7030450701713562,0.7005267143249512,1,0.0,0.5962255937184031,5,0,off,0,0,0.0,0.0,0.0,0.3035866754190064,0.698392445555888,0.48107768182875577,0.366173206296662,1.1318979594917034,0.0,0.5962255937184031,0.5962255937184031
hrl,multi,0,weighted_cka,0,754,3.087827942176939,229.0,0.7033991813659668,0.7015155553817749,1,0.0,0.6175655884353879,5,0,off,0,0,0.0,0.0,0.0,0.2695354218133288,1.281350001659244,0.4777081472198478,0.357317453061958,0.701916918422561,0.0,0.6175655884353879,0.6175655884353879
hrl,multi,0,weighted_cka,0,755,2.990702130549588,255.0,0.7036248445510864,0.7006350755691528,1,0.0,0.5981404261099176,5,0,off,0,0,0.0,0.0,0.0,0.39909745383495443,1.2657636385997755,0.3748183830899651,0.38255050528212625,0.568472149742767,0.0,0.5981404261099176,0.5981404261099176
hrl,multi,0,weighted_cka,0,756,3.039327370360143,242.0,0.7024122476577759,0.7001162767410278,1,0.0,0.6078654740720287,5,0,off,0,0,0.0,0.0,0.0,0.35460096845915534,1.2392412953199816,0.507729880528408,0.39474665613309473,0.5430085699195041,0.0,0.6078654740720287,0.6078654740720287
hrl,multi,0,weighted_cka,0,757,3.0396395437386805,246.0,0.703997015953064,0.7023488879203796,1,0.0,0.6079279087477362,5,0,off,0,0,0.0,0.0,0.0,0.3918157003852538,1.2656180736809035,0.38255458201258435,0.41658792330301353,0.5830632643569259,0.0,0.6079279087477362,0.6079279087477362
hrl,multi,0,weighted_cka,0,758,2.975947257153223,259.0,0.7047207951545715,0.7023488879203796,1,0.0,0.5951894514306447,5,0,off,0,0,0.0,0.0,0.0,0.3354389975499361,1.252129382916726,0.48651921014371313,0.3411530171495396,0.5607066493933087,0.0,0.5951894514306447,0.5951894514306447
hrl,multi,0,weighted_cka,0,759,2.9974031310200067,253.0,0.7037050724029541,0.7018601298332214,1,0.0,0.5994806262040014,5,0,off,0,0,0.0,0.0,0.0,0.3201722126635722,0.5625584042989648,0.448805703325197,0.9709415283629058,0.6949252823693676,0.0,0.5994806262040014,0.5994806262040014
hrl,multi,0,weighted_cka,0,760,2.3447423505989704,300.0,0.6596139669418335,0.4905910789966583,0,0.0,0.46894847011979407,5,0,off,0,0,0.0,0.0,0.0,0.4492461682664578,1.2796329694194717,0.42455186595302064,0.3260157504535745,-0.1347044034935538,0.0,0.46894847011979407,0.46894847011979407
hrl,multi,0,weighted_cka,0,761,3.049199059594625,241.0,0.7038401365280151,0.7015604972839355,1,0.0,0.609839811918925,5,0,off,0,0,0.0,0.0,0.0,0.4457765958607195,1.2422947288881985,0.44913255984242995,0.32878726273422937,0.5832079122690482,0.0,0.609839811918925,0.609839811918925
hrl,multi,0,weighted_cka,0,762,2.8346171012383987,295.0,0.7045317888259888,0.7014463543891907,1,0.0,0.5669234202476798,5,0,off,0,0,0.0,0.0,0.0,0.2700152543958392,1.2280503263194111,0.4682865116852334,0.3438471883852034,0.5244178204527122,0.0,0.5669234202476798,0.5669234202476798
hrl,multi,0,weighted_cka,0,763,3.04438424304921,239.0,0.7046139240264893,0.7013745903968811,1,0.0,0.6088768486098421,5,0,off,0,0,0.0,0.0,0.0,0.3234980937289655,1.2258864413481203,0.46235326237324614,0.4575870631052711,0.5750593824936076,0.0,0.6088768486098421,0.6088768486098421
hrl,multi,0,weighted_cka,0,764,2.394613960485593,300.0,0.6987479329109192,0.6811646819114685,0,0.0,0.4789227920971187,5,0,off,0,0,0.0,0.0,0.0,0.44728611767812965,1.2753085736585779,0.2918529667244292,0.39899016722490516,-0.01882386480044835,0.0,0.4789227920971187,0.4789227920971187
hrl,multi,0,weighted_cka,0,765,2.961236426132435,260.0,0.7030190825462341,0.7012618780136108,1,0.0,0.5922472852264871,5,0,off,0,0,0.0,0.0,0.0,0.3457737359274178,1.2596932636229319,0.3430212541446089,0.4407839401398631,0.5719642322976141,0.0,0.5922472852264871,0.5922472852264871
hrl,multi,0,weighted_cka,0,766,2.98460736548435,253.0,0.7040241956710815,0.7017096281051636,1,0.0,0.59692147309687,5,0,off,0,0,0.0,0.0,0.0,0.24051167924073513,1.280945562010165,0.4565956492568365,0.30175753742153927,0.7047969375550746,0.0,0.59692147309687,0.59692147309687
hrl,multi,0,weighted_cka,0,767,2.954133999324635,261.0,0.7048201560974121,0.70266193151474,1,0.0,0.5908267998649271,5,0,off,0,0,0.0,0.0,0.0,0.28058754085516546,1.2445314657529813,0.3899856905066407,0.42792190300323985,0.6111073992066084,0.0,0.5908267998649271,0.5908267998649271
hrl,multi,0,weighted_cka,0,768,3.058814084728109,235.0,0.7029866576194763,0.7018387913703918,1,0.0,0.6117628169456218,5,0,off,0,0,0.0,0.0,0.0,0.30085697127867017,1.2268903305954297,0.557508215620648,0.39104987012872144,0.5825086971046401,0.0,0.6117628169456218,0.6117628169456218
hrl,multi,0,weighted_cka,0,769,3.0288791772377577,245.0,0.7045377492904663,0.7029982209205627,1,0.0,0.6057758354475515,5,0,off,0,0,0.0,0.0,0.0,0.4320454217940567,1.2714790193103251,0.4008270408469251,0.3383417148812586,0.5861859804051927,0.0,0.6057758354475515,0.6057758354475515
hrl,multi,0,weighted_cka,0,770,2.9787495710678327,261.0,0.7038508653640747,0.7002977132797241,1,0.0,0.5957499142135666,5,0,off,0,0,0.0,0.0,0.0,0.30643392543401565,1.2419565723398698,0.41751199821056784,0.440616772987967,0.572230302095413,0.0,0.5957499142135666,0.5957499142135666
hrl,multi,0,weighted_cka,0,771,2.9816133084136514,255.0,0.7039467096328735,0.7011818885803223,1,0.0,0.5963226616827304,5,0,off,0,0,0.0,0.0,0.0,0.3933572324714622,1.2471478989589957,0.37607714427867894,0.39930227791494677,0.5657287547895683,0.0,0.5963226616827304,0.5963226616827304
hrl,multi,0,weighted_cka,0,772,2.3831702645278696,300.0,0.6978183388710022,0.6719324588775635,0,0.0,0.47663405290557403,5,0,off,0,0,0.0,0.0,0.0,0.2910763473585247,1.2631761087076736,0.5171086942082473,0.37104280154546715,-0.05923368729204263,0.0,0.47663405290557403,0.47663405290557403
hrl,multi,0,weighted_cka,0,773,2.8343504254115963,299.0,0.7026548385620117,0.7004257440567017,1,0.0,0.5668700850823194,5,0,off,0,0,0.0,0.0,0.0,0.33914699617540456,1.266921685555484,0.33832420997240104,0.47664389249542716,0.41331364121288044,0.0,0.5668700850823194,0.5668700850823194
hrl,multi,0,weighted_cka,0,774,3.0734492631889867,232.0,0.7019921541213989,0.7001441717147827,1,0.0,0.6146898526377974,5,0,off,0,0,0.0,0.0,0.0,0.31063881560973816,1.280265199379064,0.4545651202299631,0.36326352933375156,0.6647165986364706,0.0,0.6146898526377974,0.6146898526377974
hrl,multi,0,weighted_cka,0,775,3.0741899254123988,233.0,0.7047462463378906,0.7023488879203796,1,0.0,0.6148379850824799,5,0,off,0,0,0.0,0.0,0.0,0.35981548291654325,1.2699744914243927,0.3764504958740435,0.4467547880108321,0.6211946671865879,0.0,0.6148379850824799,0.6148379850824799
hrl,multi,0,weighted_cka,0,776,2.3839446978658074,300.0,0.6886568069458008,0.6325674653053284,0,0.0,0.4767889395731616,5,0,off,0,0,0.0,0.0,0.0,0.2842064302698126,1.2284518375070763,0.36256219664588557,0.37043305352528105,0.13829117991775242,0.0,0.4767889395731616,0.4767889395731616
hrl,multi,0,weighted_cka,0,777,3.0488556628109387,242.0,0.7042562961578369,0.7016761898994446,1,0.0,0.6097711325621878,5,0,off,0,0,0.0,0.0,0.0,0.33376691817399107,1.1745996017986906,0.6162639036115724,0.35502404460878817,0.5692011946178971,0.0,0.6097711325621878,0.6097711325621878
hrl,multi,0,weighted_cka,0,778,2.936790824586146,266.0,0.704668402671814,0.7019175887107849,1,0.0,0.5873581649172293,5,0,off,0,0,0.0,0.0,0.0,0.2844854271337389,1.2686376906903458,0.4570006972583941,0.4611388095299188,0.4655281999737487,0.0,0.5873581649172293,0.5873581649172293
hrl,multi,0,weighted_cka,0,779,2.3911531040515897,300.0,0.6879829168319702,0.6239897012710571,0,0.0,0.4782306208103179,5,0,off,0,0,0.0,0.0,0.0,0.45085617695655655,1.2515135362292638,0.4409312264595645,0.28875661525057134,-0.04090445084436606,0.0,0.4782306208103179,0.4782306208103179
hrl,multi,0,weighted_cka,0,780,3.0246679988918754,254.0,0.7031491994857788,0.7012029886245728,1,0.0,0.6049335997783751,5,0,off,0,0,0.0,0.0,0.0,0.3611263782240275,1.2987361568929625,0.4851471020071766,0.3391867025101673,0.5404716592575421,0.0,0.6049335997783751,0.6049335997783751
hrl,multi,0,weighted_cka,0,781,3.049946464520907,240.0,0.7038549184799194,0.701399028301239,1,0.0,0.6099892929041815,5,0,off,0,0,0.0,0.0,0.0,0.30108478567749253,1.2633562823026439,0.38707141912123183,0.48085223576429403,0.6175817416552453,0.0,0.6099892929041815,0.6099892929041815
hrl,multi,0,weighted_cka,0,782,3.035371710568898,242.0,0.7040317058563232,0.7008590698242188,1,0.0,0.6070743421137796,5,0,off,0,0,0.0,0.0,0.0,0.40338222764991205,1.2729532068297265,0.44322252316446964,0.3566485983186866,0.5591651546061037,0.0,0.6070743421137796,0.6070743421137796
hrl,multi,0,weighted_cka,0,783,2.9484899976217407,266.0,0.7034384608268738,0.7017378807067871,1,0.0,0.5896979995243481,5,0,off,0,0,0.0,0.0,0.0,0.41460353000299055,1.2259438888290894,0.36200107957655553,0.3032382295274873,0.6427032696856184,0.0,0.5896979995243481,0.5896979995243481
hrl,multi,0,weighted_cka,0,784,3.0680481137555713,231.0,0.7031184434890747,0.7004725337028503,1,0.0,0.6136096227511143,5,0,off,0,0,0.0,0.0,0.0,0.4242652868356088,1.2521938434466717,0.41279954034974786,0.5044702899803523,0.47431915314319106,0.0,0.6136096227511143,0.6136096227511143
hrl,multi,0,weighted_cka,0,785,2.241960738525812,300.0,0.633194625377655,0.35676610469818115,0,0.0,0.44839214770516234,5,0,off,0,0,0.0,0.0,0.0,0.4697778953872037,1.2539330076547337,0.31904259307635935,0.34757445719154195,-0.1483672147840264,0.0,0.44839214770516234,0.44839214770516234
hrl,multi,0,weighted_cka,0,786,3.0947349046892474,230.0,0.7045039534568787,0.7007651925086975,1,0.0,0.6189469809378496,5,0,off,0,0,0.0,0.0,0.0,0.30641988127306097,1.2587263732263816,0.558523682666011,0.37125865713180967,0.5998063103919847,0.0,0.6189469809378496,0.6189469809378496
hrl,multi,0,weighted_cka,0,787,3.022299700264643,251.0,0.7040243148803711,0.7000254988670349,1,0.0,0.6044599400529286,5,0,off,0,0,0.0,0.0,0.0,0.42773760991718135,1.2854275418184695,0.4517955893748439,0.3376253376672393,0.5197136214869095,0.0,0.6044599400529286,0.6044599400529286
hrl,multi,0,weighted_cka,0,788,3.0435612231768014,240.0,0.7048321962356567,0.7038379907608032,1,0.0,0.6087122446353603,5,0,off,0,0,0.0,0.0,0.0,0.27972985980380316,1.243554211917333,0.5898943934803828,0.31398486497675177,0.6163978929985313,0.0,0.6087122446353603,0.6087122446353603
hrl,multi,0,weighted_cka,0,789,3.04814558137398,243.0,0.7039933204650879,0.7017084956169128,1,0.0,0.6096291162747961,5,0,off,0,0,0.0,0.0,0.0,0.3128360949907145,1.2479993853643534,0.5174417117591946,0.3739411882959975,0.5959272009637205,0.0,0.6096291162747961,0.6096291162747961
hrl,multi,0,weighted_cka,0,790,3.0478600482322205,238.0,0.703316330909729,0.7013930082321167,1,0.0,0.6095720096464442,5,0,off,0,0,0.0,0.0,0.0,0.4034684978402218,1.2688441029721869,0.4049398634447715,0.39642283958531327,0.5741847443897276,0.0,0.6095720096464442,0.6095720096464442
hrl,multi,0,weighted_cka,0,791,3.0479590316167147,236.0,0.7031061053276062,0.7001349925994873,1,0.0,0.609591806323343,5,0,off,0,0,0.0,0.0,0.0,0.3787995034432969,1.277514683208428,0.4173380491188726,0.3441152837331464,0.6301915121129712,0.0,0.609591806323343,0.609591806323343
hrl,multi,0,weighted_cka,0,792,2.831547483998582,295.0,0.703727126121521,0.7004169225692749,1,0.0,0.5663094967997165,5,0,off,0,0,0.0,0.0,0.0,0.3672656596695305,1.2611844200571065,0.32091489973524573,0.32870074340107375,0.5534817611356263,0.0,0.5663094967997165,0.5663094967997165
hrl,multi,0,weighted_cka,0,793,2.8642818469793987,283.0,0.7039510607719421,0.7010211944580078,1,0.0,0.5728563693958798,5,0,off,0,0,0.0,0.0,0.0,0.27305905446677925,1.2558808653512967,0.3190658371052703,0.46008799042028825,0.5561880996357648,0.0,0.5728563693958798,0.5728563693958798
hrl,multi,0,weighted_cka,0,794,2.961789702511624,262.0,0.7038606405258179,0.7024832963943481,1,0.0,0.5923579405023249,5,0,off,0,0,0.0,0.0,0.0,0.7798830850513184,0.8270488475104792,0.4099631088203749,0.37088056343747294,0.5740140976919791,0.0,0.5923579405023249,0.5923579405023249
hrl,multi,0,weighted_cka,0,795,3.052719262118934,240.0,0.7030465602874756,0.7004624009132385,1,0.0,0.6105438524237868,5,0,off,0,0,0.0,0.0,0.0,0.32836037651309735,1.2654699689839033,0.4295545110350939,0.43174764850248526,0.5975867570843546,0.0,0.6105438524237868,0.6105438524237868
hrl,multi,0,weighted_cka,0,796,2.378928861270559,300.0,0.6800272464752197,0.5880785584449768,0,0.0,0.4757857722541119,5,0,off,0,0,0.0,0.0,0.0,0.26268144371447844,1.2599022954208774,0.35740158955473444,0.4730823322437644,0.025861200336704922,0.0,0.4757857722541119,0.4757857722541119
hrl,multi,0,weighted_cka,0,797,2.8553256287648168,291.0,0.7037903666496277,0.7027174830436707,1,0.0,0.5710651257529634,5,0,off,0,0,0.0,0.0,0.0,0.29981570246443145,1.223864801764488,0.3335250690795945,0.4043988849647648,0.5937211704915387,0.0,0.5710651257529634,0.5710651257529634
hrl,multi,0,weighted_cka,0,798,3.0611438829808018,233.0,0.7055427432060242,0.7034162282943726,1,0.0,0.6122287765961605,5,0,off,0,0,0.0,0.0,0.0,0.30782862778357223,1.2622803738159125,0.5409987894175573,0.3981764064216985,0.5518596855420618,0.0,0.6122287765961605,0.6122287765961605
hrl,multi,0,weighted_cka,0,799,2.8383937292102295,292.0,0.7046712040901184,0.7035430669784546,1,0.0,0.567678745842046,5,0,off,0,0,0.0,0.0,0.0,0.30856210550270036,1.1947669641696845,0.3932471547926541,0.3669922940854266,0.5748252106597646,0.0,0.567678745842046,0.567678745842046
hrl,multi,0,weighted_cka,0,800,3.0952031667684192,231.0,0.703405499458313,0.7005265951156616,1,0.0,0.6190406333536839,5,0,off,0,0,0.0,0.0,0.0,0.44729159144451824,1.284412193501368,0.3508880204895976,0.39222974610677913,0.6203816152261569,0.0,0.6190406333536839,0.6190406333536839
hrl,multi,0,weighted_cka,0,801,2.3824941333317824,300.0,0.6957127451896667,0.670244574546814,0,0.0,0.47649882666635657,5,0,off,0,0,0.0,0.0,0.0,0.2916773403430415,1.2659810474235562,0.385583802494686,0.4545169857759027,-0.015265042705403496,0.0,0.47649882666635657,0.47649882666635657
hrl,multi,0,weighted_cka,0,802,3.080567260159091,231.0,0.7038128972053528,0.7017596960067749,1,0.0,0.6161134520318182,5,0,off,0,0,0.0,0.0,0.0,0.43079559438582493,1.2741074820915235,0.4611040256200357,0.3175977627899555,0.5969623952717519,0.0,0.6161134520318182,0.6161134520318182
hrl,multi,0,weighted_cka,0,803,3.0697165615823456,237.0,0.7040685415267944,0.7003609538078308,1,0.0,0.6139433123164691,5,0,off,0,0,0.0,0.0,0.0,0.4697380775312775,1.2774966514646073,0.3983583022633101,0.3725108801708556,0.5516126501522957,0.0,0.6139433123164691,0.6139433123164691
hrl,multi,0,weighted_cka,0,804,2.3409208917986675,300.0,0.6689361333847046,0.5334168672561646,0,0.0,0.4681841783597336,5,0,off,0,0,0.0,0.0,0.0,0.320980533709051,1.266859249833971,0.38072961662663135,0.3390063491900072,0.03334514243900756,0.0,0.4681841783597336,0.4681841783597336
hrl,multi,0,weighted_cka,0,805,3.067351071165524,234.0,0.7039949893951416,0.7010226249694824,1,0.0,0.6134702142331049,5,0,off,0,0,0.0,0.0,0.0,0.40049923527974157,1.2631528496677054,0.42767559313308434,0.3741348149322438,0.6018885781527495,0.0,0.6134702142331049,0.6134702142331049
hrl,multi,0,weighted_cka,0,806,3.0803374895120856,232.0,0.7033634185791016,0.7008943557739258,1,0.0,0.6160674979024171,5,0,off,0,0,0.0,0.0,0.0,0.4421906201974487,1.276041798376478,0.37884327434469006,0.40360124448946577,0.5796605521040036,0.0,0.6160674979024171,0.6160674979024171
hrl,multi,0,weighted_cka,0,807,2.9384527974672223,268.0,0.7038652896881104,0.7005000710487366,1,0.0,0.5876905594934445,5,0,off,0,0,0.0,0.0,0.0,0.420861586373532,1.2769750704420728,0.3201512789905536,0.33081970849270864,0.5896451531683559,0.0,0.5876905594934445,0.5876905594934445
hrl,multi,0,weighted_cka,0,808,2.980533057250416,254.0,0.7034128904342651,0.7003171443939209,1,0.0,0.5961066114500833,5,0,off,0,0,0.0,0.0,0.0,0.3214893812220543,1.2676576988706363,0.3733338202587328,0.4692684845708862,0.5487836723281069,0.0,0.5961066114500833,0.5961066114500833
hrl,multi,0,weighted_cka,0,809,2.387018966694505,300.0,0.6944053173065186,0.6578968167304993,0,0.0,0.47740379333890115,5,0,off,0,0,0.0,0.0,0.0,0.3455637722902465,1.2556551151489836,0.41998081694287237,0.3089628145750611,0.05685644773734211,0.0,0.47740379333890115,0.47740379333890115
hrl,multi,0,weighted_cka,0,810,2.997348056366622,251.0,0.7038981914520264,0.701170802116394,1,0.0,0.5994696112733244,5,0,off,0,0,0.0,0.0,0.0,0.4369937530788591,1.248630822765175,0.4441458018186967,0.34208980364511077,0.5254878750587811,0.0,0.5994696112733244,0.5994696112733244
hrl,multi,0,weighted_cka,0,811,3.007233336785341,249.0,0.7028467655181885,0.7011174559593201,1,0.0,0.6014466673570683,5,0,off,0,0,0.0,0.0,0.0,0.3352179848691448,1.2745071379560975,0.4771684846528804,0.33894422534294416,0.581395503964275,0.0,0.6014466673570683,0.6014466673570683
hrl,multi,0,weighted_cka,0,812,3.0570446610855857,239.0,0.7033959031105042,0.700533390045166,1,0.0,0.6114089322171172,5,0,off,0,0,0.0,0.0,0.0,0.3654348824620246,1.194729736623354,0.3986021162923425,0.5179669336241203,0.5803109920837449,0.0,0.6114089322171172,0.6114089322171172
hrl,multi,0,weighted_cka,0,813,3.0314184100865664,246.0,0.7034661769866943,0.7020412087440491,1,0.0,0.6062836820173133,5,0,off,0,0,0.0,0.0,0.0,0.4280349965197964,1.2848746371152808,0.3876001998898572,0.31797051120040115,0.6129380653612314,0.0,0.6062836820173133,0.6062836820173133
hrl,multi,0,weighted_cka,0,814,3.0121023273212564,244.0,0.7032288312911987,0.7004148364067078,1,0.0,0.6024204654642513,5,0,off,0,0,0.0,0.0,0.0,0.3645144895977081,1.290933999707922,0.4066131106419487,0.3401190846743993,0.6099216426992787,0.0,0.6024204654642513,0.6024204654642513
hrl,multi,0,weighted_cka,0,815,3.010334427030101,250.0,0.7039182186126709,0.7007843255996704,1,0.0,0.6020668854060203,5,0,off,0,0,0.0,0.0,0.0,0.31227217059936074,1.2791663976786656,0.4360819713422096,0.42253814544901236,0.5602757419608532,0.0,0.6020668854060203,0.6020668854060203
hrl,multi,0,weighted_cka,0,816,3.0718018210323486,235.0,0.7019246816635132,0.7002999782562256,1,0.0,0.6143603642064698,5,0,off,0,0,0.0,0.0,0.0,0.30959162812493735,1.2382509795227086,0.5842371720569207,0.3649901377198257,0.5747319036079569,0.0,0.6143603642064698,0.6143603642064698
hrl,multi,0,weighted_cka,0,817,2.9998649213101003,252.0,0.7048041224479675,0.7037301659584045,1,0.0,0.5999729842620202,5,0,off,0,0,0.0,0.0,0.0,0.31809526447672387,1.163721003772225,0.4214227125844917,0.539880643074517,0.5567452974021433,0.0,0.5999729842620202,0.5999729842620202
hrl,multi,0,weighted_cka,0,818,2.8595321664217903,286.0,0.7053188681602478,0.7035350799560547,1,0.0,0.5719064332843582,5,0,off,0,0,0.0,0.0,0.0,0.38556064475467416,1.2708150099897755,0.4541826182026415,0.4171165220190304,0.3318573714556694,0.0,0.5719064332843582,0.5719064332843582
hrl,multi,0,weighted_cka,0,819,2.862756329167633,287.0,0.7063635587692261,0.7055401802062988,1,0.0,0.5725512658335267,5,0,off,0,0,0.0,0.0,0.0,0.2536819180498131,1.2286399475614305,0.3897047616625204,0.35556462779128917,0.6351650741025804,0.0,0.5725512658335267,0.5725512658335267
hrl,multi,0,weighted_cka,0,820,3.032682388025684,243.0,0.7055026292800903,0.7042653560638428,1,0.0,0.6065364776051368,5,0,off,0,0,0.0,0.0,0.0,0.31461828916077494,1.2471429433180017,0.409779963311972,0.4879900318746221,0.5731511603603138,0.0,0.6065364776051368,0.6065364776051368
hrl,multi,0,weighted_cka,0,821,3.007488109092074,252.0,0.7025806903839111,0.7000627517700195,1,0.0,0.6014976218184149,5,0,off,0,0,0.0,0.0,0.0,0.35421007780404756,1.2265049340911207,0.375512839447474,0.37395901127819514,0.6773012464712372,0.0,0.6014976218184149,0.6014976218184149
hrl,multi,0,weighted_cka,0,822,3.076189599091186,237.0,0.7046605944633484,0.7015395760536194,1,0.0,0.6152379198182373,5,0,off,0,0,0.0,0.0,0.0,0.3804356871782801,1.2839848461141807,0.5006417221662122,0.2996513487205374,0.611475994911976,0.0,0.6152379198182373,0.6152379198182373
hrl,multi,0,weighted_cka,0,823,3.0171869231837323,248.0,0.7048116326332092,0.701706051826477,1,0.0,0.6034373846367466,5,0,off,0,0,0.0,0.0,0.0,0.30869629009068,1.2330791715071534,0.3976076264730654,0.475980504938634,0.6018233301742001,0.0,0.6034373846367466,0.6034373846367466
hrl,multi,0,weighted_cka,0,824,2.9507319363770352,264.0,0.7029451727867126,0.7007039189338684,1,0.0,0.5901463872754071,5,0,off,0,0,0.0,0.0,0.0,0.3035631266883574,1.277506142735481,0.5268255183752625,0.21073404411136273,0.6321031044665723,0.0,0.5901463872754071,0.5901463872754071
hrl,multi,0,weighted_cka,0,825,3.078981809165022,243.0,0.7019819617271423,0.7000277638435364,1,0.0,0.6157963618330045,5,0,off,0,0,0.0,0.0,0.0,0.31865117750782507,1.2608263513147828,0.42381809260044234,0.4762552859710266,0.5994309017709455,0.0,0.6157963618330045,0.6157963618330045
hrl,multi,0,weighted_cka,0,826,2.936375838153994,271.0,0.7028887271881104,0.7001690864562988,1,0.0,0.5872751676307989,5,0,off,0,0,0.0,0.0,0.0,0.371851775064133,1.2534373548976143,0.42296708864532395,0.31801757106231515,0.5701020484846083,0.0,0.5872751676307989,0.5872751676307989
hrl,multi,0,weighted_cka,0,827,2.399434916202516,300.0,0.6962127685546875,0.6666749715805054,0,0.0,0.4798869832405033,5,0,off,0,0,0.0,0.0,0.0,0.26689715043234163,1.2725847649518398,0.42784420289658,0.4462056803619051,-0.014096882440150015,0.0,0.4798869832405033,0.4798869832405033
hrl,multi,0,weighted_cka,0,828,3.023718150665102,244.0,0.7049393057823181,0.7021430730819702,1,0.0,0.6047436301330205,5,0,off,0,0,0.0,0.0,0.0,0.27769706737203514,1.2639030220424754,0.5026919924926477,0.37717634965676544,0.6022497191011787,0.0,0.6047436301330205,0.6047436301330205
hrl,multi,0,weighted_cka,0,829,2.9471734311026507,261.0,0.7033034563064575,0.7015678882598877,1,0.0,0.5894346862205302,5,0,off,0,0,0.0,0.0,0.0,0.3011444844254292,1.2590926320105789,0.38354241201048705,0.36176233371673144,0.6416315689394249,0.0,0.5894346862205302,0.5894346862205302
hrl,multi,0,weighted_cka,0,830,3.1148307322974675,225.0,0.7033397555351257,0.7002807855606079,1,0.0,0.6229661464594936,5,0,off,0,0,0.0,0.0,0.0,0.47279916231071895,1.2697134509189052,0.44327404666505743,0.3160395388865435,0.613004533516243,0.0,0.6229661464594936,0.6229661464594936
hrl,multi,0,weighted_cka,0,831,3.0685833677821925,235.0,0.7038105726242065,0.7023488879203796,1,0.0,0.6137166735564386,5,0,off,0,0,0.0,0.0,0.0,0.4618281784865538,1.2532728877118786,0.4245844599746632,0.3369443382332246,0.5919535033758728,0.0,0.6137166735564386,0.6137166735564386
hrl,multi,0,weighted_cka,0,832,3.05182203821717,242.0,0.7044771313667297,0.7007263898849487,1,0.0,0.610364407643434,5,0,off,0,0,0.0,0.0,0.0,0.3083016084651462,1.2471131049254907,0.45314983964595,0.4856766689172508,0.5575808162633328,0.0,0.610364407643434,0.610364407643434
hrl,multi,0,weighted_cka,0,833,3.034250862903659,241.0,0.7028146386146545,0.7001349925994873,1,0.0,0.6068501725807318,5,0,off,0,0,0.0,0.0,0.0,0.413817323785275,1.2480123680834656,0.47958082588552486,0.38401215811492867,0.5088281870344652,0.0,0.6068501725807318,0.6068501725807318
hrl,multi,0,weighted_cka,0,834,3.0601528868443553,234.0,0.7042967677116394,0.7023488879203796,1,0.0,0.6120305773688711,5,0,off,0,0,0.0,0.0,0.0,0.29160923834377894,1.2781833673333747,0.47330095890315704,0.44080258694849894,0.5762567353155462,0.0,0.6120305773688711,0.6120305773688711
hrl,multi,0,weighted_cka,0,835,3.0266281345706507,246.0,0.7050690650939941,0.702980101108551,1,0.0,0.6053256269141302,5,0,off,0,0,0.0,0.0,0.0,0.4579692919147199,1.267918644892983,0.3834121772027574,0.3403886632338253,0.5769393573263658,0.0,0.6053256269141302,0.6053256269141302
hrl,multi,0,weighted_cka,0,836,3.0364459845084917,242.0,0.7021745443344116,0.7001236081123352,1,0.0,0.6072891969016985,5,0,off,0,0,0.0,0.0,0.0,0.3212768297903239,1.2786715567745266,0.43934966876218084,0.34424986895348403,0.6528980602279769,0.0,0.6072891969016985,0.6072891969016985
hrl,multi,0,weighted_cka,0,837,3.0945876052564696,231.0,0.7042911648750305,0.7002817392349243,1,0.0,0.618917521051294,5,0,off,0,0,0.0,0.0,0.0,0.332958993803244,0.7545745079959741,0.45911684093112115,0.37135608131578185,1.176581181210349,0.0,0.618917521051294,0.618917521051294
hrl,multi,0,weighted_cka,0,838,2.8316584731399015,295.0,0.7031785249710083,0.7011496424674988,1,0.0,0.5663316946279804,5,0,off,0,0,0.0,0.0,0.0,0.30959380870991793,1.263775171142537,0.40181699545355504,0.36416669770516447,0.4923058001287278,0.0,0.5663316946279804,0.5663316946279804
hrl,multi,0,weighted_cka,0,839,3.0530050358258873,238.0,0.7031205296516418,0.7008172273635864,1,0.0,0.6106010071651775,5,0,off,0,0,0.0,0.0,0.0,0.3557017637274693,1.2307584514343177,0.542957311782753,0.3172514799982309,0.6063360288831171,0.0,0.6106010071651775,0.6106010071651775
hrl,multi,0,weighted_cka,0,840,3.128476719746132,227.0,0.7043461799621582,0.702678382396698,1,0.0,0.6256953439492265,5,0,off,0,0,0.0,0.0,0.0,0.37778631150256836,1.2918111495645714,0.4234573550149797,0.37376214000326574,0.6616597636607474,0.0,0.6256953439492265,0.6256953439492265
hrl,multi,0,weighted_cka,0,841,3.0708450772087077,234.0,0.7056518793106079,0.7039559483528137,1,0.0,0.6141690154417416,5,0,off,0,0,0.0,0.0,0.0,0.31887023009173565,0.7585575613165273,1.0091091232732867,0.3892156327464617,0.5950925297806969,0.0,0.6141690154417416,0.6141690154417416
hrl,multi,0,weighted_cka,0,842,3.033117892839828,242.0,0.7036179304122925,0.7001619935035706,1,0.0,0.6066235785679657,5,0,off,0,0,0.0,0.0,0.0,0.3880202100672757,1.2807472557853905,0.42311398852616533,0.33525561822054434,0.6059808202404527,0.0,0.6066235785679657,0.6066235785679657
hrl,multi,0,weighted_cka,0,843,3.08469053340447,233.0,0.7047106027603149,0.7000417113304138,1,0.0,0.6169381066808941,5,0,off,0,0,0.0,0.0,0.0,0.29675598056660957,1.2699433743809347,0.5350110483046154,0.38226918481616295,0.600710945336148,0.0,0.6169381066808941,0.6169381066808941
hrl,multi,0,weighted_cka,0,844,2.9023339902107095,277.0,0.7025490999221802,0.7000965476036072,1,0.0,0.5804667980421421,5,0,off,0,0,0.0,0.0,0.0,0.31085532284947104,1.2239555143222676,0.5043012181921075,0.26941093803921823,0.5938109968076458,0.0,0.5804667980421421,0.5804667980421421
hrl,multi,0,weighted_cka,0,845,3.091774976915053,231.0,0.7033684849739075,0.7001086473464966,1,0.0,0.6183549953830106,5,0,off,0,0,0.0,0.0,0.0,0.3968733817250467,1.2722317638355305,0.48272000504424784,0.33348740752490985,0.6064624187853186,0.0,0.6183549953830106,0.6183549953830106
hrl,multi,0,weighted_cka,0,846,3.0179697933052108,247.0,0.7033569812774658,0.7001349925994873,1,0.0,0.6035939586610422,5,0,off,0,0,0.0,0.0,0.0,0.4083297651324572,1.2617608576212076,0.4682873652600682,0.33035990108456453,0.5492319042069137,0.0,0.6035939586610422,0.6035939586610422
hrl,multi,0,weighted_cka,0,847,3.0298391866057632,246.0,0.7027117013931274,0.7004989385604858,1,0.0,0.6059678373211528,5,0,off,0,0,0.0,0.0,0.0,0.3190185479670762,1.2464496053569016,0.3973992532915435,0.4705587996274697,0.5964129803627728,0.0,0.6059678373211528,0.6059678373211528
hrl,multi,0,weighted_cka,0,848,2.9996088638030183,256.0,0.7054197192192078,0.7016101479530334,1,0.0,0.5999217727606038,5,0,off,0,0,0.0,0.0,0.0,0.35593543742340983,1.2725733076930044,0.43012729521328563,0.3065593789775593,0.6344134444957598,0.0,0.5999217727606038,0.5999217727606038
hrl,multi,0,weighted_cka,0,849,3.0493793236729676,239.0,0.7055360078811646,0.7017542719841003,1,0.0,0.6098758647345937,5,0,off,0,0,0.0,0.0,0.0,0.3029556438508443,1.2710388942752031,0.5285862612747586,0.36652353064110493,0.5802749936310573,0.0,0.6098758647345937,0.6098758647345937
hrl,multi,0,weighted_cka,0,850,3.0062218768859443,253.0,0.7043014764785767,0.7011476159095764,1,0.0,0.601244375377189,5,0,off,0,0,0.0,0.0,0.0,0.2800232041794805,1.2698148189783094,0.41280736423144104,0.42949762943081427,0.6140788600658996,0.0,0.601244375377189,0.601244375377189
hrl,multi,0,weighted_cka,0,851,3.097736528657734,227.0,0.7027313113212585,0.7000605463981628,1,0.0,0.6195473057315468,5,0,off,0,0,0.0,0.0,0.0,0.40659096432389913,1.2773807323630897,0.4488546616262755,0.34776167535579033,0.6171484949886797,0.0,0.6195473057315468,0.6195473057315468
hrl,multi,0,weighted_cka,0,852,2.0923322288494077,300.0,0.6061488389968872,0.21843372285366058,0,0.0,0.4184664457698816,5,0,off,0,0,0.0,0.0,0.0,0.31699012801796195,1.1934192503076044,0.37724583110003723,0.5112748107062651,-0.3065977912824604,0.0,0.4184664457698816,0.4184664457698816
hrl,multi,0,weighted_cka,0,853,2.202450392453464,300.0,0.6187446713447571,0.28117215633392334,0,0.0,0.44049007849069294,5,0,off,0,0,0.0,0.0,0.0,0.35654028613306576,1.263983104666229,0.40270745362434524,0.45586020102165625,-0.27664065299183166,0.0,0.44049007849069294,0.44049007849069294
hrl,multi,0,weighted_cka,0,854,2.407473866407962,300.0,0.7006787061691284,0.6966814994812012,0,0.0,0.48149477328159246,5,0,off,0,0,0.0,0.0,0.0,0.31865459379879746,1.2439027447840196,0.4456709277927874,0.3438937758183164,0.05535182421404139,0.0,0.48149477328159246,0.48149477328159246
hrl,multi,0,weighted_cka,0,855,2.416193500767257,300.0,0.7001298666000366,0.6888086795806885,0,0.0,0.48323870015345144,5,0,off,0,0,0.0,0.0,0.0,0.32544172927099857,1.2609108996391294,0.41090527430595813,0.43716862473275964,-0.018233027181588424,0.0,0.48323870015345144,0.48323870015345144
hrl,multi,0,weighted_cka,0,856,3.0757959538628334,235.0,0.7057267427444458,0.7039064168930054,1,0.0,0.6151591907725669,5,0,off,0,0,0.0,0.0,0.0,0.31699530839629,0.7670810992959886,0.44796070976695035,0.3531631688234628,1.1905956675801423,0.0,0.6151591907725669,0.6151591907725669
hrl,multi,0,weighted_cka,0,857,2.8918049920570397,275.0,0.7036226391792297,0.7010651230812073,1,0.0,0.578360998411408,5,0,off,0,0,0.0,0.0,0.0,0.45060747852455807,1.2778026514817027,0.3015806082044727,0.2622738970752178,0.599540356771089,0.0,0.578360998411408,0.578360998411408
hrl,multi,0,weighted_cka,0,858,2.9746086305127233,254.0,0.7038152813911438,0.7008163332939148,1,0.0,0.5949217261025448,5,0,off,0,0,0.0,0.0,0.0,0.30075713188905495,1.2445064545888451,0.4943684036007615,0.34410007583821417,0.5908765645958481,0.0,0.5949217261025448,0.5949217261025448
hrl,multi,0,weighted_cka,0,859,3.1167445324906136,224.0,0.7026205062866211,0.7002483606338501,1,0.0,0.6233489064981227,5,0,off,0,0,0.0,0.0,0.0,0.4213146449835038,1.2844264375837517,0.47837814382323984,0.33637482984224326,0.5962504762578754,0.0,0.6233489064981227,0.6233489064981227
hrl,multi,0,weighted_cka,0,860,3.0101399327565437,253.0,0.7039762735366821,0.700494110584259,1,0.0,0.6020279865513087,5,0,off,0,0,0.0,0.0,0.0,0.49601184234023077,1.255573321394622,0.3598446317180059,0.3072387325314338,0.5914714047722517,0.0,0.6020279865513087,0.6020279865513087
hrl,multi,0,weighted_cka,0,861,3.10737945636401,226.0,0.7034717798233032,0.7005029320716858,1,0.0,0.6214758912728021,5,0,off,0,0,0.0,0.0,0.0,0.32084112827468186,1.2754535817750727,0.45501572245080013,0.48360038408548267,0.5724686397779731,0.0,0.6214758912728021,0.6214758912728021
hrl,multi,0,weighted_cka,0,862,3.079058555244156,232.0,0.7042123675346375,0.7022600173950195,1,0.0,0.6158117110488313,5,0,off,0,0,0.0,0.0,0.0,0.3658939418452791,1.2482805986627934,0.5416241190610452,0.31215647232652727,0.6111034233485114,0.0,0.6158117110488313,0.6158117110488313
hrl,multi,0,weighted_cka,0,863,3.0445761571398458,242.0,0.7047139406204224,0.7023488879203796,1,0.0,0.6089152314279692,5,0,off,0,0,0.0,0.0,0.0,0.3820524346306919,0.8283878313656895,0.38294800127390766,0.8699763596802949,0.5812115301892625,0.0,0.6089152314279692,0.6089152314279692
hrl,multi,0,weighted_cka,0,864,2.2432105587289684,300.0,0.6300047636032104,0.33178144693374634,0,0.0,0.44864211174579366,5,0,off,0,0,0.0,0.0,0.0,0.43297287187138844,1.255301572281867,0.4148375995787791,0.3634231521440669,-0.22332463714713266,0.0,0.44864211174579366,0.44864211174579366
hrl,multi,0,weighted_cka,0,865,3.025855182218888,241.0,0.7024300694465637,0.7007911801338196,1,0.0,0.6051710364437777,5,0,off,0,0,0.0,0.0,0.0,0.28290621890779577,1.2264601401221005,0.4953056676527484,0.36985812654864264,0.6513250289876013,0.0,0.6051710364437777,0.6051710364437777
hrl,multi,0,weighted_cka,0,866,3.053165104564278,237.0,0.7039549946784973,0.7013061046600342,1,0.0,0.6106330209128557,5,0,off,0,0,0.0,0.0,0.0,0.4063619433506391,1.2709168380368498,0.43035107545321793,0.3200886162510141,0.6254466314725576,0.0,0.6106330209128557,0.6106330209128557
hrl,multi,0,weighted_cka,0,867,2.9491697360027542,261.0,0.7030979990959167,0.7017161846160889,1,0.0,0.5898339472005509,5,0,off,0,0,0.0,0.0,0.0,0.3021733351129805,1.2729008039277976,0.37745621289545656,0.32758914008370804,0.6690502439828122,0.0,0.5898339472005509,0.5898339472005509
hrl,multi,0,weighted_cka,0,868,3.033168513018171,245.0,0.7028349041938782,0.7000454664230347,1,0.0,0.6066337026036343,5,0,off,0,0,0.0,0.0,0.0,0.3333646217035129,1.1648040020223704,0.41794086462282565,0.537575196434045,0.5794838282354174,0.0,0.6066337026036343,0.6066337026036343
hrl,multi,0,weighted_cka,0,869,3.0164493614421213,249.0,0.7035099267959595,0.700286328792572,1,0.0,0.6032898722884243,5,0,off,0,0,0.0,0.0,0.0,0.33167462603538284,1.2505681844046337,0.4027226396554614,0.34770712299086143,0.6837767883557825,0.0,0.6032898722884243,0.6032898722884243
hrl,multi,0,weighted_cka,0,870,3.0421871012108737,245.0,0.7049856185913086,0.7014732956886292,1,0.0,0.608437420242175,5,0,off,0,0,0.0,0.0,0.0,0.33893586496775957,0.590282061964739,0.5610906355485784,0.3528446528107742,1.199033885919023,0.0,0.608437420242175,0.608437420242175
hrl,multi,0,weighted_cka,0,871,2.1675716287350824,300.0,0.6209834814071655,0.29041787981987,0,0.0,0.43351432574701654,5,0,off,0,0,0.0,0.0,0.0,0.2724579834536234,1.2727428403850642,0.4371967193135059,0.4435898074799255,-0.2584157218970361,0.0,0.43351432574701654,0.43351432574701654
hrl,multi,0,weighted_cka,0,872,2.304692782409255,300.0,0.6626869440078735,0.5005258321762085,0,0.0,0.46093855648185106,5,0,off,0,0,0.0,0.0,0.0,0.2952142092622816,1.2635706516420466,0.4228479249686933,0.46615251738415087,-0.14309252084791696,0.0,0.46093855648185106,0.46093855648185106
hrl,multi,0,weighted_cka,0,873,2.2904242782446076,300.0,0.65821373462677,0.47377923130989075,0,0.0,0.4580848556489216,5,0,off,0,0,0.0,0.0,0.0,0.412979496071115,1.28064034728799,0.4724620219999923,0.27529694269038724,-0.15095452980487634,0.0,0.4580848556489216,0.4580848556489216
hrl,multi,0,weighted_cka,0,874,2.366720007185357,300.0,0.6753350496292114,0.5587541460990906,0,0.0,0.4733440014370715,5,0,off,0,0,0.0,0.0,0.0,0.331089468251448,1.1892886558598836,0.3835189841310493,0.3379233836196362,0.12489951532334054,0.0,0.4733440014370715,0.4733440014370715
hrl,multi,0,weighted_cka,0,875,2.2462206890981165,300.0,0.6562070846557617,0.4630111753940582,0,0.0,0.4492441378196233,5,0,off,0,0,0.0,0.0,0.0,0.4248383003785273,1.2782790550938805,0.40461962480144564,0.3766619122903793,-0.2381782034661159,0.0,0.4492441378196233,0.4492441378196233
hrl,multi,0,weighted_cka,0,876,2.231909996020839,300.0,0.6452342867851257,0.4111524522304535,0,0.0,0.4463819992041678,5,0,off,0,0,0.0,0.0,0.0,0.4303435414005069,1.27406190638151,0.37216901457216583,0.3850078309879172,-0.22967229732126032,0.0,0.4463819992041678,0.4463819992041678
hrl,multi,0,weighted_cka,0,877,2.229143526665574,300.0,0.6344369053840637,0.361125111579895,0,0.0,0.4458287053331148,5,0,off,0,0,0.0,0.0,0.0,0.4512464327143678,1.2360582997882736,0.31508231877250353,0.4326804791684552,-0.2059240037780258,0.0,0.4458287053331148,0.4458287053331148
hrl,multi,0,weighted_cka,0,878,2.2782418089976986,300.0,0.6557058095932007,0.46167317032814026,0,0.0,0.4556483617995398,5,0,off,0,0,0.0,0.0,0.0,0.4634730781922115,1.280617363527417,0.25790838320064347,0.33567200961872,-0.05942902554129263,0.0,0.4556483617995398,0.4556483617995398
hrl,multi,0,weighted_cka,0,879,3.0644873125105283,237.0,0.7027735710144043,0.7010515928268433,1,0.0,0.6128974625021057,5,0,off,0,0,0.0,0.0,0.0,0.37294611843116576,1.2604393550707025,0.36270490482565937,0.3669465887422338,0.7014503454407676,0.0,0.6128974625021057,0.6128974625021057
hrl,multi,0,weighted_cka,0,880,3.0761005791108915,234.0,0.7029374837875366,0.7003161907196045,1,0.0,0.6152201158221783,5,0,off,0,0,0.0,0.0,0.0,0.4557997736561227,1.2729212935362009,0.437479060106445,0.33624548367613344,0.57365496813599,0.0,0.6152201158221783,0.6152201158221783
hrl,multi,0,weighted_cka,0,881,3.0727467539221567,232.0,0.7024189829826355,0.7008943557739258,1,0.0,0.6145493507844314,5,0,off,0,0,0.0,0.0,0.0,0.3862992416063788,1.2727592449337242,0.4274749204847029,0.44163613563562454,0.5445772112617268,0.0,0.6145493507844314,0.6145493507844314
hrl,multi,0,weighted_cka,0,882,2.2428169007165693,300.0,0.6369060277938843,0.36961326003074646,0,0.0,0.44856338014331393,5,0,off,0,0,0.0,0.0,0.0,0.31360905696515684,1.2544353244137016,0.5331006909194401,0.383364010046469,-0.24169218162819778,0.0,0.44856338014331393,0.44856338014331393
hrl,multi,0,weighted_cka,0,883,2.3493874037964346,300.0,0.6772632598876953,0.5693647265434265,0,0.0,0.46987748075928704,5,0,off,0,0,0.0,0.0,0.0,0.34054778560809784,1.259649690121412,0.4112128803960512,0.3179268050121699,0.020050242658704157,0.0,0.46987748075928704,0.46987748075928704
hrl,multi,0,weighted_cka,0,884,2.3622506452105867,300.0,0.6870282888412476,0.6143640279769897,0,0.0,0.4724501290421174,5,0,off,0,0,0.0,0.0,0.0,0.3265796982342726,1.2403706261543554,0.4387609410910517,0.46297483804830686,-0.10643545831739921,0.0,0.4724501290421174,0.4724501290421174
hrl,multi,0,weighted_cka,0,885,2.389913469034944,300.0,0.6965764164924622,0.6670104265213013,0,0.0,0.47798269380698893,5,0,off,0,0,0.0,0.0,0.0,0.3565819773119874,1.2647363017131572,0.44244692229363125,0.4988394934767856,-0.1726912257606167,0.0,0.47798269380698893,0.47798269380698893
hrl,multi,0,weighted_cka,0,886,3.014466993591572,251.0,0.7033690214157104,0.7004169225692749,1,0.0,0.6028933987183145,5,0,off,0,0,0.0,0.0,0.0,0.37777357004286016,1.2706603859523309,0.3534587183147668,0.4561049282157327,0.5564693910658823,0.0,0.6028933987183145,0.6028933987183145
hrl,multi,0,weighted_cka,0,887,2.294494586224026,300.0,0.6600092649459839,0.48265591263771057,0,0.0,0.4588989172448052,5,0,off,0,0,0.0,0.0,0.0,0.4444368328773415,1.2835592125593682,0.41172102885204354,0.31711717374582066,-0.1623396618105474,0.0,0.4588989172448052,0.4588989172448052
hrl,multi,0,weighted_cka,0,888,2.2550685170921483,300.0,0.6473124027252197,0.4195837080478668,0,0.0,0.4510137034184297,5,0,off,0,0,0.0,0.0,0.0,0.3759946920978836,1.267337061826605,0.3651852907435968,0.4769677496212533,-0.23041627719718993,0.0,0.4510137034184297,0.4510137034184297
hrl,multi,0,weighted_cka,0,889,2.341747643606503,300.0,0.6806660890579224,0.5906093716621399,0,0.0,0.4683495287213007,5,0,off,0,0,0.0,0.0,0.0,0.36517061672173434,1.265056199422106,0.5455757416998966,0.3861934262390713,-0.2202483404763046,0.0,0.4683495287213007,0.4683495287213007
hrl,multi,0,weighted_cka,0,890,2.219934755461871,300.0,0.6411164402961731,0.392382949590683,0,0.0,0.4439869510923743,5,0,off,0,0,0.0,0.0,0.0,0.29336703078311976,1.2778892675507811,0.49183731660217733,0.3923488547638116,-0.23550771423801814,0.0,0.4439869510923743,0.4439869510923743
hrl,multi,0,weighted_cka,0,891,2.9497362022546936,261.0,0.7027801275253296,0.7005663514137268,1,0.0,0.5899472404509388,5,0,off,0,0,0.0,0.0,0.0,0.388213650869009,1.269452811320312,0.3800484812515787,0.3590017315312288,0.5530195272825656,0.0,0.5899472404509388,0.5899472404509388
hrl,multi,0,weighted_cka,0,892,3.021995231499865,243.0,0.7041111588478088,0.7014582753181458,1,0.0,0.604399046299973,5,0,off,0,0,0.0,0.0,0.0,0.44980200343113375,1.266752380525693,0.38168391441740085,0.32930441219170453,0.5944525209339334,0.0,0.604399046299973,0.604399046299973
hrl,multi,0,weighted_cka,0,893,3.058826092282891,234.0,0.704072117805481,0.7015264630317688,1,0.0,0.6117652184565783,5,0,off,0,0,0.0,0.0,0.0,0.3178078786697005,1.2826755966618655,0.5491512726815416,0.33633907044515937,0.5728522738246246,0.0,0.6117652184565783,0.6117652184565783
hrl,multi,0,weighted_cka,0,894,3.045278020412427,239.0,0.7023511528968811,0.7008188366889954,1,0.0,0.6090556040824855,5,0,off,0,0,0.0,0.0,0.0,0.3409372774716466,1.276668509159237,0.40789743231493036,0.42549210477154686,0.5942826966950668,0.0,0.6090556040824855,0.6090556040824855
hrl,multi,0,weighted_cka,0,895,2.1879310566704575,300.0,0.6203303337097168,0.2821102440357208,0,0.0,0.4375862113340916,5,0,off,0,0,0.0,0.0,0.0,0.3985492944004944,1.2621245463350785,0.37699996620226733,0.40391672182932953,-0.25365947209671175,0.0,0.4375862113340916,0.4375862113340916
hrl,multi,0,weighted_cka,0,896,3.0199940872047724,246.0,0.7027006149291992,0.700389564037323,1,0.0,0.6039988174409545,5,0,off,0,0,0.0,0.0,0.0,0.3077295397198758,1.2601428480795582,0.5366416883403434,0.38385627656846183,0.5316237344965338,0.0,0.6039988174409545,0.6039988174409545
hrl,multi,0,weighted_cka,0,897,2.426549130208876,300.0,0.6956999897956848,0.6654514074325562,0,0.0,0.48530982604177525,5,0,off,0,0,0.0,0.0,0.0,0.4435246618645322,1.2674382577845824,0.4045583048351108,0.37785394661361343,-0.0668260408889622,0.0,0.48530982604177525,0.48530982604177525
hrl,multi,0,weighted_cka,0,898,3.0833992710248554,232.0,0.702271044254303,0.7012509107589722,1,0.0,0.6166798542049711,5,0,off,0,0,0.0,0.0,0.0,0.4421485292911528,1.2428419340839607,0.47749718285398546,0.38386321245227,0.537048412343487,0.0,0.6166798542049711,0.6166798542049711
hrl,multi,0,weighted_cka,0,899,2.294616755962487,300.0,0.6687098145484924,0.5267350673675537,0,0.0,0.45892335119249744,5,0,off,0,0,0.0,0.0,0.0,0.33864091650210315,1.269242447868455,0.35426049612788474,0.3804467837047995,-0.04797388824075493,0.0,0.45892335119249744,0.45892335119249744
hrl,multi,0,weighted_cka,0,900,2.3977596076269023,300.0,0.6953744888305664,0.6656594276428223,0,0.0,0.47955192152538045,5,0,off,0,0,0.0,0.0,0.0,0.4247685214574447,1.2718087801756335,0.36706238193809976,0.337795320738689,-0.003675396682964068,0.0,0.47955192152538045,0.47955192152538045
hrl,multi,0,weighted_cka,0,901,2.9255417508010564,270.0,0.7040935754776001,0.7017980813980103,1,0.0,0.5851083501602113,5,0,off,0,0,0.0,0.0,0.0,0.25394294612063084,1.2683381381765937,0.3926673568652476,0.3697050012880935,0.6408883083504914,0.0,0.5851083501602113,0.5851083501602113
hrl,multi,0,weighted_cka,0,902,3.036149758633596,241.0,0.7042168378829956,0.7005904316902161,1,0.0,0.6072299517267192,5,0,off,0,0,0.0,0.0,0.0,0.40051073661958786,1.2735749648818744,0.39961238024220797,0.3675908085581831,0.5948608683317432,0.0,0.6072299517267192,0.6072299517267192
hrl,multi,0,weighted_cka,0,903,2.3128724289766964,300.0,0.6723557710647583,0.5429544448852539,0,0.0,0.4625744857953394,5,0,off,0,0,0.0,0.0,0.0,0.29639576767873943,1.2544021727335637,0.4635310911783016,0.34434246089914805,-0.04579906351305576,0.0,0.4625744857953394,0.4625744857953394
hrl,multi,0,weighted_cka,0,904,2.3649599373296937,300.0,0.6978304982185364,0.6650639176368713,0,0.0,0.4729919874659389,5,0,off,0,0,0.0,0.0,0.0,0.3056328627181355,0.7454910753848961,0.37869445029320187,0.9803867829311638,-0.04524523399770289,0.0,0.4729919874659389,0.4729919874659389
hrl,multi,0,weighted_cka,0,905,2.9701817266590065,256.0,0.7030900716781616,0.7006535530090332,1,0.0,0.5940363453318014,5,0,off,0,0,0.0,0.0,0.0,0.30687138503277667,1.206418469091877,0.38431988802575495,0.511748965762148,0.5608230187464504,0.0,0.5940363453318014,0.5940363453318014
hrl,multi,0,weighted_cka,0,906,2.9663619159553223,257.0,0.7033984661102295,0.701720654964447,1,0.0,0.5932723831910646,5,0,off,0,0,0.0,0.0,0.0,0.24520512697212313,1.2397287460081277,0.48898783337022167,0.3580486667641016,0.6343915428407488,0.0,0.5932723831910646,0.5932723831910646
hrl,multi,0,weighted_cka,0,907,3.0184129914839026,251.0,0.7026451826095581,0.7002630829811096,1,0.0,0.6036825982967805,5,0,off,0,0,0.0,0.0,0.0,0.4470614201310671,1.290272080930881,0.35934453365323127,0.33171833541166124,0.5900166213570627,0.0,0.6036825982967805,0.6036825982967805
hrl,multi,0,weighted_cka,0,908,2.3587626300344695,300.0,0.6806596517562866,0.5892750024795532,0,0.0,0.4717525260068939,5,0,off,0,0,0.0,0.0,0.0,0.4407966125085948,1.2754111910322679,0.36413739056745537,0.364965886023594,-0.086548450097442,0.0,0.4717525260068939,0.4717525260068939
hrl,multi,0,weighted_cka,0,909,2.9886830002300253,256.0,0.7037674188613892,0.7015938758850098,1,0.0,0.5977366000460052,5,0,off,0,0,0.0,0.0,0.0,0.36833459791494527,0.7637335566505788,1.0436993753751738,0.3498966602816071,0.46301881000772094,0.0,0.5977366000460052,0.5977366000460052
hrl,multi,0,weighted_cka,0,910,2.8735585986588252,278.0,0.7031317949295044,0.7002996206283569,1,0.0,0.5747117197317652,5,0,off,0,0,0.0,0.0,0.0,0.3380292832942213,1.2297401651348916,0.3651966414153575,0.40832169007491015,0.5322708187394453,0.0,0.5747117197317652,0.5747117197317652
hrl,multi,0,weighted_cka,0,911,2.821260981720405,295.0,0.7041006684303284,0.7013408541679382,1,0.0,0.5642521963440811,5,0,off,0,0,0.0,0.0,0.0,0.3171278442537877,1.2689370417473835,0.3742445912321563,0.4248905556867829,0.4360609488002952,0.0,0.5642521963440811,0.5642521963440811
hrl,multi,0,weighted_cka,0,912,3.0600086400920614,238.0,0.7021647691726685,0.7000538110733032,1,0.0,0.6120017280184123,5,0,off,0,0,0.0,0.0,0.0,0.34028921991446975,1.2672088358793405,0.5059590272134736,0.3793077326405327,0.5672438244442454,0.0,0.6120017280184123,0.6120017280184123
hrl,multi,0,weighted_cka,0,913,3.0593534832837164,236.0,0.7045779228210449,0.7010097503662109,1,0.0,0.6118706966567433,5,0,off,0,0,0.0,0.0,0.0,0.28202153112512307,1.2788390107546,0.4617013866174965,0.46061401250702316,0.5761775422794743,0.0,0.6118706966567433,0.6118706966567433
hrl,multi,0,weighted_cka,0,914,2.888961648139592,275.0,0.7025312781333923,0.7002978920936584,1,0.0,0.5777923296279185,5,0,off,0,0,0.0,0.0,0.0,0.3703504627286456,1.2622428245348853,0.529122829313157,0.31245459603234477,0.41479093553055985,0.0,0.5777923296279185,0.5777923296279185
hrl,multi,0,weighted_cka,0,915,2.3169261652459667,300.0,0.6745454668998718,0.5605565309524536,0,0.0,0.4633852330491933,5,0,off,0,0,0.0,0.0,0.0,0.40716327494708804,1.2458733037505296,0.3780920783679466,0.3853335408421989,-0.09953603266179592,0.0,0.4633852330491933,0.4633852330491933
hrl,multi,0,weighted_cka,0,916,2.3724469537904938,300.0,0.6857157945632935,0.6137492060661316,0,0.0,0.47448939075809876,5,0,off,0,0,0.0,0.0,0.0,0.4139072181680238,1.2578337432630358,0.3676102506502065,0.42215358835412176,-0.08905784664489359,0.0,0.47448939075809876,0.47448939075809876
hrl,multi,0,weighted_cka,0,917,3.0142201291269144,245.0,0.7041422128677368,0.7013680338859558,1,0.0,0.602844025825383,5,0,off,0,0,0.0,0.0,0.0,0.25943148539285166,1.2690490955691782,0.47928022167738515,0.3217354530817828,0.6847238734057172,0.0,0.602844025825383,0.602844025825383
hrl,multi,0,weighted_cka,0,918,3.071281251840292,242.0,0.7018302083015442,0.7003698348999023,1,0.0,0.6142562503680585,5,0,off,0,0,0.0,0.0,0.0,0.3218559461219701,1.3088379526408387,0.5476354562346822,0.3267547290448564,0.5661971677979453,0.0,0.6142562503680585,0.6142562503680585
hrl,multi,0,weighted_cka,0,919,3.0993556931747577,227.0,0.7055330276489258,0.7023488879203796,1,0.0,0.6198711386349516,5,0,off,0,0,0.0,0.0,0.0,0.4337951955730094,1.2618848631670696,0.4110040214068721,0.3833774045468307,0.6092942084809764,0.0,0.6198711386349516,0.6198711386349516
hrl,multi,0,weighted_cka,0,920,3.0668318234769236,237.0,0.7036664485931396,0.7008825540542603,1,0.0,0.6133663646953849,5,0,off,0,0,0.0,0.0,0.0,0.2746034801301429,1.2669403684530405,0.461028028853936,0.47446947368273673,0.589790472357068,0.0,0.6133663646953849,0.6133663646953849
hrl,multi,0,weighted_cka,0,921,2.995800124495871,250.0,0.7034047245979309,0.7008809447288513,1,0.0,0.5991600248991743,5,0,off,0,0,0.0,0.0,0.0,0.395157298689708,1.2699700258490627,0.36353755506617014,0.39766939846647426,0.5694658464244565,0.0,0.5991600248991743,0.5991600248991743
hrl,multi,0,weighted_cka,0,922,3.048971229584952,239.0,0.7032510042190552,0.701961100101471,1,0.0,0.6097942459169905,5,0,off,0,0,0.0,0.0,0.0,0.9242843750331083,0.7253069751714355,0.4364346362818031,0.378732639658563,0.5842126034400424,0.0,0.6097942459169905,0.6097942459169905
hrl,multi,0,weighted_cka,0,923,3.0606503406880243,235.0,0.705033004283905,0.7027114033699036,1,0.0,0.612130068137605,5,0,off,0,0,0.0,0.0,0.0,0.2830222832850049,1.243736188537441,0.533931332488777,0.35602945871487823,0.6439310776619239,0.0,0.612130068137605,0.612130068137605
hrl,multi,0,weighted_cka,0,924,3.0917066533164603,232.0,0.7046407461166382,0.7033326625823975,1,0.0,0.6183413306632921,5,0,off,0,0,0.0,0.0,0.0,0.3503212908226996,1.2732596353134138,0.5248637051477562,0.341895231104645,0.6013667909279464,0.0,0.6183413306632921,0.6183413306632921
hrl,multi,0,weighted_cka,0,925,3.0931690441153465,225.0,0.7023088335990906,0.7002550363540649,1,0.0,0.6186338088230694,5,0,off,0,0,0.0,0.0,0.0,0.31789443054539146,1.2678549996437503,0.38510671108937816,0.42647458586445997,0.6958383169723673,0.0,0.6186338088230694,0.6186338088230694
hrl,multi,0,weighted_cka,0,926,3.033004796040243,244.0,0.7029563784599304,0.7001890540122986,1,0.0,0.6066009592080487,5,0,off,0,0,0.0,0.0,0.0,0.38275271486677215,1.2923266751551998,0.47345715996157367,0.3854763892446644,0.4989918568120336,0.0,0.6066009592080487,0.6066009592080487
hrl,multi,0,weighted_cka,0,927,3.0539463279849284,238.0,0.7040942907333374,0.700165331363678,1,0.0,0.6107892655969858,5,0,off,0,0,0.0,0.0,0.0,0.34637770691911274,1.2694348754258824,0.5011631802178452,0.3198711687853792,0.6170993966367094,0.0,0.6107892655969858,0.6107892655969858
hrl,multi,0,weighted_cka,0,928,3.003041414492864,252.0,0.7054858207702637,0.7014337778091431,1,0.0,0.6006082828985729,5,0,off,0,0,0.0,0.0,0.0,0.3198927967166527,1.2643439267538485,0.5394143716488032,0.29946838896312683,0.5799219304104334,0.0,0.6006082828985729,0.6006082828985729
hrl,multi,0,weighted_cka,0,929,2.9940395950980006,250.0,0.7042860388755798,0.7003814578056335,1,0.0,0.5988079190196001,5,0,off,0,0,0.0,0.0,0.0,0.4142372258184476,1.2708614503899587,0.4166342585510573,0.3335815647447015,0.558725095593836,0.0,0.5988079190196001,0.5988079190196001
hrl,multi,0,weighted_cka,0,930,2.3316942802279286,300.0,0.6886174082756042,0.6256487369537354,0,0.0,0.4663388560455858,5,0,off,0,0,0.0,0.0,0.0,0.3635399074479937,1.272177757064346,0.4724876087345181,0.3405418017225383,-0.11705279474146695,0.0,0.4663388560455858,0.4663388560455858
hrl,multi,0,weighted_cka,0,931,2.9447823117792127,266.0,0.7023234367370605,0.7001840472221375,1,0.0,0.5889564623558426,5,0,off,0,0,0.0,0.0,0.0,0.3422945568297873,1.2799180607637388,0.5041166001097298,0.3582383760784286,0.4602147179975288,0.0,0.5889564623558426,0.5889564623558426
hrl,multi,0,weighted_cka,0,932,3.0284059291143772,240.0,0.7035719156265259,0.7020795941352844,1,0.0,0.6056811858228756,5,0,off,0,0,0.0,0.0,0.0,0.35666995452437544,1.2695989110632797,0.4449130386561154,0.3903432210512691,0.5668808038193381,0.0,0.6056811858228756,0.6056811858228756
hrl,multi,0,weighted_cka,0,933,3.049986806056985,240.0,0.7038725018501282,0.7014020681381226,1,0.0,0.609997361211397,5,0,off,0,0,0.0,0.0,0.0,0.38997319940867586,1.2835071584959512,0.3745474395323544,0.3771119225862202,0.6248470860337837,0.0,0.609997361211397,0.609997361211397
hrl,multi,0,weighted_cka,0,934,2.336000824003712,300.0,0.6863739490509033,0.6138449311256409,0,0.0,0.46720016480074245,5,0,off,0,0,0.0,0.0,0.0,0.324198619550385,1.2732746414351275,0.43625354309799136,0.3583998107315273,-0.05612579081131882,0.0,0.46720016480074245,0.46720016480074245
hrl,multi,0,weighted_cka,0,935,3.118693682159587,221.0,0.7033122777938843,0.7012379169464111,1,0.0,0.6237387364319175,5,0,off,0,0,0.0,0.0,0.0,0.3686453821280155,1.2704060758943667,0.5157690729461609,0.35695812022825696,0.6069150309627874,0.0,0.6237387364319175,0.6237387364319175
hrl,multi,0,weighted_cka,0,936,3.0375525384806084,241.0,0.7037826180458069,0.7006709575653076,1,0.0,0.6075105076961217,5,0,off,0,0,0.0,0.0,0.0,0.39242759010218997,1.2651246682051567,0.48764712557708834,0.3162506536040455,0.5761025009921285,0.0,0.6075105076961217,0.6075105076961217
hrl,multi,0,weighted_cka,0,937,3.0054612316315747,251.0,0.7037214040756226,0.7005029320716858,1,0.0,0.601092246326315,5,0,off,0,0,0.0,0.0,0.0,0.44279865037131805,1.2740819032741708,0.34950687422812904,0.34631195244629626,0.5927618513116611,0.0,0.601092246326315,0.601092246326315
hrl,multi,0,weighted_cka,0,938,3.0772846178595197,233.0,0.7031412720680237,0.7011406421661377,1,0.0,0.6154569235719041,5,0,off,0,0,0.0,0.0,0.0,0.3490395710166776,1.2578138922695068,0.4214426581105216,0.35122133918013415,0.6977671572826801,0.0,0.6154569235719041,0.6154569235719041
hrl,multi,0,weighted_cka,0,939,3.021768449429523,246.0,0.7005938291549683,0.7002331018447876,1,0.0,0.6043536898859047,5,0,off,0,0,0.0,0.0,0.0,0.4666824536758939,1.2912766553470862,0.33664541532006104,0.35922638541307234,0.5679375396734102,0.0,0.6043536898859047,0.6043536898859047
hrl,multi,0,weighted_cka,0,940,3.026425226668302,246.0,0.7035422325134277,0.7015024423599243,1,0.0,0.6052850453336605,5,0,off,0,0,0.0,0.0,0.0,0.42217932025529425,1.2499594772635025,0.3943582551563158,0.3831527593652135,0.5767754146279765,0.0,0.6052850453336605,0.6052850453336605
hrl,multi,0,weighted_cka,0,941,2.329977681891613,300.0,0.6797512769699097,0.5798603892326355,0,0.0,0.4659955363783227,5,0,off,0,0,0.0,0.0,0.0,0.37191270489525036,1.2248749088495967,0.4016489102137274,0.46121872565266664,-0.1296775677196277,0.0,0.4659955363783227,0.4659955363783227
hrl,multi,0,weighted_cka,0,942,3.0242749534055315,249.0,0.7048088908195496,0.7031211853027344,1,0.0,0.6048549906811063,5,0,off,0,0,0.0,0.0,0.0,0.42735236019722633,1.2451971203284335,0.39416046087676654,0.40310041510248257,0.5544645969006231,0.0,0.6048549906811063,0.6048549906811063
hrl,multi,0,weighted_cka,0,943,2.914957956629964,271.0,0.7020832300186157,0.7005197405815125,1,0.0,0.5829915913259929,5,0,off,0,0,0.0,0.0,0.0,0.39590976571402264,1.2461477840095756,0.36885753048630415,0.3254570625345076,0.5785858138855545,0.0,0.5829915913259929,0.5829915913259929
hrl,multi,0,weighted_cka,0,944,3.008281233636181,247.0,0.7041369676589966,0.7017633318901062,1,0.0,0.6016562467272363,5,0,off,0,0,0.0,0.0,0.0,0.3037769511515507,1.2637298980234188,0.3126220405163475,0.4313267806034854,0.696825563341379,0.0,0.6016562467272363,0.6016562467272363
hrl,multi,0,weighted_cka,0,945,3.030251853391061,238.0,0.7041454315185547,0.7018430829048157,1,0.0,0.6060503706782123,5,0,off,0,0,0.0,0.0,0.0,0.3735597328613511,1.2725059210024772,0.4287748647253028,0.3727767542866058,0.5826345805153249,0.0,0.6060503706782123,0.6060503706782123
hrl,multi,0,weighted_cka,0,946,3.034241427101048,238.0,0.703602135181427,0.7001637816429138,1,0.0,0.6068482854202096,5,0,off,0,0,0.0,0.0,0.0,0.4169742207043453,1.240981551791541,0.4584570369427091,0.359574907562026,0.5582537101004271,0.0,0.6068482854202096,0.6068482854202096
hrl,multi,0,weighted_cka,0,947,3.0970626730468926,230.0,0.703670084476471,0.7019476890563965,1,0.0,0.6194125346093785,5,0,off,0,0,0.0,0.0,0.0,0.4121885659176622,1.2319958380972964,0.511857881697826,0.34098771689488777,0.6000326704392208,0.0,0.6194125346093785,0.6194125346093785
hrl,multi,0,weighted_cka,0,948,2.3538149420222894,300.0,0.6802102327346802,0.5826582908630371,0,0.0,0.47076298840445796,5,0,off,0,0,0.0,0.0,0.0,0.3267901330417662,1.2427997756786642,0.4857858688002451,0.37730440318211905,-0.07886523868050449,0.0,0.47076298840445796,0.47076298840445796
hrl,multi,0,weighted_cka,0,949,3.0040017904320835,250.0,0.7039408087730408,0.7023488879203796,1,0.0,0.6008003580864167,5,0,off,0,0,0.0,0.0,0.0,0.3307899905474041,1.2584887672448528,0.3705224736691452,0.4395394143750889,0.6046611445955931,0.0,0.6008003580864167,0.6008003580864167
hrl,multi,0,weighted_cka,0,950,2.9779023230615844,256.0,0.7052985429763794,0.7022087574005127,1,0.0,0.595580464612317,5,0,off,0,0,0.0,0.0,0.0,0.37518365471030113,1.2788372004535047,0.3744235762201715,0.3729457791742023,0.5765121125034055,0.0,0.595580464612317,0.595580464612317
hrl,multi,0,weighted_cka,0,951,2.966461467538959,264.0,0.7046211361885071,0.7024624347686768,1,0.0,0.5932922935077919,5,0,off,0,0,0.0,0.0,0.0,0.3831430526282637,1.273421719888225,0.27714813419291734,0.3244983976050279,0.7082501632245256,0.0,0.5932922935077919,0.5932922935077919
hrl,multi,0,weighted_cka,0,952,3.110973100946822,227.0,0.7036563754081726,0.7008121013641357,1,0.0,0.6221946201893644,5,0,off,0,0,0.0,0.0,0.0,0.31952360999265506,1.2485006234003229,0.551676501517184,0.3877179323434829,0.6035544336931778,0.0,0.6221946201893644,0.6221946201893644
hrl,multi,0,weighted_cka,0,953,2.255134642220945,300.0,0.6488215923309326,0.42294779419898987,0,0.0,0.45102692844418907,5,0,off,0,0,0.0,0.0,0.0,0.2981034245476184,1.2682208041204137,0.5006663868953473,0.3812689401097595,-0.19312491345219346,0.0,0.45102692844418907,0.45102692844418907
hrl,multi,0,weighted_cka,0,954,2.950740422619447,262.0,0.7032151222229004,0.7023488879203796,1,0.0,0.5901480845238896,5,0,off,0,0,0.0,0.0,0.0,0.3406521723135374,1.2584861677577717,0.4298299878076649,0.46155993489129454,0.46021215984917924,0.0,0.5901480845238896,0.5901480845238896
hrl,multi,0,weighted_cka,0,955,3.0191075153810876,246.0,0.7042195796966553,0.7022618651390076,1,0.0,0.6038215030762176,5,0,off,0,0,0.0,0.0,0.0,0.30085836716624903,1.239838646722026,0.43982233790913583,0.4673270208315442,0.5712611427521331,0.0,0.6038215030762176,0.6038215030762176
hrl,multi,0,weighted_cka,0,956,3.0915549072179407,230.0,0.7052360773086548,0.7023488879203796,1,0.0,0.6183109814435881,5,0,off,0,0,0.0,0.0,0.0,0.4959107633521779,1.272866040275432,0.389432341631269,0.32529652554597116,0.6080492364130913,0.0,0.6183109814435881,0.6183109814435881
hrl,multi,0,weighted_cka,0,957,2.303957607395567,300.0,0.6778118014335632,0.5713021159172058,0,0.0,0.4607915214791135,5,0,off,0,0,0.0,0.0,0.0,0.3950944967592075,1.2598468913044778,0.43112238238286216,0.29862645690981293,-0.08073261996079267,0.0,0.4607915214791135,0.4607915214791135
hrl,multi,0,weighted_cka,0,958,3.053886123004339,240.0,0.7036438584327698,0.7011111378669739,1,0.0,0.6107772246008679,5,0,off,0,0,0.0,0.0,0.0,0.3143943810667842,1.1732800013273952,0.5623645815467461,0.4068026547991611,0.597044504264253,0.0,0.6107772246008679,0.6107772246008679
hrl,multi,0,weighted_cka,0,959,3.036114070605718,247.0,0.7020578980445862,0.7008107304573059,1,0.0,0.6072228141211437,5,0,off,0,0,0.0,0.0,0.0,0.4615587611896915,1.1935031198360955,0.43931361636309874,0.3489897261094301,0.5927488471074028,0.0,0.6072228141211437,0.6072228141211437
hrl,multi,0,weighted_cka,0,960,3.1057417323712713,227.0,0.703636646270752,0.7015155553817749,1,0.0,0.6211483464742543,5,0,off,0,0,0.0,0.0,0.0,0.39846680712606747,1.2806621823785824,0.5170634485180489,0.3098074893662705,0.5997418049823026,0.0,0.6211483464742543,0.6211483464742543
hrl,multi,0,weighted_cka,0,961,2.253207318607018,300.0,0.6443401575088501,0.4101760685443878,0,0.0,0.45064146372140357,5,0,off,0,0,0.0,0.0,0.0,0.4975901888733204,1.1808659740034488,0.4424995481665245,0.336051433798304,-0.20379982623457943,0.0,0.45064146372140357,0.45064146372140357
hrl,multi,0,weighted_cka,0,962,2.3500368500703175,300.0,0.6759307384490967,0.5656012892723083,0,0.0,0.47000737001406356,5,0,off,0,0,0.0,0.0,0.0,0.3217690148611727,1.2723332679998127,0.3594711488885804,0.50172109277267,-0.10525767445191765,0.0,0.47000737001406356,0.47000737001406356
hrl,multi,0,weighted_cka,0,963,3.08711820629984,234.0,0.7044597268104553,0.7029440999031067,1,0.0,0.6174236412599681,5,0,off,0,0,0.0,0.0,0.0,0.46554963314672915,1.2693020234126595,0.4217396341478451,0.3279285785551182,0.6025983370374887,0.0,0.6174236412599681,0.6174236412599681
hrl,multi,0,weighted_cka,0,964,3.069831550748799,241.0,0.7035790681838989,0.7011836171150208,1,0.0,0.6139663101497599,5,0,off,0,0,0.0,0.0,0.0,0.45949542580451797,1.2881269334284586,0.3954684757259674,0.3213545750013435,0.6053861407885123,0.0,0.6139663101497599,0.6139663101497599
hrl,multi,0,weighted_cka,0,965,3.0294465265574386,245.0,0.7024112939834595,0.7013061046600342,1,0.0,0.6058893053114878,5,0,off,0,0,0.0,0.0,0.0,0.3466001453138887,1.2674407116230575,0.33518172203795976,0.4968980413554235,0.5833259062271098,0.0,0.6058893053114878,0.6058893053114878
hrl,multi,0,weighted_cka,0,966,2.2839987011688194,300.0,0.657878577709198,0.481546014547348,0,0.0,0.45679974023376396,5,0,off,0,0,0.0,0.0,0.0,0.3912935507567889,1.2808767723282797,0.41834107728581865,0.3309065970253286,-0.13741929622739585,0.0,0.45679974023376396,0.45679974023376396
hrl,multi,0,weighted_cka,0,967,2.353522059589885,300.0,0.6808751225471497,0.5837682485580444,0,0.0,0.47070441191797696,5,0,off,0,0,0.0,0.0,0.0,0.47623449209894153,1.273791441954672,0.31782207657000966,0.3325465488568879,-0.04687249989062573,0.0,0.47070441191797696,0.47070441191797696
hrl,multi,0,weighted_cka,0,968,3.0235650725250003,244.0,0.7021522521972656,0.7003330588340759,1,0.0,0.6047130145050001,5,0,off,0,0,0.0,0.0,0.0,0.33454943363153133,1.2809952532500026,0.3910664948727935,0.4405192394200711,0.5764346513506023,0.0,0.6047130145050001,0.6047130145050001
hrl,multi,0,weighted_cka,0,969,2.9990146942659326,255.0,0.7044938206672668,0.7005791068077087,1,0.0,0.5998029388531866,5,0,off,0,0,0.0,0.0,0.0,0.2982564631951099,1.2965282934112472,0.4717451914981937,0.3817678799205459,0.5507168662408365,0.0,0.5998029388531866,0.5998029388531866
hrl,multi,0,weighted_cka,0,970,2.98543219713188,255.0,0.704432487487793,0.7001070380210876,1,0.0,0.5970864394263761,5,0,off,0,0,0.0,0.0,0.0,0.3619358050714944,1.2789240270596927,0.32299202381598285,0.45621565788259144,0.5653646833021192,0.0,0.5970864394263761,0.5970864394263761
hrl,multi,0,weighted_cka,0,971,3.007084795333051,249.0,0.7036241888999939,0.7015553116798401,1,0.0,0.6014169590666103,5,0,off,0,0,0.0,0.0,0.0,0.23262237811507644,1.2469320884253827,0.524197202421259,0.38654323834700327,0.61678988802433,0.0,0.6014169590666103,0.6014169590666103
hrl,multi,0,weighted_cka,0,972,2.998114878879126,257.0,0.7035382986068726,0.7004362940788269,1,0.0,0.5996229757758254,5,0,off,0,0,0.0,0.0,0.0,0.3326618121368228,1.2050764307072384,0.4141554628736338,0.48845027628892634,0.5577708968725054,0.0,0.5996229757758254,0.5996229757758254
hrl,multi,0,weighted_cka,0,973,3.0513186749301227,243.0,0.7041938900947571,0.7008458971977234,1,0.0,0.6102637349860245,5,0,off,0,0,0.0,0.0,0.0,0.44743815280497057,1.2804434487298129,0.3974095234253909,0.3460481372331123,0.5799794127368366,0.0,0.6102637349860245,0.6102637349860245
hrl,multi,0,weighted_cka,0,974,3.0900830186381123,233.0,0.7040364146232605,0.7009841799736023,1,0.0,0.6180166037276225,5,0,off,0,0,0.0,0.0,0.0,0.45640007385751213,1.249890289793722,0.4169186648428439,0.3671064188866075,0.5997675712574272,0.0,0.6180166037276225,0.6180166037276225
hrl,multi,0,weighted_cka,0,975,3.0651754562575357,233.0,0.7037063837051392,0.7012934684753418,1,0.0,0.6130350912515072,5,0,off,0,0,0.0,0.0,0.0,0.3090777271971892,1.2544566209549082,0.37133732291962945,0.4968928437526482,0.6334109414331613,0.0,0.6130350912515072,0.6130350912515072
hrl,multi,0,weighted_cka,0,976,3.1030474810935544,227.0,0.7039049863815308,0.7007214426994324,1,0.0,0.6206094962187109,5,0,off,0,0,0.0,0.0,0.0,0.4429170660632661,1.2585574824605135,0.4709347354287746,0.3393925782402511,0.5912456189007497,0.0,0.6206094962187109,0.6206094962187109
hrl,multi,0,weighted_cka,0,977,3.0013174404198057,255.0,0.7028263211250305,0.7006251811981201,1,0.0,0.6002634880839612,5,0,off,0,0,0.0,0.0,0.0,0.3398609665000112,1.2599967769626526,0.4678461680479812,0.33264362205192444,0.6009699068572371,0.0,0.6002634880839612,0.6002634880839612
hrl,multi,0,weighted_cka,0,978,3.120809555136583,220.0,0.7030336260795593,0.7000125646591187,1,0.0,0.6241619110273167,5,0,off,0,0,0.0,0.0,0.0,0.31070210505812423,1.2743421251745892,0.5528872630889526,0.38127471290038367,0.6016033489145337,0.0,0.6241619110273167,0.6241619110273167
hrl,multi,0,weighted_cka,0,979,2.4112234067399747,300.0,0.6926579475402832,0.6450604200363159,0,0.0,0.48224468134799503,5,0,off,0,0,0.0,0.0,0.0,0.3717113659983442,1.2628815276091916,0.41425030191708345,0.38972969684466435,-0.027349485629308338,0.0,0.48224468134799503,0.48224468134799503
hrl,multi,0,weighted_cka,0,980,3.0465406997467204,237.0,0.7036611437797546,0.7013112306594849,1,0.0,0.6093081399493442,5,0,off,0,0,0.0,0.0,0.0,0.30050654494995244,1.252291540042497,0.56463663113676,0.3439326866816554,0.5851732969358562,0.0,0.6093081399493442,0.6093081399493442
hrl,multi,0,weighted_cka,0,981,2.36297192951897,300.0,0.6906777620315552,0.6377906799316406,0,0.0,0.4725943859037941,5,0,off,0,0,0.0,0.0,0.0,0.3361908822623081,1.2704168869778512,0.17001997257862217,0.47514607091061756,0.1111981167895717,0.0,0.4725943859037941,0.4725943859037941
hrl,multi,0,weighted_cka,0,982,3.1031385782438434,227.0,0.705533504486084,0.7044191360473633,1,0.0,0.6206277156487687,5,0,off,0,0,0.0,0.0,0.0,0.3858204576387651,1.264201468626037,0.40237410223158065,0.45761902974848623,0.593123519998975,0.0,0.6206277156487687,0.6206277156487687
hrl,multi,0,weighted_cka,0,983,3.0790045624262117,231.0,0.7037868499755859,0.7008399367332458,1,0.0,0.6158009124852424,5,0,off,0,0,0.0,0.0,0.0,0.3623313815726432,1.271224724867381,0.4065739551074802,0.3678100402831041,0.6710644605956039,0.0,0.6158009124852424,0.6158009124852424
hrl,multi,0,weighted_cka,0,984,3.0516309389575604,242.0,0.7045499086380005,0.700651228427887,1,0.0,0.6103261877915122,5,0,off,0,0,0.0,0.0,0.0,0.41837223234865795,1.2731809319630263,0.3509346599583514,0.4093055146631085,0.5998376000244169,0.0,0.6103261877915122,0.6103261877915122
hrl,multi,0,weighted_cka,0,985,3.09431282803323,231.0,0.7036782503128052,0.701541543006897,1,0.0,0.6188625656066461,5,0,off,0,0,0.0,0.0,0.0,0.3795208424236624,1.2885352004179729,0.4290655132422688,0.3598776191927026,0.6373136527566238,0.0,0.6188625656066461,0.6188625656066461
hrl,multi,0,weighted_cka,0,986,2.9929408838514924,251.0,0.7043215036392212,0.7018510699272156,1,0.0,0.5985881767702985,5,0,off,0,0,0.0,0.0,0.0,0.3981650752592831,1.260056178346276,0.36134383086487637,0.3874788549838121,0.5858969443972454,0.0,0.5985881767702985,0.5985881767702985
hrl,multi,0,weighted_cka,0,987,3.094738898448645,231.0,0.703973650932312,0.7013752460479736,1,0.0,0.6189477796897289,5,0,off,0,0,0.0,0.0,0.0,0.4757493514849337,1.2769958818927405,0.36993017857661464,0.3730374493005219,0.5990260371938346,0.0,0.6189477796897289,0.6189477796897289
hrl,multi,0,weighted_cka,0,988,3.042729916962095,243.0,0.7038239240646362,0.7018133401870728,1,0.0,0.6085459833924192,5,0,off,0,0,0.0,0.0,0.0,0.33396274640643964,1.2702836415972558,0.471061783696059,0.40267416468006545,0.5647475805822758,0.0,0.6085459833924192,0.6085459833924192
hrl,multi,0,weighted_cka,0,989,3.068551732358929,242.0,0.7055706977844238,0.7040982246398926,1,0.0,0.6137103464717859,5,0,off,0,0,0.0,0.0,0.0,0.3775136459457571,1.226733101179823,0.4030707902780267,0.33641134210210283,0.7248228528532198,0.0,0.6137103464717859,0.6137103464717859
hrl,multi,0,weighted_cka,0,990,3.0177240427340717,247.0,0.7022473216056824,0.7003772854804993,1,0.0,0.6035448085468145,5,0,off,0,0,0.0,0.0,0.0,0.3098761112598003,1.2719482757356015,0.393000146590406,0.3653044986362219,0.6775950105120426,0.0,0.6035448085468145,0.6035448085468145
hrl,multi,0,weighted_cka,0,991,2.9059534462226133,274.0,0.7045832872390747,0.7006158232688904,1,0.0,0.5811906892445228,5,0,off,0,0,0.0,0.0,0.0,0.3445689086597412,1.267586604456417,0.4253184676268137,0.43591796362516455,0.4325615018544774,0.0,0.5811906892445228,0.5811906892445228
hrl,multi,0,weighted_cka,0,992,3.073054539964513,235.0,0.7044373154640198,0.7032936215400696,1,0.0,0.6146109079929027,5,0,off,0,0,0.0,0.0,0.0,0.36807252941045765,1.2605374980457125,0.5096043738583101,0.33083712217723943,0.604003016472794,0.0,0.6146109079929027,0.6146109079929027
hrl,multi,0,weighted_cka,0,993,3.0852915708099014,233.0,0.7035956382751465,0.7005325555801392,1,0.0,0.6170583141619803,5,0,off,0,0,0.0,0.0,0.0,0.3649774111623409,1.2175918270647523,0.5544500576721038,0.3418616547735873,0.6064106201371177,0.0,0.6170583141619803,0.6170583141619803
hrl,multi,0,weighted_cka,0,994,3.0451670980334953,243.0,0.7015994191169739,0.7002284526824951,1,0.0,0.6090334196066991,5,0,off,0,0,0.0,0.0,0.0,0.30098001576913513,1.19569710155623,0.40841152020310967,0.5345610749924307,0.6055173855125903,0.0,0.6090334196066991,0.6090334196066991
hrl,multi,0,weighted_cka,0,995,2.826602913986359,293.0,0.702233076095581,0.7001065611839294,1,0.0,0.5653205827972718,5,0,off,0,0,0.0,0.0,0.0,0.4194369914723791,1.2756989424051715,0.34404824344022183,0.21329428528743283,0.5741244513811542,0.0,0.5653205827972718,0.5653205827972718
hrl,multi,0,weighted_cka,0,996,3.096194076440587,225.0,0.7040643095970154,0.7004054188728333,1,0.0,0.6192388152881174,5,0,off,0,0,0.0,0.0,0.0,0.476737623449473,1.2735561906993387,0.38080379994749086,0.3501907017477787,0.6149057605965061,0.0,0.6192388152881174,0.6192388152881174
hrl,multi,0,weighted_cka,0,997,3.120617649660663,222.0,0.7026278376579285,0.7011469602584839,1,0.0,0.6241235299321326,5,0,off,0,0,0.0,0.0,0.0,0.3351412848182662,1.2919384560175238,0.5534108880306593,0.3523693474617466,0.5877576733324675,0.0,0.6241235299321326,0.6241235299321326
hrl,multi,0,weighted_cka,0,998,3.002503078519016,251.0,0.7032284140586853,0.7001380324363708,1,0.0,0.6005006157038033,5,0,off,0,0,0.0,0.0,0.0,0.29136547351721664,1.1931003151359034,0.5458560680341905,0.37677670246560585,0.5954045193661003,0.0,0.6005006157038033,0.6005006157038033
hrl,multi,0,weighted_cka,0,999,3.0363726122488575,248.0,0.7037495374679565,0.7005029320716858,1,0.0,0.6072745224497715,5,0,off,0,0,0.0,0.0,0.0,0.4109079018286864,1.292948129320517,0.47825666513340537,0.34408258965861743,0.5101773263076319,0.0,0.6072745224497715,0.6072745224497715
hrl,multi,0,weighted_cka,0,1000,3.049936114019713,244.0,0.7032946348190308,0.7019422054290771,1,0.0,0.6099872228039427,5,0,off,0,0,0.0,0.0,0.0,0.4035448447908274,1.260529193705879,0.48967681951727704,0.32186998399230643,0.5743152720134238,0.0,0.6099872228039427,0.6099872228039427
hrl,multi,0,weighted_cka,0,1001,3.0822965357622585,228.0,0.7032085657119751,0.7003609538078308,1,0.0,0.6164593071524518,5,0,off,0,0,0.0,0.0,0.0,0.3539725369843654,1.2726088512083513,0.42436578721273677,0.36066014378960237,0.6706892165672033,0.0,0.6164593071524518,0.6164593071524518
hrl,multi,0,weighted_cka,0,1002,3.02084775748911,242.0,0.7047330737113953,0.7021844387054443,1,0.0,0.604169551497822,5,0,off,0,0,0.0,0.0,0.0,0.3362004108014516,1.2646575784129088,0.39775158649357023,0.3508302120935804,0.6714079696875995,0.0,0.604169551497822,0.604169551497822
hrl,multi,0,weighted_cka,0,1003,3.0058767499075025,242.0,0.7028566002845764,0.7001816630363464,1,0.0,0.6011753499815006,5,0,off,0,0,0.0,0.0,0.0,0.2936804290622239,1.2441825574468819,0.5001896131560205,0.3469841115451417,0.6208400386972351,0.0,0.6011753499815006,0.6011753499815006
hrl,multi,0,weighted_cka,0,1004,3.121039663360453,222.0,0.7020401954650879,0.7002232074737549,1,0.0,0.6242079326720906,5,0,off,0,0,0.0,0.0,0.0,0.3193095926032401,1.2452125227828508,0.4596492404602467,0.491461842403747,0.6054064651103689,0.0,0.6242079326720906,0.6242079326720906
hrl,multi,0,weighted_cka,0,1005,3.0265689554749975,244.0,0.7027403116226196,0.7003582715988159,1,0.0,0.6053137910949996,5,0,off,0,0,0.0,0.0,0.0,0.3348921719538047,1.2728910425184292,0.5053926008222623,0.3115121440193615,0.6018809961611403,0.0,0.6053137910949996,0.6053137910949996
hrl,multi,0,weighted_cka,0,1006,3.0525164506151037,242.0,0.7036999464035034,0.7009923458099365,1,0.0,0.6105032901230208,5,0,off,0,0,0.0,0.0,0.0,0.4033508872151141,1.2287696354053912,0.5013222592230885,0.33305751751406926,0.5860161512574412,0.0,0.6105032901230208,0.6105032901230208
hrl,multi,0,weighted_cka,0,1007,2.9142467032896224,271.0,0.7018268704414368,0.7001574635505676,1,0.0,0.5828493406579246,5,0,off,0,0,0.0,0.0,0.0,0.39892049708304683,1.2804814572539178,0.5005578665235079,0.16374171231850027,0.5705451701106502,0.0,0.5828493406579246,0.5828493406579246
hrl,multi,0,weighted_cka,0,1008,2.997668925019562,252.0,0.7023944854736328,0.7010510563850403,1,0.0,0.5995337850039124,5,0,off,0,0,0.0,0.0,0.0,0.3824694899599998,1.273362750840373,0.360938956670463,0.43342437593883354,0.547473351609893,0.0,0.5995337850039124,0.5995337850039124
hrl,multi,0,weighted_cka,0,1009,3.0904577988398074,227.0,0.7033581137657166,0.700901210308075,1,0.0,0.6180915597679616,5,0,off,0,0,0.0,0.0,0.0,0.35845853387471277,1.2703840167196465,0.4077788910868111,0.46015073856571675,0.5936856185929208,0.0,0.6180915597679616,0.6180915597679616
hrl,multi,0,weighted_cka,0,1010,3.034955489675513,242.0,0.7046345472335815,0.7004450559616089,1,0.0,0.6069910979351028,5,0,off,0,0,0.0,0.0,0.0,0.38972051105974237,1.261716184117831,0.37776549502415574,0.32947284060809756,0.6762804588656871,0.0,0.6069910979351028,0.6069910979351028
hrl,multi,0,weighted_cka,0,1011,3.0672134108401647,238.0,0.7050938606262207,0.7035094499588013,1,0.0,0.613442682168033,5,0,off,0,0,0.0,0.0,0.0,0.3500038946308195,1.1949791796170173,0.6033350547016597,0.3630494333112437,0.5558458485794252,0.0,0.613442682168033,0.613442682168033
hrl,multi,0,weighted_cka,0,1012,2.9829468273300868,260.0,0.704699695110321,0.7020789980888367,1,0.0,0.5965893654660175,5,0,off,0,0,0.0,0.0,0.0,0.3678391826167935,1.2091930821621788,0.5511516336074563,0.218661330542105,0.6361015984015538,0.0,0.5965893654660175,0.5965893654660175
hrl,multi,0,weighted_cka,0,1013,3.0873627591461323,233.0,0.703139066696167,0.7005119919776917,1,0.0,0.6174725518292264,5,0,off,0,0,0.0,0.0,0.0,0.42018591301701946,1.262224725444801,0.42484107188368203,0.38377702357921945,0.596334025221411,0.0,0.6174725518292264,0.6174725518292264
hrl,multi,0,weighted_cka,0,1014,2.881648079781355,279.0,0.7027661204338074,0.7018218040466309,1,0.0,0.5763296159562711,5,0,off,0,0,0.0,0.0,0.0,0.3591431075544096,1.1967362647075204,0.33922102343919674,0.23277571034550765,0.7537719737347214,0.0,0.5763296159562711,0.5763296159562711
hrl,multi,0,weighted_cka,0,1015,3.1017030718550656,229.0,0.7039199471473694,0.7019649147987366,1,0.0,0.6203406143710132,5,0,off,0,0,0.0,0.0,0.0,0.3410899182423017,1.1983660478238014,0.6472912130043841,0.34074311501538607,0.5742127777691929,0.0,0.6203406143710132,0.6203406143710132
hrl,multi,0,weighted_cka,0,1016,3.0214989064457027,245.0,0.7027518153190613,0.700494110584259,1,0.0,0.6042997812891406,5,0,off,0,0,0.0,0.0,0.0,0.31199739216361194,1.2324977503437546,0.4499230666765942,0.4742068045814666,0.552873892680276,0.0,0.6042997812891406,0.6042997812891406
hrl,multi,0,weighted_cka,0,1017,3.0754624114204185,233.0,0.7047203779220581,0.7012659907341003,1,0.0,0.6150924822840838,5,0,off,0,0,0.0,0.0,0.0,0.4550949226901865,1.2772227486530316,0.3777243228917941,0.36684698923118403,0.5985734279542229,0.0,0.6150924822840838,0.6150924822840838
hrl,multi,0,weighted_cka,0,1018,3.063018497699561,239.0,0.7029501795768738,0.7018205523490906,1,0.0,0.6126036995399122,5,0,off,0,0,0.0,0.0,0.0,0.42545985907595585,1.2399220258388666,0.43819018857134495,0.3233210570336486,0.6361253671797457,0.0,0.6126036995399122,0.6126036995399122
hrl,multi,0,weighted_cka,0,1019,3.121257080731534,226.0,0.7042103409767151,0.700014054775238,1,0.0,0.6242514161463069,5,0,off,0,0,0.0,0.0,0.0,0.9293707383093422,0.8288548209089784,0.433578588526463,0.3274616602365567,0.601991272750194,0.0,0.6242514161463069,0.6242514161463069
hrl,multi,0,weighted_cka,0,1020,2.9466977967631087,260.0,0.7036175727844238,0.7011818885803223,1,0.0,0.5893395593526218,5,0,off,0,0,0.0,0.0,0.0,0.28438803725270545,1.2510859092706812,0.3951686642747371,0.338178562571018,0.6778766233939676,0.0,0.5893395593526218,0.5893395593526218
hrl,multi,0,weighted_cka,0,1021,2.991304779284385,249.0,0.7042999267578125,0.7018520832061768,1,0.0,0.5982609558568771,5,0,off,0,0,0.0,0.0,0.0,0.3223533892165287,1.2661595460930837,0.38232147773960595,0.3359145445747271,0.6845558216604403,0.0,0.5982609558568771,0.5982609558568771
hrl,multi,0,weighted_cka,0,1022,3.047890113888889,237.0,0.7037451267242432,0.700045645236969,1,0.0,0.609578022777778,5,0,off,0,0,0.0,0.0,0.0,0.31661013334948795,1.211871402335353,0.393378099892754,0.5325122516276896,0.5935182266836053,0.0,0.609578022777778,0.609578022777778
hrl,multi,0,weighted_cka,0,1023,3.070571783568214,239.0,0.7043999433517456,0.7004169225692749,1,0.0,0.6141143567136429,5,0,off,0,0,0.0,0.0,0.0,0.3899962323862127,1.258534999972209,0.4904201174783519,0.35148804770872805,0.5801323860227129,0.0,0.6141143567136429,0.6141143567136429
hrl,multi,0,weighted_cka,0,1024,3.1023366786214743,228.0,0.7030625343322754,0.7006925940513611,1,0.0,0.6204673357242949,5,0,off,0,0,0.0,0.0,0.0,0.35316453822422766,1.2661743733305482,0.5012352567820343,0.3833323498357785,0.5984301604488863,0.0,0.6204673357242949,0.6204673357242949
hrl,multi,0,weighted_cka,0,1025,3.039061296404571,242.0,0.7044267654418945,0.7018260955810547,1,0.0,0.6078122592809143,5,0,off,0,0,0.0,0.0,0.0,0.31421451018401414,1.2808104731468481,0.3491483540092594,0.41717285999003784,0.677715099074412,0.0,0.6078122592809143,0.6078122592809143
hrl,multi,0,weighted_cka,0,1026,3.0903009416027913,227.0,0.7036542296409607,0.7008920907974243,1,0.0,0.6180601883205583,5,0,off,0,0,0.0,0.0,0.0,0.3506430722139775,1.272382920997217,0.4153858798886648,0.4537631248794495,0.598125943623483,0.0,0.6180601883205583,0.6180601883205583
hrl,multi,0,weighted_cka,0,1027,3.0638152213492127,235.0,0.7049423456192017,0.7022898197174072,1,0.0,0.6127630442698427,5,0,off,0,0,0.0,0.0,0.0,0.3492757762826513,0.7629762885170056,0.4242597987682092,0.3516589404535188,1.1756444173278284,0.0,0.6127630442698427,0.6127630442698427
hrl,multi,0,weighted_cka,0,1028,3.0606330593039734,237.0,0.7042254209518433,0.7011030912399292,1,0.0,0.6121266118607948,5,0,off,0,0,0.0,0.0,0.0,0.39439031149772913,1.2773418022799303,0.48401032425276924,0.2961075750666204,0.6087830462069249,0.0,0.6121266118607948,0.6121266118607948
hrl,multi,0,weighted_cka,0,1029,2.9876244717614013,252.0,0.7022349834442139,0.7000662088394165,1,0.0,0.5975248943522804,5,0,off,0,0,0.0,0.0,0.0,0.34416455035749816,1.276088815893512,0.47116985901375286,0.3138488470468436,0.5823523994497953,0.0,0.5975248943522804,0.5975248943522804
hrl,multi,0,weighted_cka,0,1030,3.068319308832974,231.0,0.7040998935699463,0.7009193301200867,1,0.0,0.6136638617665949,5,0,off,0,0,0.0,0.0,0.0,0.3656892266659997,1.2722077764617277,0.5307009001431214,0.3354406523752222,0.5642807531869037,0.0,0.6136638617665949,0.6136638617665949
hrl,multi,0,weighted_cka,0,1031,3.1091655964429434,220.0,0.7020017504692078,0.7001069784164429,1,0.0,0.6218331192885888,5,0,off,0,0,0.0,0.0,0.0,0.3517606546590104,1.2607804850069804,0.4387320846504298,0.38684474324138857,0.6710476288851349,0.0,0.6218331192885888,0.6218331192885888
hrl,multi,0,weighted_cka,0,1032,3.0955983047410833,226.0,0.7048271894454956,0.7022432088851929,1,0.0,0.6191196609482168,5,0,off,0,0,0.0,0.0,0.0,0.3790259880241937,1.2789593590516595,0.5098805455002001,0.33919963522814206,0.5885327769368885,0.0,0.6191196609482168,0.6191196609482168
hrl,multi,0,weighted_cka,0,1033,3.0777513037015147,235.0,0.7025948762893677,0.7004712820053101,1,0.0,0.6155502607403031,5,0,off,0,0,0.0,0.0,0.0,0.40007502178894344,1.269353717446327,0.38987329795584075,0.318457402532309,0.6999918639780952,0.0,0.6155502607403031,0.6155502607403031
hrl,multi,0,weighted_cka,0,1034,3.1166383858749165,226.0,0.702204167842865,0.7008295059204102,1,0.0,0.6233276771749834,5,0,off,0,0,0.0,0.0,0.0,0.35177941034361715,1.2545788625264538,0.42067447762587096,0.517755860751029,0.5718497746279462,0.0,0.6233276771749834,0.6233276771749834
hrl,multi,0,weighted_cka,0,1035,3.0388958628358655,246.0,0.70569908618927,0.7048702239990234,1,0.0,0.6077791725671731,5,0,off,0,0,0.0,0.0,0.0,0.4593412707768728,1.2767243521921334,0.359203000281006,0.30352340298332264,0.6401038366025312,0.0,0.6077791725671731,0.6077791725671731
hrl,multi,0,weighted_cka,0,1036,3.0963092415560665,229.0,0.7028848528862,0.7000683546066284,1,0.0,0.6192618483112133,5,0,off,0,0,0.0,0.0,0.0,0.4635441561182959,1.2755993142738005,0.41613112593488755,0.3403962460951588,0.6006383991339243,0.0,0.6192618483112133,0.6192618483112133
hrl,multi,0,weighted_cka,0,1037,3.064786915446383,240.0,0.7023375630378723,0.7002803087234497,1,0.0,0.6129573830892767,5,0,off,0,0,0.0,0.0,0.0,0.39126903576077887,1.26934377092123,0.4553850549189372,0.3333968784154712,0.6153921754299662,0.0,0.6129573830892767,0.6129573830892767
hrl,multi,0,weighted_cka,0,1038,3.103061876757953,228.0,0.7041558623313904,0.7013275027275085,1,0.0,0.6206123753515908,5,0,off,0,0,0.0,0.0,0.0,0.40199410055810575,1.2735185887096447,0.3857286715498193,0.3259884426556054,0.7158320732847786,0.0,0.6206123753515908,0.6206123753515908
hrl,multi,0,weighted_cka,0,1039,3.0601077073134935,239.0,0.7029960751533508,0.7007002234458923,1,0.0,0.6120215414626988,5,0,off,0,0,0.0,0.0,0.0,0.3602364349835552,1.2348399182055143,0.4778018511324188,0.40432299342867906,0.5829065095633267,0.0,0.6120215414626988,0.6120215414626988
hrl,multi,0,weighted_cka,0,1040,3.106194015662723,227.0,0.7049257159233093,0.7018334865570068,1,0.0,0.6212388031325446,5,0,off,0,0,0.0,0.0,0.0,0.3725609865664154,1.266066723515745,0.5214686956391669,0.3394478000900853,0.606649809851311,0.0,0.6212388031325446,0.6212388031325446
hrl,multi,0,weighted_cka,0,1041,3.067552488985936,238.0,0.7029193639755249,0.7007407546043396,1,0.0,0.6135104977971872,5,0,off,0,0,0.0,0.0,0.0,0.3217910952328238,1.2781275547584516,0.519138288619928,0.3772108612575102,0.5712846891172229,0.0,0.6135104977971872,0.6135104977971872
hrl,multi,0,weighted_cka,0,1042,3.039778709365461,238.0,0.7044690847396851,0.7021318674087524,1,0.0,0.6079557418730923,5,0,off,0,0,0.0,0.0,0.0,0.3804881768730992,1.2712273335172792,0.3955729331351467,0.3488247704647655,0.6436654953751711,0.0,0.6079557418730923,0.6079557418730923
hrl,multi,0,weighted_cka,0,1043,3.121451275620259,224.0,0.7020525932312012,0.701019823551178,1,0.0,0.6242902551240519,5,0,off,0,0,0.0,0.0,0.0,0.37475511932815414,0.7737504382478072,0.383976145338267,0.3736218570674536,1.2153477156385777,0.0,0.6242902551240519,0.6242902551240519
hrl,multi,0,weighted_cka,0,1044,3.108029732383059,224.0,0.7032065987586975,0.7012903690338135,1,0.0,0.6216059464766118,5,0,off,0,0,0.0,0.0,0.0,0.3536339887340436,1.2513106648204846,0.3819390237149782,0.38960391364528907,0.731542141468264,0.0,0.6216059464766118,0.6216059464766118
hrl,multi,0,weighted_cka,0,1045,3.0953692012866583,227.0,0.7043110132217407,0.7023488879203796,1,0.0,0.6190738402573317,5,0,off,0,0,0.0,0.0,0.0,0.3422899414934218,1.257107089329045,0.5404377843001856,0.3347648162771583,0.6207695698868482,0.0,0.6190738402573317,0.6190738402573317
hrl,multi,0,weighted_cka,0,1046,3.049735213873965,237.0,0.7045292854309082,0.7019596695899963,1,0.0,0.6099470427747931,5,0,off,0,0,0.0,0.0,0.0,0.3872126976579892,1.2818090824540702,0.39401563154347236,0.4407485993810113,0.5459492028374223,0.0,0.6099470427747931,0.6099470427747931
hrl,multi,0,weighted_cka,0,1047,3.0016300974321917,249.0,0.7041622400283813,0.7007487416267395,1,0.0,0.6003260194864384,5,0,off,0,0,0.0,0.0,0.0,0.3267571858237497,1.260239289678633,0.38131013940973196,0.3588474697695492,0.6744760127505286,0.0,0.6003260194864384,0.6003260194864384
hrl,multi,0,weighted_cka,0,1048,3.0621633330968403,240.0,0.7048717737197876,0.702741265296936,1,0.0,0.6124326666193681,5,0,off,0,0,0.0,0.0,0.0,0.3600842422009445,1.2858153764670712,0.3797459364670794,0.3507716565356331,0.6857461214261128,0.0,0.6124326666193681,0.6124326666193681
hrl,multi,0,weighted_cka,0,1049,2.403543495099619,300.0,0.6976381540298462,0.6736199855804443,0,0.0,0.4807086990199239,5,0,off,0,0,0.0,0.0,0.0,0.40206604579533445,1.2527390618314964,0.5077184397762174,0.33285362965526283,-0.09183368195869149,0.0,0.4807086990199239,0.4807086990199239
hrl,multi,0,weighted_cka,0,1050,3.0810939122640617,229.0,0.7046458125114441,0.7023488879203796,1,0.0,0.6162187824528125,5,0,off,0,0,0.0,0.0,0.0,0.32355574267229525,0.7602416931586339,0.4486030194615013,0.9863753813288275,0.5623180756428044,0.0,0.6162187824528125,0.6162187824528125
hrl,multi,0,weighted_cka,0,1051,2.9752728868855907,256.0,0.7044490575790405,0.7005247473716736,1,0.0,0.5950545773771182,5,0,off,0,0,0.0,0.0,0.0,0.3731935846498235,1.2506214750008655,0.44084097399306466,0.3997124646986193,0.5109043885432182,0.0,0.5950545773771182,0.5950545773771182
hrl,multi,0,weighted_cka,0,1052,3.101131659595993,230.0,0.7022367715835571,0.7002996206283569,1,0.0,0.6202263319191986,5,0,off,0,0,0.0,0.0,0.0,0.46435867960797605,1.2776144792842676,0.4306758033267687,0.3436648711031302,0.5848178262738509,0.0,0.6202263319191986,0.6202263319191986
hrl,multi,0,weighted_cka,0,1053,3.0350949809584695,246.0,0.7029517889022827,0.7005246877670288,1,0.0,0.607018996191694,5,0,off,0,0,0.0,0.0,0.0,0.3487247942108078,1.1661488866275174,0.3883755453559569,0.5777626781192665,0.5540830766449215,0.0,0.607018996191694,0.607018996191694
hrl,multi,0,weighted_cka,0,1054,3.112555137520582,223.0,0.7038897275924683,0.7012715935707092,1,0.0,0.6225110275041165,5,0,off,0,0,0.0,0.0,0.0,0.3794196678982115,1.269600719835609,0.5258778931670821,0.3479805585191788,0.5896762981005012,0.0,0.6225110275041165,0.6225110275041165
hrl,multi,0,weighted_cka,0,1055,3.08971190737537,229.0,0.7039502263069153,0.7001087665557861,1,0.0,0.6179423814750741,5,0,off,0,0,0.0,0.0,0.0,0.3733419480030425,1.2471850078748536,0.5197176684956065,0.3393933316066395,0.6100739513952284,0.0,0.6179423814750741,0.6179423814750741
hrl,multi,0,weighted_cka,0,1056,2.9289376974051815,272.0,0.7043591737747192,0.7001847624778748,1,0.0,0.5857875394810363,5,0,off,0,0,0.0,0.0,0.0,0.37054878936411106,1.2507901651402933,0.5211191220364998,0.3445817454500483,0.44189787541422965,0.0,0.5857875394810363,0.5857875394810363
hrl,multi,0,weighted_cka,0,1057,3.071135145441395,237.0,0.7020358443260193,0.7010679841041565,1,0.0,0.6142270290882792,5,0,off,0,0,0.0,0.0,0.0,0.3689315862208604,0.7587892052927053,0.3746005701457615,0.9774645882672629,0.5913491955148055,0.0,0.6142270290882792,0.6142270290882792
hrl,multi,0,weighted_cka,0,1058,3.0543615137865987,232.0,0.7029227018356323,0.7008130550384521,1,0.0,0.6108723027573199,5,0,off,0,0,0.0,0.0,0.0,0.3328530273806536,1.2759998934436587,0.43192740239668626,0.3399737550802528,0.673607435485348,0.0,0.6108723027573199,0.6108723027573199
hrl,multi,0,weighted_cka,0,1059,2.410953976438485,300.0,0.691786527633667,0.6458336710929871,0,0.0,0.482190795287697,5,0,off,0,0,0.0,0.0,0.0,0.47246673881262524,1.272763578684069,0.43820324705261726,0.35247432997396383,-0.12495391808479,0.0,0.482190795287697,0.482190795287697
hrl,multi,0,weighted_cka,0,1060,3.02882374095937,242.0,0.7040193676948547,0.7025227546691895,1,0.0,0.605764748191874,5,0,off,0,0,0.0,0.0,0.0,0.434342099998117,1.2808547352999446,0.41037962200911704,0.3153485164856537,0.587898767166538,0.0,0.605764748191874,0.605764748191874
hrl,multi,0,weighted_cka,0,1061,3.0916009920503553,229.0,0.7047433853149414,0.7020247578620911,1,0.0,0.6183201984100711,5,0,off,0,0,0.0,0.0,0.0,0.33274811744247557,1.2695296088168395,0.4487286022263578,0.45225973583348955,0.5883349277311934,0.0,0.6183201984100711,0.6183201984100711
hrl,multi,0,weighted_cka,0,1062,3.0327191302720444,242.0,0.704613983631134,0.7002337574958801,1,0.0,0.6065438260544089,5,0,off,0,0,0.0,0.0,0.0,0.37956512752268456,1.2575558749623594,0.3489671938898972,0.365276741427835,0.6813541924692689,0.0,0.6065438260544089,0.6065438260544089
hrl,multi,0,weighted_cka,0,1063,3.124885871710371,226.0,0.7027832269668579,0.7007917761802673,1,0.0,0.6249771743420742,5,0,off,0,0,0.0,0.0,0.0,0.4606125021290498,1.2702767503187058,0.44169925947347644,0.352360210261424,0.5999371495277154,0.0,0.6249771743420742,0.6249771743420742
hrl,multi,0,weighted_cka,0,1064,3.097536098299576,228.0,0.702160120010376,0.7003330588340759,1,0.0,0.6195072196599153,5,0,off,0,0,0.0,0.0,0.0,0.3447615110389888,1.2777012573881072,0.5179362190784885,0.3572537993071891,0.5998833114868029,0.0,0.6195072196599153,0.6195072196599153
hrl,multi,0,weighted_cka,0,1065,3.02725866200264,245.0,0.7045121788978577,0.7012796401977539,1,0.0,0.6054517324005281,5,0,off,0,0,0.0,0.0,0.0,0.3283139225319027,1.2387930491212753,0.38491039965092194,0.3716421955831028,0.703599095115438,0.0,0.6054517324005281,0.6054517324005281
hrl,multi,0,weighted_cka,0,1066,3.0879339060935878,234.0,0.7046669721603394,0.7022708654403687,1,0.0,0.6175867812187177,5,0,off,0,0,0.0,0.0,0.0,0.4046897119451313,1.2849073041826484,0.3739036987419239,0.3373933521616272,0.6870398390622575,0.0,0.6175867812187177,0.6175867812187177
hrl,multi,0,weighted_cka,0,1067,3.0730671089181256,236.0,0.7024790048599243,0.7005587816238403,1,0.0,0.6146134217836252,5,0,off,0,0,0.0,0.0,0.0,0.48120890834950825,1.2800230720406396,0.354933655670844,0.33590993154785237,0.620991541309282,0.0,0.6146134217836252,0.6146134217836252
hrl,multi,0,weighted_cka,0,1068,3.086374759324254,232.0,0.704590916633606,0.703713595867157,1,0.0,0.6172749518648508,5,0,off,0,0,0.0,0.0,0.0,0.37141877745604135,1.2627559106731785,0.40687274137558405,0.379719248504738,0.6656080813147126,0.0,0.6172749518648508,0.6172749518648508
hrl,multi,0,weighted_cka,0,1069,3.102945219095446,227.0,0.7009078860282898,0.7000847458839417,1,0.0,0.6205890438190893,5,0,off,0,0,0.0,0.0,0.0,0.3220923217204399,1.2708602846926076,0.4433443734569008,0.46076530296669793,0.6058829362588002,0.0,0.6205890438190893,0.6205890438190893
hrl,multi,0,weighted_cka,0,1070,3.0991191163766185,231.0,0.7033297419548035,0.7008970975875854,1,0.0,0.6198238232753237,5,0,off,0,0,0.0,0.0,0.0,0.4585051070111802,1.2698470807950941,0.3902858769074082,0.3904940340544562,0.5899870176084804,0.0,0.6198238232753237,0.6198238232753237
hrl,multi,0,weighted_cka,0,1071,3.1051993099896196,225.0,0.7044295072555542,0.7009429335594177,1,0.0,0.621039861997924,5,0,off,0,0,0.0,0.0,0.0,0.39112000150606024,1.2491222843346184,0.5552515110680832,0.3301079804751061,0.5795975326057522,0.0,0.621039861997924,0.621039861997924
hrl,multi,0,weighted_cka,0,1072,3.0667309139574632,237.0,0.7036134004592896,0.702178418636322,1,0.0,0.6133461827914928,5,0,off,0,0,0.0,0.0,0.0,0.34397162423282857,1.2393822169522752,0.5020908879544584,0.37719130920560556,0.604094875612296,0.0,0.6133461827914928,0.6133461827914928
hrl,multi,0,weighted_cka,0,1073,2.3812637606554503,300.0,0.68895423412323,0.6360753774642944,0,0.0,0.47625275213109014,5,0,off,0,0,0.0,0.0,0.0,0.37854771182063257,1.2793978141946716,0.5232396833812817,0.2853693852974974,-0.08529083403863241,0.0,0.47625275213109014,0.47625275213109014
hrl,multi,0,weighted_cka,0,1074,3.09864872455591,226.0,0.7038514018058777,0.7014234066009521,1,0.0,0.619729744911182,5,0,off,0,0,0.0,0.0,0.0,0.3179001368323806,1.270220073752105,0.4491417457680217,0.46771032501867726,0.5936764431847258,0.0,0.619729744911182,0.619729744911182
hrl,multi,0,weighted_cka,0,1075,3.122153228127629,224.0,0.7031596302986145,0.7020187377929688,1,0.0,0.6244306456255259,5,0,off,0,0,0.0,0.0,0.0,0.4615456506189656,1.2881692042239008,0.3965255201421677,0.3411126550390035,0.6348001981035921,0.0,0.6244306456255259,0.6244306456255259
hrl,multi,0,weighted_cka,0,1076,3.1076911475771327,225.0,0.7047207355499268,0.7020187377929688,1,0.0,0.6215382295154266,5,0,off,0,0,0.0,0.0,0.0,0.3827748534104029,1.2762081413622943,0.5372243736851959,0.3038395245288556,0.6076442545903845,0.0,0.6215382295154266,0.6215382295154266
hrl,multi,0,weighted_cka,0,1077,3.0378939643001637,235.0,0.7038560509681702,0.7019175887107849,1,0.0,0.6075787928600328,5,0,off,0,0,0.0,0.0,0.0,0.35778632689360523,1.2745599014270117,0.5289665375526528,0.3166930261105298,0.5598881723163648,0.0,0.6075787928600328,0.6075787928600328
hrl,multi,0,weighted_cka,0,1078,2.9706016472737233,250.0,0.7056860327720642,0.7020860314369202,1,0.0,0.5941203294547448,5,0,off,0,0,0.0,0.0,0.0,0.2670439882162754,1.269436576082371,0.5096559488622004,0.35174440529455014,0.572720728818327,0.0,0.5941203294547448,0.5941203294547448
hrl,multi,0,weighted_cka,0,1079,3.113709599201508,223.0,0.7045614123344421,0.7021028995513916,1,0.0,0.6227419198403017,5,0,off,0,0,0.0,0.0,0.0,0.34956050942017464,1.2791745795803142,0.43295035190344777,0.348584669495467,0.703439488802105,0.0,0.6227419198403017,0.6227419198403017
hrl,multi,0,weighted_cka,0,1080,3.1278399417567986,223.0,0.7026082277297974,0.7006124258041382,1,0.0,0.6255679883513597,5,0,off,0,0,0.0,0.0,0.0,0.4689859140114857,1.2819319408554581,0.4083309743651188,0.32809569303737945,0.640495419487357,0.0,0.6255679883513597,0.6255679883513597
hrl,multi,0,weighted_cka,0,1081,3.057319988733389,237.0,0.7038878202438354,0.7012627124786377,1,0.0,0.6114639977466779,5,0,off,0,0,0.0,0.0,0.0,0.3701057689521694,1.2255262991040943,0.5643335436750202,0.3733645985448965,0.5239897784572093,0.0,0.6114639977466779,0.6114639977466779
hrl,multi,0,weighted_cka,0,1082,3.1228581941612052,223.0,0.7037009000778198,0.701854407787323,1,0.0,0.6245716388322411,5,0,off,0,0,0.0,0.0,0.0,0.466571218586061,1.2978909144969655,0.39912867411435576,0.38025970116606905,0.5790076857977545,0.0,0.6245716388322411,0.6245716388322411
hrl,multi,0,weighted_cka,0,1083,3.0319113014370656,245.0,0.7047772407531738,0.7022087574005127,1,0.0,0.6063822602874132,5,0,off,0,0,0.0,0.0,0.0,0.48267315055243654,1.2698267592904156,0.2965132031617685,0.36246505722659633,0.6204331312058492,0.0,0.6063822602874132,0.6063822602874132
hrl,multi,0,weighted_cka,0,1084,3.0833873799996314,232.0,0.703324019908905,0.7001363039016724,1,0.0,0.6166774759999264,5,0,off,0,0,0.0,0.0,0.0,0.33568810979148833,1.2640011661387978,0.40709268155437883,0.4626691139540743,0.6139363085608928,0.0,0.6166774759999264,0.6166774759999264
hrl,multi,0,weighted_cka,0,1085,3.0564524066759464,239.0,0.7044395208358765,0.7011386752128601,1,0.0,0.6112904813351894,5,0,off,0,0,0.0,0.0,0.0,0.3488770245471968,1.272577694206964,0.5222057990827597,0.32040962297252545,0.5923822658665011,0.0,0.6112904813351894,0.6112904813351894
hrl,multi,0,weighted_cka,0,1086,3.1227587120954983,223.0,0.7039832472801208,0.7009479999542236,1,0.0,0.6245517424190997,5,0,off,0,0,0.0,0.0,0.0,0.37358507965563326,1.285748084391467,0.43667458919621993,0.3387686496462556,0.6879823092059231,0.0,0.6245517424190997,0.6245517424190997
hrl,multi,0,weighted_cka,0,1087,3.0806245182448753,230.0,0.7049686312675476,0.7005259394645691,1,0.0,0.6161249036489751,5,0,off,0,0,0.0,0.0,0.0,0.4699412885162745,1.2696064835153518,0.40569587123859663,0.36311008427385233,0.5722707907008006,0.0,0.6161249036489751,0.6161249036489751
hrl,multi,0,weighted_cka,0,1088,3.053631362752522,232.0,0.7031452655792236,0.7010679841041565,1,0.0,0.6107262725505045,5,0,off,0,0,0.0,0.0,0.0,0.32542712987167755,1.2506395870591511,0.40987481096293765,0.40542453471710893,0.6622653001416473,0.0,0.6107262725505045,0.6107262725505045
hrl,multi,0,weighted_cka,0,1089,3.073650158675619,227.0,0.7035917043685913,0.7025227546691895,1,0.0,0.6147300317351239,5,0,off,0,0,0.0,0.0,0.0,0.34692183778085733,1.2779777146736158,0.4038777127373031,0.3554896547975949,0.6893832386862485,0.0,0.6147300317351239,0.6147300317351239
hrl,multi,0,weighted_cka,0,1090,3.0479677067853723,233.0,0.7037947177886963,0.7022107243537903,1,0.0,0.6095935413570746,5,0,off,0,0,0.0,0.0,0.0,0.34225554264228036,1.2403951627481726,0.4033232593303545,0.3539917370297407,0.7080020050348247,0.0,0.6095935413570746,0.6095935413570746
hrl,multi,0,weighted_cka,0,1091,3.104437342184871,228.0,0.7035821676254272,0.7013712525367737,1,0.0,0.6208874684369742,5,0,off,0,0,0.0,0.0,0.0,0.4577537093497811,1.2870809596898032,0.4427775803701951,0.3414089521557179,0.5754161406193742,0.0,0.6208874684369742,0.6208874684369742
hrl,multi,0,weighted_cka,0,1092,3.0948782249909406,228.0,0.7053810358047485,0.7032442092895508,1,0.0,0.6189756449981882,5,0,off,0,0,0.0,0.0,0.0,0.3625930920804239,1.2596174819292498,0.5394781045555136,0.3476796332505036,0.5855099131752503,0.0,0.6189756449981882,0.6189756449981882
hrl,multi,0,weighted_cka,0,1093,3.1088837767753854,224.0,0.703772783279419,0.7023488879203796,1,0.0,0.6217767553550771,5,0,off,0,0,0.0,0.0,0.0,0.3506587507780641,1.2566210409952325,0.4384760777680202,0.4796019726552184,0.5835259345788507,0.0,0.6217767553550771,0.6217767553550771
hrl,multi,0,weighted_cka,0,1094,3.026275907808797,239.0,0.7031952738761902,0.7008044123649597,1,0.0,0.6052551815617595,5,0,off,0,0,0.0,0.0,0.0,0.32395384870131955,1.2690981277357785,0.5285041421307249,0.31539844797272226,0.5893213412682524,0.0,0.6052551815617595,0.6052551815617595
hrl,multi,0,weighted_cka,0,1095,3.0679303634338417,235.0,0.7038743495941162,0.7015938758850098,1,0.0,0.6135860726867685,5,0,off,0,0,0.0,0.0,0.0,0.37654798061028116,1.2421575837074776,0.37690655771642917,0.4983166109123266,0.5740016304873278,0.0,0.6135860726867685,0.6135860726867685
hrl,multi,0,weighted_cka,0,1096,3.080365349186816,229.0,0.7034415006637573,0.7005603909492493,1,0.0,0.6160730698373633,5,0,off,0,0,0.0,0.0,0.0,0.3949459769409149,1.2378528756797311,0.5527720235036685,0.33987062412418884,0.5549238489383131,0.0,0.6160730698373633,0.6160730698373633
hrl,multi,0,weighted_cka,0,1097,3.033448753409552,246.0,0.7027232050895691,0.7002100348472595,1,0.0,0.6066897506819104,5,0,off,0,0,0.0,0.0,0.0,0.42411967928451466,1.2646650830870492,0.40905022032978,0.3447122455833014,0.5909015251249073,0.0,0.6066897506819104,0.6066897506819104
hrl,multi,0,weighted_cka,0,1098,3.112254049436799,224.0,0.7041153907775879,0.7015091180801392,1,0.0,0.6224508098873598,5,0,off,0,0,0.0,0.0,0.0,0.46017505601746944,1.2742794147161765,0.44216225152881805,0.3386864613712823,0.5969508658030535,0.0,0.6224508098873598,0.6224508098873598
hrl,multi,0,weighted_cka,0,1099,3.0878670745310943,225.0,0.7036833167076111,0.7012176513671875,1,0.0,0.617573414906219,5,0,off,0,0,0.0,0.0,0.0,0.33441566755017255,1.2719279568810014,0.5458605712447314,0.3534798406363115,0.5821830382188781,0.0,0.617573414906219,0.617573414906219
hrl,multi,0,weighted_cka,0,1100,3.075089597130193,234.0,0.7031668424606323,0.7010679841041565,1,0.0,0.6150179194260387,5,0,off,0,0,0.0,0.0,0.0,0.3637040750179439,1.272157980402,0.5126407293351366,0.35179643131699406,0.5747903810581191,0.0,0.6150179194260387,0.6150179194260387
hrl,multi,0,weighted_cka,0,1101,3.0761653546675576,234.0,0.704093873500824,0.7029433250427246,1,0.0,0.6152330709335116,5,0,off,0,0,0.0,0.0,0.0,0.3816616948992013,1.275115856750868,0.4272320735831744,0.32136241000073634,0.6707933194335781,0.0,0.6152330709335116,0.6152330709335116
hrl,multi,0,weighted_cka,0,1102,2.9860218898561275,255.0,0.7015504837036133,0.7009057402610779,1,0.0,0.5972043779712256,5,0,off,0,0,0.0,0.0,0.0,0.2894064068028237,1.264005305371247,0.38807979500712814,0.4271730348736017,0.6173573478013276,0.0,0.5972043779712256,0.5972043779712256
hrl,multi,0,weighted_cka,0,1103,3.0435929511783457,234.0,0.7041579484939575,0.7008661031723022,1,0.0,0.6087185902356692,5,0,off,0,0,0.0,0.0,0.0,0.31464422855759033,1.2769501988170666,0.4461377266945782,0.40981099591034564,0.5960498011987655,0.0,0.6087185902356692,0.6087185902356692
hrl,multi,0,weighted_cka,0,1104,3.098305368223459,226.0,0.7055146098136902,0.7025519609451294,1,0.0,0.6196610736446919,5,0,off,0,0,0.0,0.0,0.0,0.39411521021137,1.27672158888448,0.4021907350029795,0.45149883096548715,0.5737790031591429,0.0,0.6196610736446919,0.6196610736446919
hrl,multi,0,weighted_cka,0,1105,3.0645764562382816,235.0,0.704372763633728,0.7008458971977234,1,0.0,0.6129152912476564,5,0,off,0,0,0.0,0.0,0.0,0.3950524611198343,1.1825438040513543,0.411799757036846,0.5220066920451353,0.5531737419851123,0.0,0.6129152912476564,0.6129152912476564
hrl,multi,0,weighted_cka,0,1106,3.0557238265352153,236.0,0.703314483165741,0.7000795006752014,1,0.0,0.6111447653070431,5,0,off,0,0,0.0,0.0,0.0,0.4451472852327859,1.2535637652315197,0.3940435905917547,0.3670399704058613,0.5959292150732943,0.0,0.6111447653070431,0.6111447653070431
hrl,multi,0,weighted_cka,0,1107,2.966331008664251,261.0,0.704735279083252,0.7027912735939026,1,0.0,0.5932662017328503,5,0,off,0,0,0.0,0.0,0.0,0.3433462925553321,1.2651974657755343,0.4425655969167127,0.42800905788608345,0.48721259553058893,0.0,0.5932662017328503,0.5932662017328503
hrl,multi,0,weighted_cka,0,1108,3.0849349538781667,234.0,0.7043155431747437,0.7018323540687561,1,0.0,0.6169869907756335,5,0,off,0,0,0.0,0.0,0.0,0.4114979504290967,1.2561913948711005,0.4957716395272872,0.3248748642206191,0.5965991048300637,0.0,0.6169869907756335,0.6169869907756335
hrl,multi,0,weighted_cka,0,1109,2.4072390540190085,300.0,0.7007461786270142,0.6827828884124756,0,0.0,0.4814478108038018,5,0,off,0,0,0.0,0.0,0.0,0.37790024003386485,1.2480048760008065,0.38357361685205243,0.3526118736398784,0.045148447492406873,0.0,0.4814478108038018,0.4814478108038018
hrl,multi,0,weighted_cka,0,1110,3.1036675443423434,227.0,0.7035349011421204,0.7014974355697632,1,0.0,0.6207335088684688,5,0,off,0,0,0.0,0.0,0.0,0.38616041147313074,1.2520050312867386,0.40775090126367275,0.4785831543668172,0.5791680459519847,0.0,0.6207335088684688,0.6207335088684688
hrl,multi,0,weighted_cka,0,1111,3.0474419284879537,244.0,0.7039931416511536,0.7018385529518127,1,0.0,0.6094883856975908,5,0,off,0,0,0.0,0.0,0.0,0.4019150390485155,1.2790498631782827,0.4145248225755057,0.28252367371623394,0.6694285299694164,0.0,0.6094883856975908,0.6094883856975908
hrl,multi,0,weighted_cka,0,1112,3.119180342741775,222.0,0.7037362456321716,0.7023299336433411,1,0.0,0.623836068548355,5,0,off,0,0,0.0,0.0,0.0,0.4611784454081206,1.277135674648918,0.3949787558615207,0.35596150383492925,0.6299259629882871,0.0,0.623836068548355,0.623836068548355
hrl,multi,0,weighted_cka,0,1113,3.0971055347641583,225.0,0.7052227258682251,0.7022520899772644,1,0.0,0.6194211069528317,5,0,off,0,0,0.0,0.0,0.0,0.44418710683519,1.2768434263663364,0.4420697350502013,0.3468919847846627,0.5871132817277683,0.0,0.6194211069528317,0.6194211069528317
hrl,multi,0,weighted_cka,0,1114,3.0772211775025995,234.0,0.7035813331604004,0.7006829977035522,1,0.0,0.61544423550052,5,0,off,0,0,0.0,0.0,0.0,0.41612908656569186,1.2809001394016666,0.36000132051622485,0.34927300699294567,0.6709176240260711,0.0,0.61544423550052,0.61544423550052
hrl,multi,0,weighted_cka,0,1115,3.134346254017443,218.0,0.70198655128479,0.7005246877670288,1,0.0,0.6268692508034887,5,0,off,0,0,0.0,0.0,0.0,0.33385659576187016,1.2880111193610353,0.4589939632201566,0.36580875099401594,0.6876758246803655,0.0,0.6268692508034887,0.6268692508034887
hrl,multi,0,weighted_cka,0,1116,3.1152587250478088,224.0,0.7044105529785156,0.701490044593811,1,0.0,0.6230517450095618,5,0,off,0,0,0.0,0.0,0.0,0.39093548871995876,1.2811064703520385,0.5205017467010765,0.3119191867441404,0.6107958325305952,0.0,0.6230517450095618,0.6230517450095618
hrl,multi,0,weighted_cka,0,1117,3.1178093183939333,226.0,0.7038435935974121,0.7007657289505005,1,0.0,0.6235618636787866,5,0,off,0,0,0.0,0.0,0.0,0.4496406464399768,1.2741030688602475,0.4439444243540055,0.3444811675399541,0.6056400111997499,0.0,0.6235618636787866,0.6235618636787866
hrl,multi,0,weighted_cka,0,1118,3.113408202365156,234.0,0.7023036479949951,0.7008184790611267,1,0.0,0.6226816404730312,5,0,off,0,0,0.0,0.0,0.0,0.4745945704794138,1.3050744424508882,0.42893585422239255,0.3377104299179627,0.5670929052944992,0.0,0.6226816404730312,0.6226816404730312
hrl,multi,0,weighted_cka,0,1119,3.0983909156528813,232.0,0.702128529548645,0.7001319527626038,1,0.0,0.6196781831305763,5,0,off,0,0,0.0,0.0,0.0,0.3480458855852484,1.2285135358693076,0.44012452867859964,0.35638345914660013,0.7253235063731261,0.0,0.6196781831305763,0.6196781831305763
hrl,multi,0,weighted_cka,0,1120,3.0959114005785437,227.0,0.7032617330551147,0.7016303539276123,1,0.0,0.6191822801157089,5,0,off,0,0,0.0,0.0,0.0,0.3906395921129732,1.2764970016251316,0.4975879509402438,0.3274639751735157,0.60372288072668,0.0,0.6191822801157089,0.6191822801157089
hrl,multi,0,weighted_cka,0,1121,3.1240830352542677,223.0,0.7035872340202332,0.7013041973114014,1,0.0,0.6248166070508536,5,0,off,0,0,0.0,0.0,0.0,0.3254941205140202,1.289049403867684,0.5419378876900299,0.36709732690243974,0.6005042962800943,0.0,0.6248166070508536,0.6248166070508536
hrl,multi,0,weighted_cka,0,1122,3.101744947302787,232.0,0.7014355063438416,0.7000245451927185,1,0.0,0.6203489894605575,5,0,off,0,0,0.0,0.0,0.0,0.4067129279328509,1.2807204518867654,0.511970967428293,0.32754019833931663,0.5748004017155616,0.0,0.6203489894605575,0.6203489894605575
hrl,multi,0,weighted_cka,0,1123,3.0807442452528035,236.0,0.7047557830810547,0.7007847428321838,1,0.0,0.6161488490505608,5,0,off,0,0,0.0,0.0,0.0,0.38084849111060604,1.2502334701102225,0.3390318379069212,0.4999764098138547,0.6106540363111997,0.0,0.6161488490505608,0.6161488490505608
hrl,multi,0,weighted_cka,0,1124,3.100561483345488,233.0,0.7043434977531433,0.7005866765975952,1,0.0,0.6201122966690976,5,0,off,0,0,0.0,0.0,0.0,0.48519608075218257,1.284790741145145,0.4019542621313593,0.30295881235043626,0.6256615869663654,0.0,0.6201122966690976,0.6201122966690976
hrl,multi,0,weighted_cka,0,1125,3.078501048433884,234.0,0.7037884593009949,0.7007847428321838,1,0.0,0.6157002096867769,5,0,off,0,0,0.0,0.0,0.0,0.4317799025671555,1.2786405287887899,0.4329118835283442,0.33372303950256893,0.6014456940470262,0.0,0.6157002096867769,0.6157002096867769
hrl,multi,0,weighted_cka,0,1126,3.073145725540368,238.0,0.703910231590271,0.7014878988265991,1,0.0,0.6146291451080736,5,0,off,0,0,0.0,0.0,0.0,0.4918514817906542,1.2800484575657172,0.4049299328685737,0.317115810789186,0.5792000425262375,0.0,0.6146291451080736,0.6146291451080736
hrl,multi,0,weighted_cka,0,1127,3.136407946663813,222.0,0.7038565874099731,0.7003198266029358,1,0.0,0.6272815893327627,5,0,off,0,0,0.0,0.0,0.0,0.3620213545579463,1.2818881750665603,0.5138063017143867,0.38256855945204,0.5961235558728802,0.0,0.6272815893327627,0.6272815893327627
hrl,multi,0,weighted_cka,0,1128,3.034364287782692,247.0,0.7037743330001831,0.7007327675819397,1,0.0,0.6068728575565384,5,0,off,0,0,0.0,0.0,0.0,0.45653190542012434,1.2721723658004773,0.3793302450249902,0.33265167164592996,0.5936780998911707,0.0,0.6068728575565384,0.6068728575565384
hrl,multi,0,weighted_cka,0,1129,3.0868661130736497,229.0,0.7040051221847534,0.7026296257972717,1,0.0,0.61737322261473,5,0,off,0,0,0.0,0.0,0.0,0.3005490403703879,1.251793503188528,0.5937736921692266,0.32585209170704904,0.6148977856384589,0.0,0.61737322261473,0.61737322261473
hrl,multi,0,weighted_cka,0,1130,3.0692483554366614,231.0,0.7049736976623535,0.7011247873306274,1,0.0,0.6138496710873323,5,0,off,0,0,0.0,0.0,0.0,0.34193490961613127,1.245255040472606,0.3954346659225411,0.4717035528629202,0.6149201865624635,0.0,0.6138496710873323,0.6138496710873323
hrl,multi,0,weighted_cka,0,1131,3.122586062884328,225.0,0.7045567631721497,0.7013164758682251,1,0.0,0.6245172125768657,5,0,off,0,0,0.0,0.0,0.0,0.3962825301364063,1.2328721938049418,0.5672932319790124,0.3228252312097683,0.6033128757541998,0.0,0.6245172125768657,0.6245172125768657
hrl,multi,0,weighted_cka,0,1132,2.398078110220375,300.0,0.6931114196777344,0.6560319662094116,0,0.0,0.4796156220440751,5,0,off,0,0,0.0,0.0,0.0,0.3816966197835281,1.2617302153930066,0.521648627610877,0.32819154206829254,-0.0951888946353287,0.0,0.4796156220440751,0.4796156220440751
hrl,multi,0,weighted_cka,0,1133,3.064527096032593,236.0,0.7038294076919556,0.7017127871513367,1,0.0,0.6129054192065186,5,0,off,0,0,0.0,0.0,0.0,0.3038582020143512,1.2829647876298984,0.4134222877146675,0.43394244944929217,0.6303393692243843,0.0,0.6129054192065186,0.6129054192065186
hrl,multi,0,weighted_cka,0,1134,3.0955734844904206,228.0,0.7034559845924377,0.7016119360923767,1,0.0,0.6191146968980842,5,0,off,0,0,0.0,0.0,0.0,0.36879752579150943,1.277072608045302,0.5202500248500145,0.3213932331225077,0.6080600926810874,0.0,0.6191146968980842,0.6191146968980842
hrl,multi,0,weighted_cka,0,1135,3.0988008388944532,231.0,0.7043389678001404,0.7023237347602844,1,0.0,0.6197601677788908,5,0,off,0,0,0.0,0.0,0.0,0.36018255477445194,1.2751762560773638,0.48391437802440473,0.3796298879711066,0.5998977620471267,0.0,0.6197601677788908,0.6197601677788908
hrl,multi,0,weighted_cka,0,1136,3.089698573621789,230.0,0.7029340863227844,0.7013041973114014,1,0.0,0.6179397147243579,5,0,off,0,0,0.0,0.0,0.0,0.3647608051029964,1.2705078834369776,0.5263408357216975,0.3168859329932456,0.6112031163668724,0.0,0.6179397147243579,0.6179397147243579
hrl,multi,0,weighted_cka,0,1137,3.1198779575930518,225.0,0.7041444182395935,0.7005029320716858,1,0.0,0.6239755915186105,5,0,off,0,0,0.0,0.0,0.0,0.4431324584490356,1.29671825108584,0.44753369024652045,0.3343634299151017,0.5981301278965546,0.0,0.6239755915186105,0.6239755915186105
hrl,multi,0,weighted_cka,0,1138,3.095920961356546,231.0,0.7015863656997681,0.7001087665557861,1,0.0,0.6191841922713093,5,0,off,0,0,0.0,0.0,0.0,0.38648484221519896,1.2825495178941635,0.5264831770542077,0.3338399298110161,0.5665634943819603,0.0,0.6191841922713093,0.6191841922713093
hrl,multi,0,weighted_cka,0,1139,3.115123338966891,226.0,0.7036209106445312,0.7004007697105408,1,0.0,0.6230246677933782,5,0,off,0,0,0.0,0.0,0.0,0.4842736968281095,1.2690129522942004,0.429806878928095,0.3288530192759353,0.6031767916405514,0.0,0.6230246677933782,0.6230246677933782
hrl,multi,0,weighted_cka,0,1140,3.1176584453910388,226.0,0.7044113874435425,0.7015788555145264,1,0.0,0.6235316890782079,5,0,off,0,0,0.0,0.0,0.0,0.41261013721395273,1.2476262274677863,0.3559184710890986,0.4859494876136813,0.6155541220065205,0.0,0.6235316890782079,0.6235316890782079
hrl,multi,0,weighted_cka,0,1141,3.12506716555255,221.0,0.7036093473434448,0.701852023601532,1,0.0,0.62501343311051,5,0,off,0,0,0.0,0.0,0.0,0.3890739174867048,1.2791761375358326,0.5078539178296922,0.3497404784438258,0.5992227142564951,0.0,0.62501343311051,0.62501343311051
hrl,multi,0,weighted_cka,0,1142,3.0813821469171367,233.0,0.7050882577896118,0.704345166683197,1,0.0,0.6162764293834273,5,0,off,0,0,0.0,0.0,0.0,0.4220075802979989,1.2861629398940129,0.3869497725483961,0.37204361406559466,0.6142182401111348,0.0,0.6162764293834273,0.6162764293834273
hrl,multi,0,weighted_cka,0,1143,3.11882909065108,222.0,0.7039715051651001,0.7022708654403687,1,0.0,0.623765818130216,5,0,off,0,0,0.0,0.0,0.0,0.37278220790065814,1.276879348409362,0.41573428859515105,0.37200109549933397,0.6814321502465753,0.0,0.623765818130216,0.623765818130216
hrl,multi,0,weighted_cka,0,1144,3.093258743972622,229.0,0.7047253847122192,0.7038572430610657,1,0.0,0.6186517487945244,5,0,off,0,0,0.0,0.0,0.0,0.3278357739001512,1.1972484879326073,0.43022363204322744,0.35273757663938515,0.7852132734572513,0.0,0.6186517487945244,0.6186517487945244
hrl,multi,0,weighted_cka,0,1145,3.1144144036855383,223.0,0.7034702301025391,0.7005325555801392,1,0.0,0.6228828807371077,5,0,off,0,0,0.0,0.0,0.0,0.3637689140950641,1.2725480921464039,0.5251129333260468,0.34814773128530935,0.6048367328327148,0.0,0.6228828807371077,0.6228828807371077
hrl,multi,0,weighted_cka,0,1146,3.0749409104495995,236.0,0.7054280638694763,0.7022072672843933,1,0.0,0.61498818208992,5,0,off,0,0,0.0,0.0,0.0,0.3270323134013451,1.2761315547949632,0.44134333459846664,0.3769762514991452,0.65345745615568,0.0,0.61498818208992,0.61498818208992
hrl,multi,0,weighted_cka,0,1147,3.0855366947409335,229.0,0.7039064168930054,0.7023488879203796,1,0.0,0.6171073389481868,5,0,off,0,0,0.0,0.0,0.0,0.3616697353844646,1.2761009626956654,0.38084873153641813,0.4628677052084821,0.6040495599159038,0.0,0.6171073389481868,0.6171073389481868
hrl,multi,0,weighted_cka,0,1148,2.995194364561465,255.0,0.7040032148361206,0.7020465135574341,1,0.0,0.5990388729122931,5,0,off,0,0,0.0,0.0,0.0,0.32511522920336566,1.2846723076747728,0.5604042426780796,0.2765249793662223,0.5484776056390254,0.0,0.5990388729122931,0.5990388729122931
hrl,multi,0,weighted_cka,0,1149,3.1144318704473286,226.0,0.7034355401992798,0.7000277638435364,1,0.0,0.6228863740894658,5,0,off,0,0,0.0,0.0,0.0,0.3858746168897486,1.2678065265771,0.40956780945230264,0.4471837979418668,0.6039991195863111,0.0,0.6228863740894658,0.6228863740894658
hrl,multi,0,weighted_cka,0,1150,3.0962624810250405,225.0,0.7041974663734436,0.7006222605705261,1,0.0,0.6192524962050081,5,0,off,0,0,0.0,0.0,0.0,0.44711924945749326,1.2774645699784157,0.453612852688413,0.3035355682215594,0.6145302406791596,0.0,0.6192524962050081,0.6192524962050081
hrl,multi,0,weighted_cka,0,1151,3.0889776319493527,228.0,0.7029811143875122,0.7003330588340759,1,0.0,0.6177955263898707,5,0,off,0,0,0.0,0.0,0.0,0.3460441771657206,1.276695745657198,0.37052349721454075,0.47085330709163087,0.6248609048202632,0.0,0.6177955263898707,0.6177955263898707
hrl,multi,0,weighted_cka,0,1152,3.0618835039199026,236.0,0.7034049034118652,0.700414776802063,1,0.0,0.6123767007839807,5,0,off,0,0,0.0,0.0,0.0,0.369572718374431,1.1953377927821127,0.38975342712085687,0.33859468620686667,0.768624879435636,0.0,0.6123767007839807,0.6123767007839807
hrl,multi,0,weighted_cka,0,1153,3.1294666726492566,218.0,0.7036824226379395,0.7023488879203796,1,0.0,0.6258933345298513,5,0,off,0,0,0.0,0.0,0.0,0.4709810449620707,1.2809171174978835,0.4150286661675199,0.3280805042559513,0.6344593397658317,0.0,0.6258933345298513,0.6258933345298513
hrl,multi,0,weighted_cka,0,1154,3.0581611978924617,239.0,0.7056682109832764,0.7033880352973938,1,0.0,0.6116322395784924,5,0,off,0,0,0.0,0.0,0.0,0.32400168672250573,1.246561688977759,0.5648613629378377,0.3240532992194202,0.5986831600349395,0.0,0.6116322395784924,0.6116322395784924
hrl,multi,0,weighted_cka,0,1155,3.087523396222589,229.0,0.7039548754692078,0.7023488879203796,1,0.0,0.6175046792445179,5,0,off,0,0,0.0,0.0,0.0,0.35667404182511375,1.2723108155587686,0.3969969891724176,0.36236968063979286,0.6991718690264969,0.0,0.6175046792445179,0.6175046792445179
hrl,multi,0,weighted_cka,0,1156,3.044064832488892,240.0,0.7042700052261353,0.7024675607681274,1,0.0,0.6088129664977785,5,0,off,0,0,0.0,0.0,0.0,0.28950588410359335,1.286603249502368,0.4886269195335916,0.332727893029576,0.6466008863197638,0.0,0.6088129664977785,0.6088129664977785
hrl,multi,0,weighted_cka,0,1157,3.119937550835776,222.0,0.7031153440475464,0.7005029320716858,1,0.0,0.6239875101671553,5,0,off,0,0,0.0,0.0,0.0,0.3681630111020058,1.2806410774602552,0.5193695828416384,0.3372646436983195,0.6144992357335576,0.0,0.6239875101671553,0.6239875101671553
hrl,multi,0,weighted_cka,0,1158,2.9627457648524564,256.0,0.7042210698127747,0.7018939256668091,1,0.0,0.5925491529704914,5,0,off,0,0,0.0,0.0,0.0,0.29891496356355485,1.2729119420647619,0.369041557161603,0.3563726392731332,0.6655046627894042,0.0,0.5925491529704914,0.5925491529704914
hrl,multi,0,weighted_cka,0,1159,2.3924004437120843,300.0,0.6974543929100037,0.6732184886932373,0,0.0,0.4784800887424169,5,0,off,0,0,0.0,0.0,0.0,0.43070087274396773,1.2735715016424654,0.4503911189599893,0.34214886805787675,-0.1044119176922144,0.0,0.4784800887424169,0.4784800887424169
hrl,multi,0,weighted_cka,0,1160,3.0210165767170243,246.0,0.7035106420516968,0.7012627124786377,1,0.0,0.6042033153434049,5,0,off,0,0,0.0,0.0,0.0,0.48484576317958983,1.2806902771210296,0.4044055662448517,0.37304158375994295,0.47803338641161075,0.0,0.6042033153434049,0.6042033153434049
hrl,multi,0,weighted_cka,0,1161,2.968497155854095,259.0,0.7029964923858643,0.7017940878868103,1,0.0,0.5936994311708191,5,0,off,0,0,0.0,0.0,0.0,0.35862014285829713,1.2778794274446552,0.41191817829676414,0.32349976159460486,0.5965796456597744,0.0,0.5936994311708191,0.5936994311708191
hrl,multi,0,weighted_cka,0,1162,3.0656374266055924,239.0,0.7044681906700134,0.7011104226112366,1,0.0,0.6131274853211186,5,0,off,0,0,0.0,0.0,0.0,0.3935724821326147,1.2645195931121704,0.4253114929375005,0.37094953232374966,0.6112843260995576,0.0,0.6131274853211186,0.6131274853211186
hrl,multi,0,weighted_cka,0,1163,3.1053318385209483,223.0,0.7033824324607849,0.7006001472473145,1,0.0,0.6210663677041898,5,0,off,0,0,0.0,0.0,0.0,0.3419388406963553,1.2709324831776319,0.4533151222798041,0.3680058829358385,0.6711395094313192,0.0,0.6210663677041898,0.6210663677041898
hrl,multi,0,weighted_cka,0,1164,3.0731294297202263,233.0,0.7044426202774048,0.7021896243095398,1,0.0,0.6146258859440454,5,0,off,0,0,0.0,0.0,0.0,0.3885287716989987,1.2752321702521292,0.3816236669959034,0.34807760193868487,0.6796672188345109,0.0,0.6146258859440454,0.6146258859440454
hrl,multi,0,weighted_cka,0,1165,3.091687981816255,228.0,0.7042186856269836,0.700969934463501,1,0.0,0.618337596363251,5,0,off,0,0,0.0,0.0,0.0,0.3653216350557049,1.2650963516025802,0.42452495655138034,0.3498089615417556,0.6869360770648344,0.0,0.618337596363251,0.618337596363251
hrl,multi,0,weighted_cka,0,1166,3.1304388063126813,221.0,0.7042664289474487,0.7023488879203796,1,0.0,0.6260877612625363,5,0,off,0,0,0.0,0.0,0.0,0.4808370153103022,1.2775310719981787,0.4282936185405123,0.3471793391481041,0.5965977613155845,0.0,0.6260877612625363,0.6260877612625363
hrl,multi,0,weighted_cka,0,1167,3.0674538263016644,234.0,0.7031565308570862,0.7012238502502441,1,0.0,0.613490765260333,5,0,off,0,0,0.0,0.0,0.0,0.310248535962135,1.2814063840014858,0.4643415986425242,0.3439138706113371,0.667543437084183,0.0,0.613490765260333,0.613490765260333
hrl,multi,0,weighted_cka,0,1168,3.054675308440112,239.0,0.7031871676445007,0.7003724575042725,1,0.0,0.6109350616880225,5,0,off,0,0,0.0,0.0,0.0,0.3559574397769756,1.2958886496582998,0.4809570075599475,0.3348980222779791,0.5869741891669108,0.0,0.6109350616880225,0.6109350616880225
hrl,multi,0,weighted_cka,0,1169,3.0977375467314183,226.0,0.7033676505088806,0.7023488879203796,1,0.0,0.6195475093462837,5,0,off,0,0,0.0,0.0,0.0,0.46962614831389493,1.2713251754576338,0.42422001611907023,0.3273099091411786,0.6052562976996413,0.0,0.6195475093462837,0.6195475093462837
hrl,multi,0,weighted_cka,0,1170,3.1104193595741805,227.0,0.704046368598938,0.7002328038215637,1,0.0,0.6220838719148362,5,0,off,0,0,0.0,0.0,0.0,0.38214285999018455,1.1870403739130122,0.6168770910222082,0.33610063299504683,0.5882584016537292,0.0,0.6220838719148362,0.6220838719148362
hrl,multi,0,weighted_cka,0,1171,3.1070722523275314,228.0,0.7041032910346985,0.7017940878868103,1,0.0,0.6214144504655063,5,0,off,0,0,0.0,0.0,0.0,0.4641738601597024,1.2783610513526944,0.38799943101871753,0.349701055441008,0.6268368543554096,0.0,0.6214144504655063,0.6214144504655063
hrl,multi,0,weighted_cka,0,1172,3.0912199633350452,229.0,0.703115701675415,0.7009002566337585,1,0.0,0.6182439926670091,5,0,off,0,0,0.0,0.0,0.0,0.38250901009747745,1.265442998611368,0.4163429346149786,0.43720155160183627,0.5897234684093854,0.0,0.6182439926670091,0.6182439926670091
hrl,multi,0,weighted_cka,0,1173,3.085253117660874,228.0,0.7051885724067688,0.7020009756088257,1,0.0,0.6170506235321749,5,0,off,0,0,0.0,0.0,0.0,0.34811593549698583,1.2720363292428662,0.5304650699468328,0.34050794902944465,0.5941278339447452,0.0,0.6170506235321749,0.6170506235321749
hrl,multi,0,weighted_cka,0,1174,3.0890301497103634,229.0,0.7041223049163818,0.7013325691223145,1,0.0,0.6178060299420728,5,0,off,0,0,0.0,0.0,0.0,0.4101259625512174,1.265620169968344,0.3900646152570843,0.3340884902989491,0.6891309116347691,0.0,0.6178060299420728,0.6178060299420728
hrl,multi,0,weighted_cka,0,1175,3.116051006649736,226.0,0.7028370499610901,0.7006086707115173,1,0.0,0.6232102013299472,5,0,off,0,0,0.0,0.0,0.0,0.48885784630663676,1.292406762144528,0.40569832137366746,0.3284426921264966,0.6006453846984076,0.0,0.6232102013299472,0.6232102013299472
hrl,multi,0,weighted_cka,0,1176,3.110837807086848,229.0,0.7030783891677856,0.7006691098213196,1,0.0,0.6221675614173696,5,0,off,0,0,0.0,0.0,0.0,0.4578213332090525,1.2767485646735874,0.4102974110804497,0.3259142454262764,0.6400562526974826,0.0,0.6221675614173696,0.6221675614173696
hrl,multi,0,weighted_cka,0,1177,3.103095102791746,228.0,0.7034952044487,0.7023488879203796,1,0.0,0.6206190205583493,5,0,off,0,0,0.0,0.0,0.0,0.3663842191798612,1.2758629573602227,0.49344784109946327,0.36855822862691995,0.5988418565252794,0.0,0.6206190205583493,0.6206190205583493
hrl,multi,0,weighted_cka,0,1178,3.1187061078950125,225.0,0.7028840780258179,0.7005535960197449,1,0.0,0.6237412215790026,5,0,off,0,0,0.0,0.0,0.0,0.38598700552200893,1.2787286574114112,0.3873900723624974,0.4294350792100957,0.6371652933889999,0.0,0.6237412215790026,0.6237412215790026
hrl,multi,0,weighted_cka,0,1179,3.052130318864364,240.0,0.7042887210845947,0.7018862366676331,1,0.0,0.6104260637728729,5,0,off,0,0,0.0,0.0,0.0,0.39183417917042956,1.2601046895850447,0.405640343050938,0.3142362000496359,0.6803149070083162,0.0,0.6104260637728729,0.6104260637728729
hrl,multi,0,weighted_cka,0,1180,3.024291835231356,251.0,0.7028695344924927,0.7011006474494934,1,0.0,0.6048583670462714,5,0,off,0,0,0.0,0.0,0.0,0.31368955924024333,1.2508229364883152,0.4604630922214127,0.4712046135792042,0.5281116337021812,0.0,0.6048583670462714,0.6048583670462714
hrl,multi,0,weighted_cka,0,1181,3.1262345701016008,221.0,0.7033723592758179,0.7008585333824158,1,0.0,0.6252469140203203,5,0,off,0,0,0.0,0.0,0.0,0.39967438442353154,1.2829867738857863,0.37459804408112535,0.47483800765988404,0.5941373600512742,0.0,0.6252469140203203,0.6252469140203203
hrl,multi,0,weighted_cka,0,1182,3.0663660594920317,234.0,0.7034123539924622,0.7002888917922974,1,0.0,0.6132732118984063,5,0,off,0,0,0.0,0.0,0.0,0.48076882413495314,1.2558509599156675,0.4152186861000954,0.32337495977400604,0.5911526295673101,0.0,0.6132732118984063,0.6132732118984063
hrl,multi,0,weighted_cka,0,1183,3.0873372042220386,230.0,0.7044729590415955,0.7024950981140137,1,0.0,0.6174674408444079,5,0,off,0,0,0.0,0.0,0.0,0.37934957659523927,1.2749725565174592,0.4040418683066963,0.44085462203475967,0.5881185807678847,0.0,0.6174674408444079,0.6174674408444079
hrl,multi,0,weighted_cka,0,1184,3.0490894681575433,235.0,0.7037349939346313,0.7010809779167175,1,0.0,0.6098178936315087,5,0,off,0,0,0.0,0.0,0.0,0.25150697727900106,1.2853412208314983,0.5496441723294555,0.3596951200555922,0.6029019776619969,0.0,0.6098178936315087,0.6098178936315087
hrl,multi,0,weighted_cka,0,1185,3.091550181147525,224.0,0.7031975984573364,0.7000365853309631,1,0.0,0.6183100362295051,5,0,off,0,0,0.0,0.0,0.0,0.38151041670597613,1.2563035423797553,0.49294795272685576,0.36214717254554846,0.5986410967893897,0.0,0.6183100362295051,0.6183100362295051
hrl,multi,0,weighted_cka,0,1186,3.0896886054978228,232.0,0.7048028111457825,0.7031826972961426,1,0.0,0.6179377210995647,5,0,off,0,0,0.0,0.0,0.0,0.2963171029224758,1.283569284099154,0.4900775554338469,0.32706133462209247,0.6926633284202542,0.0,0.6179377210995647,0.6179377210995647
hrl,multi,0,weighted_cka,0,1187,3.065915627469088,240.0,0.7036871314048767,0.7023488879203796,1,0.0,0.6131831254938176,5,0,off,0,0,0.0,0.0,0.0,0.40624980422388746,1.2603185351751742,0.42124970742547874,0.30258871348785665,0.6755088671566917,0.0,0.6131831254938176,0.6131831254938176
hrl,multi,0,weighted_cka,0,1188,3.009588148590409,250.0,0.704604983329773,0.7020465135574341,1,0.0,0.6019176297180818,5,0,off,0,0,0.0,0.0,0.0,0.439234049473889,1.280467294398695,0.3984471881045028,0.3709241363212931,0.5205154802920295,0.0,0.6019176297180818,0.6019176297180818
hrl,multi,0,weighted_cka,0,1189,2.8023052042895777,299.0,0.7038588523864746,0.7005029320716858,1,0.0,0.5604610408579156,5,0,off,0,0,0.0,0.0,0.0,0.2996197847328148,0.7693267802335321,0.4699905954399145,0.698518950335295,0.564849093548022,0.0,0.5604610408579156,0.5604610408579156
hrl,multi,0,weighted_cka,0,1190,3.133648758261485,218.0,0.7036166191101074,0.701125979423523,1,0.0,0.626729751652297,5,0,off,0,0,0.0,0.0,0.0,0.4352491522203198,1.2785151045201344,0.4779852406568824,0.3418289416977422,0.6000703191664069,0.0,0.626729751652297,0.626729751652297
hrl,multi,0,weighted_cka,0,1191,3.1001373151608265,225.0,0.7044046521186829,0.7027974128723145,1,0.0,0.6200274630321654,5,0,off,0,0,0.0,0.0,0.0,0.31783603208302513,1.2774330909997222,0.5592092459769918,0.3436884959046728,0.601970450196415,0.0,0.6200274630321654,0.6200274630321654
hrl,multi,0,weighted_cka,0,1192,3.1247254821571975,223.0,0.7037035226821899,0.7000277638435364,1,0.0,0.6249450964314395,5,0,off,0,0,0.0,0.0,0.0,0.47246968465950323,1.271020285782404,0.43763554453430686,0.3436178282827604,0.5999821388982235,0.0,0.6249450964314395,0.6249450964314395
hrl,multi,0,weighted_cka,0,1193,3.0771205945201205,232.0,0.7053214311599731,0.7017011642456055,1,0.0,0.6154241189040242,5,0,off,0,0,0.0,0.0,0.0,0.3494720697277225,1.270518982896581,0.4105431796452029,0.45873760465113433,0.5878487575994803,0.0,0.6154241189040242,0.6154241189040242
hrl,multi,0,weighted_cka,0,1194,2.3890567060092494,300.0,0.6899434328079224,0.6373550891876221,0,0.0,0.47781134120185,5,0,off,0,0,0.0,0.0,0.0,0.3881142750806174,1.2804411344788966,0.5265407660841009,0.3027824433652421,-0.10882191299960725,0.0,0.47781134120185,0.47781134120185
hrl,multi,0,weighted_cka,0,1195,2.9261593625624505,269.0,0.7050994634628296,0.7012106776237488,1,0.0,0.5852318725124902,5,0,off,0,0,0.0,0.0,0.0,0.3430178510802506,1.2458540989169848,0.5702209294172934,0.17314866420208982,0.5939178189458324,0.0,0.5852318725124902,0.5852318725124902
hrl,multi,0,weighted_cka,0,1196,3.1250249749333294,225.0,0.7035143375396729,0.7006222605705261,1,0.0,0.6250049949866658,5,0,off,0,0,0.0,0.0,0.0,0.4775113659631459,1.2832735568061469,0.42442281945236016,0.33903177562027115,0.6007854570914059,0.0,0.6250049949866658,0.6250049949866658
hrl,multi,0,weighted_cka,0,1197,3.108840234904709,225.0,0.7031348943710327,0.7006390690803528,1,0.0,0.6217680469809418,5,0,off,0,0,0.0,0.0,0.0,0.44406879985370307,1.2843929381435735,0.41554932874673967,0.3675137817560607,0.5973153864046324,0.0,0.6217680469809418,0.6217680469809418
hrl,multi,0,weighted_cka,0,1198,3.0123288318775,248.0,0.7051804661750793,0.7029231786727905,1,0.0,0.6024657663755001,5,0,off,0,0,0.0,0.0,0.0,0.36211397140193724,1.2594429550506172,0.47597673926921547,0.3418942758277989,0.5729008903279317,0.0,0.6024657663755001,0.6024657663755001
hrl,multi,0,weighted_cka,0,1199,3.1166909927057556,224.0,0.7046812176704407,0.7015090584754944,1,0.0,0.6233381985411511,5,0,off,0,0,0.0,0.0,0.0,0.5005440285503863,1.275727971423417,0.42911025348398824,0.3160056900375056,0.5953030492104588,0.0,0.6233381985411511,0.6233381985411511
hrl,multi,0,weighted_cka,0,1200,3.110097542953094,226.0,0.7041967511177063,0.7020596265792847,1,0.0,0.6220195085906188,5,0,off,0,0,0.0,0.0,0.0,0.49435260438430106,1.2624397571049628,0.42401782175106917,0.34008340768644113,0.5892039520263205,0.0,0.6220195085906188,0.6220195085906188
hrl,multi,0,weighted_cka,0,1201,3.137405779753345,217.0,0.7030521631240845,0.7006925940513611,1,0.0,0.627481155950669,5,0,off,0,0,0.0,0.0,0.0,0.47306870152987524,1.2772845660466698,0.3938045841273851,0.38097797482181334,0.6122699532276018,0.0,0.627481155950669,0.627481155950669
hrl,multi,0,weighted_cka,0,1202,3.0549925789219547,230.0,0.7044214010238647,0.7023488879203796,1,0.0,0.610998515784391,5,0,off,0,0,0.0,0.0,0.0,0.33251200762778166,1.2776260483479125,0.5489994343891739,0.35034742815417114,0.5455076604029162,0.0,0.610998515784391,0.610998515784391
hrl,multi,0,weighted_cka,0,1203,3.0603365233460305,240.0,0.7058001756668091,0.7031543254852295,1,0.0,0.6120673046692062,5,0,off,0,0,0.0,0.0,0.0,0.3853526576027215,1.2715284674474967,0.39723849706165487,0.44710306681737333,0.5591138344167846,0.0,0.6120673046692062,0.6120673046692062
hrl,multi,0,weighted_cka,0,1204,3.06147738000813,239.0,0.7033888101577759,0.7001070380210876,1,0.0,0.6122954760016261,5,0,off,0,0,0.0,0.0,0.0,0.34498928722103295,1.228926279082894,0.43466896199528116,0.5103077137856743,0.542585137923248,0.0,0.6122954760016261,0.6122954760016261
hrl,multi,0,weighted_cka,0,1205,3.062555658531112,239.0,0.7032090425491333,0.7010097503662109,1,0.0,0.6125111317062224,5,0,off,0,0,0.0,0.0,0.0,0.4664836917999199,1.279801684906706,0.4423708151075988,0.3394600370055995,0.5344394297112883,0.0,0.6125111317062224,0.6125111317062224
hrl,multi,0,weighted_cka,0,1206,2.3762514261838064,300.0,0.6843637824058533,0.6118833422660828,0,0.0,0.4752502852367614,5,0,off,0,0,0.0,0.0,0.0,0.31641994478367264,1.2516741138044742,0.4454793946598655,0.48478184909238176,-0.12210387615658727,0.0,0.4752502852367614,0.4752502852367614
hrl,multi,0,weighted_cka,0,1207,2.9146869850480566,272.0,0.702319324016571,0.7008163332939148,1,0.0,0.5829373970096113,5,0,off,0,0,0.0,0.0,0.0,0.4595804515052585,1.2767290140865368,0.4092923954292199,0.32158630665845694,0.4474988173685849,0.0,0.5829373970096113,0.5829373970096113
hrl,multi,0,weighted_cka,0,1208,3.0667521862373675,236.0,0.7047139406204224,0.7019680738449097,1,0.0,0.6133504372474736,5,0,off,0,0,0.0,0.0,0.0,0.3671010158583521,1.2730591844273729,0.3977415068871341,0.3447537816371768,0.6840966974273323,0.0,0.6133504372474736,0.6133504372474736
hrl,multi,0,weighted_cka,0,1209,3.0973657569005724,227.0,0.7036169767379761,0.7004914879798889,1,0.0,0.6194731513801146,5,0,off,0,0,0.0,0.0,0.0,0.4124697202889946,1.2716046538678927,0.483802281748969,0.33661560496332815,0.5928734960313885,0.0,0.6194731513801146,0.6194731513801146
hrl,multi,0,weighted_cka,0,1210,3.079327994518541,228.0,0.7033108472824097,0.700377881526947,1,0.0,0.6158655989037083,5,0,off,0,0,0.0,0.0,0.0,0.3537890167003497,1.2621866486705837,0.5124402601751498,0.35358575719604407,0.5973263117764144,0.0,0.6158655989037083,0.6158655989037083
hrl,multi,0,weighted_cka,0,1211,3.1033540931763115,225.0,0.7047239542007446,0.7012471556663513,1,0.0,0.6206708186352624,5,0,off,0,0,0.0,0.0,0.0,0.339020478285849,1.2408851352920753,0.5436420313413254,0.38522399392770595,0.5945824543293564,0.0,0.6206708186352624,0.6206708186352624
hrl,multi,0,weighted_cka,0,1212,3.1260053561909578,221.0,0.7025546431541443,0.7006925940513611,1,0.0,0.6252010712381916,5,0,off,0,0,0.0,0.0,0.0,0.4659859284637494,1.2806852702759204,0.4370463873706757,0.34715292171598405,0.5951348483646287,0.0,0.6252010712381916,0.6252010712381916
hrl,multi,0,weighted_cka,0,1213,3.0854524162963486,227.0,0.7035419344902039,0.7001335024833679,1,0.0,0.6170904832592699,5,0,off,0,0,0.0,0.0,0.0,0.3305362666381988,1.2776156405853105,0.5426632059910333,0.3408732722855638,0.5937640307962427,0.0,0.6170904832592699,0.6170904832592699
hrl,multi,0,weighted_cka,0,1214,3.0819654921634343,230.0,0.7030738592147827,0.7021199464797974,1,0.0,0.616393098432687,5,0,off,0,0,0.0,0.0,0.0,0.3420549438092857,1.273431637438014,0.5592914773947558,0.3250959054239792,0.5820915280974003,0.0,0.616393098432687,0.616393098432687
hrl,multi,0,weighted_cka,0,1215,3.0836923946139856,226.0,0.7030447721481323,0.7005866169929504,1,0.0,0.6167384789227972,5,0,off,0,0,0.0,0.0,0.0,0.3684261869555338,1.2800518800597636,0.5103617361960932,0.35980928669963025,0.5650433047029654,0.0,0.6167384789227972,0.6167384789227972
hrl,multi,0,weighted_cka,0,1216,3.0745102679957914,230.0,0.703248143196106,0.7008814811706543,1,0.0,0.6149020535991583,5,0,off,0,0,0.0,0.0,0.0,0.40304136840585836,1.2664798479499293,0.41844059254601584,0.3870622150352864,0.599486244058702,0.0,0.6149020535991583,0.6149020535991583
hrl,multi,0,weighted_cka,0,1217,3.0499204692643094,239.0,0.7033206224441528,0.7013447284698486,1,0.0,0.6099840938528619,5,0,off,0,0,0.0,0.0,0.0,0.4762523232838137,1.2769733096174893,0.39418955473275846,0.3364525741007382,0.5660527075295102,0.0,0.6099840938528619,0.6099840938528619
hrl,multi,0,weighted_cka,0,1218,2.9957529294948313,254.0,0.7020742297172546,0.7014554738998413,1,0.0,0.5991505858989663,5,0,off,0,0,0.0,0.0,0.0,0.3704334286163211,1.2911088720522819,0.41449256102973575,0.3450748077137395,0.5746432600827537,0.0,0.5991505858989663,0.5991505858989663
hrl,multi,0,weighted_cka,0,1219,3.0487668382232647,237.0,0.7033436894416809,0.7006266117095947,1,0.0,0.6097533676446529,5,0,off,0,0,0.0,0.0,0.0,0.4618443021695128,1.2809018715145064,0.39948197848536066,0.3399373044558451,0.5666013815980403,0.0,0.6097533676446529,0.6097533676446529
hrl,multi,0,weighted_cka,0,1220,3.1237826718667008,220.0,0.702660083770752,0.7001087069511414,1,0.0,0.6247565343733402,5,0,off,0,0,0.0,0.0,0.0,0.3453835235621081,1.284896341658197,0.5600958639329764,0.3391821755081145,0.5942247672053053,0.0,0.6247565343733402,0.6247565343733402
hrl,multi,0,weighted_cka,0,1221,3.1123633538290147,222.0,0.7030788660049438,0.7005484104156494,1,0.0,0.6224726707658029,5,0,off,0,0,0.0,0.0,0.0,0.4557300752491572,1.2819481588760389,0.4483002458214759,0.32729786209895967,0.5990870117833836,0.0,0.6224726707658029,0.6224726707658029
hrl,multi,0,weighted_cka,0,1222,3.0866709289830165,231.0,0.7034863233566284,0.7005587816238403,1,0.0,0.6173341857966033,5,0,off,0,0,0.0,0.0,0.0,0.4984040393372996,1.2806004299875346,0.37540627523371944,0.3749566774782724,0.557303506946191,0.0,0.6173341857966033,0.6173341857966033
hrl,multi,0,weighted_cka,0,1223,3.126169553053855,221.0,0.7028313279151917,0.7000277638435364,1,0.0,0.625233910610771,5,0,off,0,0,0.0,0.0,0.0,0.47663683800026757,1.2806559554394332,0.4324549865773878,0.3370004334764671,0.5994213395603,0.0,0.625233910610771,0.625233910610771
hrl,multi,0,weighted_cka,0,1224,2.094054954554302,300.0,0.6011544466018677,0.1962488442659378,0,0.0,0.4188109909108605,5,0,off,0,0,0.0,0.0,0.0,0.352818517266307,1.269875382198952,0.5418046177886425,0.3189196456390199,-0.3893632083386186,0.0,0.4188109909108605,0.4188109909108605
hrl,multi,0,weighted_cka,0,1225,3.1307827795262844,221.0,0.7035231590270996,0.7004482746124268,1,0.0,0.6261565559052569,5,0,off,0,0,0.0,0.0,0.0,0.47174637499172223,1.2941559015829114,0.44374514326732595,0.3241581835973483,0.596977176086977,0.0,0.6261565559052569,0.6261565559052569
hrl,multi,0,weighted_cka,0,1226,3.1023833109945396,224.0,0.703455924987793,0.7017403244972229,1,0.0,0.620476662198908,5,0,off,0,0,0.0,0.0,0.0,0.3737724926352384,1.2773672964787108,0.3765836918824352,0.4801193780840839,0.5945404519140719,0.0,0.620476662198908,0.620476662198908
hrl,multi,0,weighted_cka,0,1227,3.0208828091174933,247.0,0.7041206955909729,0.7021973729133606,1,0.0,0.6041765618234988,5,0,off,0,0,0.0,0.0,0.0,0.4730927648711948,1.2811446780934928,0.40971420387318347,0.3063345629275427,0.5505965993520802,0.0,0.6041765618234988,0.6041765618234988
hrl,multi,0,weighted_cka,0,1228,3.079869966110679,233.0,0.7057797312736511,0.702775776386261,1,0.0,0.6159739932221358,5,0,off,0,0,0.0,0.0,0.0,0.419216789039783,1.2694745786110868,0.39466547531588,0.39662056810595087,0.5998925550379789,0.0,0.6159739932221358,0.6159739932221358
hrl,multi,0,weighted_cka,0,1229,3.0080929620372467,249.0,0.7053921818733215,0.7023488879203796,1,0.0,0.6016185924074494,5,0,off,0,0,0.0,0.0,0.0,0.3426181814564042,1.2724115323908625,0.4798630365788702,0.3396902835047803,0.5735099281063302,0.0,0.6016185924074494,0.6016185924074494
hrl,multi,0,weighted_cka,0,1230,3.0776625338284926,231.0,0.7026986479759216,0.7001893520355225,1,0.0,0.6155325067656986,5,0,off,0,0,0.0,0.0,0.0,0.3585321423093555,1.2789079726301131,0.4921596034793182,0.3551034348444954,0.592959380565211,0.0,0.6155325067656986,0.6155325067656986
hrl,multi,0,weighted_cka,0,1231,2.2014839895186,300.0,0.6360061764717102,0.36198532581329346,0,0.0,0.44029679790372,5,0,off,0,0,0.0,0.0,0.0,0.4538439068933947,1.2808126688562331,0.44456278552347783,0.3418945639387238,-0.3196299356932289,0.0,0.44029679790372,0.44029679790372
hrl,multi,0,weighted_cka,0,1232,3.0227968769124405,248.0,0.7041374444961548,0.7022708654403687,1,0.0,0.604559375382488,5,0,off,0,0,0.0,0.0,0.0,0.47245117462333275,1.2770078951390458,0.34661463962052935,0.32809354736676316,0.59862962016277,0.0,0.604559375382488,0.604559375382488
hrl,multi,0,weighted_cka,0,1233,3.1129683810967532,222.0,0.7036374807357788,0.7018797397613525,1,0.0,0.6225936762193507,5,0,off,0,0,0.0,0.0,0.0,0.36851958918012667,1.2760229290826244,0.526607803672552,0.3432651728653872,0.5985528862960635,0.0,0.6225936762193507,0.6225936762193507
hrl,multi,0,weighted_cka,0,1234,3.084388809103052,231.0,0.7036038637161255,0.7010097503662109,1,0.0,0.6168777618206105,5,0,off,0,0,0.0,0.0,0.0,0.36032069873716677,1.2750275248056275,0.4045294766486621,0.3399256549347191,0.7045854539768769,0.0,0.6168777618206105,0.6168777618206105
hrl,multi,0,weighted_cka,0,1235,3.112719887834274,227.0,0.7039773464202881,0.7013443112373352,1,0.0,0.6225439775668549,5,0,off,0,0,0.0,0.0,0.0,0.30135622706171117,1.288441257793456,0.5605097703442442,0.3246096289767883,0.6378030036580747,0.0,0.6225439775668549,0.6225439775668549
hrl,multi,0,weighted_cka,0,1236,3.137330205890989,221.0,0.7040125727653503,0.7012811899185181,1,0.0,0.6274660411781979,5,0,off,0,0,0.0,0.0,0.0,0.4004913467268924,1.275297499868553,0.5243106402700067,0.34301213745941633,0.5942185815661213,0.0,0.6274660411781979,0.6274660411781979
hrl,multi,0,weighted_cka,0,1237,2.9971686010968974,258.0,0.7034085988998413,0.7004169225692749,1,0.0,0.5994337202193796,5,0,off,0,0,0.0,0.0,0.0,0.37986534357629703,1.2790229560434816,0.48669599423703025,0.33763051290228024,0.513953794337809,0.0,0.5994337202193796,0.5994337202193796
hrl,multi,0,weighted_cka,0,1238,3.082186014637932,231.0,0.7041910886764526,0.7010097503662109,1,0.0,0.6164372029275864,5,0,off,0,0,0.0,0.0,0.0,0.4566542277960105,1.2833818082092328,0.40832438991451625,0.37899290234420907,0.5548326863739638,0.0,0.6164372029275864,0.6164372029275864
hrl,multi,0,weighted_cka,0,1239,3.0683076005103054,235.0,0.7041569948196411,0.7023488879203796,1,0.0,0.6136615201020611,5,0,off,0,0,0.0,0.0,0.0,0.43517095202510225,1.279040441974066,0.4287121508310082,0.3367050240789539,0.5886790316011755,0.0,0.6136615201020611,0.6136615201020611
hrl,multi,0,weighted_cka,0,1240,3.024269735072738,245.0,0.7034907341003418,0.7006751298904419,1,0.0,0.6048539470145478,5,0,off,0,0,0.0,0.0,0.0,0.37058836150285773,1.2768961669309062,0.4843865772341377,0.3474177116986829,0.5449809177061541,0.0,0.6048539470145478,0.6048539470145478
hrl,multi,0,weighted_cka,0,1241,3.051943428774334,241.0,0.7037534117698669,0.7011815309524536,1,0.0,0.6103886857548668,5,0,off,0,0,0.0,0.0,0.0,0.46235322205728135,1.2728257182296363,0.3722336412454023,0.37485703614950755,0.5696738110925069,0.0,0.6103886857548668,0.6103886857548668
hrl,multi,0,weighted_cka,0,1242,3.0733777602629258,238.0,0.7039991617202759,0.7001060247421265,1,0.0,0.6146755520525852,5,0,off,0,0,0.0,0.0,0.0,0.46522608024813217,1.2862741505624724,0.379077935763169,0.3562441969047649,0.5865553967843878,0.0,0.6146755520525852,0.6146755520525852
hrl,multi,0,weighted_cka,0,1243,2.847656933164317,297.0,0.7026906609535217,0.7010097503662109,1,0.0,0.5695313866328635,5,0,off,0,0,0.0,0.0,0.0,0.35677554931852495,1.2806513506313784,0.553589736729511,0.32247297886163134,0.3341673176232722,0.0,0.5695313866328635,0.5695313866328635
hrl,multi,0,weighted_cka,0,1244,3.031637687734225,243.0,0.7038468718528748,0.7010375261306763,1,0.0,0.606327537546845,5,0,off,0,0,0.0,0.0,0.0,0.4829131308430804,1.2806628865748642,0.42595914276130487,0.34417751810363545,0.4979250094513407,0.0,0.606327537546845,0.606327537546845
hrl,multi,0,weighted_cka,0,1245,3.0916081274704035,226.0,0.7036972641944885,0.702714204788208,1,0.0,0.6183216254940808,5,0,off,0,0,0.0,0.0,0.0,0.3224161940829362,1.2760503059346227,0.3934075733046047,0.4603472256400126,0.6393868285082279,0.0,0.6183216254940808,0.6183216254940808
hrl,multi,0,weighted_cka,0,1246,3.117601255583503,220.0,0.7043131589889526,0.7023488879203796,1,0.0,0.6235202511167006,5,0,off,0,0,0.0,0.0,0.0,0.3520688080214167,1.2793487209221346,0.39697185259824613,0.4587233171733095,0.6304885568683966,0.0,0.6235202511167006,0.6235202511167006
hrl,multi,0,weighted_cka,0,1247,3.096319875862448,224.0,0.7029571533203125,0.7013051509857178,1,0.0,0.6192639751724898,5,0,off,0,0,0.0,0.0,0.0,0.26650814400042866,1.262571812748443,0.5600790819949469,0.3888528072239132,0.6183080298947169,0.0,0.6192639751724898,0.6192639751724898
hrl,multi,0,weighted_cka,0,1248,2.943613380242749,270.0,0.7034859657287598,0.7011935114860535,1,0.0,0.5887226760485499,5,0,off,0,0,0.0,0.0,0.0,0.35741243191511596,1.272948064997792,0.5368201824235729,0.3267407941675919,0.44969190673867687,0.0,0.5887226760485499,0.5887226760485499
hrl,multi,0,weighted_cka,0,1249,3.018726670000468,240.0,0.703661322593689,0.7012350559234619,1,0.0,0.6037453340000937,5,0,off,0,0,0.0,0.0,0.0,0.35294484942732374,1.2747684167791156,0.5648633059677667,0.29941379229794246,0.5267363055283202,0.0,0.6037453340000937,0.6037453340000937
hrl,multi,0,weighted_cka,0,1250,3.043367982575203,244.0,0.7020925879478455,0.7003441452980042,1,0.0,0.6086735965150407,5,0,off,0,0,0.0,0.0,0.0,0.48556485205143674,1.280688119583763,0.35893246586108574,0.3416060657873749,0.5765764792915432,0.0,0.6086735965150407,0.6086735965150407
hrl,multi,0,weighted_cka,0,1251,3.0924552235396683,226.0,0.7042551636695862,0.7012349963188171,1,0.0,0.6184910447079337,5,0,off,0,0,0.0,0.0,0.0,0.42490924962365517,1.2791948586329815,0.4858895333596155,0.33801627336291123,0.5644453085605053,0.0,0.6184910447079337,0.6184910447079337
hrl,multi,0,weighted_cka,0,1252,3.0786746711930233,229.0,0.7039950489997864,0.7025136351585388,1,0.0,0.6157349342386047,5,0,off,0,0,0.0,0.0,0.0,0.31400487576789593,1.1786705097155643,0.4695320920359808,0.3736766256934351,0.7427905679801478,0.0,0.6157349342386047,0.6157349342386047
hrl,multi,0,weighted_cka,0,1253,3.115365666145043,225.0,0.703079879283905,0.7008410096168518,1,0.0,0.6230731332290087,5,0,off,0,0,0.0,0.0,0.0,0.3583149469564669,1.2350713963480664,0.5652500138599424,0.379269731462984,0.5774595775175838,0.0,0.6230731332290087,0.6230731332290087
hrl,multi,0,weighted_cka,0,1254,3.1117458854767452,223.0,0.7027472257614136,0.7007843255996704,1,0.0,0.6223491770953491,5,0,off,0,0,0.0,0.0,0.0,0.4078308307633851,1.2759669874459503,0.39924013672093855,0.3422888599487341,0.6864190705977379,0.0,0.6223491770953491,0.6223491770953491
hrl,multi,0,weighted_cka,0,1255,3.1071216781351674,226.0,0.7037872076034546,0.7016299366950989,1,0.0,0.6214243356270335,5,0,off,0,0,0.0,0.0,0.0,0.48211281901411696,1.2804007648192344,0.42213282678415986,0.33638957576015666,0.5860856917575,0.0,0.6214243356270335,0.6214243356270335
hrl,multi,0,weighted_cka,0,1256,3.08921854172075,229.0,0.7038842439651489,0.7009932994842529,1,0.0,0.6178437083441499,5,0,off,0,0,0.0,0.0,0.0,0.4530931308930738,1.2778735950095577,0.4014423176627605,0.37772543441863665,0.5790840637367217,0.0,0.6178437083441499,0.6178437083441499
hrl,multi,0,weighted_cka,0,1257,3.108309685872517,225.0,0.7036343812942505,0.7015464305877686,1,0.0,0.6216619371745036,5,0,off,0,0,0.0,0.0,0.0,0.32069204660982353,1.278543875840958,0.46359382548648853,0.4692870404506101,0.5761928974846376,0.0,0.6216619371745036,0.6216619371745036
hrl,multi,0,weighted_cka,0,1258,3.108829215176053,223.0,0.7041435241699219,0.7020009756088257,1,0.0,0.6217658430352107,5,0,off,0,0,0.0,0.0,0.0,0.4650544022051616,1.269380142793059,0.3892097965674474,0.3933037024071672,0.5918811712032183,0.0,0.6217658430352107,0.6217658430352107
hrl,multi,0,weighted_cka,0,1259,3.1046430737666566,222.0,0.7033185362815857,0.7007843255996704,1,0.0,0.6209286147533314,5,0,off,0,0,0.0,0.0,0.0,0.27653228891651627,1.2806166667817158,0.42352228568011185,0.4225009748742449,0.7014708575140683,0.0,0.6209286147533314,0.6209286147533314
hrl,multi,0,weighted_cka,0,1260,3.1270939199811534,222.0,0.7035430669784546,0.7007976174354553,1,0.0,0.6254187839962306,5,0,off,0,0,0.0,0.0,0.0,0.4887881753300315,1.2770086199408395,0.3981508233058266,0.32474339715193484,0.6384029042525216,0.0,0.6254187839962306,0.6254187839962306
hrl,multi,0,weighted_cka,0,1261,3.0817119739277774,232.0,0.7028601765632629,0.7003176808357239,1,0.0,0.6163423947855555,5,0,off,0,0,0.0,0.0,0.0,0.3555278264738153,1.2806459161313248,0.5251289853327906,0.32929147816691867,0.5911177678229286,0.0,0.6163423947855555,0.6163423947855555
hrl,multi,0,weighted_cka,0,1262,3.1112842271026153,227.0,0.7021199464797974,0.7000277638435364,1,0.0,0.6222568454205231,5,0,off,0,0,0.0,0.0,0.0,0.4690108857722951,1.280601981570944,0.38264238507649856,0.3800780732353159,0.5989509014475624,0.0,0.6222568454205231,0.6222568454205231
hrl,multi,0,weighted_cka,0,1263,3.094039738404316,235.0,0.7038227319717407,0.7006086707115173,1,0.0,0.6188079476808632,5,0,off,0,0,0.0,0.0,0.0,0.47586105103790743,1.2780847169039768,0.4417671016631647,0.32599689657402625,0.5723299722252412,0.0,0.6188079476808632,0.6188079476808632
hrl,multi,0,weighted_cka,0,1264,3.068687533654664,235.0,0.7053858041763306,0.703952968120575,1,0.0,0.6137375067309329,5,0,off,0,0,0.0,0.0,0.0,0.4329086694736032,1.2849557351684195,0.41327759288065125,0.34702944641506467,0.590516089716926,0.0,0.6137375067309329,0.6137375067309329
hrl,multi,0,weighted_cka,0,1265,3.1085212060787004,223.0,0.7052510976791382,0.701999843120575,1,0.0,0.6217042412157402,5,0,off,0,0,0.0,0.0,0.0,0.3063298158325487,1.2693304125815628,0.49765022691967886,0.3284520048873964,0.7067587458575143,0.0,0.6217042412157402,0.6217042412157402
hrl,multi,0,weighted_cka,0,1266,3.0340793108085187,235.0,0.7031659483909607,0.7002689838409424,1,0.0,0.6068158621617037,5,0,off,0,0,0.0,0.0,0.0,0.4416122869504614,1.2271012117704374,0.44196603502379717,0.35590809782846183,0.5674916792353614,0.0,0.6068158621617037,0.6068158621617037
hrl,multi,0,weighted_cka,0,1267,3.1105402988075963,222.0,0.7028051614761353,0.7000826001167297,1,0.0,0.6221080597615194,5,0,off,0,0,0.0,0.0,0.0,0.2960185528794199,1.2332973588583989,0.47301494891103346,0.5121369173457714,0.5960725208129732,0.0,0.6221080597615194,0.6221080597615194
hrl,multi,0,weighted_cka,0,1268,3.089043137080064,229.0,0.7036744356155396,0.7015969753265381,1,0.0,0.6178086274160128,5,0,off,0,0,0.0,0.0,0.0,0.45536767392139865,1.2807506813062353,0.4493886294872499,0.3415538555127859,0.5619822968523948,0.0,0.6178086274160128,0.6178086274160128
hrl,multi,0,weighted_cka,0,1269,3.0687417834094655,233.0,0.7030869722366333,0.7003602981567383,1,0.0,0.6137483566818932,5,0,off,0,0,0.0,0.0,0.0,0.33205751409265205,1.2774825902553273,0.4344369810670613,0.3129412328377075,0.711823465156718,0.0,0.6137483566818932,0.6137483566818932
hrl,multi,0,weighted_cka,0,1270,3.084417018952778,233.0,0.7037962675094604,0.7005055546760559,1,0.0,0.6168834037905556,5,0,off,0,0,0.0,0.0,0.0,0.4564288691841064,1.2811436373405156,0.4345370138976722,0.3418354260046034,0.5704720725258811,0.0,0.6168834037905556,0.6168834037905556
hrl,multi,0,weighted_cka,0,1271,3.0882685945769177,233.0,0.7034351229667664,0.7012106776237488,1,0.0,0.6176537189153836,5,0,off,0,0,0.0,0.0,0.0,0.4520375349316744,1.275070837463252,0.3789855293123982,0.3791668801904306,0.603007812679163,0.0,0.6176537189153836,0.6176537189153836
hrl,multi,0,weighted_cka,0,1272,2.3797120428248135,300.0,0.6694431304931641,0.5289596915245056,0,0.0,0.4759424085649627,5,0,off,0,0,0.0,0.0,0.0,0.44533116467343625,1.2890849961061028,0.4435151823486666,0.34335951083269894,-0.14157881113609064,0.0,0.4759424085649627,0.4759424085649627
hrl,multi,0,weighted_cka,0,1273,3.0900687626990244,231.0,0.7038783431053162,0.7023488879203796,1,0.0,0.618013752539805,5,0,off,0,0,0.0,0.0,0.0,0.36269511435856105,1.2717808198742566,0.4123292706859064,0.37827100233337835,0.6649925554469226,0.0,0.618013752539805,0.618013752539805
hrl,multi,0,weighted_cka,0,1274,3.0830835209424245,233.0,0.7042289972305298,0.7013330459594727,1,0.0,0.616616704188485,5,0,off,0,0,0.0,0.0,0.0,0.40067799776821617,1.285335018658079,0.45502922634035337,0.34042210872541173,0.6016191694503649,0.0,0.616616704188485,0.616616704188485
hrl,multi,0,weighted_cka,0,1275,3.1297928510222106,220.0,0.7031433582305908,0.7006925940513611,1,0.0,0.6259585702044421,5,0,off,0,0,0.0,0.0,0.0,0.46102132964786124,1.2806012333696706,0.40765391693962727,0.3780786520757246,0.6024377189893274,0.0,0.6259585702044421,0.6259585702044421
hrl,multi,0,weighted_cka,0,1276,3.1219637045984188,225.0,0.7035483121871948,0.701609194278717,1,0.0,0.6243927409196839,5,0,off,0,0,0.0,0.0,0.0,0.3359612597613595,1.2832302900468928,0.4537509933519176,0.3373619496406099,0.7116592117976396,0.0,0.6243927409196839,0.6243927409196839
hrl,multi,0,weighted_cka,0,1277,3.052408818002123,242.0,0.7027773857116699,0.700568675994873,1,0.0,0.6104817636004247,5,0,off,0,0,0.0,0.0,0.0,0.39401198365655715,1.2766346608223391,0.5151782753742299,0.27039575123650494,0.5961881469124927,0.0,0.6104817636004247,0.6104817636004247
hrl,multi,0,weighted_cka,0,1278,3.1199946711484796,222.0,0.7024656534194946,0.7002802491188049,1,0.0,0.623998934229696,5,0,off,0,0,0.0,0.0,0.0,0.34298425258556375,1.2754214797569436,0.5608126039947382,0.3357385657562408,0.6050377690549938,0.0,0.623998934229696,0.623998934229696
hrl,multi,0,weighted_cka,0,1279,3.0910936744786146,230.0,0.7029119729995728,0.7013391852378845,1,0.0,0.6182187348957229,5,0,off,0,0,0.0,0.0,0.0,0.46603460255544615,1.2807760587986556,0.397687453626655,0.31171025673722025,0.6348853027606381,0.0,0.6182187348957229,0.6182187348957229
hrl,multi,0,weighted_cka,0,1280,3.093446181500795,227.0,0.703350841999054,0.7001276612281799,1,0.0,0.618689236300159,5,0,off,0,0,0.0,0.0,0.0,0.328975630627945,1.2807046145992351,0.5477067191326058,0.33336383006628595,0.6026953870747237,0.0,0.618689236300159,0.618689236300159
hrl,multi,0,weighted_cka,0,1281,3.044118600807486,240.0,0.7035185098648071,0.7006404995918274,1,0.0,0.6088237201614973,5,0,off,0,0,0.0,0.0,0.0,0.3527186163035221,1.2784798160521311,0.40403530551912253,0.3307614893292629,0.6781233736034481,0.0,0.6088237201614973,0.6088237201614973
hrl,multi,0,weighted_cka,0,1282,3.1023545868770803,235.0,0.7041463851928711,0.7007843255996704,1,0.0,0.6204709173754162,5,0,off,0,0,0.0,0.0,0.0,0.3741082207364961,1.2903403708571566,0.3992090246970765,0.4738655481242239,0.5648314224621279,0.0,0.6204709173754162,0.6204709173754162
hrl,multi,0,weighted_cka,0,1283,3.0495813973493737,245.0,0.703801155090332,0.700484573841095,1,0.0,0.6099162794698748,5,0,off,0,0,0.0,0.0,0.0,0.3422154473015106,1.2807785432916132,0.5603414520951918,0.3377936193387831,0.5284523353222755,0.0,0.6099162794698748,0.6099162794698748
hrl,multi,0,weighted_cka,0,1284,3.0834408249380054,235.0,0.7043809294700623,0.7023488879203796,1,0.0,0.616688164987601,5,0,off,0,0,0.0,0.0,0.0,0.4743350365078075,1.2811856415756044,0.4393413513530976,0.32919036745326585,0.5593884280482306,0.0,0.616688164987601,0.616688164987601
hrl,multi,0,weighted_cka,0,1285,2.330888793095994,300.0,0.6514840126037598,0.4464707672595978,0,0.0,0.4661777586191989,5,0,off,0,0,0.0,0.0,0.0,0.3087306338983471,1.276276936445385,0.531976338895969,0.3319057650769827,-0.11800088122068914,0.0,0.4661777586191989,0.4661777586191989
hrl,multi,0,weighted_cka,0,1286,3.119414866651818,226.0,0.7042027711868286,0.7010399699211121,1,0.0,0.6238829733303637,5,0,off,0,0,0.0,0.0,0.0,0.4815078883310778,1.2728255262607706,0.4367918112762271,0.3360433662887116,0.5922462744950315,0.0,0.6238829733303637,0.6238829733303637
hrl,multi,0,weighted_cka,0,1287,3.102597518045281,226.0,0.7041144967079163,0.7023488879203796,1,0.0,0.6205195036090563,5,0,off,0,0,0.0,0.0,0.0,0.34899814335224977,1.2717592067755756,0.5449391659288666,0.32784539765273796,0.6090556043358518,0.0,0.6205195036090563,0.6205195036090563
hrl,multi,0,weighted_cka,0,1288,3.1234954215370805,220.0,0.7028670907020569,0.7003330588340759,1,0.0,0.6246990843074162,5,0,off,0,0,0.0,0.0,0.0,0.34054295594303396,1.2805892530689014,0.5604477457159663,0.3389878432317636,0.6029276235774158,0.0,0.6246990843074162,0.6246990843074162
hrl,multi,0,weighted_cka,0,1289,3.0918488013377097,231.0,0.7051513195037842,0.7013753056526184,1,0.0,0.618369760267542,5,0,off,0,0,0.0,0.0,0.0,0.3817993257064371,1.2779255800386888,0.4128685892424545,0.34492856702959845,0.6743267393205313,0.0,0.618369760267542,0.618369760267542
hrl,multi,0,weighted_cka,0,1290,3.1078518759538407,224.0,0.7051870226860046,0.7018057107925415,1,0.0,0.6215703751907682,5,0,off,0,0,0.0,0.0,0.0,0.32968603673577296,1.2689540941165758,0.5670647695874794,0.3283125394773669,0.6138344360366462,0.0,0.6215703751907682,0.6215703751907682
hrl,multi,0,weighted_cka,0,1291,3.1032534274587293,225.0,0.702936053276062,0.700455904006958,1,0.0,0.620650685491746,5,0,off,0,0,0.0,0.0,0.0,0.361340515330703,1.2706068160450084,0.5248436561026609,0.34518888294044875,0.6012735570399089,0.0,0.620650685491746,0.620650685491746
hrl,multi,0,weighted_cka,0,1292,3.0997319879682315,228.0,0.7042595148086548,0.7011104226112366,1,0.0,0.6199463975936463,5,0,off,0,0,0.0,0.0,0.0,0.29548986219512874,1.227154889882542,0.44942106666835013,0.5336054457693825,0.5940607234528287,0.0,0.6199463975936463,0.6199463975936463
hrl,multi,0,weighted_cka,0,1293,2.9946000329267686,256.0,0.7032501101493835,0.7007843255996704,1,0.0,0.5989200065853538,5,0,off,0,0,0.0,0.0,0.0,0.3034447569432668,1.2331424146052448,0.4737492216732352,0.5074161194025072,0.47684752030251526,0.0,0.5989200065853538,0.5989200065853538
hrl,multi,0,weighted_cka,0,1294,3.0385051988471883,247.0,0.703811526298523,0.7003817558288574,1,0.0,0.6077010397694377,5,0,off,0,0,0.0,0.0,0.0,0.4696652640362734,1.2890766034927217,0.39226294955052426,0.3347839237739462,0.5527164579937233,0.0,0.6077010397694377,0.6077010397694377
hrl,multi,0,weighted_cka,0,1295,3.105891775436698,226.0,0.7036375403404236,0.7007333636283875,1,0.0,0.6211783550873398,5,0,off,0,0,0.0,0.0,0.0,0.321601689077448,1.269716925229877,0.5736776266199303,0.33754201075865414,0.6033535237507893,0.0,0.6211783550873398,0.6211783550873398
hrl,multi,0,weighted_cka,0,1296,3.077326411087763,229.0,0.702975869178772,0.7013158798217773,1,0.0,0.6154652822175527,5,0,off,0,0,0.0,0.0,0.0,0.32460248262831004,1.252391892032232,0.47262881519459177,0.4388822461329399,0.5888209750996901,0.0,0.6154652822175527,0.6154652822175527
hrl,multi,0,weighted_cka,0,1297,2.993530064723453,255.0,0.7045749425888062,0.7003330588340759,1,0.0,0.5987060129446906,5,0,off,0,0,0.0,0.0,0.0,0.46981693329196406,1.280574272163212,0.4393291339143178,0.33855854822834947,0.46525117712561015,0.0,0.5987060129446906,0.5987060129446906
hrl,multi,0,weighted_cka,0,1298,3.0926805851396044,230.0,0.7042616009712219,0.70215904712677,1,0.0,0.618536117027921,5,0,off,0,0,0.0,0.0,0.0,0.33732992440299125,1.2820615314077584,0.5598353769960812,0.34049617844441665,0.5729575738883576,0.0,0.618536117027921,0.618536117027921
hrl,multi,0,weighted_cka,0,1299,3.0758228239208316,233.0,0.7045363783836365,0.701964795589447,1,0.0,0.6151645647841664,5,0,off,0,0,0.0,0.0,0.0,0.3470898144794627,1.2725852067051453,0.5585446675755082,0.3148340842198449,0.5827690509408711,0.0,0.6151645647841664,0.6151645647841664
hrl,multi,0,weighted_cka,0,1300,3.1166606688858143,230.0,0.7037380337715149,0.7003335952758789,1,0.0,0.6233321337771629,5,0,off,0,0,0.0,0.0,0.0,0.48228467976767553,1.2839773401902055,0.4399075311589985,0.32437085564564033,0.5861202621232949,0.0,0.6233321337771629,0.6233321337771629
hrl,multi,0,weighted_cka,0,1301,3.098793670256417,225.0,0.7040536999702454,0.700920045375824,1,0.0,0.6197587340512836,5,0,off,0,0,0.0,0.0,0.0,0.35369456779689057,1.275183090048842,0.5592198276931885,0.32516516953185776,0.5855310151856391,0.0,0.6197587340512836,0.6197587340512836
hrl,multi,0,weighted_cka,0,1302,3.0645976714779377,238.0,0.7038751840591431,0.7014827728271484,1,0.0,0.6129195342955877,5,0,off,0,0,0.0,0.0,0.0,0.3481156090546282,1.278664037974551,0.559123414822854,0.33522337482002323,0.5434712348058818,0.0,0.6129195342955877,0.6129195342955877
hrl,multi,0,weighted_cka,0,1303,2.9027585549412747,277.0,0.7048120498657227,0.7025574445724487,1,0.0,0.580551710988255,5,0,off,0,0,0.0,0.0,0.0,0.3049759818505262,1.2709895843109114,0.4930701769704463,0.33868047141452545,0.495042340394866,0.0,0.580551710988255,0.580551710988255
hrl,multi,0,weighted_cka,0,1304,2.9977419000877403,252.0,0.7035794258117676,0.700360894203186,1,0.0,0.5995483800175482,5,0,off,0,0,0.0,0.0,0.0,0.38466327207477286,1.2587294881511477,0.44871321226633143,0.3907381668505258,0.5148977607449632,0.0,0.5995483800175482,0.5995483800175482
hrl,multi,0,weighted_cka,0,1305,3.107236500425202,227.0,0.7034987211227417,0.7007859349250793,1,0.0,0.6214473000850405,5,0,off,0,0,0.0,0.0,0.0,0.4012658150116912,1.2766609472855923,0.40337060539564107,0.32448434229095885,0.7014547904413192,0.0,0.6214473000850405,0.6214473000850405
hrl,multi,0,weighted_cka,0,1306,3.1096443412422583,224.0,0.7033644914627075,0.7011091709136963,1,0.0,0.6219288682484517,5,0,off,0,0,0.0,0.0,0.0,0.30754065953614185,1.2812873679613692,0.4622082825610413,0.4543605156431366,0.6042475155405699,0.0,0.6219288682484517,0.6219288682484517
hrl,multi,0,weighted_cka,0,1307,3.138797688340156,217.0,0.7025972008705139,0.7003167867660522,1,0.0,0.6277595376680313,5,0,off,0,0,0.0,0.0,0.0,0.3259641544327605,1.2587414124957284,0.4748829738451167,0.48123790523744525,0.5979712423291056,0.0,0.6277595376680313,0.6277595376680313
hrl,multi,0,weighted_cka,0,1308,3.121884135405532,223.0,0.7024863362312317,0.700476348400116,1,0.0,0.6243768270811063,5,0,off,0,0,0.0,0.0,0.0,0.5007380046781617,1.278505652802996,0.38758169064344833,0.31696420167409806,0.6380945856068282,0.0,0.6243768270811063,0.6243768270811063
hrl,multi,0,weighted_cka,0,1309,3.0358078152590884,244.0,0.7043082118034363,0.701569139957428,1,0.0,0.6071615630518178,5,0,off,0,0,0.0,0.0,0.0,0.3369683309337123,1.280736776543781,0.5602798545947297,0.32970705839036957,0.5281157947964964,0.0,0.6071615630518178,0.6071615630518178
hrl,multi,0,weighted_cka,0,1310,3.103763405469536,227.0,0.7037643194198608,0.7000924348831177,1,0.0,0.6207526810939072,5,0,off,0,0,0.0,0.0,0.0,0.3151889258520677,1.2574721992686388,0.46861127792322066,0.4728517674193716,0.5896392350062377,0.0,0.6207526810939072,0.6207526810939072
hrl,multi,0,weighted_cka,0,1311,3.1275804284456914,223.0,0.7026774287223816,0.7001069784164429,1,0.0,0.6255160856891383,5,0,off,0,0,0.0,0.0,0.0,0.47253409851825545,1.2840182657912371,0.4096563137350603,0.32677880896235995,0.6345929414387791,0.0,0.6255160856891383,0.6255160856891383
hrl,multi,0,weighted_cka,0,1312,3.0819729169527696,228.0,0.7041064500808716,0.7015722393989563,1,0.0,0.616394583390554,5,0,off,0,0,0.0,0.0,0.0,0.32189440774335515,1.2825531952213494,0.5312571897246233,0.3336322536670486,0.6126358705963938,0.0,0.616394583390554,0.616394583390554
hrl,multi,0,weighted_cka,0,1313,3.126694853806132,219.0,0.7023695111274719,0.7001834511756897,1,0.0,0.6253389707612265,5,0,off,0,0,0.0,0.0,0.0,0.346826697646873,1.2805713747022671,0.5599533505951985,0.3267971543273524,0.6125462765344417,0.0,0.6253389707612265,0.6253389707612265
hrl,multi,0,weighted_cka,0,1314,3.126421523125026,220.0,0.7040240168571472,0.7008938789367676,1,0.0,0.6252843046250053,5,0,off,0,0,0.0,0.0,0.0,0.3006428586147958,1.291877196645364,0.4737797604680526,0.36571932893642217,0.6944023784603922,0.0,0.6252843046250053,0.6252843046250053
hrl,multi,0,weighted_cka,0,1315,3.121556227667605,220.0,0.703675389289856,0.7001654505729675,1,0.0,0.6243112455335211,5,0,off,0,0,0.0,0.0,0.0,0.3315531052864389,1.2842275142995638,0.5600717004922916,0.33032379121507977,0.6153801163742317,0.0,0.6243112455335211,0.6243112455335211
hrl,multi,0,weighted_cka,0,1316,3.0987663178706413,227.0,0.7024127244949341,0.7004666328430176,1,0.0,0.6197532635741283,5,0,off,0,0,0.0,0.0,0.0,0.35251986196625507,1.2807227126415817,0.53278823857347,0.3378512716335826,0.5948842330557526,0.0,0.6197532635741283,0.6197532635741283
hrl,multi,0,weighted_cka,0,1317,3.0978066842191607,229.0,0.7034184336662292,0.7001776695251465,1,0.0,0.6195613368438322,5,0,off,0,0,0.0,0.0,0.0,0.3017382946625584,1.2860839461609719,0.3947545071670319,0.5144628426185808,0.6007670936100183,0.0,0.6195613368438322,0.6195613368438322
hrl,multi,0,weighted_cka,0,1318,3.1028462754089547,225.0,0.7041045427322388,0.7008399367332458,1,0.0,0.6205692550817911,5,0,off,0,0,0.0,0.0,0.0,0.3606029996061697,1.272884848218411,0.5517661903500556,0.3359850367495964,0.5816072004847227,0.0,0.6205692550817911,0.6205692550817911
hrl,multi,0,weighted_cka,0,1319,3.097574721981246,227.0,0.7037835121154785,0.7006832957267761,1,0.0,0.6195149443962493,5,0,off,0,0,0.0,0.0,0.0,0.40174198103230435,1.274861693581566,0.391738188272342,0.43563100009452305,0.5936018590005113,0.0,0.6195149443962493,0.6195149443962493
hrl,multi,0,weighted_cka,0,1320,3.10250809728942,222.0,0.7034449577331543,0.7008121609687805,1,0.0,0.6205016194578841,5,0,off,0,0,0.0,0.0,0.0,0.31158260869304644,1.2806593387015162,0.5606765426560304,0.3212681137864128,0.6283214934524147,0.0,0.6205016194578841,0.6205016194578841
hrl,multi,0,weighted_cka,0,1321,2.9488601618651287,268.0,0.7041080594062805,0.7008005976676941,1,0.0,0.5897720323730258,5,0,off,0,0,0.0,0.0,0.0,0.35827465771976846,1.276622332206927,0.36349705877248195,0.3520206898106261,0.5984454233553259,0.0,0.5897720323730258,0.5897720323730258
hrl,multi,0,weighted_cka,0,1322,3.1082098587645293,225.0,0.7028349041938782,0.7008163332939148,1,0.0,0.6216419717529059,5,0,off,0,0,0.0,0.0,0.0,0.35466289981611765,1.2874823368713257,0.5357997219362295,0.33761135898569766,0.5926535411551593,0.0,0.6216419717529059,0.6216419717529059
hrl,multi,0,weighted_cka,0,1323,3.1344987747095026,219.0,0.7031088471412659,0.7012627124786377,1,0.0,0.6268997549419006,5,0,off,0,0,0.0,0.0,0.0,0.3993009135783649,1.2837897607916964,0.3903142545819282,0.4690031756058778,0.5920906701516359,0.0,0.6268997549419006,0.6268997549419006
hrl,multi,0,weighted_cka,0,1324,3.1012508579683478,226.0,0.7018076181411743,0.700131893157959,1,0.0,0.6202501715936697,5,0,off,0,0,0.0,0.0,0.0,0.29685873910109506,1.2815634551625696,0.560491667950875,0.32678506678796837,0.6355519289658403,0.0,0.6202501715936697,0.6202501715936697
hrl,multi,0,weighted_cka,0,1325,3.0728421385856333,231.0,0.7035931348800659,0.7020483613014221,1,0.0,0.6145684277171267,5,0,off,0,0,0.0,0.0,0.0,0.2768465066123753,1.275616735477466,0.46586744966730465,0.4748469379818997,0.5796645088465883,0.0,0.6145684277171267,0.6145684277171267
hrl,multi,0,weighted_cka,0,1326,3.0934834291214344,227.0,0.702766478061676,0.7008121013641357,1,0.0,0.6186966858242869,5,0,off,0,0,0.0,0.0,0.0,0.3444347607054514,1.2788113850494844,0.560081115479581,0.338362965700915,0.5717932021860032,0.0,0.6186966858242869,0.6186966858242869
hrl,multi,0,weighted_cka,0,1327,3.0582385217631223,240.0,0.7042409181594849,0.7005918622016907,1,0.0,0.6116477043526245,5,0,off,0,0,0.0,0.0,0.0,0.37449434255110087,1.2683753416459074,0.5165544668775982,0.3189214236033148,0.5798929470852016,0.0,0.6116477043526245,0.6116477043526245
hrl,multi,0,weighted_cka,0,1328,3.0933013003505754,230.0,0.7046500444412231,0.7032797932624817,1,0.0,0.6186602600701151,5,0,off,0,0,0.0,0.0,0.0,0.4550743223158641,1.2809392167348412,0.41048713513696555,0.37063209853461004,0.576168527628295,0.0,0.6186602600701151,0.6186602600701151
hrl,multi,0,weighted_cka,0,1329,3.06845544393733,234.0,0.7051239609718323,0.7004522085189819,1,0.0,0.6136910887874661,5,0,off,0,0,0.0,0.0,0.0,0.315814380982425,1.283702104827389,0.5296391952130942,0.3401890866043977,0.599110676310025,0.0,0.6136910887874661,0.6136910887874661
hrl,multi,0,weighted_cka,0,1330,3.0937215200657944,229.0,0.7047208547592163,0.7023488879203796,1,0.0,0.6187443040131589,5,0,off,0,0,0.0,0.0,0.0,0.33081827045488166,1.2653912333436308,0.4544650814710184,0.36104248554049984,0.6820044492557643,0.0,0.6187443040131589,0.6187443040131589
hrl,multi,0,weighted_cka,0,1331,3.1403069716559027,224.0,0.7037841081619263,0.7012881636619568,1,0.0,0.6280613943311806,5,0,off,0,0,0.0,0.0,0.0,0.3459372988313334,1.29552793588303,0.5606592031759209,0.3360291787576279,0.602153355007991,0.0,0.6280613943311806,0.6280613943311806
hrl,multi,0,weighted_cka,0,1332,3.0916299905760667,227.0,0.7042402029037476,0.7015155553817749,1,0.0,0.6183259981152134,5,0,off,0,0,0.0,0.0,0.0,0.2900178749233018,1.2807323820982126,0.555081928694155,0.34980839084531173,0.6159894140150862,0.0,0.6183259981152134,0.6183259981152134
hrl,multi,0,weighted_cka,0,1333,3.057314612382163,234.0,0.703625500202179,0.7011911273002625,1,0.0,0.6114629224764327,5,0,off,0,0,0.0,0.0,0.0,0.379910733927274,1.2809555636579169,0.46607573376689093,0.3411154935293161,0.5892570875007658,0.0,0.6114629224764327,0.6114629224764327
hrl,multi,0,weighted_cka,0,1334,3.1149500578249123,221.0,0.7028287649154663,0.7014179229736328,1,0.0,0.6229900115649826,5,0,off,0,0,0.0,0.0,0.0,0.3384254129104083,1.2871933011002836,0.5490239402954465,0.3409698737505386,0.5993375297682358,0.0,0.6229900115649826,0.6229900115649826
hrl,multi,0,weighted_cka,0,1335,3.0490004341969894,234.0,0.7027513980865479,0.7004008293151855,1,0.0,0.609800086839398,5,0,off,0,0,0.0,0.0,0.0,0.31379727428883775,1.2318389049631948,0.5596394761446862,0.3738985080518759,0.5698262707483953,0.0,0.609800086839398,0.609800086839398
hrl,multi,0,weighted_cka,0,1336,3.0740404947219946,232.0,0.7043516039848328,0.7007843255996704,1,0.0,0.6148080989443991,5,0,off,0,0,0.0,0.0,0.0,0.33934457122057204,1.2851661302940918,0.5604016065695322,0.3313432234782103,0.5577849631595889,0.0,0.6148080989443991,0.6148080989443991
hrl,multi,0,weighted_cka,0,1337,3.1260161056511557,226.0,0.7054167985916138,0.7023488879203796,1,0.0,0.6252032211302312,5,0,off,0,0,0.0,0.0,0.0,0.47812374683143555,1.282050782524049,0.43634551259269927,0.3410744566754437,0.5884216070275287,0.0,0.6252032211302312,0.6252032211302312
hrl,multi,0,weighted_cka,0,1338,3.082702019760704,236.0,0.704241931438446,0.7017627358436584,1,0.0,0.6165404039521409,5,0,off,0,0,0.0,0.0,0.0,0.31825490452008665,1.2767967604883013,0.4896426341943442,0.32108552462607615,0.6769221959318964,0.0,0.6165404039521409,0.6165404039521409
hrl,multi,0,weighted_cka,0,1339,3.134676539409435,223.0,0.7047091722488403,0.7015691995620728,1,0.0,0.626935307881887,5,0,off,0,0,0.0,0.0,0.0,0.4840634493380783,1.2924819383863357,0.430014789125882,0.3378800919468012,0.5902362706123384,0.0,0.626935307881887,0.626935307881887
hrl,multi,0,weighted_cka,0,1340,3.091969931409926,231.0,0.70256507396698,0.7001927495002747,1,0.0,0.6183939862819852,5,0,off,0,0,0.0,0.0,0.0,0.486740776022896,1.28059812228661,0.39647581101558166,0.3802278808099217,0.5479273412749169,0.0,0.6183939862819852,0.6183939862819852
hrl,multi,0,weighted_cka,0,1341,2.9996618744298944,257.0,0.7040473818778992,0.7023488879203796,1,0.0,0.5999323748859788,5,0,off,0,0,0.0,0.0,0.0,0.49263338641775756,1.2797456057835368,0.39775538529688487,0.3685033710369516,0.4610241258947642,0.0,0.5999323748859788,0.5999323748859788
hrl,multi,0,weighted_cka,0,1342,3.0573493712049227,236.0,0.7034825086593628,0.7023488879203796,1,0.0,0.6114698742409846,5,0,off,0,0,0.0,0.0,0.0,0.28698807855906483,1.282603569338098,0.5614180729895014,0.38789123047539026,0.5384484198428688,0.0,0.6114698742409846,0.6114698742409846
hrl,multi,0,weighted_cka,0,1343,3.1296557803497405,222.0,0.7034114599227905,0.7013531923294067,1,0.0,0.6259311560699482,5,0,off,0,0,0.0,0.0,0.0,0.3104775621667504,1.2919443977391345,0.44997778932843346,0.4437226318538886,0.6335333992615341,0.0,0.6259311560699482,0.6259311560699482
hrl,multi,0,weighted_cka,0,1344,3.1370964736745215,219.0,0.704927921295166,0.7023488879203796,1,0.0,0.6274192947349043,5,0,off,0,0,0.0,0.0,0.0,0.4714701417014001,1.281285864616744,0.4002381538371555,0.3821372195489238,0.6019650939702986,0.0,0.6274192947349043,0.6274192947349043
hrl,multi,0,weighted_cka,0,1345,3.0617359255321777,239.0,0.7034028768539429,0.7012349963188171,1,0.0,0.6123471851064356,5,0,off,0,0,0.0,0.0,0.0,0.3183482520913239,1.2806700945459304,0.37502724060206666,0.5169956551508511,0.5706946831420062,0.0,0.6123471851064356,0.6123471851064356
hrl,multi,0,weighted_cka,0,1346,3.097794884845613,233.0,0.7035978436470032,0.7014386057853699,1,0.0,0.6195589769691227,5,0,off,0,0,0.0,0.0,0.0,0.5004086482413111,1.2801698084315283,0.4292775267600081,0.3377093536364845,0.5502295477762816,0.0,0.6195589769691227,0.6195589769691227
hrl,multi,0,weighted_cka,0,1347,3.058418667917917,241.0,0.7020857334136963,0.700900673866272,1,0.0,0.6116837335835834,5,0,off,0,0,0.0,0.0,0.0,0.47266892568394525,1.29252753267996,0.39435634596366426,0.3413597246863282,0.55750613890402,0.0,0.6116837335835834,0.6116837335835834
hrl,multi,0,weighted_cka,0,1348,3.0951387016247014,232.0,0.7044771313667297,0.7020187377929688,1,0.0,0.6190277403249402,5,0,off,0,0,0.0,0.0,0.0,0.495171466601081,1.2807846285961566,0.36328261475823814,0.3801597216795198,0.5757402699897064,0.0,0.6190277403249402,0.6190277403249402
hrl,multi,0,weighted_cka,0,1349,3.1188471256563486,222.0,0.7031136155128479,0.7000538110733032,1,0.0,0.6237694251312698,5,0,off,0,0,0.0,0.0,0.0,0.3409469902024138,1.2830658966070039,0.5611334587661548,0.33344198948345727,0.6002587905973195,0.0,0.6237694251312698,0.6237694251312698
hrl,multi,0,weighted_cka,0,1350,3.1250107171907135,223.0,0.7024782299995422,0.7010365128517151,1,0.0,0.6250021434381428,5,0,off,0,0,0.0,0.0,0.0,0.2940167780568881,1.286229551577009,0.5570965534639544,0.3836147683449089,0.6040530657479538,0.0,0.6250021434381428,0.6250021434381428
hrl,multi,0,weighted_cka,0,1351,3.1099943365049536,224.0,0.7026914358139038,0.7001069784164429,1,0.0,0.6219988673009909,5,0,off,0,0,0.0,0.0,0.0,0.3009905105631041,1.252410106952302,0.4807102447589858,0.47482108333500206,0.6010623908955602,0.0,0.6219988673009909,0.6219988673009909
hrl,multi,0,weighted_cka,0,1352,3.1459939394583913,218.0,0.7041100859642029,0.7015691995620728,1,0.0,0.6291987878916784,5,0,off,0,0,0.0,0.0,0.0,0.3967566104447468,1.2888019647309554,0.4022066478715277,0.3589297209219075,0.6992989954892544,0.0,0.6291987878916784,0.6291987878916784
hrl,multi,0,weighted_cka,0,1353,3.117456598534975,219.0,0.703333854675293,0.7001069784164429,1,0.0,0.6234913197069951,5,0,off,0,0,0.0,0.0,0.0,0.28963126010229456,1.2687442284170536,0.5660071616071508,0.3882936439448967,0.6047803044635801,0.0,0.6234913197069951,0.6234913197069951
hrl,multi,0,weighted_cka,0,1354,3.079088107478105,231.0,0.703374445438385,0.7010679841041565,1,0.0,0.615817621495621,5,0,off,0,0,0.0,0.0,0.0,0.46004808366112393,1.2772682753093538,0.34372622638940803,0.40167374384612764,0.5963717782720922,0.0,0.615817621495621,0.615817621495621
hrl,multi,0,weighted_cka,0,1355,3.1397448060474114,217.0,0.703673243522644,0.7006404995918274,1,0.0,0.6279489612094823,5,0,off,0,0,0.0,0.0,0.0,0.4201595613312673,1.2866559918131677,0.4879632404404691,0.3408912021950818,0.6040748102674259,0.0,0.6279489612094823,0.6279489612094823
hrl,multi,0,weighted_cka,0,1356,3.1031693076525686,225.0,0.7033687829971313,0.7012566328048706,1,0.0,0.6206338615305138,5,0,off,0,0,0.0,0.0,0.0,0.25273756779130774,1.2662453546747563,0.47422200674877957,0.49680627502314734,0.6131581034145782,0.0,0.6206338615305138,0.6206338615305138
hrl,multi,0,weighted_cka,0,1357,3.064071613048173,242.0,0.7029649019241333,0.7003167867660522,1,0.0,0.6128143226096346,5,0,off,0,0,0.0,0.0,0.0,0.3587723824802087,1.2771245122086254,0.559684369967319,0.32755263824140995,0.5409377101506105,0.0,0.6128143226096346,0.6128143226096346
hrl,multi,0,weighted_cka,0,1358,3.010433620390983,253.0,0.7043787240982056,0.7032700777053833,1,0.0,0.6020867240781967,5,0,off,0,0,0.0,0.0,0.0,0.3667259441473651,1.2778033117312004,0.487414836948621,0.36527148609096177,0.5132180414728353,0.0,0.6020867240781967,0.6020867240781967
hrl,multi,0,weighted_cka,0,1359,3.0434145164120405,247.0,0.7040249109268188,0.7012903690338135,1,0.0,0.6086829032824081,5,0,off,0,0,0.0,0.0,0.0,0.42658908335305734,1.2793622956471515,0.48352522050077085,0.33999713711821816,0.5139407797928432,0.0,0.6086829032824081,0.6086829032824081
hrl,multi,0,weighted_cka,0,1360,3.026848348965736,246.0,0.70320063829422,0.7003167867660522,1,0.0,0.6053696697931472,5,0,off,0,0,0.0,0.0,0.0,0.4448129202754788,1.279358712996356,0.3754661291246301,0.3507046624682843,0.5765059241009874,0.0,0.6053696697931472,0.6053696697931472
hrl,multi,0,weighted_cka,0,1361,3.1232244507173297,221.0,0.7037627100944519,0.7010375261306763,1,0.0,0.624644890143466,5,0,off,0,0,0.0,0.0,0.0,0.34263537984396675,1.2844053383544085,0.5602127225061412,0.34070091965261956,0.5952700903601943,0.0,0.624644890143466,0.624644890143466
hrl,multi,0,weighted_cka,0,1362,3.0942790874680055,229.0,0.7035428881645203,0.7014598846435547,1,0.0,0.6188558174936012,5,0,off,0,0,0.0,0.0,0.0,0.3813795821347156,1.2733726917160673,0.4070795198418199,0.3303250104321777,0.7021222833432256,0.0,0.6188558174936012,0.6188558174936012
hrl,multi,0,weighted_cka,0,1363,3.0907152902932418,226.0,0.7039065361022949,0.7006405591964722,1,0.0,0.6181430580586484,5,0,off,0,0,0.0,0.0,0.0,0.3214546734578907,1.2806358857871962,0.5604555951645597,0.3006777687446737,0.6274913671389221,0.0,0.6181430580586484,0.6181430580586484
hrl,multi,0,weighted_cka,0,1364,3.024074689241576,248.0,0.7044446468353271,0.7023488879203796,1,0.0,0.6048149378483153,5,0,off,0,0,0.0,0.0,0.0,0.3049366031826939,1.275605951576959,0.560101889444515,0.3742065795541129,0.5092236654832958,0.0,0.6048149378483153,0.6048149378483153
hrl,multi,0,weighted_cka,0,1365,3.0139831929442575,263.0,0.7050496339797974,0.7023488879203796,1,0.0,0.6027966385888515,5,0,off,0,0,0.0,0.0,0.0,0.47488628925010545,1.2843470805920658,0.4386447138309012,0.34720295970613363,0.468902149565052,0.0,0.6027966385888515,0.6027966385888515
hrl,multi,0,weighted_cka,0,1366,2.9919799432354544,260.0,0.7035185098648071,0.700327455997467,1,0.0,0.5983959886470909,5,0,off,0,0,0.0,0.0,0.0,0.4255465088969502,1.2785531082283703,0.4628956796437268,0.3447642609708345,0.48022038549557305,0.0,0.5983959886470909,0.5983959886470909
hrl,multi,0,weighted_cka,0,1367,3.059995076686579,248.0,0.7030632495880127,0.7002465128898621,1,0.0,0.6119990153373159,5,0,off,0,0,0.0,0.0,0.0,0.4916847093026152,1.3038713085791094,0.4047872591250342,0.3046342282291443,0.5550175714506767,0.0,0.6119990153373159,0.6119990153373159
hrl,multi,0,weighted_cka,0,1368,3.0825629242401416,231.0,0.7022652626037598,0.7000454068183899,1,0.0,0.6165125848480283,5,0,off,0,0,0.0,0.0,0.0,0.4439127695147179,1.277379552990198,0.4473112402698024,0.3373513249026236,0.5766080365628002,0.0,0.6165125848480283,0.6165125848480283
hrl,multi,0,weighted_cka,0,1369,3.1163993223364765,224.0,0.7051251530647278,0.7019617557525635,1,0.0,0.6232798644672953,5,0,off,0,0,0.0,0.0,0.0,0.4552796879738451,1.2766174069074911,0.4081466700513846,0.3718843261899855,0.6044712312137707,0.0,0.6232798644672953,0.6232798644672953
hrl,multi,0,weighted_cka,0,1370,3.096780309586237,230.0,0.7039508819580078,0.7001249194145203,1,0.0,0.6193560619172475,5,0,off,0,0,0.0,0.0,0.0,0.3932565884494015,1.267524314153008,0.5187560564586892,0.3473885123848303,0.5698548381403087,0.0,0.6193560619172475,0.6193560619172475
hrl,multi,0,weighted_cka,0,1371,3.1007925294404255,224.0,0.7022969126701355,0.7003108263015747,1,0.0,0.6201585058880851,5,0,off,0,0,0.0,0.0,0.0,0.45330514290789126,1.2808571982989085,0.44625792747642834,0.31530047607648876,0.6050717846807091,0.0,0.6201585058880851,0.6201585058880851
hrl,multi,0,weighted_cka,0,1372,3.0071425198950297,248.0,0.7040179967880249,0.7020187377929688,1,0.0,0.601428503979006,5,0,off,0,0,0.0,0.0,0.0,0.34119863578770304,1.2807771860482169,0.5552034342177211,0.34320012274295725,0.48676314109843205,0.0,0.601428503979006,0.601428503979006
hrl,multi,0,weighted_cka,0,1373,2.8614176695671616,300.0,0.7042006254196167,0.7004460692405701,1,0.0,0.5722835339134325,5,0,off,0,0,0.0,0.0,0.0,0.3449003726035589,1.2721332114860413,0.560497353340499,0.3326583497526589,0.35122838238440424,0.0,0.5722835339134325,0.5722835339134325
hrl,multi,0,weighted_cka,0,1374,3.0734239322401105,240.0,0.7025865912437439,0.7001069784164429,1,0.0,0.614684786448022,5,0,off,0,0,0.0,0.0,0.0,0.4521945302328093,1.292061465801671,0.4421508504524826,0.35315503182495006,0.5338620539281981,0.0,0.614684786448022,0.614684786448022
hrl,multi,0,weighted_cka,0,1375,3.1255440842414015,222.0,0.7032566666603088,0.7012791037559509,1,0.0,0.6251088168482803,5,0,off,0,0,0.0,0.0,0.0,0.3570212545508984,1.2775614763624032,0.5603374757552518,0.3336372270677456,0.596986650505103,0.0,0.6251088168482803,0.6251088168482803
hrl,multi,0,weighted_cka,0,1376,3.1218188890679,222.0,0.7032759189605713,0.7015833854675293,1,0.0,0.6243637778135801,5,0,off,0,0,0.0,0.0,0.0,0.3383177738304657,1.2809209916833786,0.5603057733019813,0.3229173946874943,0.6193569555645807,0.0,0.6243637778135801,0.6243637778135801
hrl,multi,0,weighted_cka,0,1377,3.0795600868088355,229.0,0.7030959725379944,0.7019329071044922,1,0.0,0.6159120173617672,5,0,off,0,0,0.0,0.0,0.0,0.30999468503892413,1.2808006020588798,0.5599329012543893,0.34115947037210564,0.5876724280845372,0.0,0.6159120173617672,0.6159120173617672
hrl,multi,0,weighted_cka,0,1378,3.050043992180725,240.0,0.701721727848053,0.7005587816238403,1,0.0,0.6100087984361451,5,0,off,0,0,0.0,0.0,0.0,0.324125072298455,1.2806041018432004,0.5600603783018886,0.35046961137698956,0.5347848283601924,0.0,0.6100087984361451,0.6100087984361451
hrl,multi,0,weighted_cka,0,1379,3.006239249345583,259.0,0.7022590637207031,0.7001069784164429,1,0.0,0.6012478498691168,5,0,off,0,0,0.0,0.0,0.0,0.31865240991636523,1.2868606326030565,0.46923296941490833,0.4542251849590101,0.4772680524522437,0.0,0.6012478498691168,0.6012478498691168
hrl,multi,0,weighted_cka,0,1380,2.982466039100908,255.0,0.7048689723014832,0.7023488879203796,1,0.0,0.5964932078201817,5,0,off,0,0,0.0,0.0,0.0,0.29775533197961335,1.277317860013805,0.5600820249160751,0.38743917924514965,0.4598716429462654,0.0,0.5964932078201817,0.5964932078201817
hrl,multi,0,weighted_cka,0,1381,3.087655497579623,228.0,0.702648401260376,0.7012749314308167,1,0.0,0.6175310995159247,5,0,off,0,0,0.0,0.0,0.0,0.34596094943652855,1.2807361434772608,0.5297526854253373,0.3361472038631545,0.5950585153773426,0.0,0.6175310995159247,0.6175310995159247
hrl,multi,0,weighted_cka,0,1382,3.13390775186572,224.0,0.7042197585105896,0.700874388217926,1,0.0,0.6267815503731441,5,0,off,0,0,0.0,0.0,0.0,0.3889576568032498,1.2870152169307691,0.5151260986090637,0.34790225102645483,0.5949065284961833,0.0,0.6267815503731441,0.6267815503731441
hrl,multi,0,weighted_cka,0,1383,2.3768423492205315,300.0,0.635006308555603,0.35783714056015015,0,0.0,0.4753684698441063,5,0,off,0,0,0.0,0.0,0.0,0.48922623684292177,1.273633434128016,0.43137149794306595,0.3388484524294035,-0.15623727212287525,0.0,0.4753684698441063,0.4753684698441063
hrl,multi,0,weighted_cka,0,1384,3.0415085903562145,250.0,0.702661395072937,0.7005587816238403,1,0.0,0.608301718071243,5,0,off,0,0,0.0,0.0,0.0,0.3420026115835643,1.2369805957516653,0.44808289952157054,0.3654558541614114,0.6489866293380036,0.0,0.608301718071243,0.608301718071243
hrl,multi,0,weighted_cka,0,1385,3.0330926596288905,250.0,0.7030543088912964,0.7010097503662109,1,0.0,0.6066185319257782,5,0,off,0,0,0.0,0.0,0.0,0.3029776606552186,1.2858432898158205,0.4076351906911003,0.5231921406048349,0.5134443778619169,0.0,0.6066185319257782,0.6066185319257782
hrl,multi,0,weighted_cka,0,1386,3.0897558825704023,236.0,0.702407956123352,0.7002235651016235,1,0.0,0.6179511765140806,5,0,off,0,0,0.0,0.0,0.0,0.40635604205261905,1.2880834373738614,0.3761739876326173,0.45328163604147254,0.5658607794698326,0.0,0.6179511765140806,0.6179511765140806
hrl,multi,0,weighted_cka,0,1387,3.1125774114045113,229.0,0.7036305665969849,0.7023488879203796,1,0.0,0.6225154822809024,5,0,off,0,0,0.0,0.0,0.0,0.35841755546961207,1.2849172448441384,0.5598618068830109,0.33621457531174376,0.5731662288960068,0.0,0.6225154822809024,0.6225154822809024
hrl,multi,0,weighted_cka,0,1388,3.10112803404327,224.0,0.7026959657669067,0.7003329992294312,1,0.0,0.620225606808654,5,0,off,0,0,0.0,0.0,0.0,0.4123630425744339,1.2847570475516839,0.381356360877864,0.4397408813173823,0.5829107017219065,0.0,0.620225606808654,0.620225606808654
hrl,multi,0,weighted_cka,0,1389,3.093396357612974,227.0,0.7042789459228516,0.7005587816238403,1,0.0,0.6186792715225948,5,0,off,0,0,0.0,0.0,0.0,0.4426737575992591,1.2805890287365762,0.44825366129912425,0.34580712882964865,0.5760727811483665,0.0,0.6186792715225948,0.6186792715225948
hrl,multi,0,weighted_cka,0,1390,3.0665309729301358,241.0,0.7037898302078247,0.7023488879203796,1,0.0,0.6133061945860272,5,0,off,0,0,0.0,0.0,0.0,0.4823381991507484,1.2881828281190244,0.43424626837763924,0.3399965098178945,0.5217671674648299,0.0,0.6133061945860272,0.6133061945860272
hrl,multi,0,weighted_cka,0,1391,2.848577295434406,296.0,0.7023134231567383,0.7010679841041565,1,0.0,0.5697154590868813,5,0,off,0,0,0.0,0.0,0.0,0.2957110943111847,1.2809555617952717,0.5427285811258479,0.38734642401244485,0.34183563418965757,0.0,0.5697154590868813,0.5697154590868813
hrl,multi,0,weighted_cka,0,1392,3.00647674503413,258.0,0.7038472294807434,0.7023488879203796,1,0.0,0.601295349006826,5,0,off,0,0,0.0,0.0,0.0,0.5024966821609121,1.2515387593274934,0.39882889659889037,0.37311480473366093,0.4804976022131739,0.0,0.601295349006826,0.601295349006826
hrl,multi,0,weighted_cka,0,1393,3.012569600274843,253.0,0.7026185989379883,0.7004730105400085,1,0.0,0.6025139200549687,5,0,off,0,0,0.0,0.0,0.0,0.29563442936312634,1.2820918408934956,0.5553674603793769,0.3865909585701301,0.49288491106871496,0.0,0.6025139200549687,0.6025139200549687
hrl,multi,0,weighted_cka,0,1394,2.8469316949167536,298.0,0.7029047012329102,0.7005196213722229,1,0.0,0.5693863389833508,5,0,off,0,0,0.0,0.0,0.0,0.35009317781613203,1.2931698196427894,0.5602032648380845,0.33855761005364177,0.3049078225661066,0.0,0.5693863389833508,0.5693863389833508
hrl,multi,0,weighted_cka,0,1395,2.9557008583115225,269.0,0.7040643692016602,0.7023488879203796,1,0.0,0.5911401716623047,5,0,off,0,0,0.0,0.0,0.0,0.39801325725228515,1.276844993010163,0.3897215677639469,0.4542678874139964,0.4368531528711317,0.0,0.5911401716623047,0.5911401716623047
hrl,multi,0,weighted_cka,0,1396,3.0161276200459675,251.0,0.703018069267273,0.7007843255996704,1,0.0,0.6032255240091935,5,0,off,0,0,0.0,0.0,0.0,0.474824970055837,1.2845769343059508,0.4342416766081004,0.3423590182246989,0.4801250208513809,0.0,0.6032255240091935,0.6032255240091935
hrl,multi,0,weighted_cka,0,1397,3.0646676790508196,234.0,0.704464316368103,0.7014598846435547,1,0.0,0.612933535810164,5,0,off,0,0,0.0,0.0,0.0,0.32096113344084,1.2847471268707884,0.560368198777316,0.34167940677073777,0.556911813191138,0.0,0.612933535810164,0.612933535810164
hrl,multi,0,weighted_cka,0,1398,3.054415471390936,238.0,0.704694390296936,0.7027968168258667,1,0.0,0.6108830942781873,5,0,off,0,0,0.0,0.0,0.0,0.3501714196671964,1.2765057034222407,0.48752913905587036,0.33145932419132434,0.608749885054305,0.0,0.6108830942781873,0.6108830942781873
hrl,multi,0,weighted_cka,0,1399,3.0305637606732767,242.0,0.7043684124946594,0.7019373178482056,1,0.0,0.6061127521346554,5,0,off,0,0,0.0,0.0,0.0,0.3252688893025042,1.2854578714133238,0.5085961929755284,0.3457120448984205,0.5655287620835004,0.0,0.6061127521346554,0.6061127521346554
hrl,multi,0,weighted_cka,0,1400,3.038654614185302,241.0,0.7037676572799683,0.7003330588340759,1,0.0,0.6077309228370604,5,0,off,0,0,0.0,0.0,0.0,0.35046605277046905,1.280568819735199,0.5602548976362886,0.3184573698961903,0.5289074741471557,0.0,0.6077309228370604,0.6077309228370604
hrl,multi,0,weighted_cka,0,1401,3.081200232443806,230.0,0.703062891960144,0.700186014175415,1,0.0,0.6162400464887613,5,0,off,0,0,0.0,0.0,0.0,0.29755882842972636,1.286745167346671,0.41749516812665377,0.5248015075740403,0.554599560966715,0.0,0.6162400464887613,0.6162400464887613
hrl,multi,0,weighted_cka,0,1402,3.1289486150217405,221.0,0.7035639882087708,0.7003167867660522,1,0.0,0.6257897230043481,5,0,off,0,0,0.0,0.0,0.0,0.48028542752470804,1.2775087256114928,0.4331442178150172,0.34338188282630283,0.5946283612442201,0.0,0.6257897230043481,0.6257897230043481
hrl,multi,0,weighted_cka,0,1403,3.101978201390934,221.0,0.7041144967079163,0.7007843255996704,1,0.0,0.6203956402781869,5,0,off,0,0,0.0,0.0,0.0,0.3024193072258494,1.2804569562524555,0.5623700762148945,0.3768753772519921,0.5798564844457431,0.0,0.6203956402781869,0.6203956402781869
hrl,multi,0,weighted_cka,0,1404,3.1300450130541564,218.0,0.7020362615585327,0.7007843255996704,1,0.0,0.6260090026108314,5,0,off,0,0,0.0,0.0,0.0,0.3389695742715848,1.2798550862446425,0.449610712959431,0.45964431270398187,0.6019653268745168,0.0,0.6260090026108314,0.6260090026108314
hrl,multi,0,weighted_cka,0,1405,3.0438999320706612,245.0,0.703567385673523,0.7015497088432312,1,0.0,0.6087799864141324,5,0,off,0,0,0.0,0.0,0.0,0.3462094555496005,1.2895589848142115,0.5601209319643675,0.339201722347554,0.5088088373949284,0.0,0.6087799864141324,0.6087799864141324
hrl,multi,0,weighted_cka,0,1406,3.046990388837758,242.0,0.7032029032707214,0.7017665505409241,1,0.0,0.6093980777675517,5,0,off,0,0,0.0,0.0,0.0,0.3453171486969804,1.280737173054367,0.5599056739225051,0.3390389268861617,0.5219914662777445,0.0,0.6093980777675517,0.6093980777675517
hrl,multi,0,weighted_cka,0,1407,3.0644446243308763,236.0,0.7032467126846313,0.7019096612930298,1,0.0,0.6128889248661753,5,0,off,0,0,0.0,0.0,0.0,0.40406885452920677,1.2799745507165787,0.48771358632761974,0.3633732540002092,0.5293143787572624,0.0,0.6128889248661753,0.6128889248661753
hrl,multi,0,weighted_cka,0,1408,3.1241193382074113,222.0,0.7019806504249573,0.7006925940513611,1,0.0,0.6248238676414823,5,0,off,0,0,0.0,0.0,0.0,0.32130764870624984,1.273572144065052,0.47386379419872526,0.3497914659492671,0.7055842852881177,0.0,0.6248238676414823,0.6248238676414823
hrl,multi,0,weighted_cka,0,1409,3.0823187643389307,223.0,0.7039073705673218,0.7007843255996704,1,0.0,0.6164637528677862,5,0,off,0,0,0.0,0.0,0.0,0.3307359662338858,1.274924747612327,0.5654383245906064,0.345891469803093,0.565328256099019,0.0,0.6164637528677862,0.6164637528677862
hrl,multi,0,weighted_cka,0,1410,3.1127847933393338,222.0,0.7034258842468262,0.7012349963188171,1,0.0,0.6225569586678669,5,0,off,0,0,0.0,0.0,0.0,0.3122356788134202,1.2844573510903863,0.4877329810747614,0.36545097061755943,0.6629078117432071,0.0,0.6225569586678669,0.6225569586678669
hrl,multi,0,weighted_cka,0,1411,2.987219234153656,259.0,0.7044414281845093,0.7023488879203796,1,0.0,0.5974438468307314,5,0,off,0,0,0.0,0.0,0.0,0.34448259274894366,1.285164000475779,0.5599787619790294,0.34044286426799947,0.45715101468190533,0.0,0.5974438468307314,0.5974438468307314
hrl,multi,0,weighted_cka,0,1412,2.451791711865006,300.0,0.6874867677688599,0.6210881471633911,0,0.0,0.4903583423730013,5,0,off,0,0,0.0,0.0,0.0,0.2804704492186574,1.2897300097486002,0.5599917417635442,0.38754476410034105,-0.06594525296613613,0.0,0.4903583423730013,0.4903583423730013
hrl,multi,0,weighted_cka,0,1413,3.049307198929832,246.0,0.7047842741012573,0.7023488879203796,1,0.0,0.6098614397859665,5,0,off,0,0,0.0,0.0,0.0,0.4737947397860697,1.2720349639393387,0.37867720761965024,0.39968623876851045,0.5251140488162636,0.0,0.6098614397859665,0.6098614397859665
hrl,multi,0,weighted_cka,0,1414,3.0505850440619384,234.0,0.7035562992095947,0.7001069784164429,1,0.0,0.6101170088123877,5,0,off,0,0,0.0,0.0,0.0,0.278534427021339,1.2805412820400668,0.552414450730197,0.37358776727225623,0.56550711699808,0.0,0.6101170088123877,0.6101170088123877
hrl,multi,0,weighted_cka,0,1415,3.041300692280986,239.0,0.7021526098251343,0.7006925940513611,1,0.0,0.6082601384561973,5,0,off,0,0,0.0,0.0,0.0,0.34875773024931545,1.285473063830286,0.5589966372568159,0.33771555823762894,0.5103577027069403,0.0,0.6082601384561973,0.6082601384561973
hrl,multi,0,weighted_cka,0,1416,2.8560884383086944,298.0,0.7037187814712524,0.7012349963188171,1,0.0,0.571217687661739,5,0,off,0,0,0.0,0.0,0.0,0.44609113784553467,1.2775300620216874,0.4620282022729515,0.3456766238141717,0.32476241235434977,0.0,0.571217687661739,0.571217687661739
hrl,multi,0,weighted_cka,0,1417,2.9297832340561967,284.0,0.703921914100647,0.7022154927253723,1,0.0,0.5859566468112394,5,0,off,0,0,0.0,0.0,0.0,0.490473393967375,1.2915181164955718,0.3978940337179228,0.37208017347578054,0.37781751639954725,0.0,0.5859566468112394,0.5859566468112394
hrl,multi,0,weighted_cka,0,1418,2.8259710319411373,294.0,0.7037988901138306,0.7012349963188171,1,0.0,0.5651942063882276,5,0,off,0,0,0.0,0.0,0.0,0.05187579509802126,1.2660627607349304,0.47346043024258677,0.47144136825775773,0.5631306776078416,0.0,0.5651942063882276,0.5651942063882276
hrl,multi,0,weighted_cka,0,1419,3.063206461929664,238.0,0.704302191734314,0.7012976408004761,1,0.0,0.6126412923859328,5,0,off,0,0,0.0,0.0,0.0,0.4950388645282945,1.271706514756195,0.4184064329112879,0.32535784851009514,0.552696801223792,0.0,0.6126412923859328,0.6126412923859328
hrl,multi,0,weighted_cka,0,1420,3.080495993425923,229.0,0.7035484313964844,0.700364351272583,1,0.0,0.6160991986851846,5,0,off,0,0,0.0,0.0,0.0,0.4517598830536006,1.2807183208735657,0.41211691058520217,0.3353523766944126,0.6005485022191422,0.0,0.6160991986851846,0.6160991986851846
hrl,multi,0,weighted_cka,0,1421,3.109679583560965,222.0,0.703299880027771,0.7003330588340759,1,0.0,0.6219359167121932,5,0,off,0,0,0.0,0.0,0.0,0.34773285537702026,1.2872214473411439,0.5602151236885692,0.32635589337471166,0.5881542637795208,0.0,0.6219359167121932,0.6219359167121932
hrl,multi,0,weighted_cka,0,1422,3.123904219789735,218.0,0.7032088041305542,0.7005587816238403,1,0.0,0.6247808439579471,5,0,off,0,0,0.0,0.0,0.0,0.3591971864606311,1.2805947164399547,0.5603197851301519,0.3368034066534455,0.5869891251055522,0.0,0.6247808439579471,0.6247808439579471
hrl,multi,0,weighted_cka,0,1423,3.079368262680319,227.0,0.703869640827179,0.7001010775566101,1,0.0,0.6158736525360637,5,0,off,0,0,0.0,0.0,0.0,0.408350774375125,1.2815164195736868,0.48371782088684256,0.3287808847635751,0.57700236308109,0.0,0.6158736525360637,0.6158736525360637
hrl,multi,0,weighted_cka,0,1424,2.4262351818673764,300.0,0.6935239434242249,0.6568992137908936,0,0.0,0.4852470363734754,5,0,off,0,0,0.0,0.0,0.0,0.3514745141345774,1.2854291384667156,0.5600899531632894,0.3388992768705356,-0.10965770076774095,0.0,0.4852470363734754,0.4852470363734754
hrl,multi,0,weighted_cka,0,1425,2.9527062190456768,267.0,0.7038577795028687,0.7024660706520081,1,0.0,0.5905412438091355,5,0,off,0,0,0.0,0.0,0.0,0.37983870607311826,1.2623947489010168,0.40815382813848544,0.35563243236904957,0.5466865035640074,0.0,0.5905412438091355,0.5905412438091355
hrl,multi,0,weighted_cka,0,1426,2.942479759857028,266.0,0.7036374807357788,0.7000988721847534,1,0.0,0.5884959519714057,5,0,off,0,0,0.0,0.0,0.0,0.2932046228651306,1.2789222438680006,0.5474165643346495,0.38420978638253284,0.43872654240671527,0.0,0.5884959519714057,0.5884959519714057
hrl,multi,0,weighted_cka,0,1427,3.0465477505300647,244.0,0.703305721282959,0.7021619081497192,1,0.0,0.6093095501060131,5,0,off,0,0,0.0,0.0,0.0,0.48989476370206086,1.2806821025535462,0.4326601530406623,0.339338366418844,0.5039723648149519,0.0,0.6093095501060131,0.6093095501060131
hrl,multi,0,weighted_cka,0,1428,2.8545272999551656,291.0,0.7030761241912842,0.7007802128791809,1,0.0,0.5709054599910333,5,0,off,0,0,0.0,0.0,0.0,0.4628004872583841,1.2790778669388962,0.4445933524034916,0.3443586023168172,0.32369699103757715,0.0,0.5709054599910333,0.5709054599910333
hrl,multi,0,weighted_cka,0,1429,2.4294157435273505,300.0,0.6984524130821228,0.6826773285865784,0,0.0,0.4858831487054701,5,0,off,0,0,0.0,0.0,0.0,0.4316912735421209,1.2778140537221914,0.4735150838601402,0.3287738022761186,-0.08237846987322012,0.0,0.4858831487054701,0.4858831487054701
hrl,multi,0,weighted_cka,0,1430,2.892747314602601,285.0,0.7043744921684265,0.7007912397384644,1,0.0,0.5785494629205202,5,0,off,0,0,0.0,0.0,0.0,0.48851081108022465,1.2775310719981787,0.36015944679779927,0.36910282952524714,0.3974431552011518,0.0,0.5785494629205202,0.5785494629205202
hrl,multi,0,weighted_cka,0,1431,2.986529855519317,258.0,0.7050955891609192,0.7023488879203796,1,0.0,0.5973059711038635,5,0,off,0,0,0.0,0.0,0.0,0.35096700075245457,1.277508145513944,0.5599673966090012,0.3184569914508974,0.4796303211930206,0.0,0.5973059711038635,0.5973059711038635
hrl,multi,0,weighted_cka,0,1432,3.057638646508391,238.0,0.7040539979934692,0.7023488879203796,1,0.0,0.6115277293016783,5,0,off,0,0,0.0,0.0,0.0,0.3631131128686247,1.279023811696097,0.5127683160047162,0.3366871339349308,0.566046272004023,0.0,0.6115277293016783,0.6115277293016783
hrl,multi,0,weighted_cka,0,1433,3.040060403359005,244.0,0.703097939491272,0.7007843255996704,1,0.0,0.608012080671801,5,0,off,0,0,0.0,0.0,0.0,0.30465902048198035,1.2793543489780275,0.4519901816938071,0.4647060741954482,0.5393507780097423,0.0,0.608012080671801,0.608012080671801
hrl,multi,0,weighted_cka,0,1434,3.0449726303370395,238.0,0.70433109998703,0.7024400234222412,1,0.0,0.608994526067408,5,0,off,0,0,0.0,0.0,0.0,0.3252742038654832,1.2808072352875022,0.3805673926468007,0.5233384595885872,0.5349853389486668,0.0,0.608994526067408,0.608994526067408
hrl,multi,0,weighted_cka,0,1435,3.0543663131788477,236.0,0.7046650648117065,0.7017741203308105,1,0.0,0.6108732626357696,5,0,off,0,0,0.0,0.0,0.0,0.31471907796175214,1.2775023746900258,0.5410876321075483,0.36913783069397316,0.5519193977255489,0.0,0.6108732626357696,0.6108732626357696
hrl,multi,0,weighted_cka,0,1436,3.094384922041964,232.0,0.7032252550125122,0.7004007697105408,1,0.0,0.6188769844083928,5,0,off,0,0,0.0,0.0,0.0,0.4924217205177991,1.2893753245407713,0.3778048739070072,0.3414200305588892,0.5933629725174977,0.0,0.6188769844083928,0.6188769844083928
hrl,multi,0,weighted_cka,0,1437,3.1286848414931434,219.0,0.7028094530105591,0.7003330588340759,1,0.0,0.6257369682986288,5,0,off,0,0,0.0,0.0,0.0,0.351653548064758,1.2805562288360668,0.5589799603545106,0.3374340487899025,0.6000610554479061,0.0,0.6257369682986288,0.6257369682986288
hrl,multi,0,weighted_cka,0,1438,3.1407095747573464,220.0,0.7018246054649353,0.7001087665557861,1,0.0,0.6281419149514693,5,0,off,0,0,0.0,0.0,0.0,0.35373245423205657,1.2920526315085588,0.5600294587416573,0.3402570685503014,0.5946379617247729,0.0,0.6281419149514693,0.6281419149514693
hrl,multi,0,weighted_cka,0,1439,3.073311649886948,239.0,0.7033365368843079,0.7004915475845337,1,0.0,0.6146623299773897,5,0,off,0,0,0.0,0.0,0.0,0.4809000824192188,1.2891437138989565,0.4273666757722384,0.33679009640403085,0.5391110813925041,0.0,0.6146623299773897,0.6146623299773897
hrl,multi,0,weighted_cka,0,1440,2.322698102134744,300.0,0.6149591207504272,0.25659701228141785,0,0.0,0.4645396204269489,5,0,off,0,0,0.0,0.0,0.0,0.3409196866201236,1.2558850150061769,0.5671962773845297,0.3401695793109247,-0.1814724561870102,0.0,0.4645396204269489,0.4645396204269489
hrl,multi,0,weighted_cka,0,1441,2.93656286815222,273.0,0.7030946612358093,0.7012776732444763,1,0.0,0.5873125736304441,5,0,off,0,0,0.0,0.0,0.0,0.40305940228234965,1.2711334504513068,0.4930047124600968,0.3602730788597254,0.4090922240987418,0.0,0.5873125736304441,0.5873125736304441
hrl,multi,0,weighted_cka,0,1442,3.056979384427656,243.0,0.7022661566734314,0.7005587816238403,1,0.0,0.6113958768855312,5,0,off,0,0,0.0,0.0,0.0,0.46603935467172397,1.2805890287365762,0.40713332304544736,0.3660246479974593,0.5371930299764498,0.0,0.6113958768855312,0.6113958768855312
hrl,multi,0,weighted_cka,0,1443,2.43640170422659,300.0,0.6950337290763855,0.6616470217704773,0,0.0,0.48728034084531807,5,0,off,0,0,0.0,0.0,0.0,0.3281836103177629,1.287053182528354,0.5601945924204773,0.323524874878436,-0.06255455591843964,0.0,0.48728034084531807,0.48728034084531807
hrl,multi,0,weighted_cka,0,1444,2.0838538117772245,300.0,0.5826477408409119,0.10075217485427856,0,0.0,0.4167707623554449,5,0,off,0,0,0.0,0.0,0.0,0.39633350325364136,1.2855228122882543,0.48877710712945543,0.3417182481789786,-0.42849785907310467,0.0,0.4167707623554449,0.4167707623554449
hrl,multi,0,weighted_cka,0,1445,2.9198945686231585,287.0,0.7043282389640808,0.702338695526123,1,0.0,0.5839789137246318,5,0,off,0,0,0.0,0.0,0.0,0.33060060827655247,1.2973192127048967,0.5606803149199112,0.35584131210274056,0.3754531206190584,0.0,0.5839789137246318,0.5839789137246318
hrl,multi,0,weighted_cka,0,1446,2.9868570926580564,262.0,0.7034636735916138,0.7014598846435547,1,0.0,0.5973714185316114,5,0,off,0,0,0.0,0.0,0.0,0.3482413962827995,1.2854988596029577,0.5293134220689534,0.3281885582534596,0.495614856449887,0.0,0.5973714185316114,0.5973714185316114
hrl,multi,0,weighted_cka,0,1447,2.95035801854031,267.0,0.7025702595710754,0.7008858919143677,1,0.0,0.5900716037080622,5,0,off,0,0,0.0,0.0,0.0,0.3068258415786549,1.2711752347350118,0.47341107771312807,0.44322771690879004,0.45571814760472606,0.0,0.5900716037080622,0.5900716037080622
hrl,multi,0,weighted_cka,0,1448,3.033283163888728,242.0,0.7031004428863525,0.7005587816238403,1,0.0,0.6066566327777456,5,0,off,0,0,0.0,0.0,0.0,0.33820649170037353,1.2805767125776035,0.5293727814266457,0.3382929142507491,0.5468342639333567,0.0,0.6066566327777456,0.6066566327777456
hrl,multi,0,weighted_cka,0,1449,3.060457936340447,234.0,0.7035267949104309,0.7006170153617859,1,0.0,0.6120915872680894,5,0,off,0,0,0.0,0.0,0.0,0.3277063848995312,1.2766673223478717,0.5101533542349933,0.3472369130132719,0.5986939618447794,0.0,0.6120915872680894,0.6120915872680894
hrl,multi,0,weighted_cka,0,1450,3.0846883553905924,229.0,0.7045118808746338,0.7023488879203796,1,0.0,0.6169376710781186,5,0,off,0,0,0.0,0.0,0.0,0.3482863170737691,1.2755210304995996,0.5602319489476503,0.3277520226244814,0.5728970362450926,0.0,0.6169376710781186,0.6169376710781186
hrl,multi,0,weighted_cka,0,1451,3.076197114570065,233.0,0.7036694288253784,0.700874388217926,1,0.0,0.6152394229140131,5,0,off,0,0,0.0,0.0,0.0,0.28982728458475315,1.2848197355726731,0.5602282422692514,0.3818963584308512,0.5594254937125368,0.0,0.6152394229140131,0.6152394229140131
hrl,multi,0,weighted_cka,0,1452,3.0312269717825098,249.0,0.7043746113777161,0.7010732293128967,1,0.0,0.606245394356502,5,0,off,0,0,0.0,0.0,0.0,0.36476397651666764,1.2856470212237907,0.5351678714137523,0.3297910060028079,0.5158570966254917,0.0,0.606245394356502,0.606245394356502
hrl,multi,0,weighted_cka,0,1453,2.846198900703281,293.0,0.7035028338432312,0.7012349963188171,1,0.0,0.5692397801406563,5,0,off,0,0,0.0,0.0,0.0,0.4025064142104237,1.279255126030184,0.5166895666839554,0.33378889375756254,0.313958900021156,0.0,0.5692397801406563,0.5692397801406563
hrl,multi,0,weighted_cka,0,1454,3.088393394935409,230.0,0.7031685709953308,0.7008661031723022,1,0.0,0.6176786789870818,5,0,off,0,0,0.0,0.0,0.0,0.4546765883623155,1.2919005489768458,0.44738754381937895,0.3337467197671066,0.5606819940097628,0.0,0.6176786789870818,0.6176786789870818
hrl,multi,0,weighted_cka,0,1455,3.1219804420772204,222.0,0.704811692237854,0.7023488879203796,1,0.0,0.624396088415444,5,0,off,0,0,0.0,0.0,0.0,0.4760265451531157,1.277504055727273,0.436219327464234,0.34083438037330954,0.5913961333592886,0.0,0.624396088415444,0.624396088415444
hrl,multi,0,weighted_cka,0,1456,3.0699101542510676,234.0,0.7022583484649658,0.7005379796028137,1,0.0,0.6139820308502136,5,0,off,0,0,0.0,0.0,0.0,0.30796662169985933,1.2766899332730097,0.5643818305903113,0.37128409087475295,0.5495876778131349,0.0,0.6139820308502136,0.6139820308502136
hrl,multi,0,weighted_cka,0,1457,2.9078063003903893,282.0,0.7035790085792542,0.7020575404167175,1,0.0,0.581561260078078,5,0,off,0,0,0.0,0.0,0.0,0.44815590596944077,1.2809121552947906,0.41914292077813287,0.335159506262159,0.4244358120858667,0.0,0.581561260078078,0.581561260078078
hrl,multi,0,weighted_cka,0,1458,3.056493930284107,239.0,0.7028928995132446,0.7010097503662109,1,0.0,0.6112987860568216,5,0,off,0,0,0.0,0.0,0.0,0.3145970549866324,1.2851759274583308,0.558993428399437,0.3699687931548687,0.5277587262848391,0.0,0.6112987860568216,0.6112987860568216
hrl,multi,0,weighted_cka,0,1459,3.0897834764844143,233.0,0.7036254405975342,0.7007843255996704,1,0.0,0.6179566952968829,5,0,off,0,0,0.0,0.0,0.0,0.48937314980756474,1.2776734571335835,0.4066432627364992,0.31255708406999466,0.6035365227367727,0.0,0.6179566952968829,0.6179566952968829
hrl,multi,0,weighted_cka,0,1460,3.1252247841167615,220.0,0.7056034207344055,0.7023488879203796,1,0.0,0.6250449568233523,5,0,off,0,0,0.0,0.0,0.0,0.47983577415905876,1.2774773818338288,0.4087977525992318,0.3264086073222933,0.6327052682023494,0.0,0.6250449568233523,0.6250449568233523
hrl,multi,0,weighted_cka,0,1461,3.0795857626824423,233.0,0.703931450843811,0.7004376649856567,1,0.0,0.6159171525364886,5,0,off,0,0,0.0,0.0,0.0,0.3524248382071964,1.1812566538238896,0.659836380181834,0.34277981571906996,0.543288074750453,0.0,0.6159171525364886,0.6159171525364886
hrl,multi,0,weighted_cka,0,1462,2.9221385128078263,272.0,0.7028328776359558,0.7001069784164429,1,0.0,0.5844277025615654,5,0,off,0,0,0.0,0.0,0.0,0.36393177489470685,1.278555803359486,0.5500287195532582,0.3396019996986019,0.39002021530177433,0.0,0.5844277025615654,0.5844277025615654
hrl,multi,0,weighted_cka,0,1463,2.960323455848293,267.0,0.7036489248275757,0.7018463611602783,1,0.0,0.5920646911696588,5,0,off,0,0,0.0,0.0,0.0,0.9550522464904933,0.7533979061963035,0.4813922497774473,0.32694633092981523,0.4435347224542344,0.0,0.5920646911696588,0.5920646911696588
hrl,multi,0,weighted_cka,0,1464,3.069008872801946,236.0,0.7023959755897522,0.7001087069511414,1,0.0,0.6138017745603893,5,0,off,0,0,0.0,0.0,0.0,0.4020414606674311,1.2933510215189306,0.48870249653514464,0.3481704765391768,0.5367434175412634,0.0,0.6138017745603893,0.6138017745603893
hrl,multi,0,weighted_cka,0,1465,3.0817298038116556,233.0,0.7027240991592407,0.7010170221328735,1,0.0,0.6163459607623312,5,0,off,0,0,0.0,0.0,0.0,0.30732453702019114,1.2802914007427169,0.4734663639460922,0.46035389160900364,0.5602936104936523,0.0,0.6163459607623312,0.6163459607623312
hrl,multi,0,weighted_cka,0,1466,3.0779211201213608,233.0,0.7025805711746216,0.7000246047973633,1,0.0,0.6155842240242723,5,0,off,0,0,0.0,0.0,0.0,0.3364277713631745,1.2806041018432004,0.5601983630545436,0.34322519444789207,0.5574656894125508,0.0,0.6155842240242723,0.6155842240242723
hrl,multi,0,weighted_cka,0,1467,3.069538592797259,233.0,0.7048354744911194,0.7023488879203796,1,0.0,0.6139077185594519,5,0,off,0,0,0.0,0.0,0.0,0.3493295517644437,1.2775339571190996,0.5600060913343913,0.3259611920745737,0.5567078005047513,0.0,0.6139077185594519,0.6139077185594519
hrl,multi,0,weighted_cka,0,1468,3.037242752833698,240.0,0.7038410305976868,0.7012350559234619,1,0.0,0.6074485505667397,5,0,off,0,0,0.0,0.0,0.0,0.31332123302662507,1.2847174044093115,0.5589758241763337,0.36997661516582586,0.5102516760556025,0.0,0.6074485505667397,0.6074485505667397
hrl,multi,0,weighted_cka,0,1469,3.07390991263154,228.0,0.703250527381897,0.7019365429878235,1,0.0,0.6147819825263081,5,0,off,0,0,0.0,0.0,0.0,0.31067891794990277,1.2807874791417269,0.5604989271592348,0.32537924948967695,0.5965653388909994,0.0,0.6147819825263081,0.6147819825263081
hrl,multi,0,weighted_cka,0,1470,3.0636904231908253,228.0,0.7034465074539185,0.7022731304168701,1,0.0,0.6127380846381651,5,0,off,0,0,0.0,0.0,0.0,0.3335459727593697,1.2816685823737641,0.5601383285680203,0.3454385382247273,0.5428990012649445,0.0,0.6127380846381651,0.6127380846381651
hrl,multi,0,weighted_cka,0,1471,3.004830170944083,249.0,0.7028324007987976,0.7009955644607544,1,0.0,0.6009660341888166,5,0,off,0,0,0.0,0.0,0.0,0.49845379373244925,1.1699389189836276,0.41198918065614987,0.3268243773827925,0.5976239001890643,0.0,0.6009660341888166,0.6009660341888166
hrl,multi,0,weighted_cka,0,1472,2.9138642951772185,282.0,0.7045048475265503,0.7023488879203796,1,0.0,0.5827728590354437,5,0,off,0,0,0.0,0.0,0.0,0.48108861734252406,1.2796088231233878,0.4042299867356195,0.36200425318913765,0.3869326147865503,0.0,0.5827728590354437,0.5827728590354437
hrl,multi,0,weighted_cka,0,1473,2.3400181604942176,300.0,0.6365116834640503,0.3642215430736542,0,0.0,0.46800363209884355,5,0,off,0,0,0.0,0.0,0.0,0.4678637909436364,1.2515343925887716,0.36068029771279536,0.41308897467027406,-0.15314929542125927,0.0,0.46800363209884355,0.46800363209884355
hrl,multi,0,weighted_cka,0,1474,2.3183859696169904,300.0,0.6401450037956238,0.39218318462371826,0,0.0,0.4636771939233982,5,0,off,0,0,0.0,0.0,0.0,0.32258931390778156,1.2804632234284652,0.5601742495196521,0.37129976320569397,-0.21614058044460185,0.0,0.4636771939233982,0.4636771939233982
hrl,multi,0,weighted_cka,0,1475,2.9252446061316864,271.0,0.7043790817260742,0.7023488879203796,1,0.0,0.5850489212263372,5,0,off,0,0,0.0,0.0,0.0,0.426010628890246,1.2767070870860477,0.46116527177905653,0.3536097235446795,0.4077518948316572,0.0,0.5850489212263372,0.5850489212263372
hrl,multi,0,weighted_cka,0,1476,2.3509288308878027,300.0,0.6580777168273926,0.47401803731918335,0,0.0,0.47018576617756064,5,0,off,0,0,0.0,0.0,0.0,0.3337666382120805,1.279958613881841,0.5604681438340339,0.32422449065835285,-0.14748905569850504,0.0,0.47018576617756064,0.47018576617756064
hrl,multi,0,weighted_cka,0,1477,2.992031733484319,252.0,0.7032910585403442,0.7008311152458191,1,0.0,0.5984063466968639,5,0,off,0,0,0.0,0.0,0.0,0.31765475316521763,1.2770540805896742,0.5598358184211537,0.32624977930810556,0.5112373020001686,0.0,0.5984063466968639,0.5984063466968639
hrl,multi,0,weighted_cka,0,1478,2.964476074205739,260.0,0.7034570574760437,0.7023488879203796,1,0.0,0.5928952148411479,5,0,off,0,0,0.0,0.0,0.0,0.35540999230387377,1.2809171174978835,0.5536016887559089,0.3393698802465514,0.4351773954015223,0.0,0.5928952148411479,0.5928952148411479
hrl,multi,0,weighted_cka,0,1479,3.0899504104606264,229.0,0.7049635648727417,0.7023488879203796,1,0.0,0.6179900820921254,5,0,off,0,0,0.0,0.0,0.0,0.3924862565485345,1.1967608760707078,0.41580903538083647,0.34520981819153523,0.7396844242690129,0.0,0.6179900820921254,0.6179900820921254
hrl,multi,0,weighted_cka,0,1480,3.1156892361531487,222.0,0.7031394243240356,0.7000558376312256,1,0.0,0.6231378472306297,5,0,off,0,0,0.0,0.0,0.0,0.4845586604550479,1.2844491171510888,0.43369632914941747,0.3279261642007622,0.5850589651968329,0.0,0.6231378472306297,0.6231378472306297
hrl,multi,0,weighted_cka,0,1481,3.107791602185533,225.0,0.7038624286651611,0.7009456753730774,1,0.0,0.6215583204371067,5,0,off,0,0,0.0,0.0,0.0,0.35848161622369656,1.2678561032367868,0.5607724282813723,0.3370590380200446,0.5836224164236335,0.0,0.6215583204371067,0.6215583204371067
hrl,multi,0,weighted_cka,0,1482,2.2256672118732226,300.0,0.6268811225891113,0.3226330578327179,0,0.0,0.4451334423746446,5,0,off,0,0,0.0,0.0,0.0,0.27036155357980163,1.2803218017891047,0.48850140277459275,0.3633242296164389,-0.17684177588671474,0.0,0.4451334423746446,0.4451334423746446
hrl,multi,0,weighted_cka,0,1483,3.046941556481876,243.0,0.7036455273628235,0.7023488879203796,1,0.0,0.6093883112963754,5,0,off,0,0,0.0,0.0,0.0,0.3455362732255598,1.2808430629177017,0.5600228948238072,0.3363274850388988,0.5242118404759093,0.0,0.6093883112963754,0.6093883112963754
hrl,multi,0,weighted_cka,0,1484,2.9954410559625817,255.0,0.7024523019790649,0.7005023956298828,1,0.0,0.5990882111925163,5,0,off,0,0,0.0,0.0,0.0,0.47157782179955376,1.2841688775317741,0.39943732189526776,0.3848606265783309,0.4553964081576558,0.0,0.5990882111925163,0.5990882111925163
hrl,multi,0,weighted_cka,0,1485,3.0452385708181815,235.0,0.7018500566482544,0.7000245451927185,1,0.0,0.6090477141636363,5,0,off,0,0,0.0,0.0,0.0,0.3272941094115376,1.2809171174978835,0.5557423228524857,0.3467851713568379,0.5344998496994374,0.0,0.6090477141636363,0.6090477141636363
hrl,multi,0,weighted_cka,0,1486,2.9811088488511546,257.0,0.703964352607727,0.7020187377929688,1,0.0,0.596221769770231,5,0,off,0,0,0.0,0.0,0.0,0.316944061412767,1.2874390065064651,0.5598573465463704,0.3674380432362631,0.4494303911492895,0.0,0.596221769770231,0.596221769770231
hrl,multi,0,weighted_cka,0,1487,2.397031509527004,300.0,0.6743025183677673,0.5564656257629395,0,0.0,0.4794063019054008,5,0,off,0,0,0.0,0.0,0.0,0.48721655106591044,1.280545035852119,0.37583325927658,0.3941462976327165,-0.14070963430032168,0.0,0.4794063019054008,0.4794063019054008
hrl,multi,0,weighted_cka,0,1488,2.997367417193875,254.0,0.7041372060775757,0.7007843255996704,1,0.0,0.5994734834387752,5,0,off,0,0,0.0,0.0,0.0,0.31113883070500736,1.2923539242567492,0.39169547057058657,0.43337293149391176,0.5688062601676208,0.0,0.5994734834387752,0.5994734834387752
hrl,multi,0,weighted_cka,0,1489,3.0874392339120083,230.0,0.7041025161743164,0.7022154927253723,1,0.0,0.6174878467824018,5,0,off,0,0,0.0,0.0,0.0,0.2972929378909466,1.2790985382255164,0.47336629500892,0.47301603603130193,0.5646654267553238,0.0,0.6174878467824018,0.6174878467824018
hrl,multi,0,weighted_cka,0,1490,3.071892266382724,231.0,0.7041606307029724,0.7023488879203796,1,0.0,0.6143784532765448,5,0,off,0,0,0.0,0.0,0.0,0.3283780141853494,1.2808796904375774,0.5601036253133788,0.3289797879843099,0.5735511484621091,0.0,0.6143784532765448,0.6143784532765448
hrl,multi,0,weighted_cka,0,1491,2.976602035614253,254.0,0.703356146812439,0.7007651925086975,1,0.0,0.5953204071228507,5,0,off,0,0,0.0,0.0,0.0,0.2860230385854956,1.2755978651205075,0.47342720071133215,0.4595275226857046,0.48202640851121376,0.0,0.5953204071228507,0.5953204071228507
hrl,multi,0,weighted_cka,0,1492,2.304136602741245,300.0,0.6387194991111755,0.37905505299568176,0,0.0,0.4608273205482491,5,0,off,0,0,0.0,0.0,0.0,0.34047171249939123,1.284388984562829,0.3786153376200236,0.5234441764587535,-0.2227836083997516,0.0,0.4608273205482491,0.4608273205482491
hrl,multi,0,weighted_cka,0,1493,3.0440004102928784,241.0,0.7029047012329102,0.7005587816238403,1,0.0,0.6088000820585757,5,0,off,0,0,0.0,0.0,0.0,0.34163729713216884,1.288862657160498,0.5604452881012111,0.34429224673216224,0.5087629211668389,0.0,0.6088000820585757,0.6088000820585757
hrl,multi,0,weighted_cka,0,1494,3.0837153299951447,233.0,0.7042846083641052,0.7010304927825928,1,0.0,0.6167430659990291,5,0,off,0,0,0.0,0.0,0.0,0.3587411411625798,1.272601621222682,0.376316896952223,0.5178992171823046,0.5581564534753559,0.0,0.6167430659990291,0.6167430659990291
hrl,multi,0,weighted_cka,0,1495,2.852160746375163,291.0,0.7039399147033691,0.7013004422187805,1,0.0,0.5704321492750327,5,0,off,0,0,0.0,0.0,0.0,0.3485623170835314,1.2806784366350619,0.5603589659072458,0.3395882886143517,0.3229727381349729,0.0,0.5704321492750327,0.5704321492750327
hrl,multi,0,weighted_cka,0,1496,2.9045748031031384,278.0,0.7026537656784058,0.7003167867660522,1,0.0,0.5809149606206279,5,0,off,0,0,0.0,0.0,0.0,0.343904999555787,1.2769438044726846,0.5643842667555435,0.34561447930822026,0.37372725301090376,0.0,0.5809149606206279,0.5809149606206279
hrl,multi,0,weighted_cka,0,1497,3.108398347118315,228.0,0.703137993812561,0.7012627124786377,1,0.0,0.6216796694236632,5,0,off,0,0,0.0,0.0,0.0,0.35595173745695496,1.2889572172518817,0.5603710001665166,0.3381613380479684,0.5649570541949941,0.0,0.6216796694236632,0.6216796694236632
hrl,multi,0,weighted_cka,0,1498,3.130426712086976,219.0,0.704593300819397,0.7023488879203796,1,0.0,0.6260853424173952,5,0,off,0,0,0.0,0.0,0.0,0.4885121448505668,1.2747588339508509,0.4348999620047397,0.34027416617757983,0.5919816051032393,0.0,0.6260853424173952,0.6260853424173952
hrl,multi,0,weighted_cka,0,1499,3.1370557115990074,219.0,0.7032487988471985,0.7017127275466919,1,0.0,0.6274111423198016,5,0,off,0,0,0.0,0.0,0.0,0.3590349559580208,1.2885332537945358,0.560370625018142,0.33676203368307317,0.5923548431452362,0.0,0.6274111423198016,0.6274111423198016
hrl,multi,0,weighted_cka,0,1500,3.13035877206351,217.0,0.7023836970329285,0.7010097503662109,1,0.0,0.6260717544127021,5,0,off,0,0,0.0,0.0,0.0,0.3489151107259094,1.2792030875235794,0.5610978156542404,0.3437331274718744,0.5974096306879072,0.0,0.6260717544127021,0.6260717544127021
hrl,multi,0,weighted_cka,0,1501,3.0783895273164186,233.0,0.7037610411643982,0.7017664909362793,1,0.0,0.6156779054632838,5,0,off,0,0,0.0,0.0,0.0,0.2800817285489574,1.280737807168625,0.560351328712888,0.3851828007427975,0.5720358621431513,0.0,0.6156779054632838,0.6156779054632838
hrl,multi,0,weighted_cka,0,1502,3.0198841215761627,249.0,0.7026466727256775,0.7007843255996704,1,0.0,0.6039768243152326,5,0,off,0,0,0.0,0.0,0.0,0.3334580323024856,1.2923613743716849,0.5602625507959164,0.3391766375288425,0.4946255265772341,0.0,0.6039768243152326,0.6039768243152326
hrl,multi,0,weighted_cka,0,1503,2.3167719156562256,300.0,0.6349841952323914,0.367706835269928,0,0.0,0.4633543831312451,5,0,off,0,0,0.0,0.0,0.0,0.47582680503591457,1.253037425582297,0.47408180621964846,0.3300922331234905,-0.21626635430512436,0.0,0.4633543831312451,0.4633543831312451
hrl,multi,0,weighted_cka,0,1504,3.0434460614697114,245.0,0.7032284736633301,0.7014598846435547,1,0.0,0.6086892122939423,5,0,off,0,0,0.0,0.0,0.0,0.33628133357514156,1.29245776893571,0.46619703992921846,0.32343406120301726,0.6250758578266248,0.0,0.6086892122939423,0.6086892122939423
hrl,multi,0,weighted_cka,0,1505,2.920402819371781,278.0,0.703502357006073,0.7023488879203796,1,0.0,0.5840805638743564,5,0,off,0,0,0.0,0.0,0.0,0.30521218435559416,1.2852509267488492,0.5601662519834935,0.3838793302820995,0.3858941260017453,0.0,0.5840805638743564,0.5840805638743564
hrl,multi,0,weighted_cka,0,1506,3.0454109677908114,235.0,0.7051382660865784,0.7023488879203796,1,0.0,0.6090821935581624,5,0,off,0,0,0.0,0.0,0.0,0.3481530386105878,1.2775080563398076,0.5600901679350062,0.3348924395585781,0.5247672653468324,0.0,0.6090821935581624,0.6090821935581624
hrl,multi,0,weighted_cka,0,1507,3.0841647061178943,231.0,0.7049340009689331,0.7023488879203796,1,0.0,0.6168329412235789,5,0,off,0,0,0.0,0.0,0.0,0.34396087798076036,1.2899195214668286,0.5602252571475691,0.3575378588086459,0.5325211907140909,0.0,0.6168329412235789,0.6168329412235789
hrl,multi,0,weighted_cka,0,1508,2.3362895147255287,300.0,0.639308512210846,0.3759247362613678,0,0.0,0.46725790294510583,5,0,off,0,0,0.0,0.0,0.0,0.32069501390459476,1.2873339601457117,0.5521449198070912,0.36755528842778123,-0.19143966755964958,0.0,0.46725790294510583,0.46725790294510583
hrl,multi,0,weighted_cka,0,1509,3.003456031022039,253.0,0.7029853463172913,0.7010097503662109,1,0.0,0.6006912062044079,5,0,off,0,0,0.0,0.0,0.0,0.3531539655876112,1.280636040852405,0.5142510047610848,0.3244827278395241,0.5309322919814147,0.0,0.6006912062044079,0.6006912062044079
hrl,multi,0,weighted_cka,0,1510,3.0169383790752313,251.0,0.7033976316452026,0.7005587816238403,1,0.0,0.6033876758150463,5,0,off,0,0,0.0,0.0,0.0,0.4796743242866649,1.280587087278254,0.4095938364258035,0.3266569237930816,0.5204262072914277,0.0,0.6033876758150463,0.6033876758150463
hrl,multi,0,weighted_cka,0,1511,2.897655687183111,278.0,0.7037120461463928,0.7017664909362793,1,0.0,0.5795311374366224,5,0,off,0,0,0.0,0.0,0.0,0.3268515936523617,1.2807326442655174,0.5601523739965631,0.3664862642727093,0.3634328109959605,0.0,0.5795311374366224,0.5795311374366224
hrl,multi,0,weighted_cka,0,1512,3.0372605047393577,243.0,0.704825758934021,0.7023488879203796,1,0.0,0.6074521009478715,5,0,off,0,0,0.0,0.0,0.0,0.4165200199411482,1.2858522838614879,0.3645581703090574,0.45179251917218777,0.518537511455477,0.0,0.6074521009478715,0.6074521009478715
hrl,multi,0,weighted_cka,0,1513,3.0520521488545915,237.0,0.7036517858505249,0.7010048627853394,1,0.0,0.6104104297709184,5,0,off,0,0,0.0,0.0,0.0,0.34730174199456804,1.2744195187669245,0.5605861876024864,0.33228095285978626,0.5374637476308269,0.0,0.6104104297709184,0.6104104297709184
hrl,multi,0,weighted_cka,0,1514,3.0696331850027296,230.0,0.703622043132782,0.7005587816238403,1,0.0,0.6139266370005461,5,0,off,0,0,0.0,0.0,0.0,0.3151300073276506,1.2769945609709246,0.5643222172143868,0.3676855197368531,0.5455008797529152,0.0,0.6139266370005461,0.6139266370005461
hrl,multi,0,weighted_cka,0,1515,3.0629446109527185,237.0,0.7029282450675964,0.7007843255996704,1,0.0,0.6125889221905438,5,0,off,0,0,0.0,0.0,0.0,0.34786216982128093,1.268817296726629,0.5686002350626512,0.34215026070162996,0.5355146486405281,0.0,0.6125889221905438,0.6125889221905438
hrl,multi,0,weighted_cka,0,1516,2.8729218901097178,290.0,0.7038052678108215,0.7007843255996704,1,0.0,0.5745843780219436,5,0,off,0,0,0.0,0.0,0.0,0.49964806103333814,1.2806126972520722,0.40400096333865065,0.32422310597397147,0.364437062511686,0.0,0.5745843780219436,0.5745843780219436
hrl,multi,0,weighted_cka,0,1517,2.9217016596042362,276.0,0.7028366923332214,0.7002753615379333,1,0.0,0.5843403319208473,5,0,off,0,0,0.0,0.0,0.0,0.3363433217654237,1.2924766182061282,0.560118266519159,0.35838865190092467,0.37437480121260136,0.0,0.5843403319208473,0.5843403319208473
hrl,multi,0,weighted_cka,0,1518,3.0264168816661536,245.0,0.7030325531959534,0.7008121609687805,1,0.0,0.6052833763332308,5,0,off,0,0,0.0,0.0,0.0,0.29272169932836545,1.292377270068973,0.5603066839899401,0.373549492069942,0.5074617362089336,0.0,0.6052833763332308,0.6052833763332308
hrl,multi,0,weighted_cka,0,1519,2.4116716516855883,300.0,0.6943472623825073,0.6607288718223572,0,0.0,0.48233433033711776,5,0,off,0,0,0.0,0.0,0.0,0.3114830668262438,1.2854534860327838,0.48893540756357823,0.32981068605434477,-0.004010994791361633,0.0,0.48233433033711776,0.48233433033711776
hrl,multi,0,weighted_cka,0,1520,3.063754543144735,229.0,0.7036181092262268,0.7003167867660522,1,0.0,0.612750908628947,5,0,off,0,0,0.0,0.0,0.0,0.43846721333637817,1.2779996327990664,0.4499763173731043,0.3499110900494415,0.547400289586745,0.0,0.612750908628947,0.612750908628947
hrl,multi,0,weighted_cka,0,1521,3.0909786738491554,228.0,0.7047970294952393,0.7023488879203796,1,0.0,0.618195734769831,5,0,off,0,0,0.0,0.0,0.0,0.46840306052006764,1.2876045776894314,0.44783825167501334,0.3372286300150626,0.5499041539495809,0.0,0.618195734769831,0.618195734769831
hrl,multi,0,weighted_cka,0,1522,2.3036711275080037,300.0,0.636426568031311,0.36545833945274353,0,0.0,0.4607342255016008,5,0,off,0,0,0.0,0.0,0.0,0.31309192284860177,1.285119907124899,0.5604494151989928,0.3288210535979778,-0.1838111712624672,0.0,0.4607342255016008,0.4607342255016008
hrl,multi,0,weighted_cka,0,1523,2.265208170815889,300.0,0.6261342763900757,0.31859666109085083,0,0.0,0.4530416341631779,5,0,off,0,0,0.0,0.0,0.0,0.3588149312762543,1.2956198518332092,0.560174570032861,0.3403944414413999,-0.2897956237678348,0.0,0.4530416341631779,0.4530416341631779
hrl,multi,0,weighted_cka,0,1524,2.9433421115828664,268.0,0.7035239338874817,0.7023488879203796,1,0.0,0.5886684223165733,5,0,off,0,0,0.0,0.0,0.0,0.35340514190192324,1.2763186553893608,0.5603446998498401,0.33929826636816135,0.4139753480735815,0.0,0.5886684223165733,0.5886684223165733
hrl,multi,0,weighted_cka,0,1525,2.8691467804923,285.0,0.7032223343849182,0.7006086707115173,1,0.0,0.57382935609846,5,0,off,0,0,0.0,0.0,0.0,0.445392221406102,1.2789996430603785,0.46604086558686675,0.34247553014860016,0.33623852029035306,0.0,0.57382935609846,0.57382935609846
hrl,multi,0,weighted_cka,0,1526,3.0090631036758264,247.0,0.7032450437545776,0.7003167867660522,1,0.0,0.6018126207351654,5,0,off,0,0,0.0,0.0,0.0,0.33877296430435666,1.2762203663988037,0.5605312109615187,0.34444526020082405,0.48909330181032395,0.0,0.6018126207351654,0.6018126207351654
hrl,multi,0,weighted_cka,0,1527,3.0673511903253226,238.0,0.7037326097488403,0.7005028128623962,1,0.0,0.6134702380650646,5,0,off,0,0,0.0,0.0,0.0,0.31886327687778976,1.2727571089453993,0.5709576701261102,0.32658369079847754,0.5781894435775464,0.0,0.6134702380650646,0.6134702380650646
hrl,multi,0,weighted_cka,0,1528,2.335857699681945,300.0,0.6483544111251831,0.4209093749523163,0,0.0,0.4671715399363891,5,0,off,0,0,0.0,0.0,0.0,0.3262290718102012,1.276837083419319,0.4732946052641199,0.4544809790313883,-0.19498403984308277,0.0,0.4671715399363891,0.4671715399363891
hrl,multi,0,weighted_cka,0,1529,2.1974653847272734,300.0,0.6244800686836243,0.30606919527053833,0,0.0,0.4394930769454547,5,0,off,0,0,0.0,0.0,0.0,0.4609771160294184,1.2894203319540245,0.42539522947929787,0.3256955836358683,-0.30402287637133524,0.0,0.4394930769454547,0.4394930769454547
hrl,multi,0,weighted_cka,0,1530,2.30710576152196,300.0,0.6520451903343201,0.4458567500114441,0,0.0,0.461421152304392,5,0,off,0,0,0.0,0.0,0.0,0.46485894728265686,1.2809171174978835,0.4373815636713988,0.34410738107911304,-0.22015924800909165,0.0,0.461421152304392,0.461421152304392
hrl,multi,0,weighted_cka,0,1531,2.852214052747992,293.0,0.7032493352890015,0.7012349963188171,1,0.0,0.5704428105495984,5,0,off,0,0,0.0,0.0,0.0,0.320933816335746,1.2728204082325099,0.4738623222433961,0.34889326135901494,0.43570424457732554,0.0,0.5704428105495984,0.5704428105495984
hrl,multi,0,weighted_cka,0,1532,2.927176512912147,272.0,0.7022284269332886,0.7002254128456116,1,0.0,0.5854353025824296,5,0,off,0,0,0.0,0.0,0.0,0.3475974274532636,1.280612755110487,0.5600830987310036,0.3394353798903757,0.39944785172701797,0.0,0.5854353025824296,0.5854353025824296
hrl,multi,0,weighted_cka,0,1533,2.3166466696769916,300.0,0.6442651748657227,0.4070025682449341,0,0.0,0.46332933393539844,5,0,off,0,0,0.0,0.0,0.0,0.41113043352914963,1.2768568872371686,0.3905452818649355,0.4666529115885495,-0.2285388445428111,0.0,0.46332933393539844,0.46332933393539844
hrl,multi,0,weighted_cka,0,1534,3.0330964214331457,245.0,0.7038595676422119,0.7014598846435547,1,0.0,0.6066192842866291,5,0,off,0,0,0.0,0.0,0.0,0.4118587969914077,1.2806975073274223,0.3800131753883324,0.44999413068220007,0.5105328110437838,0.0,0.6066192842866291,0.6066192842866291
hrl,multi,0,weighted_cka,0,1535,2.2529319379849753,300.0,0.6232912540435791,0.30568549036979675,0,0.0,0.45058638759699515,5,0,off,0,0,0.0,0.0,0.0,0.32793163391086266,1.3060892728483302,0.5604152265219017,0.3460004159998206,-0.28750461129593924,0.0,0.45058638759699515,0.45058638759699515
hrl,multi,0,weighted_cka,0,1536,2.2506546749140384,300.0,0.6231318712234497,0.3021346628665924,0,0.0,0.45013093498280776,5,0,off,0,0,0.0,0.0,0.0,0.3504377843982074,1.2805312720686195,0.4741743474365211,0.3260978406015346,-0.18058656959084363,0.0,0.45013093498280776,0.45013093498280776
hrl,multi,0,weighted_cka,0,1537,2.2051514881562966,300.0,0.6206104755401611,0.28391245007514954,0,0.0,0.4410302976312594,5,0,off,0,0,0.0,0.0,0.0,0.34907758241014375,1.2826501096962017,0.5609013435528613,0.33595771834364124,-0.32343526584655086,0.0,0.4410302976312594,0.4410302976312594
hrl,multi,0,weighted_cka,0,1538,2.9466961157676983,260.0,0.7024516463279724,0.7010097503662109,1,0.0,0.5893392231535397,5,0,off,0,0,0.0,0.0,0.0,0.32930300030228676,1.2806530471518633,0.5570373342121019,0.3473792842960683,0.43232344980537873,0.0,0.5893392231535397,0.5893392231535397
hrl,multi,0,weighted_cka,0,1539,2.9149620979516753,277.0,0.7044588327407837,0.7004169225692749,1,0.0,0.5829924195903351,5,0,off,0,0,0.0,0.0,0.0,0.45880297161918115,1.2769560626875607,0.4450340382969006,0.3444204283842118,0.38974859696382164,0.0,0.5829924195903351,0.5829924195903351
hrl,multi,0,weighted_cka,0,1540,2.201777733107882,300.0,0.6196948885917664,0.2858807444572449,0,0.0,0.44035554662157644,5,0,off,0,0,0.0,0.0,0.0,0.3158056536975782,1.2838918530708177,0.48913735345518206,0.3287956646891252,-0.21585279180482067,0.0,0.44035554662157644,0.44035554662157644
hrl,multi,0,weighted_cka,0,1541,2.330467606973251,300.0,0.6570290923118591,0.4697139263153076,0,0.0,0.46609352139465016,5,0,off,0,0,0.0,0.0,0.0,0.40873916133376753,1.2806637317501006,0.489299064239778,0.33519542320375323,-0.18342977355414805,0.0,0.46609352139465016,0.46609352139465016
hrl,multi,0,weighted_cka,0,1542,2.2291312214387276,300.0,0.6307265758514404,0.33831197023391724,0,0.0,0.4458262442877456,5,0,off,0,0,0.0,0.0,0.0,0.3014310541638114,1.2809555617952717,0.553645409221237,0.347380397044646,-0.25428120078623795,0.0,0.4458262442877456,0.4458262442877456
hrl,multi,0,weighted_cka,0,1543,2.173498902628488,300.0,0.6184800863265991,0.27996280789375305,0,0.0,0.4346997805256977,5,0,off,0,0,0.0,0.0,0.0,0.30647692610172084,1.2806069165328515,0.5604356465697055,0.38642298006382764,-0.36044356663961696,0.0,0.4346997805256977,0.4346997805256977
hrl,multi,0,weighted_cka,0,1544,2.2200900224182973,300.0,0.628830075263977,0.3300604522228241,0,0.0,0.4440180044836596,5,0,off,0,0,0.0,0.0,0.0,0.3290547234117984,1.2816348590087143,0.5603427071833283,0.34510347847029327,-0.29604574565583647,0.0,0.4440180044836596,0.4440180044836596
hrl,multi,0,weighted_cka,0,1545,2.3094426616147175,300.0,0.6343837976455688,0.3522678315639496,0,0.0,0.4618885323229436,5,0,off,0,0,0.0,0.0,0.0,0.2907885196761344,1.2567304671793242,0.5798873391100204,0.37616587987237055,-0.1941295442231315,0.0,0.4618885323229436,0.4618885323229436
hrl,multi,0,weighted_cka,0,1546,2.837349009794579,291.0,0.7016862034797668,0.7000597715377808,1,0.0,0.5674698019589159,5,0,off,0,0,0.0,0.0,0.0,0.33799455257365474,1.280587087278254,0.5601979413400403,0.3351302750268805,0.32343915357575015,0.0,0.5674698019589159,0.5674698019589159
hrl,multi,0,weighted_cka,0,1547,2.428261288985958,300.0,0.6948214769363403,0.6628784537315369,0,0.0,0.4856522577971917,5,0,off,0,0,0.0,0.0,0.0,0.3460662698114756,1.2805377853894604,0.4822537954109719,0.3391589129569474,-0.019755474582896768,0.0,0.4856522577971917,0.4856522577971917
hrl,multi,0,weighted_cka,0,1548,3.0133587557534907,254.0,0.7028292417526245,0.7005587816238403,1,0.0,0.6026717511506982,5,0,off,0,0,0.0,0.0,0.0,0.473588018234819,1.2687972037913275,0.4332713874403852,0.3469169561386806,0.49078519014827887,0.0,0.6026717511506982,0.6026717511506982
hrl,multi,0,weighted_cka,0,1549,2.3744045210136377,300.0,0.6701582670211792,0.5353227257728577,0,0.0,0.47488090420272766,5,0,off,0,0,0.0,0.0,0.0,0.38118952376488585,1.2849329717084763,0.5226312592490575,0.34228188355885497,-0.1566311172676364,0.0,0.47488090420272766,0.47488090420272766
hrl,multi,0,weighted_cka,0,1550,3.003725076961737,252.0,0.7029851675033569,0.7009522318840027,1,0.0,0.6007450153923475,5,0,off,0,0,0.0,0.0,0.0,0.3169342245444422,1.2806243853503836,0.4888879825444309,0.32751590117916923,0.5897625833433119,0.0,0.6007450153923475,0.6007450153923475
hrl,multi,0,weighted_cka,0,1551,2.9855568413166607,261.0,0.7030039429664612,0.7005587816238403,1,0.0,0.5971113682633321,5,0,off,0,0,0.0,0.0,0.0,0.43820862481606293,1.2846485390421,0.437298433552496,0.3361804376873187,0.4892208062186836,0.0,0.5971113682633321,0.5971113682633321
hrl,multi,0,weighted_cka,0,1552,2.8563623778486784,293.0,0.704886257648468,0.7023488879203796,1,0.0,0.5712724755697358,5,0,off,0,0,0.0,0.0,0.0,0.314583449949976,1.272057530001737,0.5606526485858484,0.3292605596361972,0.37980818967492064,0.0,0.5712724755697358,0.5712724755697358
hrl,multi,0,weighted_cka,0,1553,2.358298256000488,300.0,0.6559788584709167,0.46580228209495544,0,0.0,0.4716596512000977,5,0,off,0,0,0.0,0.0,0.0,0.3201955737221287,1.254242480159737,0.5944893955234437,0.327429478038568,-0.13805867144338874,0.0,0.4716596512000977,0.4716596512000977
hrl,multi,0,weighted_cka,0,1554,2.3040354330863906,300.0,0.6453012228012085,0.41115349531173706,0,0.0,0.4608070866172782,5,0,off,0,0,0.0,0.0,0.0,0.33613574802974466,1.2808430629177017,0.5603175120700615,0.32984781228518106,-0.20310870221629773,0.0,0.4608070866172782,0.4608070866172782
hrl,multi,0,weighted_cka,0,1555,3.007798069113864,251.0,0.7037793397903442,0.7011192440986633,1,0.0,0.6015596138227728,5,0,off,0,0,0.0,0.0,0.0,0.451202017681673,1.2831870166212318,0.3832473559228237,0.41127249582135106,0.4788891830667851,0.0,0.6015596138227728,0.6015596138227728
hrl,multi,0,weighted_cka,0,1556,3.058457591232959,246.0,0.7039893865585327,0.7010008096694946,1,0.0,0.6116915182465917,5,0,off,0,0,0.0,0.0,0.0,0.489151538543403,1.2972718968614934,0.4337302667623152,0.34785946957184927,0.4904444194938985,0.0,0.6116915182465917,0.6116915182465917
hrl,multi,0,weighted_cka,0,1557,2.984280013923561,255.0,0.7024808526039124,0.7001349925994873,1,0.0,0.5968560027847123,5,0,off,0,0,0.0,0.0,0.0,0.2793164517175464,1.2805838123988358,0.5602466383784775,0.37972299528867,0.48441011614003193,0.0,0.5968560027847123,0.5968560027847123
hrl,multi,0,weighted_cka,0,1558,3.016345406675761,243.0,0.7047008872032166,0.7020124197006226,1,0.0,0.6032690813351522,5,0,off,0,0,0.0,0.0,0.0,0.3263705593107151,1.2774876206777988,0.531682322571054,0.36355963339877045,0.5172452707174232,0.0,0.6032690813351522,0.6032690813351522
hrl,multi,0,weighted_cka,0,1559,3.1051864973340404,223.0,0.7054662108421326,0.7023488879203796,1,0.0,0.6210372994668082,5,0,off,0,0,0.0,0.0,0.0,0.283687433014973,1.2774586609695104,0.5604405739209614,0.36282010528887615,0.62077972413972,0.0,0.6210372994668082,0.6210372994668082
hrl,multi,0,weighted_cka,0,1560,3.1169090399859694,224.0,0.7038661241531372,0.7005788683891296,1,0.0,0.623381807997194,5,0,off,0,0,0.0,0.0,0.0,0.42205619311879844,1.2770844803862271,0.4881185428453608,0.32741369308135465,0.6022361305542289,0.0,0.623381807997194,0.623381807997194
hrl,multi,0,weighted_cka,0,1561,3.098870913039979,228.0,0.7030272483825684,0.7017664909362793,1,0.0,0.6197741826079958,5,0,off,0,0,0.0,0.0,0.0,0.4798326068684108,1.2807400178955866,0.3738246123082935,0.3795066433376923,0.5849670326299964,0.0,0.6197741826079958,0.6197741826079958
hrl,multi,0,weighted_cka,0,1562,3.089730130449591,229.0,0.703731894493103,0.7008458971977234,1,0.0,0.6179460260899183,5,0,off,0,0,0.0,0.0,0.0,0.38131638431020826,1.2789835416572166,0.5217381278267129,0.340745631398051,0.5669464452574028,0.0,0.6179460260899183,0.6179460260899183
hrl,multi,0,weighted_cka,0,1563,2.3332769782597538,300.0,0.6532419323921204,0.4516538381576538,0,0.0,0.46665539565195074,5,0,off,0,0,0.0,0.0,0.0,0.48067421906843066,1.2809171174978835,0.43709316188283254,0.3401070610139249,-0.2055145812033174,0.0,0.46665539565195074,0.46665539565195074
hrl,multi,0,weighted_cka,0,1564,3.0898207452720077,230.0,0.7021455764770508,0.7004698514938354,1,0.0,0.6179641490544017,5,0,off,0,0,0.0,0.0,0.0,0.30322256850084517,1.2841340899560598,0.5635709981066174,0.3777652251374383,0.5611278635710476,0.0,0.6179641490544017,0.6179641490544017
hrl,multi,0,weighted_cka,0,1565,2.23772130807847,300.0,0.6235495805740356,0.3061797022819519,0,0.0,0.44754426161569405,5,0,off,0,0,0.0,0.0,0.0,0.3405982931925682,1.2806489380402488,0.5601030571484006,0.3412860801472852,-0.28491506045003223,0.0,0.44754426161569405,0.44754426161569405
hrl,multi,0,weighted_cka,0,1566,2.8721684337351165,289.0,0.7025543451309204,0.7003330588340759,1,0.0,0.5744336867470234,5,0,off,0,0,0.0,0.0,0.0,0.3511374863944947,1.2805562288360668,0.5594536116328089,0.3281312085455574,0.35288989832618944,0.0,0.5744336867470234,0.5744336867470234
hrl,multi,0,weighted_cka,0,1567,2.1998726598161724,300.0,0.6104609966278076,0.2414761483669281,0,0.0,0.4399745319632345,5,0,off,0,0,0.0,0.0,0.0,0.4800105234095825,1.2806527979066593,0.3758519200123846,0.39915572310122654,-0.33579830461368,0.0,0.4399745319632345,0.4399745319632345
hrl,multi,0,weighted_cka,0,1568,2.3024306687533667,300.0,0.6290210485458374,0.3321433663368225,0,0.0,0.4604861337506733,5,0,off,0,0,0.0,0.0,0.0,0.48908074401505275,1.2805562288360668,0.43098164415964846,0.33849882383950164,-0.23668677209690242,0.0,0.4604861337506733,0.4604861337506733
hrl,multi,0,weighted_cka,0,1569,2.347438066847097,300.0,0.6424206495285034,0.39076003432273865,0,0.0,0.4694876133694195,5,0,off,0,0,0.0,0.0,0.0,0.28342059014353427,1.2921985457744447,0.55812746020779,0.36166296496760325,-0.1479714942462745,0.0,0.4694876133694195,0.4694876133694195
hrl,multi,0,weighted_cka,0,1570,2.3661730608204365,300.0,0.683517336845398,0.5968944430351257,0,0.0,0.4732346121640873,5,0,off,0,0,0.0,0.0,0.0,0.43678528778208403,1.2774684831630436,0.4779061405202373,0.3380980365145951,-0.16408488715952296,0.0,0.4732346121640873,0.4732346121640873
hrl,multi,0,weighted_cka,0,1571,3.051730518940944,236.0,0.703960657119751,0.700449526309967,1,0.0,0.6103461037881889,5,0,off,0,0,0.0,0.0,0.0,0.39203866562992323,1.2847604199871419,0.48792693788941677,0.36328091947874047,0.5237235759557223,0.0,0.6103461037881889,0.6103461037881889
hrl,multi,0,weighted_cka,0,1572,3.104103371208485,222.0,0.7029561996459961,0.700619637966156,1,0.0,0.6208206742416971,5,0,off,0,0,0.0,0.0,0.0,0.34739829360286234,1.2806220285221932,0.5604349413402377,0.33491576416820673,0.5807323435749857,0.0,0.6208206742416971,0.6208206742416971
hrl,multi,0,weighted_cka,0,1573,3.0798621953143726,232.0,0.7034115791320801,0.7004294991493225,1,0.0,0.6159724390628746,5,0,off,0,0,0.0,0.0,0.0,0.35516902273765294,1.2807178328605366,0.5604018773515708,0.3183176541639258,0.565255808200687,0.0,0.6159724390628746,0.6159724390628746
hrl,multi,0,weighted_cka,0,1574,2.2530774317841846,300.0,0.623978853225708,0.30154189467430115,0,0.0,0.450615486356837,5,0,off,0,0,0.0,0.0,0.0,0.3326146006953203,1.274215788228437,0.5603406436489894,0.3495717955702566,-0.26366539635881814,0.0,0.450615486356837,0.450615486356837
hrl,multi,0,weighted_cka,0,1575,2.271574196098662,300.0,0.6305868625640869,0.33902376890182495,0,0.0,0.45431483921973237,5,0,off,0,0,0.0,0.0,0.0,0.49222741360962374,1.2843794615566728,0.43188315847469483,0.33899536774336586,-0.27591120528569474,0.0,0.45431483921973237,0.45431483921973237
hrl,multi,0,weighted_cka,0,1576,3.0683910676528745,237.0,0.7038606405258179,0.7018824815750122,1,0.0,0.613678213530575,5,0,off,0,0,0.0,0.0,0.0,0.29636417338214227,1.285284513151273,0.473545448352117,0.4805552591307204,0.5326416736366225,0.0,0.613678213530575,0.613678213530575
hrl,multi,0,weighted_cka,0,1577,2.9725413720767233,254.0,0.7039526104927063,0.7023488879203796,1,0.0,0.5945082744153447,5,0,off,0,0,0.0,0.0,0.0,0.2954208588834153,1.2725529398121869,0.5658805629569105,0.3717369317589327,0.4669500786652786,0.0,0.5945082744153447,0.5945082744153447
hrl,multi,0,weighted_cka,0,1578,3.093602906183847,227.0,0.7047001123428345,0.7023488879203796,1,0.0,0.6187205812367694,5,0,off,0,0,0.0,0.0,0.0,0.3546545737498381,1.2690586890801785,0.5608073884136974,0.3375656156162285,0.571516639323905,0.0,0.6187205812367694,0.6187205812367694
hrl,multi,0,weighted_cka,0,1579,3.1222909970122843,218.0,0.7038754224777222,0.7020009756088257,1,0.0,0.624458199402457,5,0,off,0,0,0.0,0.0,0.0,0.38913641682919103,1.273837604569271,0.4982434300687163,0.3661553207894321,0.5949182247556745,0.0,0.624458199402457,0.624458199402457
hrl,multi,0,weighted_cka,0,1580,3.1240210763246274,219.0,0.7033942937850952,0.7001760005950928,1,0.0,0.6248042152649256,5,0,off,0,0,0.0,0.0,0.0,0.3996522775031625,1.2766228017527608,0.404630131371552,0.44876670674141483,0.5943491589557378,0.0,0.6248042152649256,0.6248042152649256
hrl,multi,0,weighted_cka,0,1581,2.3213668137423937,300.0,0.6503746509552002,0.4392106235027313,0,0.0,0.46427336274847886,5,0,off,0,0,0.0,0.0,0.0,0.28157066181837576,1.2767194154104216,0.5609133012981619,0.31609559587994585,-0.11393216066451066,0.0,0.46427336274847886,0.46427336274847886
hrl,multi,0,weighted_cka,0,1582,3.0269083862747053,243.0,0.7035417556762695,0.7005631923675537,1,0.0,0.6053816772549412,5,0,off,0,0,0.0,0.0,0.0,0.2856984192708041,1.2758249266007913,0.5523952585293445,0.38809494748059653,0.5248948343931695,0.0,0.6053816772549412,0.6053816772549412
hrl,multi,0,weighted_cka,0,1583,3.082390614037721,230.0,0.7032524347305298,0.7012349963188171,1,0.0,0.6164781228075442,5,0,off,0,0,0.0,0.0,0.0,0.31397404731786804,1.2845503301452843,0.5582147454475052,0.3707827430298784,0.5548687480971856,0.0,0.6164781228075442,0.6164781228075442
hrl,multi,0,weighted_cka,0,1584,2.9840829208034543,258.0,0.7037404179573059,0.7023488879203796,1,0.0,0.5968165841606909,5,0,off,0,0,0.0,0.0,0.0,0.35809549008071184,1.265050281112082,0.5694099878524429,0.33932006072794313,0.45220710103027495,0.0,0.5968165841606909,0.5968165841606909
hrl,multi,0,weighted_cka,0,1585,2.879510213345557,277.0,0.703872799873352,0.7014360427856445,1,0.0,0.5759020426691115,5,0,off,0,0,0.0,0.0,0.0,0.4232182562964152,1.2710268654155077,0.48735156121943135,0.3435183596275528,0.3543951707866507,0.0,0.5759020426691115,0.5759020426691115
hrl,multi,0,weighted_cka,0,1586,3.0385344429577077,232.0,0.7031725645065308,0.7017675638198853,1,0.0,0.6077068885915416,5,0,off,0,0,0.0,0.0,0.0,0.3169405453135259,1.2807676846524698,0.5602801472628488,0.3336579700305446,0.5468880956983192,0.0,0.6077068885915416,0.6077068885915416
hrl,multi,0,weighted_cka,0,1587,3.0944863385272607,224.0,0.7032103538513184,0.7007843255996704,1,0.0,0.6188972677054523,5,0,off,0,0,0.0,0.0,0.0,0.34009298994886916,1.2806126972520722,0.5602002269220537,0.3463377128783904,0.5672427115258759,0.0,0.6188972677054523,0.6188972677054523
hrl,multi,0,weighted_cka,0,1588,3.087789216507545,227.0,0.7023226022720337,0.70033860206604,1,0.0,0.6175578433015091,5,0,off,0,0,0.0,0.0,0.0,0.3455269481654686,1.276581461317837,0.5683372831186279,0.3406189445341005,0.5567245793715118,0.0,0.6175578433015091,0.6175578433015091
hrl,multi,0,weighted_cka,0,1589,2.9808172713481627,257.0,0.7036570310592651,0.7003330588340759,1,0.0,0.5961634542696326,5,0,off,0,0,0.0,0.0,0.0,0.3155767664483282,1.2805610384186727,0.4886478821495547,0.3268570508093857,0.5691745335222219,0.0,0.5961634542696326,0.5961634542696326
hrl,multi,0,weighted_cka,0,1590,2.8538865297058513,292.0,0.7040632963180542,0.7007843255996704,1,0.0,0.5707773059411704,5,0,off,0,0,0.0,0.0,0.0,0.09436643003346362,1.284311665347777,0.5612013740097171,0.3370263537465525,0.5769807065683416,0.0,0.5707773059411704,0.5707773059411704
hrl,multi,0,weighted_cka,0,1591,3.0603953067082026,233.0,0.7023031115531921,0.7001825571060181,1,0.0,0.6120790613416406,5,0,off,0,0,0.0,0.0,0.0,0.32885927642736346,1.2798368703899903,0.509383438026998,0.32193649680350783,0.6203792250603436,0.0,0.6120790613416406,0.6120790613416406
hrl,multi,0,weighted_cka,0,1592,3.0938775489435053,226.0,0.7031779289245605,0.7008698582649231,1,0.0,0.6187755097887011,5,0,off,0,0,0.0,0.0,0.0,0.4012077837595715,1.2771208390723912,0.4496494342670775,0.4075016896778251,0.5583978021666406,0.0,0.6187755097887011,0.6187755097887011
hrl,multi,0,weighted_cka,0,1593,3.0098042717735503,251.0,0.7049841284751892,0.7023488879203796,1,0.0,0.6019608543547101,5,0,off,0,0,0.0,0.0,0.0,0.29738726562017104,1.2858142301803452,0.5602119637401773,0.38614157681516365,0.4802492354176936,0.0,0.6019608543547101,0.6019608543547101
hrl,multi,0,weighted_cka,0,1594,3.0429633501548947,245.0,0.7033859491348267,0.7005587816238403,1,0.0,0.608592670030979,5,0,off,0,0,0.0,0.0,0.0,0.38534015660732973,1.2615711802011353,0.41117144570266817,0.47509463965983,0.509785927983932,0.0,0.608592670030979,0.608592670030979
hrl,multi,0,weighted_cka,0,1595,2.984898455690162,260.0,0.7039128541946411,0.701991081237793,1,0.0,0.5969796911380324,5,0,off,0,0,0.0,0.0,0.0,0.497595678700134,1.2807573868287725,0.4280476966155692,0.33280996323985884,0.4456877303058279,0.0,0.5969796911380324,0.5969796911380324
hrl,multi,0,weighted_cka,0,1596,3.0701360554848858,231.0,0.7035413384437561,0.7011803388595581,1,0.0,0.6140272110969772,5,0,off,0,0,0.0,0.0,0.0,0.2821966048507092,1.280787428151816,0.5602687304122372,0.37062750307051456,0.5762557889996095,0.0,0.6140272110969772,0.6140272110969772
hrl,multi,0,weighted_cka,0,1597,3.0511791067752334,235.0,0.7038091421127319,0.7023488879203796,1,0.0,0.6102358213550467,5,0,off,0,0,0.0,0.0,0.0,0.27954742348336725,1.2875917485617099,0.5088112151890526,0.38350567363970905,0.5917230459013952,0.0,0.6102358213550467,0.6102358213550467
hrl,multi,0,weighted_cka,0,1598,2.383367705297495,300.0,0.6833714246749878,0.6003764867782593,0,0.0,0.47667354105949905,5,0,off,0,0,0.0,0.0,0.0,0.3228756466646445,1.2889550512284038,0.5603287659101187,0.3387871878822188,-0.1275789463878904,0.0,0.47667354105949905,0.47667354105949905
hrl,multi,0,weighted_cka,0,1599,2.9028673918115184,272.0,0.7049096822738647,0.7027417421340942,1,0.0,0.5805734783623038,5,0,off,0,0,0.0,0.0,0.0,0.3176679067220538,1.2046078045173778,0.5671164234732277,0.34277618050407516,0.4706990765947846,0.0,0.5805734783623038,0.5805734783623038
hrl,multi,0,weighted_cka,0,1600,3.114060264082217,225.0,0.7033010721206665,0.700649082660675,1,0.0,0.6228120528164435,5,0,off,0,0,0.0,0.0,0.0,0.343881398838479,1.301238344875164,0.5616483570188865,0.33958470499422394,0.5677074583554639,0.0,0.6228120528164435,0.6228120528164435
hrl,multi,0,weighted_cka,0,1601,3.0361582889402867,236.0,0.7027227878570557,0.7001069784164429,1,0.0,0.6072316577880574,5,0,off,0,0,0.0,0.0,0.0,0.31980613564327354,1.278720251410268,0.5604761014324612,0.3453701840806415,0.5317856163736431,0.0,0.6072316577880574,0.6072316577880574
hrl,multi,0,weighted_cka,0,1602,2.9748508974985075,255.0,0.7048956155776978,0.7005587816238403,1,0.0,0.5949701794997015,5,0,off,0,0,0.0,0.0,0.0,0.32172219077590847,1.2805890287365762,0.5533493203632532,0.3406541776893645,0.4785361799334057,0.0,0.5949701794997015,0.5949701794997015
hrl,multi,0,weighted_cka,0,1603,3.0285962993093913,240.0,0.7038813829421997,0.700786828994751,1,0.0,0.6057192598618784,5,0,off,0,0,0.0,0.0,0.0,0.3145918710738187,1.2745976351834831,0.5347770208735018,0.3443957659101506,0.5602340062684378,0.0,0.6057192598618784,0.6057192598618784
hrl,multi,0,weighted_cka,0,1604,2.3107263514050835,300.0,0.6434452533721924,0.39668530225753784,0,0.0,0.4621452702810168,5,0,off,0,0,0.0,0.0,0.0,0.3422780800045875,1.2775182192809877,0.5405577633755746,0.3371301093938454,-0.18675782064991114,0.0,0.4621452702810168,0.4621452702810168
hrl,multi,0,weighted_cka,0,1605,2.9512164295265015,260.0,0.7033920288085938,0.7012349963188171,1,0.0,0.5902432859053004,5,0,off,0,0,0.0,0.0,0.0,0.33831046087096905,1.28067480599042,0.5603817532169632,0.34213625937903264,0.42971315006911726,0.0,0.5902432859053004,0.5902432859053004
hrl,multi,0,weighted_cka,0,1606,2.9542382115796704,269.0,0.7029991745948792,0.7001069784164429,1,0.0,0.5908476423159342,5,0,off,0,0,0.0,0.0,0.0,0.35668712665827473,1.2853799597453324,0.560346380246803,0.3356995823551478,0.41612516257411314,0.0,0.5908476423159342,0.5908476423159342
hrl,multi,0,weighted_cka,0,1607,2.4115932533253712,300.0,0.691572904586792,0.6400303840637207,0,0.0,0.48231865066507434,5,0,off,0,0,0.0,0.0,0.0,0.3043712836003396,1.2758721157843245,0.47368111836072047,0.45300618855974595,-0.09533745297975876,0.0,0.48231865066507434,0.48231865066507434
hrl,multi,0,weighted_cka,0,1608,3.020786854767454,248.0,0.7043766975402832,0.7023488879203796,1,0.0,0.6041573709534909,5,0,off,0,0,0.0,0.0,0.0,0.3483831244137836,1.2774815022377295,0.5607168383644893,0.33573658807329404,0.49846880167815816,0.0,0.6041573709534909,0.6041573709534909
hrl,multi,0,weighted_cka,0,1609,3.1007510540316567,226.0,0.7023940682411194,0.7005587816238403,1,0.0,0.6201502108063315,5,0,off,0,0,0.0,0.0,0.0,0.3599907778751803,1.2806041018432004,0.560368089608848,0.34022833194024854,0.5595597527641801,0.0,0.6201502108063315,0.6201502108063315
hrl,multi,0,weighted_cka,0,1610,2.406295446790317,300.0,0.6933287382125854,0.6533697247505188,0,0.0,0.48125908935806344,5,0,off,0,0,0.0,0.0,0.0,0.32440948958163784,1.2796947987610472,0.4737037274822359,0.36394921368813077,-0.03546178272273419,0.0,0.48125908935806344,0.48125908935806344
hrl,multi,0,weighted_cka,0,1611,2.8867687705345437,285.0,0.7036896347999573,0.7023488879203796,1,0.0,0.5773537541069089,5,0,off,0,0,0.0,0.0,0.0,0.3430026275508571,1.2785204841149969,0.5636760814737062,0.34181334745883935,0.35975622993614503,0.0,0.5773537541069089,0.5773537541069089
hrl,multi,0,weighted_cka,0,1612,2.9805446408217526,260.0,0.7038185596466064,0.7005587816238403,1,0.0,0.5961089281643506,5,0,off,0,0,0.0,0.0,0.0,0.3073981220130808,1.280592939709313,0.3768287504422478,0.5223373100570169,0.49338751860009483,0.0,0.5961089281643506,0.5961089281643506
hrl,multi,0,weighted_cka,0,1613,3.0041213178017374,257.0,0.7032463550567627,0.7010097503662109,1,0.0,0.6008242635603475,5,0,off,0,0,0.0,0.0,0.0,0.4822862224299459,1.2863560208445413,0.41180698604835186,0.3199030713916035,0.5037690170872955,0.0,0.6008242635603475,0.6008242635603475
hrl,multi,0,weighted_cka,0,1614,3.1160944603932936,223.0,0.7036352753639221,0.701907753944397,1,0.0,0.6232188920786588,5,0,off,0,0,0.0,0.0,0.0,0.354063744429266,1.2304366960125042,0.6151795096080167,0.3300479463076262,0.5863665640358812,0.0,0.6232188920786588,0.6232188920786588
hrl,multi,0,weighted_cka,0,1615,3.1157885702978225,221.0,0.7034589648246765,0.7012349963188171,1,0.0,0.6231577140595645,5,0,off,0,0,0.0,0.0,0.0,0.3472212086979998,1.284217401416972,0.5525621679201721,0.33970207402674707,0.5920857182359321,0.0,0.6231577140595645,0.6231577140595645
hrl,multi,0,weighted_cka,0,1616,3.0556414874341122,235.0,0.7039376497268677,0.7017403244972229,1,0.0,0.6111282974868225,5,0,off,0,0,0.0,0.0,0.0,0.3004556892191321,1.2807720088260246,0.5587403467721305,0.38867646980728016,0.5269969728095455,0.0,0.6111282974868225,0.6111282974868225
hrl,multi,0,weighted_cka,0,1617,2.400711143631632,300.0,0.6957898139953613,0.6642574071884155,0,0.0,0.4801422287263265,5,0,off,0,0,0.0,0.0,0.0,0.29460905670738424,1.2853639045590532,0.5604521565469912,0.3878494053024332,-0.1275633794842291,0.0,0.4801422287263265,0.4801422287263265
hrl,multi,0,weighted_cka,0,1618,3.1037310215456224,226.0,0.7036135792732239,0.7004314661026001,1,0.0,0.6207462043091245,5,0,off,0,0,0.0,0.0,0.0,0.30005934604004136,1.2868811603358479,0.4738530968239064,0.47824634272186073,0.5646910756239666,0.0,0.6207462043091245,0.6207462043091245
hrl,multi,0,weighted_cka,0,1619,3.0278324386118025,240.0,0.703658938407898,0.7016217708587646,1,0.0,0.6055664877223605,5,0,off,0,0,0.0,0.0,0.0,0.2633226296579523,1.2606149401678701,0.5603632567431777,0.3856091523594222,0.5579224596833808,0.0,0.6055664877223605,0.6055664877223605
hrl,multi,0,weighted_cka,0,1620,3.051202812075148,236.0,0.7023379802703857,0.7008162140846252,1,0.0,0.6102405624150297,5,0,off,0,0,0.0,0.0,0.0,0.3354301250709686,1.2808997106133027,0.5600994212068616,0.34960873343073756,0.5251648217532782,0.0,0.6102405624150297,0.6102405624150297
hrl,multi,0,weighted_cka,0,1621,3.0116144144574633,252.0,0.7037045955657959,0.701200008392334,1,0.0,0.6023228828914927,5,0,off,0,0,0.0,0.0,0.0,0.24561992894997803,1.2841199730420483,0.5597873339643701,0.38757779427035705,0.5345093842307104,0.0,0.6023228828914927,0.6023228828914927
hrl,multi,0,weighted_cka,0,1622,2.978953853352285,260.0,0.7027594447135925,0.7008121013641357,1,0.0,0.595790770670457,5,0,off,0,0,0.0,0.0,0.0,0.32899961695889934,1.278952577509917,0.5601198869622311,0.3378538694996968,0.4730279024215413,0.0,0.595790770670457,0.595790770670457
hrl,multi,0,weighted_cka,0,1623,2.97053039654935,259.0,0.7039189338684082,0.7002020478248596,1,0.0,0.59410607930987,5,0,off,0,0,0.0,0.0,0.0,0.3478539617561036,1.2760153816016389,0.5604559181588701,0.32807877716232897,0.45812635787040906,0.0,0.59410607930987,0.59410607930987
hrl,multi,0,weighted_cka,0,1624,3.015494326492101,244.0,0.7030103802680969,0.7013164758682251,1,0.0,0.6030988652984203,5,0,off,0,0,0.0,0.0,0.0,0.3114319339055218,1.2784272080846129,0.44681974391080426,0.4571399582128214,0.521675482378341,0.0,0.6030988652984203,0.6030988652984203
hrl,multi,0,weighted_cka,0,1625,3.0485313856670824,240.0,0.7046946883201599,0.7022087574005127,1,0.0,0.6097062771334165,5,0,off,0,0,0.0,0.0,0.0,0.31120511626848013,1.285724534503184,0.5595970571953802,0.3671441521674132,0.5248605255326254,0.0,0.6097062771334165,0.6097062771334165
hrl,multi,0,weighted_cka,0,1626,3.044189826802946,238.0,0.7042428851127625,0.701541543006897,1,0.0,0.6088379653605893,5,0,off,0,0,0.0,0.0,0.0,0.3108427844443067,1.2790244069276375,0.47427479569846753,0.36747444827963766,0.6125733914528971,0.0,0.6088379653605893,0.6088379653605893
hrl,multi,0,weighted_cka,0,1627,3.0268491378083295,245.0,0.7029962539672852,0.7005247473716736,1,0.0,0.605369827561666,5,0,off,0,0,0.0,0.0,0.0,0.35552596703008743,1.272771585264243,0.5265239048446527,0.3377862003258378,0.5342414803435093,0.0,0.605369827561666,0.605369827561666
hrl,multi,0,weighted_cka,0,1628,3.037992086421428,242.0,0.7030740976333618,0.7001705169677734,1,0.0,0.6075984172842857,5,0,off,0,0,0.0,0.0,0.0,0.3468475563185056,1.2809555617952717,0.5058737413529305,0.3402460564857683,0.5640691704689523,0.0,0.6075984172842857,0.6075984172842857
hrl,multi,0,weighted_cka,0,1629,2.973024032806336,259.0,0.7034691572189331,0.7023488879203796,1,0.0,0.5946048065612672,5,0,off,0,0,0.0,0.0,0.0,0.38843241309031135,1.2693939231075344,0.49574170281225804,0.3652973676908295,0.4541586261054033,0.0,0.5946048065612672,0.5946048065612672
hrl,multi,0,weighted_cka,0,1630,2.983596207355806,254.0,0.702924370765686,0.7004148364067078,1,0.0,0.5967192414711613,5,0,off,0,0,0.0,0.0,0.0,0.32150544998936303,1.2520600739028303,0.5791669157547875,0.3323119681433308,0.4985517995654952,0.0,0.5967192414711613,0.5967192414711613
hrl,multi,0,weighted_cka,0,1631,3.0124085584260634,251.0,0.7043881416320801,0.7000429630279541,1,0.0,0.6024817116852128,5,0,off,0,0,0.0,0.0,0.0,0.3272053961026249,1.2744742802707476,0.4614077720418571,0.3641779436261749,0.5851431663846595,0.0,0.6024817116852128,0.6024817116852128
hrl,multi,0,weighted_cka,0,1632,2.308983788138356,300.0,0.6543357968330383,0.45333465933799744,0,0.0,0.46179675762767125,5,0,off,0,0,0.0,0.0,0.0,0.2973930997740244,1.262872555608861,0.47364114273618896,0.4825565850788115,-0.20747959505952926,0.0,0.46179675762767125,0.46179675762767125
hrl,multi,0,weighted_cka,0,1633,2.994373267329857,252.0,0.7041282653808594,0.701991081237793,1,0.0,0.5988746534659715,5,0,off,0,0,0.0,0.0,0.0,0.3382919989260553,1.2807696691108865,0.5602051998935639,0.34096967619646595,0.47413672320288586,0.0,0.5988746534659715,0.5988746534659715
hrl,multi,0,weighted_cka,0,1634,2.345406898747079,300.0,0.6631522178649902,0.5022900700569153,0,0.0,0.4690813797494159,5,0,off,0,0,0.0,0.0,0.0,0.2911688794295768,1.2802482267236335,0.5607487053708172,0.34060699797558475,-0.12736591075253262,0.0,0.4690813797494159,0.4690813797494159
hrl,multi,0,weighted_cka,0,1635,2.975837394612105,263.0,0.7033908367156982,0.700502872467041,1,0.0,0.5951674789224212,5,0,off,0,0,0.0,0.0,0.0,0.3571637578533118,1.2741976903025058,0.5598879023669286,0.33687889205342064,0.44770915203593886,0.0,0.5951674789224212,0.5951674789224212
hrl,multi,0,weighted_cka,0,1636,2.9849458541178815,256.0,0.7041054964065552,0.7023488879203796,1,0.0,0.5969891708235764,5,0,off,0,0,0.0,0.0,0.0,0.32766267762589263,1.2808825344638897,0.5087243933696298,0.3482264924915725,0.5194497561668976,0.0,0.5969891708235764,0.5969891708235764
hrl,multi,0,weighted_cka,0,1637,2.9923470427084635,254.0,0.7029238939285278,0.7012301087379456,1,0.0,0.5984694085416928,5,0,off,0,0,0.0,0.0,0.0,0.3389310833644121,1.267074061438441,0.568177951870486,0.32639686970207177,0.49176707633305317,0.0,0.5984694085416928,0.5984694085416928
hrl,multi,0,weighted_cka,0,1638,2.9971416480952744,255.0,0.7039614319801331,0.7017378807067871,1,0.0,0.599428329619055,5,0,off,0,0,0.0,0.0,0.0,0.3067432017209939,1.3001730642374603,0.4885622285869903,0.327444553408015,0.5742186001418156,0.0,0.599428329619055,0.599428329619055
hrl,multi,0,weighted_cka,0,1639,3.0171022628701745,240.0,0.7020768523216248,0.7000802159309387,1,0.0,0.603420452574035,5,0,off,0,0,0.0,0.0,0.0,0.324317688080453,1.2806777698080984,0.5608612146093509,0.3327208399011578,0.5185247504711149,0.0,0.603420452574035,0.603420452574035
hrl,multi,0,weighted_cka,0,1640,3.0717211187567615,234.0,0.7022311687469482,0.7002326846122742,1,0.0,0.6143442237513523,5,0,off,0,0,0.0,0.0,0.0,0.3607891215559793,1.251601547594182,0.5821980590331367,0.3435789594874549,0.5335534310860092,0.0,0.6143442237513523,0.6143442237513523
hrl,multi,0,weighted_cka,0,1641,2.3416028096475188,300.0,0.6544414758682251,0.46176424622535706,0,0.0,0.46832056192950383,5,0,off,0,0,0.0,0.0,0.0,0.3310520313115266,1.28578337224666,0.5601039287499151,0.33994653818347426,-0.17528306084405668,0.0,0.46832056192950383,0.46832056192950383
hrl,multi,0,weighted_cka,0,1642,2.986584331103832,257.0,0.7030127048492432,0.7001070380210876,1,0.0,0.5973168662207665,5,0,off,0,0,0.0,0.0,0.0,0.31027932209498243,1.2805501407803965,0.5560278365951962,0.37767408477887504,0.46205294685438253,0.0,0.5973168662207665,0.5973168662207665
hrl,multi,0,weighted_cka,0,1643,2.9851382399045674,261.0,0.7039991617202759,0.7008900046348572,1,0.0,0.5970276479809136,5,0,off,0,0,0.0,0.0,0.0,0.3554064381404604,1.2623102871831504,0.572396655530203,0.33957192061282687,0.4554529384379273,0.0,0.5970276479809136,0.5970276479809136
hrl,multi,0,weighted_cka,0,1644,2.9584765938384794,264.0,0.7037389874458313,0.7007453441619873,1,0.0,0.591695318767696,5,0,off,0,0,0.0,0.0,0.0,0.3385888643296202,1.28011093522422,0.5609141292148269,0.3384811165350838,0.4403815485347293,0.0,0.591695318767696,0.591695318767696
hrl,multi,0,weighted_cka,0,1645,2.3205397443665774,300.0,0.6388657689094543,0.3770294785499573,0,0.0,0.4641079488733156,5,0,off,0,0,0.0,0.0,0.0,0.2821635791730659,1.2855611602826973,0.5600605250434018,0.3799227285324595,-0.18716824866504644,0.0,0.4641079488733156,0.4641079488733156
hrl,multi,0,weighted_cka,0,1646,2.3633679658290916,300.0,0.6804043054580688,0.5857178568840027,0,0.0,0.4726735931658184,5,0,off,0,0,0.0,0.0,0.0,0.29820361581176974,1.2173485563622086,0.5589449211470782,0.3887344939976464,-0.09986362148961085,0.0,0.4726735931658184,0.4726735931658184
hrl,multi,0,weighted_cka,0,1647,2.937067696031327,272.0,0.703235924243927,0.7009682655334473,1,0.0,0.5874135392062655,5,0,off,0,0,0.0,0.0,0.0,0.2917796749301196,1.2807998798917977,0.560323980483692,0.32703685203607885,0.4771273086896397,0.0,0.5874135392062655,0.5874135392062655
hrl,multi,0,weighted_cka,0,1648,3.0243798920267277,247.0,0.7032216787338257,0.7006998658180237,1,0.0,0.6048759784053457,5,0,off,0,0,0.0,0.0,0.0,0.35300774587620976,1.276909476302564,0.5603166986471041,0.3380588578129681,0.4960871133878825,0.0,0.6048759784053457,0.6048759784053457
hrl,multi,0,weighted_cka,0,1649,3.0333404667454875,239.0,0.7047477960586548,0.7023488879203796,1,0.0,0.6066680933490975,5,0,off,0,0,0.0,0.0,0.0,0.20973784187200345,1.2774586609695104,0.5601793435849248,0.35959265528884127,0.6263719650302081,0.0,0.6066680933490975,0.6066680933490975
hrl,multi,0,weighted_cka,0,1650,3.101416970653109,222.0,0.7039982080459595,0.7019096612930298,1,0.0,0.6202833941306218,5,0,off,0,0,0.0,0.0,0.0,0.2891983517390908,1.2846209772489963,0.5610892548789269,0.3876697252672165,0.5788386615188791,0.0,0.6202833941306218,0.6202833941306218
hrl,multi,0,weighted_cka,0,1651,3.0620980719377973,230.0,0.7028303146362305,0.7023488879203796,1,0.0,0.6124196143875595,5,0,off,0,0,0.0,0.0,0.0,0.32250243300758297,1.2809171174978835,0.5593163020308128,0.371715002354118,0.5276472170474006,0.0,0.6124196143875595,0.6124196143875595
hrl,multi,0,weighted_cka,0,1652,2.3251905333885574,300.0,0.6509546041488647,0.439422070980072,0,0.0,0.46503810667771156,5,0,off,0,0,0.0,0.0,0.0,0.33477443522831885,1.2809555617952717,0.5289803563198073,0.3281472274584593,-0.14766704741329917,0.0,0.46503810667771156,0.46503810667771156
hrl,multi,0,weighted_cka,0,1653,2.943186729679232,266.0,0.704427182674408,0.7023488879203796,1,0.0,0.5886373459358465,5,0,off,0,0,0.0,0.0,0.0,0.32903823920758435,1.2735440519573165,0.5598202714095822,0.3291582662969012,0.4516259008078484,0.0,0.5886373459358465,0.5886373459358465
hrl,multi,0,weighted_cka,0,1654,2.9904931531076495,256.0,0.7034414410591125,0.7001069784164429,1,0.0,0.59809863062153,5,0,off,0,0,0.0,0.0,0.0,0.32702118768601207,1.2805377853894604,0.5601435718340798,0.3654604431222032,0.4573301650758947,0.0,0.59809863062153,0.59809863062153
hrl,multi,0,weighted_cka,0,1655,2.961998102575876,259.0,0.7021069526672363,0.7003330588340759,1,0.0,0.5923996205151753,5,0,off,0,0,0.0,0.0,0.0,0.31206046110927116,0.7753170357411726,1.07959093074128,0.3529047383087331,0.4421249366754198,0.0,0.5923996205151753,0.5923996205151753
hrl,multi,0,weighted_cka,0,1656,2.9665874458927415,256.0,0.7030879259109497,0.7005011439323425,1,0.0,0.5933174891785484,5,0,off,0,0,0.0,0.0,0.0,0.27038475314609234,1.2805842482578007,0.5602540027098729,0.3876795910582877,0.4676848507206885,0.0,0.5933174891785484,0.5933174891785484
hrl,multi,0,weighted_cka,0,1657,3.0121658569472043,247.0,0.7033985257148743,0.7010914087295532,1,0.0,0.6024331713894411,5,0,off,0,0,0.0,0.0,0.0,0.2732865678221714,1.2864430490974335,0.5603600822137668,0.3879798124362714,0.504096345377562,0.0,0.6024331713894411,0.6024331713894411
hrl,multi,0,weighted_cka,0,1658,2.981723288286105,259.0,0.7040797472000122,0.7021415829658508,1,0.0,0.5963446576572211,5,0,off,0,0,0.0,0.0,0.0,0.33187043100668956,1.2722122964886946,0.560555221359711,0.3508656399778555,0.46621969945315483,0.0,0.5963446576572211,0.5963446576572211
hrl,multi,0,weighted_cka,0,1659,3.0673089105373643,233.0,0.7036710381507874,0.701541543006897,1,0.0,0.6134617821074729,5,0,off,0,0,0.0,0.0,0.0,0.3167497208686545,1.280722440346144,0.5605465285694226,0.3287610166080703,0.5805292041450737,0.0,0.6134617821074729,0.6134617821074729
hrl,multi,0,weighted_cka,0,1660,3.0479151482277653,240.0,0.7032468318939209,0.7001069784164429,1,0.0,0.6095830296455531,5,0,off,0,0,0.0,0.0,0.0,0.2938245332751539,1.2857520809723062,0.5518096560477278,0.39316827342193567,0.5233606045106425,0.0,0.6095830296455531,0.6095830296455531
hrl,multi,0,weighted_cka,0,1661,3.0336999965933633,246.0,0.7043048143386841,0.7004148364067078,1,0.0,0.6067399993186727,5,0,off,0,0,0.0,0.0,0.0,0.31857540764911385,1.2805985534889621,0.5604669743548146,0.36374443095340386,0.5103146301470696,0.0,0.6067399993186727,0.6067399993186727
hrl,multi,0,weighted_cka,0,1662,3.0290118362632916,244.0,0.7014001607894897,0.7003287672996521,1,0.0,0.6058023672526585,5,0,off,0,0,0.0,0.0,0.0,0.2844573144018649,1.2863639360386876,0.5590758619578554,0.3798373860898427,0.5192773377750416,0.0,0.6058023672526585,0.6058023672526585
hrl,multi,0,weighted_cka,0,1663,2.997276421856876,255.0,0.7032448649406433,0.7003330588340759,1,0.0,0.5994552843713753,5,0,off,0,0,0.0,0.0,0.0,0.3366104861000785,1.280581996901892,0.5600710400827228,0.3372917839970177,0.4827211147751657,0.0,0.5994552843713753,0.5994552843713753
hrl,multi,0,weighted_cka,0,1664,3.034439881330093,234.0,0.7029661536216736,0.7015902400016785,1,0.0,0.6068879762660186,5,0,off,0,0,0.0,0.0,0.0,0.29511971358978184,1.2808342321170492,0.5597611976186744,0.34576653464321855,0.5529582033613696,0.0,0.6068879762660186,0.6068879762660186
hrl,multi,0,weighted_cka,0,1665,3.122130838197349,221.0,0.7038054466247559,0.7019731402397156,1,0.0,0.6244261676394699,5,0,off,0,0,0.0,0.0,0.0,0.3458860532608814,1.2880109923826528,0.5602930081291123,0.3402777528336009,0.5876630315911023,0.0,0.6244261676394699,0.6244261676394699
hrl,multi,0,weighted_cka,0,1666,3.0827602859010645,228.0,0.7031914591789246,0.7003284692764282,1,0.0,0.616552057180213,5,0,off,0,0,0.0,0.0,0.0,0.3429118995640892,1.2763140119006855,0.5389641883298754,0.3513824995997565,0.5731876865066586,0.0,0.616552057180213,0.616552057180213
hrl,multi,0,weighted_cka,0,1667,2.9042481773978492,277.0,0.7024273872375488,0.7001069784164429,1,0.0,0.58084963547957,5,0,off,0,0,0.0,0.0,0.0,0.2921318538890627,1.2805616558855397,0.4231185790481976,0.5265229677562601,0.38191312081878986,0.0,0.58084963547957,0.58084963547957
hrl,multi,0,weighted_cka,0,1668,3.0050791069558604,253.0,0.7018755078315735,0.7004169225692749,1,0.0,0.601015821391172,5,0,off,0,0,0.0,0.0,0.0,0.42246569373161746,1.2851076192548496,0.4750416815727948,0.34084107797128665,0.4816230344253125,0.0,0.601015821391172,0.601015821391172
hrl,multi,0,weighted_cka,0,1669,2.983598581999539,255.0,0.7033964395523071,0.7008548974990845,1,0.0,0.5967197163999078,5,0,off,0,0,0.0,0.0,0.0,0.35229625835735345,1.293545431773178,0.5252956494074313,0.3481698629148304,0.46429137954674643,0.0,0.5967197163999078,0.5967197163999078
hrl,multi,0,weighted_cka,0,1670,3.0487034401149127,240.0,0.7036488056182861,0.7005246877670288,1,0.0,0.6097406880229826,5,0,off,0,0,0.0,0.0,0.0,0.3522366723826853,1.2795478390855712,0.5533540206900797,0.34298270552529714,0.5205822024312801,0.0,0.6097406880229826,0.6097406880229826
hrl,multi,0,weighted_cka,0,1671,3.041749893754283,238.0,0.7039723992347717,0.7023488879203796,1,0.0,0.6083499787508566,5,0,off,0,0,0.0,0.0,0.0,0.2962281667958304,1.2808438796875996,0.5602894034450873,0.38383791420795016,0.520550529617816,0.0,0.6083499787508566,0.6083499787508566
hrl,multi,0,weighted_cka,0,1672,3.073330240274189,230.0,0.7041852474212646,0.7017940878868103,1,0.0,0.6146660480548378,5,0,off,0,0,0.0,0.0,0.0,0.3317754922505409,1.2768773766830561,0.5603352762623689,0.33991353262893237,0.5644285624492912,0.0,0.6146660480548378,0.6146660480548378
hrl,multi,0,weighted_cka,0,1673,3.091191598206568,225.0,0.7037495374679565,0.7005587816238403,1,0.0,0.6182383196413137,5,0,off,0,0,0.0,0.0,0.0,0.2991330580006324,1.2806082355184478,0.5611154998983255,0.3876091947713866,0.5627256100177763,0.0,0.6182383196413137,0.6182383196413137
hrl,multi,0,weighted_cka,0,1674,3.0140276206364347,252.0,0.7047282457351685,0.7023488879203796,1,0.0,0.602805524127287,5,0,off,0,0,0.0,0.0,0.0,0.3052094172015931,1.2775757964672518,0.5564405949185601,0.3923166158893145,0.4824851961597158,0.0,0.602805524127287,0.602805524127287
hrl,multi,0,weighted_cka,0,1675,2.964494191917633,261.0,0.7039706110954285,0.7012349963188171,1,0.0,0.5928988383835267,5,0,off,0,0,0.0,0.0,0.0,0.2793298718803998,1.2806787672545759,0.560410842961166,0.38754248541593544,0.4565322244055567,0.0,0.5928988383835267,0.5928988383835267
hrl,multi,0,weighted_cka,0,1676,2.404752566779642,300.0,0.6820365786552429,0.5965895652770996,0,0.0,0.48095051335592853,5,0,off,0,0,0.0,0.0,0.0,0.3076525121304148,1.2807719310605896,0.5603340543089433,0.3875508679375634,-0.1315567986578684,0.0,0.48095051335592853,0.48095051335592853
hrl,multi,0,weighted_cka,0,1677,2.995543273463851,253.0,0.7040207386016846,0.7023488879203796,1,0.0,0.5991086546927703,5,0,off,0,0,0.0,0.0,0.0,0.34497921726678027,1.2809171174978835,0.5602625785609706,0.3403531885933552,0.46903117154486224,0.0,0.5991086546927703,0.5991086546927703
hrl,multi,0,weighted_cka,0,1678,3.0420952855815218,241.0,0.7031848430633545,0.7017665505409241,1,0.0,0.6084190571163045,5,0,off,0,0,0.0,0.0,0.0,0.33286074046408237,1.2840019195666534,0.5605618568002245,0.3360616763646466,0.5286090923859155,0.0,0.6084190571163045,0.6084190571163045
hrl,multi,0,weighted_cka,0,1679,3.0478774010738694,246.0,0.7044234275817871,0.7023488879203796,1,0.0,0.6095754802147739,5,0,off,0,0,0.0,0.0,0.0,0.2848013013116433,1.2926046301238237,0.5603739092689938,0.36315911660133854,0.5469384437680709,0.0,0.6095754802147739,0.6095754802147739
hrl,multi,0,weighted_cka,0,1680,3.029137906288552,247.0,0.7035249471664429,0.7005587816238403,1,0.0,0.6058275812577106,5,0,off,0,0,0.0,0.0,0.0,0.2947550120214,1.2847734976187346,0.5604067426389082,0.387651201843284,0.5015514521662261,0.0,0.6058275812577106,0.6058275812577106
hrl,multi,0,weighted_cka,0,1681,3.051787431528034,243.0,0.7034866213798523,0.7010097503662109,1,0.0,0.6103574863056069,5,0,off,0,0,0.0,0.0,0.0,0.35601632872375183,1.280657994803041,0.5604058903332333,0.32564661323587635,0.529060604432132,0.0,0.6103574863056069,0.6103574863056069
hrl,multi,0,weighted_cka,0,1682,2.910115762065025,272.0,0.7058453559875488,0.7023488879203796,1,0.0,0.5820231524130051,5,0,off,0,0,0.0,0.0,0.0,0.3867135866803363,1.2758804075084624,0.48813255356030993,0.3321422951691783,0.42724691914673874,0.0,0.5820231524130051,0.5820231524130051
hrl,multi,0,weighted_cka,0,1683,3.051569103361237,234.0,0.7035712003707886,0.701991081237793,1,0.0,0.6103138206722475,5,0,off,0,0,0.0,0.0,0.0,0.2975822459847113,1.2807628467073662,0.4246092114695347,0.523360361734405,0.5252544374652206,0.0,0.6103138206722475,0.6103138206722475
hrl,multi,0,weighted_cka,0,1684,3.0425754040139514,237.0,0.7028939127922058,0.7003330588340759,1,0.0,0.6085150808027905,5,0,off,0,0,0.0,0.0,0.0,0.35241241335996887,1.2805727466568348,0.5442103661145082,0.33811909599379025,0.52726078188885,0.0,0.6085150808027905,0.6085150808027905
hrl,multi,0,weighted_cka,0,1685,3.0661912514352103,235.0,0.702971339225769,0.7012349963188171,1,0.0,0.6132382502870423,5,0,off,0,0,0.0,0.0,0.0,0.316985204239143,1.2842030213307587,0.473633459907025,0.45214981714928204,0.5392197488090023,0.0,0.6132382502870423,0.6132382502870423
hrl,multi,0,weighted_cka,0,1686,3.0570610876826527,244.0,0.7028651237487793,0.7004371881484985,1,0.0,0.6114122175365306,5,0,off,0,0,0.0,0.0,0.0,0.3620004320745356,1.2795570343825964,0.5630399631841573,0.34102615757104643,0.5114375004703178,0.0,0.6114122175365306,0.6114122175365306
hrl,multi,0,weighted_cka,0,1687,2.980828709727443,261.0,0.703912079334259,0.7008395791053772,1,0.0,0.5961657419454887,5,0,off,0,0,0.0,0.0,0.0,0.31873320269177197,1.2771475728033108,0.4735447375201619,0.4505870728361768,0.46081612387602194,0.0,0.5961657419454887,0.5961657419454887
hrl,multi,0,weighted_cka,0,1688,2.992459235250483,254.0,0.7034019231796265,0.7006080746650696,1,0.0,0.5984918470500966,5,0,off,0,0,0.0,0.0,0.0,0.3032961667911731,1.2806975073274223,0.5604067847230471,0.3694291243790066,0.4786296520298345,0.0,0.5984918470500966,0.5984918470500966
hrl,multi,0,weighted_cka,0,1689,3.0240271815505535,245.0,0.703546404838562,0.7023488879203796,1,0.0,0.6048054363101109,5,0,off,0,0,0.0,0.0,0.0,0.41389867979777034,1.2690494551882145,0.49780192810390134,0.34224357136011524,0.5010335471005527,0.0,0.6048054363101109,0.6048054363101109
hrl,multi,0,weighted_cka,0,1690,3.0202219094692833,247.0,0.7041828632354736,0.7010097503662109,1,0.0,0.6040443818938568,5,0,off,0,0,0.0,0.0,0.0,0.29417371179294416,1.2806475003110243,0.5604213955444283,0.33956695055533775,0.5454123512655495,0.0,0.6040443818938568,0.6040443818938568
hrl,multi,0,weighted_cka,0,1691,2.9423006107383394,267.0,0.7040557861328125,0.7023488879203796,1,0.0,0.5884601221476681,5,0,off,0,0,0.0,0.0,0.0,0.2617327458248473,1.2891437138989565,0.5601043317215516,0.3876315835332497,0.44368823575973493,0.0,0.5884601221476681,0.5884601221476681
hrl,multi,0,weighted_cka,0,1692,2.987964268138398,256.0,0.7019824385643005,0.7001069784164429,1,0.0,0.5975928536276797,5,0,off,0,0,0.0,0.0,0.0,0.2706982284060213,1.2766144784064961,0.5413630167422815,0.38766438011592247,0.5116241644676772,0.0,0.5975928536276797,0.5975928536276797
hrl,multi,0,weighted_cka,0,1693,3.005558296951391,253.0,0.7042291760444641,0.7017719745635986,1,0.0,0.6011116593902783,5,0,off,0,0,0.0,0.0,0.0,0.35811357238516206,1.279546770147979,0.5449095676518044,0.32827893390825186,0.4947094528581945,0.0,0.6011116593902783,0.6011116593902783
hrl,multi,0,weighted_cka,0,1694,2.330536750991449,300.0,0.6585037112236023,0.47295936942100525,0,0.0,0.46610735019828986,5,0,off,0,0,0.0,0.0,0.0,0.3439242919473908,1.2774489963441154,0.5601092509673907,0.33932101602843606,-0.19026680429588338,0.0,0.46610735019828986,0.46610735019828986
hrl,multi,0,weighted_cka,0,1695,2.2502770959730682,300.0,0.6315121650695801,0.34232810139656067,0,0.0,0.4500554191946137,5,0,off,0,0,0.0,0.0,0.0,0.2876503304031648,1.2806059159431604,0.5130399178618098,0.3879915165998972,-0.21901058483496338,0.0,0.4500554191946137,0.4500554191946137
hrl,multi,0,weighted_cka,0,1696,3.0217858805284328,237.0,0.7041701078414917,0.7018815279006958,1,0.0,0.6043571761056865,5,0,off,0,0,0.0,0.0,0.0,0.3987172438837586,1.2604264748794956,0.48779408664954815,0.3471385912071418,0.5277094839084892,0.0,0.6043571761056865,0.6043571761056865
hrl,multi,0,weighted_cka,0,1697,3.0951590564508957,224.0,0.7043315768241882,0.7023488879203796,1,0.0,0.6190318112901793,5,0,off,0,0,0.0,0.0,0.0,0.33907659139984747,1.2808997106133027,0.5593091476107946,0.3371992285575997,0.5786743782693519,0.0,0.6190318112901793,0.6190318112901793
hrl,multi,0,weighted_cka,0,1698,3.1003741986648516,224.0,0.7025743722915649,0.7001152634620667,1,0.0,0.6200748397329704,5,0,off,0,0,0.0,0.0,0.0,0.40075891693140137,1.2714868718730283,0.4639310575071721,0.34656321743107393,0.6176341349221764,0.0,0.6200748397329704,0.6200748397329704
hrl,multi,0,weighted_cka,0,1699,2.208978106520952,300.0,0.6184598207473755,0.2806227207183838,0,0.0,0.44179562130419053,5,0,off,0,0,0.0,0.0,0.0,0.22421298046770946,1.2687442284170536,0.38063764929352323,0.5323491853014565,-0.19696593695879006,0.0,0.44179562130419053,0.44179562130419053
hrl,multi,0,weighted_cka,0,1700,2.3600276329892935,300.0,0.6608579754829407,0.4904801547527313,0,0.0,0.47200552659785877,5,0,off,0,0,0.0,0.0,0.0,0.3529401682225288,1.2735920192608607,0.5363147844881749,0.33834533685697527,-0.14116467583924558,0.0,0.47200552659785877,0.47200552659785877
hrl,multi,0,weighted_cka,0,1701,2.9838916317248354,260.0,0.702792763710022,0.7017293572425842,1,0.0,0.5967783263449672,5,0,off,0,0,0.0,0.0,0.0,0.297209012647625,1.2808796904375774,0.5606227579624391,0.3858612881494336,0.45931888252776093,0.0,0.5967783263449672,0.5967783263449672
hrl,multi,0,weighted_cka,0,1702,3.0294965274058328,243.0,0.7023395299911499,0.7006086707115173,1,0.0,0.6058993054811668,5,0,off,0,0,0.0,0.0,0.0,0.3331845036935992,1.2807798209926111,0.5602779551041311,0.34746187357735464,0.5077923740381374,0.0,0.6058993054811668,0.6058993054811668
hrl,multi,0,weighted_cka,0,1703,3.055578623837863,245.0,0.704049825668335,0.7019857168197632,1,0.0,0.6111157247675727,5,0,off,0,0,0.0,0.0,0.0,0.35498972058657086,1.283958289928734,0.5607667502113617,0.3299047123880154,0.5259591507231816,0.0,0.6111157247675727,0.6111157247675727
hrl,multi,0,weighted_cka,0,1704,3.02081679289216,241.0,0.7031105756759644,0.7003330588340759,1,0.0,0.6041633585784322,5,0,off,0,0,0.0,0.0,0.0,0.32121076339343557,1.2896120632160453,0.5604401382948271,0.3470935081586794,0.5024603198291733,0.0,0.6041633585784322,0.6041633585784322
hrl,multi,0,weighted_cka,0,1705,3.0552777009362604,239.0,0.7043699026107788,0.7006086707115173,1,0.0,0.6110555401872523,5,0,off,0,0,0.0,0.0,0.0,0.32731689040327905,1.2663036263794636,0.4734138489216565,0.46997479279265086,0.518268542439211,0.0,0.6110555401872523,0.6110555401872523
hrl,multi,0,weighted_cka,0,1706,2.9331473602798055,268.0,0.7051060199737549,0.7023488879203796,1,0.0,0.5866294720559612,5,0,off,0,0,0.0,0.0,0.0,0.2988963682636385,1.27270948735252,0.5603276381948962,0.387562169762561,0.4136516967061905,0.0,0.5866294720559612,0.5866294720559612
hrl,multi,0,weighted_cka,0,1707,3.029586330963865,250.0,0.7039912343025208,0.7007843255996704,1,0.0,0.6059172661927731,5,0,off,0,0,0.0,0.0,0.0,0.3568105496432399,1.2895243181940166,0.56215626253793,0.3414957592922582,0.4795994412964208,0.0,0.6059172661927731,0.6059172661927731
hrl,multi,0,weighted_cka,0,1708,2.9944864505685387,252.0,0.7026064991950989,0.7010097503662109,1,0.0,0.5988972901137078,5,0,off,0,0,0.0,0.0,0.0,0.3552061987628694,1.2806491099856792,0.5604171511000021,0.3416593838729895,0.45655460684699917,0.0,0.5988972901137078,0.5988972901137078
hrl,multi,0,weighted_cka,0,1709,3.0464721897706464,240.0,0.7043470740318298,0.7010888457298279,1,0.0,0.6092944379541294,5,0,off,0,0,0.0,0.0,0.0,0.4656247729198074,1.2773957965793086,0.3937311713448725,0.3515958745429379,0.5581245743837207,0.0,0.6092944379541294,0.6092944379541294
hrl,multi,0,weighted_cka,0,1710,3.0554695844541553,238.0,0.7040351033210754,0.7000538110733032,1,0.0,0.6110939168908311,5,0,off,0,0,0.0,0.0,0.0,0.3315291348779137,1.2808796904375774,0.5600726492335087,0.3601920170877128,0.5227960928174432,0.0,0.6110939168908311,0.6110939168908311
hrl,multi,0,weighted_cka,0,1711,2.1834306578806704,300.0,0.6204320788383484,0.29302212595939636,0,0.0,0.4366861315761342,5,0,off,0,0,0.0,0.0,0.0,0.355894125013845,1.275933704611845,0.5556991717526688,0.3432170106417615,-0.3473133541394494,0.0,0.4366861315761342,0.4366861315761342
hrl,multi,0,weighted_cka,0,1712,2.098690062884451,300.0,0.5982099771499634,0.17304487526416779,0,0.0,0.41973801257689025,5,0,off,0,0,0.0,0.0,0.0,0.3476569525144295,1.282662812807597,0.5602318863016552,0.33866795903034647,-0.43052954776957664,0.0,0.41973801257689025,0.41973801257689025
hrl,multi,0,weighted_cka,0,1713,1.9540227626286466,300.0,0.5782806277275085,0.0812981054186821,0,0.0,0.39080455252572943,5,0,off,0,0,0.0,0.0,0.0,0.3449056511479138,1.2808430629177017,0.5602909342483616,0.11575582265230788,-0.3477727083376378,0.0,0.39080455252572943,0.39080455252572943
hrl,multi,0,weighted_cka,0,1714,1.998436060472521,300.0,0.5842937231063843,0.10633218288421631,0,0.0,0.3996872120945042,5,0,off,0,0,0.0,0.0,0.0,0.40662372591122387,1.2781965505657715,0.4881333083244971,0.35857559301987924,-0.5330931173488501,0.0,0.3996872120945042,0.3996872120945042
hrl,multi,0,weighted_cka,0,1715,2.209772634429463,300.0,0.6212303638458252,0.2917478680610657,0,0.0,0.44195452688589265,5,0,off,0,0,0.0,0.0,0.0,0.3120886169398436,1.2592723389361051,0.5658097956543787,0.33116134691047766,-0.25855946401134167,0.0,0.44195452688589265,0.44195452688589265
hrl,multi,0,weighted_cka,0,1716,3.0498334951350685,243.0,0.7040661573410034,0.7010097503662109,1,0.0,0.6099666990270138,5,0,off,0,0,0.0,0.0,0.0,0.3248887485295999,1.2877316124597562,0.46893545347079624,0.4564278390862745,0.5118498415886423,0.0,0.6099666990270138,0.6099666990270138
hrl,multi,0,weighted_cka,0,1717,2.832243430273446,290.0,0.7030054330825806,0.7007843255996704,1,0.0,0.5664486860546892,5,0,off,0,0,0.0,0.0,0.0,0.3236543994188541,1.2806126972520722,0.5607416731286793,0.3337024066841258,0.3335322537897152,0.0,0.5664486860546892,0.5664486860546892
hrl,multi,0,weighted_cka,0,1718,2.9817395154962587,262.0,0.7024818062782288,0.7003330588340759,1,0.0,0.5963479030992518,5,0,off,0,0,0.0,0.0,0.0,0.31600392926146736,1.2923226858349515,0.48906889734603454,0.3327073653633292,0.5516366376904769,0.0,0.5963479030992518,0.5963479030992518
hrl,multi,0,weighted_cka,0,1719,2.9432692254640846,269.0,0.7054934501647949,0.7045591473579407,1,0.0,0.5886538450928172,5,0,off,0,0,0.0,0.0,0.0,0.2984738767713424,1.2815691460827363,0.47674912280449633,0.4621811132711008,0.4242959665344095,0.0,0.5886538450928172,0.5886538450928172
hrl,multi,0,weighted_cka,0,1720,2.1823453206292456,300.0,0.6217308640480042,0.2952973544597626,0,0.0,0.4364690641258492,5,0,off,0,0,0.0,0.0,0.0,0.306828642713197,1.2806700945459304,0.5602659379579126,0.34136418513301753,-0.3067835397208113,0.0,0.4364690641258492,0.4364690641258492
hrl,multi,0,weighted_cka,0,1721,3.0585497694894426,238.0,0.7025699019432068,0.7010679841041565,1,0.0,0.6117099538978886,5,0,off,0,0,0.0,0.0,0.0,0.29449196970916813,1.2605702289240432,0.5835436763805336,0.39160937894042575,0.5283345155352726,0.0,0.6117099538978886,0.6117099538978886
hrl,multi,0,weighted_cka,0,1722,2.840527070886352,288.0,0.703229546546936,0.7017940878868103,1,0.0,0.5681054141772706,5,0,off,0,0,0.0,0.0,0.0,0.3119960656912444,1.2807582399202508,0.5519860727884806,0.3637838256072718,0.3320028668791053,0.0,0.5681054141772706,0.5681054141772706
hrl,multi,0,weighted_cka,0,1723,1.9922048351494581,300.0,0.5829063653945923,0.10176432877779007,0,0.0,0.39844096702989173,5,0,off,0,0,0.0,0.0,0.0,0.3114389757737517,1.2767220042543483,0.5593523063212632,0.378037119122222,-0.5333455703221265,0.0,0.39844096702989173,0.39844096702989173
hrl,multi,0,weighted_cka,0,1724,1.937630809600022,300.0,0.5765917897224426,0.07127619534730911,0,0.0,0.3875261619200045,5,0,off,0,0,0.0,0.0,0.0,0.3425544615219114,1.2808196537755427,0.5526297952104359,0.3273945013242409,-0.5657676022321082,0.0,0.3875261619200045,0.3875261619200045
hrl,multi,0,weighted_cka,0,1725,2.101178082163095,300.0,0.6034404635429382,0.20254060626029968,0,0.0,0.4202356164326191,5,0,off,0,0,0.0,0.0,0.0,0.34560440961457783,1.2751065708398817,0.563658450809773,0.32755497970723074,-0.41074632880836753,0.0,0.4202356164326191,0.4202356164326191
hrl,multi,0,weighted_cka,0,1726,2.9256692230369503,274.0,0.7045315504074097,0.7023488879203796,1,0.0,0.5851338446073902,5,0,off,0,0,0.0,0.0,0.0,0.43079267493612117,1.27966116043739,0.4878807348064146,0.32945236015423135,0.39788229270279396,0.0,0.5851338446073902,0.5851338446073902
hrl,multi,0,weighted_cka,0,1727,3.0374008196619093,244.0,0.703369140625,0.7003330588340759,1,0.0,0.6074801639323819,5,0,off,0,0,0.0,0.0,0.0,0.3131664059980539,1.2768874673731623,0.47474272266076867,0.3544640864529646,0.6181401371769605,0.0,0.6074801639323819,0.6074801639323819
hrl,multi,0,weighted_cka,0,1728,2.2524155923078055,300.0,0.6165440082550049,0.2629740834236145,0,0.0,0.4504831184615612,5,0,off,0,0,0.0,0.0,0.0,0.3316389229202176,1.2857763914754612,0.559948269706685,0.346001925670891,-0.2709499174654487,0.0,0.4504831184615612,0.4504831184615612
hrl,multi,0,weighted_cka,0,1729,3.0710301171427696,233.0,0.7053017616271973,0.7023488879203796,1,0.0,0.6142060234285541,5,0,off,0,0,0.0,0.0,0.0,0.3160783930924371,1.2894641398116944,0.48867834553634737,0.32837391849537373,0.6484353202069177,0.0,0.6142060234285541,0.6142060234285541
hrl,multi,0,weighted_cka,0,1730,3.050232691672833,233.0,0.703334629535675,0.7017582058906555,1,0.0,0.6100465383345667,5,0,off,0,0,0.0,0.0,0.0,0.331531922949478,1.2807647701213134,0.5460210225642658,0.349512507840729,0.5424024681970475,0.0,0.6100465383345667,0.6100465383345667
hrl,multi,0,weighted_cka,0,1731,3.0318637566645616,247.0,0.7028910517692566,0.7007840871810913,1,0.0,0.6063727513329125,5,0,off,0,0,0.0,0.0,0.0,0.34216599213494914,1.2806700945459304,0.5603349016378633,0.343400775873335,0.5052919924724846,0.0,0.6063727513329125,0.6063727513329125
hrl,multi,0,weighted_cka,0,1732,2.995363776882527,256.0,0.7033144235610962,0.7022432088851929,1,0.0,0.5990727553765055,5,0,off,0,0,0.0,0.0,0.0,0.331698224364547,1.2808022237243128,0.5601995486863888,0.31849707293242674,0.5041667071748522,0.0,0.5990727553765055,0.5990727553765055
hrl,multi,0,weighted_cka,0,1733,1.9299480875467179,300.0,0.5771194100379944,0.07169853895902634,0,0.0,0.3859896175093437,5,0,off,0,0,0.0,0.0,0.0,0.33134493228307105,1.2779775037597862,0.560017641888,0.3385720311724289,-0.5779640215565677,0.0,0.3859896175093437,0.3859896175093437
hrl,multi,0,weighted_cka,0,1734,2.2287526971907923,300.0,0.6222336888313293,0.2964858412742615,0,0.0,0.44575053943815857,5,0,off,0,0,0.0,0.0,0.0,0.2924440971745643,1.276361364255659,0.4736523596434853,0.47536245865561055,-0.28906758253852644,0.0,0.44575053943815857,0.44575053943815857
hrl,multi,0,weighted_cka,0,1735,1.9757089302896915,300.0,0.5796970129013062,0.0807054340839386,0,0.0,0.39514178605793837,5,0,off,0,0,0.0,0.0,0.0,0.3358716893761884,1.2591175548704339,0.577209202885162,0.3474051421872281,-0.5438946590293202,0.0,0.39514178605793837,0.39514178605793837
hrl,multi,0,weighted_cka,0,1736,2.0916876234363357,300.0,0.6007533669471741,0.18963518738746643,0,0.0,0.41833752468726726,5,0,off,0,0,0.0,0.0,0.0,0.332162110009347,1.283718015658669,0.5604313681465573,0.3442724805363759,-0.42889635091461276,0.0,0.41833752468726726,0.41833752468726726
hrl,multi,0,weighted_cka,0,1737,1.9351113486249218,300.0,0.5808955430984497,0.08747468143701553,0,0.0,0.38702226972498444,5,0,off,0,0,0.0,0.0,0.0,0.3242777993053896,1.2733727685380725,0.5602855663960798,0.31687664786097586,-0.5397014334755953,0.0,0.38702226972498444,0.38702226972498444
hrl,multi,0,weighted_cka,0,1738,1.934660242518838,300.0,0.5771149396896362,0.07036583125591278,0,0.0,0.38693204850376767,5,0,off,0,0,0.0,0.0,0.0,0.34749144111073105,1.2808562396187333,0.5603521452499552,0.3398090618893838,-0.5938486453499648,0.0,0.38693204850376767,0.38693204850376767
hrl,multi,0,weighted_cka,0,1739,2.954946261122472,256.0,0.7042230367660522,0.7005587816238403,1,0.0,0.5909892522244945,5,0,off,0,0,0.0,0.0,0.0,0.3018498438425594,1.2805890287365762,0.5445345225408672,0.3394443241111002,0.4885285418913698,0.0,0.5909892522244945,0.5909892522244945
hrl,multi,0,weighted_cka,0,1740,1.9648715587885803,300.0,0.5816286206245422,0.09427664428949356,0,0.0,0.39297431175771613,5,0,off,0,0,0.0,0.0,0.0,-0.1456329156850702,1.2806603968003762,0.5603231730852275,0.3876542907492257,-0.11813338616117838,0.0,0.39297431175771613,0.39297431175771613
hrl,multi,0,weighted_cka,0,1741,3.0504779104783943,242.0,0.7035428881645203,0.7007843255996704,1,0.0,0.6100955820956789,5,0,off,0,0,0.0,0.0,0.0,0.330129040842974,1.2746463782479984,0.5670835648411884,0.32525710008170056,0.5533618264645337,0.0,0.6100955820956789,0.6100955820956789
hrl,multi,0,weighted_cka,0,1742,1.965242786654498,300.0,0.579495906829834,0.08372636884450912,0,0.0,0.39304855733089966,5,0,off,0,0,0.0,0.0,0.0,0.34340431478439126,1.2807027449691666,0.5602578536123036,0.34102511530002805,-0.560147242011391,0.0,0.39304855733089966,0.39304855733089966
hrl,multi,0,weighted_cka,0,1743,1.925743545598455,300.0,0.5775325894355774,0.07014963030815125,0,0.0,0.3851487091196911,5,0,off,0,0,0.0,0.0,0.0,0.3285948222697479,1.2770679692439733,0.560309461805038,0.3417251566316117,-0.5819538643519152,0.0,0.3851487091196911,0.3851487091196911
hrl,multi,0,weighted_cka,0,1744,2.977375410844236,254.0,0.703402042388916,0.7007843255996704,1,0.0,0.5954750821688473,5,0,off,0,0,0.0,0.0,0.0,0.3032391248011408,1.2806311887782065,0.5604325681556946,0.3679135933299548,0.4651589357792398,0.0,0.5954750821688473,0.5954750821688473
hrl,multi,0,weighted_cka,0,1745,3.0225422180042356,245.0,0.7032439708709717,0.700408399105072,1,0.0,0.6045084436008473,5,0,off,0,0,0.0,0.0,0.0,0.3348656547828577,1.2806116563826797,0.5604175468538887,0.3399872799164149,0.5066600800683954,0.0,0.6045084436008473,0.6045084436008473
hrl,multi,0,weighted_cka,0,1746,2.9969808641051627,252.0,0.7024213671684265,0.7001070380210876,1,0.0,0.5993961728210326,5,0,off,0,0,0.0,0.0,0.0,0.3229797231086995,1.2805399582814423,0.5606987253045662,0.31073030210856806,0.5220321553018873,0.0,0.5993961728210326,0.5993961728210326
hrl,multi,0,weighted_cka,0,1747,3.011795235689437,251.0,0.7037897109985352,0.7005587816238403,1,0.0,0.6023590471378876,5,0,off,0,0,0.0,0.0,0.0,0.297265085595136,1.280584883536212,0.5605516712744719,0.3508661673513706,0.5225274279322474,0.0,0.6023590471378876,0.6023590471378876
hrl,multi,0,weighted_cka,0,1748,3.0389461527334047,245.0,0.7033497095108032,0.7016847729682922,1,0.0,0.607789230546681,5,0,off,0,0,0.0,0.0,0.0,0.30216728538461024,1.2858894668845458,0.4737590275686233,0.47858538654330174,0.49854498635232425,0.0,0.607789230546681,0.607789230546681
hrl,multi,0,weighted_cka,0,1749,2.997866606338996,249.0,0.7038544416427612,0.7023488879203796,1,0.0,0.5995733212677993,5,0,off,0,0,0.0,0.0,0.0,0.30441013426240526,1.2808430629177017,0.5601530032213776,0.3459534379617543,0.5065069679757578,0.0,0.5995733212677993,0.5995733212677993
hrl,multi,0,weighted_cka,0,1750,1.920900052947152,300.0,0.5770740509033203,0.07152314484119415,0,0.0,0.3841800105894305,5,0,off,0,0,0.0,0.0,0.0,0.2826871314122108,1.2785589252691714,0.562558225493878,0.3744263253120443,-0.5773305545401518,0.0,0.3841800105894305,0.3841800105894305
hrl,multi,0,weighted_cka,0,1751,1.9616067335399734,300.0,0.5762782692909241,0.06997784227132797,0,0.0,0.3923213467079948,5,0,off,0,0,0.0,0.0,0.0,0.3481511161279631,1.2854265351872889,0.5601606444902717,0.3393947364479863,-0.571526298713536,0.0,0.3923213467079948,0.3923213467079948
hrl,multi,0,weighted_cka,0,1752,3.053212885984917,241.0,0.7026352286338806,0.7003330588340759,1,0.0,0.6106425771969834,5,0,off,0,0,0.0,0.0,0.0,0.3225332110358867,1.2803084408026186,0.490936643465422,0.32411753775971003,0.63531705292128,0.0,0.6106425771969834,0.6106425771969834
hrl,multi,0,weighted_cka,0,1753,3.049908353829435,244.0,0.7041481733322144,0.7013693451881409,1,0.0,0.609981670765887,5,0,off,0,0,0.0,0.0,0.0,0.31915166443458287,1.2893791239140553,0.5600932626035063,0.32763823890130145,0.5536460639759897,0.0,0.609981670765887,0.609981670765887
hrl,multi,0,weighted_cka,0,1754,1.9505937656043884,300.0,0.5774075388908386,0.07047101855278015,0,0.0,0.39011875312087774,5,0,off,0,0,0.0,0.0,0.0,0.3798252956758696,1.2872758729746563,0.4886888492833822,0.3475285797310061,-0.5527248320605253,0.0,0.39011875312087774,0.39011875312087774
hrl,multi,0,weighted_cka,0,1755,3.027350162025336,246.0,0.7029641270637512,0.7004369497299194,1,0.0,0.6054700324050672,5,0,off,0,0,0.0,0.0,0.0,0.33283214406936884,1.2806700945459304,0.5603699304261244,0.3351388527978269,0.5183391401860861,0.0,0.6054700324050672,0.6054700324050672
hrl,multi,0,weighted_cka,0,1756,1.9308854582160855,300.0,0.5769567489624023,0.0704415887594223,0,0.0,0.3861770916432172,5,0,off,0,0,0.0,0.0,0.0,0.30223431191178673,1.2806088663730768,0.5581673560296184,0.3790554409315809,-0.5891805170299768,0.0,0.3861770916432172,0.3861770916432172
hrl,multi,0,weighted_cka,0,1757,3.054972490617916,242.0,0.7033926248550415,0.7011678218841553,1,0.0,0.6109944981235833,5,0,off,0,0,0.0,0.0,0.0,0.32965480966427907,1.2926046301238237,0.5603222621935419,0.343522798810256,0.528867989826016,0.0,0.6109944981235833,0.6109944981235833
hrl,multi,0,weighted_cka,0,1758,2.018395975179736,300.0,0.5834304690361023,0.10264638811349869,0,0.0,0.4036791950359473,5,0,off,0,0,0.0,0.0,0.0,0.2915625259391963,1.2805762918526304,0.4008209817325695,0.44729304892546484,-0.4018568732701245,0.0,0.4036791950359473,0.4036791950359473
hrl,multi,0,weighted_cka,0,1759,2.997219938043562,260.0,0.7029198408126831,0.7012676000595093,1,0.0,0.5994439876087124,5,0,off,0,0,0.0,0.0,0.0,0.3028740368233993,0.768378800372593,0.4437026975788757,1.0297994711101053,0.45246493215858913,0.0,0.5994439876087124,0.5994439876087124
hrl,multi,0,weighted_cka,0,1760,3.0446170321633095,246.0,0.7030891180038452,0.7007843255996704,1,0.0,0.608923406432662,5,0,off,0,0,0.0,0.0,0.0,0.30263417438790197,1.2846876516798509,0.5604408566937781,0.38765144421998404,0.5092029051817952,0.0,0.608923406432662,0.608923406432662
hrl,multi,0,weighted_cka,0,1761,3.017282693481319,250.0,0.7036814093589783,0.7005808353424072,1,0.0,0.6034565386962638,5,0,off,0,0,0.0,0.0,0.0,0.32295267622965906,1.2762416167352346,0.5614382029958068,0.36365469831437797,0.49299549920624103,0.0,0.6034565386962638,0.6034565386962638
hrl,multi,0,weighted_cka,0,1762,1.94248073022586,300.0,0.5762221813201904,0.07004576921463013,0,0.0,0.3884961460451721,5,0,off,0,0,0.0,0.0,0.0,0.2830452899901392,1.2842506264969704,0.5601707850215024,0.38803920503053807,-0.5730251763132895,0.0,0.3884961460451721,0.3884961460451721
hrl,multi,0,weighted_cka,0,1763,2.0169715439591513,300.0,0.5799111723899841,0.09031491726636887,0,0.0,0.40339430879183036,5,0,off,0,0,0.0,0.0,0.0,0.3061260006887896,1.292364751929417,0.5618412776016629,0.37563125378685064,-0.5189917400475682,0.0,0.40339430879183036,0.40339430879183036
hrl,multi,0,weighted_cka,0,1764,1.9430377201255382,300.0,0.5784559845924377,0.0714852586388588,0,0.0,0.3886075440251077,5,0,off,0,0,0.0,0.0,0.0,0.28345976744266216,1.277471385862678,0.48870356010552485,0.3531720013525336,-0.45976899463786,0.0,0.3886075440251077,0.3886075440251077
hrl,multi,0,weighted_cka,0,1765,2.9526276290069786,261.0,0.7041938304901123,0.7023488879203796,1,0.0,0.590525525801396,5,0,off,0,0,0.0,0.0,0.0,0.28518075545970345,1.2618291693171484,0.5003358457684516,0.36634186621452675,0.5389399922471492,0.0,0.590525525801396,0.590525525801396
hrl,multi,0,weighted_cka,0,1766,2.9945586348251805,247.0,0.7025066614151001,0.7012076377868652,1,0.0,0.5989117269650361,5,0,off,0,0,0.0,0.0,0.0,0.282871566087022,1.2843855844205243,0.5605115100984693,0.3837797252899035,0.483010248929262,0.0,0.5989117269650361,0.5989117269650361
hrl,multi,0,weighted_cka,0,1767,1.94027859897344,300.0,0.5770604014396667,0.07072791457176208,0,0.0,0.38805571979468806,5,0,off,0,0,0.0,0.0,0.0,0.2979181043700809,1.2874425258580593,0.5602794331712647,0.38763176837167695,-0.5929932327976414,0.0,0.38805571979468806,0.38805571979468806
hrl,multi,0,weighted_cka,0,1768,1.946014436052124,300.0,0.5768201351165771,0.07014232873916626,0,0.0,0.3892028872104249,5,0,off,0,0,0.0,0.0,0.0,0.29398551527436934,1.2764924420444292,0.560287388877943,0.38770162908989,-0.5724525392345069,0.0,0.3892028872104249,0.3892028872104249
hrl,multi,0,weighted_cka,0,1769,1.943321764539455,300.0,0.576638400554657,0.0699758306145668,0,0.0,0.3886643529078911,5,0,off,0,0,0.0,0.0,0.0,0.34398532471267385,1.2887924744375048,0.5082980926556045,0.3406965710455842,-0.5384506983119118,0.0,0.3886643529078911,0.3886643529078911
hrl,multi,0,weighted_cka,0,1770,2.951674449933895,263.0,0.7045522928237915,0.702663004398346,1,0.0,0.5903348899867791,5,0,off,0,0,0.0,0.0,0.0,0.268438080536056,1.2765112561574203,0.567135369542986,0.3896620896230451,0.44992765407438834,0.0,0.5903348899867791,0.5903348899867791
hrl,multi,0,weighted_cka,0,1771,1.9349195408120963,300.0,0.5774790048599243,0.07128550112247467,0,0.0,0.38698390816241934,5,0,off,0,0,0.0,0.0,0.0,0.2833678495170606,1.2808796904375774,0.5602721269456669,0.38751188564859324,-0.5771120117368013,0.0,0.38698390816241934,0.38698390816241934
hrl,multi,0,weighted_cka,0,1772,1.9410812292828785,300.0,0.5766947865486145,0.07015606015920639,0,0.0,0.38821624585657577,5,0,off,0,0,0.0,0.0,0.0,0.2978431850150518,1.286333437087014,0.5603838032907805,0.3876463813176378,-0.5911255774276051,0.0,0.38821624585657577,0.38821624585657577
hrl,multi,0,weighted_cka,0,1773,1.93267120320313,300.0,0.5773869752883911,0.07156725227832794,0,0.0,0.3865342406406261,5,0,off,0,0,0.0,0.0,0.0,0.31798709536704695,1.2829000992169601,0.5572453172276727,0.3460967857500072,-0.5715580943585564,0.0,0.3865342406406261,0.3865342406406261
hrl,multi,0,weighted_cka,0,1774,1.9337926207221772,300.0,0.5769167542457581,0.0710904449224472,0,0.0,0.3867585241444355,5,0,off,0,0,0.0,0.0,0.0,0.3190828204627614,1.2907168325129894,0.5616461542882024,0.34245577841287006,-0.5801089649546455,0.0,0.3867585241444355,0.3867585241444355
hrl,multi,0,weighted_cka,0,1775,1.9726006796362512,300.0,0.5795513391494751,0.08123694360256195,0,0.0,0.3945201359272503,5,0,off,0,0,0.0,0.0,0.0,0.2776084877676912,1.2809171174978835,0.5602085706992074,0.38669864018168293,-0.5328321365102132,0.0,0.3945201359272503,0.3945201359272503
hrl,multi,0,weighted_cka,0,1776,2.007085410287253,300.0,0.5825382471084595,0.09995321184396744,0,0.0,0.4014170820574507,5,0,off,0,0,0.0,0.0,0.0,0.28699980349291576,1.2782541209692133,0.55641804047022,0.38879523226572194,-0.5033817869108174,0.0,0.4014170820574507,0.4014170820574507
hrl,multi,0,weighted_cka,0,1777,3.0432852790475304,240.0,0.7027208209037781,0.7007917761802673,1,0.0,0.6086570558095061,5,0,off,0,0,0.0,0.0,0.0,0.2769545897390653,1.2836958567006511,0.5607932716007343,0.3720153386963065,0.5498262223107738,0.0,0.6086570558095061,0.6086570558095061
hrl,multi,0,weighted_cka,0,1778,1.9404720909184547,300.0,0.5764595866203308,0.0709606260061264,0,0.0,0.38809441818369106,5,0,off,0,0,0.0,0.0,0.0,0.2873160136946098,1.28053509212099,0.5604528472390956,0.37571906283730633,-0.5635509249735463,0.0,0.38809441818369106,0.38809441818369106
hrl,multi,0,weighted_cka,0,1779,1.93546171789189,300.0,0.5766482353210449,0.07100877165794373,0,0.0,0.3870923435783781,5,0,off,0,0,0.0,0.0,0.0,0.31006101589981694,1.2806623634044079,0.5611441795113495,0.36930436082996304,-0.5857102017536467,0.0,0.3870923435783781,0.3870923435783781
hrl,multi,0,weighted_cka,0,1780,1.9400763818132347,300.0,0.576865017414093,0.07064295560121536,0,0.0,0.38801527636264704,5,0,off,0,0,0.0,0.0,0.0,0.34961318105878303,1.2806475003110243,0.5610739509789272,0.3390939372962129,-0.5903521878317121,0.0,0.38801527636264704,0.38801527636264704
hrl,multi,0,weighted_cka,0,1781,1.9453310699699031,300.0,0.5772864818572998,0.07175377756357193,0,0.0,0.3890662139939807,5,0,off,0,0,0.0,0.0,0.0,0.3324532329794019,1.2807065864419562,0.5602087785171551,0.3403903889211796,-0.5684279168897891,0.0,0.3890662139939807,0.3890662139939807
hrl,multi,0,weighted_cka,0,1782,1.957825774576314,300.0,0.5766819715499878,0.07009731978178024,0,0.0,0.3915651549152629,5,0,off,0,0,0.0,0.0,0.0,0.3447984728479059,1.2925236561661584,0.5600802848562597,0.33834405369819426,-0.5779206929922037,0.0,0.3915651549152629,0.3915651549152629
hrl,multi,0,weighted_cka,0,1783,2.9953164218230945,251.0,0.7050079107284546,0.7035471796989441,1,0.0,0.599063284364619,5,0,off,0,0,0.0,0.0,0.0,0.29327172052369854,1.2781676726117728,0.5599539710888638,0.38754631777922616,0.47637673981953393,0.0,0.599063284364619,0.599063284364619
hrl,multi,0,weighted_cka,0,1784,1.9438311077597277,300.0,0.5768888592720032,0.07015299052000046,0,0.0,0.3887662215519456,5,0,off,0,0,0.0,0.0,0.0,0.2927535450197756,1.2807986056525258,0.5605807550814933,0.35305255846472566,-0.543354356458792,0.0,0.3887662215519456,0.3887662215519456
hrl,multi,0,weighted_cka,0,1785,1.9508025884314222,300.0,0.5782464742660522,0.07165694236755371,0,0.0,0.3901605176862845,5,0,off,0,0,0.0,0.0,0.0,0.3499510527441816,1.2753507683183996,0.5571409727777353,0.34005385296407614,-0.5716940583729698,0.0,0.3901605176862845,0.3901605176862845
hrl,multi,0,weighted_cka,0,1786,1.961760864260576,300.0,0.5770420432090759,0.07052738219499588,0,0.0,0.39235217285211527,5,0,off,0,0,0.0,0.0,0.0,0.28503971999668276,1.2790746999336404,0.5650992029327898,0.3710612127175554,-0.5385139713200918,0.0,0.39235217285211527,0.39235217285211527
hrl,multi,0,weighted_cka,0,1787,1.9676388014217068,300.0,0.5778638124465942,0.07523404806852341,0,0.0,0.39352776028434144,5,0,off,0,0,0.0,0.0,0.0,0.2800685618600982,1.2806200066208837,0.5603544907276518,0.3628424395392648,-0.5162466973261911,0.0,0.39352776028434144,0.39352776028434144
hrl,multi,0,weighted_cka,0,1788,1.943102085864119,300.0,0.5769228935241699,0.07093136012554169,0,0.0,0.3886204171728238,5,0,off,0,0,0.0,0.0,0.0,0.4148348256176103,1.280126512874849,0.48754435942787666,0.3454611411544028,-0.5848647532106191,0.0,0.3886204171728238,0.3886204171728238
hrl,multi,0,weighted_cka,0,1789,1.9389251493285888,300.0,0.5770856142044067,0.07116369158029556,0,0.0,0.38778502986571783,5,0,off,0,0,0.0,0.0,0.0,0.32668185441242525,1.2896507707284761,0.44975255321292196,0.4559124317457025,-0.5830724607709364,0.0,0.38778502986571783,0.38778502986571783
hrl,multi,0,weighted_cka,0,1790,1.959142428585345,300.0,0.5773236751556396,0.0716543197631836,0,0.0,0.3918284857170691,5,0,off,0,0,0.0,0.0,0.0,0.3447907729317048,1.2808562396187333,0.5602160570775158,0.3414581622510304,-0.5681788032936387,0.0,0.3918284857170691,0.3918284857170691
hrl,multi,0,weighted_cka,0,1791,1.9546894896713596,300.0,0.5786522626876831,0.07175946980714798,0,0.0,0.390937897934272,5,0,off,0,0,0.0,0.0,0.0,0.34406315708282625,1.2825456992695106,0.5264673411580733,0.3508769945292733,-0.5492637023683232,0.0,0.390937897934272,0.390937897934272
hrl,multi,0,weighted_cka,0,1792,1.9536675869916493,300.0,0.5768827795982361,0.0715365931391716,0,0.0,0.39073351739832995,5,0,off,0,0,0.0,0.0,0.0,0.28928460586201976,1.2847531370446084,0.5603719314308836,0.3876767228175885,-0.5684188101634503,0.0,0.39073351739832995,0.39073351739832995
hrl,multi,0,weighted_cka,0,1793,1.9600070210766702,300.0,0.5764036178588867,0.06875760108232498,0,0.0,0.39200140421533414,5,0,off,0,0,0.0,0.0,0.0,0.29475759360574005,1.292347452030517,0.5590464859483762,0.38859279847750433,-0.5747373089854667,0.0,0.39200140421533414,0.39200140421533414
hrl,multi,0,weighted_cka,0,1794,3.0476650056697823,241.0,0.7039694786071777,0.7018687725067139,1,0.0,0.6095330011339566,5,0,off,0,0,0.0,0.0,0.0,0.33504348065669176,1.2849231284437699,0.5530976420789956,0.3398287212403665,0.5347720332499591,0.0,0.6095330011339566,0.6095330011339566
hrl,multi,0,weighted_cka,0,1795,1.9521209498071457,300.0,0.5766786336898804,0.07150792330503464,0,0.0,0.39042418996142925,5,0,off,0,0,0.0,0.0,0.0,0.3941110405719736,1.2912617937484754,0.4875936992098576,0.3402724153578746,-0.561117999081035,0.0,0.39042418996142925,0.39042418996142925
hrl,multi,0,weighted_cka,0,1796,1.9417261977989924,300.0,0.5770488977432251,0.07132190465927124,0,0.0,0.38834523955979855,5,0,off,0,0,0.0,0.0,0.0,0.2722479919959946,1.2788468029284847,0.5598200733871198,0.3876811716000083,-0.5568698421126145,0.0,0.38834523955979855,0.38834523955979855
hrl,multi,0,weighted_cka,0,1797,1.9603629054348843,300.0,0.5770847201347351,0.07171634584665298,0,0.0,0.39207258108697696,5,0,off,0,0,0.0,0.0,0.0,0.278937590030895,1.2852291398542,0.5603452345454133,0.36154573117976535,-0.5256947901753887,0.0,0.39207258108697696,0.39207258108697696
hrl,multi,0,weighted_cka,0,1798,1.9637879651758325,300.0,0.5778002738952637,0.07169264554977417,0,0.0,0.3927575930351666,5,0,off,0,0,0.0,0.0,0.0,0.3050561576036561,1.2729022390376774,0.5646487093977629,0.37885843225187993,-0.5576775731151432,0.0,0.3927575930351666,0.3927575930351666
hrl,multi,0,weighted_cka,0,1799,1.947241892460987,300.0,0.5775638222694397,0.07010382413864136,0,0.0,0.3894483784921975,5,0,off,0,0,0.0,0.0,0.0,0.27642274764356256,1.2770114189879966,0.4889044239167123,0.360059345355723,-0.455156043443007,0.0,0.3894483784921975,0.3894483784921975
hrl,multi,0,weighted_cka,0,1800,2.0476589331177806,300.0,0.5812827944755554,0.0955071970820427,0,0.0,0.4095317866235562,5,0,off,0,0,0.0,0.0,0.0,0.32116944356847665,1.280859069675207,0.5606232349742203,0.35160334125859655,-0.4665961563587192,0.0,0.4095317866235562,0.4095317866235562
hrl,multi,0,weighted_cka,0,1801,1.9628599392894088,300.0,0.5767533183097839,0.07197863608598709,0,0.0,0.39257198785788183,5,0,off,0,0,0.0,0.0,0.0,0.26079042598791413,1.2958448545634744,0.5601961922580375,0.38372126133520207,-0.5376927948552187,0.0,0.39257198785788183,0.39257198785788183
hrl,multi,0,weighted_cka,0,1802,2.010700623285082,300.0,0.5819504857063293,0.0959114208817482,0,0.0,0.40214012465701654,5,0,off,0,0,0.0,0.0,0.0,0.3060321167557849,1.2806975073274223,0.5276323373825288,0.37525128117343404,-0.47891261935408724,0.0,0.40214012465701654,0.40214012465701654
hrl,multi,0,weighted_cka,0,1803,1.9578981349094633,300.0,0.5764784812927246,0.07022478431463242,0,0.0,0.39157962698189275,5,0,off,0,0,0.0,0.0,0.0,0.35212625281373033,1.2808072352875022,0.5523720190334133,0.3388663382829981,-0.56627371050818,0.0,0.39157962698189275,0.39157962698189275
hrl,multi,0,weighted_cka,0,1804,1.9497463460204685,300.0,0.5775465965270996,0.07163245230913162,0,0.0,0.3899492692040938,5,0,off,0,0,0.0,0.0,0.0,0.2828390018919744,1.2836176221119238,0.5608448434136807,0.3877270646444521,-0.5652821860415619,0.0,0.3899492692040938,0.3899492692040938
hrl,multi,0,weighted_cka,0,1805,1.9468503889161397,300.0,0.5774945020675659,0.07090232521295547,0,0.0,0.389370077783228,5,0,off,0,0,0.0,0.0,0.0,0.28379427615244635,1.2782984641473738,0.5638244445067829,0.38512062333477654,-0.5641874192252393,0.0,0.389370077783228,0.389370077783228
hrl,multi,0,weighted_cka,0,1806,1.9538803237767048,300.0,0.5770038366317749,0.07084650546312332,0,0.0,0.39077606475534105,5,0,off,0,0,0.0,0.0,0.0,0.3267977561907027,1.3084753124797714,0.5601026876461691,0.34264145403442664,-0.5841368865743645,0.0,0.39077606475534105,0.39077606475534105
hrl,multi,0,weighted_cka,0,1807,1.9619747059231472,300.0,0.5752529501914978,0.07058744132518768,0,0.0,0.39239494118462953,5,0,off,0,0,0.0,0.0,0.0,0.3455856558047234,1.2805653454363344,0.5601636187271214,0.34444658456926475,-0.5687864986142962,0.0,0.39239494118462953,0.39239494118462953
hrl,multi,0,weighted_cka,0,1808,2.0361056434107,300.0,0.5839151740074158,0.10760866850614548,0,0.0,0.40722112868214005,5,0,off,0,0,0.0,0.0,0.0,0.3485883107404224,1.2751801512604577,0.5608570318068377,0.33540117268869646,-0.4839210230857137,0.0,0.40722112868214005,0.40722112868214005
hrl,multi,0,weighted_cka,0,1809,1.9664735453919988,300.0,0.577200710773468,0.07450626790523529,0,0.0,0.39329470907839986,5,0,off,0,0,0.0,0.0,0.0,0.3118668755104299,1.2806975073274223,0.5528394344724364,0.36651438152031907,-0.5454446534386083,0.0,0.39329470907839986,0.39329470907839986
hrl,multi,0,weighted_cka,0,1810,1.9663758291921098,300.0,0.5764960646629333,0.07057323306798935,0,0.0,0.39327516583842204,5,0,off,0,0,0.0,0.0,0.0,0.30753570420155296,1.27651919242274,0.5603456733729689,0.3742766761525999,-0.5523014169577513,0.0,0.39327516583842204,0.39327516583842204
hrl,multi,0,weighted_cka,0,1811,2.045180594641714,300.0,0.5850046873092651,0.1124986931681633,0,0.0,0.40903611892834285,5,0,off,0,0,0.0,0.0,0.0,0.3275419098706915,1.280695097763091,0.5601062482087872,0.35098306192597367,-0.474145723126829,0.0,0.40903611892834285,0.40903611892834285
hrl,multi,0,weighted_cka,0,1812,1.9780373570778451,300.0,0.5778146386146545,0.07757119834423065,0,0.0,0.3956074714155691,5,0,off,0,0,0.0,0.0,0.0,0.2973433677059656,1.2808796904375774,0.5598682344057596,0.3835824971874244,-0.5436364326588813,0.0,0.3956074714155691,0.3956074714155691
hrl,multi,0,weighted_cka,0,1813,1.9674302670668098,300.0,0.5761955380439758,0.07061232626438141,0,0.0,0.39348605341336207,5,0,off,0,0,0.0,0.0,0.0,0.3888106844021239,1.2793507283879442,0.48774242513859634,0.34975227425340555,-0.5382258451152596,0.0,0.39348605341336207,0.39348605341336207
hrl,multi,0,weighted_cka,0,1814,1.9753652483405162,300.0,0.5790772438049316,0.08160166442394257,0,0.0,0.3950730496681033,5,0,off,0,0,0.0,0.0,0.0,0.33725047870656266,1.2806216563424093,0.5603371575339696,0.34237125780023864,-0.5452153020426634,0.0,0.3950730496681033,0.3950730496681033
hrl,multi,0,weighted_cka,0,1815,2.9784459450553973,253.0,0.7028747797012329,0.7001069784164429,1,0.0,0.5956891890110796,5,0,off,0,0,0.0,0.0,0.0,0.27618477276508924,1.2805377853894604,0.5608561493641463,0.3876613008142448,0.4732059367224572,0.0,0.5956891890110796,0.5956891890110796
hrl,multi,0,weighted_cka,0,1816,3.02164093290139,250.0,0.7043163180351257,0.7023488879203796,1,0.0,0.6043281865802781,5,0,off,0,0,0.0,0.0,0.0,0.36088504276075395,1.2972318505728615,0.5295097368432106,0.32343292319640743,0.5105813795281573,0.0,0.6043281865802781,0.6043281865802781
hrl,multi,0,weighted_cka,0,1817,1.9699817968707052,300.0,0.5784633159637451,0.07400591671466827,0,0.0,0.3939963593741411,5,0,off,0,0,0.0,0.0,0.0,0.3463996849803952,1.2758077716818077,0.5616261252067051,0.340063992098323,-0.5539157770965252,0.0,0.3939963593741411,0.3939963593741411
hrl,multi,0,weighted_cka,0,1818,1.9427768441539897,300.0,0.5769574642181396,0.07056338340044022,0,0.0,0.388555368830798,5,0,off,0,0,0.0,0.0,0.0,0.2736316549907205,1.2820514493016524,0.5615585960545576,0.38810783960437395,-0.5625726957973142,0.0,0.388555368830798,0.388555368830798
hrl,multi,0,weighted_cka,0,1819,2.052916576990718,300.0,0.5870901346206665,0.115471251308918,0,0.0,0.41058331539814363,5,0,off,0,0,0.0,0.0,0.0,0.41764648944698257,1.2780130105186251,0.432401383881457,0.3445047617688323,-0.41964906862517853,0.0,0.41058331539814363,0.41058331539814363
hrl,multi,0,weighted_cka,0,1820,2.0288775395496472,300.0,0.5851500034332275,0.1143391951918602,0,0.0,0.40577550790992956,5,0,off,0,0,0.0,0.0,0.0,0.33394566293817474,1.280721659781411,0.5599564227373338,0.3433970625719957,-0.4891432684792675,0.0,0.40577550790992956,0.40577550790992956
hrl,multi,0,weighted_cka,0,1821,1.961482677061575,300.0,0.5766904950141907,0.07113662362098694,0,0.0,0.3922965354123151,5,0,off,0,0,0.0,0.0,0.0,0.3470701883542351,1.2723192953979594,0.560155130886007,0.33981110518655616,-0.5578730427631821,0.0,0.3922965354123151,0.3922965354123151
hrl,multi,0,weighted_cka,0,1822,2.0295183641577736,300.0,0.5822782516479492,0.1001320630311966,0,0.0,0.4059036728315548,5,0,off,0,0,0.0,0.0,0.0,0.3408205782233271,1.2825932032093403,0.5610590668143703,0.3342084786634804,-0.48916296275274396,0.0,0.4059036728315548,0.4059036728315548
hrl,multi,0,weighted_cka,0,1823,2.9495733186276616,260.0,0.7027927041053772,0.7011139988899231,1,0.0,0.5899146637255324,5,0,off,0,0,0.0,0.0,0.0,0.29677018698374735,1.2726992313219232,0.5599751493642106,0.36088783046626477,0.4592409204915164,0.0,0.5899146637255324,0.5899146637255324
hrl,multi,0,weighted_cka,0,1824,2.035879404837395,300.0,0.5841920971870422,0.10526812076568604,0,0.0,0.40717588096747914,5,0,off,0,0,0.0,0.0,0.0,0.3027520243775943,1.2790778669388962,0.5602612457801587,0.38718982787034467,-0.4934015601295981,0.0,0.40717588096747914,0.40717588096747914
hrl,multi,0,weighted_cka,0,1825,1.945288832491677,300.0,0.577908992767334,0.07094425708055496,0,0.0,0.3890577664983355,5,0,off,0,0,0.0,0.0,0.0,0.333704134704545,1.2083484771750297,0.4727152220653369,0.35443426110944704,-0.4239132625626811,0.0,0.3890577664983355,0.3890577664983355
hrl,multi,0,weighted_cka,0,1826,1.952577654171499,300.0,0.5767945051193237,0.0714326873421669,0,0.0,0.3905155308342999,5,0,off,0,0,0.0,0.0,0.0,0.299100333451759,1.2774489963441154,0.5598425904386676,0.3913438165865372,-0.5751580826495796,0.0,0.3905155308342999,0.3905155308342999
hrl,multi,0,weighted_cka,0,1827,1.940769464281452,300.0,0.5782812833786011,0.0810897946357727,0,0.0,0.3881538928562905,5,0,off,0,0,0.0,0.0,0.0,-0.030236323841340118,1.2787262405129147,0.5603647693274542,0.3285486300885913,-0.19663385180616763,0.0,0.3881538928562905,0.3881538928562905
hrl,multi,0,weighted_cka,0,1828,1.9835117554815938,300.0,0.5782912969589233,0.07928454875946045,0,0.0,0.39670235109631885,5,0,off,0,0,0.0,0.0,0.0,0.327000870157266,1.2790038151526821,0.5601932767527177,0.3421377774644642,-0.5248239840455357,0.0,0.39670235109631885,0.39670235109631885
hrl,multi,0,weighted_cka,0,1829,2.038080819342575,300.0,0.5822768211364746,0.09854694455862045,0,0.0,0.40761616386851507,5,0,off,0,0,0.0,0.0,0.0,0.30719144441344537,1.2806176537508143,0.5602661243970505,0.3873066278283949,-0.4973010310471294,0.0,0.40761616386851507,0.40761616386851507
hrl,multi,0,weighted_cka,0,1830,1.936505448426793,300.0,0.5767619609832764,0.07023504376411438,0,0.0,0.3873010896853587,5,0,off,0,0,0.0,0.0,0.0,0.2902572484870738,1.2799996605701742,0.5608052338571287,0.364110891630873,-0.5586675861184561,0.0,0.3873010896853587,0.3873010896853587
hrl,multi,0,weighted_cka,0,1831,2.071355043763468,300.0,0.5875166654586792,0.1251405030488968,0,0.0,0.4142710087526937,5,0,off,0,0,0.0,0.0,0.0,0.29482299246400356,1.25632021824643,0.5748737454046494,0.34759638913930385,-0.4022583014909182,0.0,0.4142710087526937,0.4142710087526937
hrl,multi,0,weighted_cka,0,1832,1.9849920269538401,300.0,0.5788114666938782,0.08010569214820862,0,0.0,0.39699840539076814,5,0,off,0,0,0.0,0.0,0.0,0.3022090943612856,1.2808232120098544,0.5600948714050463,0.387695453955559,-0.5458306047779046,0.0,0.39699840539076814,0.39699840539076814
hrl,multi,0,weighted_cka,0,1833,1.9491461726898578,300.0,0.5768038034439087,0.07107974588871002,0,0.0,0.38982923453797164,5,0,off,0,0,0.0,0.0,0.0,0.30171624972616695,1.2806701286556197,0.5603549023140221,0.37533817574032574,-0.568933283746276,0.0,0.38982923453797164,0.38982923453797164
hrl,multi,0,weighted_cka,0,1834,1.9588715670119186,300.0,0.5767651200294495,0.07003537565469742,0,0.0,0.3917743134023838,5,0,off,0,0,0.0,0.0,0.0,0.34109402372804465,1.2806895357882602,0.5606226744344457,0.32911165100088685,-0.5526463179397182,0.0,0.3917743134023838,0.3917743134023838
hrl,multi,0,weighted_cka,0,1835,2.042242949455975,300.0,0.5855177640914917,0.11356966197490692,0,0.0,0.4084485898911951,5,0,off,0,0,0.0,0.0,0.0,0.27225810160976827,1.2805728319892657,0.5603751453668809,0.3876830054614692,-0.4586461349714085,0.0,0.4084485898911951,0.4084485898911951
hrl,multi,0,weighted_cka,0,1836,1.9407632924166407,300.0,0.5768283605575562,0.07117787003517151,0,0.0,0.38815265848332825,5,0,off,0,0,0.0,0.0,0.0,0.19368444641109067,1.2760189535422248,0.4734319093036464,0.35824147563474246,-0.3606134924750632,0.0,0.38815265848332825,0.38815265848332825
hrl,multi,0,weighted_cka,0,1837,2.9383368203880513,269.0,0.703415036201477,0.7022991180419922,1,0.0,0.5876673640776103,5,0,off,0,0,0.0,0.0,0.0,0.29318948533253564,1.280859069675207,0.5607681018514558,0.3876979590386617,0.41582220449019197,0.0,0.5876673640776103,0.5876673640776103
hrl,multi,0,weighted_cka,0,1838,3.0404350828460434,247.0,0.7032806277275085,0.7007765769958496,1,0.0,0.6080870165692087,5,0,off,0,0,0.0,0.0,0.0,0.30200733045856754,1.2728491602865977,0.5601736738677136,0.3912581091236788,0.5141468091094864,0.0,0.6080870165692087,0.6080870165692087
hrl,multi,0,weighted_cka,0,1839,1.9544742887927882,300.0,0.5779282450675964,0.07000019401311874,0,0.0,0.3908948577585577,5,0,off,0,0,0.0,0.0,0.0,0.2747816508095419,1.2755604505902154,0.5521812474993056,0.3798153374353423,-0.5278643975416165,0.0,0.3908948577585577,0.3908948577585577
hrl,multi,0,weighted_cka,0,1840,1.9391177664105257,300.0,0.5769070386886597,0.07140284031629562,0,0.0,0.3878235532821052,5,0,off,0,0,0.0,0.0,0.0,0.279356862675544,1.2806459829537196,0.5602988481619394,0.38763905512681224,-0.568822982507489,0.0,0.3878235532821052,0.3878235532821052
hrl,multi,0,weighted_cka,0,1841,2.0073055280667162,300.0,0.5817041993141174,0.09560857713222504,0,0.0,0.40146110561334336,5,0,off,0,0,0.0,0.0,0.0,0.2896628407178359,1.2850728338910264,0.5602177962060085,0.3879138687734957,-0.5155618115216497,0.0,0.40146110561334336,0.40146110561334336
hrl,multi,0,weighted_cka,0,1842,1.9725156098706051,300.0,0.5793436169624329,0.08472113311290741,0,0.0,0.39450312197412113,5,0,off,0,0,0.0,0.0,0.0,0.2841823878678842,1.2790346759231759,0.5623332386235705,0.36698467310192057,-0.5200193656459454,0.0,0.39450312197412113,0.39450312197412113
hrl,multi,0,weighted_cka,0,1843,1.9925160035112626,300.0,0.5799866914749146,0.08591163158416748,0,0.0,0.3985032007022526,5,0,off,0,0,0.0,0.0,0.0,0.3272456080527044,1.2808749383641405,0.5602273844629525,0.3356721802520332,-0.5115041076205674,0.0,0.3985032007022526,0.3985032007022526
hrl,multi,0,weighted_cka,0,1844,1.9255381962451779,300.0,0.5782753229141235,0.07148239761590958,0,0.0,0.3851076392490357,5,0,off,0,0,0.0,0.0,0.0,0.29010460012240213,1.277497520593926,0.5600816494184545,0.38753937244112596,-0.5896849463307302,0.0,0.3851076392490357,0.3851076392490357
hrl,multi,0,weighted_cka,0,1845,1.9351966765445,300.0,0.5781084299087524,0.07173468172550201,0,0.0,0.38703933530890006,5,0,off,0,0,0.0,0.0,0.0,0.3131605907455086,1.2727693237494675,0.42227507238858364,0.34754444052785577,-0.42055275086691507,0.0,0.38703933530890006,0.38703933530890006
hrl,multi,0,weighted_cka,0,1846,2.977345120306533,258.0,0.7039530277252197,0.7019212245941162,1,0.0,0.5954690240613066,5,0,off,0,0,0.0,0.0,0.0,0.27982574987871334,1.2853010734636334,0.5601908618332817,0.37581292676506556,0.4762145083658395,0.0,0.5954690240613066,0.5954690240613066
hrl,multi,0,weighted_cka,0,1847,2.0483962907896043,300.0,0.5890560746192932,0.12686499953269958,0,0.0,0.40967925815792094,5,0,off,0,0,0.0,0.0,0.0,0.29374462910417054,1.277472242446616,0.5597862100326455,0.3870211318826768,-0.469627922676504,0.0,0.40967925815792094,0.40967925815792094
hrl,multi,0,weighted_cka,0,1848,1.7796046863135402,300.0,0.5637449026107788,0.0014991697389632463,0,0.0,0.3559209372627081,5,0,off,0,0,0.0,0.0,0.0,0.3549358570070471,1.2924494949495418,0.5375679405960253,0.33822230070293874,-0.7435709069420121,0.0,0.3559209372627081,0.3559209372627081
hrl,multi,0,weighted_cka,0,1849,1.7751352342223967,300.0,0.5645083785057068,0.005397979635745287,0,0.0,0.35502704684447944,5,0,off,0,0,0.0,0.0,0.0,0.3385572941411519,1.2809171174978835,0.5600011433339677,0.3350767467026598,-0.7394170674532655,0.0,0.35502704684447944,0.35502704684447944
hrl,multi,0,weighted_cka,0,1850,1.9741222877550157,300.0,0.5781098008155823,0.07510345429182053,0,0.0,0.39482445755100326,5,0,off,0,0,0.0,0.0,0.0,0.3128522087706951,1.2488102421723304,0.4740870468299835,0.3586637650842312,-0.4202909751022238,0.0,0.39482445755100326,0.39482445755100326
hrl,multi,0,weighted_cka,0,1851,1.74787496577337,300.0,0.5635167360305786,0.0015240628272294998,0,0.0,0.3495749931546741,5,0,off,0,0,0.0,0.0,0.0,0.2712541978088556,1.2790198203967882,0.5603056163450236,0.38713754455605515,-0.7498422133333519,0.0,0.3495749931546741,0.3495749931546741
hrl,multi,0,weighted_cka,0,1852,0.9102404375514981,300.0,0.42285671830177307,0.005928709637373686,0,0.0,0.18204808751029966,5,0,off,0,0,0.0,0.0,0.0,-0.9422974923149642,1.2773394046481696,0.5599894045367836,0.015209120681509296,0.0,0.0,0.18204808751029966,0.18204808751029966
hrl,multi,0,weighted_cka,0,1853,1.9835469939920571,300.0,0.5850845575332642,0.10797557979822159,0,0.0,0.3967093987984115,5,0,off,0,0,0.0,0.0,0.0,0.29082817107508885,1.2714444350386036,0.5599099236056208,0.3718053795443847,-0.5104409152716401,0.0,0.3967093987984115,0.3967093987984115
hrl,multi,0,weighted_cka,0,1854,2.988674816655285,252.0,0.702940821647644,0.7001070380210876,1,0.0,0.597734963331057,5,0,off,0,0,0.0,0.0,0.0,0.32783932123664994,1.2787516098562626,0.4495121993164065,0.46012152258120464,0.4724501636647617,0.0,0.597734963331057,0.597734963331057
hrl,multi,0,weighted_cka,0,1855,2.239583205618054,300.0,0.61652010679245,0.2756088972091675,0,0.0,0.44791664112361085,5,0,off,0,0,0.0,0.0,0.0,0.35587000218755555,1.2670744725009424,0.5621782219600863,0.31042631952077854,-0.2559658105513084,0.0,0.44791664112361085,0.44791664112361085
hrl,multi,0,weighted_cka,0,1856,2.0433954196181716,300.0,0.5822240114212036,0.10244858264923096,0,0.0,0.4086790839236344,5,0,off,0,0,0.0,0.0,0.0,0.36194706138293253,1.2837801218358798,0.5534061140129342,0.32591846875223557,-0.4816563463658098,0.0,0.4086790839236344,0.4086790839236344
hrl,multi,0,weighted_cka,0,1857,3.040008425411294,243.0,0.7028595209121704,0.7012239694595337,1,0.0,0.6080016850822589,5,0,off,0,0,0.0,0.0,0.0,0.29661573989222956,1.2808430629177017,0.5601035054055973,0.387566680652555,0.5148794365432112,0.0,0.6080016850822589,0.6080016850822589
hrl,multi,0,weighted_cka,0,1858,3.0327841896044543,247.0,0.7016662359237671,0.7001927495002747,1,0.0,0.606556837920891,5,0,off,0,0,0.0,0.0,0.0,0.2881408683676272,1.2851768699567763,0.5282043484319,0.39164787006587715,0.5396142327822743,0.0,0.606556837920891,0.606556837920891
hrl,multi,0,weighted_cka,0,1859,2.1248773839237387,300.0,0.6012779474258423,0.18864060938358307,0,0.0,0.42497547678474784,5,0,off,0,0,0.0,0.0,0.0,0.2886788817782653,1.2849516369570044,0.5602151813432573,0.38745436120009974,-0.39642267735488745,0.0,0.42497547678474784,0.42497547678474784
hrl,multi,0,weighted_cka,0,1860,2.0098643118248205,300.0,0.5842171907424927,0.10407564789056778,0,0.0,0.4019728623649642,5,0,off,0,0,0.0,0.0,0.0,0.15550960619541704,1.2852291275141758,0.48885813398333255,0.3508221045304089,-0.2705546603985133,0.0,0.4019728623649642,0.4019728623649642
hrl,multi,0,weighted_cka,0,1861,2.9961193217807436,257.0,0.7035924196243286,0.7011991143226624,1,0.0,0.5992238643561488,5,0,off,0,0,0.0,0.0,0.0,0.35672306855581687,1.2876618900429455,0.48860737177124236,0.3638590451264753,0.49926794628426413,0.0,0.5992238643561488,0.5992238643561488
hrl,multi,0,weighted_cka,0,1862,1.9929843610520024,300.0,0.5781657695770264,0.08066554367542267,0,0.0,0.3985968722104006,5,0,off,0,0,0.0,0.0,0.0,0.29812726857188676,1.2863518522446973,0.5600173163325525,0.38402571449562667,-0.5355377905927602,0.0,0.3985968722104006,0.3985968722104006
hrl,multi,0,weighted_cka,0,1863,2.005277452656081,300.0,0.5809146165847778,0.09513307362794876,0,0.0,0.4010554905312163,5,0,off,0,0,0.0,0.0,0.0,0.3109349087898299,1.265654181372374,0.5776025000009685,0.3677615053558256,-0.5166756428629163,0.0,0.4010554905312163,0.4010554905312163
hrl,multi,0,weighted_cka,0,1864,2.992387038520765,257.0,0.7032268643379211,0.7005587816238403,1,0.0,0.5984774077041533,5,0,off,0,0,0.0,0.0,0.0,0.300125705985818,1.2754884254047645,0.47424498353898514,0.35958399440417627,0.582943929187022,0.0,0.5984774077041533,0.5984774077041533
hrl,multi,0,weighted_cka,0,1865,3.0242762097851505,249.0,0.7041946053504944,0.7023488879203796,1,0.0,0.6048552419570302,5,0,off,0,0,0.0,0.0,0.0,0.33151003216224484,1.2654195004543287,0.47280112867843116,0.3369848167848685,0.6175607317052779,0.0,0.6048552419570302,0.6048552419570302
hrl,multi,0,weighted_cka,0,1866,3.0667100639547558,241.0,0.7037739157676697,0.7023488879203796,1,0.0,0.6133420127909512,5,0,off,0,0,0.0,0.0,0.0,0.33210212915390724,1.2961255033826453,0.5520278077670372,0.331516618071997,0.5549380055791696,0.0,0.6133420127909512,0.6133420127909512
hrl,multi,0,weighted_cka,0,1867,2.304380845237027,300.0,0.6290307641029358,0.32881003618240356,0,0.0,0.4608761690474055,5,0,off,0,0,0.0,0.0,0.0,0.28523212020861677,1.284101879931986,0.560038541163114,0.3733451948934234,-0.19833689096011253,0.0,0.4608761690474055,0.4608761690474055
hrl,multi,0,weighted_cka,0,1868,3.03651559649781,245.0,0.7042496800422668,0.701991081237793,1,0.0,0.6073031192995622,5,0,off,0,0,0.0,0.0,0.0,0.271434005814146,1.2807594983698798,0.5603134396292734,0.387628972366685,0.5363796803178265,0.0,0.6073031192995622,0.6073031192995622
hrl,multi,0,weighted_cka,0,1869,3.102640561405219,226.0,0.7032319903373718,0.700977087020874,1,0.0,0.6205281122810439,5,0,off,0,0,0.0,0.0,0.0,0.29309406095824664,1.2768438256280494,0.5601749829289037,0.38760644963989027,0.5849212422501294,0.0,0.6205281122810439,0.6205281122810439
hrl,multi,0,weighted_cka,0,1870,1.9315548872111172,300.0,0.5769195556640625,0.0704694539308548,0,0.0,0.38631097744222354,5,0,off,0,0,0.0,0.0,0.0,0.2784858572612283,1.280695097763091,0.5603226261078379,0.38766610443056554,-0.575614798351605,0.0,0.38631097744222354,0.38631097744222354
hrl,multi,0,weighted_cka,0,1871,2.9981425415980034,251.0,0.7039909362792969,0.7007843255996704,1,0.0,0.5996285083196008,5,0,off,0,0,0.0,0.0,0.0,0.3992537540750926,1.2752888461938126,0.48750733493175347,0.3629725567698478,0.4731200496274976,0.0,0.5996285083196008,0.5996285083196008
hrl,multi,0,weighted_cka,0,1872,2.375295145604831,300.0,0.6866259574890137,0.6224353313446045,0,0.0,0.47505902912096626,5,0,off,0,0,0.0,0.0,0.0,0.2837223753947764,1.2805586793785912,0.560046469988767,0.3877286381721496,-0.13676101732945276,0.0,0.47505902912096626,0.47505902912096626
hrl,multi,0,weighted_cka,0,1873,2.074265061954428,300.0,0.5895799994468689,0.1385469287633896,0,0.0,0.4148530123908857,5,0,off,0,0,0.0,0.0,0.0,0.29870313540303317,1.2807446457538751,0.56021272887988,0.39164137577894137,-0.4570368238613013,0.0,0.4148530123908857,0.4148530123908857
hrl,multi,0,weighted_cka,0,1874,2.0225706201366833,300.0,0.5831927061080933,0.10132190585136414,0,0.0,0.4045141240273368,5,0,off,0,0,0.0,0.0,0.0,0.31315178980620106,1.2806347698299212,0.5603858853206037,0.3831632039328105,-0.5147650287528526,0.0,0.4045141240273368,0.4045141240273368
hrl,multi,0,weighted_cka,0,1875,3.0332173599957155,247.0,0.7041970491409302,0.7014696002006531,1,0.0,0.6066434719991433,5,0,off,0,0,0.0,0.0,0.0,0.30002322398721293,1.2725778292333705,0.5542826501562957,0.38881449457770206,0.517519162041135,0.0,0.6066434719991433,0.6066434719991433
hrl,multi,0,weighted_cka,0,1876,3.0169424594098078,248.0,0.7046980261802673,0.7022432088851929,1,0.0,0.6033884918819616,5,0,off,0,0,0.0,0.0,0.0,0.2794222863500908,1.2804837299138305,0.47350188206433075,0.4792339726074132,0.5043005884741432,0.0,0.6033884918819616,0.6033884918819616
hrl,multi,0,weighted_cka,0,1877,2.193089548940769,300.0,0.601131796836853,0.1920979768037796,0,0.0,0.43861790978815385,5,0,off,0,0,0.0,0.0,0.0,0.2933282293004449,1.278241679430939,0.5629446633025071,0.38765960571984753,-0.32908462881296907,0.0,0.43861790978815385,0.43861790978815385
hrl,multi,0,weighted_cka,0,1878,2.8232485367272733,296.0,0.7044202089309692,0.7017924189567566,1,0.0,0.5646497073454547,5,0,off,0,0,0.0,0.0,0.0,0.3917007552717113,1.2774618228096513,0.48861889450158913,0.36315844494313926,0.30230861920118296,0.0,0.5646497073454547,0.5646497073454547
hrl,multi,0,weighted_cka,0,1879,2.9476349022209747,266.0,0.7038953304290771,0.7022154927253723,1,0.0,0.589526980444195,5,0,off,0,0,0.0,0.0,0.0,0.34641370248544257,1.2807882089493794,0.5602272607134654,0.3243152695638127,0.43589046050887537,0.0,0.589526980444195,0.589526980444195
hrl,multi,0,weighted_cka,0,1880,3.0678369715212126,229.0,0.7036390900611877,0.7023488879203796,1,0.0,0.6135673943042426,5,0,off,0,0,0.0,0.0,0.0,0.3297417834940315,1.2808796904375774,0.560066923636943,0.30095437418476645,0.5961941997678949,0.0,0.6135673943042426,0.6135673943042426
hrl,multi,0,weighted_cka,0,1881,3.119723204235749,223.0,0.7047603130340576,0.7023488879203796,1,0.0,0.6239446408471498,5,0,off,0,0,0.0,0.0,0.0,0.31379293547605625,1.2482394837825557,0.47355907994601865,0.4929254190138016,0.5912062860173172,0.0,0.6239446408471498,0.6239446408471498
hrl,multi,0,weighted_cka,0,1882,2.0730460005055633,300.0,0.5883020162582397,0.1260014921426773,0,0.0,0.41460920010111274,5,0,off,0,0,0.0,0.0,0.0,0.30591533912764857,1.2769495258508248,0.4737035046778618,0.4762305501026566,-0.45975291925342787,0.0,0.41460920010111274,0.41460920010111274
hrl,multi,0,weighted_cka,0,1883,3.042492366124991,239.0,0.7043436169624329,0.7021217942237854,1,0.0,0.6084984732249983,5,0,off,0,0,0.0,0.0,0.0,0.2797282928276108,1.259005380252376,0.5701248670443891,0.38981978785526,0.5438140381453557,0.0,0.6084984732249983,0.6084984732249983
hrl,multi,0,weighted_cka,0,1884,3.0831186367793695,223.0,0.7037652730941772,0.7014628648757935,1,0.0,0.616623727355874,5,0,off,0,0,0.0,0.0,0.0,0.2672101137776626,1.2775689477813428,0.5604340541972778,0.34759786642063406,0.630307654602453,0.0,0.616623727355874,0.616623727355874
hrl,multi,0,weighted_cka,0,1885,3.0701394082084286,226.0,0.7033604383468628,0.7007843255996704,1,0.0,0.6140278816416858,5,0,off,0,0,0.0,0.0,0.0,0.31583924461435514,1.2797121405694631,0.5565471626101061,0.3583540120562538,0.559686848358251,0.0,0.6140278816416858,0.6140278816416858
hrl,multi,0,weighted_cka,0,1886,1.9592428309955707,300.0,0.5813777446746826,0.09381658583879471,0,0.0,0.39184856619911423,5,0,off,0,0,0.0,0.0,0.0,0.2656321396751882,1.280719190612435,0.5604432293544522,0.3628230203285347,-0.5103747489750389,0.0,0.39184856619911423,0.39184856619911423
hrl,multi,0,weighted_cka,0,1887,3.0976832429602097,220.0,0.7037026286125183,0.7014598846435547,1,0.0,0.619536648592042,5,0,off,0,0,0.0,0.0,0.0,0.28315921791434806,1.2788552349759263,0.5603772135432808,0.38744244827469804,0.587849128251957,0.0,0.619536648592042,0.619536648592042
hrl,multi,0,weighted_cka,0,1888,3.100417322600259,220.0,0.7032210826873779,0.7003189921379089,1,0.0,0.6200834645200519,5,0,off,0,0,0.0,0.0,0.0,0.31467105734162026,1.285684512122534,0.5580591899557038,0.36182333160471164,0.5801792315756901,0.0,0.6200834645200519,0.6200834645200519
hrl,multi,0,weighted_cka,0,1889,3.0836088368319894,225.0,0.7033624649047852,0.7005028128623962,1,0.0,0.6167217673663979,5,0,off,0,0,0.0,0.0,0.0,0.2904633369816001,1.2806700945459304,0.5292158781946635,0.38761650719610036,0.5956430199136956,0.0,0.6167217673663979,0.6167217673663979
hrl,multi,0,weighted_cka,0,1890,3.1040969444918143,224.0,0.7056257128715515,0.7042020559310913,1,0.0,0.620819388898363,5,0,off,0,0,0.0,0.0,0.0,0.28683673372559126,1.1894342293934894,0.6490789061859249,0.38838455117004916,0.5903625240167601,0.0,0.620819388898363,0.620819388898363
hrl,multi,0,weighted_cka,0,1891,3.1166133401766407,221.0,0.7053773403167725,0.7023488879203796,1,0.0,0.6233226680353282,5,0,off,0,0,0.0,0.0,0.0,0.29869806560408313,1.2774586609695104,0.5562156140436417,0.38966853437526144,0.5945724651841445,0.0,0.6233226680353282,0.6233226680353282
hrl,multi,0,weighted_cka,0,1892,3.0511630204501112,240.0,0.7044228315353394,0.7016847729682922,1,0.0,0.6102326040900223,5,0,off,0,0,0.0,0.0,0.0,0.28926806266089256,1.28071954684332,0.5603435016451402,0.3837503119693137,0.5370815973314454,0.0,0.6102326040900223,0.6102326040900223
hrl,multi,0,weighted_cka,0,1893,3.0297154906450583,247.0,0.7046605944633484,0.7016847729682922,1,0.0,0.6059430981290118,5,0,off,0,0,0.0,0.0,0.0,0.28861389446290553,1.291711415289901,0.5603846886875107,0.38378627320792286,0.505219218996819,0.0,0.6059430981290118,0.6059430981290118
hrl,multi,0,weighted_cka,0,1894,3.0382085638154663,243.0,0.7028147578239441,0.7021161317825317,1,0.0,0.6076417127630933,5,0,off,0,0,0.0,0.0,0.0,0.2967476539479248,1.2807898793928323,0.5599583423677831,0.37210411943634963,0.5286085686705772,0.0,0.6076417127630933,0.6076417127630933
hrl,multi,0,weighted_cka,0,1895,3.1298029720783367,221.0,0.7026087045669556,0.7008915543556213,1,0.0,0.6259605944156674,5,0,off,0,0,0.0,0.0,0.0,0.29970130474238244,1.2847714394265783,0.5601409607548266,0.38773215248878107,0.5974571146657689,0.0,0.6259605944156674,0.6259605944156674
hrl,multi,0,weighted_cka,0,1896,3.0858458421478705,223.0,0.7031944990158081,0.701991081237793,1,0.0,0.6171691684295741,5,0,off,0,0,0.0,0.0,0.0,0.2899437613712361,1.280765494923107,0.5589896320812403,0.3625481400373391,0.5935988137349485,0.0,0.6171691684295741,0.6171691684295741
hrl,multi,0,weighted_cka,0,1897,3.112252764159274,220.0,0.7040835618972778,0.7014598846435547,1,0.0,0.6224505528318549,5,0,off,0,0,0.0,0.0,0.0,0.2857845800080103,1.2807063839957116,0.48887157640233625,0.3560734561286371,0.7008167676245792,0.0,0.6224505528318549,0.6224505528318549
hrl,multi,0,weighted_cka,0,1898,3.1201439220714953,219.0,0.704477071762085,0.7023488879203796,1,0.0,0.6240287844142991,5,0,off,0,0,0.0,0.0,0.0,0.29151563267695013,1.2808796904375774,0.560304933423642,0.3865539760263636,0.6008896895069628,0.0,0.6240287844142991,0.6240287844142991
hrl,multi,0,weighted_cka,0,1899,3.0835369797393493,224.0,0.7021160125732422,0.7003330588340759,1,0.0,0.6167073959478699,5,0,off,0,0,0.0,0.0,0.0,0.25939516260338125,1.286328531927429,0.5601805096007882,0.38571233833138824,0.5919204372763632,0.0,0.6167073959478699,0.6167073959478699
hrl,multi,0,weighted_cka,0,1900,3.036769293004413,236.0,0.7033103704452515,0.70097815990448,1,0.0,0.6073538586008826,5,0,off,0,0,0.0,0.0,0.0,0.23161305581638578,1.274984601226635,0.5608248225976712,0.37930735973152324,0.5900394536321981,0.0,0.6073538586008826,0.6073538586008826
hrl,multi,0,weighted_cka,0,1901,3.1132731876198947,218.0,0.7027408480644226,0.7007765769958496,1,0.0,0.622654637523979,5,0,off,0,0,0.0,0.0,0.0,0.314118120173487,1.2847299554944036,0.5601359103089197,0.36747309768828557,0.5868161039547993,0.0,0.622654637523979,0.622654637523979
hrl,multi,0,weighted_cka,0,1902,3.1164478164321032,219.0,0.7039281129837036,0.7022432088851929,1,0.0,0.6232895632864207,5,0,off,0,0,0.0,0.0,0.0,0.2867904343492118,1.2839241947606204,0.5606990476003847,0.3877241786795202,0.5973099610423668,0.0,0.6232895632864207,0.6232895632864207
hrl,multi,0,weighted_cka,0,1903,3.0873664491759834,226.0,0.7045930027961731,0.702302098274231,1,0.0,0.6174732898351968,5,0,off,0,0,0.0,0.0,0.0,0.30131014320685057,1.2478758077612144,0.5612663559089414,0.38987583711789914,0.5870383051810785,0.0,0.6174732898351968,0.6174732898351968
hrl,multi,0,weighted_cka,0,1904,3.109245083109911,224.0,0.7045797109603882,0.7023488879203796,1,0.0,0.6218490166219823,5,0,off,0,0,0.0,0.0,0.0,0.28193950449765537,1.248414965778589,0.5792955578577238,0.393092009890126,0.6065030450858174,0.0,0.6218490166219823,0.6218490166219823
hrl,multi,0,weighted_cka,0,1905,2.2804470131881303,300.0,0.6568039655685425,0.46972277760505676,0,0.0,0.45608940263762615,5,0,off,0,0,0.0,0.0,0.0,0.3563767553158394,1.27610768894013,0.4878581805601715,0.3632786633789073,-0.20317427500691737,0.0,0.45608940263762615,0.45608940263762615
hrl,multi,0,weighted_cka,0,1906,3.129558413760808,219.0,0.7038484215736389,0.7013165354728699,1,0.0,0.6259116827521617,5,0,off,0,0,0.0,0.0,0.0,0.30541031812744035,1.2924392410879952,0.5602254540058783,0.3879133538976311,0.5835700466418637,0.0,0.6259116827521617,0.6259116827521617
hrl,multi,0,weighted_cka,0,1907,3.1101545748545747,218.0,0.7033732533454895,0.7010097503662109,1,0.0,0.622030914970915,5,0,off,0,0,0.0,0.0,0.0,0.31774630252392666,1.2788067328603936,0.5603386490470729,0.36285333356866606,0.5904095568545161,0.0,0.622030914970915,0.622030914970915
hrl,multi,0,weighted_cka,0,1908,3.0988726403187017,218.0,0.7031993865966797,0.701181173324585,1,0.0,0.6197745280637404,5,0,off,0,0,0.0,0.0,0.0,0.310901540773455,1.2788844225089995,0.5603758003776892,0.35366992528364055,0.5950409513749181,0.0,0.6197745280637404,0.6197745280637404
hrl,multi,0,weighted_cka,0,1909,3.1272854378096078,219.0,0.703514814376831,0.7007765769958496,1,0.0,0.6254570875619216,5,0,off,0,0,0.0,0.0,0.0,0.30138959065506055,1.2808796904375774,0.5603066994440741,0.39148827595193864,0.5932211813209577,0.0,0.6254570875619216,0.6254570875619216
hrl,multi,0,weighted_cka,0,1910,3.1168151220117712,221.0,0.7046023011207581,0.7023488879203796,1,0.0,0.6233630244023544,5,0,off,0,0,0.0,0.0,0.0,0.29274782232167484,1.2788347443658856,0.4736349946684203,0.47706164708873244,0.5945359135670586,0.0,0.6233630244023544,0.6233630244023544
hrl,multi,0,weighted_cka,0,1911,3.0972368169883326,225.0,0.7045527696609497,0.7023488879203796,1,0.0,0.6194473633976666,5,0,off,0,0,0.0,0.0,0.0,0.30475501919398806,1.2771486489465458,0.5601903226557187,0.3865318989665247,0.5686109272255561,0.0,0.6194473633976666,0.6194473633976666
hrl,multi,0,weighted_cka,0,1912,3.0810848111760594,225.0,0.7030567526817322,0.7017602324485779,1,0.0,0.6162169622352119,5,0,off,0,0,0.0,0.0,0.0,0.29123810541967754,1.2789473286923019,0.5404901201655156,0.38408335353317663,0.5863259033653884,0.0,0.6162169622352119,0.6162169622352119
hrl,multi,0,weighted_cka,0,1913,3.0796346081356156,226.0,0.7046425938606262,0.7032442092895508,1,0.0,0.6159269216271233,5,0,off,0,0,0.0,0.0,0.0,0.27652932406606845,1.281934313050471,0.5601941118580288,0.3806435958076035,0.5803332633534445,0.0,0.6159269216271233,0.6159269216271233
hrl,multi,0,weighted_cka,0,1914,3.077263332359957,226.0,0.7049950361251831,0.7017777562141418,1,0.0,0.6154526664719915,5,0,off,0,0,0.0,0.0,0.0,0.2783764311426784,1.2774384559262542,0.5600167610314674,0.3706247680347878,0.5908069162247701,0.0,0.6154526664719915,0.6154526664719915
hrl,multi,0,weighted_cka,0,1915,3.1263483491077992,218.0,0.7021576166152954,0.7000085115432739,1,0.0,0.62526966982156,5,0,off,0,0,0.0,0.0,0.0,0.3524252753030741,1.2835164804374797,0.560265447616577,0.3423338734375065,0.5878072723131625,0.0,0.62526966982156,0.62526966982156
hrl,multi,0,weighted_cka,0,1916,3.1058752265071368,221.0,0.7041961550712585,0.7002236247062683,1,0.0,0.6211750453014274,5,0,off,0,0,0.0,0.0,0.0,0.29542544949770666,1.2787117841746656,0.5603915782044641,0.3876924610049463,0.5836539536253548,0.0,0.6211750453014274,0.6211750453014274
hrl,multi,0,weighted_cka,0,1917,3.105874334294464,223.0,0.7041922807693481,0.7006767988204956,1,0.0,0.6211748668588929,5,0,off,0,0,0.0,0.0,0.0,0.3141699629718204,1.2596973736472425,0.43797619724459935,0.39611382457590655,0.6979169758548959,0.0,0.6211748668588929,0.6211748668588929
hrl,multi,0,weighted_cka,0,1918,3.093230411363677,224.0,0.703122615814209,0.7012349963188171,1,0.0,0.6186460822727355,5,0,off,0,0,0.0,0.0,0.0,0.2973425938197469,1.2806593146035445,0.5402890501827932,0.38786316518601954,0.5870762875715735,0.0,0.6186460822727355,0.6186460822727355
hrl,multi,0,weighted_cka,0,1919,3.0918523789197194,220.0,0.7025882601737976,0.7001069784164429,1,0.0,0.6183704757839439,5,0,off,0,0,0.0,0.0,0.0,0.41025715422327613,1.280528220706619,0.4876743039563297,0.34623021290102035,0.5671624871324746,0.0,0.6183704757839439,0.6183704757839439
hrl,multi,0,weighted_cka,0,1920,3.094047157485415,226.0,0.7023345828056335,0.7001295685768127,1,0.0,0.6188094314970831,5,0,off,0,0,0.0,0.0,0.0,0.2848181382700858,1.1944629610180852,0.47366751913027827,0.5518314619245938,0.5892670771423726,0.0,0.6188094314970831,0.6188094314970831
hrl,multi,0,weighted_cka,0,1921,3.1111345469127833,219.0,0.7026941776275635,0.7002671360969543,1,0.0,0.6222269093825568,5,0,off,0,0,0.0,0.0,0.0,0.2942380180946056,1.2806896658241747,0.5601761421344708,0.3875733493587467,0.5884573715007863,0.0,0.6222269093825568,0.6222269093825568
hrl,multi,0,weighted_cka,0,1922,3.098694876597349,224.0,0.7029299139976501,0.7007715106010437,1,0.0,0.6197389753194699,5,0,off,0,0,0.0,0.0,0.0,0.32581063698360224,1.2847131544658912,0.5603363980986177,0.3375867208314302,0.5902479662178083,0.0,0.6197389753194699,0.6197389753194699
hrl,multi,0,weighted_cka,0,1923,3.071612938517296,231.0,0.7027493715286255,0.7001744508743286,1,0.0,0.6143225877034593,5,0,off,0,0,0.0,0.0,0.0,0.3381262141715269,1.2690000621648503,0.4641812647092155,0.3209399604315985,0.6793654370401053,0.0,0.6143225877034593,0.6143225877034593
hrl,multi,0,weighted_cka,0,1924,3.118847828259574,218.0,0.7029763460159302,0.7003330588340759,1,0.0,0.6237695656519149,5,0,off,0,0,0.0,0.0,0.0,0.30517652490187896,1.28055317514576,0.5604261289332061,0.38529789041425094,0.5873941088644786,0.0,0.6237695656519149,0.6237695656519149
hrl,multi,0,weighted_cka,0,1925,3.081797086881385,228.0,0.7036656141281128,0.7017664909362793,1,0.0,0.6163594173762771,5,0,off,0,0,0.0,0.0,0.0,0.3072619229004776,1.280633241762407,0.5596844657189212,0.3502027197428978,0.5840147367566823,0.0,0.6163594173762771,0.6163594173762771
hrl,multi,0,weighted_cka,0,1926,3.096489080195372,219.0,0.7027551531791687,0.7005255222320557,1,0.0,0.6192978160390745,5,0,off,0,0,0.0,0.0,0.0,0.2757626133668818,1.2806377989565951,0.5602418389676603,0.38765333529957563,0.5921934936046599,0.0,0.6192978160390745,0.6192978160390745
hrl,multi,0,weighted_cka,0,1927,3.1186716961931076,219.0,0.7026387453079224,0.7005587816238403,1,0.0,0.6237343392386216,5,0,off,0,0,0.0,0.0,0.0,0.295872703760222,1.269420707025565,0.4726979668699204,0.4886094887733924,0.5920708297640084,0.0,0.6237343392386216,0.6237343392386216
hrl,multi,0,weighted_cka,0,1928,3.0880357724638876,228.0,0.7041720151901245,0.7016461491584778,1,0.0,0.6176071544927776,5,0,off,0,0,0.0,0.0,0.0,0.26796907622634886,1.289843474248424,0.5519044324695132,0.3863735910227987,0.5919451984968035,0.0,0.6176071544927776,0.6176071544927776
hrl,multi,0,weighted_cka,0,1929,3.101534174033905,222.0,0.7034307718276978,0.701518177986145,1,0.0,0.6203068348067811,5,0,off,0,0,0.0,0.0,0.0,0.26756671873480076,1.2807033505616707,0.5595423617847263,0.3598674933863803,0.6338542495663276,0.0,0.6203068348067811,0.6203068348067811
hrl,multi,0,weighted_cka,0,1930,3.1050850552910694,221.0,0.703594982624054,0.7023485898971558,1,0.0,0.6210170110582139,5,0,off,0,0,0.0,0.0,0.0,0.2856224412588635,1.2808072352875022,0.5526190207395701,0.362884052341571,0.6231523056635632,0.0,0.6210170110582139,0.6210170110582139
hrl,multi,0,weighted_cka,0,1931,3.1307173524477827,217.0,0.7028033137321472,0.7009841799736023,1,0.0,0.6261434704895567,5,0,off,0,0,0.0,0.0,0.0,0.30705638354619436,1.2848865076759828,0.5603527369308284,0.39154631728446104,0.5868754070103167,0.0,0.6261434704895567,0.6261434704895567
hrl,multi,0,weighted_cka,0,1932,3.089300427224311,226.0,0.703460693359375,0.7000146508216858,1,0.0,0.6178600854448624,5,0,off,0,0,0.0,0.0,0.0,0.28274692817055613,1.2781226585321126,0.5602766518054995,0.37996948361053356,0.58818470510561,0.0,0.6178600854448624,0.6178600854448624
hrl,multi,0,weighted_cka,0,1933,3.108536886122877,224.0,0.7049611210823059,0.7023488879203796,1,0.0,0.6217073772245755,5,0,off,0,0,0.0,0.0,0.0,0.3014894596816593,1.2841844403119755,0.549359740524087,0.3878735378785058,0.5856297077266498,0.0,0.6217073772245755,0.6217073772245755
hrl,multi,0,weighted_cka,0,1934,3.0760766704687836,222.0,0.7033536434173584,0.7014598846435547,1,0.0,0.6152153340937568,5,0,off,0,0,0.0,0.0,0.0,0.2890930793709121,1.2806856974586842,0.5602520007737911,0.38397736288327716,0.5620685299821196,0.0,0.6152153340937568,0.6152153340937568
hrl,multi,0,weighted_cka,0,1935,3.0931769405423535,222.0,0.7036740183830261,0.7010234594345093,1,0.0,0.6186353881084707,5,0,off,0,0,0.0,0.0,0.0,0.281999330049788,1.2688634771592913,0.5628255105908028,0.3883422903127502,0.5911463324297218,0.0,0.6186353881084707,0.6186353881084707
hrl,multi,0,weighted_cka,0,1936,2.375839831555787,300.0,0.6934782862663269,0.6487882733345032,0,0.0,0.4751679663111575,5,0,off,0,0,0.0,0.0,0.0,0.2810725416991626,1.2753890965497119,0.5243438326721078,0.38771234331582666,-0.09267798268102151,0.0,0.4751679663111575,0.4751679663111575
hrl,multi,0,weighted_cka,0,1937,3.1016483598978217,221.0,0.7024103403091431,0.7001069784164429,1,0.0,0.6203296719795645,5,0,off,0,0,0.0,0.0,0.0,0.28645182926337287,1.2844318579975513,0.5601792887533082,0.38144810393071377,0.5891372799528761,0.0,0.6203296719795645,0.6203296719795645
hrl,multi,0,weighted_cka,0,1938,3.1230214664994698,219.0,0.7027488946914673,0.7005587816238403,1,0.0,0.6246042932998941,5,0,off,0,0,0.0,0.0,0.0,0.30133338762597117,1.2876041643414644,0.5606565317935309,0.38785600014310323,0.5855713825954006,0.0,0.6246042932998941,0.6246042932998941
hrl,multi,0,weighted_cka,0,1939,3.114599470424057,219.0,0.7035661339759827,0.7017664909362793,1,0.0,0.6229198940848115,5,0,off,0,0,0.0,0.0,0.0,0.3015695224002119,1.280737807168625,0.5602618027110583,0.38763527200720266,0.5843950661369598,0.0,0.6229198940848115,0.6229198940848115
hrl,multi,0,weighted_cka,0,1940,3.1253721018167404,219.0,0.7037845849990845,0.7022154927253723,1,0.0,0.6250744203633481,5,0,off,0,0,0.0,0.0,0.0,0.29718626362945355,1.288718280275352,0.5625622871662489,0.3864791153945843,0.5904261553511022,0.0,0.6250744203633481,0.6250744203633481
hrl,multi,0,weighted_cka,0,1941,3.0807860558729723,226.0,0.7025936841964722,0.7004498839378357,1,0.0,0.6161572111745945,5,0,off,0,0,0.0,0.0,0.0,0.3004416910558356,1.2874625048227606,0.5395186558853601,0.35743240765808143,0.5959307964509352,0.0,0.6161572111745945,0.6161572111745945
hrl,multi,0,weighted_cka,0,1942,3.1095494361464504,218.0,0.7041023969650269,0.7014598846435547,1,0.0,0.6219098872292902,5,0,off,0,0,0.0,0.0,0.0,0.3606262207375839,1.2806916878418995,0.5593608594204414,0.3504825234094168,0.5583881447371094,0.0,0.6219098872292902,0.6219098872292902
hrl,multi,0,weighted_cka,0,1943,2.384034917184998,300.0,0.6898955702781677,0.6338440775871277,0,0.0,0.4768069834369997,5,0,off,0,0,0.0,0.0,0.0,0.29435425210057287,1.2675798916118217,0.4196248695116954,0.4841161660755714,-0.08164026211466296,0.0,0.4768069834369997,0.4768069834369997
hrl,multi,0,weighted_cka,0,1944,3.1100290290944237,219.0,0.7030171751976013,0.7000553011894226,1,0.0,0.6220058058188849,5,0,off,0,0,0.0,0.0,0.0,0.2891021909788687,1.2830716739501802,0.5607834994075819,0.3877310383941512,0.5893406263636424,0.0,0.6220058058188849,0.6220058058188849
hrl,multi,0,weighted_cka,0,1945,3.121810756687423,221.0,0.7032729387283325,0.701991081237793,1,0.0,0.6243621513374846,5,0,off,0,0,0.0,0.0,0.0,0.29680898856138804,1.2895060037355868,0.47372564291395236,0.4778962384553159,0.5838738830211804,0.0,0.6243621513374846,0.6243621513374846
hrl,multi,0,weighted_cka,0,1946,3.106638037965879,224.0,0.7040635943412781,0.7016847729682922,1,0.0,0.621327607593176,5,0,off,0,0,0.0,0.0,0.0,0.3074610238399036,1.2873821787163613,0.5597738194842822,0.3766161859082057,0.575404830017127,0.0,0.621327607593176,0.621327607593176
hrl,multi,0,weighted_cka,0,1947,3.105381994165246,222.0,0.7027581334114075,0.7010157704353333,1,0.0,0.6210763988330493,5,0,off,0,0,0.0,0.0,0.0,0.2733590188643429,1.2926584831532089,0.5602262380630708,0.37898990553896866,0.6001483485456555,0.0,0.6210763988330493,0.6210763988330493
hrl,multi,0,weighted_cka,0,1948,3.1124352324887865,220.0,0.7031985521316528,0.7023488879203796,1,0.0,0.6224870464977574,5,0,off,0,0,0.0,0.0,0.0,0.30518918658152683,1.2711835540067402,0.5602433665404095,0.39171563612320454,0.584103489236906,0.0,0.6224870464977574,0.6224870464977574
hrl,multi,0,weighted_cka,0,1949,3.096781979412312,221.0,0.7019978165626526,0.7007976174354553,1,0.0,0.6193563958824625,5,0,off,0,0,0.0,0.0,0.0,0.2935826311693599,1.270828260847367,0.4874981813696212,0.45801130090979847,0.586861605116166,0.0,0.6193563958824625,0.6193563958824625
hrl,multi,0,weighted_cka,0,1950,3.1110492949402384,220.0,0.7049599289894104,0.7023488879203796,1,0.0,0.6222098589880478,5,0,off,0,0,0.0,0.0,0.0,0.34317098600685125,1.2787993597695602,0.5614323467230423,0.34111981506615113,0.5865267873746342,0.0,0.6222098589880478,0.6222098589880478
hrl,multi,0,weighted_cka,0,1951,3.0992450112141365,224.0,0.7025087475776672,0.7000911831855774,1,0.0,0.6198490022428274,5,0,off,0,0,0.0,0.0,0.0,0.3170662278742237,1.2823983147209508,0.4724509931616484,0.34362685882626093,0.6837026166310533,0.0,0.6198490022428274,0.6198490022428274
hrl,multi,0,weighted_cka,0,1952,3.100124498813703,222.0,0.7036494612693787,0.7015751600265503,1,0.0,0.6200248997627407,5,0,off,0,0,0.0,0.0,0.0,0.32421513377438527,1.2807132785767315,0.4738285958515479,0.3428541642194613,0.6785133263915776,0.0,0.6200248997627407,0.6200248997627407
hrl,multi,0,weighted_cka,0,1953,3.0399529268901957,236.0,0.7030119895935059,0.7006736397743225,1,0.0,0.6079905853780392,5,0,off,0,0,0.0,0.0,0.0,0.2983011207087547,1.2807849284820256,0.4909611873207612,0.3832272849112341,0.5866784054674207,0.0,0.6079905853780392,0.6079905853780392
hrl,multi,0,weighted_cka,0,1954,3.081337888352186,231.0,0.704764723777771,0.7023488879203796,1,0.0,0.6162675776704373,5,0,off,0,0,0.0,0.0,0.0,0.3515648190567735,1.2562966803675515,0.5635086213801986,0.33942139985723035,0.5705463676904327,0.0,0.6162675776704373,0.6162675776704373
hrl,multi,0,weighted_cka,0,1955,3.1204349287110005,220.0,0.7041724920272827,0.7023488879203796,1,0.0,0.6240869857422002,5,0,off,0,0,0.0,0.0,0.0,0.3443185599588905,1.2808430629177017,0.5602651303266174,0.33959107490503077,0.5954171006027608,0.0,0.6240869857422002,0.6240869857422002
hrl,multi,0,weighted_cka,0,1956,3.102283981829444,224.0,0.7037516832351685,0.7005549669265747,1,0.0,0.6204567963658889,5,0,off,0,0,0.0,0.0,0.0,0.3463262003922718,1.2750651014903558,0.5602403613407222,0.3355334032939281,0.5851189153121666,0.0,0.6204567963658889,0.6204567963658889
hrl,multi,0,weighted_cka,0,1957,3.1106707345568854,223.0,0.7034538388252258,0.7014598846435547,1,0.0,0.6221341469113771,5,0,off,0,0,0.0,0.0,0.0,0.317596638932242,1.2883409283915532,0.5605892434901324,0.35996208361841847,0.5841818401245399,0.0,0.6221341469113771,0.6221341469113771
hrl,multi,0,weighted_cka,0,1958,3.1128808098775322,220.0,0.7037161588668823,0.7010097503662109,1,0.0,0.6225761619755066,5,0,off,0,0,0.0,0.0,0.0,0.29472262187371956,1.2845217525120822,0.5604601646114605,0.38768669411004514,0.5854895767702254,0.0,0.6225761619755066,0.6225761619755066
hrl,multi,0,weighted_cka,0,1959,3.116797103448537,219.0,0.703682541847229,0.7023488879203796,1,0.0,0.6233594206897075,5,0,off,0,0,0.0,0.0,0.0,0.29862923364806915,1.2807248807605354,0.561233596548438,0.3875759309558197,0.5886334615356753,0.0,0.6233594206897075,0.6233594206897075
hrl,multi,0,weighted_cka,0,1960,2.4057262946728173,300.0,0.6989601850509644,0.6767290830612183,0,0.0,0.48114525893456356,5,0,off,0,0,0.0,0.0,0.0,0.2923704057719878,1.2860286262249572,0.5643734826804138,0.3889019610178656,-0.1259481810224065,0.0,0.48114525893456356,0.48114525893456356
hrl,multi,0,weighted_cka,0,1961,3.0907907167778745,227.0,0.7044190168380737,0.7003070712089539,1,0.0,0.618158143355575,5,0,off,0,0,0.0,0.0,0.0,0.32562654679967085,1.2762575418702324,0.4427320263627915,0.356243611276237,0.6899309904689434,0.0,0.618158143355575,0.618158143355575
hrl,multi,0,weighted_cka,0,1962,3.0119420860450323,246.0,0.7042310237884521,0.7006285786628723,1,0.0,0.6023884172090066,5,0,off,0,0,0.0,0.0,0.0,0.28776245243304577,1.2209225280717653,0.5603198704407549,0.3715951046284462,0.5713421304710208,0.0,0.6023884172090066,0.6023884172090066
hrl,multi,0,weighted_cka,0,1963,3.1103347390991245,220.0,0.7036765217781067,0.7008552551269531,1,0.0,0.622066947819825,5,0,off,0,0,0.0,0.0,0.0,0.3963579605587146,1.2765206723371518,0.48898083909403056,0.3637790762695949,0.5846961908396332,0.0,0.622066947819825,0.622066947819825
hrl,multi,0,weighted_cka,0,1964,2.8517647583403654,288.0,0.7040532231330872,0.7022654414176941,1,0.0,0.5703529516680732,5,0,off,0,0,0.0,0.0,0.0,0.3284151189262847,1.2766771972775457,0.5603120380033505,0.3632638336385134,0.3230965704946717,0.0,0.5703529516680732,0.5703529516680732
hrl,multi,0,weighted_cka,0,1965,3.101257284211721,223.0,0.704240083694458,0.7005255222320557,1,0.0,0.6202514568423443,5,0,off,0,0,0.0,0.0,0.0,0.27919133106249494,1.2853246576515955,0.5601662899348884,0.38757806901051656,0.5889969365522264,0.0,0.6202514568423443,0.6202514568423443
hrl,multi,0,weighted_cka,0,1966,3.1224787399981566,218.0,0.7024800181388855,0.7002938389778137,1,0.0,0.6244957479996314,5,0,off,0,0,0.0,0.0,0.0,0.2928729075082519,1.2923452752968294,0.5601492169876582,0.3877378971774596,0.5893734430279581,0.0,0.6244957479996314,0.6244957479996314
hrl,multi,0,weighted_cka,0,1967,3.0961115246801625,220.0,0.7023637294769287,0.7002782821655273,1,0.0,0.6192223049360326,5,0,off,0,0,0.0,0.0,0.0,0.304507641156204,1.2391819342710075,0.4787562568304128,0.3601260139658115,0.7135396784567273,0.0,0.6192223049360326,0.6192223049360326
hrl,multi,0,weighted_cka,0,1968,3.120267247727605,220.0,0.7035920023918152,0.7007843255996704,1,0.0,0.6240534495455211,5,0,off,0,0,0.0,0.0,0.0,0.2941543236873112,1.2758396241208536,0.5752837592368013,0.3893607402388006,0.5856288004438391,0.0,0.6240534495455211,0.6240534495455211
hrl,multi,0,weighted_cka,0,1969,3.1064540710906137,219.0,0.7028766870498657,0.7002733945846558,1,0.0,0.6212908142181228,5,0,off,0,0,0.0,0.0,0.0,0.2830760776694514,1.2807431002240626,0.560278853248339,0.3802706670649349,0.6020853728838264,0.0,0.6212908142181228,0.6212908142181228
hrl,multi,0,weighted_cka,0,1970,3.1217142202434176,218.0,0.7034720182418823,0.7015325427055359,1,0.0,0.6243428440486836,5,0,off,0,0,0.0,0.0,0.0,0.3048325708749761,1.280859069675207,0.5610794218878726,0.38761461381730616,0.5873285439880563,0.0,0.6243428440486836,0.6243428440486836
hrl,multi,0,weighted_cka,0,1971,3.11786916103422,218.0,0.7034927606582642,0.7015326023101807,1,0.0,0.623573832206844,5,0,off,0,0,0.0,0.0,0.0,0.3010602341054327,1.2808796904375774,0.5603069266285746,0.38758735607191913,0.5880349537907167,0.0,0.623573832206844,0.623573832206844
hrl,multi,0,weighted_cka,0,1972,2.357485080236067,300.0,0.6769834756851196,0.5693842172622681,0,0.0,0.4714970160472135,5,0,off,0,0,0.0,0.0,0.0,0.27413465716352214,1.2837338063493369,0.5607550681084393,0.3877702530990354,-0.14890870448426602,0.0,0.4714970160472135,0.4714970160472135
hrl,multi,0,weighted_cka,0,1973,3.0832681204621464,229.0,0.7022229433059692,0.7000911831855774,1,0.0,0.6166536240924294,5,0,off,0,0,0.0,0.0,0.0,0.3253842123593931,1.291519312779419,0.4475068990848957,0.3359512852625921,0.6829064109758473,0.0,0.6166536240924294,0.6166536240924294
hrl,multi,0,weighted_cka,0,1974,3.08929654246522,224.0,0.703792929649353,0.7005255222320557,1,0.0,0.617859308493044,5,0,off,0,0,0.0,0.0,0.0,0.36345872153039077,1.284234054163098,0.48798919552750875,0.3634436151587869,0.5901709560854359,0.0,0.617859308493044,0.617859308493044
hrl,multi,0,weighted_cka,0,1975,3.097358802711648,223.0,0.7027143836021423,0.7000207304954529,1,0.0,0.6194717605423297,5,0,off,0,0,0.0,0.0,0.0,0.2773282573775504,1.2728997075865043,0.5647029984025284,0.39267032226338044,0.5897575170816852,0.0,0.6194717605423297,0.6194717605423297
hrl,multi,0,weighted_cka,0,1976,3.0982529577302618,223.0,0.7049916982650757,0.7023488879203796,1,0.0,0.6196505915460524,5,0,off,0,0,0.0,0.0,0.0,0.26429297613393277,1.289218398666009,0.5601388945574871,0.38335595992696464,0.6012467284458688,0.0,0.6196505915460524,0.6196505915460524
hrl,multi,0,weighted_cka,0,1977,3.0645020270030496,231.0,0.7038463354110718,0.7023488879203796,1,0.0,0.61290040540061,5,0,off,0,0,0.0,0.0,0.0,0.27858083047510074,1.2809555617952717,0.5601352749140932,0.3632460397192589,0.5815843200993257,0.0,0.61290040540061,0.61290040540061
hrl,multi,0,weighted_cka,0,1978,3.0947277789623464,226.0,0.7034212946891785,0.7023488879203796,1,0.0,0.6189455557924693,5,0,off,0,0,0.0,0.0,0.0,0.29469157879846164,1.276913081335835,0.5596958472374826,0.3884220809377729,0.575005190652795,0.0,0.6189455557924693,0.6189455557924693
hrl,multi,0,weighted_cka,0,1979,3.101301902329315,222.0,0.7023769021034241,0.7010097503662109,1,0.0,0.6202603804658631,5,0,off,0,0,0.0,0.0,0.0,0.27303053721832105,1.2806459829537196,0.5601394471810198,0.36284925277507857,0.6246366822011767,0.0,0.6202603804658631,0.6202603804658631
hrl,multi,0,weighted_cka,0,1980,3.092572223314083,222.0,0.7037516236305237,0.7006926536560059,1,0.0,0.6185144446628167,5,0,off,0,0,0.0,0.0,0.0,0.27377562013268464,1.277497092344798,0.560017253235448,0.3912262505865655,0.5900560070145874,0.0,0.6185144446628167,0.6185144446628167
hrl,multi,0,weighted_cka,0,1981,3.1025506690143763,221.0,0.7035320997238159,0.7015325427055359,1,0.0,0.6205101338028753,5,0,off,0,0,0.0,0.0,0.0,0.29252914653105466,1.273463666828349,0.5602495843991636,0.387452727980446,0.5888555432753636,0.0,0.6205101338028753,0.6205101338028753
hrl,multi,0,weighted_cka,0,1982,3.1216449249453277,218.0,0.7028924822807312,0.7008424997329712,1,0.0,0.6243289849890656,5,0,off,0,0,0.0,0.0,0.0,0.30063900953963446,1.2851594315236432,0.5604283532807602,0.38755181418312706,0.5878663164181633,0.0,0.6243289849890656,0.6243289849890656
hrl,multi,0,weighted_cka,0,1983,3.1101691226849786,221.0,0.7039154171943665,0.7017837762832642,1,0.0,0.6220338245369958,5,0,off,0,0,0.0,0.0,0.0,0.29018746619811275,1.2836947260322047,0.5602172295544295,0.38754406421142623,0.588525636688806,0.0,0.6220338245369958,0.6220338245369958
hrl,multi,0,weighted_cka,0,1984,3.0952429774918966,222.0,0.7035347819328308,0.700777530670166,1,0.0,0.6190485954983794,5,0,off,0,0,0.0,0.0,0.0,0.29812740451650455,1.2808339146524665,0.5603401673024467,0.37012015203257026,0.5858213389879091,0.0,0.6190485954983794,0.6190485954983794
hrl,multi,0,weighted_cka,0,1985,2.353377198148314,300.0,0.6692575812339783,0.5291287899017334,0,0.0,0.47067543962966285,5,0,off,0,0,0.0,0.0,0.0,0.2960744443734147,1.2772632938241584,0.5600737008567666,0.3916720638473052,-0.17170630475333043,0.0,0.47067543962966285,0.47067543962966285
hrl,multi,0,weighted_cka,0,1986,3.0970119859038374,222.0,0.7043182253837585,0.7023488879203796,1,0.0,0.6194023971807676,5,0,off,0,0,0.0,0.0,0.0,0.2833066245573572,1.2703667626455424,0.5648458412538747,0.3876146332295611,0.5908781242175026,0.0,0.6194023971807676,0.6194023971807676
hrl,multi,0,weighted_cka,0,1987,3.1175384496802714,219.0,0.7024297118186951,0.7005587816238403,1,0.0,0.6235076899360543,5,0,off,0,0,0.0,0.0,0.0,0.3214236426072456,1.284456686126068,0.5604210248780436,0.3632324727769009,0.5880046232920139,0.0,0.6235076899360543,0.6235076899360543
hrl,multi,0,weighted_cka,0,1988,3.0935389814985816,221.0,0.7036094069480896,0.7005587816238403,1,0.0,0.6187077962997164,5,0,off,0,0,0.0,0.0,0.0,0.2809393062641756,1.2774304537698624,0.5602363071152939,0.38724323086719953,0.5876896834820508,0.0,0.6187077962997164,0.6187077962997164
hrl,multi,0,weighted_cka,0,1989,3.0509612714952223,238.0,0.7041512727737427,0.7011334896087646,1,0.0,0.6101922542990446,5,0,off,0,0,0.0,0.0,0.0,0.2976550139427563,1.2753410838749257,0.5037993244240059,0.38901621712651097,0.5851496321270241,0.0,0.6101922542990446,0.6101922542990446
hrl,multi,0,weighted_cka,0,1990,3.1393917781010083,217.0,0.7019209265708923,0.7001087069511414,1,0.0,0.6278783556202018,5,0,off,0,0,0.0,0.0,0.0,0.3044128353593696,1.295589402443729,0.5605241697262972,0.3916120668537914,0.5872533037178217,0.0,0.6278783556202018,0.6278783556202018
hrl,multi,0,weighted_cka,0,1991,3.0056992217590146,247.0,0.7035792469978333,0.7010097503662109,1,0.0,0.601139844351803,5,0,off,0,0,0.0,0.0,0.0,0.2364496310889079,1.2806443930696694,0.5414612708082421,0.35998045162425835,0.5871634751679374,0.0,0.601139844351803,0.601139844351803
hrl,multi,0,weighted_cka,0,1992,2.3634603771990115,300.0,0.6619674563407898,0.4972590506076813,0,0.0,0.4726920754398024,5,0,off,0,0,0.0,0.0,0.0,0.2094619981644207,1.280759332012385,0.5582440532376057,0.3889367903421152,-0.0739417965575146,0.0,0.4726920754398024,0.4726920754398024
hrl,multi,0,weighted_cka,0,1993,2.9970100613948585,247.0,0.7026245594024658,0.7008095383644104,1,0.0,0.5994020122789718,5,0,off,0,0,0.0,0.0,0.0,0.29903735103097273,1.2808796904375774,0.5602959278253837,0.3854062295641924,0.4713908625367328,0.0,0.5994020122789718,0.5994020122789718
hrl,multi,0,weighted_cka,0,1994,3.1114334625874314,219.0,0.7043639421463013,0.7017940878868103,1,0.0,0.6222866925174864,5,0,off,0,0,0.0,0.0,0.0,0.29764587692615163,1.2807581795006988,0.5603758854481856,0.38761070435796857,0.5850428163544273,0.0,0.6222866925174864,0.6222866925174864
hrl,multi,0,weighted_cka,0,1995,3.1136420659998536,218.0,0.7033272981643677,0.7010097503662109,1,0.0,0.6227284131999709,5,0,off,0,0,0.0,0.0,0.0,0.2842107135346741,1.2806602899311108,0.4890321995113044,0.3628540615427773,0.6968848014799877,0.0,0.6227284131999709,0.6227284131999709
hrl,multi,0,weighted_cka,0,1996,2.0667191231390447,300.0,0.6007157564163208,0.18820355832576752,0,0.0,0.41334382462780905,5,0,off,0,0,0.0,0.0,0.0,0.2685237924247048,1.276898872147314,0.5603244693116284,0.3876421933928504,-0.4266702041374523,0.0,0.41334382462780905,0.41334382462780905
hrl,multi,0,weighted_cka,0,1997,2.1160719051098553,300.0,0.6184335947036743,0.2835817337036133,0,0.0,0.4232143810219712,5,0,off,0,0,0.0,0.0,0.0,0.27310895435028937,1.2805858886661006,0.56039268679847,0.3918723826601635,-0.38988800736516754,0.0,0.4232143810219712,0.4232143810219712
hrl,multi,0,weighted_cka,0,1998,2.2049665644855727,300.0,0.6371282339096069,0.3715630769729614,0,0.0,0.44099331289711463,5,0,off,0,0,0.0,0.0,0.0,0.2961058445778544,1.2807179873436687,0.5603286926848813,0.38760914244269945,-0.31979510256353055,0.0,0.44099331289711463,0.44099331289711463
hrl,multi,0,weighted_cka,0,1999,2.1383468110019734,300.0,0.623876690864563,0.3066467046737671,0,0.0,0.42766936220039475,5,0,off,0,0,0.0,0.0,0.0,0.29807302355938003,1.2803112231288103,0.4663393331361002,0.47667070959508406,-0.3830474784174006,0.0,0.42766936220039475,0.42766936220039475
hrl,multi,0,weighted_cka,0,2000,3.107849126511718,220.0,0.7028111815452576,0.7009547352790833,1,0.0,0.6215698253023436,5,0,off,0,0,0.0,0.0,0.0,0.2955673666362417,1.280715367416851,0.551498758104164,0.3911151750471908,0.5889524593072709,0.0,0.6215698253023436,0.6215698253023436
