arch,ll_mode,experience_sharing,share_mode,use_tutee,episode,reward,steps,mastery_mean,mastery_min,completed,flat_agent_reward,avg_agent_reward,n_ll_agents,share_enabled_eff,share_mode_eff,share_attempts,share_peer_samples,share_mean_peer_weight,share_eligible_peers_mean,share_selected_peers_mean,ll_reward_0,ll_reward_1,ll_reward_2,ll_reward_3,ll_reward_4,tutee_reward_total,avg_reward_per_learning_agent,avg_reward_per_topic_slot
hrl,multi,1,weighted_cka,0,1,1.5416105647600475,300.0,0.5717654228210449,0.05671880021691322,0,0.0,0.3083221129520096,5,1,weighted_cka,0,0,0.0,0.0,0.0,-0.09539335896167908,0.3323752558827399,0.8738741103599309,0.0722049505496396,0.3585496069294167,0.0,0.3083221129520096,0.3083221129520096
hrl,multi,1,weighted_cka,0,2,1.8677118778358803,300.0,0.5676265954971313,0.02721995674073696,0,0.0,0.3735423755671762,5,1,weighted_cka,0,0,0.0,0.0,0.0,-0.5190490569828546,0.31000867160083717,1.2558963127331806,0.45502460124270494,0.3658313492420129,0.0,0.3735423755671762,0.3735423755671762
hrl,multi,1,weighted_cka,0,3,1.906210191902936,300.0,0.5690931677818298,0.03605370223522186,0,0.0,0.38124203838058734,5,1,weighted_cka,0,0,0.0,0.0,0.0,-0.28707395172596456,0.2457313758647068,1.275817107507493,0.3075224248886805,0.3642132353680207,0.0,0.38124203838058734,0.38124203838058734
hrl,multi,1,weighted_cka,0,4,2.0213356710559296,300.0,0.577704131603241,0.07709377259016037,0,0.0,0.4042671342111861,5,1,weighted_cka,0,0,0.0,0.0,0.0,-0.11844160878029661,0.3821310615269466,0.8731436134102838,0.327802495328884,0.5567001095701124,0.0,0.4042671342111861,0.4042671342111861
hrl,multi,1,weighted_cka,0,5,1.4449810534750882,300.0,0.5075780153274536,0.018566440790891647,0,0.0,0.28899621069501774,5,1,weighted_cka,0,0,0.0,0.0,0.0,-0.5411163731661776,0.052713939890265404,1.159114314381033,0.4132426642882635,0.3610265080817043,0.0,0.28899621069501774,0.28899621069501774
hrl,multi,1,weighted_cka,0,6,1.189451611478579,300.0,0.5441836714744568,0.06871452182531357,0,0.0,0.23789032229571588,5,1,weighted_cka,0,0,0.0,0.0,0.0,-0.10104222599882635,0.4451238688016309,0.35730815159506113,0.1547409195848739,0.33332089749583965,0.0,0.23789032229571588,0.23789032229571588
hrl,multi,1,weighted_cka,0,7,1.107318665317142,300.0,0.4756692349910736,0.048431146889925,0,0.0,0.2214637330634285,5,1,weighted_cka,0,0,0.0,0.0,0.0,-0.590701431953465,0.5725057662660255,0.7441558132190256,0.05733435340039428,0.3240241643851622,0.0,0.2214637330634285,0.2214637330634285
hrl,multi,1,weighted_cka,0,8,0.9671526162896487,300.0,0.45085805654525757,0.30308789014816284,0,0.0,0.19343052325792978,5,1,weighted_cka,0,0,0.0,0.0,0.0,-0.18339554841283684,0.10356630739755923,0.6381040684271135,0.025434557657455954,0.383443231220357,0.0,0.19343052325792978,0.19343052325792978
hrl,multi,1,weighted_cka,0,9,1.3174391466505755,300.0,0.5481206178665161,0.14393533766269684,0,0.0,0.26348782933011516,5,1,weighted_cka,0,0,0.0,0.0,0.0,0.0694591625854373,0.4292964552696793,0.43997548218618565,-0.08305852155413611,0.46176656816340966,0.0,0.26348782933011516,0.26348782933011516
hrl,multi,1,weighted_cka,0,10,1.9759966691553914,300.0,0.646221399307251,0.5311803221702576,0,0.0,0.39519933383107836,5,1,weighted_cka,0,0,0.0,0.0,0.0,0.13412317171094748,0.3548757120447698,0.6644845959977244,0.3668286047853761,0.45568458461657413,0.0,0.39519933383107836,0.39519933383107836
hrl,multi,1,weighted_cka,0,11,0.4421784851700057,300.0,0.38896769285202026,0.1496112197637558,0,0.0,0.08843569703400118,5,1,weighted_cka,0,0,0.0,0.0,0.0,0.08746959684835745,-0.04221556942723696,0.5887166968288362,-0.24064514337643086,0.04885290429648004,0.0,0.08843569703400118,0.08843569703400118
hrl,multi,1,weighted_cka,0,12,0.9717837095842685,300.0,0.4698863923549652,0.21899594366550446,0,0.0,0.19435674191685376,5,1,weighted_cka,0,0,0.0,0.0,0.0,0.16104389562364663,0.3633667511204257,0.8800691585373133,-0.11990691992687089,-0.31278917577024584,0.0,0.19435674191685376,0.19435674191685376
hrl,multi,1,weighted_cka,0,13,0.36115342274278994,300.0,0.2785479426383972,0.15765295922756195,0,0.0,0.07223068454855802,5,1,weighted_cka,0,0,0.0,0.0,0.0,-0.5927578699880692,0.084955226348713,0.6306004550149953,0.2409361831322312,-0.002580571765080149,0.0,0.07223068454855802,0.07223068454855802
hrl,multi,1,weighted_cka,0,14,1.1731656413227016,300.0,0.4058716297149658,0.08018258213996887,0,0.0,0.2346331282645404,5,1,weighted_cka,0,0,0.0,0.0,0.0,-0.1310582274177578,0.35856071511376636,1.2813485710616512,0.02238842288288281,-0.3580738403178406,0.0,0.2346331282645404,0.2346331282645404
hrl,multi,1,weighted_cka,0,15,1.2164223868399846,300.0,0.4760102331638336,0.0846351683139801,0,0.0,0.24328447736799702,5,1,weighted_cka,0,0,0.0,0.0,0.0,-0.043408718734513976,0.22283799763675757,1.2176674966779535,-0.14058994924277077,-0.04008443949744127,0.0,0.24328447736799702,0.24328447736799702
hrl,multi,1,weighted_cka,0,16,1.2715554448019235,300.0,0.48701897263526917,0.10067199170589447,0,0.0,0.2543110889603848,5,1,weighted_cka,0,0,0.0,0.0,0.0,-0.0074131380403414555,0.4850216399836351,0.7576966691522392,-0.29701035569864354,0.3332606294050346,0.0,0.2543110889603848,0.2543110889603848
hrl,multi,1,weighted_cka,0,17,0.6881067719454951,300.0,0.4276721477508545,0.03675404563546181,0,0.0,0.13762135438909906,5,1,weighted_cka,0,0,0.0,0.0,0.0,-0.25934110176216935,-0.08547396571668586,0.8106123944892896,0.025053513250313603,0.1972559316847473,0.0,0.13762135438909906,0.13762135438909906
hrl,multi,1,weighted_cka,0,18,1.1661554959306146,300.0,0.5054930448532104,0.06268192827701569,0,0.0,0.23323109918612298,5,1,weighted_cka,0,0,0.0,0.0,0.0,-0.11179649219437857,0.42425768800172936,0.3494459465381219,0.5297088646973714,-0.025460511112229193,0.0,0.23323109918612298,0.23323109918612298
hrl,multi,1,weighted_cka,0,19,1.9739779293149682,300.0,0.6571863889694214,0.5074275135993958,0,0.0,0.3947955858629938,5,1,weighted_cka,0,0,0.0,0.0,0.0,0.009595191781175991,0.3493208196326158,1.2268944458495823,0.27076423115762727,0.11740324089396736,0.0,0.3947955858629938,0.3947955858629938
hrl,multi,1,weighted_cka,0,20,1.0624184124614646,300.0,0.5390357971191406,0.27841418981552124,0,0.0,0.21248368249229296,5,1,weighted_cka,0,0,0.0,0.0,0.0,-0.043574137424049864,0.4944121196600607,0.6912852244391976,-0.07579509094670372,-0.003909703267039832,0.0,0.21248368249229296,0.21248368249229296
hrl,multi,1,weighted_cka,0,21,0.567555750117025,300.0,0.44704389572143555,0.27565979957580566,0,0.0,0.11351115002340499,5,1,weighted_cka,0,0,0.0,0.0,0.0,0.2400141039527952,0.015325479412684057,0.21657091840714493,0.013149332775035851,0.08249591556936497,0.0,0.11351115002340499,0.11351115002340499
hrl,multi,1,weighted_cka,0,22,1.4661100965762204,300.0,0.5770588517189026,0.3388573229312897,0,0.0,0.2932220193152441,5,1,weighted_cka,0,0,0.0,0.0,0.0,-0.1400011685087814,0.2836665860041447,1.2173410435453986,0.17116334581095716,-0.06605971027549841,0.0,0.2932220193152441,0.2932220193152441
hrl,multi,1,weighted_cka,0,23,0.972707834037418,300.0,0.47057318687438965,0.2428361475467682,0,0.0,0.19454156680748363,5,1,weighted_cka,0,0,0.0,0.0,0.0,-0.1967965103799946,-0.09913304973051179,1.126215594445355,-0.0943506539799274,0.2367724536824971,0.0,0.19454156680748363,0.19454156680748363
hrl,multi,1,weighted_cka,0,24,1.5108912129366887,300.0,0.5759917497634888,0.4425012469291687,0,0.0,0.3021782425873378,5,1,weighted_cka,0,0,0.0,0.0,0.0,0.15831247078580768,0.3794938871342454,1.2526095670154316,-0.23345343367723884,-0.0460712783215568,0.0,0.3021782425873378,0.3021782425873378
hrl,multi,1,weighted_cka,0,25,1.4701920497260277,300.0,0.5670758485794067,0.3150019943714142,0,0.0,0.2940384099452056,5,1,weighted_cka,0,0,0.0,0.0,0.0,0.24625272189034142,0.33099206076655524,1.2360699787917544,-0.10539211947098386,-0.2377305922516392,0.0,0.2940384099452056,0.2940384099452056
hrl,multi,1,weighted_cka,0,26,1.8234036411584769,300.0,0.5696171522140503,0.2652776539325714,0,0.0,0.36468072823169545,5,1,weighted_cka,0,0,0.0,0.0,0.0,0.16706097134854625,0.31364845725137264,1.159764205073468,-0.22059555351187035,0.4035255609969607,0.0,0.36468072823169545,0.36468072823169545
hrl,multi,1,weighted_cka,0,27,0.9896239238245914,300.0,0.48084816336631775,0.28781816363334656,0,0.0,0.19792478476491832,5,1,weighted_cka,0,0,0.0,0.0,0.0,0.15182174514734648,0.10440271676890545,0.08369580934530063,0.10854463482741261,0.5411590177356264,0.0,0.19792478476491832,0.19792478476491832
hrl,multi,1,weighted_cka,0,28,2.321554983946406,300.0,0.6479513049125671,0.4222222566604614,0,0.0,0.4643109967892813,5,1,weighted_cka,1,6,0.2407890189048667,4.0,2.0,0.18397090629488225,1.0244915692452339,0.6817376956513616,0.06589106516321741,0.36546374759171146,0.0,0.4643109967892813,0.4643109967892813
hrl,multi,1,weighted_cka,0,29,1.4180089458076042,300.0,0.6034223437309265,0.28522157669067383,0,0.0,0.2836017891615209,5,1,weighted_cka,6,36,0.24078901890486668,4.0,2.0,0.20846607182314614,0.011540304687805335,1.1880553003847596,-0.283672234921751,0.29361950383364444,0.0,0.2836017891615209,0.2836017891615209
hrl,multi,1,weighted_cka,0,30,1.7753146342455453,300.0,0.5677859783172607,0.26984933018684387,0,0.0,0.3550629268491091,5,1,weighted_cka,5,30,0.24078901890486665,4.0,2.0,0.14903290634788569,0.3234156811594319,1.2498323204349724,-0.3141234191104307,0.3671571454136863,0.0,0.3550629268491091,0.3550629268491091
hrl,multi,1,weighted_cka,0,31,1.016245505266237,300.0,0.5549548864364624,0.3708922266960144,0,0.0,0.20324910105324742,5,1,weighted_cka,16,48,0.2407890189048667,4.0,1.5,0.12981431855680414,0.07166201900225122,-0.15000661225488926,-0.04725881754525478,1.0120345975073257,0.0,0.20324910105324742,0.20324910105324742
hrl,multi,1,weighted_cka,0,32,1.9395386115476456,300.0,0.6356779932975769,0.4719650149345398,0,0.0,0.3879077223095292,5,1,weighted_cka,4,0,0.0,4.0,1.0,0.01238186295132597,0.5709333514957687,1.230267658058088,-0.21397542020899735,0.33993115925146067,0.0,0.3879077223095292,0.3879077223095292
hrl,multi,1,weighted_cka,0,33,1.9019231911295251,300.0,0.6150007843971252,0.42796584963798523,0,0.0,0.3803846382259051,5,1,weighted_cka,6,0,0.0,4.0,1.0,-0.07918354830812328,0.2580990428181884,1.2136344319374763,0.11903921463113498,0.39033405005084915,0.0,0.3803846382259051,0.3803846382259051
hrl,multi,1,weighted_cka,0,34,1.0401730389186912,300.0,0.5080063939094543,0.38881030678749084,0,0.0,0.20803460778373828,5,1,weighted_cka,13,66,0.3110026946094251,4.0,1.8461538461538463,0.005889230509055685,0.18227363010868425,0.52089786830201,-0.0316248024808012,0.3627371124797427,0.0,0.20803460778373828,0.20803460778373828
hrl,multi,1,weighted_cka,0,35,1.8483996345876208,300.0,0.5763373374938965,0.27155008912086487,0,0.0,0.36967992691752427,5,1,weighted_cka,12,72,0.2820584321153246,4.0,2.0,-0.03131205931492155,0.43995240067923425,0.9364002807964421,0.14661058894544832,0.3567484234814182,0.0,0.36967992691752427,0.36967992691752427
hrl,multi,1,weighted_cka,0,36,1.8798140687758846,300.0,0.5996966361999512,0.37205955386161804,0,0.0,0.37596281375517704,5,1,weighted_cka,4,24,0.19522564463302294,4.0,2.0,-0.10689350747619779,0.38717633937721246,1.2234642500621264,-0.009033471714938273,0.3851004585276822,0.0,0.37596281375517704,0.37596281375517704
hrl,multi,1,weighted_cka,0,37,1.0426010661714815,300.0,0.5402426719665527,0.3322027623653412,0,0.0,0.20852021323429634,5,1,weighted_cka,7,42,0.19522564463302292,4.0,2.0,-0.3199103070769346,0.24581182307098048,0.6985975632241459,0.06305249966448168,0.35504948728880825,0.0,0.20852021323429634,0.20852021323429634
hrl,multi,1,weighted_cka,0,38,1.840756708897969,300.0,0.6094421148300171,0.34096673130989075,0,0.0,0.3681513417795939,5,1,weighted_cka,14,84,0.24712998412921167,4.0,2.0,0.18260316999349735,0.35359662620144067,1.2605085509959606,-0.325274645665428,0.3693230073724989,0.0,0.3681513417795939,0.3681513417795939
hrl,multi,1,weighted_cka,0,39,1.058389994168191,300.0,0.5201286673545837,0.40393057465553284,0,0.0,0.21167799883363822,5,1,weighted_cka,14,84,0.2824646884784065,4.0,2.0,-0.06791670874087158,0.6787181074807775,0.03046237992636414,0.006632099378621092,0.41049411612329995,0.0,0.21167799883363822,0.21167799883363822
hrl,multi,1,weighted_cka,0,40,1.7900895164996187,300.0,0.5846125483512878,0.21305206418037415,0,0.0,0.3580179032999238,5,1,weighted_cka,18,108,0.2794006720356265,4.0,2.0,0.10535013630427414,0.40060139521090765,1.2440854570874942,-0.3358686679744864,0.3759211958714294,0.0,0.3580179032999238,0.3580179032999238
hrl,multi,1,weighted_cka,0,41,1.4035401206752782,300.0,0.4690393805503845,0.28054240345954895,0,0.0,0.2807080241350557,5,1,weighted_cka,23,138,0.2384066261371659,4.0,2.0,0.10584902244497041,0.042042832512874106,0.8001063184237568,0.11113287107832726,0.34440907621534994,0.0,0.2807080241350557,0.2807080241350557
hrl,multi,1,weighted_cka,0,42,1.818158588972436,300.0,0.6163188815116882,0.3032074570655823,0,0.0,0.36363171779448733,5,1,weighted_cka,23,138,0.24461690387114352,4.0,2.0,0.12217147740349169,0.38627395429857997,1.2307071090331299,-0.38512982898909864,0.46413587722633365,0.0,0.36363171779448733,0.36363171779448733
hrl,multi,1,weighted_cka,0,43,1.8881755279144259,300.0,0.5923261046409607,0.32500144839286804,0,0.0,0.37763510558288527,5,1,weighted_cka,27,126,0.24660059470044343,4.0,1.5555555555555556,-0.10538733233904365,0.419150829576887,1.2027321339705956,0.1280884749684481,0.2435914217375392,0.0,0.37763510558288527,0.37763510558288527
hrl,multi,1,weighted_cka,0,44,2.2957509687988917,300.0,0.6341667175292969,0.3640347123146057,0,0.0,0.45915019375977845,5,1,weighted_cka,30,126,0.26035784917076304,4.0,1.4,-0.13360735416713604,0.6095107641154899,1.1933455303711669,0.2551207568109383,0.3713812716684332,0.0,0.45915019375977845,0.45915019375977845
hrl,multi,1,weighted_cka,0,45,1.8509718245604732,300.0,0.5456101298332214,0.29684069752693176,0,0.0,0.37019436491209473,5,1,weighted_cka,29,102,0.30271513911002296,4.0,1.1724137931034482,-0.2513112933981469,0.39415502531290975,1.1916959642723666,0.020283327034674538,0.49614880133866957,0.0,0.37019436491209473,0.37019436491209473
hrl,multi,1,weighted_cka,0,46,1.3749689437114272,300.0,0.4956490397453308,0.2771640717983246,0,0.0,0.2749937887422855,5,1,weighted_cka,30,144,0.30920247264293227,4.0,1.6,-0.12372386452565858,0.04851797380670897,0.8822410556789687,0.21480401005595917,0.35312976869544926,0.0,0.2749937887422855,0.2749937887422855
hrl,multi,1,weighted_cka,0,47,1.8193869431343033,300.0,0.5961405634880066,0.31621837615966797,0,0.0,0.36387738862686075,5,1,weighted_cka,31,144,0.27166082228933597,4.0,1.5483870967741935,-0.13359572695032712,0.39485507273767134,0.7120303820401311,-0.04186554599803655,0.887962761304865,0.0,0.36387738862686075,0.36387738862686075
hrl,multi,1,weighted_cka,0,48,1.0278223945360412,300.0,0.5539395809173584,0.26666975021362305,0,0.0,0.20556447890720825,5,1,weighted_cka,29,150,0.2940114609012622,4.0,1.8620689655172413,0.10261278885300265,0.04608644361893299,0.7399869781754546,0.21276988959143628,-0.07363370570278507,0.0,0.20556447890720825,0.20556447890720825
hrl,multi,1,weighted_cka,0,49,1.0493608634780673,300.0,0.5062873363494873,0.30220258235931396,0,0.0,0.2098721726956135,5,1,weighted_cka,31,150,0.2728366916216879,4.0,1.8064516129032258,0.028462440943811028,-0.03777119439188409,0.7078130550588534,0.2643387248311191,0.08651783703616811,0.0,0.2098721726956135,0.2098721726956135
hrl,multi,1,weighted_cka,0,50,1.0639591117535008,300.0,0.5923362374305725,0.3308849632740021,0,0.0,0.2127918223507002,5,1,weighted_cka,30,78,0.2732784024376518,4.0,1.2666666666666666,-0.28560487104801024,-0.03566795430192732,1.1990953148177357,0.13889180516987087,0.04724481711583195,0.0,0.2127918223507002,0.2127918223507002
hrl,multi,1,weighted_cka,0,51,1.831886164793103,300.0,0.5600696802139282,0.28022846579551697,0,0.0,0.3663772329586207,5,1,weighted_cka,30,90,0.25224949065261193,4.0,1.3333333333333333,-0.2179929956111594,0.4203484331686048,1.2292775930259374,0.07756862863316183,0.32268450557655876,0.0,0.3663772329586207,0.3663772329586207
hrl,multi,1,weighted_cka,0,52,1.88491961598629,300.0,0.6291634440422058,0.36000120639801025,0,0.0,0.3769839231972581,5,1,weighted_cka,31,120,0.2740310394022599,4.0,1.5483870967741935,0.08327025317749914,0.2784289096239953,1.2403739437469046,-0.09077806150278794,0.3736245709406793,0.0,0.3769839231972581,0.3769839231972581
hrl,multi,1,weighted_cka,0,53,1.8756742692248722,300.0,0.571820080280304,0.3615809977054596,0,0.0,0.3751348538449745,5,1,weighted_cka,28,108,0.27416452013693315,4.0,1.2857142857142858,-0.15595142085311844,0.3918021079841127,1.1995125019677286,0.06216178327403021,0.37814929685211957,0.0,0.3751348538449745,0.3751348538449745
hrl,multi,1,weighted_cka,0,54,1.0133785133541084,300.0,0.49930721521377563,0.2914997637271881,0,0.0,0.20267570267082174,5,1,weighted_cka,31,156,0.26961313097266454,4.0,1.6774193548387097,-0.07593475228641193,0.1658470860996748,0.9233980021722378,-0.1993570100105137,0.19942518737912174,0.0,0.20267570267082174,0.20267570267082174
hrl,multi,1,weighted_cka,0,55,1.879939243776788,300.0,0.6361015439033508,0.37025079131126404,0,0.0,0.3759878487553577,5,1,weighted_cka,29,150,0.27955890071704725,4.0,1.7241379310344827,0.08871813560137512,0.33163954009115687,1.2024208029265644,-0.249559838251764,0.5067206034094559,0.0,0.3759878487553577,0.3759878487553577
hrl,multi,1,weighted_cka,0,56,1.889809708090978,300.0,0.6291056871414185,0.3533889651298523,0,0.0,0.3779619416181957,5,1,weighted_cka,31,120,0.30968032838127196,4.0,1.2903225806451613,-0.28735408600035617,0.4767760095270349,1.256436943775261,0.08256230227270844,0.3613885385163302,0.0,0.3779619416181957,0.3779619416181957
hrl,multi,1,weighted_cka,0,57,1.4668627164056476,300.0,0.5697425007820129,0.36083918809890747,0,0.0,0.2933725432811296,5,1,weighted_cka,30,156,0.33757578880272027,4.0,1.7333333333333334,-0.052829301871359396,0.5144296406656502,0.8028111074351868,0.012809164824968224,0.18964210535120207,0.0,0.2933725432811296,0.2933725432811296
hrl,multi,1,weighted_cka,0,58,1.4600916032904125,300.0,0.5634598135948181,0.3732949197292328,0,0.0,0.2920183206580826,5,1,weighted_cka,29,162,0.3111508246347544,4.0,1.8620689655172413,0.16721639158576718,0.3714113122530979,0.44140852122632346,-0.030341199355607466,0.5103965775808318,0.0,0.2920183206580826,0.2920183206580826
hrl,multi,1,weighted_cka,0,59,1.8364733556409178,300.0,0.5450055599212646,0.28586915135383606,0,0.0,0.36729467112818365,5,1,weighted_cka,30,168,0.29378901821982234,4.0,1.8666666666666667,0.15049825180834153,0.33140189975174134,0.8220346462866287,-0.02141957814671337,0.5539581359409201,0.0,0.36729467112818365,0.36729467112818365
hrl,multi,1,weighted_cka,0,60,0.9842973270426216,300.0,0.48888111114501953,0.2635335624217987,0,0.0,0.19685946540852436,5,1,weighted_cka,31,108,0.26430378020917783,4.0,1.1612903225806452,-0.2961875463457767,-0.016721392219886295,1.142844714028906,0.06342058260971672,0.09094096896966208,0.0,0.19685946540852436,0.19685946540852436
hrl,multi,1,weighted_cka,0,61,1.8581382752203113,300.0,0.6185010671615601,0.3450927436351776,0,0.0,0.37162765504406237,5,1,weighted_cka,31,120,0.21796244717041474,4.0,1.2903225806451613,-0.2710694982404823,0.3521020250859436,0.7602687566205858,0.33843354701748457,0.6784034447367802,0.0,0.37162765504406237,0.37162765504406237
hrl,multi,1,weighted_cka,0,62,2.273275539050154,300.0,0.6357646584510803,0.3590206801891327,0,0.0,0.4546551078100308,5,1,weighted_cka,29,126,0.22043517196667725,4.0,1.4482758620689655,-0.0802635274852221,0.4703935209081972,1.1133607532116727,0.43202721550560075,0.33775757690990565,0.0,0.4546551078100308,0.4546551078100308
hrl,multi,1,weighted_cka,0,63,1.4612411251888249,300.0,0.530022919178009,0.34231963753700256,0,0.0,0.29224822503776504,5,1,weighted_cka,29,129,0.22261177691259426,4.0,1.8620689655172413,0.16393572385050348,0.05159117649216194,0.8165239368433826,0.11779613284580392,0.31139415515697316,0.0,0.29224822503776504,0.29224822503776504
hrl,multi,1,weighted_cka,0,64,1.8521268198310268,300.0,0.5707653760910034,0.3634013533592224,0,0.0,0.37042536396620546,5,1,weighted_cka,30,96,0.19572640331944421,4.0,1.3333333333333333,-0.2082269162405285,0.35614703347900645,1.0848090808599369,0.11115076102269805,0.5082468607099143,0.0,0.37042536396620546,0.37042536396620546
hrl,multi,1,weighted_cka,0,65,1.4382635790539995,300.0,0.591083824634552,0.30014678835868835,0,0.0,0.28765271581079993,5,1,weighted_cka,32,141,0.23905893351695973,4.0,1.5,-0.2098504892713392,0.3561413269616313,1.1807437088743606,0.06007192310946241,0.0511571093798846,0.0,0.28765271581079993,0.28765271581079993
hrl,multi,1,weighted_cka,0,66,1.7720524267156166,300.0,0.5355488061904907,0.2053106129169464,0,0.0,0.3544104853431234,5,1,weighted_cka,29,114,0.21638419616239563,4.0,1.3103448275862069,-0.29583219782554104,0.4162865361211586,1.175300066755153,0.31109371689148596,0.16520430477336046,0.0,0.3544104853431234,0.3544104853431234
hrl,multi,1,weighted_cka,0,67,1.3896040494670148,300.0,0.4957791268825531,0.26860934495925903,0,0.0,0.277920809893403,5,1,weighted_cka,29,114,0.22577131379000429,4.0,1.3103448275862069,-0.2909616790066941,0.12292548134922976,1.0943426419324238,0.1990550010686274,0.26424260412342826,0.0,0.277920809893403,0.277920809893403
hrl,multi,1,weighted_cka,0,68,1.4015576922750814,300.0,0.49440819025039673,0.2821630537509918,0,0.0,0.28031153845501633,5,1,weighted_cka,31,180,0.18577232874349459,4.0,1.935483870967742,0.17648509383038613,0.35107520219322746,0.652335567003863,0.09698636145517225,0.12467546779243266,0.0,0.28031153845501633,0.28031153845501633
hrl,multi,1,weighted_cka,0,69,1.4462228068601677,300.0,0.5353811979293823,0.3127560019493103,0,0.0,0.28924456137203364,5,1,weighted_cka,29,162,0.2179502825318241,4.0,1.8620689655172413,0.5338892212305217,0.34572122504457353,0.2880310245078285,0.16374950349749984,0.11483183257974439,0.0,0.28924456137203364,0.28924456137203364
hrl,multi,1,weighted_cka,0,70,1.8097095018292735,300.0,0.5483272671699524,0.25179895758628845,0,0.0,0.3619419003658548,5,1,weighted_cka,31,120,0.22049753544249112,4.0,1.2903225806451613,-0.24114386859914555,0.41035663521056975,1.223651076164431,0.05426396601181471,0.36258169304160387,0.0,0.3619419003658548,0.3619419003658548
hrl,multi,1,weighted_cka,0,71,1.415745391344534,300.0,0.5383387804031372,0.2917843759059906,0,0.0,0.28314907826890684,5,1,weighted_cka,29,162,0.22839457472164532,4.0,1.8620689655172413,0.09721358964627136,0.3830307134789181,0.7762192462926026,0.016264303972478814,0.1430175379542633,0.0,0.28314907826890684,0.28314907826890684
hrl,multi,1,weighted_cka,0,72,1.4759809248804219,300.0,0.5781151056289673,0.42028018832206726,0,0.0,0.29519618497608446,5,1,weighted_cka,31,150,0.23674789857285167,4.0,1.6129032258064515,-0.08079311570047874,-0.023340268137864897,1.0086839917792818,0.11275956849032065,0.45867074844916333,0.0,0.29519618497608446,0.29519618497608446
hrl,multi,1,weighted_cka,0,73,1.8341985562619798,300.0,0.5548876523971558,0.26020675897598267,0,0.0,0.3668397112523961,5,1,weighted_cka,30,168,0.20643540264801108,4.0,1.8666666666666667,0.11018759748968288,0.3966505258153192,0.7733767576737441,0.16689801297150542,0.38708566231172864,0.0,0.3668397112523961,0.3668397112523961
hrl,multi,1,weighted_cka,0,74,0.9580066596929089,300.0,0.4943947196006775,0.18649595975875854,0,0.0,0.1916013319385818,5,1,weighted_cka,31,162,0.22540235853822133,4.0,1.7419354838709677,-0.028131044253706997,1.015316555901896,-0.09730123736418367,-0.06031007742305532,0.12843246283195908,0.0,0.1916013319385818,0.1916013319385818
hrl,multi,1,weighted_cka,0,75,1.3388246208392944,300.0,0.5006068348884583,0.15083180367946625,0,0.0,0.26776492416785896,5,1,weighted_cka,30,147,0.24251205989646427,4.0,1.8666666666666667,0.1130526220991741,0.316601789944223,0.4498506151997712,0.3777551949171755,0.08156439867895093,0.0,0.26776492416785896,0.26776492416785896
hrl,multi,1,weighted_cka,0,76,1.3965495890184672,300.0,0.531823992729187,0.23165996372699738,0,0.0,0.27930991780369346,5,1,weighted_cka,29,162,0.3210673589156812,4.0,1.9310344827586208,0.10470786127075549,0.3695891673411242,0.8453191235260015,0.24637857261660967,-0.16944513573602332,0.0,0.27930991780369346,0.27930991780369346
hrl,multi,1,weighted_cka,0,77,1.4310786350139084,300.0,0.5529766082763672,0.29914823174476624,0,0.0,0.28621572700278175,5,1,weighted_cka,31,105,0.2932267432760718,4.0,1.2903225806451613,-0.30581102614352884,0.38555485344002943,1.1083900341599362,0.13637473192146699,0.10657004163600492,0.0,0.28621572700278175,0.28621572700278175
hrl,multi,1,weighted_cka,0,78,1.899304463593579,300.0,0.5863211154937744,0.39467984437942505,0,0.0,0.37986089271871587,5,1,weighted_cka,29,114,0.3094973457448599,4.0,1.4482758620689655,-0.17053079048596576,1.0017645799368617,0.6269643922543034,0.0424483337558339,0.398657948132546,0.0,0.37986089271871587,0.37986089271871587
hrl,multi,1,weighted_cka,0,79,1.847222501909299,300.0,0.6133713126182556,0.3002701997756958,0,0.0,0.3694445003818599,5,1,weighted_cka,30,162,0.3114397673447147,4.0,1.8666666666666667,0.1614703901263419,0.33340208221334605,0.9581940953823774,0.4331463503321863,-0.0389904161449523,0.0,0.3694445003818599,0.3694445003818599
hrl,multi,1,weighted_cka,0,80,1.446367832970144,300.0,0.6203631162643433,0.32026901841163635,0,0.0,0.2892735665940288,5,1,weighted_cka,29,144,0.29484387928639566,4.0,1.6551724137931034,-0.07764364153472719,0.30076591189691126,1.1795347775677216,0.12096541835926455,-0.07725463331902599,0.0,0.2892735665940288,0.2892735665940288
hrl,multi,1,weighted_cka,0,81,1.0164039963776292,300.0,0.4317249655723572,0.2767889201641083,0,0.0,0.2032807992755259,5,1,weighted_cka,31,168,0.3355799676423023,4.0,1.8064516129032258,0.018698327791644216,0.05000023128464816,0.38571769017356505,0.42537706867477365,0.13661067845299835,0.0,0.2032807992755259,0.2032807992755259
hrl,multi,1,weighted_cka,0,82,2.2658745592848604,300.0,0.6328473091125488,0.34696412086486816,0,0.0,0.4531749118569722,5,1,weighted_cka,30,138,0.25911399399256374,4.0,1.5333333333333334,-0.13964780871491544,0.3041011679570655,1.1171540933008943,0.6078099879237123,0.37645711881810423,0.0,0.4531749118569722,0.4531749118569722
hrl,multi,1,weighted_cka,0,83,2.3322434050336582,300.0,0.6450479626655579,0.41700631380081177,0,0.0,0.46644868100673176,5,1,weighted_cka,30,126,0.24875665810869677,4.0,1.4,-0.09068006751174129,0.39274174826205116,1.278491379197221,0.436064136042405,0.3156262090437229,0.0,0.46644868100673176,0.46644868100673176
hrl,multi,1,weighted_cka,0,84,1.7941947718145443,300.0,0.5395492315292358,0.2160528302192688,0,0.0,0.35883895436290897,5,1,weighted_cka,30,126,0.2871425991019148,4.0,1.4,-0.183752264802599,0.39507684956863515,1.0960629391409453,0.17153112985007457,0.31527611805748873,0.0,0.35883895436290897,0.35883895436290897
hrl,multi,1,weighted_cka,0,85,1.81794539698967,300.0,0.5403389930725098,0.2887364625930786,0,0.0,0.36358907939793406,5,1,weighted_cka,30,120,0.3299074208815549,4.0,1.3333333333333333,-0.22947904267185398,0.3779370239510171,1.1791985876113174,0.050589004747569444,0.4396998233516204,0.0,0.36358907939793406,0.36358907939793406
hrl,multi,1,weighted_cka,0,86,1.364048755940165,300.0,0.5164051055908203,0.2565135657787323,0,0.0,0.2728097511880331,5,1,weighted_cka,30,162,0.3477587005425574,4.0,1.8,-0.01844742971117379,0.35104182578949245,0.3817101811258903,0.5159160376091748,0.13382814112678165,0.0,0.2728097511880331,0.2728097511880331
hrl,multi,1,weighted_cka,0,87,1.844699240964927,300.0,0.5775214433670044,0.31454458832740784,0,0.0,0.3689398481929855,5,1,weighted_cka,29,132,0.3399158157479832,4.0,1.5172413793103448,0.45056221984332634,0.32443296146227646,0.5735752537553741,0.45778170329751433,0.038347102606436145,0.0,0.3689398481929855,0.3689398481929855
hrl,multi,1,weighted_cka,0,88,1.8104337603745067,300.0,0.598839282989502,0.2541455924510956,0,0.0,0.3620867520749015,5,1,weighted_cka,30,168,0.30764556222634765,4.0,1.8666666666666667,0.030045439271838358,0.403018368537072,0.6603041338768523,0.31499320924840846,0.4020726094403361,0.0,0.3620867520749015,0.3620867520749015
hrl,multi,1,weighted_cka,0,89,1.4742197665719674,300.0,0.5611331462860107,0.34876954555511475,0,0.0,0.2948439533143935,5,1,weighted_cka,31,162,0.23572027605254947,4.0,1.7419354838709677,0.042415121571713676,-0.027849095971789365,1.157318185136635,0.01644302575396407,0.2858925300814443,0.0,0.2948439533143935,0.2948439533143935
hrl,multi,1,weighted_cka,0,90,1.8449631081693938,300.0,0.6234309077262878,0.3889142870903015,0,0.0,0.36899262163387886,5,1,weighted_cka,29,105,0.20842149750575473,4.0,1.3793103448275863,-0.08987724137463397,0.33255883978540063,1.2543352601598015,0.3724274631156585,-0.024481213516832367,0.0,0.36899262163387886,0.36899262163387886
hrl,multi,1,weighted_cka,0,91,1.7726634470673148,300.0,0.529657244682312,0.20701730251312256,0,0.0,0.35453268941346305,5,1,weighted_cka,30,114,0.21173720352822564,4.0,1.5333333333333334,-0.21084999049460762,0.9193789715344317,0.726352069025277,-0.12844061162415912,0.46622300862637334,0.0,0.35453268941346305,0.35453268941346305
hrl,multi,1,weighted_cka,0,92,1.4003916433372057,300.0,0.5433255434036255,0.24649788439273834,0,0.0,0.2800783286674412,5,1,weighted_cka,30,162,0.20420376559359527,4.0,1.8333333333333333,0.1975841468609869,0.6743006191772873,0.21309678890532763,-0.029883912047138538,0.34529400044074277,0.0,0.2800783286674412,0.2800783286674412
hrl,multi,1,weighted_cka,0,93,0.9696012376254647,300.0,0.5056859850883484,0.2081754207611084,0,0.0,0.193920247525093,5,1,weighted_cka,31,171,0.23700505642590827,4.0,1.7419354838709677,0.15891700796224173,-0.054058512644143894,0.4149814138130745,0.12559677382057988,0.32416455467371263,0.0,0.193920247525093,0.193920247525093
hrl,multi,1,weighted_cka,0,94,1.8641894190222943,300.0,0.5919647216796875,0.37012168765068054,0,0.0,0.372837883804459,5,1,weighted_cka,30,150,0.25528042906381954,4.0,1.3666666666666667,0.47079151647584494,0.40092435727897086,0.59938759186957,0.01301710695587089,0.38006884644203803,0.0,0.372837883804459,0.372837883804459
hrl,multi,1,weighted_cka,0,95,1.8460954818237938,300.0,0.5869103074073792,0.35575979948043823,0,0.0,0.36921909636475886,5,1,weighted_cka,31,108,0.23522713825215297,4.0,0.9032258064516129,-0.2998435028554817,0.42477053875708937,1.2014879714381093,0.1587764826724305,0.36090399181164673,0.0,0.36921909636475886,0.36921909636475886
hrl,multi,1,weighted_cka,0,96,1.8524602655688782,300.0,0.5585166811943054,0.3387948274612427,0,0.0,0.37049205311377575,5,1,weighted_cka,27,144,0.21724087401045253,4.0,1.4444444444444444,-0.018337881146231746,0.38210320806836523,1.2029771602679973,-0.0671011376190002,0.35281891599774806,0.0,0.37049205311377575,0.37049205311377575
hrl,multi,1,weighted_cka,0,97,2.322466853830882,300.0,0.6515082716941833,0.4399753510951996,0,0.0,0.46449337076617647,5,1,weighted_cka,31,138,0.2654025312961322,4.0,1.2903225806451613,-0.13589011103221874,0.42033904128981503,1.2029632621080961,0.4869482277210989,0.34810643374409106,0.0,0.46449337076617647,0.46449337076617647
hrl,multi,1,weighted_cka,0,98,0.9541318386420232,300.0,0.5437659025192261,0.28481441736221313,0,0.0,0.1908263677284047,5,1,weighted_cka,30,174,0.3381890753797908,4.0,1.8,0.08486241134727601,-0.09647721466701488,0.36216070993000127,0.045108731477310204,0.5584772005544508,0.0,0.1908263677284047,0.1908263677284047
hrl,multi,1,weighted_cka,0,99,1.795718374298302,300.0,0.5705441236495972,0.30480679869651794,0,0.0,0.3591436748596605,5,1,weighted_cka,32,102,0.30739765504612115,4.0,1.03125,-0.4498925878432933,0.49569322051247566,1.279409300302679,0.038461060193832886,0.4320473811326081,0.0,0.3591436748596605,0.3591436748596605
hrl,multi,1,weighted_cka,0,100,2.2574952307753833,300.0,0.6202713847160339,0.29214712977409363,0,0.0,0.45149904615507674,5,1,weighted_cka,29,141,0.32344521963490086,4.0,1.5862068965517242,0.10506760486631528,0.4285907086795194,1.0170145995794733,0.36814427901213626,0.3386780386379395,0.0,0.45149904615507674,0.45149904615507674
hrl,multi,1,weighted_cka,0,101,1.2089213348841428,300.0,0.4096086621284485,0.14082308113574982,0,0.0,0.24178426697682864,5,1,weighted_cka,29,150,0.2789931506891019,4.0,1.7241379310344827,0.13140840710879997,0.3530890401096693,0.1266238140170457,0.48450202119717123,0.11329805245145685,0.0,0.24178426697682864,0.24178426697682864
hrl,multi,1,weighted_cka,0,102,1.357858475211832,300.0,0.5122337341308594,0.22742803394794464,0,0.0,0.27157169504236645,5,1,weighted_cka,31,171,0.2383503237182343,4.0,1.935483870967742,0.10114470921456808,0.02576073879608876,0.7325316721192207,0.14322402640338971,0.355197328678565,0.0,0.27157169504236645,0.27157169504236645
hrl,multi,1,weighted_cka,0,103,0.9907214074506543,300.0,0.38801756501197815,0.030735619366168976,0,0.0,0.1981442814901309,5,1,weighted_cka,31,162,0.252342265028148,4.0,1.8709677419354838,0.024343560387613216,0.36197427021057943,0.00038845357409391865,0.5251064102887174,0.07890871298965063,0.0,0.1981442814901309,0.1981442814901309
hrl,multi,1,weighted_cka,0,104,1.7795674773878987,300.0,0.533157229423523,0.21132588386535645,0,0.0,0.35591349547757983,5,1,weighted_cka,29,159,0.16302883464592358,4.0,1.9310344827586208,0.1525730912480503,0.30689024605261506,0.7530366642393341,-0.004569071579258972,0.5716365474271586,0.0,0.35591349547757983,0.35591349547757983
hrl,multi,1,weighted_cka,0,105,0.9228920238048874,300.0,0.540635347366333,0.17041896283626556,0,0.0,0.18457840476097756,5,1,weighted_cka,30,159,0.21965818617707927,4.0,2.0,0.10161270711012182,-0.0012439985242673375,-0.064052975284198,0.6225015196092425,0.2640747708939888,0.0,0.18457840476097756,0.18457840476097756
hrl,multi,1,weighted_cka,0,106,1.4795399019227249,300.0,0.6101711988449097,0.3944038152694702,0,0.0,0.2959079803845451,5,1,weighted_cka,30,147,0.23618195562390926,4.0,1.8,-0.00673607135005299,-0.04718813562765725,1.2432934437743386,-0.25549083232969166,0.5456614974557886,0.0,0.2959079803845451,0.2959079803845451
hrl,multi,1,weighted_cka,0,107,1.3850007890110634,300.0,0.4998079240322113,0.2508491575717926,0,0.0,0.27700015780221277,5,1,weighted_cka,29,111,0.26185437321979743,4.0,1.5172413793103448,-0.1754771444671789,0.3340775291726967,0.6770819284596361,0.12382387608289713,0.42549459976301274,0.0,0.27700015780221277,0.27700015780221277
hrl,multi,1,weighted_cka,0,108,1.887478901819121,300.0,0.6181408762931824,0.3925751745700836,0,0.0,0.37749578036382425,5,1,weighted_cka,31,132,0.2628969051452271,4.0,1.6129032258064515,-0.016412369158759314,0.3267047653071639,0.6363049820786397,0.4176397250631415,0.5232417985289356,0.0,0.37749578036382425,0.37749578036382425
hrl,multi,1,weighted_cka,0,109,0.4188576010135865,300.0,0.3916749656200409,0.20317131280899048,0,0.0,0.08377152020271732,5,1,weighted_cka,30,159,0.2795830746410048,4.0,1.8333333333333333,0.11462459615245457,-0.033582021135953405,0.1251259589236864,-0.03141379190306187,0.2441028589764609,0.0,0.08377152020271732,0.08377152020271732
hrl,multi,1,weighted_cka,0,110,0.46251305868354287,300.0,0.40022215247154236,0.1668691635131836,0,0.0,0.09250261173670858,5,1,weighted_cka,30,168,0.28669948628258646,4.0,1.8333333333333333,0.027757516354788073,0.261976872748928,0.17597178555739745,-0.045122333941049975,0.04192921796347937,0.0,0.09250261173670858,0.09250261173670858
hrl,multi,1,weighted_cka,0,111,1.8098458636632118,300.0,0.5568445324897766,0.23227085173130035,0,0.0,0.36196917273264245,5,1,weighted_cka,30,93,0.2370272204798803,4.0,1.1,-0.32079837236358466,0.34899668682645996,1.1535979301952755,0.024869893470778986,0.6031797255342825,0.0,0.36196917273264245,0.36196917273264245
hrl,multi,1,weighted_cka,0,112,1.4454225362002022,300.0,0.5301282405853271,0.3028120994567871,0,0.0,0.28908450724004053,5,1,weighted_cka,30,153,0.2379059901077817,4.0,1.5666666666666667,0.138635360770917,-0.04669654973875742,0.9024037044824796,-0.13666897529945735,0.5877489959850207,0.0,0.28908450724004053,0.28908450724004053
hrl,multi,1,weighted_cka,0,113,1.3721018345619074,300.0,0.5127671957015991,0.24422240257263184,0,0.0,0.2744203669123816,5,1,weighted_cka,29,153,0.22068520909853043,4.0,1.7241379310344827,0.09539012873824682,-0.05778603241324905,0.8090921289640242,-0.10241219613375158,0.6278178054066373,0.0,0.2744203669123816,0.2744203669123816
hrl,multi,1,weighted_cka,0,114,1.3669890741180994,300.0,0.5037176609039307,0.23064830899238586,0,0.0,0.2733978148236199,5,1,weighted_cka,31,138,0.22948061733318653,4.0,1.5161290322580645,-0.08709385221108105,1.1789985926076767,-0.2421731425142356,0.4033682013554497,0.11388927488028999,0.0,0.2733978148236199,0.2733978148236199
hrl,multi,1,weighted_cka,0,115,1.4370495848048437,300.0,0.589826226234436,0.3150019943714142,0,0.0,0.28740991696096885,5,1,weighted_cka,29,162,0.20182118856690437,4.0,1.6206896551724137,0.11938059917651112,-0.056953118538018405,0.3362812792016192,0.011424447959565098,1.026916377005167,0.0,0.28740991696096885,0.28740991696096885
hrl,multi,1,weighted_cka,0,116,2.3180462716103634,300.0,0.6474912762641907,0.42002105712890625,0,0.0,0.46360925432207284,5,1,weighted_cka,30,150,0.24222839711580585,4.0,1.6666666666666667,-0.071928499259695,0.3977865779206621,0.7408438022236804,0.23291618576087034,1.018428204964846,0.0,0.46360925432207284,0.46360925432207284
hrl,multi,1,weighted_cka,0,117,0.569477634172971,300.0,0.5173861980438232,0.2757212817668915,0,0.0,0.11389552683459422,5,1,weighted_cka,31,162,0.28361077355693015,4.0,1.8064516129032258,0.14966875108331434,-0.040877443423494794,-0.10794777176232356,0.5475342603636943,0.021099837911780852,0.0,0.11389552683459422,0.11389552683459422
hrl,multi,1,weighted_cka,0,118,1.8496271463070557,300.0,0.6179977655410767,0.2993007302284241,0,0.0,0.36992542926141125,5,1,weighted_cka,30,87,0.32451444073976043,4.0,1.2,-0.11283768857491686,-0.06976894521561933,0.5713363545797764,0.9942104964867738,0.46668692903104214,0.0,0.36992542926141125,0.36992542926141125
hrl,multi,1,weighted_cka,0,119,1.8313423876497823,300.0,0.5484488606452942,0.30966585874557495,0,0.0,0.3662684775299565,5,1,weighted_cka,30,75,0.31062514391105495,4.0,1.0666666666666667,0.0615594902201555,1.044237869317643,0.553205228265171,-0.17294769891630896,0.34528749876312204,0.0,0.3662684775299565,0.3662684775299565
hrl,multi,1,weighted_cka,0,120,1.8999028956895914,300.0,0.6105083227157593,0.3688889741897583,0,0.0,0.3799805791379184,5,1,weighted_cka,30,78,0.2824823717910667,4.0,1.3333333333333333,0.003271571395453036,0.3609516643923707,0.6875475556190357,-0.2068272953741256,1.054959399656858,0.0,0.3799805791379184,0.3799805791379184
hrl,multi,1,weighted_cka,0,121,1.7942809925280003,300.0,0.5991553068161011,0.3675890862941742,0,0.0,0.3588561985056002,5,1,weighted_cka,30,114,0.20621049472598582,4.0,1.4666666666666666,0.04679341871524215,0.9669719010261467,-0.03027720547435473,0.4499524240616154,0.36084045419935123,0.0,0.3588561985056002,0.3588561985056002
hrl,multi,1,weighted_cka,0,122,1.8295365665944687,300.0,0.5426365733146667,0.27655327320098877,0,0.0,0.3659073133188938,5,1,weighted_cka,29,90,0.18827236747900108,4.0,1.4482758620689655,0.05318432190781455,1.140038396941323,0.605381613481324,-0.30390501434728534,0.3348372486112929,0.0,0.3659073133188938,0.3659073133188938
hrl,multi,1,weighted_cka,0,123,1.3524885455350146,300.0,0.5199517011642456,0.2049824744462967,0,0.0,0.270497709107003,5,1,weighted_cka,31,144,0.22607419330522951,4.0,1.7419354838709677,0.6137958558611571,-0.05151213535410365,0.5014183425981315,-0.11632714984565988,0.4051136322754899,0.0,0.270497709107003,0.270497709107003
hrl,multi,1,weighted_cka,0,124,0.914642527923387,300.0,0.41003140807151794,0.17672209441661835,0,0.0,0.18292850558467744,5,1,weighted_cka,29,156,0.326845055220148,4.0,1.8620689655172413,0.07195731303049246,0.6762444613948464,-0.4933498346059357,0.1015353308063931,0.5582552572975908,0.0,0.18292850558467744,0.18292850558467744
hrl,multi,1,weighted_cka,0,125,1.8861951893049977,300.0,0.5909424424171448,0.408119797706604,0,0.0,0.37723903786099966,5,1,weighted_cka,31,102,0.24201825814230657,4.0,1.3870967741935485,-0.011718877246923602,0.4941214139650981,0.4611388409560312,0.48679019261803447,0.45586361901275796,0.0,0.37723903786099966,0.37723903786099966
hrl,multi,1,weighted_cka,0,126,2.2930707736581084,300.0,0.6409819722175598,0.38532304763793945,0,0.0,0.45861415473162176,5,1,weighted_cka,29,96,0.2607695603649458,4.0,1.5517241379310345,0.12251437579607585,1.009938430502603,0.5923894115860456,0.19027701060497182,0.37795154516841273,0.0,0.45861415473162176,0.45861415473162176
hrl,multi,1,weighted_cka,0,127,0.977176537671038,300.0,0.43826714158058167,0.23516905307769775,0,0.0,0.19543530753420763,5,1,weighted_cka,30,150,0.30402868138630434,4.0,1.8333333333333333,0.04542715371493247,1.1758378778730982,-0.416793475826024,0.26109459825325754,-0.08838961634422605,0.0,0.19543530753420763,0.19543530753420763
hrl,multi,1,weighted_cka,0,128,1.5121333414286697,300.0,0.5866044759750366,0.42502662539482117,0,0.0,0.302426668285734,5,1,weighted_cka,32,99,0.29451333250891976,4.0,1.40625,-0.0811407794183471,1.0374342492971915,0.5407521940316072,-0.17989764342728468,0.19498532094550303,0.0,0.302426668285734,0.302426668285734
hrl,multi,1,weighted_cka,0,129,1.4354783874991357,300.0,0.6008869409561157,0.3758206069469452,0,0.0,0.28709567749982723,5,1,weighted_cka,30,123,0.28235532085143816,4.0,1.5333333333333334,-0.013527099232655191,0.33903512840624894,0.5772863744157073,-0.05409133102099112,0.5867753149308262,0.0,0.28709567749982723,0.28709567749982723
hrl,multi,1,weighted_cka,0,130,1.8428365652507623,300.0,0.5699880719184875,0.28013506531715393,0,0.0,0.36856731305015256,5,1,weighted_cka,28,132,0.2679129539674568,4.0,1.5714285714285714,-0.16204478386859428,0.3494013637873576,0.7283865667507051,-0.0953537891079907,1.022447207689285,0.0,0.36856731305015256,0.36856731305015256
hrl,multi,1,weighted_cka,0,131,2.279629213122824,300.0,0.635453462600708,0.3699377477169037,0,0.0,0.45592584262456504,5,1,weighted_cka,30,123,0.25545650381462515,4.0,1.5333333333333334,-0.07103603573946765,0.5887392124314791,0.5035736884768119,0.2213295111278419,1.0370228368261594,0.0,0.45592584262456504,0.45592584262456504
hrl,multi,1,weighted_cka,0,132,2.331638436959473,300.0,0.6514443755149841,0.44305896759033203,0,0.0,0.4663276873918947,5,1,weighted_cka,31,120,0.2472320187838451,4.0,1.5483870967741935,-0.07294844320285503,0.4275457766457401,0.5190583939956849,0.43296629842597734,1.025016411094926,0.0,0.4663276873918947,0.4663276873918947
hrl,multi,1,weighted_cka,0,133,0.5456137431763626,300.0,0.41734495759010315,0.23446355760097504,0,0.0,0.10912274863527253,5,1,weighted_cka,30,126,0.31957519652904076,4.0,1.4666666666666666,-0.14329175859922566,0.031894668215769265,-0.149898579892441,0.09659761629812413,0.710311797154136,0.0,0.10912274863527253,0.10912274863527253
hrl,multi,1,weighted_cka,0,134,2.296590499376542,300.0,0.6394234299659729,0.37876349687576294,0,0.0,0.45931809987530847,5,1,weighted_cka,31,111,0.26893558028595277,4.0,1.3548387096774193,-0.2052480721746836,0.4180238105870956,0.7046061637920792,0.34869825608748933,1.030510341084562,0.0,0.45931809987530847,0.45931809987530847
hrl,multi,1,weighted_cka,0,135,1.6404170539717584,300.0,0.4943787455558777,0.12371315807104111,0,0.0,0.32808341079435177,5,1,weighted_cka,29,114,0.2527410403856772,4.0,1.5172413793103448,-0.12611309957591602,0.3770169950237905,0.032523825530602846,0.346656313573243,1.0103330194200386,0.0,0.32808341079435177,0.32808341079435177
hrl,multi,1,weighted_cka,0,136,1.8490763762947595,300.0,0.6174428462982178,0.352501779794693,0,0.0,0.36981527525895197,5,1,weighted_cka,30,153,0.31841790691293187,4.0,1.8666666666666667,0.14919090335443608,0.3530279276021246,0.22229957621812318,0.060776086262638085,1.063781882857438,0.0,0.36981527525895197,0.36981527525895197
hrl,multi,1,weighted_cka,0,137,0.4970417912671099,300.0,0.3962908387184143,0.21712228655815125,0,0.0,0.09940835825342201,5,1,weighted_cka,30,162,0.3109731581107326,4.0,1.9333333333333333,0.08646198814036321,-0.0011952119511553227,-0.3937274180889369,0.03426550152432163,0.7712369316425174,0.0,0.09940835825342201,0.09940835825342201
hrl,multi,1,weighted_cka,0,138,1.8857348535620972,300.0,0.643903911113739,0.4105117619037628,0,0.0,0.37714697071241954,5,1,weighted_cka,31,129,0.2949527803258164,4.0,1.6129032258064515,0.03497832277324034,0.2638742330514068,0.7402549592116264,-0.1770666307215726,1.0236939692473968,0.0,0.37714697071241954,0.37714697071241954
hrl,multi,1,weighted_cka,0,139,1.8375426137868076,300.0,0.56024169921875,0.2483832836151123,0,0.0,0.3675085227573616,5,1,weighted_cka,28,111,0.32110976128184826,4.0,1.5714285714285714,-0.09739101840628446,0.3861313617022241,0.6165250107059254,-0.15416787384338038,1.0864451336283234,0.0,0.3675085227573616,0.3675085227573616
hrl,multi,1,weighted_cka,0,140,1.3976757531778263,300.0,0.5763673782348633,0.23560790717601776,0,0.0,0.27953515063556533,5,1,weighted_cka,30,117,0.32813786966164094,4.0,1.5333333333333334,0.3171954091954974,0.04938453369960172,0.8158605776201001,-0.04275380073902507,0.2579890334016526,0.0,0.27953515063556533,0.27953515063556533
hrl,multi,1,weighted_cka,0,141,1.7489195788111815,300.0,0.49201545119285583,0.17181020975112915,0,0.0,0.3497839157622364,5,1,weighted_cka,32,156,0.3487751776918668,4.0,1.8125,0.044154618828091685,0.405407858664519,0.35286898566657293,-0.1297006541560405,1.0761887698080388,0.0,0.3497839157622364,0.3497839157622364
hrl,multi,1,weighted_cka,0,142,0.5716148736206765,300.0,0.5150555372238159,0.30021852254867554,0,0.0,0.11432297472413533,5,1,weighted_cka,29,135,0.28599384868619615,4.0,1.8620689655172413,0.1412607537545263,-0.08101068139740204,0.4763888459021688,-0.23771828722499802,0.27269424258638164,0.0,0.11432297472413533,0.11432297472413533
hrl,multi,1,weighted_cka,0,143,2.301574773019091,300.0,0.6407073736190796,0.3836495280265808,0,0.0,0.46031495460381827,5,1,weighted_cka,30,126,0.2987458621992355,4.0,1.5333333333333334,-0.018947021846077626,0.2590937640236805,0.448101690897747,0.5167383992419926,1.096587940701749,0.0,0.46031495460381827,0.46031495460381827
hrl,multi,1,weighted_cka,0,144,1.8261022585465967,300.0,0.6031162738800049,0.29613620042800903,0,0.0,0.36522045170931944,5,1,weighted_cka,30,150,0.2972082143476181,4.0,1.8666666666666667,0.10804887412581589,-0.04397328183369259,0.3005176752947733,0.34194999368408013,1.1195589972756204,0.0,0.36522045170931944,0.36522045170931944
hrl,multi,1,weighted_cka,0,145,0.975575876458787,300.0,0.4840233325958252,0.20584526658058167,0,0.0,0.1951151752917574,5,1,weighted_cka,30,99,0.30264432183624007,4.0,1.2666666666666666,-0.3331280048959892,0.004276746824878344,0.0532960534496012,0.11760152091388587,1.1335295601664108,0.0,0.1951151752917574,0.1951151752917574
hrl,multi,1,weighted_cka,0,146,1.9376215809994037,300.0,0.6413951516151428,0.45382779836654663,0,0.0,0.3875243161998808,5,1,weighted_cka,30,123,0.3045315245095804,4.0,1.7333333333333334,0.14536062517622475,0.3291273359065234,-0.12671347180132372,0.5057312679801688,1.084115823737811,0.0,0.3875243161998808,0.3875243161998808
hrl,multi,1,weighted_cka,0,147,1.3510990758528338,300.0,0.5166900753974915,0.19959773123264313,0,0.0,0.2702198151705668,5,1,weighted_cka,30,99,0.31291493892352656,4.0,1.3333333333333333,-0.2247598305161812,0.39737289983377544,-0.03986085246637254,0.21775184079818422,1.0005950182034282,0.0,0.2702198151705668,0.2702198151705668
hrl,multi,1,weighted_cka,0,148,1.416533975106721,300.0,0.5778841376304626,0.2652839720249176,0,0.0,0.28330679502134426,5,1,weighted_cka,30,123,0.2365210132954421,4.0,1.8666666666666667,0.06715189704048675,0.41763470535364455,0.7890866903458953,-0.3337392671075653,0.47639994947426,0.0,0.28330679502134426,0.28330679502134426
hrl,multi,1,weighted_cka,0,149,1.7993147957167808,300.0,0.5522903800010681,0.2057289481163025,0,0.0,0.35986295914335625,5,1,weighted_cka,29,93,0.2368365226161433,4.0,1.103448275862069,-0.5424505145702282,0.4034179282216354,0.6688929588631726,0.19323425876721734,1.076220164434984,0.0,0.35986295914335625,0.35986295914335625
hrl,multi,1,weighted_cka,0,150,0.835991355419718,300.0,0.4521658420562744,0.14975285530090332,0,0.0,0.16719827108394364,5,1,weighted_cka,29,168,0.2381093398679696,4.0,1.9310344827586208,0.02982458192296324,0.029524828370660398,-0.28910693446048435,-0.06532169548282413,1.131070575069403,0.0,0.16719827108394364,0.16719827108394364
hrl,multi,1,weighted_cka,0,151,1.3704365587578637,300.0,0.5423344969749451,0.23906350135803223,0,0.0,0.27408731175157286,5,1,weighted_cka,32,174,0.198163577143434,4.0,1.875,0.2172482334831729,-0.026554369685691304,0.5210803547699469,-0.4397511479465178,1.0984134881369534,0.0,0.27408731175157286,0.27408731175157286
hrl,multi,1,weighted_cka,0,152,1.8599782985440911,300.0,0.5725824236869812,0.3180660009384155,0,0.0,0.37199565970881837,5,1,weighted_cka,29,114,0.2517735230148167,4.0,1.6551724137931034,-0.008535757122095783,0.42546949469926754,0.7307496545638422,-0.2055799318012198,0.9178748382042975,0.0,0.37199565970881837,0.37199565970881837
hrl,multi,1,weighted_cka,0,153,2.316944674998375,300.0,0.6520703434944153,0.44520890712738037,0,0.0,0.46338893499967504,5,1,weighted_cka,31,120,0.2935184711997738,4.0,1.4838709677419355,-0.17289277134952152,0.38926647719409074,0.6635924045230494,0.3986836247202007,1.038294939910556,0.0,0.46338893499967504,0.46338893499967504
hrl,multi,1,weighted_cka,0,154,2.3214007710233986,300.0,0.653117835521698,0.44401997327804565,0,0.0,0.46428015420467983,5,1,weighted_cka,30,102,0.3505857165531425,4.0,1.3666666666666667,0.0006936332696639395,0.28230148855212595,0.5801527583224232,0.31550235187890924,1.1427505390002768,0.0,0.46428015420467983,0.46428015420467983
hrl,multi,1,weighted_cka,0,155,1.4167505717356095,300.0,0.5803695321083069,0.25235360860824585,0,0.0,0.28335011434712193,5,1,weighted_cka,30,90,0.32893648666584896,4.0,1.1666666666666667,-0.2497697054659368,0.006180176801048119,0.4926932737053137,-0.008860062198713565,1.1765068888938983,0.0,0.28335011434712193,0.28335011434712193
hrl,multi,1,weighted_cka,0,156,1.2749314948046946,300.0,0.4632231593132019,0.1993960291147232,0,0.0,0.25498629896093894,5,1,weighted_cka,29,78,0.21194386563775147,4.0,0.9655172413793104,0.2322906553754578,-0.07783985740132635,0.7306501289992592,0.031065181959551328,0.35876538587175294,0.0,0.25498629896093894,0.25498629896093894
hrl,multi,1,weighted_cka,0,157,1.4107628824400296,300.0,0.5118409395217896,0.17258664965629578,0,0.0,0.28215257648800596,5,1,weighted_cka,31,162,0.22999375902261923,4.0,1.7741935483870968,0.029295358521630916,0.4354744471825832,-0.3176863924888899,0.06533329130057242,1.1983461779241331,0.0,0.28215257648800596,0.28215257648800596
hrl,multi,1,weighted_cka,0,158,0.9851910914803272,300.0,0.4843209683895111,0.2296561747789383,0,0.0,0.19703821829606546,5,1,weighted_cka,29,108,0.25562636332366073,4.0,1.2758620689655173,-0.16293752009041812,0.06738592852471426,-0.014475150496699049,0.06422218994144346,1.0309956436012868,0.0,0.19703821829606546,0.19703821829606546
hrl,multi,1,weighted_cka,0,159,1.3946306741469003,300.0,0.5600622892379761,0.22357124090194702,0,0.0,0.27892613482938017,5,1,weighted_cka,31,126,0.30615768389164233,4.0,1.5161290322580645,-0.038375282412394976,0.04379154142932373,0.25669467259454515,0.08373153490002716,1.0487882076353996,0.0,0.27892613482938017,0.27892613482938017
hrl,multi,1,weighted_cka,0,160,1.8438355771202155,300.0,0.5956116914749146,0.3054870665073395,0,0.0,0.36876711542404317,5,1,weighted_cka,30,156,0.27553397982495653,4.0,1.7666666666666666,0.0558718551548663,0.26373633873092855,0.01864919250167409,0.3704828599775209,1.135095330755226,0.0,0.36876711542404317,0.36876711542404317
hrl,multi,1,weighted_cka,0,161,0.7943332079696109,300.0,0.38783788681030273,0.18362079560756683,0,0.0,0.1588666415939222,5,1,weighted_cka,30,126,0.3010232382245692,4.0,1.4,-0.19805236741481375,0.14162176107033142,-0.26527889440505564,0.0647087725996971,1.0513339361194518,0.0,0.1588666415939222,0.1588666415939222
hrl,multi,1,weighted_cka,0,162,1.3402446426931407,300.0,0.4893765449523926,0.18058834969997406,0,0.0,0.26804892853862816,5,1,weighted_cka,29,126,0.25553540732317825,4.0,1.4482758620689655,-0.2509039477779299,-0.07381468615622737,0.44418241260648916,0.15137202111212522,1.0694088429086839,0.0,0.26804892853862816,0.26804892853862816
hrl,multi,1,weighted_cka,0,163,1.8155917262690182,300.0,0.5468717217445374,0.2618909180164337,0,0.0,0.3631183452538037,5,1,weighted_cka,30,108,0.23550727159283807,4.0,1.2,-0.3385346390739804,0.3279586833425345,0.6296125124455428,0.10579185992386186,1.0907633096310598,0.0,0.3631183452538037,0.3631183452538037
hrl,multi,1,weighted_cka,0,164,2.2736624878256393,300.0,0.6377230286598206,0.36262133717536926,0,0.0,0.45473249756512796,5,1,weighted_cka,31,132,0.23114301557558026,4.0,1.4193548387096775,-0.055545999759342754,0.278240560944192,1.0759338447218467,0.3471867333958507,0.6278473485230932,0.0,0.45473249756512796,0.45473249756512796
hrl,multi,1,weighted_cka,0,165,2.299215450131122,300.0,0.6385403275489807,0.3799748122692108,0,0.0,0.4598430900262245,5,1,weighted_cka,31,144,0.2264850219664901,4.0,1.6129032258064515,-0.09390053276286943,0.29047852974993277,0.5627451975876464,0.34026293881807196,1.1996293167383407,0.0,0.4598430900262245,0.4598430900262245
hrl,multi,1,weighted_cka,0,166,1.747473882634948,300.0,0.5449551343917847,0.2499900609254837,0,0.0,0.3494947765269897,5,1,weighted_cka,28,96,0.23233562771450575,4.0,1.5,-0.14374367413367165,0.22253376988042123,0.07009190791659048,0.4452100473731405,1.1533818315984679,0.0,0.3494947765269897,0.3494947765269897
hrl,multi,1,weighted_cka,0,167,1.164311858113341,300.0,0.3997979760169983,0.11197895556688309,0,0.0,0.23286237162266823,5,1,weighted_cka,30,72,0.26983792723749994,4.0,1.2,-0.36638382852150275,0.2856075219975717,-0.020967423787864516,0.1350773247759789,1.1309782636491579,0.0,0.23286237162266823,0.23286237162266823
hrl,multi,1,weighted_cka,0,168,2.305407668340102,300.0,0.6457769274711609,0.4106040894985199,0,0.0,0.4610815336680206,5,1,weighted_cka,30,120,0.2326740175934313,4.0,1.8,0.10039757823222306,0.24747217505369898,0.7028933598990551,0.28606817065220075,0.9685763845029248,0.0,0.4610815336680206,0.4610815336680206
hrl,multi,1,weighted_cka,0,169,1.836405724097402,300.0,0.5393096208572388,0.2796941101551056,0,0.0,0.3672811448194805,5,1,weighted_cka,31,168,0.31505671091960546,4.0,1.8709677419354838,0.1472036126814782,0.18922091429163612,0.2702067539020205,0.1306030690539628,1.099171374168305,0.0,0.3672811448194805,0.3672811448194805
hrl,multi,1,weighted_cka,0,170,1.3308790548559033,300.0,0.5085192918777466,0.22794997692108154,0,0.0,0.2661758109711807,5,1,weighted_cka,29,102,0.32430407647557846,4.0,1.5862068965517242,-0.07969628313288572,-0.06181165551859895,0.5281898455065673,-0.20587622361630223,1.1500733716171232,0.0,0.2661758109711807,0.2661758109711807
hrl,multi,1,weighted_cka,0,171,2.2661295182428134,300.0,0.6301029324531555,0.34257835149765015,0,0.0,0.45322590364856274,5,1,weighted_cka,32,114,0.3421181339314882,4.0,1.625,0.019120507131796173,0.37391329949488855,0.449353474078234,0.28298733485702526,1.1407549026808699,0.0,0.45322590364856274,0.45322590364856274
hrl,multi,1,weighted_cka,0,172,1.4902655698194787,300.0,0.6034319400787354,0.3761947453022003,0,0.0,0.29805311396389583,5,1,weighted_cka,28,96,0.3690015591922901,4.0,1.5,-0.08448339962615878,0.05391254118166389,0.5069658909864955,0.11918745445267298,0.8946830828248055,0.0,0.29805311396389583,0.29805311396389583
hrl,multi,1,weighted_cka,0,173,1.4359198362695667,300.0,0.5661309361457825,0.29548943042755127,0,0.0,0.2871839672539134,5,1,weighted_cka,30,144,0.35268259091978066,4.0,1.7333333333333334,0.07738373121479514,0.16665686805790747,-0.22461203387435705,0.3339026410403602,1.0825886298308611,0.0,0.2871839672539134,0.2871839672539134
hrl,multi,1,weighted_cka,0,174,1.8499088719654524,300.0,0.5319262742996216,0.2616131901741028,0,0.0,0.36998177439309055,5,1,weighted_cka,32,156,0.3306339194209843,4.0,1.625,-0.1570083160400392,0.3558158354403275,0.4720069772099956,0.13152567436126986,1.047568700993899,0.0,0.36998177439309055,0.36998177439309055
hrl,multi,1,weighted_cka,0,175,1.382062687396318,300.0,0.4599800109863281,0.23269277811050415,0,0.0,0.2764125374792637,5,1,weighted_cka,29,120,0.3233366738624903,4.0,1.3793103448275863,-0.20667101731937168,0.0851204622741788,0.7478737106143521,0.12459181221015747,0.6311477196170016,0.0,0.2764125374792637,0.2764125374792637
hrl,multi,1,weighted_cka,0,176,0.9339120449132668,300.0,0.44323405623435974,0.22569553554058075,0,0.0,0.1867824089826534,5,1,weighted_cka,29,126,0.29018300577064216,4.0,1.4482758620689655,-0.16612007634461792,0.039434287339099594,0.3377769041572751,0.0727947876229882,0.650026142138522,0.0,0.1867824089826534,0.1867824089826534
hrl,multi,1,weighted_cka,0,177,1.394107443616666,300.0,0.5243453979492188,0.24151328206062317,0,0.0,0.27882148872333323,5,1,weighted_cka,31,126,0.27267233459899115,4.0,1.3548387096774193,-0.12344845870975435,-0.00892806185153324,0.053208101935684524,0.35355627508525495,1.1197195871570145,0.0,0.27882148872333323,0.27882148872333323
hrl,multi,1,weighted_cka,0,178,1.2754671417402266,300.0,0.49764734506607056,0.1383492350578308,0,0.0,0.2550934283480454,5,1,weighted_cka,31,174,0.2946165621575791,4.0,1.8709677419354838,0.03665126450837121,0.3586372128408401,-0.3058675836941406,-0.02883217293181233,1.2148784210169685,0.0,0.2550934283480454,0.2550934283480454
hrl,multi,1,weighted_cka,0,179,0.9143269387743191,300.0,0.35593241453170776,0.12612572312355042,0,0.0,0.18286538775486383,5,1,weighted_cka,29,156,0.3452675972270045,4.0,1.793103448275862,0.09484456780552852,0.10348874829336996,-0.47284022822754984,0.09803464286401864,1.090799208038952,0.0,0.18286538775486383,0.18286538775486383
hrl,multi,1,weighted_cka,0,180,1.0377272490324674,300.0,0.5650909543037415,0.3393782079219818,0,0.0,0.20754544980649353,5,1,weighted_cka,30,138,0.32823213937063045,4.0,1.5333333333333334,-4.3267282657553224e-05,0.02190787496604021,-0.12947988822602235,0.35960068108607074,0.7857418484890366,0.0,0.20754544980649353,0.20754544980649353
hrl,multi,1,weighted_cka,0,181,1.850549510467316,300.0,0.6154198050498962,0.29680871963500977,0,0.0,0.3701099020934633,5,1,weighted_cka,30,162,0.25624479387598226,4.0,1.8,-0.003515851454110843,0.5869232675489037,1.1532312049244062,-0.21578722590743596,0.3296981153555533,0.0,0.3701099020934633,0.3701099020934633
hrl,multi,1,weighted_cka,0,182,1.2354272635330732,300.0,0.4973423480987549,0.18374860286712646,0,0.0,0.24708545270661472,5,1,weighted_cka,30,174,0.33960897396367545,4.0,1.9333333333333333,0.1405501594636589,0.3732663287499453,-0.19480001679668252,0.10730257512101149,0.8091082169951404,0.0,0.24708545270661472,0.24708545270661472
hrl,multi,1,weighted_cka,0,183,2.3343582980396675,300.0,0.6549041867256165,0.4575587809085846,0,0.0,0.4668716596079336,5,1,weighted_cka,30,120,0.30883752982146206,4.0,1.3333333333333333,-0.049853821050571165,0.43376198917115094,0.745677038541762,0.3105992274850868,0.8941738638922395,0.0,0.4668716596079336,0.4668716596079336
hrl,multi,1,weighted_cka,0,184,1.3826276831474376,300.0,0.46147069334983826,0.24722175300121307,0,0.0,0.27652553662948753,5,1,weighted_cka,29,90,0.3484082141280201,4.0,1.0344827586206897,-0.40527649230824364,0.1783764554704539,0.3393539956198072,0.08983094546105708,1.1803427789043632,0.0,0.27652553662948753,0.27652553662948753
hrl,multi,1,weighted_cka,0,185,1.4040728133587423,300.0,0.5234056115150452,0.2505863904953003,0,0.0,0.28081456267174854,5,1,weighted_cka,30,144,0.3546554389762582,4.0,1.6,-0.10018989456188881,-0.09376984169287615,0.2938220101851072,0.11225533831678325,1.1919552011116172,0.0,0.28081456267174854,0.28081456267174854
hrl,multi,1,weighted_cka,0,186,1.848480253236629,300.0,0.6013347506523132,0.25792327523231506,0,0.0,0.36969605064732586,5,1,weighted_cka,31,132,0.301924703382956,4.0,1.4193548387096775,-0.17104322040081044,-0.056528095879941356,0.7401584652079035,0.9288181329604993,0.4070749713489784,0.0,0.36969605064732586,0.36969605064732586
hrl,multi,1,weighted_cka,0,187,1.3411239782541076,300.0,0.4865071177482605,0.1889849603176117,0,0.0,0.2682247956508216,5,1,weighted_cka,30,156,0.2744614930426194,4.0,1.7333333333333334,-0.06663380458217584,-0.0236083833633457,0.5370516774189308,-0.3370586514589235,1.2313731402396222,0.0,0.2682247956508216,0.2682247956508216
hrl,multi,1,weighted_cka,0,188,1.7725493624129727,300.0,0.5171181559562683,0.2191167026758194,0,0.0,0.35450987248259463,5,1,weighted_cka,31,150,0.2953607754750828,4.0,1.6129032258064515,-0.04680378863081584,0.27434636214998304,0.4645597263439557,-0.12552772228073464,1.2059747848305848,0.0,0.35450987248259463,0.35450987248259463
hrl,multi,1,weighted_cka,0,189,1.8387067245384956,300.0,0.5430630445480347,0.29443129897117615,0,0.0,0.3677413449076992,5,1,weighted_cka,28,126,0.3124954072780198,4.0,1.5,-0.16511639492854027,1.0349181708416433,0.42369746616025783,0.04905625504301847,0.4961512274221166,0.0,0.3677413449076992,0.3677413449076992
hrl,multi,1,weighted_cka,0,190,1.8563529919347261,300.0,0.6094783544540405,0.3086935877799988,0,0.0,0.3712705983869453,5,1,weighted_cka,31,150,0.2916920913188437,4.0,1.6129032258064515,0.011410126682836426,0.4166588136646895,0.4215256010617884,-0.06533306273438948,1.0720915132598017,0.0,0.3712705983869453,0.3712705983869453
hrl,multi,1,weighted_cka,0,191,2.2754438662940615,300.0,0.6313681602478027,0.34701088070869446,0,0.0,0.4550887732588125,5,1,weighted_cka,30,162,0.2830081377325863,4.0,1.8,0.12473669254966073,0.83528357494653,0.26895234866882656,0.4072449850965458,0.639226265032499,0.0,0.4550887732588125,0.4550887732588125
hrl,multi,1,weighted_cka,0,192,1.3847520095092465,300.0,0.504088282585144,0.24037273228168488,0,0.0,0.27695040190184933,5,1,weighted_cka,31,90,0.2865058532052288,4.0,0.967741935483871,-0.4481215938145765,0.06517899940337513,0.620822527614422,0.06112045203521843,1.0857516242708076,0.0,0.27695040190184933,0.27695040190184933
hrl,multi,1,weighted_cka,0,193,1.1341451469721493,300.0,0.374718576669693,0.0620451495051384,0,0.0,0.2268290293944299,5,1,weighted_cka,28,162,0.33968881251683397,4.0,1.9285714285714286,0.036766837224946336,0.3097431364880612,-0.3915741664941165,0.03300369487842536,1.1462056448748332,0.0,0.2268290293944299,0.2268290293944299
hrl,multi,1,weighted_cka,0,194,1.8771278045269342,300.0,0.551461398601532,0.30056509375572205,0,0.0,0.3754255609053869,5,1,weighted_cka,31,126,0.35135322018160065,4.0,1.3548387096774193,-0.17109211160370644,0.3114071221891425,0.4958857973382399,0.05512375844258344,1.1858032381606751,0.0,0.3754255609053869,0.3754255609053869
hrl,multi,1,weighted_cka,0,195,1.7875381446174274,300.0,0.5619761347770691,0.2625291645526886,0,0.0,0.3575076289234856,5,1,weighted_cka,29,102,0.317214390425544,4.0,1.1724137931034482,-0.2643695432133976,0.015615998137742209,0.4616965928706339,0.4319355802780481,1.1426595165444011,0.0,0.3575076289234856,0.3575076289234856
hrl,multi,1,weighted_cka,0,196,1.3053455365858087,300.0,0.42803215980529785,0.1702231466770172,0,0.0,0.2610691073171618,5,1,weighted_cka,31,162,0.36007325140989466,4.0,1.7419354838709677,0.45157994513958677,0.07956690192408855,0.27954953754917317,0.0700225147642195,0.42462663720874094,0.0,0.2610691073171618,0.2610691073171618
hrl,multi,1,weighted_cka,0,197,1.3843363657229917,300.0,0.47258561849594116,0.22797797620296478,0,0.0,0.27686727314459836,5,1,weighted_cka,31,120,0.35413925046210476,4.0,1.2903225806451613,-0.2137980878357778,0.10206503011938173,0.19979442946839818,0.06924718025326726,1.2270278137177226,0.0,0.27686727314459836,0.27686727314459836
hrl,multi,1,weighted_cka,0,198,2.334711520214931,300.0,0.6579504013061523,0.47970348596572876,0,0.0,0.4669423040429864,5,1,weighted_cka,28,120,0.3042211440630595,4.0,1.4285714285714286,-0.007258618996868107,0.32697074262792003,0.5704869712422368,0.24119546554214305,1.2033169597995,0.0,0.4669423040429864,0.4669423040429864
hrl,multi,1,weighted_cka,0,199,1.40920504412279,300.0,0.5244398713111877,0.2591567635536194,0,0.0,0.28184100882455804,5,1,weighted_cka,30,144,0.36616414497042177,4.0,1.6,0.04658523825043792,-0.013226841485593537,0.21776607727855987,0.08310217721015212,1.0749783928692338,0.0,0.28184100882455804,0.28184100882455804
hrl,multi,1,weighted_cka,0,200,2.219231772286001,300.0,0.6137554049491882,0.2543194591999054,0,0.0,0.44384635445720033,5,1,weighted_cka,30,150,0.3313276230116293,4.0,1.6666666666666667,-0.007902829423255864,0.37153413006290775,0.452394453040324,0.23085871303902222,1.1723473055670035,0.0,0.44384635445720033,0.44384635445720033
hrl,multi,1,weighted_cka,0,201,1.839387161126068,300.0,0.5834158658981323,0.3032178580760956,0,0.0,0.36787743222521363,5,1,weighted_cka,32,138,0.3465484673099475,4.0,1.4375,-0.18650278033869133,0.0399718124513746,0.42564304398535724,0.40187804968818075,1.158397035339847,0.0,0.36787743222521363,0.36787743222521363
hrl,multi,1,weighted_cka,0,202,0.9606604098327796,300.0,0.48410528898239136,0.19078008830547333,0,0.0,0.19213208196655596,5,1,weighted_cka,30,138,0.3301166441156427,4.0,1.5333333333333334,-0.1318064200187802,0.19943300761361016,-0.4007671678080519,0.08953202748112377,1.204268962564878,0.0,0.19213208196655596,0.19213208196655596
hrl,multi,1,weighted_cka,0,203,1.8939387377700982,300.0,0.6359673142433167,0.3987821638584137,0,0.0,0.3787877475540197,5,1,weighted_cka,28,144,0.3532470159804778,4.0,1.7142857142857142,0.10593761427327975,0.09351351287914422,0.24110438060820955,0.3437642994342422,1.1096189305752229,0.0,0.3787877475540197,0.3787877475540197
hrl,multi,1,weighted_cka,0,204,1.8242146535303605,300.0,0.552810788154602,0.2648773491382599,0,0.0,0.3648429307060722,5,1,weighted_cka,31,114,0.32964455754739663,4.0,1.2258064516129032,-0.24444502524464073,0.37951473700348276,0.42243382081601866,0.08328798056440423,1.183423140391096,0.0,0.3648429307060722,0.3648429307060722
hrl,multi,1,weighted_cka,0,205,1.8490532818932466,300.0,0.5749669671058655,0.2828531265258789,0,0.0,0.3698106563786494,5,1,weighted_cka,29,144,0.3325973434154641,4.0,1.6551724137931034,-0.0456269044449219,0.5293685155189595,0.124173570669867,0.09101173659949557,1.1501263635498469,0.0,0.3698106563786494,0.3698106563786494
hrl,multi,1,weighted_cka,0,206,1.2922981556510864,300.0,0.44623318314552307,0.15834829211235046,0,0.0,0.2584596311302173,5,1,weighted_cka,31,150,0.3479377538942515,4.0,1.6129032258064515,-0.12586000782949863,0.03644167435588308,0.034372022081291476,0.13595408575609325,1.2113903812873175,0.0,0.2584596311302173,0.2584596311302173
hrl,multi,1,weighted_cka,0,207,1.3616490578284344,300.0,0.5047934651374817,0.25510096549987793,0,0.0,0.2723298115656869,5,1,weighted_cka,29,138,0.31379305295520277,4.0,1.5862068965517242,-0.06649907594406992,0.0032508166198166634,0.24450500282201365,-0.007201558191329355,1.1875938725220037,0.0,0.2723298115656869,0.2723298115656869
hrl,multi,1,weighted_cka,0,208,1.3438415496144431,300.0,0.4881194233894348,0.21232300996780396,0,0.0,0.2687683099228887,5,1,weighted_cka,32,132,0.3254546819070671,4.0,1.375,-0.1431467959606091,0.07020044136093917,0.20310743512120072,0.12530965937674043,1.0883708097161722,0.0,0.2687683099228887,0.2687683099228887
hrl,multi,1,weighted_cka,0,209,1.8379071729700613,300.0,0.6084277033805847,0.24378813803195953,0,0.0,0.3675814345940124,5,1,weighted_cka,29,120,0.3151948814603497,4.0,1.3793103448275863,-0.16893219815453653,-0.03986299153995436,0.5264575337828427,0.9843229683839453,0.5359218604977648,0.0,0.3675814345940124,0.3675814345940124
hrl,multi,1,weighted_cka,0,210,1.4176423332697583,300.0,0.5032568573951721,0.2537592947483063,0,0.0,0.28352846665395176,5,1,weighted_cka,30,96,0.3288300920414799,4.0,1.0666666666666667,-0.3532025955095891,0.0730038760692695,0.914518073714338,0.07323236161842939,0.7100906173773108,0.0,0.28352846665395176,0.28352846665395176
hrl,multi,1,weighted_cka,0,211,1.4012577163799493,300.0,0.4997797906398773,0.2621166706085205,0,0.0,0.28025154327598994,5,1,weighted_cka,29,84,0.34729442439196834,4.0,0.9655172413793104,-0.30400991145279155,0.05032003523083395,0.6684116959550882,0.05510726966499346,0.9314286269818256,0.0,0.28025154327598994,0.28025154327598994
hrl,multi,1,weighted_cka,0,212,0.9692466694488746,300.0,0.46237602829933167,0.22987505793571472,0,0.0,0.19384933388977493,5,1,weighted_cka,31,144,0.3825551946013892,4.0,1.5483870967741935,-0.04074387711071195,0.11718260781839485,-0.275634799310334,0.0855176307596266,1.0829251072918993,0.0,0.19384933388977493,0.19384933388977493
hrl,multi,1,weighted_cka,0,213,1.3432907875299849,300.0,0.5511384010314941,0.17971312999725342,0,0.0,0.26865815750599703,5,1,weighted_cka,30,162,0.3567067680326992,4.0,1.8,0.037503973083861636,0.05869211183534917,0.10479892461874946,-0.02342457445569752,1.1657203524477224,0.0,0.26865815750599703,0.26865815750599703
hrl,multi,1,weighted_cka,0,214,1.260716433150809,300.0,0.4766460955142975,0.14484097063541412,0,0.0,0.2521432866301619,5,1,weighted_cka,30,126,0.34537401109670135,4.0,1.4,-0.22817596448838615,0.11654304546816263,-0.23011789987375983,0.37001021147691054,1.232457040567882,0.0,0.2521432866301619,0.2521432866301619
hrl,multi,1,weighted_cka,0,215,1.8103716139630692,300.0,0.5690904259681702,0.24539370834827423,0,0.0,0.3620743227926139,5,1,weighted_cka,30,108,0.3182264729725199,4.0,1.2,-0.24634787797072238,0.06114516198774789,0.49329797220672467,0.29734020454046534,1.204936153198854,0.0,0.3620743227926139,0.3620743227926139
hrl,multi,1,weighted_cka,0,216,2.3555780404270976,300.0,0.6662031412124634,0.5180352330207825,0,0.0,0.47111560808541963,5,1,weighted_cka,31,138,0.3214770115717605,4.0,1.4838709677419355,0.0021594446246742532,0.3199991527684032,1.0508247315855694,0.259775023562055,0.7228196878863963,0.0,0.47111560808541963,0.47111560808541963
hrl,multi,1,weighted_cka,0,217,1.828419423272861,300.0,0.5507791638374329,0.257293164730072,0,0.0,0.3656838846545723,5,1,weighted_cka,28,108,0.3089489428661139,4.0,1.2857142857142858,-0.20844637363363322,0.08092375765740867,0.5067769932874652,0.3553504703454526,1.0938145756161681,0.0,0.3656838846545723,0.3656838846545723
hrl,multi,1,weighted_cka,0,218,0.915699145290215,300.0,0.45205116271972656,0.21110522747039795,0,0.0,0.18313982905804302,5,1,weighted_cka,31,138,0.3742985860824967,4.0,1.4838709677419355,-0.16540420644613932,0.05883489462267599,-0.29319370565595365,0.08250584669690575,1.2329563160727264,0.0,0.18313982905804302,0.18313982905804302
hrl,multi,1,weighted_cka,0,219,1.3543448621217964,300.0,0.48642078042030334,0.18516455590724945,0,0.0,0.2708689724243593,5,1,weighted_cka,30,90,0.3546119765215834,4.0,1.0,-0.372135453014926,0.0041051976839079594,0.6008645006073637,0.06686090806126588,1.054649708784185,0.0,0.2708689724243593,0.2708689724243593
hrl,multi,1,weighted_cka,0,220,1.3619084623147488,300.0,0.44698357582092285,0.20237641036510468,0,0.0,0.2723816924629498,5,1,weighted_cka,30,72,0.3712177806591888,4.0,0.8,-0.49163845769566306,0.05750830091722303,0.49746998259756936,0.06485189232230185,1.233716744173318,0.0,0.2723816924629498,0.2723816924629498
hrl,multi,1,weighted_cka,0,221,1.3787123591624537,300.0,0.5011734366416931,0.27514487504959106,0,0.0,0.2757424718324908,5,1,weighted_cka,30,138,0.3905207133568779,4.0,1.5333333333333334,-0.05078546205302718,-0.16140571782819485,0.34162490929552564,0.01098791085928675,1.2382907188888637,0.0,0.2757424718324908,0.2757424718324908
hrl,multi,1,weighted_cka,0,222,1.3296577919696562,300.0,0.45073843002319336,0.19985632598400116,0,0.0,0.2659315583939313,5,1,weighted_cka,30,144,0.39269334154531943,4.0,1.6,-0.04215158509882175,0.2593569831475615,-0.04023165504500553,0.04254217468574639,1.1101418742801759,0.0,0.2659315583939313,0.2659315583939313
hrl,multi,1,weighted_cka,0,223,1.3181569463299398,300.0,0.549280047416687,0.16619403660297394,0,0.0,0.263631389265988,5,1,weighted_cka,30,174,0.3644542440505425,4.0,1.9333333333333333,0.11055767530994487,0.012348135762847903,-0.34058379757586005,0.29217695855119374,1.2436579742818137,0.0,0.263631389265988,0.263631389265988
hrl,multi,1,weighted_cka,0,224,1.3530032407803434,300.0,0.489365816116333,0.18788456916809082,0,0.0,0.2706006481560687,5,1,weighted_cka,29,168,0.39335622320063585,4.0,1.9310344827586208,0.18456583818630312,0.03989620747361178,0.06275668627070202,0.02768126431177365,1.038103244537953,0.0,0.2706006481560687,0.2706006481560687
hrl,multi,1,weighted_cka,0,225,1.822578103136037,300.0,0.5770248770713806,0.27047157287597656,0,0.0,0.3645156206272075,5,1,weighted_cka,30,120,0.3462290150116563,4.0,1.3333333333333333,-0.09011996916134403,0.06337796384605454,0.5916277511561928,0.3435914900955394,0.9141008671995948,0.0,0.3645156206272075,0.3645156206272075
hrl,multi,1,weighted_cka,0,226,0.9592229265246703,300.0,0.44907936453819275,0.2277483344078064,0,0.0,0.1918445853049341,5,1,weighted_cka,30,156,0.3676352455883549,4.0,1.7333333333333334,0.1335608491040765,0.08899141720123582,-0.5469483640368858,0.061972568014636575,1.2216464562416074,0.0,0.1918445853049341,0.1918445853049341
hrl,multi,1,weighted_cka,0,227,1.812698207380889,300.0,0.5312713384628296,0.2546943426132202,0,0.0,0.3625396414761779,5,1,weighted_cka,30,108,0.2955995345624718,4.0,1.2,-0.4039241967224519,0.37785397835052564,0.7238487432837718,0.6326795889111234,0.48224009355792063,0.0,0.3625396414761779,0.3625396414761779
hrl,multi,1,weighted_cka,0,228,1.848738372982551,300.0,0.6180817484855652,0.28104087710380554,0,0.0,0.3697476745965103,5,1,weighted_cka,30,132,0.30588804032065586,4.0,1.4666666666666666,-0.18024379918188807,-0.059211303629912615,0.6620211347088915,0.4248363267145613,1.0013360143708994,0.0,0.3697476745965103,0.3697476745965103
hrl,multi,1,weighted_cka,0,229,1.3686024435497517,300.0,0.4892977178096771,0.2038409411907196,0,0.0,0.27372048870995036,5,1,weighted_cka,31,114,0.31232304270720035,4.0,1.2258064516129032,-0.3728130008486627,0.01879864199407156,0.5176923063599969,0.006246811611985172,1.198677684432361,0.0,0.27372048870995036,0.27372048870995036
hrl,multi,1,weighted_cka,0,230,1.9112149358197699,300.0,0.6401505470275879,0.44770851731300354,0,0.0,0.38224298716395405,5,1,weighted_cka,30,120,0.37139087751007316,4.0,1.3333333333333333,-0.11058225679045453,-0.04509268246055591,0.47350846708659067,0.35092124249239703,1.242460165491793,0.0,0.38224298716395405,0.38224298716395405
hrl,multi,1,weighted_cka,0,231,1.5051555651822115,300.0,0.614791989326477,0.40414154529571533,0,0.0,0.30103111303644237,5,1,weighted_cka,30,144,0.371066115754324,4.0,1.6,0.007655971566680669,-0.016437502953384045,0.6410537717850674,-0.2650927100772099,1.1379760348610577,0.0,0.30103111303644237,0.30103111303644237
hrl,multi,1,weighted_cka,0,232,1.089064716348365,300.0,0.44695886969566345,0.07004760950803757,0,0.0,0.2178129432696731,5,1,weighted_cka,30,156,0.35091454825358154,4.0,1.7333333333333334,-0.10731580071186192,0.09799230794818126,0.5400137716056778,0.2399941939315757,0.31838024357479267,0.0,0.2178129432696731,0.2178129432696731
hrl,multi,1,weighted_cka,0,233,2.3864764523076687,300.0,0.6841917037963867,0.6118636727333069,0,0.0,0.47729529046153385,5,1,weighted_cka,30,132,0.3572044225768378,4.0,1.4666666666666666,-0.12772445960938436,0.4754670451230193,0.40780190807348105,0.44437101651960964,1.1865609422009435,0.0,0.47729529046153385,0.47729529046153385
hrl,multi,1,weighted_cka,0,234,1.3726916575775236,300.0,0.4952825903892517,0.21183158457279205,0,0.0,0.2745383315155048,5,1,weighted_cka,30,144,0.39018807444013937,4.0,1.6,-0.004125047895941095,0.0567274145903065,0.08213879654102452,0.09793159862852185,1.1400188957136121,0.0,0.2745383315155048,0.2745383315155048
hrl,multi,1,weighted_cka,0,235,2.2902169050488723,300.0,0.6350085139274597,0.3663206696510315,0,0.0,0.45804338100977454,5,1,weighted_cka,31,132,0.35722452032397667,4.0,1.4193548387096775,-0.027121728545055065,0.35282558118953594,0.49646788085578,0.2338692235019988,1.2341759480466132,0.0,0.45804338100977454,0.45804338100977454
hrl,multi,1,weighted_cka,0,236,1.3817121149689315,300.0,0.5071729421615601,0.22698718309402466,0,0.0,0.27634242299378636,5,1,weighted_cka,28,84,0.3589227868862671,4.0,1.0,-0.464407663358143,-0.027123337441473397,0.524122216059607,0.18920681443717324,1.159914085271768,0.0,0.27634242299378636,0.27634242299378636
hrl,multi,1,weighted_cka,0,237,1.813985445581237,300.0,0.5835520625114441,0.24205371737480164,0,0.0,0.3627970891162475,5,1,weighted_cka,30,138,0.3047722644488769,4.0,1.5333333333333334,-0.09179929462732997,0.037035185868968146,0.3570090194898656,0.3336254462490686,1.178115088600665,0.0,0.3627970891162475,0.3627970891162475
hrl,multi,1,weighted_cka,0,238,1.7938344639460397,300.0,0.5325718522071838,0.22906482219696045,0,0.0,0.35876689278920804,5,1,weighted_cka,32,102,0.3049907685833194,4.0,1.0625,-0.3783703913064532,0.09157620877772565,0.7074747060170338,0.347525665219291,1.025628275238443,0.0,0.35876689278920804,0.35876689278920804
hrl,multi,1,weighted_cka,0,239,0.9724032168371184,300.0,0.4792293906211853,0.20729854702949524,0,0.0,0.1944806433674237,5,1,weighted_cka,28,90,0.3595360968679077,4.0,1.0714285714285714,0.20109195252251766,0.06481204922130557,0.2850363142769199,0.09546791258748266,0.3259949882288928,0.0,0.1944806433674237,0.1944806433674237
hrl,multi,1,weighted_cka,0,240,1.8328876208815914,300.0,0.5648881793022156,0.28079894185066223,0,0.0,0.3665775241763184,5,1,weighted_cka,30,156,0.33988742676841366,4.0,1.7333333333333334,0.026605967250652455,0.16821706617503507,0.10743024222078357,0.3197334866563832,1.2109008585787375,0.0,0.3665775241763184,0.3665775241763184
hrl,multi,1,weighted_cka,0,241,1.8170931292261217,300.0,0.5805513858795166,0.25665536522865295,0,0.0,0.36341862584522444,5,1,weighted_cka,31,114,0.37638590788947146,4.0,1.2258064516129032,-0.3034642226905565,0.054454496793448826,0.6312072027148968,0.35488207240597686,1.080013580002356,0.0,0.36341862584522444,0.36341862584522444
hrl,multi,1,weighted_cka,0,242,1.3650039947984611,300.0,0.519312858581543,0.19838611781597137,0,0.0,0.27300079895969226,5,1,weighted_cka,30,84,0.3743618428514261,4.0,0.9333333333333333,-0.45004988562443804,0.19447760983742768,0.4608138612057081,-0.04904355500725803,1.2088059643870217,0.0,0.27300079895969226,0.27300079895969226
hrl,multi,1,weighted_cka,0,243,1.3109344926902837,300.0,0.4664026200771332,0.17759479582309723,0,0.0,0.2621868985380568,5,1,weighted_cka,29,120,0.3947439970769647,4.0,1.3793103448275863,-0.2462607712727406,0.008654455210285857,0.1347538188883115,0.17838572464510793,1.2354012652193194,0.0,0.2621868985380568,0.2621868985380568
hrl,multi,1,weighted_cka,0,244,1.811450689070624,300.0,0.5431230068206787,0.2234443575143814,0,0.0,0.3622901378141249,5,1,weighted_cka,32,150,0.36856308311225217,4.0,1.5625,-0.17152450516930567,0.3330154231304185,0.5916383408335967,0.5779613937924148,0.4803600364835,0.0,0.3622901378141249,0.3622901378141249
hrl,multi,1,weighted_cka,0,245,1.4118604970522926,300.0,0.547551155090332,0.24410206079483032,0,0.0,0.28237209941045854,5,1,weighted_cka,28,108,0.3644052223514309,4.0,1.2857142857142858,-0.19004380348324804,0.04822568771336222,0.3900341858841127,0.0030808927213437365,1.1605635342167222,0.0,0.28237209941045854,0.28237209941045854
hrl,multi,1,weighted_cka,0,246,0.4860800765067541,300.0,0.3027600347995758,0.1555929183959961,0,0.0,0.09721601530135085,5,1,weighted_cka,31,174,0.37688846750321664,4.0,1.8709677419354838,0.1134068336510099,0.10421886443439865,0.16099995342269535,0.12005872476752844,-0.012604299768878141,0.0,0.09721601530135085,0.09721601530135085
hrl,multi,1,weighted_cka,0,247,1.7434523255533336,300.0,0.5582808256149292,0.17444805800914764,0,0.0,0.3486904651106668,5,1,weighted_cka,30,138,0.393837115604554,4.0,1.5333333333333334,-0.07546413413155846,0.04117462575249364,0.4418499014092957,0.31505545132911345,1.0208364811939896,0.0,0.3486904651106668,0.3486904651106668
hrl,multi,1,weighted_cka,0,248,1.8044163371523596,300.0,0.5241215825080872,0.2566598355770111,0,0.0,0.360883267430472,5,1,weighted_cka,30,108,0.3971363109369753,4.0,1.2,-0.3201488338568018,0.4289592437131794,0.45809427243471135,-0.008986845016479523,1.2464984998777506,0.0,0.360883267430472,0.360883267430472
hrl,multi,1,weighted_cka,0,249,1.376298881983165,300.0,0.5544472932815552,0.21982227265834808,0,0.0,0.27525977639663307,5,1,weighted_cka,30,138,0.3214544195709395,4.0,1.5333333333333334,-0.15633946802534063,-0.12178580049937607,0.4842951567783019,-0.08781216605195391,1.257941159781534,0.0,0.27525977639663307,0.27525977639663307
hrl,multi,1,weighted_cka,0,250,1.3830165128395935,300.0,0.5261304378509521,0.21249103546142578,0,0.0,0.27660330256791876,5,1,weighted_cka,29,168,0.36139136079896567,4.0,1.9310344827586208,0.09927989987377074,0.14808404723857516,0.2483345155326002,0.006112704875878942,0.8812053453187688,0.0,0.27660330256791876,0.27660330256791876
hrl,multi,1,weighted_cka,0,251,1.7659279195377153,300.0,0.5029183626174927,0.20021560788154602,0,0.0,0.3531855839075432,5,1,weighted_cka,30,102,0.2944005892783055,4.0,1.1333333333333333,-0.3921502558247307,0.31785810563829714,0.5267061567329946,0.0627389905592426,1.250774922431912,0.0,0.3531855839075432,0.3531855839075432
hrl,multi,1,weighted_cka,0,252,1.3299711488121817,300.0,0.4796748161315918,0.17533855140209198,0,0.0,0.26599422976243636,5,1,weighted_cka,31,114,0.3567480623948598,4.0,1.2258064516129032,-0.2850462513695241,0.04341014939293375,0.4869102654549057,0.05240240998286749,1.032294575350999,0.0,0.26599422976243636,0.26599422976243636
hrl,multi,1,weighted_cka,0,253,1.380095314401932,300.0,0.5739369988441467,0.20561493933200836,0,0.0,0.2760190628803864,5,1,weighted_cka,30,126,0.3509411892817366,4.0,1.4,-0.21284534662216928,0.13860552584432284,0.4300348093326646,-0.1537428201203003,1.1780431459674143,0.0,0.2760190628803864,0.2760190628803864
hrl,multi,1,weighted_cka,0,254,1.7773595801354518,300.0,0.5684220194816589,0.18153084814548492,0,0.0,0.35547191602709044,5,1,weighted_cka,30,162,0.3757134495944214,4.0,1.8,0.03362549202109211,0.02696541723888358,0.24360066105733819,0.3166632583062891,1.1565047515118492,0.0,0.35547191602709044,0.35547191602709044
hrl,multi,1,weighted_cka,0,255,1.77537969824334,300.0,0.5926879048347473,0.20689551532268524,0,0.0,0.3550759396486681,5,1,weighted_cka,30,162,0.36454195601139044,4.0,1.8,0.05204383870959273,0.11002313252724694,0.2272473281366107,0.33232717829706954,1.0537382205728205,0.0,0.3550759396486681,0.3550759396486681
hrl,multi,1,weighted_cka,0,256,0.9351697864714867,300.0,0.4500178396701813,0.1878524124622345,0,0.0,0.18703395729429742,5,1,weighted_cka,29,120,0.37644839754097403,4.0,1.3793103448275863,-0.2524620096319124,0.0466775219854898,-0.10414374178092875,0.6760900262016802,0.5690079896971582,0.0,0.18703395729429742,0.18703395729429742
hrl,multi,1,weighted_cka,0,257,1.7943157025438254,300.0,0.5871263742446899,0.22049124538898468,0,0.0,0.35886314050876517,5,1,weighted_cka,31,174,0.34502091099121707,4.0,1.8709677419354838,0.11208605029410679,0.024531988352071387,0.22514115053671377,0.8802029235551597,0.5523535898057742,0.0,0.35886314050876517,0.35886314050876517
hrl,multi,1,weighted_cka,0,258,2.349689149088043,300.0,0.6609705686569214,0.4938804805278778,0,0.0,0.4699378298176087,5,1,weighted_cka,30,150,0.36404860576300213,4.0,1.6666666666666667,0.12455393965938111,0.3816850113439722,0.6261276813544098,0.8656039149874412,0.35171860174283925,0.0,0.4699378298176087,0.4699378298176087
hrl,multi,1,weighted_cka,0,259,1.8241516296429823,300.0,0.6100327968597412,0.2773486375808716,0,0.0,0.36483032592859654,5,1,weighted_cka,30,120,0.3764687626985917,4.0,1.3333333333333333,-0.21213979303231492,0.029200118665117628,0.4923092898050744,0.293393942294162,1.2213880719109436,0.0,0.36483032592859654,0.36483032592859654
hrl,multi,1,weighted_cka,0,260,2.381740116419131,300.0,0.6843625903129578,0.6000694036483765,0,0.0,0.4763480232838263,5,1,weighted_cka,30,114,0.3773780731896291,4.0,1.2666666666666666,-0.0366831028303935,0.3324417214388522,1.225316385619342,0.5224992564443963,0.3381658557469344,0.0,0.4763480232838263,0.4763480232838263
hrl,multi,1,weighted_cka,0,261,1.3767623965573863,300.0,0.5211010575294495,0.21853753924369812,0,0.0,0.2753524793114773,5,1,weighted_cka,30,120,0.3670912889403637,4.0,1.3333333333333333,-0.2883495676901514,0.21609224462590637,0.17179241539444767,0.3613948394507169,0.9158324647764672,0.0,0.2753524793114773,0.2753524793114773
hrl,multi,1,weighted_cka,0,262,2.2002558952721287,300.0,0.606997549533844,0.22435708343982697,0,0.0,0.4400511790544258,5,1,weighted_cka,29,144,0.357163021619384,4.0,1.6551724137931034,-0.07159844031377005,0.4688433265413622,0.5069188238708301,0.3470535887035948,0.9490385964701124,0.0,0.4400511790544258,0.4400511790544258
hrl,multi,1,weighted_cka,0,263,2.364253726596097,300.0,0.6739107966423035,0.5558009743690491,0,0.0,0.47285074531921945,5,1,weighted_cka,30,132,0.362505986342292,4.0,1.4666666666666666,-0.11060898903135986,0.3657011254064854,0.7348000126015394,0.4165437910452435,0.9578177865741889,0.0,0.47285074531921945,0.47285074531921945
hrl,multi,1,weighted_cka,0,264,1.369619302722275,300.0,0.4955703616142273,0.18998509645462036,0,0.0,0.27392386054445506,5,1,weighted_cka,31,144,0.38251890232324054,4.0,1.5483870967741935,-0.10162782163266108,0.013949723798897935,0.06916539156483442,0.27304974727146325,1.1150822617197407,0.0,0.27392386054445506,0.27392386054445506
hrl,multi,1,weighted_cka,0,265,1.7579906778883,300.0,0.5496775507926941,0.19180823862552643,0,0.0,0.3515981355776601,5,1,weighted_cka,30,90,0.3814917670675178,4.0,1.0,-0.4228197032876783,0.040215660252142627,0.5594419823824427,0.35040187319510724,1.2307508653462862,0.0,0.3515981355776601,0.3515981355776601
hrl,multi,1,weighted_cka,0,266,1.7938313608715348,300.0,0.5920476913452148,0.23999175429344177,0,0.0,0.35876627217430707,5,1,weighted_cka,30,168,0.3840291202899162,4.0,1.8666666666666667,0.0730215697290113,0.08370306651201087,0.3656938565183478,0.3030972975667827,0.9683155705453826,0.0,0.35876627217430707,0.35876627217430707
hrl,multi,1,weighted_cka,0,267,1.3825485053772342,300.0,0.5041221380233765,0.20875895023345947,0,0.0,0.27650970107544687,5,1,weighted_cka,30,90,0.37626205992317585,4.0,1.0,-0.3303501290148056,-0.04404685772259846,0.5020883224008138,0.07081819121725852,1.1840389784965661,0.0,0.27650970107544687,0.27650970107544687
hrl,multi,1,weighted_cka,0,268,1.8115601257595686,300.0,0.5633578300476074,0.2574956715106964,0,0.0,0.36231202515191385,5,1,weighted_cka,30,138,0.39148558402415184,4.0,1.5333333333333334,-0.09667513687070477,0.11143775991443539,0.6757542417075016,0.7899280885271726,0.33111517248116423,0.0,0.36231202515191385,0.36231202515191385
hrl,multi,1,weighted_cka,0,269,2.2598293634768183,300.0,0.6302622556686401,0.3319500684738159,0,0.0,0.45196587269536376,5,1,weighted_cka,30,156,0.3921096089120633,4.0,1.7333333333333334,0.19257272946264115,0.3785411686869337,0.40392214389494596,0.2061254309636859,1.078667890468612,0.0,0.45196587269536376,0.45196587269536376
hrl,multi,1,weighted_cka,0,270,1.4345774587342008,300.0,0.54884272813797,0.29279765486717224,0,0.0,0.2869154917468403,5,1,weighted_cka,30,144,0.3999999999999999,4.0,1.6,-0.004346976791974301,0.25112095802463585,0.3414362340004879,-0.0805369636206889,0.9269042071217407,0.0,0.2869154917468403,0.2869154917468403
hrl,multi,1,weighted_cka,0,271,1.8710001230610929,300.0,0.6250442266464233,0.36387404799461365,0,0.0,0.37420002461221863,5,1,weighted_cka,29,120,0.397943952054107,4.0,1.3793103448275863,0.009222393878677081,0.06872807977301987,0.4858500289042712,0.2778122156872704,1.0293874048178546,0.0,0.37420002461221863,0.37420002461221863
hrl,multi,1,weighted_cka,0,272,1.8940726635519227,300.0,0.628001868724823,0.37870293855667114,0,0.0,0.3788145327103846,5,1,weighted_cka,31,114,0.3963928983405386,4.0,1.2258064516129032,-0.08164343488903285,-0.03126011524535726,0.48835136455576855,0.3086367697437817,1.209988079386763,0.0,0.3788145327103846,0.3788145327103846
hrl,multi,1,weighted_cka,0,273,1.8429500344436733,300.0,0.612787127494812,0.3061852753162384,0,0.0,0.3685900068887348,5,1,weighted_cka,29,144,0.3977155022823411,4.0,1.6551724137931034,0.015257370296399859,0.0052260789722202855,0.3777701946625018,0.5414631730751497,0.9032332174374021,0.0,0.3685900068887348,0.3685900068887348
hrl,multi,1,weighted_cka,0,274,2.240044269917597,300.0,0.6158073544502258,0.2561616599559784,0,0.0,0.44800885398351953,5,1,weighted_cka,31,144,0.3910038979190181,4.0,1.5483870967741935,-0.07630591475870474,0.4149316185643401,0.5373878578539878,0.2986557094378221,1.0653749988201522,0.0,0.44800885398351953,0.44800885398351953
hrl,multi,1,weighted_cka,0,275,1.9043040557062327,300.0,0.6154943704605103,0.426217257976532,0,0.0,0.38086081114124665,5,1,weighted_cka,29,132,0.38686438110104154,4.0,1.5172413793103448,-0.09781328858295472,-0.06055192039511181,0.5344673667751484,0.3352516215951035,1.1929502763140478,0.0,0.38086081114124665,0.38086081114124665
hrl,multi,1,weighted_cka,0,276,1.3125283221703272,300.0,0.4531373977661133,0.16618365049362183,0,0.0,0.2625056644340655,5,1,weighted_cka,31,84,0.38912050265025566,4.0,0.9032258064516129,-0.5687408986142114,0.14912169417552645,0.5750969548749271,0.044184541109949294,1.112866030624136,0.0,0.2625056644340655,0.2625056644340655
hrl,multi,1,weighted_cka,0,277,2.2227788644544475,300.0,0.6169054508209229,0.27258333563804626,0,0.0,0.4445557728908896,5,1,weighted_cka,31,120,0.3899748111196211,4.0,1.2903225806451613,-0.17916821697664304,0.3548860124158672,0.5287765946062281,0.27257334370892194,1.2457111307000739,0.0,0.4445557728908896,0.4445557728908896
hrl,multi,1,weighted_cka,0,278,1.874956766839658,300.0,0.6179313659667969,0.3594484329223633,0,0.0,0.3749913533679317,5,1,weighted_cka,29,114,0.39208779656926407,4.0,1.3103448275862069,-0.15419813033088609,0.0046092748940571825,0.4701247245180419,0.3334501466344772,1.2209707511239682,0.0,0.3749913533679317,0.3749913533679317
hrl,multi,1,weighted_cka,0,279,1.376200207757937,300.0,0.520257830619812,0.2065635472536087,0,0.0,0.2752400415515875,5,1,weighted_cka,30,126,0.3992174825835993,4.0,1.4,-0.08032747583743208,0.02622868396615364,0.2573140957134308,0.046908720378763924,1.126076183537021,0.0,0.2752400415515875,0.2752400415515875
hrl,multi,1,weighted_cka,0,280,1.7682784439818975,300.0,0.5298407077789307,0.22627227008342743,0,0.0,0.3536556887963796,5,1,weighted_cka,31,138,0.39999999999999997,4.0,1.4838709677419355,-0.13261360911512765,0.3198306412450182,1.1638780807889995,0.06847154820337886,0.34871178285962906,0.0,0.3536556887963796,0.3536556887963796
hrl,multi,1,weighted_cka,0,281,2.25865931543958,300.0,0.6257303953170776,0.31509527564048767,0,0.0,0.4517318630879162,5,1,weighted_cka,29,120,0.4,4.0,1.3793103448275863,-0.06583574904513105,0.32375914574018666,0.40422379291612004,0.3424817435947333,1.2540303822336716,0.0,0.4517318630879162,0.4517318630879162
hrl,multi,1,weighted_cka,0,282,1.7538654036852663,300.0,0.5146133303642273,0.19498184323310852,0,0.0,0.3507730807370534,5,1,weighted_cka,29,96,0.39999999999999997,4.0,1.103448275862069,-0.2509900257500707,0.30749201997807524,0.5032077277433126,0.057296428443863956,1.1368592532700856,0.0,0.3507730807370534,0.3507730807370534
hrl,multi,1,weighted_cka,0,283,1.3349997524706838,300.0,0.5635108947753906,0.19036249816417694,0,0.0,0.26699995049413683,5,1,weighted_cka,30,150,0.39999999999999997,4.0,1.6666666666666667,-0.1313411952283933,0.036466702139616114,0.4067395898761458,-0.13812102859745226,1.1612556842807678,0.0,0.26699995049413683,0.26699995049413683
hrl,multi,1,weighted_cka,0,284,1.473821063751528,300.0,0.468503475189209,0.052696529775857925,0,0.0,0.29476421275030573,5,1,weighted_cka,30,126,0.3999999999999999,4.0,1.4,-0.25892724366253267,0.35412812706199465,0.9911613900209192,-0.18510896456334744,0.5725677548944949,0.0,0.29476421275030573,0.29476421275030573
hrl,multi,1,weighted_cka,0,285,1.775758210881348,300.0,0.5244336128234863,0.19683881103992462,0,0.0,0.3551516421762697,5,1,weighted_cka,30,96,0.39999999999999997,4.0,1.0666666666666667,-0.43186280323533033,0.4104773078584111,0.5785935086011885,0.07135193584859367,1.1471982618084855,0.0,0.3551516421762697,0.3551516421762697
hrl,multi,1,weighted_cka,0,286,1.8833631556881287,300.0,0.6179341077804565,0.33987554907798767,0,0.0,0.37667263113762584,5,1,weighted_cka,31,108,0.4,4.0,1.1612903225806452,-0.12622040375936225,0.0209493443085811,0.42313499733066406,0.3591587017925921,1.2063405160156542,0.0,0.37667263113762584,0.37667263113762584
hrl,multi,1,weighted_cka,0,287,1.3930132025584827,300.0,0.5073245763778687,0.20238466560840607,0,0.0,0.27860264051169664,5,1,weighted_cka,29,126,0.3999999999999999,4.0,1.4482758620689655,-0.15109256069455315,-0.10454133137995696,0.5563206719017179,0.10192170294374225,0.9904047197875331,0.0,0.27860264051169664,0.27860264051169664
hrl,multi,1,weighted_cka,0,288,1.8128564517664914,300.0,0.583888590335846,0.2609032094478607,0,0.0,0.3625712903532984,5,1,weighted_cka,31,144,0.34955302294782176,4.0,1.5483870967741935,-0.09738962756609566,0.1419546754010952,0.16252633791291712,0.37484360663384714,1.230921459384728,0.0,0.3625712903532984,0.3625712903532984
hrl,multi,1,weighted_cka,0,289,2.27158662917045,300.0,0.6295431852340698,0.33586791157722473,0,0.0,0.4543173258340901,5,1,weighted_cka,30,150,0.31592129219679566,4.0,1.6666666666666667,0.018262883630377383,0.44717462973793565,0.5021271875258534,0.34948191464156836,0.9545400136347159,0.0,0.4543173258340901,0.4543173258340901
hrl,multi,1,weighted_cka,0,290,1.3489843823414036,300.0,0.48204031586647034,0.22012488543987274,0,0.0,0.26979687646828077,5,1,weighted_cka,30,126,0.3533236319369418,4.0,1.4,-0.2018680083830916,0.06717147113941602,0.2153738308012249,0.04338335128873583,1.2249237374951187,0.0,0.26979687646828077,0.26979687646828077
hrl,multi,1,weighted_cka,0,291,0.9204376838042196,300.0,0.43955564498901367,0.1759009063243866,0,0.0,0.18408753676084397,5,1,weighted_cka,30,162,0.35928373506519407,4.0,1.8,0.019389804401900586,0.13430790092237288,-0.5002359143148375,0.07320794210769233,1.1937679506870915,0.0,0.18408753676084397,0.18408753676084397
hrl,multi,1,weighted_cka,0,292,2.268756518926601,300.0,0.6281940340995789,0.3273448050022125,0,0.0,0.45375130378532036,5,1,weighted_cka,29,114,0.3505609344541705,4.0,1.4137931034482758,-0.0661613200022696,0.340421784821854,0.4791559482114388,0.37695430297091653,1.1383858029246618,0.0,0.45375130378532036,0.45375130378532036
hrl,multi,1,weighted_cka,0,293,1.3984368592769885,300.0,0.5347407460212708,0.21496513485908508,0,0.0,0.2796873718553977,5,1,weighted_cka,30,90,0.35012501536215945,4.0,1.5,-0.4920613208932195,0.05194167772121716,0.4836105008665471,0.10682972279390368,1.2481162787885403,0.0,0.2796873718553977,0.2796873718553977
hrl,multi,1,weighted_cka,0,294,1.331099505035671,300.0,0.47590500116348267,0.15562421083450317,0,0.0,0.2662199010071343,5,1,weighted_cka,32,126,0.3819645067301323,4.0,1.65625,-0.2742964797541502,0.006027480466349409,0.42228011928626785,-0.05401205328520167,1.231100438322406,0.0,0.2662199010071343,0.2662199010071343
hrl,multi,1,weighted_cka,0,295,1.7877219758138367,300.0,0.5710939168930054,0.20248258113861084,0,0.0,0.3575443951627674,5,1,weighted_cka,29,120,0.3951099928266199,4.0,1.6896551724137931,-0.15431698337348665,-0.01730712776421579,0.7603097153175621,0.29952355787434487,0.8995128137596328,0.0,0.3575443951627674,0.3575443951627674
hrl,multi,1,weighted_cka,0,296,1.348480720921633,300.0,0.5218691229820251,0.18361903727054596,0,0.0,0.26969614418432664,5,1,weighted_cka,30,108,0.4,4.0,1.2666666666666666,-0.3218819852676246,0.06428333443682632,0.54439000527421,0.04148424503298509,1.0202051214452363,0.0,0.26969614418432664,0.26969614418432664
hrl,multi,1,weighted_cka,0,297,1.8231567342445474,300.0,0.5766876339912415,0.24454674124717712,0,0.0,0.3646313468489096,5,1,weighted_cka,29,102,0.3773841889348985,4.0,1.1724137931034482,-0.24298109224927641,0.4582439641426316,0.3925822001042542,-0.016799256357364418,1.2321109186043029,0.0,0.3646313468489096,0.3646313468489096
hrl,multi,1,weighted_cka,0,298,1.255554433655651,300.0,0.453782320022583,0.16650332510471344,0,0.0,0.25111088673113025,5,1,weighted_cka,31,126,0.3862689718533312,4.0,1.3548387096774193,-0.3352922521137737,0.03927850407988798,-0.09829765008948763,0.44032598742068496,1.2095398443583396,0.0,0.25111088673113025,0.25111088673113025
hrl,multi,1,weighted_cka,0,299,1.7823799372672497,300.0,0.5255749821662903,0.2014850378036499,0,0.0,0.35647598745345005,5,1,weighted_cka,30,144,0.3799755839527747,4.0,1.6,-0.19289348655488006,0.5280972904330118,0.1579406342903382,0.10985784448322367,1.1793776546155565,0.0,0.35647598745345005,0.35647598745345005
hrl,multi,1,weighted_cka,0,300,1.403874475554038,300.0,0.5855271816253662,0.255729079246521,0,0.0,0.28077489511080767,5,1,weighted_cka,29,144,0.38398046716221973,4.0,1.6551724137931034,0.5157096228790468,0.028800678306259105,0.36177978132710975,0.05616794016370097,0.44141645287792175,0.0,0.28077489511080767,0.28077489511080767
hrl,multi,1,weighted_cka,0,301,1.3389265451056405,300.0,0.43767014145851135,0.15780401229858398,0,0.0,0.2677853090211282,5,1,weighted_cka,30,102,0.3943460472337246,4.0,1.1333333333333333,-0.3961669618680611,0.0722239523287862,0.5259670835500582,0.7044725959165952,0.43242987517826237,0.0,0.2677853090211282,0.2677853090211282
hrl,multi,1,weighted_cka,0,302,1.390287911069298,300.0,0.504440188407898,0.22468972206115723,0,0.0,0.2780575822138597,5,1,weighted_cka,31,78,0.3852127389189721,4.0,0.8387096774193549,-0.5567226044207824,0.08051826669881113,0.5101983736786059,0.11563595366664225,1.2406579214460214,0.0,0.2780575822138597,0.2780575822138597
hrl,multi,1,weighted_cka,0,303,1.8284372214475284,300.0,0.5926817655563354,0.250652551651001,0,0.0,0.3656874442895058,5,1,weighted_cka,30,120,0.39519414014866594,4.0,1.3333333333333333,-0.22893237346271084,0.046322567708790174,0.5276893992595723,0.2514683280644239,1.2318892998774533,0.0,0.3656874442895058,0.3656874442895058
hrl,multi,1,weighted_cka,0,304,1.806701415534461,300.0,0.5833225250244141,0.211465984582901,0,0.0,0.36134028310689226,5,1,weighted_cka,30,108,0.4,4.0,1.2,-0.2981852377310864,0.011263274466618813,0.5577222211799634,0.32850032833381543,1.2074008292851501,0.0,0.36134028310689226,0.36134028310689226
hrl,multi,1,weighted_cka,0,305,1.4124019095091613,300.0,0.5278542637825012,0.24593104422092438,0,0.0,0.28248038190183233,5,1,weighted_cka,30,132,0.3947360563114364,4.0,1.4666666666666666,-0.017109431118122524,-0.11196341620087528,0.38445355750201243,0.0798509190063923,1.0771702803197547,0.0,0.28248038190183233,0.28248038190183233
hrl,multi,1,weighted_cka,0,306,2.3516752035269732,300.0,0.6617025136947632,0.4967692494392395,0,0.0,0.4703350407053947,5,1,weighted_cka,30,150,0.3768386477703203,4.0,1.6666666666666667,0.02819992461154455,0.5384378628292469,0.2013681166887979,0.39041062579608105,1.1932586736013033,0.0,0.4703350407053947,0.4703350407053947
hrl,multi,1,weighted_cka,0,307,1.280308713153862,300.0,0.506509006023407,0.12379232794046402,0,0.0,0.2560617426307724,5,1,weighted_cka,31,168,0.3793202212235004,4.0,1.8064516129032258,-0.044578619696432786,0.03099819618137548,0.08198379002655515,-0.0005438497656724238,1.2124491964080368,0.0,0.2560617426307724,0.2560617426307724
hrl,multi,1,weighted_cka,0,308,1.3412019985440553,300.0,0.4985784888267517,0.17300720512866974,0,0.0,0.2682403997088111,5,1,weighted_cka,29,90,0.3613977462838672,4.0,1.0344827586206897,-0.40009870967001226,0.08869137794409454,0.5221062014433554,0.025451525464653922,1.105051603361964,0.0,0.2682403997088111,0.2682403997088111
hrl,multi,1,weighted_cka,0,309,1.3920749023705854,300.0,0.49565190076828003,0.22690892219543457,0,0.0,0.27841498047411717,5,1,weighted_cka,29,114,0.3756196292319161,4.0,1.3103448275862069,-0.23190608940615517,0.021048590364865855,0.35618694787018446,0.6706678253039717,0.576077628237719,0.0,0.27841498047411717,0.27841498047411717
hrl,multi,1,weighted_cka,0,310,1.7683665938311592,300.0,0.5048564672470093,0.20222073793411255,0,0.0,0.3536733187662319,5,1,weighted_cka,30,108,0.39999999999999997,4.0,1.2,-0.30716146890868584,0.34322363972477604,0.4259704887689729,0.0719412528350949,1.2343926814110016,0.0,0.3536733187662319,0.3536733187662319
hrl,multi,1,weighted_cka,0,311,2.3639808013343995,300.0,0.6669657230377197,0.5178797841072083,0,0.0,0.47279616026688,5,1,weighted_cka,30,108,0.4,4.0,1.2,0.14956825270500815,0.07903820841619735,0.530154021352995,0.36354497149103543,1.241675347369164,0.0,0.47279616026688,0.47279616026688
hrl,multi,1,weighted_cka,0,312,1.9967481212240714,300.0,0.6824001669883728,0.6342378258705139,0,0.0,0.39934962424481435,5,1,weighted_cka,31,120,0.4,4.0,1.2903225806451613,-0.08279992069193413,0.0738506835747974,0.5878712292567069,0.36369497621250585,1.0541311528719959,0.0,0.39934962424481435,0.39934962424481435
hrl,multi,1,weighted_cka,0,313,1.3907965684316865,300.0,0.5396023988723755,0.22951088845729828,0,0.0,0.2781593136863374,5,1,weighted_cka,30,138,0.39999999999999997,4.0,1.5333333333333334,-0.09587423929478986,0.19162857992108906,0.11134672843737614,-0.06861182442633443,1.252307323794346,0.0,0.2781593136863374,0.2781593136863374
hrl,multi,1,weighted_cka,0,314,1.3535719439574665,300.0,0.5460781455039978,0.17760103940963745,0,0.0,0.2707143887914934,5,1,weighted_cka,30,138,0.3999999999999999,4.0,1.5333333333333334,-0.14627175882984025,0.1537434876584447,0.19554672787141286,-0.05280770066392153,1.203361187921371,0.0,0.2707143887914934,0.2707143887914934
hrl,multi,1,weighted_cka,0,315,1.7904806855513002,300.0,0.5388897061347961,0.20520995557308197,0,0.0,0.3580961371102601,5,1,weighted_cka,31,108,0.4,4.0,1.1612903225806452,-0.3554964663271098,0.050044888790696795,0.5780931969797237,0.3613815540759823,1.1564575120320075,0.0,0.3580961371102601,0.3580961371102601
hrl,multi,1,weighted_cka,0,316,1.8330815843828518,300.0,0.5721221566200256,0.2545525133609772,0,0.0,0.3666163168765705,5,1,weighted_cka,29,102,0.39999999999999997,4.0,1.1724137931034482,-0.2346542781690663,0.05282819031318642,0.4999972110620582,0.2931277813837149,1.221782679792959,0.0,0.3666163168765705,0.3666163168765705
hrl,multi,1,weighted_cka,0,317,1.7817146891356956,300.0,0.5204231142997742,0.2392304539680481,0,0.0,0.3563429378271392,5,1,weighted_cka,30,138,0.39999999999999997,4.0,1.5333333333333334,-0.11552774822883673,0.37886132090562014,0.2816368555901569,-0.0016235993476585234,1.2383678602164143,0.0,0.3563429378271392,0.3563429378271392
hrl,multi,1,weighted_cka,0,318,1.9052153586683276,300.0,0.6432185173034668,0.43502843379974365,0,0.0,0.3810430717336656,5,1,weighted_cka,30,120,0.4,4.0,1.3333333333333333,-0.16385399730334788,0.11133214853133522,0.44318753545420064,0.32068226595799193,1.193867406028148,0.0,0.3810430717336656,0.3810430717336656
hrl,multi,1,weighted_cka,0,319,1.8400606114591924,300.0,0.5634609460830688,0.2856701910495758,0,0.0,0.36801212229183855,5,1,weighted_cka,29,162,0.3999999999999999,4.0,1.8620689655172413,0.11302818487957113,0.051721500625833805,0.2497117001826405,0.3843976075001991,1.0412016182709483,0.0,0.36801212229183855,0.36801212229183855
hrl,multi,1,weighted_cka,0,320,1.369613962016591,300.0,0.4645753800868988,0.1949148029088974,0,0.0,0.2739227924033183,5,1,weighted_cka,32,114,0.39999999999999997,4.0,1.1875,-0.31933280338370273,0.07541442554560485,0.26967409729451153,0.26318152256868776,1.08067671999149,0.0,0.2739227924033183,0.2739227924033183
hrl,multi,1,weighted_cka,0,321,2.2566692127278642,300.0,0.6221446394920349,0.29431408643722534,0,0.0,0.45133384254557296,5,1,weighted_cka,29,120,0.4,4.0,1.3793103448275863,-0.26491460193472477,0.3869753529496373,1.0818717139486687,0.3593652750751934,0.6933714726890902,0.0,0.45133384254557296,0.45133384254557296
hrl,multi,1,weighted_cka,0,322,1.8240411722713348,300.0,0.5843700170516968,0.24154525995254517,0,0.0,0.364808234454267,5,1,weighted_cka,29,126,0.39999999999999997,4.0,1.4482758620689655,-0.1380522714927176,0.7007410082303394,0.2825633281704502,0.39868243511155005,0.5801066722517133,0.0,0.364808234454267,0.364808234454267
hrl,multi,1,weighted_cka,0,323,1.7623453606065582,300.0,0.5540555715560913,0.21649998426437378,0,0.0,0.35246907212131173,5,1,weighted_cka,30,114,0.39999999999999997,4.0,1.2666666666666666,-0.27534070906171143,0.1699556384161114,0.39461492719547814,0.32316017710207956,1.149955326954601,0.0,0.35246907212131173,0.35246907212131173
hrl,multi,1,weighted_cka,0,324,1.3883394901584767,300.0,0.5023989081382751,0.19513404369354248,0,0.0,0.2776678980316954,5,1,weighted_cka,31,144,0.39999999999999997,4.0,1.5483870967741935,-0.11920167686545774,-0.04807777458890643,0.40401782325964597,0.01725333598023272,1.1343477823729624,0.0,0.2776678980316954,0.2776678980316954
hrl,multi,1,weighted_cka,0,325,1.8256037502178502,300.0,0.5846231579780579,0.2656185030937195,0,0.0,0.36512075004357014,5,1,weighted_cka,30,120,0.39473282964677214,4.0,1.3333333333333333,-0.09904648296625262,0.005552542626508422,0.42000049610587287,0.2499694024896015,1.2491277919621204,0.0,0.36512075004357014,0.36512075004357014
hrl,multi,1,weighted_cka,0,326,1.8252562506763739,300.0,0.5911465883255005,0.28005996346473694,0,0.0,0.36505125013527484,5,1,weighted_cka,30,102,0.3938033289962025,4.0,1.1333333333333333,-0.2810378966694692,0.11135364443078277,0.5306825825048144,0.2684349047363456,1.1958230156739007,0.0,0.36505125013527484,0.36505125013527484
hrl,multi,1,weighted_cka,0,327,1.8068603358697133,300.0,0.5454078912734985,0.278700590133667,0,0.0,0.36137206717394277,5,1,weighted_cka,29,96,0.3935161250987573,4.0,1.103448275862069,-0.4033470762490764,0.12406196916475888,0.5214615169377065,0.3578336687881964,1.2068502572281283,0.0,0.36137206717394277,0.36137206717394277
hrl,multi,1,weighted_cka,0,328,2.334094749118229,300.0,0.6504068374633789,0.434148907661438,0,0.0,0.4668189498236459,5,1,weighted_cka,31,162,0.3858423837916655,4.0,1.7419354838709677,0.24615998248942184,0.4138482988032336,0.294624190595772,0.32386283294453455,1.0555994442852676,0.0,0.4668189498236459,0.4668189498236459
hrl,multi,1,weighted_cka,0,329,1.3829020343251601,300.0,0.474256694316864,0.2116156965494156,0,0.0,0.2765804068650321,5,1,weighted_cka,29,84,0.36582472473945044,4.0,0.9655172413793104,-0.40983168091144806,0.35104966711206353,0.5190992538058198,0.03079067912371825,0.891794115195007,0.0,0.2765804068650321,0.2765804068650321
hrl,multi,1,weighted_cka,0,330,1.3767222795500844,300.0,0.48841509222984314,0.21289989352226257,0,0.0,0.27534445591001694,5,1,weighted_cka,31,102,0.359697814931463,4.0,1.096774193548387,-0.3577488663000262,0.2616490756132115,0.13178604567423458,0.3341434319789986,1.0068925925836663,0.0,0.27534445591001694,0.27534445591001694
hrl,multi,1,weighted_cka,0,331,1.8051630001727959,300.0,0.5650156736373901,0.23915629088878632,0,0.0,0.3610326000345593,5,1,weighted_cka,30,108,0.3673497693337391,4.0,1.2,-0.3147626566334733,0.07402259692281943,0.5569479044405742,0.2988434123889891,1.1901117430538868,0.0,0.3610326000345593,0.3610326000345593
hrl,multi,1,weighted_cka,0,332,1.3744242089559053,300.0,0.5402617454528809,0.22129075229167938,0,0.0,0.2748848417911811,5,1,weighted_cka,30,90,0.3875362949698176,4.0,1.0,-0.4094062405531881,0.11647887374475241,0.5166684384858234,-0.009923334639490425,1.1606064719180083,0.0,0.2748848417911811,0.2748848417911811
hrl,multi,1,weighted_cka,0,333,1.8015252027589654,300.0,0.5922210812568665,0.2055833786725998,0,0.0,0.3603050405517932,5,1,weighted_cka,31,126,0.39999999999999997,4.0,1.3548387096774193,-0.19767682544316656,0.36790745785617024,0.04141463090237796,0.3785779554105028,1.2113019840330814,0.0,0.3603050405517932,0.3603050405517932
hrl,multi,1,weighted_cka,0,334,1.7758936813788737,300.0,0.5719735026359558,0.25118204951286316,0,0.0,0.35517873627577484,5,1,weighted_cka,29,132,0.3999999999999999,4.0,1.5172413793103448,-0.0724700481097681,0.14055593779265463,0.2176988809878819,0.2559681378299137,1.2341407728781921,0.0,0.35517873627577484,0.35517873627577484
hrl,multi,1,weighted_cka,0,335,1.7619540410414616,300.0,0.5480437874794006,0.20402498543262482,0,0.0,0.3523908082082924,5,1,weighted_cka,29,126,0.39999999999999997,4.0,1.4482758620689655,-0.1847297918792176,0.06128314969030901,0.3723791144082786,0.30970738592254915,1.2033141828995428,0.0,0.3523908082082924,0.3523908082082924
hrl,multi,1,weighted_cka,0,336,1.9742934759997284,300.0,0.6859971284866333,0.6500436067581177,0,0.0,0.39485869519994576,5,1,weighted_cka,32,126,0.39999999999999997,4.0,1.3125,-0.06945699190301838,0.10405887838907057,0.5488449037596582,0.29900527402840077,1.0918414117256177,0.0,0.39485869519994576,0.39485869519994576
hrl,multi,1,weighted_cka,0,337,1.3697056406959733,300.0,0.5513351559638977,0.20166845619678497,0,0.0,0.2739411281391947,5,1,weighted_cka,30,96,0.4000000000000001,4.0,1.0666666666666667,-0.40004302666045305,0.059494557623285704,0.5549067018167114,0.18577288018666138,0.9695745277297682,0.0,0.2739411281391947,0.2739411281391947
hrl,multi,1,weighted_cka,0,338,1.8474200264563465,300.0,0.6140424013137817,0.3136604130268097,0,0.0,0.3694840052912694,5,1,weighted_cka,29,102,0.39999999999999997,4.0,1.1724137931034482,-0.26365326398005745,0.04092011958733188,0.5968223737068473,0.28841422504578795,1.1849165720964372,0.0,0.3694840052912694,0.3694840052912694
hrl,multi,1,weighted_cka,0,339,1.37727758111905,300.0,0.49395090341567993,0.20609620213508606,0,0.0,0.2754555162238101,5,1,weighted_cka,30,90,0.4,4.0,1.0,-0.44492314135762034,0.6777380940549191,0.4063699605322035,0.07434948018647258,0.6637431877030756,0.0,0.2754555162238101,0.2754555162238101
hrl,multi,1,weighted_cka,0,340,2.214988623344105,300.0,0.6139691472053528,0.2529919445514679,0,0.0,0.44299772466882115,5,1,weighted_cka,30,132,0.39999999999999997,4.0,1.4666666666666666,-0.19980910967197288,0.39375187448255006,0.5236217598896472,0.34024432280234745,1.1571797758415339,0.0,0.44299772466882115,0.44299772466882115
hrl,multi,1,weighted_cka,0,341,1.3420003766574142,300.0,0.5445860028266907,0.16716261208057404,0,0.0,0.2684000753314829,5,1,weighted_cka,29,102,0.4,4.0,1.1724137931034482,0.24289501519198486,0.08594229862932101,0.7061495126266962,-0.00019552135693820527,0.3072090715663507,0.0,0.2684000753314829,0.2684000753314829
hrl,multi,1,weighted_cka,0,342,1.5245843700856527,300.0,0.5857733488082886,0.45949599146842957,0,0.0,0.30491687401713063,5,1,weighted_cka,32,102,0.4,4.0,1.0625,-0.27820005195325975,-0.004835067510284809,0.6751322549749165,0.052185789807238425,1.0803014447670427,0.0,0.30491687401713063,0.30491687401713063
hrl,multi,1,weighted_cka,0,343,2.8099890136461894,300.0,0.7030308246612549,0.7011532783508301,1,0.0,0.5619978027292379,5,1,weighted_cka,29,102,0.4,4.0,1.1724137931034482,0.30288726914661657,0.5381510786489524,0.49420982831320714,0.3106134395731714,1.1641273979642426,0.0,0.5619978027292379,0.5619978027292379
hrl,multi,1,weighted_cka,0,344,1.779396233425358,300.0,0.5250039100646973,0.22050613164901733,0,0.0,0.35587924668507165,5,1,weighted_cka,30,156,0.39999999999999997,4.0,1.7333333333333334,-0.012524580488912886,0.08495343526825305,0.8162822177056218,0.523008722085622,0.36767643885477436,0.0,0.35587924668507165,0.35587924668507165
hrl,multi,1,weighted_cka,0,345,2.8696182255313674,282.0,0.7040522694587708,0.7016706466674805,1,0.0,0.5739236451062736,5,1,weighted_cka,27,108,0.4,4.0,1.3333333333333333,0.39163021295901834,0.34534270582972376,0.48547043041419224,0.45760593925415727,1.1895689370742764,0.0,0.5739236451062736,0.5739236451062736
hrl,multi,1,weighted_cka,0,346,1.9529635522640079,300.0,0.6608309745788574,0.5091255903244019,0,0.0,0.39059271045280164,5,1,weighted_cka,31,102,0.39999999999999997,4.0,1.096774193548387,0.06607281240853591,0.1315593807838158,0.5511273618601261,0.07142860192619249,1.1327753952853379,0.0,0.39059271045280164,0.39059271045280164
hrl,multi,1,weighted_cka,0,347,2.7952336215721574,298.0,0.7030040621757507,0.7008587121963501,1,0.0,0.5590467243144316,5,1,weighted_cka,30,126,0.39999999999999997,4.0,1.4,0.3664863352334068,0.35367398303175274,0.5283806178700178,0.43009742435213394,1.1165952610848469,0.0,0.5590467243144316,0.5590467243144316
hrl,multi,1,weighted_cka,0,348,1.3603910743682706,300.0,0.5898222327232361,0.19574256241321564,0,0.0,0.2720782148736542,5,1,weighted_cka,30,174,0.39999999999999997,4.0,1.9333333333333333,0.09221183074673169,-0.08734661194751983,0.10102759861655763,0.05033429832383973,1.2041639586286617,0.0,0.2720782148736542,0.2720782148736542
hrl,multi,1,weighted_cka,0,349,1.75204022240723,300.0,0.5812350511550903,0.17623773217201233,0,0.0,0.3504080444814461,5,1,weighted_cka,30,156,0.39999999999999997,4.0,1.7333333333333334,0.006225920642260376,0.2520594191376584,0.29166747200756776,0.2421582668889603,0.9599291437307836,0.0,0.3504080444814461,0.3504080444814461
hrl,multi,1,weighted_cka,0,350,2.2866795781614186,300.0,0.6377986073493958,0.3800487518310547,0,0.0,0.45733591563228393,5,1,weighted_cka,30,144,0.39999999999999997,4.0,1.6,-0.054893849357700836,0.38291052728146296,0.320053770895407,0.3855926220337859,1.2530165073084643,0.0,0.45733591563228393,0.45733591563228393
hrl,multi,1,weighted_cka,0,351,1.3849737922979317,300.0,0.5010902285575867,0.21510343253612518,0,0.0,0.2769947584595864,5,1,weighted_cka,29,84,0.4,4.0,0.9655172413793104,-0.4188843376108639,0.051678995465394006,0.5353630217283497,0.008743601194117122,1.208072511520935,0.0,0.2769947584595864,0.2769947584595864
hrl,multi,1,weighted_cka,0,352,2.2553814652550486,300.0,0.6261603236198425,0.31926026940345764,0,0.0,0.4510762930510098,5,1,weighted_cka,32,144,0.39999999999999997,4.0,1.71875,-0.0811275659292007,0.40600404034566584,0.4153917051668975,0.3274386442495742,1.1876746414221122,0.0,0.4510762930510098,0.4510762930510098
hrl,multi,1,weighted_cka,0,353,1.3287181212413985,300.0,0.4977751672267914,0.2024347186088562,0,0.0,0.26574362424827974,5,1,weighted_cka,28,90,0.4,4.0,1.5357142857142858,-0.3376403319865061,-0.05177594678197067,0.5276179003959985,0.018183321705087973,1.172333177908789,0.0,0.26574362424827974,0.26574362424827974
hrl,multi,1,weighted_cka,0,354,2.3721572207290578,300.0,0.6849029660224915,0.6082133650779724,0,0.0,0.47443144414581156,5,1,weighted_cka,30,150,0.39999999999999997,4.0,1.6666666666666667,0.14892532454676966,1.0404097560835068,0.6257096031927502,0.27603215582086693,0.2810803810851647,0.0,0.47443144414581156,0.47443144414581156
hrl,multi,1,weighted_cka,0,355,1.3398540529102307,300.0,0.47897234559059143,0.1975431889295578,0,0.0,0.2679708105820462,5,1,weighted_cka,31,138,0.39999999999999997,4.0,1.4838709677419355,-0.15892555201199152,0.20137952242838209,0.08914638159115523,0.07132868656888602,1.1369250143337992,0.0,0.2679708105820462,0.2679708105820462
hrl,multi,1,weighted_cka,0,356,2.896234036475091,279.0,0.7017605900764465,0.7005036473274231,1,0.0,0.5792468072950184,5,1,weighted_cka,28,114,0.4,4.0,1.3571428571428572,0.3866454857083734,1.0923452429985625,0.7159237425240425,0.3684428332494571,0.3328767319946564,0.0,0.5792468072950184,0.5792468072950184
hrl,multi,1,weighted_cka,0,357,1.295109305250297,300.0,0.4857032895088196,0.1435014009475708,0,0.0,0.2590218610500595,5,1,weighted_cka,29,168,0.4000000000000002,4.0,1.9310344827586208,0.03561661626584822,0.0031402688717934515,-0.11477109455961965,0.19520238639321175,1.1759211282790636,0.0,0.2590218610500595,0.2590218610500595
hrl,multi,1,weighted_cka,0,358,1.4766613599261165,300.0,0.5215209126472473,0.3867820203304291,0,0.0,0.2953322719852234,5,1,weighted_cka,31,96,0.39999999999999997,4.0,1.032258064516129,-0.3010790830146152,0.7977538639688864,0.5981802917923776,0.04659907860588275,0.33520720857358527,0.0,0.2953322719852234,0.2953322719852234
hrl,multi,1,weighted_cka,0,359,2.8209998606244975,297.0,0.7022577524185181,0.7002724409103394,1,0.0,0.5641999721248997,5,1,weighted_cka,29,132,0.39999999999999997,4.0,1.6896551724137931,0.38787179753999207,0.48811684951186163,0.5832059122773351,0.3717666950923812,0.9900386062029282,0.0,0.5641999721248997,0.5641999721248997
hrl,multi,1,weighted_cka,0,360,1.9585188767050554,300.0,0.6533611416816711,0.5332522392272949,0,0.0,0.3917037753410112,5,1,weighted_cka,30,102,0.4,4.0,1.5666666666666667,-0.13347727426260864,0.7947209556282031,0.6568128956419531,0.32647675463411713,0.31398554506339127,0.0,0.3917037753410112,0.3917037753410112
hrl,multi,1,weighted_cka,0,361,1.852193916780378,300.0,0.5762194395065308,0.30018720030784607,0,0.0,0.3704387833560757,5,1,weighted_cka,31,102,0.39999999999999997,4.0,1.1612903225806452,-0.37092691737567696,0.6039331491068004,0.4633580210693179,0.08970942510664459,1.0661202388732924,0.0,0.3704387833560757,0.3704387833560757
hrl,multi,1,weighted_cka,0,362,1.96728677743249,300.0,0.6852788925170898,0.6353106498718262,0,0.0,0.3934573554864981,5,1,weighted_cka,29,144,0.39999999999999997,4.0,1.6551724137931034,0.0837438244355142,-0.1619771245392551,0.47860349317546913,0.40170094949973273,1.1652156348610294,0.0,0.3934573554864981,0.3934573554864981
hrl,multi,1,weighted_cka,0,363,1.9694361766330517,300.0,0.667188823223114,0.562575101852417,0,0.0,0.39388723532661046,5,1,weighted_cka,30,132,0.39999999999999997,4.0,1.4666666666666666,-0.07160951950075123,0.647422391856904,0.698930522793671,0.40194741453783156,0.29274536694539693,0.0,0.39388723532661046,0.39388723532661046
hrl,multi,1,weighted_cka,0,364,2.82966913639767,297.0,0.7033838033676147,0.7004424929618835,1,0.0,0.565933827279534,5,1,weighted_cka,30,144,0.39999999999999997,4.0,1.6,0.48037649185396714,0.37224389803744246,1.246563251697458,0.3609136071498941,0.36957188765890886,0.0,0.565933827279534,0.565933827279534
hrl,multi,1,weighted_cka,0,365,1.7635444307234125,300.0,0.5430471897125244,0.18786850571632385,0,0.0,0.3527088861446826,5,1,weighted_cka,30,150,0.3999999999999999,4.0,1.6666666666666667,-0.08688868033443592,0.08737788009451464,0.9291905036711828,0.3148705852134152,0.5189941420787362,0.0,0.3527088861446826,0.3527088861446826
hrl,multi,1,weighted_cka,0,366,2.371550181880501,300.0,0.6787591576576233,0.580967903137207,0,0.0,0.47431003637610025,5,1,weighted_cka,30,144,0.39999999999999997,4.0,1.6,0.12252736693188471,0.3137976932183372,0.6051110420883631,0.9336978396859884,0.39641623995592806,0.0,0.47431003637610025,0.47431003637610025
hrl,multi,1,weighted_cka,0,367,1.8119868499934442,300.0,0.5531209707260132,0.23326466977596283,0,0.0,0.36239736999868893,5,1,weighted_cka,30,96,0.4000000000000001,4.0,1.0666666666666667,-0.37484959482268504,0.07937721554329613,0.6081161777810192,0.9668655462699679,0.5324775052218463,0.0,0.36239736999868893,0.36239736999868893
hrl,multi,1,weighted_cka,0,368,1.7978797661874055,300.0,0.588004469871521,0.22513136267662048,0,0.0,0.3595759532374812,5,1,weighted_cka,30,120,0.4,4.0,1.3333333333333333,-0.1837513956045735,0.30313716766959964,1.3031707129189742,0.021407862143600034,0.35391541905980545,0.0,0.3595759532374812,0.3595759532374812
hrl,multi,1,weighted_cka,0,369,2.336714580141596,300.0,0.6731853485107422,0.5443781614303589,0,0.0,0.46734291602831934,5,1,weighted_cka,30,120,0.4,4.0,1.3333333333333333,0.7924805897669863,0.054624731034971674,0.8443078047102316,0.35600276971125994,0.2892986849181469,0.0,0.46734291602831934,0.46734291602831934
hrl,multi,1,weighted_cka,0,370,1.9066100197810543,300.0,0.6370325088500977,0.4577184319496155,0,0.0,0.38132200395621096,5,1,weighted_cka,30,126,0.39999999999999997,4.0,1.4,-0.06308331185759765,0.005971181135508125,1.2128845228831922,0.4048750745311952,0.3459625530887569,0.0,0.38132200395621096,0.38132200395621096
hrl,multi,1,weighted_cka,0,371,1.8511824587451415,300.0,0.5881233215332031,0.3231780230998993,0,0.0,0.37023649174902845,5,1,weighted_cka,29,162,0.39999999999999997,4.0,1.8620689655172413,0.184377732776571,0.8105389235808542,0.1651533396801674,0.38459415950765824,0.3065183031998912,0.0,0.37023649174902845,0.37023649174902845
hrl,multi,1,weighted_cka,0,372,1.9900686131015832,300.0,0.6891974210739136,0.6392309665679932,0,0.0,0.39801372262031676,5,1,weighted_cka,31,144,0.39999999999999997,4.0,1.5483870967741935,0.056194851633801335,0.7652997471743728,0.509475951234868,0.3534800152738098,0.30561804778473184,0.0,0.39801372262031676,0.39801372262031676
hrl,multi,1,weighted_cka,0,373,1.4524983856441382,300.0,0.55771404504776,0.3549916446208954,0,0.0,0.2904996771288276,5,1,weighted_cka,31,84,0.4000000000000001,4.0,0.9032258064516129,-0.3362649741065548,0.006678941949896308,1.29530474629387,0.06377122494298959,0.4230084465639373,0.0,0.2904996771288276,0.2904996771288276
hrl,multi,1,weighted_cka,0,374,2.361472487677382,300.0,0.6870347261428833,0.6283813714981079,0,0.0,0.4722944975354766,5,1,weighted_cka,29,132,0.39999999999999997,4.0,1.5172413793103448,0.7526250144937073,0.22099499308015202,0.7426502515273748,0.31740675982946404,0.3277954687466844,0.0,0.4722944975354766,0.4722944975354766
hrl,multi,1,weighted_cka,0,375,1.3492979358939907,300.0,0.4818340837955475,0.1907808780670166,0,0.0,0.2698595871787982,5,1,weighted_cka,30,114,0.39999999999999997,4.0,1.2666666666666666,-0.29371393690083675,0.14344999244203782,0.9293846115381453,0.06164713797066357,0.508530130843981,0.0,0.2698595871787982,0.2698595871787982
hrl,multi,1,weighted_cka,0,376,2.4127435141803275,300.0,0.7015820145606995,0.6974301934242249,0,0.0,0.4825487028360656,5,1,weighted_cka,30,120,0.4,4.0,1.3333333333333333,0.23092862876446427,0.17871530859253815,0.4912122437013312,0.358173349615652,1.1537139835063424,0.0,0.4825487028360656,0.4825487028360656
hrl,multi,1,weighted_cka,0,377,1.3749277893493757,300.0,0.4678382873535156,0.19012649357318878,0,0.0,0.2749855578698752,5,1,weighted_cka,30,132,0.3999999999999999,4.0,1.4666666666666666,-0.13113061621164673,0.04859123540855936,0.8797547473848094,0.2046507526449859,0.37306167012266805,0.0,0.2749855578698752,0.2749855578698752
hrl,multi,1,weighted_cka,0,378,1.9610792329694946,300.0,0.6694191694259644,0.601405918598175,0,0.0,0.392215846593899,5,1,weighted_cka,30,126,0.39805886705983207,4.0,1.4,-0.2212507126348794,0.2923870794614776,1.1524672748845766,0.3765317175126401,0.3609438737456802,0.0,0.392215846593899,0.392215846593899
hrl,multi,1,weighted_cka,0,379,1.4827544544765248,300.0,0.5726706981658936,0.3387305438518524,0,0.0,0.29655089089530495,5,1,weighted_cka,30,126,0.39838238921652674,4.0,1.4,-0.20051187800895448,0.09269656877685328,1.0432630140057295,0.05772905952256391,0.4895776901803327,0.0,0.29655089089530495,0.29655089089530495
hrl,multi,1,weighted_cka,0,380,2.9564935860492865,261.0,0.7040727734565735,0.7003009915351868,1,0.0,0.5912987172098574,5,1,weighted_cka,26,120,0.3986412069418825,4.0,1.5384615384615385,0.3346748365160892,0.5126145111091899,0.4137979293200186,0.5056967849451356,1.1897095241588538,0.0,0.5912987172098574,0.5912987172098574
hrl,multi,1,weighted_cka,0,381,1.8674800261196638,300.0,0.5500454902648926,0.31364768743515015,0,0.0,0.3734960052239328,5,1,weighted_cka,30,114,0.3982121143972137,4.0,1.2666666666666666,-0.1925290267488457,0.08724237097427245,1.0990827757590447,0.49826833829567463,0.37541556783951807,0.0,0.3734960052239328,0.3734960052239328
hrl,multi,1,weighted_cka,0,382,2.395030361628322,300.0,0.6937450170516968,0.6556039452552795,0,0.0,0.4790060723256645,5,1,weighted_cka,32,150,0.39999999999999997,4.0,1.5625,0.5379320349171756,-0.0460910392878397,0.384556062515301,0.3650709307072392,1.1535623727764466,0.0,0.4790060723256645,0.4790060723256645
hrl,multi,1,weighted_cka,0,383,2.3709167169967245,300.0,0.6751713752746582,0.5587556958198547,0,0.0,0.474183343399345,5,1,weighted_cka,28,108,0.4,4.0,1.2857142857142858,0.19359276297478906,0.5823724819663038,1.1843961642473002,0.04003847625292824,0.37051683155540366,0.0,0.474183343399345,0.474183343399345
hrl,multi,1,weighted_cka,0,384,2.365695810143187,300.0,0.6750062704086304,0.5572379231452942,0,0.0,0.4731391620286374,5,1,weighted_cka,30,138,0.39999999999999997,4.0,1.5333333333333334,0.4943732232331529,0.08786762305854046,1.1462895562789632,0.3014522695874328,0.3357131379850979,0.0,0.4731391620286374,0.4731391620286374
hrl,multi,1,weighted_cka,0,385,2.9131841222945827,271.0,0.703504204750061,0.7018082737922668,1,0.0,0.5826368244589167,5,1,weighted_cka,28,138,0.39999999999999997,4.0,1.6428571428571428,0.5535856850245034,0.3094400231958387,0.606943063082639,0.28608161667914817,1.157133734312454,0.0,0.5826368244589167,0.5826368244589167
hrl,multi,1,weighted_cka,0,386,1.7686083292146564,300.0,0.5794544219970703,0.2255304455757141,0,0.0,0.35372166584293135,5,1,weighted_cka,30,162,0.3999999999999999,4.0,1.8,0.047601362161803926,0.5908002777043437,0.47565563236726993,0.38669550489649546,0.2678555520847438,0.0,0.35372166584293135,0.35372166584293135
hrl,multi,1,weighted_cka,0,387,2.3237023025088988,300.0,0.6492668986320496,0.4299275875091553,0,0.0,0.4647404605017799,5,1,weighted_cka,30,114,0.3799429764456877,4.0,1.2666666666666666,0.22704923318175105,0.1465514224022626,0.6474647666420786,0.22321130704486844,1.0794255732379385,0.0,0.4647404605017799,0.4647404605017799
hrl,multi,1,weighted_cka,0,388,2.875818858961417,278.0,0.7035413384437561,0.7020687460899353,1,0.0,0.5751637717922835,5,1,weighted_cka,27,120,0.38366785224863137,4.0,1.4814814814814814,0.48357574554858707,0.3173657312530557,0.4811062388176214,0.37331593083848186,1.2204552125036714,0.0,0.5751637717922835,0.5751637717922835
hrl,multi,1,weighted_cka,0,389,2.871969320927163,285.0,0.7036851644515991,0.7021916508674622,1,0.0,0.5743938641854327,5,1,weighted_cka,28,120,0.3691980461378758,4.0,1.4285714285714286,0.3922230882444417,0.4096250178146873,0.5020811486591118,0.441101978615159,1.1269380875937638,0.0,0.5743938641854327,0.5743938641854327
hrl,multi,1,weighted_cka,0,390,1.9112635652654704,300.0,0.6255718469619751,0.4983702301979065,0,0.0,0.38225271305309416,5,1,weighted_cka,30,144,0.37867194147203737,4.0,1.6,0.03585326093560422,0.0156354898067801,1.1853323926622976,0.3562075992640456,0.31823482259674324,0.0,0.38225271305309416,0.38225271305309416
hrl,multi,1,weighted_cka,0,391,2.8389491640053333,295.0,0.7023242712020874,0.700408935546875,1,0.0,0.5677898328010669,5,1,weighted_cka,30,144,0.38395483826613486,4.0,1.6,0.6140034948643295,0.3842278244390617,0.47873460645950383,0.24440245285934714,1.1175807853830917,0.0,0.5677898328010669,0.5677898328010669
hrl,multi,1,weighted_cka,0,392,1.753798671363255,300.0,0.5231313109397888,0.20321111381053925,0,0.0,0.35075973427265106,5,1,weighted_cka,30,114,0.39619215628664317,4.0,1.2666666666666666,-0.28989482004092165,0.07948005399852986,0.4675754383624878,0.29927887947001713,1.1973591195731421,0.0,0.35075973427265106,0.35075973427265106
hrl,multi,1,weighted_cka,0,393,2.353419357645542,300.0,0.6702454686164856,0.5349758863449097,0,0.0,0.47068387152910846,5,1,weighted_cka,31,156,0.3906646667489477,4.0,1.6774193548387097,0.6162830469159233,0.4807071289841477,0.5785786754041907,0.3301202188940732,0.34773028744720785,0.0,0.47068387152910846,0.47068387152910846
hrl,multi,1,weighted_cka,0,394,1.8641381301840725,300.0,0.5808968544006348,0.37045809626579285,0,0.0,0.3728276260368146,5,1,weighted_cka,29,114,0.39999999999999997,4.0,1.3103448275862069,-0.020942293465836197,0.008811614250764179,0.3295489943378486,0.3320249766865599,1.2146948383747365,0.0,0.3728276260368146,0.3728276260368146
hrl,multi,1,weighted_cka,0,395,2.858745145760417,281.0,0.7028470039367676,0.7009410262107849,1,0.0,0.5717490291520835,5,1,weighted_cka,28,132,0.39999999999999997,4.0,1.7142857142857142,0.42494829607370754,0.30971461290650754,0.5959470192308071,0.41647490376199114,1.1116603137874042,0.0,0.5717490291520835,0.5717490291520835
hrl,multi,1,weighted_cka,0,396,1.7806690122815767,300.0,0.5275083780288696,0.1888912469148636,0,0.0,0.35613380245631543,5,1,weighted_cka,31,114,0.39999999999999997,4.0,1.6129032258064515,-0.31528552782652003,0.3825415457407943,0.5579236358695195,0.09476973181404169,1.0607196266837415,0.0,0.35613380245631543,0.35613380245631543
hrl,multi,1,weighted_cka,0,397,2.8602715515870645,280.0,0.7020280361175537,0.7000925540924072,1,0.0,0.5720543103174129,5,1,weighted_cka,26,102,0.4,4.0,1.4615384615384615,0.24161683028470698,0.37749197826115405,0.5940463932561687,0.5126922001093625,1.1344241496756728,0.0,0.5720543103174129,0.5720543103174129
hrl,multi,1,weighted_cka,0,398,1.3536619491756925,300.0,0.4640688896179199,0.19927164912223816,0,0.0,0.2707323898351386,5,1,weighted_cka,31,144,0.39999999999999997,4.0,1.5483870967741935,-0.1024276328810449,0.07389813472330564,0.3597970958882939,0.06407443727552886,0.9583199141696094,0.0,0.2707323898351386,0.2707323898351386
hrl,multi,1,weighted_cka,0,399,2.9090044826162615,278.0,0.7059292793273926,0.7044538259506226,1,0.0,0.5818008965232524,5,1,weighted_cka,27,120,0.4,4.0,1.4814814814814814,1.1344915673590728,0.3451084387234877,0.7099336267481556,0.3329481206177733,0.3865227291677728,0.0,0.5818008965232524,0.5818008965232524
hrl,multi,1,weighted_cka,0,400,2.3911593186693594,300.0,0.6933664679527283,0.6507031917572021,0,0.0,0.47823186373387194,5,1,weighted_cka,31,144,0.3535086818380457,4.0,1.5483870967741935,0.39352373688673453,-0.04145892034118896,0.6417450314543675,0.3169568720981914,1.0803925985712555,0.0,0.47823186373387194,0.47823186373387194
hrl,multi,1,weighted_cka,0,401,2.874527782329706,282.0,0.7019263505935669,0.7006598114967346,1,0.0,0.5749055564659413,5,1,weighted_cka,29,132,0.3492821983687771,4.0,1.5172413793103448,0.23082491205888786,0.38257706417841825,0.588412003585603,0.5644850750117328,1.1082287274950646,0.0,0.5749055564659413,0.5749055564659413
hrl,multi,1,weighted_cka,0,402,1.94130452084937,300.0,0.6254019141197205,0.4966380298137665,0,0.0,0.3882609041698741,5,1,weighted_cka,29,108,0.3542908567115358,4.0,1.2413793103448276,-0.13918059349665451,-0.005987639714963817,0.4946419276744126,0.34095004331401996,1.2508807830725561,0.0,0.3882609041698741,0.3882609041698741
hrl,multi,1,weighted_cka,0,403,2.929167099444822,267.0,0.7028040289878845,0.7015382647514343,1,0.0,0.5858334198889645,5,1,weighted_cka,27,126,0.38259222697154616,4.0,1.5555555555555556,0.5122291316459885,0.2454270774829454,0.6427780794543213,0.35522974848132244,1.1735030623802447,0.0,0.5858334198889645,0.5858334198889645
hrl,multi,1,weighted_cka,0,404,1.9627890506635581,300.0,0.671575129032135,0.5740705728530884,0,0.0,0.39255781013271174,5,1,weighted_cka,31,138,0.3932772468976903,4.0,1.4838709677419355,0.03992229277163263,-0.10375552984990659,0.6288205229688609,0.3015746248022186,1.096227139970753,0.0,0.39255781013271174,0.39255781013271174
hrl,multi,1,weighted_cka,0,405,1.8480393604204424,300.0,0.5638596415519714,0.3427983522415161,0,0.0,0.3696078720840886,5,1,weighted_cka,29,102,0.3984840850847733,4.0,1.1724137931034482,-0.33688808269232723,0.14970712840463962,0.5531138060295487,0.3001734185113453,1.1819330901672362,0.0,0.3696078720840886,0.3696078720840886
hrl,multi,1,weighted_cka,0,406,2.3564818532817284,300.0,0.662738025188446,0.5019610524177551,0,0.0,0.4712963706563459,5,1,weighted_cka,30,126,0.3950913231316469,4.0,1.4,-0.005310705254756777,0.35069862050630024,0.5262824865183792,0.3119197350813773,1.172891716430429,0.0,0.4712963706563459,0.4712963706563459
hrl,multi,1,weighted_cka,0,407,2.402961792690256,300.0,0.7011026740074158,0.6956213712692261,0,0.0,0.48059235853805127,5,1,weighted_cka,29,126,0.39999999999999997,4.0,1.4482758620689655,0.2972318479674867,0.030837948326021287,0.46177309498051156,0.44263005664541544,1.1704888447708215,0.0,0.48059235853805127,0.48059235853805127
hrl,multi,1,weighted_cka,0,408,2.400507924632983,300.0,0.6978422999382019,0.6732534170150757,0,0.0,0.48010158492659666,5,1,weighted_cka,31,126,0.39999999999999997,4.0,1.3548387096774193,0.19378152270172705,-0.010745109428884562,0.5556244329758627,1.1054402647274544,0.5564068136568238,0.0,0.48010158492659666,0.48010158492659666
hrl,multi,1,weighted_cka,0,409,1.8815299521847906,300.0,0.5707384347915649,0.3605906069278717,0,0.0,0.3763059904369582,5,1,weighted_cka,29,96,0.3973150676578383,4.0,1.103448275862069,-0.20886450409545834,0.05387975115049627,0.7886997664095833,0.29100577515922477,0.9568091635609451,0.0,0.3763059904369582,0.3763059904369582
hrl,multi,1,weighted_cka,0,410,2.291233872603378,300.0,0.643287181854248,0.3983933925628662,0,0.0,0.4582467745206757,5,1,weighted_cka,30,150,0.3971360721683607,4.0,1.6666666666666667,0.038789056498091515,0.35460975366704667,0.45463533878093554,0.3477650839326351,1.0954346397246697,0.0,0.4582467745206757,0.4582467745206757
hrl,multi,1,weighted_cka,0,411,2.3617240157353976,300.0,0.6566722393035889,0.471890389919281,0,0.0,0.4723448031470796,5,1,weighted_cka,31,108,0.3960223224560566,4.0,1.1612903225806452,0.12311530182076935,0.03252543955083809,0.42995136498741326,0.5216027595497615,1.2545291498266158,0.0,0.4723448031470796,0.4723448031470796
hrl,multi,1,weighted_cka,0,412,2.8096727326745152,300.0,0.703245997428894,0.7014467120170593,1,0.0,0.5619345465349032,5,1,weighted_cka,30,132,0.39674553655495537,4.0,1.4666666666666666,0.1754112402877361,0.5798297947279641,0.5776190358371239,0.3319051878086465,1.1449074740130452,0.0,0.5619345465349032,0.5619345465349032
hrl,multi,1,weighted_cka,0,413,2.335874684507324,300.0,0.6631385684013367,0.49807998538017273,0,0.0,0.46717493690146494,5,1,weighted_cka,30,120,0.38876543724663926,4.0,1.3333333333333333,-0.13920768027284097,0.4068780197870218,0.6320882959803856,0.2792649217742509,1.1568511272385074,0.0,0.46717493690146494,0.46717493690146494
hrl,multi,1,weighted_cka,0,414,1.4786669579696978,300.0,0.6285881996154785,0.4222222566604614,0,0.0,0.29573339159393963,5,1,weighted_cka,29,156,0.3924595393557375,4.0,1.793103448275862,0.26486732974788163,-0.003694878849230112,0.35242493112408524,-0.12913512036140323,0.9942046963083647,0.0,0.29573339159393963,0.29573339159393963
hrl,multi,1,weighted_cka,0,415,1.3021371017908665,300.0,0.4360424876213074,0.1525777280330658,0,0.0,0.26042742035817334,5,1,weighted_cka,30,174,0.3918875044103108,4.0,1.9333333333333333,0.07803947547823187,0.07136837619170544,0.1396586074257497,-0.10238318568211995,1.1154538283772997,0.0,0.26042742035817334,0.26042742035817334
hrl,multi,1,weighted_cka,0,416,2.8351534541316563,288.0,0.7041863203048706,0.7015500068664551,1,0.0,0.5670306908263314,5,1,weighted_cka,29,132,0.3928708372090609,4.0,1.5172413793103448,0.49887126419885297,0.3238963096307487,0.5491238361271097,0.4720803913132402,0.9911816528617053,0.0,0.5670306908263314,0.5670306908263314
hrl,multi,1,weighted_cka,0,417,2.3766011572100965,300.0,0.6776158213615417,0.5804628729820251,0,0.0,0.4753202314420194,5,1,weighted_cka,31,150,0.39999999999999997,4.0,1.6129032258064515,-0.11090555834138663,0.4103972051579038,0.6588067931011318,0.3720989519674329,1.0462037653250151,0.0,0.4753202314420194,0.4753202314420194
hrl,multi,1,weighted_cka,0,418,1.911048313814716,300.0,0.6502721905708313,0.5382012724876404,0,0.0,0.3822096627629433,5,1,weighted_cka,30,138,0.39999999999999997,4.0,1.5333333333333334,0.008103750002279309,-0.1521569114148517,0.7824303442644595,0.33643656806198113,0.9362345629008485,0.0,0.3822096627629433,0.3822096627629433
hrl,multi,1,weighted_cka,0,419,2.347289278210063,300.0,0.6625608205795288,0.5009294152259827,0,0.0,0.4694578556420127,5,1,weighted_cka,30,102,0.39999999999999997,4.0,1.1333333333333333,0.0664461218034409,0.17652874762378623,0.595341959751211,0.38128283434990945,1.127689614681716,0.0,0.4694578556420127,0.4694578556420127
hrl,multi,1,weighted_cka,0,420,1.3694166169808328,300.0,0.4993143677711487,0.20840878784656525,0,0.0,0.27388332339616667,5,1,weighted_cka,31,120,0.388913803558328,4.0,1.2903225806451613,-0.25431209146184874,-0.09350643902000971,0.40638584377849457,0.17048223874904211,1.140367064935155,0.0,0.27388332339616667,0.27388332339616667
hrl,multi,1,weighted_cka,0,421,2.9382506415134544,266.0,0.7026892304420471,0.7011525630950928,1,0.0,0.5876501283026909,5,1,weighted_cka,25,102,0.38369676993871776,4.0,1.36,0.22199170883675085,0.5511923722261561,0.621407579753897,0.35516471773944785,1.188494262957203,0.0,0.5876501283026909,0.5876501283026909
hrl,multi,1,weighted_cka,0,422,2.895712259252285,275.0,0.7037248015403748,0.702165961265564,1,0.0,0.5791424518504572,5,1,weighted_cka,27,120,0.38614225444791006,4.0,1.4814814814814814,0.31583559433848113,0.4879174869311972,0.7019670565160921,0.3374650645824439,1.0525270568840712,0.0,0.5791424518504572,0.5791424518504572
hrl,multi,1,weighted_cka,0,423,2.3550603728484916,300.0,0.6596680283546448,0.4859769344329834,0,0.0,0.4710120745696984,5,1,weighted_cka,30,120,0.394456901779164,4.0,1.3333333333333333,0.23332907680770565,0.16117015981674188,0.5398301277679854,0.3929650085274187,1.0277659999286404,0.0,0.4710120745696984,0.4710120745696984
hrl,multi,1,weighted_cka,0,424,1.9409616375924075,300.0,0.6148747205734253,0.4141240417957306,0,0.0,0.3881923275184816,5,1,weighted_cka,31,96,0.39307112722395504,4.0,1.032258064516129,0.11331699811725371,0.2520548130553215,0.5687910760054363,0.024539026920217928,0.9822597234941784,0.0,0.3881923275184816,0.3881923275184816
hrl,multi,1,weighted_cka,0,425,1.9603075656759743,300.0,0.608613908290863,0.44401252269744873,0,0.0,0.39206151313519494,5,1,weighted_cka,30,84,0.3920812882559486,4.0,0.9333333333333333,0.6482344048799563,-0.007548115156998405,0.5667435245951636,0.049836137421894744,0.7030416139359584,0.0,0.39206151313519494,0.39206151313519494
hrl,multi,1,weighted_cka,0,426,2.3018797156386412,300.0,0.6359163522720337,0.363974004983902,0,0.0,0.46037594312772845,5,1,weighted_cka,30,150,0.39999999999999997,4.0,1.6666666666666667,0.11181001480054681,0.3016990624040481,0.401246526669827,0.34491734113226985,1.14220677063195,0.0,0.46037594312772845,0.46037594312772845
hrl,multi,1,weighted_cka,0,427,1.3635064215037334,300.0,0.5229439735412598,0.18731094896793365,0,0.0,0.27270128430074675,5,1,weighted_cka,29,102,0.4,4.0,1.1724137931034482,-0.33381117720900544,0.05701726186790612,0.6812773575945755,0.008590174508361012,0.9504328047418965,0.0,0.27270128430074675,0.27270128430074675
hrl,multi,1,weighted_cka,0,428,2.904754510597099,276.0,0.7033721208572388,0.7004897594451904,1,0.0,0.5809509021194199,5,1,weighted_cka,29,132,0.39999999999999997,4.0,1.5172413793103448,0.5061477672665494,0.2711233068074288,0.584263644973107,0.3607688703216844,1.1824509212283298,0.0,0.5809509021194199,0.5809509021194199
hrl,multi,1,weighted_cka,0,429,2.9093928383432344,273.0,0.7038760781288147,0.7029483318328857,1,0.0,0.581878567668647,5,1,weighted_cka,27,120,0.4,4.0,1.4814814814814814,0.4992124939847852,0.3202209851059596,0.6127058195080607,0.5359196980100968,0.9413338417343328,0.0,0.581878567668647,0.581878567668647
hrl,multi,1,weighted_cka,0,430,2.9436790858939625,265.0,0.7032020092010498,0.7010851502418518,1,0.0,0.5887358171787926,5,1,weighted_cka,26,120,0.4,4.0,1.5384615384615385,0.4594580245351897,0.3554367367781232,0.5505816373123961,0.47385676884167316,1.104345918426581,0.0,0.5887358171787926,0.5887358171787926
hrl,multi,1,weighted_cka,0,431,2.378486825686558,300.0,0.6969158053398132,0.6753166317939758,0,0.0,0.47569736513731176,5,1,weighted_cka,30,120,0.4,4.0,1.3333333333333333,0.35771891306806336,-0.03761583060180432,0.7656389950106385,0.32256488150643414,0.970179866703227,0.0,0.47569736513731176,0.47569736513731176
hrl,multi,1,weighted_cka,0,432,2.937467397087063,268.0,0.7047749757766724,0.7015938758850098,1,0.0,0.5874934794174127,5,1,weighted_cka,28,132,0.39999999999999997,4.0,1.5714285714285714,0.365729475172935,0.9961864207100587,0.5285664578522554,0.4838773778605244,0.5631076654912902,0.0,0.5874934794174127,0.5874934794174127
hrl,multi,1,weighted_cka,0,433,2.8163831557490524,300.0,0.7027297019958496,0.7017582058906555,1,0.0,0.5632766311498105,5,1,weighted_cka,30,108,0.4,4.0,1.2,0.32544472300744365,0.47347259165253475,0.4559757521431892,0.3450108882672411,1.2164792006786445,0.0,0.5632766311498105,0.5632766311498105
hrl,multi,1,weighted_cka,0,434,2.3224639380436187,300.0,0.6551470756530762,0.4571681320667267,0,0.0,0.4644927876087238,5,1,weighted_cka,29,102,0.39999999999999997,4.0,1.1724137931034482,0.08366340812889361,0.16024683154374353,0.6312854387890546,0.34603087195983234,1.101237387622095,0.0,0.4644927876087238,0.4644927876087238
hrl,multi,1,weighted_cka,0,435,2.9007218427264,274.0,0.7042275667190552,0.7013655304908752,1,0.0,0.5801443685452801,5,1,weighted_cka,27,120,0.4,4.0,1.4814814814814814,0.3430999573180452,0.4538106627423547,0.5581094738077371,0.49295307400030997,1.0527486748579538,0.0,0.5801443685452801,0.5801443685452801
hrl,multi,1,weighted_cka,0,436,2.9176675778521735,274.0,0.7034298181533813,0.7017528414726257,1,0.0,0.5835335155704348,5,1,weighted_cka,28,120,0.4,4.0,1.4285714285714286,0.4871109758531672,0.9629270678306928,0.5634282801398075,0.30902155538942305,0.5951796986390835,0.0,0.5835335155704348,0.5835335155704348
hrl,multi,1,weighted_cka,0,437,2.3324097800590593,300.0,0.6646281480789185,0.4995408058166504,0,0.0,0.466481956011812,5,1,weighted_cka,30,144,0.39999999999999997,4.0,1.6,0.03519931574270589,0.30889832509288667,0.3543342267976548,0.38698104802052685,1.2469968644052858,0.0,0.466481956011812,0.466481956011812
hrl,multi,1,weighted_cka,0,438,1.3695517517322502,300.0,0.49721041321754456,0.22618931531906128,0,0.0,0.27391035034645006,5,1,weighted_cka,29,84,0.4,4.0,0.9655172413793104,-0.3788154802614522,0.024721860561519836,0.6031146147705148,-0.04624073064420381,1.1667714873058719,0.0,0.27391035034645006,0.27391035034645006
hrl,multi,1,weighted_cka,0,439,1.3313538238563511,300.0,0.44612377882003784,0.2049824744462967,0,0.0,0.26627076477127026,5,1,weighted_cka,31,138,0.4,4.0,1.4838709677419355,-0.05013214325652751,0.09060675325524059,0.13159110100276256,0.07761007962841537,1.0816780332264604,0.0,0.26627076477127026,0.26627076477127026
hrl,multi,1,weighted_cka,0,440,2.9169223947971754,272.0,0.7016733288764954,0.7007362246513367,1,0.0,0.5833844789594351,5,1,weighted_cka,28,132,0.39999999999999997,4.0,1.5714285714285714,0.4931779528040786,0.3744558402425026,0.6190903396018547,0.30674850591956043,1.1234497562291796,0.0,0.5833844789594351,0.5833844789594351
hrl,multi,1,weighted_cka,0,441,2.8165186450158193,294.0,0.7040702700614929,0.7020896673202515,1,0.0,0.5633037290031639,5,1,weighted_cka,29,138,0.39999999999999997,4.0,1.5862068965517242,0.5022575278374132,0.37627201267005866,0.46201054761558746,0.4957536392026075,0.9802249176901531,0.0,0.5633037290031639,0.5633037290031639
hrl,multi,1,weighted_cka,0,442,2.3535523033009653,300.0,0.6581364870071411,0.47376716136932373,0,0.0,0.4707104606601932,5,1,weighted_cka,30,126,0.38753728941112736,4.0,1.4,-0.059263349696062784,0.2740872346975374,0.5523265403863041,0.5096140718565146,1.0767878060566725,0.0,0.4707104606601932,0.4707104606601932
hrl,multi,1,weighted_cka,0,443,1.3596995199273794,300.0,0.5015026926994324,0.18931563198566437,0,0.0,0.2719399039854759,5,1,weighted_cka,30,102,0.3923024434598139,4.0,1.1333333333333333,-0.34904081784770863,0.11068624990899112,0.4951591391693798,-0.02081524465978154,1.1237101933564988,0.0,0.2719399039854759,0.2719399039854759
hrl,multi,1,weighted_cka,0,444,2.2765664724051007,300.0,0.6218281984329224,0.3028120994567871,0,0.0,0.4553132944810202,5,1,weighted_cka,30,174,0.37292583561727655,4.0,1.9333333333333333,0.1717676893435418,0.3455014282627961,0.9663351007387969,0.436823347323574,0.3561389067363924,0.0,0.4553132944810202,0.4553132944810202
hrl,multi,1,weighted_cka,0,445,1.9563176289348108,300.0,0.6549595594406128,0.5570718050003052,0,0.0,0.3912635257869622,5,1,weighted_cka,30,108,0.38546017097964846,4.0,1.2,-0.1153343302520228,0.05488702523725797,0.5537276631484273,0.4854968669382359,0.9775404038629129,0.0,0.3912635257869622,0.3912635257869622
hrl,multi,1,weighted_cka,0,446,2.4021741662962413,300.0,0.6950787305831909,0.6553048491477966,0,0.0,0.48043483325924835,5,1,weighted_cka,29,144,0.37273782058684096,4.0,1.6551724137931034,0.13640958418906646,0.3441879360511206,0.37859104391251436,0.3447024285545048,1.1982831735890356,0.0,0.48043483325924835,0.48043483325924835
hrl,multi,1,weighted_cka,0,447,1.968464420728195,300.0,0.671120285987854,0.5538113713264465,0,0.0,0.3936928841456391,5,1,weighted_cka,30,120,0.37382830776336734,4.0,1.3333333333333333,-0.21152445782371826,0.09854822156473508,0.6108727355980662,0.35070070718076013,1.1198672142083521,0.0,0.3936928841456391,0.3936928841456391
hrl,multi,1,weighted_cka,0,448,2.810267319961104,292.0,0.7051162719726562,0.7025861740112305,1,0.0,0.5620534639922209,5,1,weighted_cka,29,138,0.39999999999999997,4.0,1.5862068965517242,0.5190192032716002,0.3595595068628025,0.4907203796301035,0.27932066150039087,1.1616475686962073,0.0,0.5620534639922209,0.5620534639922209
hrl,multi,1,weighted_cka,0,449,2.416646649135963,300.0,0.6955784559249878,0.6710381507873535,0,0.0,0.4833293298271927,5,1,weighted_cka,30,144,0.39999999999999997,4.0,1.6,0.3927469396558589,0.026695590494083998,0.6348914681526364,0.3794257503902953,0.9828869004430888,0.0,0.4833293298271927,0.4833293298271927
hrl,multi,1,weighted_cka,0,450,2.3768495723492364,300.0,0.6799194812774658,0.5845180153846741,0,0.0,0.47536991446984744,5,1,weighted_cka,31,120,0.4,4.0,1.2903225806451613,0.2786370539862835,0.04093114282237355,0.7244818521346895,0.3629967203761188,0.9698028030297717,0.0,0.47536991446984744,0.47536991446984744
hrl,multi,1,weighted_cka,0,451,1.734020259325915,300.0,0.5161270499229431,0.16461294889450073,0,0.0,0.3468040518651831,5,1,weighted_cka,30,144,0.3999999999999999,4.0,1.6,-0.13371230600954742,0.7140959125908557,0.27194680397724696,0.31906720229797053,0.5626226464693899,0.0,0.3468040518651831,0.3468040518651831
hrl,multi,1,weighted_cka,0,452,1.8506480576215822,300.0,0.6024182438850403,0.28710639476776123,0,0.0,0.37012961152431656,5,1,weighted_cka,30,132,0.3999999999999999,4.0,1.4666666666666666,-0.12957000567123778,0.13470321641303595,0.49050612872571187,0.29150831728408216,1.0635004008699904,0.0,0.37012961152431656,0.37012961152431656
hrl,multi,1,weighted_cka,0,453,2.413872021481801,300.0,0.6849069595336914,0.6076952815055847,0,0.0,0.48277440429636026,5,1,weighted_cka,31,114,0.4,4.0,1.2258064516129032,0.10777427816568491,0.13886074301367612,0.7501400347994639,0.4150549763157031,1.0020419891872732,0.0,0.48277440429636026,0.48277440429636026
hrl,multi,1,weighted_cka,0,454,2.3579550394819293,300.0,0.6697412133216858,0.5306036472320557,0,0.0,0.471591007896386,5,1,weighted_cka,28,126,0.39999999999999997,4.0,1.5,0.3171975594763643,0.14941315419226875,0.5943774188812819,0.34061096194296975,0.9563559449890452,0.0,0.471591007896386,0.471591007896386
hrl,multi,1,weighted_cka,0,455,2.7863128204611733,299.0,0.7042597532272339,0.7005018591880798,1,0.0,0.5572625640922348,5,1,weighted_cka,31,132,0.39999999999999997,4.0,1.4193548387096775,0.38221083931496824,0.32135808045127473,0.6100031224200501,0.34313016582555783,1.1296106124493233,0.0,0.5572625640922348,0.5572625640922348
hrl,multi,1,weighted_cka,0,456,2.911605506391976,273.0,0.7020102739334106,0.7005662322044373,1,0.0,0.5823211012783952,5,1,weighted_cka,26,120,0.4,4.0,1.5384615384615385,0.49871557357069085,1.1191989486272211,0.6429046047888695,0.2847849774317727,0.36600140197342257,0.0,0.5823211012783952,0.5823211012783952
hrl,multi,1,weighted_cka,0,457,1.7722548214824188,300.0,0.5955957174301147,0.18484149873256683,0,0.0,0.3544509642964838,5,1,weighted_cka,31,150,0.3824594475352228,4.0,1.6129032258064515,-0.012529328215663708,-0.08883836122188964,0.3961283621205946,0.32683225128722543,1.1506618975121525,0.0,0.3544509642964838,0.3544509642964838
hrl,multi,1,weighted_cka,0,458,2.844333327623592,289.0,0.7043724060058594,0.7002162337303162,1,0.0,0.5688666655247185,5,1,weighted_cka,29,132,0.3302364390605454,4.0,1.5172413793103448,0.31402687664842216,0.43643029839079805,0.7889629258397034,0.35858802814646323,0.9463251985982059,0.0,0.5688666655247185,0.5688666655247185
hrl,multi,1,weighted_cka,0,459,2.957148892617492,261.0,0.7030402421951294,0.7006598114967346,1,0.0,0.5914297785234985,5,1,weighted_cka,26,120,0.3451857735475714,4.0,1.5384615384615385,0.5144042834222781,0.3828694789162836,0.7732508996669202,0.3710822552898316,0.9155419753221793,0.0,0.5914297785234985,0.5914297785234985
hrl,multi,1,weighted_cka,0,460,2.889258741195707,280.0,0.7050944566726685,0.7026591300964355,1,0.0,0.5778517482391414,5,1,weighted_cka,28,126,0.33735516976865304,4.0,1.5,0.35128595372872945,0.35168391404999405,0.7627837796580278,0.44841272460812054,0.9750923691508359,0.0,0.5778517482391414,0.5778517482391414
hrl,multi,1,weighted_cka,0,461,1.8954402196486613,300.0,0.6333742737770081,0.36050090193748474,0,0.0,0.37908804392973233,5,1,weighted_cka,30,126,0.3999999999999999,4.0,1.4,-0.08337322499879533,0.07376499220248656,0.6018290617251766,0.30776420624786976,0.9954551844719243,0.0,0.37908804392973233,0.37908804392973233
hrl,multi,1,weighted_cka,0,462,2.3764070785288354,300.0,0.6810321807861328,0.5882717370986938,0,0.0,0.47528141570576726,5,1,weighted_cka,30,138,0.39999999999999997,4.0,1.5333333333333334,-0.03394363155402249,0.3534121167109114,0.673799166863784,0.33078924579330654,1.0523501807148565,0.0,0.47528141570576726,0.47528141570576726
hrl,multi,1,weighted_cka,0,463,2.912136083144562,274.0,0.7043408751487732,0.7003552913665771,1,0.0,0.5824272166289125,5,1,weighted_cka,28,126,0.39999999999999997,4.0,1.5,0.5234374045853035,0.28477397042374636,0.5615027527492492,0.4862869402751092,1.0561350151111544,0.0,0.5824272166289125,0.5824272166289125
hrl,multi,1,weighted_cka,0,464,2.3975003876785976,300.0,0.6961735486984253,0.6695510149002075,0,0.0,0.4795000775357197,5,1,weighted_cka,29,144,0.39999999999999997,4.0,1.6551724137931034,0.37503707920620205,0.12863528471917363,0.3898518517314635,0.3352601158927954,1.1687160561289636,0.0,0.4795000775357197,0.4795000775357197
hrl,multi,1,weighted_cka,0,465,2.4017429485699253,300.0,0.6998506784439087,0.6825339198112488,0,0.0,0.48034858971398525,5,1,weighted_cka,30,126,0.39999999999999997,4.0,1.4,-0.17811691792097575,0.5348227101746305,0.664744732161518,0.38033440910482924,0.999958015049924,0.0,0.48034858971398525,0.48034858971398525
hrl,multi,1,weighted_cka,0,466,2.8546122137595797,288.0,0.7026385068893433,0.7012567520141602,1,0.0,0.5709224427519161,5,1,weighted_cka,28,132,0.39422765059901227,4.0,1.5714285714285714,0.50479385728389,0.3253954259511082,0.6554820095265749,0.25037196656195726,1.11856895443605,0.0,0.5709224427519161,0.5709224427519161
hrl,multi,1,weighted_cka,0,467,2.9099909048561226,272.0,0.7036945223808289,0.7008177042007446,1,0.0,0.5819981809712246,5,1,weighted_cka,28,132,0.3950522719420105,4.0,1.5714285714285714,0.300733665917025,0.5550195456629151,0.7683406505323945,0.2748826304971443,1.0110144122466442,0.0,0.5819981809712246,0.5819981809712246
hrl,multi,1,weighted_cka,0,468,2.8058411674204966,294.0,0.7027466893196106,0.7005812525749207,1,0.0,0.5611682334840995,5,1,weighted_cka,30,126,0.3856094592357893,4.0,1.4,0.40988375052413883,0.30710664678041927,0.8677149923536925,0.32543132829968807,0.8957044494625587,0.0,0.5611682334840995,0.5611682334840995
hrl,multi,1,weighted_cka,0,469,2.865011020785691,286.0,0.7024950385093689,0.7010055184364319,1,0.0,0.5730022041571383,5,1,weighted_cka,29,126,0.3814870625576373,4.0,1.4482758620689655,0.4407746982963433,0.44564434139129283,0.7322901094025,0.27767740755667897,0.9686244641388765,0.0,0.5730022041571383,0.5730022041571383
hrl,multi,1,weighted_cka,0,470,1.9160559796264338,300.0,0.616692841053009,0.4537276029586792,0,0.0,0.38321119592528685,5,1,weighted_cka,30,102,0.3875592348047873,4.0,1.1333333333333333,-0.19933528179617166,0.009501374457031399,0.7641027765474281,0.33946972731082486,1.0023173831073215,0.0,0.38321119592528685,0.38321119592528685
hrl,multi,1,weighted_cka,0,471,2.799550419508711,298.0,0.7030268907546997,0.7019019722938538,1,0.0,0.5599100839017422,5,1,weighted_cka,28,132,0.3807733628801258,4.0,1.5714285714285714,0.5058977042472687,0.3394646311787654,0.4744720326696986,0.3107949625770561,1.1689210888359227,0.0,0.5599100839017422,0.5599100839017422
hrl,multi,1,weighted_cka,0,472,1.9494198646229948,300.0,0.6524180173873901,0.5557242035865784,0,0.0,0.38988397292459903,5,1,weighted_cka,31,144,0.38967788563567435,4.0,1.5483870967741935,0.4036206771412396,-0.027098771265431528,0.5013708454035984,0.4092108286428263,0.6623162847007623,0.0,0.38988397292459903,0.38988397292459903
hrl,multi,1,weighted_cka,0,473,2.385452096891605,300.0,0.6963541507720947,0.6714249849319458,0,0.0,0.47709041937832114,5,1,weighted_cka,30,150,0.3942019621719681,4.0,1.6666666666666667,0.14623910651542227,0.2211489287926691,0.6741746175689621,0.2754869957601184,1.0684024482544334,0.0,0.47709041937832114,0.47709041937832114
hrl,multi,1,weighted_cka,0,474,1.8456760148701492,300.0,0.568892776966095,0.2442198097705841,0,0.0,0.3691352029740299,5,1,weighted_cka,29,90,0.39758415090498683,4.0,1.0344827586206897,-0.2848234816156404,0.03699949525389812,0.5272444167919456,0.5566807153559347,1.0095748690840116,0.0,0.3691352029740299,0.3691352029740299
hrl,multi,1,weighted_cka,0,475,2.3518573268132954,300.0,0.686003565788269,0.6194532513618469,0,0.0,0.47037146536265917,5,1,weighted_cka,30,138,0.39606111560595664,4.0,1.5333333333333334,0.3199683649215366,0.06338787762587872,0.4991507577634181,0.3677573066998156,1.101593019802647,0.0,0.47037146536265917,0.47037146536265917
hrl,multi,1,weighted_cka,0,476,2.830763005274383,295.0,0.7027179002761841,0.700690746307373,1,0.0,0.5661526010548767,5,1,weighted_cka,31,132,0.3975292452437364,4.0,1.4193548387096775,0.4313465694882904,0.4087512583974747,0.5178155114454565,0.3406143449424343,1.1322353210007274,0.0,0.5661526010548767,0.5661526010548767
hrl,multi,1,weighted_cka,0,477,2.9028821281984114,276.0,0.7035423517227173,0.701384425163269,1,0.0,0.5805764256396824,5,1,weighted_cka,27,126,0.39999999999999997,4.0,1.5555555555555556,0.27742740545584804,0.432245260755313,0.7594243510519153,0.4403833967384415,0.9934017141968942,0.0,0.5805764256396824,0.5805764256396824
hrl,multi,1,weighted_cka,0,478,2.3750308785351066,300.0,0.6664437055587769,0.5263016223907471,0,0.0,0.4750061757070215,5,1,weighted_cka,30,132,0.39999999999999997,4.0,1.4666666666666666,0.05514790622983111,0.3708456961803603,0.7664601415862561,0.30263642716167655,0.8799407073769833,0.0,0.4750061757070215,0.4750061757070215
hrl,multi,1,weighted_cka,0,479,2.372035394675912,300.0,0.6703755855560303,0.5428264737129211,0,0.0,0.4744070789351825,5,1,weighted_cka,31,144,0.3723355912180793,4.0,1.5483870967741935,0.2909056054363026,0.06269999012444148,0.7459547988348639,0.3119877925303298,0.9604872077499748,0.0,0.4744070789351825,0.4744070789351825
hrl,multi,1,weighted_cka,0,480,2.36728344405892,300.0,0.6730874180793762,0.5488395094871521,0,0.0,0.47345668881178404,5,1,weighted_cka,29,132,0.35976085995356993,4.0,1.5172413793103448,0.3925227448777148,-0.015214605079178111,0.43618927451374445,0.42612126499810243,1.1276647647485367,0.0,0.47345668881178404,0.47345668881178404
hrl,multi,1,weighted_cka,0,481,1.8905321399615773,300.0,0.6151038408279419,0.4125179648399353,0,0.0,0.37810642799231553,5,1,weighted_cka,31,162,0.3836062762773803,4.0,1.7419354838709677,0.12021927436604152,0.11135779802710744,0.44717258545709726,0.36248818924376963,0.8492942928675619,0.0,0.37810642799231553,0.37810642799231553
hrl,multi,1,weighted_cka,0,482,2.914819222319695,274.0,0.7037460207939148,0.700486421585083,1,0.0,0.5829638444639392,5,1,weighted_cka,26,120,0.3557369459489269,4.0,1.5384615384615385,0.4325538321295751,0.6907331155813298,0.5647320964308454,0.2653720500656635,0.961428128112282,0.0,0.5829638444639392,0.5829638444639392
hrl,multi,1,weighted_cka,0,483,2.9823531414606537,257.0,0.703548789024353,0.7012054324150085,1,0.0,0.5964706282921308,5,1,weighted_cka,26,120,0.34467118243615863,4.0,1.5384615384615385,0.5115679712307172,0.4685421176874077,0.7237899465807712,0.3018661099721502,0.976586995989608,0.0,0.5964706282921308,0.5964706282921308
hrl,multi,1,weighted_cka,0,484,1.9072057293410567,300.0,0.6536728143692017,0.4810493588447571,0,0.0,0.38144114586821143,5,1,weighted_cka,30,156,0.34703244105516456,4.0,1.7333333333333334,0.20209480340767172,-0.2824141761902904,0.7002893596700158,0.34473114283627354,0.9425045996173865,0.0,0.38144114586821143,0.38144114586821143
hrl,multi,1,weighted_cka,0,485,2.832780016292498,290.0,0.7032477259635925,0.7001087069511414,1,0.0,0.5665560032584998,5,1,weighted_cka,30,126,0.3802216721258203,4.0,1.4,0.2970313786603145,0.6417843739897943,1.1623417106778358,0.36779950640145936,0.3638230465630949,0.0,0.5665560032584998,0.5665560032584998
hrl,multi,1,weighted_cka,0,486,2.879300467816054,277.0,0.7024788856506348,0.7008028030395508,1,0.0,0.5758600935632109,5,1,weighted_cka,26,114,0.3658418286203417,4.0,1.4615384615384615,0.9379566520385608,0.3545196102153276,0.8673605859726666,0.31816019374543963,0.40130342584406015,0.0,0.5758600935632109,0.5758600935632109
hrl,multi,1,weighted_cka,0,487,2.41449699243676,300.0,0.6986206769943237,0.6747499108314514,0,0.0,0.4828993984873522,5,1,weighted_cka,31,144,0.37460585047777883,4.0,1.5483870967741935,0.3778970616296864,0.12417094101884851,0.6695236150769631,0.2854897738714934,0.9574156008397693,0.0,0.4828993984873522,0.4828993984873522
hrl,multi,1,weighted_cka,0,488,3.0424482870209673,243.0,0.7041476964950562,0.7001792788505554,1,0.0,0.6084896574041936,5,1,weighted_cka,24,108,0.36994047442370187,4.0,1.5,0.5610101127213564,0.31863255473226304,0.7142204592945053,0.43535218797763797,1.0132329722952051,0.0,0.6084896574041936,0.6084896574041936
hrl,multi,1,weighted_cka,0,489,2.385868002284404,300.0,0.694843053817749,0.657865583896637,0,0.0,0.477173600456881,5,1,weighted_cka,29,114,0.370154769023673,4.0,1.3103448275862069,-0.02592013859830341,0.31150501283071924,0.7032905990098951,0.3940319991877767,1.0029605298543172,0.0,0.477173600456881,0.477173600456881
hrl,multi,1,weighted_cka,0,490,2.3717898159774435,300.0,0.685340940952301,0.6127392053604126,0,0.0,0.4743579631954888,5,1,weighted_cka,32,120,0.3773176244579915,4.0,1.25,0.18227384180047343,0.015573407047428062,0.7622979078122879,0.41910419191400783,0.9925404674032469,0.0,0.4743579631954888,0.4743579631954888
hrl,multi,1,weighted_cka,0,491,2.839331415408959,290.0,0.7052810192108154,0.7024316787719727,1,0.0,0.5678662830817919,5,1,weighted_cka,29,126,0.39111794431589436,4.0,1.4482758620689655,0.5721727695707229,0.3277267046268097,0.5290322239473461,0.31701159108357374,1.093388126180507,0.0,0.5678662830817919,0.5678662830817919
hrl,multi,1,weighted_cka,0,492,2.7984389584492404,300.0,0.7040794491767883,0.7011384963989258,1,0.0,0.5596877916898482,5,1,weighted_cka,29,132,0.39858481572123305,4.0,1.5172413793103448,0.2677129621360217,0.4730028367818556,0.7721029505301266,0.2833541555961127,1.0022660534051244,0.0,0.5596877916898482,0.5596877916898482
hrl,multi,1,weighted_cka,0,493,1.7572790538997638,300.0,0.5408731698989868,0.15223118662834167,0,0.0,0.35145581077995286,5,1,weighted_cka,30,114,0.3981565362684483,4.0,1.2666666666666666,0.058374348843018786,-0.15849255559226755,0.5822447705063968,0.6618874027490382,0.613265087393578,0.0,0.35145581077995286,0.35145581077995286
hrl,multi,1,weighted_cka,0,494,2.838525294423946,294.0,0.7042437791824341,0.7003469467163086,1,0.0,0.5677050588847894,5,1,weighted_cka,29,120,0.3657030814873974,4.0,1.3793103448275863,0.2615767202312125,0.4502495054586323,0.8093015419747679,0.39460682693772825,0.9227906998216057,0.0,0.5677050588847894,0.5677050588847894
hrl,multi,1,weighted_cka,0,495,2.8256390167907797,298.0,0.7027161121368408,0.7002365589141846,1,0.0,0.565127803358156,5,1,weighted_cka,30,114,0.37593198700869995,4.0,1.2666666666666666,0.259860648274014,0.3399276957955443,0.7720395638579501,0.4597203017721766,0.9940908070910953,0.0,0.565127803358156,0.565127803358156
hrl,multi,1,weighted_cka,0,496,2.3506608209239843,300.0,0.670673668384552,0.540932297706604,0,0.0,0.470132164184797,5,1,weighted_cka,31,168,0.3591703351040445,4.0,1.8064516129032258,0.10285455486015405,0.22857889154621053,0.7342314309009815,0.2540545910159124,1.0309413526007263,0.0,0.470132164184797,0.470132164184797
hrl,multi,1,weighted_cka,0,497,2.4015456894196845,300.0,0.69465571641922,0.664517879486084,0,0.0,0.480309137883937,5,1,weighted_cka,29,132,0.39999999999999997,4.0,1.5172413793103448,0.31501698607808776,0.011098793053587318,0.5970481760092078,0.39631146337633244,1.0820702709024697,0.0,0.480309137883937,0.480309137883937
hrl,multi,1,weighted_cka,0,498,2.9300086966369476,268.0,0.7036461234092712,0.7005090117454529,1,0.0,0.5860017393273896,5,1,weighted_cka,26,120,0.4,4.0,1.5384615384615385,0.5258419285792623,0.2520965302136682,0.785652299972251,0.3536039836767595,1.0128139541950074,0.0,0.5860017393273896,0.5860017393273896
hrl,multi,1,weighted_cka,0,499,1.7867536183047137,300.0,0.5946515202522278,0.18788456916809082,0,0.0,0.35735072366094284,5,1,weighted_cka,31,174,0.39999999999999997,4.0,1.8709677419354838,0.06395516982767731,-0.026983615786557672,0.46410057879472133,0.319200484290776,0.9664810011780972,0.0,0.35735072366094284,0.35735072366094284
hrl,multi,1,weighted_cka,0,500,2.340323091781464,300.0,0.6568126082420349,0.4709347188472748,0,0.0,0.46806461835629287,5,1,weighted_cka,30,138,0.39999999999999997,4.0,1.5333333333333334,0.4054671612253877,0.09004885022155928,0.496234351442428,0.32130353997135525,1.0272691889207342,0.0,0.46806461835629287,0.46806461835629287
hrl,multi,1,weighted_cka,0,501,2.9566757669331696,264.0,0.7045484185218811,0.700025737285614,1,0.0,0.5913351533866341,5,1,weighted_cka,26,120,0.4,4.0,1.5384615384615385,0.3782746977010391,0.46692073779366894,0.7887591644907369,0.35799152873559786,0.9647296382121274,0.0,0.5913351533866341,0.5913351533866341
hrl,multi,1,weighted_cka,0,502,2.83312892512635,289.0,0.7034767866134644,0.7000498175621033,1,0.0,0.5666257850252701,5,1,weighted_cka,30,126,0.39999999999999997,4.0,1.4,0.4264557279262223,0.9007869368374811,0.5701942943790926,0.3418528483904228,0.5938391175931318,0.0,0.5666257850252701,0.5666257850252701
hrl,multi,1,weighted_cka,0,503,2.410328647128516,300.0,0.6976006031036377,0.6756569743156433,0,0.0,0.48206572942570325,5,1,weighted_cka,30,138,0.39999999999999997,4.0,1.5333333333333334,0.4232839746875686,0.0889232243953737,0.6230896811194541,0.3158127642046164,0.9592190027215036,0.0,0.48206572942570325,0.48206572942570325
hrl,multi,1,weighted_cka,0,504,2.398381318694895,300.0,0.6919320225715637,0.6415823698043823,0,0.0,0.4796762637389791,5,1,weighted_cka,29,138,0.3881512450645908,4.0,1.5862068965517242,0.45447831092373214,0.012309258926077649,1.0900530222188096,0.352146103742837,0.48939462288343905,0.0,0.4796762637389791,0.4796762637389791
hrl,multi,1,weighted_cka,0,505,2.3696700350942237,300.0,0.6664091348648071,0.5212014317512512,0,0.0,0.4739340070188448,5,1,weighted_cka,30,144,0.3770857321717469,4.0,1.6,0.42193589686509203,-0.03363431475087569,0.7235301528833805,0.4057128332979044,0.8521254667987229,0.0,0.4739340070188448,0.4739340070188448
hrl,multi,1,weighted_cka,0,506,2.8370907753746586,299.0,0.703275203704834,0.7015969157218933,1,0.0,0.5674181550749319,5,1,weighted_cka,30,138,0.36893760060188824,4.0,1.5333333333333334,0.39066318268934247,0.38839528534933915,0.7539530211794189,0.35145369544760835,0.9526255907089506,0.0,0.5674181550749319,0.5674181550749319
hrl,multi,1,weighted_cka,0,507,2.9379722002269104,268.0,0.7029554843902588,0.700900673866272,1,0.0,0.5875944400453822,5,1,weighted_cka,29,126,0.3867894731255398,4.0,1.4482758620689655,0.3135270999070634,0.5292181861866264,0.7175349889663046,0.3631863982585927,1.0145055269083239,0.0,0.5875944400453822,0.5875944400453822
hrl,multi,1,weighted_cka,0,508,2.8424382683806892,288.0,0.704064667224884,0.7029440999031067,1,0.0,0.5684876536761381,5,1,weighted_cka,28,108,0.3937262052174908,4.0,1.2857142857142858,0.3495038463253002,0.4271039237796793,0.7780317638628184,0.31247613148124936,0.9753226029316427,0.0,0.5684876536761381,0.5684876536761381
hrl,multi,1,weighted_cka,0,509,2.9281798187515373,272.0,0.7037177681922913,0.7003963589668274,1,0.0,0.5856359637503077,5,1,weighted_cka,27,126,0.39999999999999997,4.0,1.5555555555555556,0.5109285886426221,0.5505351856114574,0.5696881044767795,0.3283514373606457,0.9686765026600331,0.0,0.5856359637503077,0.5856359637503077
hrl,multi,1,weighted_cka,0,510,1.8410261648277797,300.0,0.5695630311965942,0.20787054300308228,0,0.0,0.368205232965556,5,1,weighted_cka,29,147,0.35159448420896244,4.0,1.9310344827586208,0.05168810979300177,-0.31407422506390187,0.7407596972896716,0.35926831959342226,1.0033842632155863,0.0,0.368205232965556,0.368205232965556
hrl,multi,1,weighted_cka,0,511,2.847829203508851,288.0,0.7042948603630066,0.7015994787216187,1,0.0,0.5695658407017704,5,1,weighted_cka,28,120,0.36611613894627365,4.0,1.5714285714285714,0.46350449757277945,0.43713236431404934,0.6403370028054339,0.33730033710534907,0.9695550017112399,0.0,0.5695658407017704,0.5695658407017704
hrl,multi,1,weighted_cka,0,512,2.873646729789833,275.0,0.7045618295669556,0.7037233710289001,1,0.0,0.5747293459579668,5,1,weighted_cka,28,105,0.3481033723160155,4.0,1.4285714285714286,0.21130646314757162,0.5727999026887117,0.7904210328920743,0.308171696455145,0.990947634606331,0.0,0.5747293459579668,0.5747293459579668
hrl,multi,1,weighted_cka,0,513,2.8153359339991897,296.0,0.7046515345573425,0.7023788690567017,1,0.0,0.563067186799838,5,1,weighted_cka,30,102,0.35115215491817936,4.0,1.2666666666666666,0.32996169860958596,0.41191848690470206,0.6097350867046042,0.3364746108173821,1.127246050962916,0.0,0.563067186799838,0.563067186799838
hrl,multi,1,weighted_cka,0,514,2.8102428871023206,300.0,0.7025628089904785,0.7009562253952026,1,0.0,0.5620485774204643,5,1,weighted_cka,31,144,0.3936359939451489,4.0,1.5483870967741935,0.4950492207747882,0.3223405868387707,0.6630437297044552,0.34312893408877415,0.986680415695533,0.0,0.5620485774204643,0.5620485774204643
hrl,multi,1,weighted_cka,0,515,2.849252773772458,290.0,0.7045558094978333,0.7008256912231445,1,0.0,0.5698505547544918,5,1,weighted_cka,28,126,0.38981759031223834,4.0,1.5,0.30769630543747906,1.1025453347830623,0.6105392557037993,0.3672776257465593,0.46119425210155873,0.0,0.5698505547544918,0.5698505547544918
hrl,multi,1,weighted_cka,0,516,2.8609444906242847,278.0,0.7019118666648865,0.7000361084938049,1,0.0,0.5721888981248571,5,1,weighted_cka,27,126,0.3985453700446055,4.0,1.5555555555555556,0.44555837107705865,0.43122961249062775,0.5858204206707304,0.30444313964505265,1.0938929467408158,0.0,0.5721888981248571,0.5721888981248571
hrl,multi,1,weighted_cka,0,517,2.9009793267300688,274.0,0.7035731077194214,0.7019829154014587,1,0.0,0.5801958653460139,5,1,weighted_cka,29,132,0.3837250404129275,4.0,1.5172413793103448,0.31817852522421153,0.4907850079848429,0.6084143786854109,0.3488192027932963,1.1347822120423077,0.0,0.5801958653460139,0.5801958653460139
hrl,multi,1,weighted_cka,0,518,2.371120009473451,300.0,0.6806471347808838,0.583215057849884,0,0.0,0.47422400189469033,5,1,weighted_cka,29,132,0.38779378030969563,4.0,1.5172413793103448,0.3544442204719524,0.16037508661672462,0.534543800026993,0.34661183907208026,0.9751450632857012,0.0,0.47422400189469033,0.47422400189469033
hrl,multi,1,weighted_cka,0,519,2.8018559278777633,296.0,0.7044054865837097,0.7009412050247192,1,0.0,0.5603711855755529,5,1,weighted_cka,30,144,0.3776219305677754,4.0,1.6,0.3330514241870841,0.4719790132469496,0.7868361493824049,0.24527285061482668,0.9647164904464988,0.0,0.5603711855755529,0.5603711855755529
hrl,multi,1,weighted_cka,0,520,2.945454542827632,266.0,0.7042244076728821,0.701169490814209,1,0.0,0.5890909085655266,5,1,weighted_cka,26,120,0.37314631668133047,4.0,1.5384615384615385,0.2394764414665851,0.5825859205495797,0.7884886595634742,0.3453461182221071,0.9895574030258866,0.0,0.5890909085655266,0.5890909085655266
hrl,multi,1,weighted_cka,0,521,2.84486045808075,289.0,0.7020703554153442,0.7006412744522095,1,0.0,0.56897209161615,5,1,weighted_cka,29,126,0.32142727821869527,4.0,1.4482758620689655,0.46898405327601334,0.30712643134081724,0.7173134773690252,0.42226317461811036,0.9291733214767844,0.0,0.56897209161615,0.56897209161615
hrl,multi,1,weighted_cka,0,522,2.8866955159239027,282.0,0.7038594484329224,0.7009340524673462,1,0.0,0.5773391031847807,5,1,weighted_cka,29,138,0.29144244315279993,4.0,1.5862068965517242,0.457720709656365,0.3034949624841719,0.6921360923415049,0.406483202902309,1.0268605485395526,0.0,0.5773391031847807,0.5773391031847807
hrl,multi,1,weighted_cka,0,523,2.8558776379446957,287.0,0.7055379152297974,0.7039969563484192,1,0.0,0.5711755275889393,5,1,weighted_cka,29,132,0.3290675054691591,4.0,1.5172413793103448,0.45431559639211605,0.39509325947082824,0.7051752510408403,0.3622602392194676,0.9390332918214442,0.0,0.5711755275889393,0.5711755275889393
hrl,multi,1,weighted_cka,0,524,2.889085147846518,277.0,0.702599287033081,0.7007017135620117,1,0.0,0.5778170295693037,5,1,weighted_cka,27,114,0.3610071641870238,4.0,1.4074074074074074,0.4549992168571332,0.46366154287122463,0.5589326774275395,0.31612975235546753,1.0953619583351535,0.0,0.5778170295693037,0.5778170295693037
hrl,multi,1,weighted_cka,0,525,2.900225575076,275.0,0.7031697630882263,0.7005395293235779,1,0.0,0.5800451150152002,5,1,weighted_cka,27,126,0.39221718655848087,4.0,1.5555555555555556,0.44447172350413144,0.3576785569892162,0.7311234685545785,0.39117162236153663,0.9757802036665378,0.0,0.5800451150152002,0.5800451150152002
hrl,multi,1,weighted_cka,0,526,1.3313036050181823,300.0,0.4970889091491699,0.2438536137342453,0,0.0,0.26626072100363657,5,1,weighted_cka,31,174,0.38303292689328833,4.0,1.8709677419354838,0.1053064838610589,0.7116195186795666,0.4708956145443951,0.3196737349447793,-0.2761917470116172,0.0,0.26626072100363657,0.26626072100363657
hrl,multi,1,weighted_cka,0,527,2.913950641627917,267.0,0.7038303017616272,0.7008511424064636,1,0.0,0.5827901283255835,5,1,weighted_cka,27,126,0.37289404485584243,4.0,1.5555555555555556,0.505951832954597,0.3687229134944354,0.7712599174366331,0.34476497993664806,0.9232509978056039,0.0,0.5827901283255835,0.5827901283255835
hrl,multi,1,weighted_cka,0,528,2.8746462789210185,282.0,0.7032545208930969,0.7005956172943115,1,0.0,0.5749292557842038,5,1,weighted_cka,28,132,0.335776182642328,4.0,1.5714285714285714,0.5257812036561079,0.26521877935677174,0.7216100963605566,0.38252434219419945,0.9795118573533835,0.0,0.5749292557842038,0.5749292557842038
hrl,multi,1,weighted_cka,0,529,2.8789672522055447,283.0,0.7036455273628235,0.7003273367881775,1,0.0,0.5757934504411091,5,1,weighted_cka,27,120,0.2969495502074916,4.0,1.4814814814814814,0.5229632495180702,0.47060866359382614,0.608577292467933,0.2769651073346739,0.9998529392910421,0.0,0.5757934504411091,0.5757934504411091
hrl,multi,1,weighted_cka,0,530,2.9582635643807866,262.0,0.7028054594993591,0.7007865905761719,1,0.0,0.5916527128761574,5,1,weighted_cka,28,132,0.3277989629270953,4.0,1.5714285714285714,0.38737667922209934,0.5166008671671151,0.7520070372819899,0.30114515277507586,1.001133827934507,0.0,0.5916527128761574,0.5916527128761574
hrl,multi,1,weighted_cka,0,531,2.411829650276921,300.0,0.7014341354370117,0.6952559351921082,0,0.0,0.4823659300553844,5,1,weighted_cka,28,114,0.29967855901449036,4.0,1.3571428571428572,-0.09173972938413517,0.41855768815381433,0.7396970821707508,0.35745224223547845,0.9878623671010135,0.0,0.4823659300553844,0.4823659300553844
hrl,multi,1,weighted_cka,0,532,2.8576521591945188,283.0,0.7025305032730103,0.7004477381706238,1,0.0,0.571530431838904,5,1,weighted_cka,28,126,0.3807166855846248,4.0,1.5,0.5111098668807533,0.3035664228135719,0.7740482791515532,0.3499431888959951,0.9189844014526459,0.0,0.571530431838904,0.571530431838904
hrl,multi,1,weighted_cka,0,533,2.897418092758095,278.0,0.7037323117256165,0.7011465430259705,1,0.0,0.5794836185516192,5,1,weighted_cka,28,132,0.37054911980197247,4.0,1.5714285714285714,0.2911083936249705,0.4856011538462478,0.7711023596603189,0.39050823972467325,0.9590979459018852,0.0,0.5794836185516192,0.5794836185516192
hrl,multi,1,weighted_cka,0,534,2.360391069304022,300.0,0.681970477104187,0.5885929465293884,0,0.0,0.47207821386080456,5,1,weighted_cka,31,132,0.37791183985147936,4.0,1.4193548387096775,-0.008816086771490688,0.3728298505817073,0.775927809380344,0.2974381925367633,0.9230113035766988,0.0,0.47207821386080456,0.47207821386080456
hrl,multi,1,weighted_cka,0,535,2.876253501867802,284.0,0.70395427942276,0.7014700174331665,1,0.0,0.5752507003735606,5,1,weighted_cka,28,126,0.3848527994689041,4.0,1.5,0.3509385489497798,0.5088546745097263,0.7325151707390322,0.3031462159220972,0.9807988917471674,0.0,0.5752507003735606,0.5752507003735606
hrl,multi,1,weighted_cka,0,536,2.9425280136123897,265.0,0.7027688026428223,0.7012456059455872,1,0.0,0.5885056027224781,5,1,weighted_cka,26,120,0.38024155911596347,4.0,1.5384615384615385,0.5149439201538769,0.4050528309324581,0.7202250537322833,0.2813782048055435,1.0209280039882285,0.0,0.5885056027224781,0.5885056027224781
hrl,multi,1,weighted_cka,0,537,2.8717260743360224,279.0,0.7035019397735596,0.7004881501197815,1,0.0,0.5743452148672046,5,1,weighted_cka,30,138,0.3793824964688315,4.0,1.5333333333333334,0.47481281100912,0.35256527542366517,0.6802181990421375,0.4083780516464902,0.9557517372146102,0.0,0.5743452148672046,0.5743452148672046
hrl,multi,1,weighted_cka,0,538,2.814384504082233,298.0,0.7035652995109558,0.7004048824310303,1,0.0,0.5628769008164467,5,1,weighted_cka,29,126,0.37741892470395827,4.0,1.4482758620689655,0.2900159127060322,0.4591605345895512,0.7849631315835285,0.2896318817286227,0.990613043474499,0.0,0.5628769008164467,0.5628769008164467
hrl,multi,1,weighted_cka,0,539,2.3858419261454387,300.0,0.6908629536628723,0.6325029730796814,0,0.0,0.47716838522908783,5,1,weighted_cka,30,132,0.3527809230532659,4.0,1.4666666666666666,-0.014945132874883891,0.42771938222134465,0.6164403538703916,0.37221420564212887,0.984413117286458,0.0,0.47716838522908783,0.47716838522908783
hrl,multi,1,weighted_cka,0,540,2.9108180659748673,271.0,0.702090859413147,0.7001644968986511,1,0.0,0.5821636131949737,5,1,weighted_cka,26,114,0.3453252793248343,4.0,1.4615384615384615,0.47593649653354064,0.29108043592939054,0.7661324127512051,0.4007458288773777,0.976922891883354,0.0,0.5821636131949737,0.5821636131949737
hrl,multi,1,weighted_cka,0,541,2.2752965584189937,300.0,0.6372241973876953,0.37281179428100586,0,0.0,0.45505931168379893,5,1,weighted_cka,31,156,0.3467271952395821,4.0,1.6774193548387097,0.09131557780783606,0.2381758077166449,0.7270236914455889,0.2686084804709534,0.9501730009779711,0.0,0.45505931168379893,0.45505931168379893
hrl,multi,1,weighted_cka,0,542,2.38319187544257,300.0,0.6841060519218445,0.6012754440307617,0,0.0,0.4766383750885141,5,1,weighted_cka,30,150,0.3505835091046591,4.0,1.6666666666666667,0.20660603390235321,0.24565740960781096,0.6184664258728733,0.30727057314303224,1.0051914329165008,0.0,0.4766383750885141,0.4766383750885141
hrl,multi,1,weighted_cka,0,543,2.9540828254619105,262.0,0.7045748829841614,0.7013012170791626,1,0.0,0.5908165650923822,5,1,weighted_cka,25,120,0.3470537597549919,4.0,1.6,0.4590565971790782,0.4755184406633487,0.7255720509965903,0.3431468532723374,0.9507888833505566,0.0,0.5908165650923822,0.5908165650923822
hrl,multi,1,weighted_cka,0,544,2.932213947358758,270.0,0.7027118802070618,0.7002492547035217,1,0.0,0.5864427894717517,5,1,weighted_cka,28,126,0.3384685854494918,4.0,1.5,0.514567743930849,0.28487600566569005,0.6137355229798703,0.956295395949848,0.5627392788325013,0.0,0.5864427894717517,0.5864427894717517
hrl,multi,1,weighted_cka,0,545,2.373515510365813,300.0,0.6760141253471375,0.5634374022483826,0,0.0,0.4747031020731627,5,1,weighted_cka,29,156,0.3774885624290789,4.0,1.793103448275862,0.14982169413939106,0.379285800011712,0.42516326036279095,0.3639271505725336,1.0553176052793858,0.0,0.4747031020731627,0.4747031020731627
hrl,multi,1,weighted_cka,0,546,2.3768665758019765,300.0,0.6827534437179565,0.602739691734314,0,0.0,0.4753733151603954,5,1,weighted_cka,32,156,0.3733682336100546,4.0,1.625,0.13263214810239132,0.28574141205349574,0.5558310327630022,0.3600571612640923,1.0426048216189954,0.0,0.4753733151603954,0.4753733151603954
hrl,multi,1,weighted_cka,0,547,2.8415273481218777,298.0,0.7039698958396912,0.7002206444740295,1,0.0,0.5683054696243757,5,1,weighted_cka,29,114,0.37021036056056883,4.0,1.3103448275862069,0.40351248230035697,0.4589189342397729,0.65616175228497,0.306021000861252,1.0169131784355265,0.0,0.5683054696243757,0.5683054696243757
hrl,multi,1,weighted_cka,0,548,2.3579333327310437,300.0,0.6688166856765747,0.5317294597625732,0,0.0,0.4715866665462089,5,1,weighted_cka,29,120,0.3779642189066541,4.0,1.3793103448275863,0.32889967783307644,0.20765925484523162,0.593492138693109,0.3001592738297767,0.9277229875298506,0.0,0.4715866665462089,0.4715866665462089
hrl,multi,1,weighted_cka,0,549,2.4060512773170544,300.0,0.6984497308731079,0.6800950169563293,0,0.0,0.48121025546341106,5,1,weighted_cka,29,132,0.37333254511033903,4.0,1.5172413793103448,0.23019750709243803,0.15698110804222942,0.7787739824946037,0.27341854383028097,0.9666801358575029,0.0,0.48121025546341106,0.48121025546341106
hrl,multi,1,weighted_cka,0,550,2.936396195624488,266.0,0.7026473879814148,0.7019806504249573,1,0.0,0.5872792391248977,5,1,weighted_cka,28,126,0.36647519956728336,4.0,1.5,0.5294931871173901,0.2793050302139599,0.7345329004784579,0.4070842876588575,0.9859807901558232,0.0,0.5872792391248977,0.5872792391248977
hrl,multi,1,weighted_cka,0,551,1.9876296302063552,300.0,0.6845164895057678,0.6545244455337524,0,0.0,0.3975259260412711,5,1,weighted_cka,29,120,0.37066579962137297,4.0,1.3793103448275863,0.44047152147788404,0.10501322326017526,0.5901644380514043,0.31411576887220133,0.5378646785446907,0.0,0.3975259260412711,0.3975259260412711
hrl,multi,1,weighted_cka,0,552,2.979337062616594,259.0,0.702990710735321,0.701229989528656,1,0.0,0.5958674125233188,5,1,weighted_cka,29,132,0.3598546943705969,4.0,1.5172413793103448,0.46969848565780536,1.0257023244036825,0.5599564993670209,0.36879693062637936,0.5551828225617063,0.0,0.5958674125233188,0.5958674125233188
hrl,multi,1,weighted_cka,0,553,2.927770085781884,270.0,0.7046543955802917,0.7019199728965759,1,0.0,0.5855540171563769,5,1,weighted_cka,25,108,0.32546154161954255,4.0,1.44,0.4392284670264487,0.3538135266059543,0.749678015334677,0.43323758259878364,0.951812494216021,0.0,0.5855540171563769,0.5855540171563769
hrl,multi,1,weighted_cka,0,554,2.8741847440507358,282.0,0.7038388848304749,0.7000123858451843,1,0.0,0.5748369488101472,5,1,weighted_cka,29,126,0.3302609698381575,4.0,1.4482758620689655,0.40705160245188726,0.9806472130335858,0.5813313474925234,0.3436431576302274,0.5615114234425126,0.0,0.5748369488101472,0.5748369488101472
hrl,multi,1,weighted_cka,0,555,2.2832772568734967,300.0,0.6466794610023499,0.4146873354911804,0,0.0,0.45665545137469943,5,1,weighted_cka,29,114,0.3499722937827301,4.0,1.3103448275862069,0.34766078581060333,-0.0024118811171502663,0.5685447837699901,0.38264273867881266,0.9868408297312415,0.0,0.45665545137469943,0.45665545137469943
hrl,multi,1,weighted_cka,0,556,2.9554160972314407,266.0,0.7026814222335815,0.7003353238105774,1,0.0,0.5910832194462883,5,1,weighted_cka,27,126,0.3430389912748073,4.0,1.5555555555555556,0.41581090424064293,0.46906300303136217,0.7790558881917967,0.3235195773132144,0.9679667244544251,0.0,0.5910832194462883,0.5910832194462883
hrl,multi,1,weighted_cka,0,557,3.0491057612678074,238.0,0.7032608389854431,0.7012636065483093,1,0.0,0.6098211522535616,5,1,weighted_cka,23,102,0.3609174434214286,4.0,1.4782608695652173,0.36943087077466763,0.5306517666876315,0.7520203492697327,0.43800887315394343,0.9589939013818328,0.0,0.6098211522535616,0.6098211522535616
hrl,multi,1,weighted_cka,0,558,2.803479814994002,296.0,0.703729510307312,0.7018085718154907,1,0.0,0.5606959629988005,5,1,weighted_cka,30,138,0.3566693394454969,4.0,1.5333333333333334,0.380676894076634,0.46454636992281284,0.6459053356231595,0.34228208569530394,0.9700691296760923,0.0,0.5606959629988005,0.5606959629988005
hrl,multi,1,weighted_cka,0,559,3.0301240004297347,244.0,0.7022386789321899,0.7010287642478943,1,0.0,0.6060248000859471,5,1,weighted_cka,24,108,0.3538608707058532,4.0,1.5,0.5280749931671888,0.37239523426604854,0.7834781807828693,0.33939919507040023,1.0067763971432284,0.0,0.6060248000859471,0.6060248000859471
hrl,multi,1,weighted_cka,0,560,2.916738860222364,273.0,0.7033687829971313,0.7015555500984192,1,0.0,0.583347772044473,5,1,weighted_cka,28,126,0.3591211139586256,4.0,1.5,0.5345643748892469,0.3051753200586826,0.6622106237495317,0.35373884395859195,1.0610496975663115,0.0,0.583347772044473,0.583347772044473
hrl,multi,1,weighted_cka,0,561,2.8934841147050014,276.0,0.7049583196640015,0.7030916810035706,1,0.0,0.5786968229410004,5,1,weighted_cka,27,126,0.3920136344073658,4.0,1.5555555555555556,0.3657138049001804,0.494263247758732,0.7746045611780136,0.2722617965480311,0.986640704320045,0.0,0.5786968229410004,0.5786968229410004
hrl,multi,1,weighted_cka,0,562,2.8598029769533317,285.0,0.7029481530189514,0.7015579342842102,1,0.0,0.5719605953906666,5,1,weighted_cka,29,126,0.39334469533947153,4.0,1.4482758620689655,0.3506367668958845,0.4747006890163755,0.6758254771740756,0.32917192657783917,1.0294681172891575,0.0,0.5719605953906666,0.5719605953906666
hrl,multi,1,weighted_cka,0,563,2.9635792409608825,259.0,0.7050472497940063,0.7010704874992371,1,0.0,0.5927158481921767,5,1,weighted_cka,26,120,0.3916143161277342,4.0,1.5384615384615385,0.41683951463969404,0.4003673413678188,0.7654228866575284,0.3652680282867513,1.0156814700090906,0.0,0.5927158481921767,0.5927158481921767
hrl,multi,1,weighted_cka,0,564,2.319626819757012,300.0,0.6761680245399475,0.5678500533103943,0,0.0,0.4639253639514025,5,1,weighted_cka,30,144,0.3811056550629167,4.0,1.6,0.884915529530146,0.0036621499335449913,0.7065704865595325,0.1330357941274085,0.5914428596063807,0.0,0.4639253639514025,0.4639253639514025
hrl,multi,1,weighted_cka,0,565,2.918474929121205,274.0,0.704750657081604,0.7018887400627136,1,0.0,0.5836949858242412,5,1,weighted_cka,27,120,0.3581526718138544,4.0,1.4814814814814814,0.5170980646004899,0.2949421814124215,0.7590287551563232,0.3499007264986284,0.9975052014533429,0.0,0.5836949858242412,0.5836949858242412
hrl,multi,1,weighted_cka,0,566,2.4006355995910766,300.0,0.6950234174728394,0.6559116244316101,0,0.0,0.4801271199182155,5,1,weighted_cka,31,144,0.3607674283273512,4.0,1.5483870967741935,0.37896827020589247,-0.05244444228964876,0.6990024067722259,0.35773029296193987,1.0173790719406677,0.0,0.4801271199182155,0.4801271199182155
hrl,multi,1,weighted_cka,0,567,2.8165300145646164,299.0,0.7024170160293579,0.7000357508659363,1,0.0,0.5633060029129234,5,1,weighted_cka,28,126,0.35724501524130237,4.0,1.5,0.5116270937342194,0.34014339079144323,0.5885753641654735,0.3195114453522582,1.0566727205212225,0.0,0.5633060029129234,0.5633060029129234
hrl,multi,1,weighted_cka,0,568,2.8340515699014053,294.0,0.7036489248275757,0.7008348703384399,1,0.0,0.5668103139802813,5,1,weighted_cka,30,138,0.35343017926964926,4.0,1.5333333333333334,0.36791290446754993,0.44850076527229954,0.7071753663392736,0.3383873343430459,0.972075199479237,0.0,0.5668103139802813,0.5668103139802813
hrl,multi,1,weighted_cka,0,569,2.9089200664611985,269.0,0.7055134773254395,0.702954888343811,1,0.0,0.5817840132922398,5,1,weighted_cka,28,126,0.36783590130344607,4.0,1.5,0.502699803453608,0.34799099797045335,0.7405260752150787,0.34269520869047837,0.9750079811315807,0.0,0.5817840132922398,0.5817840132922398
hrl,multi,1,weighted_cka,0,570,2.9257779878607093,270.0,0.7029885053634644,0.7002103924751282,1,0.0,0.585155597572142,5,1,weighted_cka,27,132,0.3692979057896531,4.0,1.6296296296296295,0.3892806480666621,1.1297686667656524,0.49355080723500555,0.3429710406007797,0.5702068251926101,0.0,0.585155597572142,0.585155597572142
hrl,multi,1,weighted_cka,0,571,2.8511112946130437,293.0,0.7035058736801147,0.7000126838684082,1,0.0,0.5702222589226088,5,1,weighted_cka,29,132,0.39056437065730404,4.0,1.5172413793103448,0.4208083092435261,0.40763692785846056,0.7783235748475416,0.40562125416146577,0.8387212285020503,0.0,0.5702222589226088,0.5702222589226088
hrl,multi,1,weighted_cka,0,572,2.9565591759223375,265.0,0.7033023238182068,0.7012746930122375,1,0.0,0.5913118351844676,5,1,weighted_cka,26,114,0.3954213917254452,4.0,1.4615384615384615,0.3816944765443912,0.40251446045773615,0.7642695606034248,0.40578066074223884,1.0023000175745471,0.0,0.5913118351844676,0.5913118351844676
hrl,multi,1,weighted_cka,0,573,2.9292354806322023,268.0,0.7032353281974792,0.7006900310516357,1,0.0,0.5858470961264406,5,1,weighted_cka,28,120,0.39710021475944857,4.0,1.4285714285714286,0.49233873129050315,0.325146232731291,0.7625658535677938,0.370913866411618,0.978270796630997,0.0,0.5858470961264406,0.5858470961264406
hrl,multi,1,weighted_cka,0,574,2.9559806918967793,261.0,0.7044181227684021,0.7002711892127991,1,0.0,0.591196138379356,5,1,weighted_cka,26,114,0.3961844931045377,4.0,1.4615384615384615,0.33063953733310325,0.5321360535062848,1.1961974070537833,0.35031298226676877,0.5466947117368398,0.0,0.591196138379356,0.591196138379356
hrl,multi,1,weighted_cka,0,575,2.8683745834409478,284.0,0.7021774053573608,0.7003670930862427,1,0.0,0.5736749166881897,5,1,weighted_cka,28,126,0.3202424769088486,4.0,1.5,0.5225873965616336,0.2580677787463645,0.7725848199362516,0.3201263401712639,0.9950082480254349,0.0,0.5736749166881897,0.5736749166881897
hrl,multi,1,weighted_cka,0,576,2.8556012605948475,290.0,0.70355623960495,0.7000499963760376,1,0.0,0.5711202521189696,5,1,weighted_cka,29,138,0.34635690281539944,4.0,1.5862068965517242,0.4175369959813541,0.46285190314153424,0.6761801380519753,0.2828818608045111,1.0161503626154733,0.0,0.5711202521189696,0.5711202521189696
hrl,multi,1,weighted_cka,0,577,2.8667239041101915,283.0,0.7041295766830444,0.7005452513694763,1,0.0,0.5733447808220384,5,1,weighted_cka,28,114,0.33506361919758876,4.0,1.3571428571428572,0.34945411551721184,0.4149995089006696,0.7397861987277864,0.3956641378516796,0.9668199431128449,0.0,0.5733447808220384,0.5733447808220384
hrl,multi,1,weighted_cka,0,578,3.000813506959558,247.0,0.7031033635139465,0.7012636065483093,1,0.0,0.6001627013919116,5,1,weighted_cka,25,120,0.35144131974362885,4.0,1.6,0.5011454096943196,0.3592430972531437,0.5885675874827428,0.5770443604710743,0.974813052058278,0.0,0.6001627013919116,0.6001627013919116
hrl,multi,1,weighted_cka,0,579,2.8673123756916015,289.0,0.7017146944999695,0.7000464200973511,1,0.0,0.5734624751383205,5,1,weighted_cka,29,120,0.37846528072902097,4.0,1.3793103448275863,0.48311654137948046,0.3580325363653391,0.7632229679119772,0.3008128821778226,0.9621274478569829,0.0,0.5734624751383205,0.5734624751383205
hrl,multi,1,weighted_cka,0,580,2.8346045521591208,291.0,0.7021406888961792,0.7002173066139221,1,0.0,0.5669209104318244,5,1,weighted_cka,30,138,0.3698681275388824,4.0,1.5333333333333334,0.4735078993421046,0.2740678043644073,0.7665785670918411,0.30577819923416233,1.014672082126606,0.0,0.5669209104318244,0.5669209104318244
hrl,multi,1,weighted_cka,0,581,2.0020677040720316,300.0,0.6965038776397705,0.6815719604492188,0,0.0,0.4004135408144064,5,1,weighted_cka,29,114,0.37384313768137295,4.0,1.4827586206896552,0.09213587291997083,-0.1959291791286381,0.7536397105436771,0.3837432509742211,0.9684780487628012,0.0,0.4004135408144064,0.4004135408144064
hrl,multi,1,weighted_cka,0,582,2.9227322539751244,273.0,0.7044277191162109,0.7009671926498413,1,0.0,0.5845464507950251,5,1,weighted_cka,27,84,0.4,4.0,1.3333333333333333,0.5112007252922629,0.268956680304196,0.7233840732923708,0.368730234011491,1.0504605410748042,0.0,0.5845464507950251,0.5845464507950251
hrl,multi,1,weighted_cka,0,583,2.8416237090902854,291.0,0.7030776143074036,0.7012890577316284,1,0.0,0.5683247418180573,5,1,weighted_cka,29,96,0.39999999999999997,4.0,1.2758620689655173,0.35121104884927606,0.45848089761190913,0.7298898849748073,0.3065034917123557,0.9955383859419379,0.0,0.5683247418180573,0.5683247418180573
hrl,multi,1,weighted_cka,0,584,2.895506101371536,279.0,0.703515887260437,0.70234614610672,1,0.0,0.5791012202743074,5,1,weighted_cka,27,108,0.4,4.0,1.4074074074074074,0.5305482958419013,0.3260550412514666,0.6857668241708305,0.3437839667462976,1.0093519733610408,0.0,0.5791012202743074,0.5791012202743074
hrl,multi,1,weighted_cka,0,585,2.9551712809342994,260.0,0.7041251063346863,0.7014700174331665,1,0.0,0.59103425618686,5,1,weighted_cka,27,126,0.39999999999999997,4.0,1.5555555555555556,0.32653167543373995,0.5261968077293712,0.8598089560372754,0.41784558072569766,0.8247882610082159,0.0,0.59103425618686,0.59103425618686
hrl,multi,1,weighted_cka,0,586,2.9016944624076118,275.0,0.7018088698387146,0.7003485560417175,1,0.0,0.5803388924815225,5,1,weighted_cka,28,132,0.39999999999999997,4.0,1.5714285714285714,0.5633003275366498,0.22259585896710618,0.7711815128386951,0.3451077464371919,0.9995090166279695,0.0,0.5803388924815225,0.5803388924815225
hrl,multi,1,weighted_cka,0,587,2.797019665666052,296.0,0.7043470740318298,0.7019885778427124,1,0.0,0.5594039331332106,5,1,weighted_cka,29,132,0.39999999999999997,4.0,1.5172413793103448,0.25321586082872805,0.5147205153081448,0.7000606107488855,0.3247643649727105,1.004258313807584,0.0,0.5594039331332106,0.5594039331332106
hrl,multi,1,weighted_cka,0,588,2.825130480265127,299.0,0.7041115760803223,0.7019862532615662,1,0.0,0.5650260960530255,5,1,weighted_cka,30,126,0.39999999999999997,4.0,1.4,0.8549021589463807,0.45105759777454646,0.643371639636345,0.30710186795936883,0.5686972159484865,0.0,0.5650260960530255,0.5650260960530255
hrl,multi,1,weighted_cka,0,589,2.8765798299502916,286.0,0.702262282371521,0.7013333439826965,1,0.0,0.5753159659900585,5,1,weighted_cka,28,138,0.39999999999999997,4.0,1.6428571428571428,0.5289014765655154,0.30136084988198836,0.7189465290661899,0.3340572839973028,0.9933136904392957,0.0,0.5753159659900585,0.5753159659900585
hrl,multi,1,weighted_cka,0,590,2.40525080457828,300.0,0.7007852792739868,0.6945791244506836,0,0.0,0.4810501609156562,5,1,weighted_cka,32,150,0.39999999999999997,4.0,1.5625,0.3245602146681048,0.16758861893878185,0.5137616769728554,0.31322353852709045,1.0861167554714481,0.0,0.4810501609156562,0.4810501609156562
hrl,multi,1,weighted_cka,0,591,2.8775381479439224,285.0,0.7039966583251953,0.7013688087463379,1,0.0,0.5755076295887847,5,1,weighted_cka,27,114,0.39876989262241436,4.0,1.4074074074074074,0.426445521710906,0.3650010103579115,0.7684196701282634,0.34665862921299406,0.9710133165338483,0.0,0.5755076295887847,0.5755076295887847
hrl,multi,1,weighted_cka,0,592,2.898706332535125,276.0,0.7039262652397156,0.7006049752235413,1,0.0,0.5797412665070251,5,1,weighted_cka,28,120,0.3982470969869405,4.0,1.4285714285714286,0.45509815732664693,0.3340897623819254,0.7847583950711413,0.31836284554211297,1.006397172213299,0.0,0.5797412665070251,0.5797412665070251
hrl,multi,1,weighted_cka,0,593,2.944170087973855,264.0,0.7030673027038574,0.7004833221435547,1,0.0,0.5888340175947712,5,1,weighted_cka,27,120,0.3918022571553487,4.0,1.4814814814814814,0.4006517124925739,0.5050521822903172,0.7236993529000318,0.32001902150486417,0.9947478187860687,0.0,0.5888340175947712,0.5888340175947712
hrl,multi,1,weighted_cka,0,594,2.9800752146052787,259.0,0.7029191255569458,0.7006148099899292,1,0.0,0.5960150429210558,5,1,weighted_cka,25,114,0.3902898402124252,4.0,1.52,0.36695668116165314,0.6768131163165015,0.6082791462941094,0.36470808447731534,0.9633181863557,0.0,0.5960150429210558,0.5960150429210558
hrl,multi,1,weighted_cka,0,595,2.9108145654669992,272.0,0.7051531076431274,0.7018123269081116,1,0.0,0.5821629130934001,5,1,weighted_cka,28,126,0.3923275716290574,4.0,1.5,0.5243653151569886,0.2888479601886355,0.7367059237905776,0.381758534086366,0.9791368322444322,0.0,0.5821629130934001,0.5821629130934001
hrl,multi,1,weighted_cka,0,596,2.932805678991032,268.0,0.7034657597541809,0.7027484178543091,1,0.0,0.5865611357982065,5,1,weighted_cka,26,108,0.39283906685378694,4.0,1.3846153846153846,0.25135189115833767,0.5065610517992171,0.7658330975808202,0.44023390258010464,0.968825735872553,0.0,0.5865611357982065,0.5865611357982065
hrl,multi,1,weighted_cka,0,597,2.9050418165539726,273.0,0.7036538124084473,0.7004172205924988,1,0.0,0.5810083633107948,5,1,weighted_cka,28,126,0.39693102865162294,4.0,1.5,0.51517243966613,0.32459179366612795,0.7257116072154602,0.3029793276587733,1.0365866483474817,0.0,0.5810083633107948,0.5810083633107948
hrl,multi,1,weighted_cka,0,598,2.3900757040422818,300.0,0.6902047395706177,0.6344417929649353,0,0.0,0.4780151408084564,5,1,weighted_cka,30,144,0.39999999999999997,4.0,1.6,0.39858273950545103,0.1042047252980991,0.7193994023979174,0.4223197802494686,0.7455690565913461,0.0,0.4780151408084564,0.4780151408084564
hrl,multi,1,weighted_cka,0,599,2.4044345291407794,300.0,0.7022203207015991,0.6928053498268127,0,0.0,0.48088690582815596,5,1,weighted_cka,29,132,0.37628257265988,4.0,1.5172413793103448,0.05750511706527295,0.31098284465722087,0.8281553464788011,0.3886214004391803,0.8191698205003047,0.0,0.48088690582815596,0.48088690582815596
hrl,multi,1,weighted_cka,0,600,2.9135562170752514,276.0,0.7033215165138245,0.7004032135009766,1,0.0,0.5827112434150504,5,1,weighted_cka,28,132,0.3642850613175935,4.0,1.5714285714285714,0.5496914106137117,0.39575353087484827,0.7638191343087236,0.23313186814067,0.9711602731372985,0.0,0.5827112434150504,0.5827112434150504
hrl,multi,1,weighted_cka,0,601,2.8777276386230937,284.0,0.7035776972770691,0.7011347413063049,1,0.0,0.5755455277246189,5,1,weighted_cka,28,132,0.37593557847931347,4.0,1.5714285714285714,0.3114937179712578,0.5876931808739899,0.6029461527843957,0.35911042764328877,1.0164841593501621,0.0,0.5755455277246189,0.5755455277246189
hrl,multi,1,weighted_cka,0,602,2.85126122941997,287.0,0.7041946649551392,0.7025900483131409,1,0.0,0.5702522458839943,5,1,weighted_cka,28,132,0.37000622164428354,4.0,1.5714285714285714,0.5762265501739746,0.3521550499285804,0.721983292236582,0.28021478666304017,0.9206815504177938,0.0,0.5702522458839943,0.5702522458839943
hrl,multi,1,weighted_cka,0,603,2.969785132614807,257.0,0.704433023929596,0.7014005780220032,1,0.0,0.5939570265229616,5,1,weighted_cka,27,120,0.39309601388284393,4.0,1.4814814814814814,0.503434065597801,0.3430646264958195,0.711390194970183,0.3472698768126283,1.064626368738376,0.0,0.5939570265229616,0.5939570265229616
hrl,multi,1,weighted_cka,0,604,2.960547561205904,257.0,0.7018277049064636,0.7002179622650146,1,0.0,0.5921095122411809,5,1,weighted_cka,26,120,0.3997709838408261,4.0,1.5384615384615385,0.495244795484148,0.3993432998748029,0.8751213751016184,0.3445713366055096,0.8462667541398258,0.0,0.5921095122411809,0.5921095122411809
hrl,multi,1,weighted_cka,0,605,3.06746002353035,234.0,0.7026907205581665,0.7000946998596191,1,0.0,0.6134920047060701,5,1,weighted_cka,23,102,0.4,4.0,1.4782608695652173,0.5395720518248416,0.3565061604994552,0.785420312699396,0.3923853092941571,0.9935761892125009,0.0,0.6134920047060701,0.6134920047060701
hrl,multi,1,weighted_cka,0,606,2.8938972842388306,279.0,0.7040621042251587,0.7010310888290405,1,0.0,0.5787794568477663,5,1,weighted_cka,28,126,0.39999999999999997,4.0,1.5,0.44405525920493505,0.5498121457943924,0.5087908286122836,0.3621281983081716,1.0291108523190484,0.0,0.5787794568477663,0.5787794568477663
hrl,multi,1,weighted_cka,0,607,2.403990524876825,300.0,0.690943717956543,0.6354528069496155,0,0.0,0.48079810497536507,5,1,weighted_cka,30,120,0.4,4.0,1.3333333333333333,-0.15507347795318513,0.49248447451717203,0.6324302241811527,0.3757782027151115,1.0583711014165744,0.0,0.48079810497536507,0.48079810497536507
hrl,multi,1,weighted_cka,0,608,2.9356244054919793,265.0,0.7041342854499817,0.7022830247879028,1,0.0,0.587124881098396,5,1,weighted_cka,26,120,0.4,4.0,1.5384615384615385,0.41520263536600377,0.4291347651711256,0.7905834797052665,0.3243366784296812,0.9763668468199028,0.0,0.587124881098396,0.587124881098396
hrl,multi,1,weighted_cka,0,609,2.9391772158985736,269.0,0.7028379440307617,0.7007918953895569,1,0.0,0.5878354431797149,5,1,weighted_cka,27,126,0.39999999999999997,4.0,1.5555555555555556,0.37979221130866786,0.5183429189064098,0.779926035576267,0.3057578141158445,0.9553582359913851,0.0,0.5878354431797149,0.5878354431797149
hrl,multi,1,weighted_cka,0,610,3.0060004007894445,247.0,0.7053669691085815,0.7026699185371399,1,0.0,0.601200080157889,5,1,weighted_cka,24,108,0.3904515402181254,4.0,1.5,0.5469086877659427,0.35556739152772926,0.7910666895546018,0.3581580336883052,0.9542995982528663,0.0,0.601200080157889,0.601200080157889
hrl,multi,1,weighted_cka,0,611,2.874887287225991,280.0,0.7035541534423828,0.7001023292541504,1,0.0,0.5749774574451983,5,1,weighted_cka,29,132,0.3609381190741492,4.0,1.5172413793103448,1.1444723091440534,0.340691578946189,0.5481445809076538,0.29277081437583535,0.5488080038522601,0.0,0.5749774574451983,0.5749774574451983
hrl,multi,1,weighted_cka,0,612,2.958307995640875,261.0,0.704001247882843,0.7007126212120056,1,0.0,0.5916615991281752,5,1,weighted_cka,26,120,0.348438317177877,4.0,1.5384615384615385,0.260645197976235,0.5738260216228662,0.7553109478568657,0.397326115582371,0.9711997126025379,0.0,0.5916615991281752,0.5916615991281752
hrl,multi,1,weighted_cka,0,613,2.9755173634625667,255.0,0.7030586004257202,0.7001091241836548,1,0.0,0.5951034726925134,5,1,weighted_cka,26,120,0.348438317177877,4.0,1.5384615384615385,0.5397781637329461,0.3256403603030484,0.7912863147426396,0.3629225979542825,0.9558899267296509,0.0,0.5951034726925134,0.5951034726925134
hrl,multi,1,weighted_cka,0,614,3.0384817552150767,248.0,0.7026492953300476,0.7006784081459045,1,0.0,0.6076963510430154,5,1,weighted_cka,24,108,0.380122302474363,4.0,1.5,0.3389804632717277,0.5707294332957825,0.7635312660993075,0.36722708163653434,0.9980135109117253,0.0,0.6076963510430154,0.6076963510430154
hrl,multi,1,weighted_cka,0,615,2.9854453052434824,255.0,0.703383207321167,0.7019345164299011,1,0.0,0.5970890610486966,5,1,weighted_cka,26,120,0.3975405494200537,4.0,1.5384615384615385,0.48377584708994237,0.32440348179219275,0.7155561808827332,0.40410847215354434,1.0576013233250703,0.0,0.5970890610486966,0.5970890610486966
hrl,multi,1,weighted_cka,0,616,2.950239571085926,261.0,0.7030194401741028,0.7008412480354309,1,0.0,0.5900479142171854,5,1,weighted_cka,26,120,0.39824324958575263,4.0,1.5384615384615385,0.5105464188064214,0.31097573519917193,0.767079556474462,0.37426137769268814,0.9873764829131831,0.0,0.5900479142171854,0.5900479142171854
hrl,multi,1,weighted_cka,0,617,2.8318735145990725,295.0,0.7034934163093567,0.7013376355171204,1,0.0,0.5663747029198147,5,1,weighted_cka,30,132,0.3980835450026392,4.0,1.4666666666666666,0.27894917443080325,0.35881124899874867,0.76527805550443,0.3356057324600405,1.0932293032050509,0.0,0.5663747029198147,0.5663747029198147
hrl,multi,1,weighted_cka,0,618,2.9134390050267234,269.0,0.7030479311943054,0.7010466456413269,1,0.0,0.5826878010053448,5,1,weighted_cka,25,120,0.4,4.0,1.6,0.35237798599025694,0.31788130960320976,0.7746527567526208,0.496422320299578,0.9721046323810586,0.0,0.5826878010053448,0.5826878010053448
hrl,multi,1,weighted_cka,0,619,2.9686555257785208,260.0,0.7033807039260864,0.7012636065483093,1,0.0,0.5937311051557043,5,1,weighted_cka,28,132,0.39999999999999997,4.0,1.5714285714285714,0.6559662723542422,0.47934457135735997,0.5125071365633046,0.35237755680084226,0.9684599887027724,0.0,0.5937311051557043,0.5937311051557043
hrl,multi,1,weighted_cka,0,620,2.912385991413887,274.0,0.7053827047348022,0.7031692266464233,1,0.0,0.5824771982827776,5,1,weighted_cka,27,114,0.3980383206050468,4.0,1.4074074074074074,0.37877151922357727,0.5449450041686649,0.7741620660158804,0.35409315687573684,0.8604142451300284,0.0,0.5824771982827776,0.5824771982827776
hrl,multi,1,weighted_cka,0,621,2.9460093536400804,268.0,0.7036357522010803,0.7012007236480713,1,0.0,0.5892018707280162,5,1,weighted_cka,27,120,0.38812703648281105,4.0,1.4814814814814814,0.3585543787216883,0.6809917865172027,0.6251827607569284,0.3545658483672886,0.9267145792769732,0.0,0.5892018707280162,0.5892018707280162
hrl,multi,1,weighted_cka,0,622,2.376801449534831,300.0,0.6601349711418152,0.484020471572876,0,0.0,0.4753602899069664,5,1,weighted_cka,30,132,0.38465668403347214,4.0,1.4666666666666666,-0.029072337268386244,0.35423644721973674,0.6783434666905085,0.3362811755607835,1.0370126973321891,0.0,0.4753602899069664,0.4753602899069664
hrl,multi,1,weighted_cka,0,623,2.8791678827527525,285.0,0.7025335431098938,0.7007983922958374,1,0.0,0.5758335765505507,5,1,weighted_cka,27,108,0.3868078183142345,4.0,1.3333333333333333,0.25611479536176174,0.5266999868637102,0.7595848269229754,0.31764968316373404,1.0191185904405717,0.0,0.5758335765505507,0.5758335765505507
hrl,multi,1,weighted_cka,0,624,2.9244491496276446,267.0,0.7049227356910706,0.703342854976654,1,0.0,0.584889829925529,5,1,weighted_cka,28,126,0.38688413791634474,4.0,1.5,0.3421573931900201,0.46485919005796295,0.8448748374637215,0.4024054594407788,0.8701522694751619,0.0,0.584889829925529,0.584889829925529
hrl,multi,1,weighted_cka,0,625,2.417129368978202,300.0,0.6984457969665527,0.67915278673172,0,0.0,0.48342587379564045,5,1,weighted_cka,29,138,0.3637472555761186,4.0,1.5862068965517242,0.045016424346831396,0.40442986965808075,0.7029952481798826,0.3086945313890463,0.9559932954043614,0.0,0.48342587379564045,0.48342587379564045
hrl,multi,1,weighted_cka,0,626,2.855763240915587,284.0,0.7033867239952087,0.7005694508552551,1,0.0,0.5711526481831175,5,1,weighted_cka,29,132,0.3381508664211445,4.0,1.5172413793103448,0.34559630075549275,0.35843712718132864,0.6107359989485702,0.9757584180144475,0.5652353960157487,0.0,0.5711526481831175,0.5711526481831175
hrl,multi,1,weighted_cka,0,627,2.8644714233534163,287.0,0.7041209936141968,0.7013967037200928,1,0.0,0.5728942846706835,5,1,weighted_cka,29,114,0.36103196540397514,4.0,1.3103448275862069,0.2565061619962796,0.5307189027771818,0.7449508566630537,0.3744591363086364,0.9578363656082655,0.0,0.5728942846706835,0.5728942846706835
hrl,multi,1,weighted_cka,0,628,2.3915344726687167,300.0,0.7011538743972778,0.6893412470817566,0,0.0,0.4783068945337434,5,1,weighted_cka,29,138,0.37440682261026587,4.0,1.5862068965517242,0.07033822804645729,0.30926105792832076,1.152161735873669,0.3432741781305812,0.5164992726896888,0.0,0.4783068945337434,0.4783068945337434
hrl,multi,1,weighted_cka,0,629,2.921579461546497,270.0,0.7015057802200317,0.7001007199287415,1,0.0,0.5843158923092996,5,1,weighted_cka,28,132,0.39606217582304315,4.0,1.5714285714285714,0.5314108547020294,0.38356768942800396,0.7153816308220847,0.3262129929182846,0.9650062936760949,0.0,0.5843158923092996,0.5843158923092996
hrl,multi,1,weighted_cka,0,630,2.9546508653915575,265.0,0.7031083106994629,0.7010231018066406,1,0.0,0.5909301730783116,5,1,weighted_cka,26,114,0.3988470869960867,4.0,1.4615384615384615,0.5219183185009749,0.3726012553157633,0.7434887497976886,0.3402303669010507,0.9764121748760807,0.0,0.5909301730783116,0.5909301730783116
hrl,multi,1,weighted_cka,0,631,2.8416377313149845,290.0,0.7038652300834656,0.7005609273910522,1,0.0,0.568327546262997,5,1,weighted_cka,29,132,0.3982464143186533,4.0,1.5172413793103448,0.3660587605463805,0.4162205529959754,1.1509171578222883,0.3699618820478207,0.5384793779025202,0.0,0.568327546262997,0.568327546262997
hrl,multi,1,weighted_cka,0,632,3.010569802433147,249.0,0.7028810381889343,0.7010723948478699,1,0.0,0.6021139604866295,5,1,weighted_cka,26,114,0.39537727171748893,4.0,1.4615384615384615,0.44874506377102785,0.46921279430763374,0.7808723784615285,0.33621856741688444,0.975520998476073,0.0,0.6021139604866295,0.6021139604866295
hrl,multi,1,weighted_cka,0,633,2.3833293197407315,300.0,0.6941840052604675,0.658271849155426,0,0.0,0.4766658639481465,5,1,weighted_cka,28,102,0.3948334213313112,4.0,1.2142857142857142,-0.08904539894952937,0.3447026816806755,0.776744285889028,0.37997653025342143,0.9709512208671366,0.0,0.4766658639481465,0.4766658639481465
hrl,multi,1,weighted_cka,0,634,2.807650541431036,298.0,0.7033313512802124,0.7001050114631653,1,0.0,0.5615301082862074,5,1,weighted_cka,30,144,0.3956084081316145,4.0,1.6,0.38265925539250006,0.5133556066961026,0.616596283225226,0.3402633660068968,0.9547760301103115,0.0,0.5615301082862074,0.5615301082862074
hrl,multi,1,weighted_cka,0,635,2.883809878691469,283.0,0.7014300227165222,0.7008363008499146,1,0.0,0.576761975738294,5,1,weighted_cka,29,132,0.37825521067761664,4.0,1.5172413793103448,0.4127983137860209,0.520488853323506,0.6369104430232398,0.3353380838239099,0.9782741847347932,0.0,0.576761975738294,0.576761975738294
hrl,multi,1,weighted_cka,0,636,2.8820065255844,282.0,0.7022982835769653,0.7006489038467407,1,0.0,0.5764013051168801,5,1,weighted_cka,28,132,0.3529883574088266,4.0,1.5714285714285714,0.45517227797058857,0.3208007605428282,0.6063955355174838,0.5207053944150682,0.9789325571384319,0.0,0.5764013051168801,0.5764013051168801
hrl,multi,1,weighted_cka,0,637,2.939448201862017,264.0,0.7027255892753601,0.7007831335067749,1,0.0,0.5878896403724035,5,1,weighted_cka,28,132,0.3529883574088266,4.0,1.5714285714285714,0.29900476139597587,0.5078827129899289,0.7694120716741307,0.36530666013850704,0.9978419956634751,0.0,0.5878896403724035,0.5878896403724035
hrl,multi,1,weighted_cka,0,638,2.2588776956471506,300.0,0.6367276906967163,0.3733851909637451,0,0.0,0.4517755391294303,5,1,weighted_cka,30,132,0.332627388313023,4.0,1.4666666666666666,0.26616768855080575,-0.12542272714152952,0.7765364899779669,0.3608901679315421,0.980706076328366,0.0,0.4517755391294303,0.4517755391294303
hrl,multi,1,weighted_cka,0,639,2.9668779051111183,256.0,0.7031586766242981,0.7012362480163574,1,0.0,0.5933755810222238,5,1,weighted_cka,25,114,0.3291155742194489,4.0,1.52,0.5497984326977164,0.32229249265510584,0.8129318767844814,0.42200125598057625,0.859853846993239,0.0,0.5933755810222238,0.5933755810222238
hrl,multi,1,weighted_cka,0,640,1.9289745477253732,300.0,0.636144757270813,0.527156412601471,0,0.0,0.3857949095450747,5,1,weighted_cka,29,138,0.36151828940475017,4.0,1.5862068965517242,-0.029392814692575535,0.19917232732102264,0.42502061626547916,0.3777048406823013,0.9564695781491462,0.0,0.3857949095450747,0.3857949095450747
hrl,multi,1,weighted_cka,0,641,2.9657782472112144,261.0,0.7052685618400574,0.7047878503799438,1,0.0,0.593155649442243,5,1,weighted_cka,27,120,0.33265979550847646,4.0,1.4814814814814814,0.3312519530851567,0.5023977365843019,0.7381048706419532,0.41429331977153183,0.9797303671282714,0.0,0.593155649442243,0.593155649442243
hrl,multi,1,weighted_cka,0,642,2.908672697522152,277.0,0.7039955854415894,0.7000352144241333,1,0.0,0.5817345395044307,5,1,weighted_cka,28,132,0.34930875716206156,4.0,1.5714285714285714,0.5551770911250494,0.2970561181740485,0.7656219188636167,0.34176210101228194,0.9490554683471563,0.0,0.5817345395044307,0.5817345395044307
hrl,multi,1,weighted_cka,0,643,2.9467890797821696,266.0,0.7013841867446899,0.7001233100891113,1,0.0,0.5893578159564339,5,1,weighted_cka,26,114,0.3711531962475219,4.0,1.4615384615384615,0.43273635181906844,1.053098629677959,0.6164507759017869,0.3128252853382982,0.5316780370450577,0.0,0.5893578159564339,0.5893578159564339
hrl,multi,1,weighted_cka,0,644,2.924738128214018,268.0,0.7046988606452942,0.7003654837608337,1,0.0,0.5849476256428038,5,1,weighted_cka,27,126,0.3730726958591615,4.0,1.5555555555555556,0.396988538253703,0.4260844593038781,0.7716075381431727,0.3683576323711312,0.9616999601421338,0.0,0.5849476256428038,0.5849476256428038
hrl,multi,1,weighted_cka,0,645,3.0426963911950575,240.0,0.7027273178100586,0.7001190185546875,1,0.0,0.6085392782390115,5,1,weighted_cka,23,102,0.3726917401161551,4.0,1.4782608695652173,0.2885124621749855,0.6082573732407762,0.7654518443285486,0.4038374729882924,0.9766372384624554,0.0,0.6085392782390115,0.6085392782390115
hrl,multi,1,weighted_cka,0,646,2.406712958489514,300.0,0.7004234790802002,0.6910997629165649,0,0.0,0.481342591697903,5,1,weighted_cka,30,150,0.39257584992620176,4.0,1.6666666666666667,0.3422892531328834,0.02795568247951419,0.7829420317686161,0.3799164851496461,0.873609505958855,0.0,0.481342591697903,0.481342591697903
hrl,multi,1,weighted_cka,0,647,2.9694964306697025,258.0,0.7023094296455383,0.700558602809906,1,0.0,0.5938992861339407,5,1,weighted_cka,26,114,0.3917975301889424,4.0,1.4615384615384615,0.5465037758167598,0.33411084706522515,0.7798296432807109,0.33511499200994144,0.9739371724970659,0.0,0.5938992861339407,0.5938992861339407
hrl,multi,1,weighted_cka,0,648,2.954311066396031,262.0,0.7058062553405762,0.7038899660110474,1,0.0,0.5908622132792064,5,1,weighted_cka,27,126,0.3913511560389282,4.0,1.5555555555555556,0.5453274888201848,0.3927213238779658,0.6791541480906306,0.33747903017237685,0.9996290754348737,0.0,0.5908622132792064,0.5908622132792064
hrl,multi,1,weighted_cka,0,649,2.974995335055761,258.0,0.7021089792251587,0.7003939747810364,1,0.0,0.5949990670111523,5,1,weighted_cka,26,120,0.3837532459600978,4.0,1.5384615384615385,0.47848831017204774,0.3423311337529011,0.7657897969721815,0.42667271531419815,0.9617133788444333,0.0,0.5949990670111523,0.5949990670111523
hrl,multi,1,weighted_cka,0,650,2.932447640794882,263.0,0.7026424407958984,0.7001067996025085,1,0.0,0.5864895281589766,5,1,weighted_cka,26,120,0.3804341707163116,4.0,1.5384615384615385,0.40892155202943814,0.4166629478417706,0.7772306706849484,0.36587575238617126,0.963756717852554,0.0,0.5864895281589766,0.5864895281589766
hrl,multi,1,weighted_cka,0,651,3.0006153633809722,253.0,0.7046676278114319,0.7009537220001221,1,0.0,0.6001230726761946,5,1,weighted_cka,24,108,0.38641865009543525,4.0,1.5,0.5035094248917883,0.31449786778073746,0.7080014072647317,0.4219802088973009,1.0526264545464143,0.0,0.6001230726761946,0.6001230726761946
hrl,multi,1,weighted_cka,0,652,2.941862446782789,267.0,0.70372474193573,0.7006127238273621,1,0.0,0.588372489356558,5,1,weighted_cka,29,132,0.38514820156757035,4.0,1.5172413793103448,0.3643350847121327,0.48263003167419793,0.7471097278883679,0.3588904528811107,0.9888971496269804,0.0,0.588372489356558,0.588372489356558
hrl,multi,1,weighted_cka,0,653,2.327394759240086,300.0,0.6485719680786133,0.4238067865371704,0,0.0,0.46547895184801724,5,1,weighted_cka,28,114,0.3545035519984425,4.0,1.3571428571428572,-0.15365330203955846,0.24860487815301877,0.7900834984534885,0.4388753091734833,1.0034843754996543,0.0,0.46547895184801724,0.46547895184801724
hrl,multi,1,weighted_cka,0,654,2.820848091552047,296.0,0.704653263092041,0.7033295035362244,1,0.0,0.5641696183104096,5,1,weighted_cka,31,144,0.377488736665896,4.0,1.5483870967741935,0.3526895494875497,0.5092931934806982,0.5965131103107121,0.37695500691680345,0.9853972313562843,0.0,0.5641696183104096,0.5641696183104096
hrl,multi,1,weighted_cka,0,655,2.3502508102091255,300.0,0.6717169284820557,0.5417410135269165,0,0.0,0.47005016204182526,5,1,weighted_cka,28,126,0.37427284190388116,4.0,1.5,-0.03823445792123693,0.3887898737991053,0.6967206767138557,0.38212810804182656,0.9208466095755755,0.0,0.47005016204182526,0.47005016204182526
hrl,multi,1,weighted_cka,0,656,2.9406144458283365,266.0,0.704008936882019,0.7011591196060181,1,0.0,0.5881228891656674,5,1,weighted_cka,28,126,0.39440849542982914,4.0,1.5,0.9397451478723667,0.4044273838449734,0.7086373897832817,0.34170314503813265,0.5461013792895827,0.0,0.5881228891656674,0.5881228891656674
hrl,multi,1,weighted_cka,0,657,2.9119649580793157,269.0,0.7043269276618958,0.7024652361869812,1,0.0,0.5823929916158633,5,1,weighted_cka,27,126,0.39946471245886345,4.0,1.5555555555555556,0.5553340953141449,0.2792698320284083,0.7904744171460624,0.34019561497122036,0.9466909986194804,0.0,0.5823929916158633,0.5823929916158633
hrl,multi,1,weighted_cka,0,658,2.3945298700240514,300.0,0.6951206922531128,0.6663056015968323,0,0.0,0.4789059740048104,5,1,weighted_cka,30,150,0.38808933079739716,4.0,1.6666666666666667,-0.04496116345608617,0.5436751849092541,0.42028676033648626,0.3767632830119691,1.0987658052224285,0.0,0.4789059740048104,0.4789059740048104
hrl,multi,1,weighted_cka,0,659,2.821851727119267,294.0,0.7028512954711914,0.7002508640289307,1,0.0,0.5643703454238536,5,1,weighted_cka,29,138,0.3840003033393527,4.0,1.5862068965517242,0.48662448279815707,0.2920736605465352,0.790893352029845,0.3290443284388164,0.9232159033059141,0.0,0.5643703454238536,0.5643703454238536
hrl,multi,1,weighted_cka,0,660,2.987076130345826,256.0,0.7052909135818481,0.7020848989486694,1,0.0,0.5974152260691653,5,1,weighted_cka,26,120,0.38197505011905125,4.0,1.5384615384615385,0.5346028623289892,0.32644837504439045,0.7829252299517392,0.3777658544158766,0.9653338086048314,0.0,0.5974152260691653,0.5974152260691653
hrl,multi,1,weighted_cka,0,661,2.8877631777431656,279.0,0.7032502293586731,0.701808750629425,1,0.0,0.5775526355486333,5,1,weighted_cka,27,126,0.3828333810657631,4.0,1.5555555555555556,0.5390105647349263,0.20644534979555448,0.7777156335897742,0.3946077931667677,0.9699838364561436,0.0,0.5775526355486333,0.5775526355486333
hrl,multi,1,weighted_cka,0,662,2.862353140735881,286.0,0.7039607763290405,0.7013646364212036,1,0.0,0.5724706281471763,5,1,weighted_cka,29,120,0.3963950100238102,4.0,1.3793103448275863,0.4138364604189989,0.3152210362674667,0.7376266022333874,0.4367234930521807,0.9589455487638477,0.0,0.5724706281471763,0.5724706281471763
hrl,multi,1,weighted_cka,0,663,2.9621355626085992,260.0,0.7033532857894897,0.7008402943611145,1,0.0,0.59242711252172,5,1,weighted_cka,25,120,0.4,4.0,1.6,0.5438390541188417,0.32172974642622276,0.7648352985533419,0.3699871185402152,0.9617443449699784,0.0,0.59242711252172,0.59242711252172
hrl,multi,1,weighted_cka,0,664,2.9196984705196214,268.0,0.7038954496383667,0.7008541822433472,1,0.0,0.5839396941039243,5,1,weighted_cka,28,114,0.4,4.0,1.3571428571428572,0.31126296203234216,0.4555141224535181,0.7792921060863881,0.40390021007508026,0.9697290698722935,0.0,0.5839396941039243,0.5839396941039243
hrl,multi,1,weighted_cka,0,665,2.8877493943768044,275.0,0.7007566690444946,0.7000359296798706,1,0.0,0.577549878875361,5,1,weighted_cka,27,126,0.39999999999999997,4.0,1.5555555555555556,0.4482060031722065,0.44371379698603397,0.6831264675967393,0.36765060141589484,0.9450525252059304,0.0,0.577549878875361,0.577549878875361
hrl,multi,1,weighted_cka,0,666,2.403558413860445,300.0,0.7026621103286743,0.6946656107902527,0,0.0,0.48071168277208914,5,1,weighted_cka,31,138,0.39627416952706807,4.0,1.4838709677419355,-0.13456993321626232,0.5306426064090336,0.7260283605199073,0.32598398846853516,0.9554733916792318,0.0,0.48071168277208914,0.48071168277208914
hrl,multi,1,weighted_cka,0,667,2.3869268157381143,300.0,0.6857678890228271,0.6074986457824707,0,0.0,0.4773853631476229,5,1,weighted_cka,29,150,0.39200188391810603,4.0,1.7241379310344827,0.17236657554679538,0.46341598800165207,0.5091475587493038,0.3799890323688741,0.8620076610714894,0.0,0.4773853631476229,0.4773853631476229
hrl,multi,1,weighted_cka,0,668,3.0293758127461174,243.0,0.7045443058013916,0.703331708908081,1,0.0,0.6058751625492236,5,1,weighted_cka,25,108,0.39365228882389375,4.0,1.44,0.2930751849962252,0.6107128808205015,0.7903735301729756,0.3940985144586301,0.9411157022977857,0.0,0.6058751625492236,0.6058751625492236
hrl,multi,1,weighted_cka,0,669,2.9384145712967715,267.0,0.7028124928474426,0.7020774483680725,1,0.0,0.5876829142593544,5,1,weighted_cka,27,120,0.39143058991225654,4.0,1.4814814814814814,0.5044725502575745,0.3900831836449214,0.8229401050698942,0.4042399776780511,0.8166787546463309,0.0,0.5876829142593544,0.5876829142593544
hrl,multi,1,weighted_cka,0,670,2.8848905212451195,281.0,0.7028277516365051,0.7005020976066589,1,0.0,0.5769781042490241,5,1,weighted_cka,27,126,0.39999999999999997,4.0,1.5555555555555556,0.5445755155950317,0.22773111676161334,0.7874119166149757,0.3740969314770772,0.9510750407964222,0.0,0.5769781042490241,0.5769781042490241
hrl,multi,1,weighted_cka,0,671,2.8377605590227453,292.0,0.7056229710578918,0.7028898596763611,1,0.0,0.5675521118045492,5,1,weighted_cka,31,150,0.39999999999999997,4.0,1.6129032258064515,0.5423718163014853,0.2755301329171342,0.7014725490781127,0.3951129394720773,0.9232731212539363,0.0,0.5675521118045492,0.5675521118045492
hrl,multi,1,weighted_cka,0,672,3.0051848343947336,249.0,0.7023258805274963,0.7006838917732239,1,0.0,0.6010369668789469,5,1,weighted_cka,24,108,0.4,4.0,1.5,0.54758787166042,0.3165947880654129,0.791396030595526,0.355468214949622,0.9941379291237534,0.0,0.6010369668789469,0.6010369668789469
hrl,multi,1,weighted_cka,0,673,1.8386072913899612,300.0,0.6216810941696167,0.33238697052001953,0,0.0,0.3677214582779923,5,1,weighted_cka,29,126,0.3701036176831328,4.0,1.4482758620689655,-0.18485229542048204,-0.03741066422449531,0.7318242970368299,0.36019465547776774,0.9688512985203414,0.0,0.3677214582779923,0.3677214582779923
hrl,multi,1,weighted_cka,0,674,2.9763381472961323,256.0,0.7030645608901978,0.7010918259620667,1,0.0,0.5952676294592266,5,1,weighted_cka,27,126,0.35740984354952443,4.0,1.5555555555555556,0.2453705046591057,0.5743078872705808,0.7914970816560088,0.38313395556714375,0.982028718143294,0.0,0.5952676294592266,0.5952676294592266
hrl,multi,1,weighted_cka,0,675,2.9586917672635886,265.0,0.7027833461761475,0.7005895972251892,1,0.0,0.5917383534527179,5,1,weighted_cka,26,108,0.3560821404332105,4.0,1.3846153846153846,0.36940225505840485,0.44528760602176753,0.7861312330169602,0.3842601424092426,0.9736105307572142,0.0,0.5917383534527179,0.5917383534527179
hrl,multi,1,weighted_cka,0,676,2.8395927881844094,292.0,0.7043865919113159,0.7003074288368225,1,0.0,0.567918557636882,5,1,weighted_cka,29,138,0.3701456670024158,4.0,1.5862068965517242,0.3864089837792852,0.4191754903483377,0.7283632488297297,0.3599661300545558,0.9456789351725018,0.0,0.567918557636882,0.567918557636882
hrl,multi,1,weighted_cka,0,677,2.8549643391666417,288.0,0.7022011876106262,0.7004086971282959,1,0.0,0.5709928678333285,5,1,weighted_cka,29,126,0.39225250268819045,4.0,1.4482758620689655,0.297827869503555,0.4487409061352371,0.766699602591805,0.36008659597806386,0.9816093649579815,0.0,0.5709928678333285,0.5709928678333285
hrl,multi,1,weighted_cka,0,678,2.9200229137715055,268.0,0.7034956812858582,0.7010303735733032,1,0.0,0.5840045827543011,5,1,weighted_cka,27,132,0.39999999999999997,4.0,1.6296296296296295,0.4198718823711386,1.0945488099213687,0.4787007220800731,0.3807925634905695,0.5461089359083561,0.0,0.5840045827543011,0.5840045827543011
hrl,multi,1,weighted_cka,0,679,2.930592872108777,271.0,0.7029724717140198,0.7002759575843811,1,0.0,0.5861185744217556,5,1,weighted_cka,27,120,0.39982039202546077,4.0,1.4814814814814814,0.5184373425765659,0.3829890471181569,0.7237048781062475,0.3335781517369323,0.9718834525708752,0.0,0.5861185744217556,0.5861185744217556
hrl,multi,1,weighted_cka,0,680,2.917313663656218,271.0,0.7041853070259094,0.7023488879203796,1,0.0,0.5834627327312438,5,1,weighted_cka,27,120,0.39928156810184295,4.0,1.4814814814814814,0.3146410733629017,0.5738999876352026,0.6979282712957354,0.37986680096993214,0.9509775303924469,0.0,0.5834627327312438,0.5834627327312438
hrl,multi,1,weighted_cka,0,681,2.876144995556808,284.0,0.7022415995597839,0.7000524997711182,1,0.0,0.5752289991113617,5,1,weighted_cka,28,126,0.39897366871691853,4.0,1.5,0.4781275884457862,0.3247350841087317,0.6559506899856494,0.4370772390211931,0.9802543939954483,0.0,0.5752289991113617,0.5752289991113617
hrl,multi,1,weighted_cka,0,682,2.879404390480397,284.0,0.7030569314956665,0.7002948522567749,1,0.0,0.5758808780960796,5,1,weighted_cka,28,132,0.3961682371603357,4.0,1.5714285714285714,0.31897696088120564,0.5553570113573222,0.7908423315889667,0.26711982619223984,0.9471082604606634,0.0,0.5758808780960796,0.5758808780960796
hrl,multi,1,weighted_cka,0,683,2.396296632250049,300.0,0.701522171497345,0.6921869516372681,0,0.0,0.47925932645001,5,1,weighted_cka,30,132,0.39633151713718956,4.0,1.4666666666666666,0.04823076694901074,0.2605893160644699,0.7718441869765519,0.3442857477692886,0.9713466144907287,0.0,0.47925932645001,0.47925932645001
hrl,multi,1,weighted_cka,0,684,2.9730302562603015,259.0,0.7021962404251099,0.7009145617485046,1,0.0,0.5946060512520603,5,1,weighted_cka,26,120,0.3966831007490656,4.0,1.5384615384615385,0.4046668991332407,0.4140938725578597,0.7722763162273912,0.5262891766312531,0.8557039917105574,0.0,0.5946060512520603,0.5946060512520603
hrl,multi,1,weighted_cka,0,685,2.818824917038006,298.0,0.7049841284751892,0.7038419842720032,1,0.0,0.5637649834076013,5,1,weighted_cka,30,138,0.39711573978179615,4.0,1.5333333333333334,0.3253950553131289,0.4971898978850803,0.6135335520876467,0.4053045946352648,0.9774018171168862,0.0,0.5637649834076013,0.5637649834076013
hrl,multi,1,weighted_cka,0,686,2.392521599046084,300.0,0.6932669878005981,0.6496095657348633,0,0.0,0.4785043198092169,5,1,weighted_cka,32,150,0.39999999999999997,4.0,1.5625,-0.05027210429520361,0.4154038175895255,0.7233610714098903,0.39368912870413614,0.9103396856377365,0.0,0.4785043198092169,0.4785043198092169
hrl,multi,1,weighted_cka,0,687,2.977257582363904,256.0,0.7039755582809448,0.70159512758255,1,0.0,0.5954515164727809,5,1,weighted_cka,25,108,0.4,4.0,1.44,0.3027868029649834,0.5229869060693307,0.7739999646538634,0.3471831547387409,1.0303007539369862,0.0,0.5954515164727809,0.5954515164727809
hrl,multi,1,weighted_cka,0,688,2.9542565866175705,261.0,0.7028757333755493,0.7004255056381226,1,0.0,0.5908513173235143,5,1,weighted_cka,25,120,0.4,4.0,1.6,0.45926650540556857,0.3500738460497376,0.7933288702256976,0.37451708782918275,0.9770702771073846,0.0,0.5908513173235143,0.5908513173235143
hrl,multi,1,weighted_cka,0,689,2.9482570495702407,264.0,0.7036339640617371,0.700387179851532,1,0.0,0.5896514099140483,5,1,weighted_cka,27,120,0.4,4.0,1.4814814814814814,0.42864474563067756,0.37589477948090994,0.7903753043441101,0.389349167627748,0.9639930524867958,0.0,0.5896514099140483,0.5896514099140483
hrl,multi,1,weighted_cka,0,690,3.063871982453157,237.0,0.7028603553771973,0.7016422152519226,1,0.0,0.6127743964906315,5,1,weighted_cka,23,102,0.4,4.0,1.4782608695652173,0.3392392895375378,0.5873463116129859,0.7668651617104186,0.40580028080521136,0.9646209387870038,0.0,0.6127743964906315,0.6127743964906315
hrl,multi,1,weighted_cka,0,691,2.8234057354995588,296.0,0.7026566863059998,0.700718343257904,1,0.0,0.5646811470999119,5,1,weighted_cka,31,150,0.39999999999999997,4.0,1.6129032258064515,0.4836622120101818,0.31288434154416594,0.6800431966271715,0.3786719036051071,0.9681440817129331,0.0,0.5646811470999119,0.5646811470999119
hrl,multi,1,weighted_cka,0,692,2.9728749295472503,260.0,0.7008587121963501,0.7001272439956665,1,0.0,0.5945749859094501,5,1,weighted_cka,25,114,0.4,4.0,1.52,0.3807449544803238,0.47814321203938726,0.602815360716544,0.5739966777841908,0.9371747245268051,0.0,0.5945749859094501,0.5945749859094501
hrl,multi,1,weighted_cka,0,693,2.905424165762632,275.0,0.7027267813682556,0.7003839015960693,1,0.0,0.5810848331525266,5,1,weighted_cka,28,132,0.39999999999999997,4.0,1.5714285714285714,0.5166273957995725,0.2902082644626642,0.7599833606953542,0.3810430353304836,0.9575621094745582,0.0,0.5810848331525266,0.5810848331525266
hrl,multi,1,weighted_cka,0,694,3.032945000524646,241.0,0.7030969858169556,0.7005748748779297,1,0.0,0.6065890001049292,5,1,weighted_cka,24,108,0.4,4.0,1.5,0.3532781297817127,0.4172619325146078,1.2135701402379198,0.3959788462505675,0.6528559517398388,0.0,0.6065890001049292,0.6065890001049292
hrl,multi,1,weighted_cka,0,695,2.930699373949136,270.0,0.7047189474105835,0.702152669429779,1,0.0,0.5861398747898272,5,1,weighted_cka,26,126,0.39999999999999997,4.0,1.6153846153846154,0.4019157606458756,0.39418516557535604,0.8565826256619765,0.4424531789696774,0.835562643096251,0.0,0.5861398747898272,0.5861398747898272
hrl,multi,1,weighted_cka,0,696,2.939281315721759,271.0,0.7031996250152588,0.7002617120742798,1,0.0,0.587856263144352,5,1,weighted_cka,27,126,0.39999999999999997,4.0,1.5555555555555556,0.4564670841312034,0.46133222174551325,0.774318422494456,0.28060412416051966,0.9665594631900675,0.0,0.587856263144352,0.587856263144352
hrl,multi,1,weighted_cka,0,697,2.940517138486712,262.0,0.7032405138015747,0.7006437182426453,1,0.0,0.5881034276973426,5,1,weighted_cka,28,126,0.39999999999999997,4.0,1.5,0.38321827433840355,0.47702702804771235,0.7683232325236894,0.3337735256236482,0.9781750779532593,0.0,0.5881034276973426,0.5881034276973426
hrl,multi,1,weighted_cka,0,698,2.978158805991085,253.0,0.7025874257087708,0.7007736563682556,1,0.0,0.5956317611982171,5,1,weighted_cka,25,114,0.4,4.0,1.52,0.30981553712277665,0.5404590064189395,0.7412520153969525,0.41109274879889546,0.9755394982535216,0.0,0.5956317611982171,0.5956317611982171
hrl,multi,1,weighted_cka,0,699,3.033471872627499,244.0,0.7043818235397339,0.7017809152603149,1,0.0,0.6066943745254999,5,1,weighted_cka,23,102,0.4,4.0,1.4782608695652173,0.5264690833482307,0.3556415096189302,0.7791847691498696,0.3961259719695171,0.9760505385409523,0.0,0.6066943745254999,0.6066943745254999
hrl,multi,1,weighted_cka,0,700,2.9659957446741596,256.0,0.7038253545761108,0.7026731967926025,1,0.0,0.593199148934832,5,1,weighted_cka,27,120,0.4,4.0,1.4814814814814814,0.2495599841701186,0.5679142319508826,0.7779531370126641,0.41344827333162526,0.9571201182088697,0.0,0.593199148934832,0.593199148934832
hrl,multi,1,weighted_cka,0,701,2.9681251151248493,262.0,0.7046278119087219,0.7025707960128784,1,0.0,0.59362502302497,5,1,weighted_cka,25,114,0.4,4.0,1.52,0.4906065115879171,0.42616676860017455,0.7854323140131309,0.3451379881352185,0.9207815327884089,0.0,0.59362502302497,0.59362502302497
hrl,multi,1,weighted_cka,0,702,3.014078626542431,245.0,0.7042935490608215,0.700672447681427,1,0.0,0.6028157253084863,5,1,weighted_cka,25,108,0.4,4.0,1.44,0.3176227646134501,0.5320108241718261,0.7394774142978712,0.5706468250844626,0.8543207983748214,0.0,0.6028157253084863,0.6028157253084863
hrl,multi,1,weighted_cka,0,703,2.9838149422985976,254.0,0.7031184434890747,0.700694739818573,1,0.0,0.5967629884597196,5,1,weighted_cka,24,114,0.4,4.0,1.5833333333333333,0.45411466445727255,0.3466116185135905,0.7820665072007104,0.40569053698191404,0.9953316151451107,0.0,0.5967629884597196,0.5967629884597196
hrl,multi,1,weighted_cka,0,704,2.971607055827974,259.0,0.7037786245346069,0.7020871043205261,1,0.0,0.5943214111655949,5,1,weighted_cka,26,120,0.4,4.0,1.5384615384615385,0.47262304322363324,0.3667774980459361,0.6659415051145477,0.4768056259802541,0.9894593834636033,0.0,0.5943214111655949,0.5943214111655949
hrl,multi,1,weighted_cka,0,705,3.0485063614913366,242.0,0.7045066952705383,0.7014482021331787,1,0.0,0.6097012722982674,5,1,weighted_cka,24,108,0.3803982237835455,4.0,1.5,0.3604652815786394,0.5179568134639411,0.783172592180781,0.4377049757958301,0.9492066984721458,0.0,0.6097012722982674,0.6097012722982674
hrl,multi,1,weighted_cka,0,706,2.8406196154670673,292.0,0.7048512101173401,0.7013276219367981,1,0.0,0.5681239230934135,5,1,weighted_cka,30,132,0.3775470563338793,4.0,1.4666666666666666,0.21907414295863398,0.5050882095777777,0.7489511045282705,0.4070402408163353,0.9604659175860505,0.0,0.5681239230934135,0.5681239230934135
hrl,multi,1,weighted_cka,0,707,2.979041163196655,259.0,0.7050161361694336,0.7019749283790588,1,0.0,0.595808232639331,5,1,weighted_cka,26,114,0.38142989621599044,4.0,1.4615384615384615,0.46451772068534025,0.4329462212081997,0.7314812948037869,0.3808003927548415,0.9692955337444872,0.0,0.595808232639331,0.595808232639331
hrl,multi,1,weighted_cka,0,708,3.033037960529268,241.0,0.7046869993209839,0.7016369104385376,1,0.0,0.6066075921058537,5,1,weighted_cka,25,114,0.38885793772959426,4.0,1.52,0.2813188079782411,0.5957309542885049,0.760361396776745,0.38647738666506476,1.0091494148207127,0.0,0.6066075921058537,0.6066075921058537
hrl,multi,1,weighted_cka,0,709,2.9596731960224556,263.0,0.7024153470993042,0.7000331282615662,1,0.0,0.5919346392044912,5,1,weighted_cka,26,114,0.3991345339770609,4.0,1.4615384615384615,0.2974033251875079,0.7260344655374064,0.6720184460012241,0.3788004337172605,0.8854165255790575,0.0,0.5919346392044912,0.5919346392044912
hrl,multi,1,weighted_cka,0,710,3.0243241148781004,242.0,0.7042060494422913,0.7012571692466736,1,0.0,0.6048648229756202,5,1,weighted_cka,24,108,0.39771613132835515,4.0,1.5,0.3406763319488599,0.5424951129248364,0.787276438881643,0.3936340691260993,0.9602421619966625,0.0,0.6048648229756202,0.6048648229756202
hrl,multi,1,weighted_cka,0,711,2.9938739456936587,252.0,0.7036917209625244,0.7006711363792419,1,0.0,0.5987747891387318,5,1,weighted_cka,24,102,0.3980654288899009,4.0,1.4166666666666667,0.3760404082671156,0.48875302859442293,0.7831212912492919,0.37652948750928034,0.9694297300735487,0.0,0.5987747891387318,0.5987747891387318
hrl,multi,1,weighted_cka,0,712,2.9857530665671934,255.0,0.7029209733009338,0.7001208066940308,1,0.0,0.5971506133134387,5,1,weighted_cka,26,120,0.39794451819551957,4.0,1.5384615384615385,1.059610907623544,0.5610759933928492,0.534203019765613,0.2971827624616343,0.5336803833235534,0.0,0.5971506133134387,0.5971506133134387
hrl,multi,1,weighted_cka,0,713,2.998339891980226,251.0,0.7030137777328491,0.7003070712089539,1,0.0,0.5996679783960454,5,1,weighted_cka,26,120,0.3979957048365813,4.0,1.5384615384615385,0.5566322105810976,0.44501350857620114,0.7532882427545263,0.31458244473565705,0.9288234853327447,0.0,0.5996679783960454,0.5996679783960454
hrl,multi,1,weighted_cka,0,714,2.365123475161816,300.0,0.6873175501823425,0.6204764246940613,0,0.0,0.47302469503236333,5,1,weighted_cka,29,144,0.39940015046694266,4.0,1.6551724137931034,0.3501110191522165,0.11177924818778395,0.5723827031404941,0.35323458980862044,0.9776159148727018,0.0,0.47302469503236333,0.47302469503236333
hrl,multi,1,weighted_cka,0,715,2.9597209294411573,264.0,0.7031174898147583,0.7004958391189575,1,0.0,0.5919441858882315,5,1,weighted_cka,27,114,0.3990528691583306,4.0,1.4074074074074074,0.46606236419093305,0.49480573826888563,0.7396346317866117,0.4035178920442412,0.8557003031504863,0.0,0.5919441858882315,0.5919441858882315
hrl,multi,1,weighted_cka,0,716,2.9650613504231464,260.0,0.7042340040206909,0.7003225684165955,1,0.0,0.5930122700846294,5,1,weighted_cka,26,120,0.39910022570041404,4.0,1.5384615384615385,0.49783305488922613,0.3314538311320356,0.7245109225660561,0.4342540829759126,0.9770094588599166,0.0,0.5930122700846294,0.5930122700846294
hrl,multi,1,weighted_cka,0,717,2.8407261706001212,294.0,0.7032902836799622,0.7009176015853882,1,0.0,0.5681452341200244,5,1,weighted_cka,30,126,0.39707287672881614,4.0,1.4,0.3002490799575314,0.4212040852298303,0.7907459134071831,0.34436300676129744,0.9841640852442796,0.0,0.5681452341200244,0.5681452341200244
hrl,multi,1,weighted_cka,0,718,2.9789554601803343,254.0,0.7023142576217651,0.7003400921821594,1,0.0,0.5957910920360671,5,1,weighted_cka,25,120,0.39764634000492566,4.0,1.6,0.3193127946584135,0.542142698202282,0.778219451217912,0.339463691365905,0.9998168247358225,0.0,0.5957910920360671,0.5957910920360671
hrl,multi,1,weighted_cka,0,719,2.9189107556046205,272.0,0.7034405469894409,0.7001749277114868,1,0.0,0.5837821511209242,5,1,weighted_cka,27,120,0.39764634000492566,4.0,1.4814814814814814,0.5176985995937137,0.8982101886493618,0.6165559104932471,0.3621310063363052,0.5243150505319935,0.0,0.5837821511209242,0.5837821511209242
hrl,multi,1,weighted_cka,0,720,1.9997622415830834,300.0,0.6639928221702576,0.5641824007034302,0,0.0,0.39995244831661675,5,1,weighted_cka,30,102,0.39907699608036307,4.0,1.1333333333333333,-0.22349990378599657,0.09733470145333545,0.7912239175271242,0.3823150898222811,0.9523884365663396,0.0,0.39995244831661675,0.39995244831661675
hrl,multi,1,weighted_cka,0,721,2.9593997553839895,263.0,0.7047427296638489,0.7016233205795288,1,0.0,0.591879951076798,5,1,weighted_cka,25,120,0.4,4.0,1.6,0.5224340572112595,0.3116622877239423,0.7437709687668829,0.389676826263545,0.9918556154183605,0.0,0.591879951076798,0.591879951076798
hrl,multi,1,weighted_cka,0,722,2.3091955458643483,300.0,0.6520458459854126,0.4456023871898651,0,0.0,0.46183910917286974,5,1,weighted_cka,31,150,0.396787449487736,4.0,1.6129032258064515,0.06926818389300005,0.29079294722410837,0.5765521521816842,0.392428536143343,0.9801537264222132,0.0,0.46183910917286974,0.46183910917286974
hrl,multi,1,weighted_cka,0,723,3.010434373495436,246.0,0.702296793460846,0.7004570364952087,1,0.0,0.6020868746990873,5,1,weighted_cka,26,120,0.39598431185967004,4.0,1.5384615384615385,0.3230215888512029,0.5384583567925391,0.789212406634353,0.3883191117400237,0.971422909477318,0.0,0.6020868746990873,0.6020868746990873
hrl,multi,1,weighted_cka,0,724,2.9502996458423354,259.0,0.7024978399276733,0.7012676000595093,1,0.0,0.5900599291684672,5,1,weighted_cka,25,120,0.39598431185967004,4.0,1.6,0.3264659409539308,0.513681059491995,0.7861235570684074,0.3861987215836124,0.9378303667443905,0.0,0.5900599291684672,0.5900599291684672
hrl,multi,1,weighted_cka,0,725,2.4073461072024642,300.0,0.7005598545074463,0.6816526651382446,0,0.0,0.4814692214404929,5,1,weighted_cka,30,126,0.3942633026566715,4.0,1.4,-0.18410695281333778,0.4632385147120802,0.6930929127214475,0.4074233153592794,1.0276983172229954,0.0,0.4814692214404929,0.4814692214404929
hrl,multi,1,weighted_cka,0,726,2.9695121913587923,254.0,0.7034254670143127,0.7018837928771973,1,0.0,0.5939024382717586,5,1,weighted_cka,26,114,0.3978864799261421,4.0,1.4615384615384615,0.49532100382016486,0.29953160435003506,0.7909508018270134,0.39766880382667286,0.9860399775349068,0.0,0.5939024382717586,0.5939024382717586
hrl,multi,1,weighted_cka,0,727,3.02093858558667,243.0,0.7040056586265564,0.7012676000595093,1,0.0,0.6041877171173341,5,1,weighted_cka,23,108,0.39914472831827685,4.0,1.565217391304348,0.5662913045086314,0.3313073580507188,0.7467958421059883,0.3768785115685313,0.9996655693528008,0.0,0.6041877171173341,0.6041877171173341
hrl,multi,1,weighted_cka,0,728,3.053339041454589,238.0,0.7041888236999512,0.7021922469139099,1,0.0,0.6106678082909178,5,1,weighted_cka,25,120,0.39615127743224554,4.0,1.6,0.4316065311348064,0.5592177800415082,0.7613040359206497,0.3202277844365853,0.98098290992104,0.0,0.6106678082909178,0.6106678082909178
hrl,multi,1,weighted_cka,0,729,2.9934142511127853,251.0,0.7048494219779968,0.7036413550376892,1,0.0,0.5986828502225572,5,1,weighted_cka,24,108,0.3957236415913839,4.0,1.5,0.38289904184272744,0.487703659920662,0.7896432688499334,0.3526277584049093,0.9805405220945539,0.0,0.5986828502225572,0.5986828502225572
hrl,multi,1,weighted_cka,0,730,2.4196813539987474,300.0,0.6993042230606079,0.6802042722702026,0,0.0,0.48393627079974955,5,1,weighted_cka,31,144,0.3961512774322455,4.0,1.5483870967741935,0.033703481980249986,0.39075796699206683,0.4703562976168466,0.5313777184133649,0.9934858889962196,0.0,0.48393627079974955,0.48393627079974955
hrl,multi,1,weighted_cka,0,731,2.9041676684434137,275.0,0.7033566236495972,0.7000795006752014,1,0.0,0.5808335336886828,5,1,weighted_cka,26,108,0.3949346807185531,4.0,1.3846153846153846,0.2501796609531246,0.5367594707217066,0.8446838625641538,0.39878554971609254,0.8737591244883368,0.0,0.5808335336886828,0.5808335336886828
hrl,multi,1,weighted_cka,0,732,2.394666667882028,300.0,0.691961944103241,0.6370415687561035,0,0.0,0.4789333335764058,5,1,weighted_cka,31,156,0.38096531389296545,4.0,1.6774193548387097,0.11706781908398245,0.1545051186175221,0.7584504643306135,0.38601372368400905,0.9786295421659014,0.0,0.4789333335764058,0.4789333335764058
hrl,multi,1,weighted_cka,0,733,2.387191845742926,300.0,0.6907210946083069,0.6436029672622681,0,0.0,0.4774383691485854,5,1,weighted_cka,30,144,0.3925014872911682,4.0,1.6,0.3328069768647255,0.16080914369970545,0.7071010135686954,0.3154333813562988,0.8710413302535015,0.0,0.4774383691485854,0.4774383691485854
hrl,multi,1,weighted_cka,0,734,2.9987761134860107,252.0,0.7022371292114258,0.700482964515686,1,0.0,0.5997552226972023,5,1,weighted_cka,25,108,0.390001983054891,4.0,1.44,0.4922040229476986,0.39979239944706196,0.7702631724625825,0.38587716356944285,0.9506393550592255,0.0,0.5997552226972023,0.5997552226972023
hrl,multi,1,weighted_cka,0,735,2.398210378525981,300.0,0.694503664970398,0.663788378238678,0,0.0,0.4796420757051963,5,1,weighted_cka,31,114,0.4,4.0,1.2258064516129032,0.06168581661899197,0.19197026230813918,0.7630715964110567,0.4234032078914459,0.9580794952963477,0.0,0.4796420757051963,0.4796420757051963
hrl,multi,1,weighted_cka,0,736,3.0019713317467818,252.0,0.7034429907798767,0.7016056180000305,1,0.0,0.6003942663493564,5,1,weighted_cka,24,102,0.4,4.0,1.4166666666666667,0.519902317642234,0.35643227381142784,0.7630738146379589,0.39321524245481115,0.9693476832003506,0.0,0.6003942663493564,0.6003942663493564
hrl,multi,1,weighted_cka,0,737,2.962498764115064,264.0,0.7036054730415344,0.701835036277771,1,0.0,0.5924997528230129,5,1,weighted_cka,26,120,0.4,4.0,1.5384615384615385,0.8407108556345918,0.510422167402692,0.7742619877378455,0.37694537530932565,0.4601583780306099,0.0,0.5924997528230129,0.5924997528230129
hrl,multi,1,weighted_cka,0,738,2.3334012070672188,300.0,0.6554254293441772,0.4554493725299835,0,0.0,0.46668024141344394,5,1,weighted_cka,31,156,0.39999999999999997,4.0,1.6774193548387097,-0.017427582104035597,0.43227671230421383,0.6575046548061071,0.24394184396155683,1.0171055780993772,0.0,0.46668024141344394,0.46668024141344394
hrl,multi,1,weighted_cka,0,739,2.9934728028521045,249.0,0.7037432193756104,0.7006371021270752,1,0.0,0.598694560570421,5,1,weighted_cka,25,114,0.4,4.0,1.52,0.4669822037909178,0.3193260387365007,0.7719108459055423,0.43411684696632424,1.00113686745282,0.0,0.598694560570421,0.598694560570421
hrl,multi,1,weighted_cka,0,740,3.022840413307959,247.0,0.7023937106132507,0.7014644145965576,1,0.0,0.6045680826615919,5,1,weighted_cka,25,114,0.4,4.0,1.52,0.3821886804901296,0.48986616864858645,0.7431043025786056,0.4403621516174897,0.9673191099731483,0.0,0.6045680826615919,0.6045680826615919
hrl,multi,1,weighted_cka,0,741,2.978404017373369,257.0,0.7034521698951721,0.7014389634132385,1,0.0,0.5956808034746739,5,1,weighted_cka,24,114,0.3932706964830899,4.0,1.5833333333333333,0.5407172004523889,0.2321517765683782,0.788634663469158,0.42134028173843385,0.9955600951450104,0.0,0.5956808034746739,0.5956808034746739
hrl,multi,1,weighted_cka,0,742,2.2858000766103928,300.0,0.6382566094398499,0.38100066781044006,0,0.0,0.4571600153220786,5,1,weighted_cka,31,168,0.3360716165893536,4.0,1.8064516129032258,0.17177696820907284,-0.0121895004055117,0.7913323019379749,0.3596472059763036,0.9752331008925538,0.0,0.4571600153220786,0.4571600153220786
hrl,multi,1,weighted_cka,0,743,2.84791036118473,285.0,0.7023656368255615,0.7005519270896912,1,0.0,0.569582072236946,5,1,weighted_cka,28,138,0.36306280514551303,4.0,1.6428571428571428,0.3187362129890825,0.46611702903356467,0.6916435243819722,0.43516563159739585,0.9362479631827153,0.0,0.569582072236946,0.569582072236946
hrl,multi,1,weighted_cka,0,744,2.818862976286033,298.0,0.7051936388015747,0.7032442092895508,1,0.0,0.5637725952572067,5,1,weighted_cka,30,144,0.36855788946010876,4.0,1.6,0.48160283470712584,0.22375511373811038,0.6984995041959917,0.4349264897489046,0.9800790338959012,0.0,0.5637725952572067,0.5637725952572067
hrl,multi,1,weighted_cka,0,745,2.407228606538773,300.0,0.6952571868896484,0.6653307676315308,0,0.0,0.48144572130775476,5,1,weighted_cka,30,144,0.37183226487094306,4.0,1.6,0.28935219074724583,0.21258616973366573,0.6082529717846771,0.3017099442555626,0.9953273300176223,0.0,0.48144572130775476,0.48144572130775476
hrl,multi,1,weighted_cka,0,746,2.9689008562039585,256.0,0.7048622369766235,0.7037286758422852,1,0.0,0.5937801712407917,5,1,weighted_cka,26,114,0.37569428779653335,4.0,1.4615384615384615,0.3893694388168513,0.48963552306896585,0.8474350864971055,0.40100375645980224,0.8414570513612342,0.0,0.5937801712407917,0.5937801712407917
hrl,multi,1,weighted_cka,0,747,3.0130919081234593,245.0,0.702813982963562,0.7005116939544678,1,0.0,0.602618381624692,5,1,weighted_cka,24,114,0.4,4.0,1.5833333333333333,0.29229848524252877,0.5677931834980844,0.7565121470959856,0.5184701552931218,0.8780179369937394,0.0,0.602618381624692,0.602618381624692
hrl,multi,1,weighted_cka,0,748,2.3378874971966965,300.0,0.6558047533035278,0.46115347743034363,0,0.0,0.4675774994393394,5,1,weighted_cka,32,162,0.3999999999999999,4.0,1.6875,0.13502144381776437,0.27365548740553985,0.6226703982383476,0.33838580123009154,0.9681543665049538,0.0,0.4675774994393394,0.4675774994393394
hrl,multi,1,weighted_cka,0,749,2.9180111923440695,271.0,0.7032647132873535,0.7009358406066895,1,0.0,0.583602238468814,5,1,weighted_cka,25,114,0.4,4.0,1.52,0.5179329219525678,0.29166950840265765,1.1871052859202025,0.3781706794600758,0.5431327966085663,0.0,0.583602238468814,0.583602238468814
hrl,multi,1,weighted_cka,0,750,2.9998501605320476,253.0,0.7048370242118835,0.7009519934654236,1,0.0,0.5999700321064096,5,1,weighted_cka,26,120,0.4,4.0,1.5384615384615385,0.5493441046618971,0.3527738186115165,0.7698085063574834,0.3592655695575521,0.9686581613435991,0.0,0.5999700321064096,0.5999700321064096
hrl,multi,1,weighted_cka,0,751,3.0360296450507436,241.0,0.7038114666938782,0.7001743912696838,1,0.0,0.6072059290101488,5,1,weighted_cka,24,108,0.4,4.0,1.5,0.303591167025268,0.49110068877181023,0.8390137478988616,0.4191916625095763,0.9831323788452281,0.0,0.6072059290101488,0.6072059290101488
hrl,multi,1,weighted_cka,0,752,1.9463476401074318,300.0,0.6651673316955566,0.5386666059494019,0,0.0,0.38926952802148646,5,1,weighted_cka,31,162,0.3999999999999999,4.0,1.7419354838709677,-0.04310763064619832,-0.016143855038332114,0.6971913171960039,0.3027951972582376,1.005612611337721,0.0,0.38926952802148646,0.38926952802148646
hrl,multi,1,weighted_cka,0,753,2.8947752110820133,275.0,0.7030746340751648,0.7010486125946045,1,0.0,0.5789550422164028,5,1,weighted_cka,28,132,0.360381474484483,4.0,1.5714285714285714,0.4272907892232759,0.428782258267456,0.7373497448284178,0.34188080411823457,0.9594716146446297,0.0,0.5789550422164028,0.5789550422164028
hrl,multi,1,weighted_cka,0,754,3.0673557867218393,234.0,0.7045176029205322,0.7010303735733032,1,0.0,0.613471157344368,5,1,weighted_cka,22,102,0.3658193113199461,4.0,1.5454545454545454,0.5496168503374791,0.41842026842525215,0.649141495392192,0.39503114581387483,1.0551460267530417,0.0,0.613471157344368,0.613471157344368
hrl,multi,1,weighted_cka,0,755,2.943432075828167,270.0,0.7021061182022095,0.7008000016212463,1,0.0,0.5886864151656336,5,1,weighted_cka,27,120,0.3636830182774427,4.0,1.4814814814814814,0.5190613308293394,0.3447202037977985,0.7115642240489831,0.38479495853572726,0.9832913586163193,0.0,0.5886864151656336,0.5886864151656336
hrl,multi,1,weighted_cka,0,756,3.0294121648347123,242.0,0.7043862342834473,0.7032989859580994,1,0.0,0.6058824329669426,5,1,weighted_cka,24,114,0.3617715981867818,4.0,1.5833333333333333,0.30295790160069,0.5652977059092371,0.7911613760730251,0.40042037698213234,0.9695748042696285,0.0,0.6058824329669426,0.6058824329669426
hrl,multi,1,weighted_cka,0,757,3.0201954121689765,245.0,0.7024573087692261,0.7013199329376221,1,0.0,0.6040390824337953,5,1,weighted_cka,25,114,0.3924085301199559,4.0,1.52,0.4308564650658516,0.41788283235463297,0.6205766099523752,0.4935482076685874,1.0573312971275297,0.0,0.6040390824337953,0.6040390824337953
hrl,multi,1,weighted_cka,0,758,2.4213761316574605,300.0,0.7023442983627319,0.6915551424026489,0,0.0,0.4842752263314923,5,1,weighted_cka,28,120,0.38701858650512466,4.0,1.4285714285714286,-0.022769447215832902,0.31008014671023715,0.6936127202403003,0.36414393630268743,1.076308775620069,0.0,0.4842752263314923,0.4842752263314923
hrl,multi,1,weighted_cka,0,759,2.953872217364828,261.0,0.7030962109565735,0.7013534307479858,1,0.0,0.5907744434729658,5,1,weighted_cka,28,132,0.37752724057061327,4.0,1.5714285714285714,0.3876004327690461,0.4797920833006063,0.7463394954688846,0.36250876442715513,0.9776314413991366,0.0,0.5907744434729658,0.5907744434729658
hrl,multi,1,weighted_cka,0,760,2.849280914749978,290.0,0.702342689037323,0.7006481289863586,1,0.0,0.5698561829499956,5,1,weighted_cka,29,132,0.3799687516610225,4.0,1.5172413793103448,0.42112903822492787,0.5366498781398402,0.496817873892054,0.3475839707539416,1.0471001537392146,0.0,0.5698561829499956,0.5698561829499956
hrl,multi,1,weighted_cka,0,761,2.9673690459959894,258.0,0.7035996317863464,0.7017269730567932,1,0.0,0.593473809199198,5,1,weighted_cka,25,114,0.38126207886854663,4.0,1.52,0.5620372673112431,0.32766236836696033,0.7319626479055731,0.3494119807304814,0.9962947816817321,0.0,0.593473809199198,0.593473809199198
hrl,multi,1,weighted_cka,0,762,2.9566177645053817,262.0,0.702852189540863,0.7003682255744934,1,0.0,0.5913235529010765,5,1,weighted_cka,28,132,0.37769776735903265,4.0,1.5714285714285714,0.5079910925501606,0.329281127345981,0.7503462965069337,0.3819487555339,0.987050492568407,0.0,0.5913235529010765,0.5913235529010765
hrl,multi,1,weighted_cka,0,763,2.9145378703251685,269.0,0.7027416229248047,0.7001158595085144,1,0.0,0.5829075740650339,5,1,weighted_cka,25,114,0.39554384410737425,4.0,1.52,0.5214546301044464,0.29753141819406287,0.7491374649839707,0.36894893780897825,0.977465419233711,0.0,0.5829075740650339,0.5829075740650339
hrl,multi,1,weighted_cka,0,764,2.9555319736505794,259.0,0.7045389413833618,0.7007147669792175,1,0.0,0.591106394730116,5,1,weighted_cka,26,120,0.4,4.0,1.5384615384615385,0.4257816815052645,0.457358990477125,0.8467261774167417,0.33734997352166096,0.8883151507297878,0.0,0.591106394730116,0.591106394730116
hrl,multi,1,weighted_cka,0,765,2.9915394377700855,253.0,0.7033474445343018,0.7012636065483093,1,0.0,0.5983078875540172,5,1,weighted_cka,27,126,0.39999999999999997,4.0,1.5555555555555556,0.3448340150875737,0.5254855659632011,0.7870895606656557,0.400059024698683,0.9340712713549727,0.0,0.5983078875540172,0.5983078875540172
hrl,multi,1,weighted_cka,0,766,3.0091931798279825,249.0,0.7043262124061584,0.7019312381744385,1,0.0,0.6018386359655966,5,1,weighted_cka,23,102,0.4,4.0,1.4782608695652173,0.3338242181171662,0.5158056196799442,0.6760769583266227,0.41303110359120165,1.0704552801130482,0.0,0.6018386359655966,0.6018386359655966
hrl,multi,1,weighted_cka,0,767,2.9655956604927765,261.0,0.7034169435501099,0.7008931636810303,1,0.0,0.5931191320985555,5,1,weighted_cka,28,126,0.39999999999999997,4.0,1.5,0.389130207173759,0.42762434081640077,0.6990897026929305,0.37018620241613814,1.0795652073935487,0.0,0.5931191320985555,0.5931191320985555
hrl,multi,1,weighted_cka,0,768,2.8526386938464485,289.0,0.7029221057891846,0.7006281018257141,1,0.0,0.5705277387692899,5,1,weighted_cka,27,132,0.39999999999999997,4.0,1.6296296296296295,0.38278170336841133,0.37207445291489466,0.7749647427946328,0.3686068406739504,0.9542109540945601,0.0,0.5705277387692899,0.5705277387692899
hrl,multi,1,weighted_cka,0,769,3.025497887279062,248.0,0.704209566116333,0.7022498250007629,1,0.0,0.6050995774558124,5,1,weighted_cka,26,120,0.4,4.0,1.5384615384615385,0.26935461694397955,0.6093369787256232,0.7292894028332083,0.3897910058922133,1.027725882884038,0.0,0.6050995774558124,0.6050995774558124
hrl,multi,1,weighted_cka,0,770,2.826270917125125,296.0,0.7039440870285034,0.7011362314224243,1,0.0,0.5652541834250251,5,1,weighted_cka,29,120,0.4,4.0,1.3793103448275863,0.43537182312854544,0.3532301151249266,0.5387347660262601,0.9909301329607768,0.5080040798846165,0.0,0.5652541834250251,0.5652541834250251
hrl,multi,1,weighted_cka,0,771,2.987516277801186,255.0,0.7036208510398865,0.7023088335990906,1,0.0,0.5975032555602373,5,1,weighted_cka,26,120,0.4,4.0,1.5384615384615385,0.5289244085690005,0.3463673679173224,0.8645256961677222,0.4209841019292361,0.8267147032179053,0.0,0.5975032555602373,0.5975032555602373
hrl,multi,1,weighted_cka,0,772,2.9401850093958624,265.0,0.7029858827590942,0.7013243436813354,1,0.0,0.5880370018791725,5,1,weighted_cka,26,120,0.4,4.0,1.5384615384615385,0.48301250855298694,0.3024896715946232,0.7633425916060804,0.45669338895706446,0.934646848685108,0.0,0.5880370018791725,0.5880370018791725
hrl,multi,1,weighted_cka,0,773,2.3984674584541423,300.0,0.6936570405960083,0.6562266945838928,0,0.0,0.47969349169082864,5,1,weighted_cka,30,132,0.39999999999999997,4.0,1.4666666666666666,0.19764314863027518,0.22838197555579232,0.6742291743606327,0.33240087458488404,0.9658122853225587,0.0,0.47969349169082864,0.47969349169082864
hrl,multi,1,weighted_cka,0,774,2.8907742125656863,279.0,0.7043850421905518,0.7018956542015076,1,0.0,0.5781548425131374,5,1,weighted_cka,27,126,0.3794602143536779,4.0,1.5555555555555556,0.5120451455559812,0.30060357749709493,0.730499565381091,0.36945661961496795,0.9781693045165519,0.0,0.5781548425131374,0.5781548425131374
hrl,multi,1,weighted_cka,0,775,2.984146217807013,254.0,0.7022777795791626,0.7004859447479248,1,0.0,0.5968292435614027,5,1,weighted_cka,26,114,0.377298131654065,4.0,1.4615384615384615,0.49295557110011556,0.3712421282878348,0.7803338470035232,0.40426795501856383,0.9353467163969761,0.0,0.5968292435614027,0.5968292435614027
hrl,multi,1,weighted_cka,0,776,2.9288173758403113,265.0,0.7042738199234009,0.7002530694007874,1,0.0,0.5857634751680624,5,1,weighted_cka,27,126,0.37074450426602246,4.0,1.5555555555555556,0.3196904494294712,0.3418240408279815,0.663492429615464,0.43851914830692096,1.1652913076604743,0.0,0.5857634751680624,0.5857634751680624
hrl,multi,1,weighted_cka,0,777,3.0277794929141515,242.0,0.7045050859451294,0.7031994462013245,1,0.0,0.6055558985828304,5,1,weighted_cka,23,102,0.38291493301158824,4.0,1.4782608695652173,0.5331408254688138,0.394753777830745,0.7632060459796338,0.37119677674537516,0.9654820668895844,0.0,0.6055558985828304,0.6055558985828304
hrl,multi,1,weighted_cka,0,778,2.9468392573423903,262.0,0.7041491866111755,0.7014205455780029,1,0.0,0.5893678514684781,5,1,weighted_cka,27,126,0.3969636768289618,4.0,1.5555555555555556,0.3030232607362995,0.6190462172215337,0.7832650587917304,0.3812606398565694,0.860244080736258,0.0,0.5893678514684781,0.5893678514684781
hrl,multi,1,weighted_cka,0,779,3.033579783826134,240.0,0.7054843306541443,0.7036526203155518,1,0.0,0.6067159567652268,5,1,weighted_cka,24,108,0.3976325744808824,4.0,1.5,0.2937216362007892,0.6126047290135174,0.7858433901779353,0.3548470785371027,0.9865629498967899,0.0,0.6067159567652268,0.6067159567652268
hrl,multi,1,weighted_cka,0,780,2.8901233735905247,279.0,0.7039485573768616,0.7012776136398315,1,0.0,0.5780246747181051,5,1,weighted_cka,29,138,0.3976634703715971,4.0,1.5862068965517242,0.30725604637432835,0.47505583757329417,0.7595825807936488,0.3657914575678587,0.9824374512813955,0.0,0.5780246747181051,0.5780246747181051
hrl,multi,1,weighted_cka,0,781,2.847387947898411,288.0,0.7044597864151001,0.7023119926452637,1,0.0,0.5694775895796824,5,1,weighted_cka,28,132,0.3995085855790726,4.0,1.5714285714285714,0.38509879355411963,0.5411655740654094,0.7895416093738749,0.1840736482044447,0.9475083227005633,0.0,0.5694775895796824,0.5694775895796824
hrl,multi,1,weighted_cka,0,782,1.9322186077188221,300.0,0.6496011018753052,0.4376741051673889,0,0.0,0.3864437215437645,5,1,weighted_cka,30,102,0.39999999999999997,4.0,1.1333333333333333,-0.2787336514245257,0.14415521442517631,0.7861822270145639,0.34349506766954424,0.9371197500340639,0.0,0.3864437215437645,0.3864437215437645
hrl,multi,1,weighted_cka,0,783,2.9474745346334807,258.0,0.7029114365577698,0.7012638449668884,1,0.0,0.5894949069266963,5,1,weighted_cka,26,114,0.4,4.0,1.4615384615384615,0.49198728777811607,0.32887154036434363,0.8642839896415825,0.41353410650044664,0.8487976103489926,0.0,0.5894949069266963,0.5894949069266963
hrl,multi,1,weighted_cka,0,784,3.0228976341171934,246.0,0.7047611474990845,0.7017248272895813,1,0.0,0.6045795268234387,5,1,weighted_cka,24,102,0.4,4.0,1.4166666666666667,0.32062748978545996,0.5802939067948608,0.7683222083114086,0.38608538799037334,0.9675686412350913,0.0,0.6045795268234387,0.6045795268234387
hrl,multi,1,weighted_cka,0,785,2.415986303438693,300.0,0.7026772499084473,0.6972522139549255,0,0.0,0.4831972606877387,5,1,weighted_cka,30,138,0.39999999999999997,4.0,1.5333333333333334,0.06263444423658053,0.29770582122335315,0.6388540656907132,0.39364899105450596,1.0231429812335406,0.0,0.4831972606877387,0.4831972606877387
hrl,multi,1,weighted_cka,0,786,2.897659559896229,277.0,0.7034435272216797,0.7003036141395569,1,0.0,0.5795319119792459,5,1,weighted_cka,28,114,0.3967492985813566,4.0,1.3571428571428572,0.25876542373028477,0.5489631139487027,0.8410820852550677,0.4132128928166129,0.8356360441455616,0.0,0.5795319119792459,0.5795319119792459
hrl,multi,1,weighted_cka,0,787,2.8741286050242474,281.0,0.7047537565231323,0.7036296725273132,1,0.0,0.5748257210048495,5,1,weighted_cka,28,132,0.3929814401188382,4.0,1.5714285714285714,0.5388126505460239,0.14774607061792605,0.7893908578476402,0.4185950196103657,0.9795840064022922,0.0,0.5748257210048495,0.5748257210048495
hrl,multi,1,weighted_cka,0,788,3.10241270571151,223.0,0.7024403810501099,0.7003136277198792,1,0.0,0.6204825411423021,5,1,weighted_cka,23,102,0.39636686312033975,4.0,1.4782608695652173,0.5516915253034093,0.3656428849882431,0.7883750302931293,0.40266481060627834,0.9940384545204505,0.0,0.6204825411423021,0.6204825411423021
hrl,multi,1,weighted_cka,0,789,2.9287398770433706,265.0,0.7032758593559265,0.7022550702095032,1,0.0,0.5857479754086743,5,1,weighted_cka,26,114,0.3983746492906783,4.0,1.4615384615384615,0.38205150844424485,0.40390796762188963,0.7656469032731837,0.3896428538109175,0.9874906438931356,0.0,0.5857479754086743,0.5857479754086743
hrl,multi,1,weighted_cka,0,790,2.9547484401018287,260.0,0.7038996815681458,0.7004903554916382,1,0.0,0.5909496880203658,5,1,weighted_cka,26,114,0.4,4.0,1.4615384615384615,0.2744427377916871,0.5543276800839229,1.1917316797468809,0.4029005597666836,0.5313457827126548,0.0,0.5909496880203658,0.5909496880203658
hrl,multi,1,weighted_cka,0,791,2.8186236588127125,297.0,0.7035982012748718,0.7012289762496948,1,0.0,0.5637247317625427,5,1,weighted_cka,30,120,0.4,4.0,1.3333333333333333,0.3732145510431145,0.3532142425475248,0.74530774771329,0.3796403338420495,0.9672467836667346,0.0,0.5637247317625427,0.5637247317625427
hrl,multi,1,weighted_cka,0,792,2.990368586889947,254.0,0.7032737135887146,0.701023280620575,1,0.0,0.5980737173779895,5,1,weighted_cka,26,120,0.3993767207048164,4.0,1.5384615384615385,0.334468749131658,0.5934827945227733,0.7256997656356542,0.37523397254037255,0.9614833050594896,0.0,0.5980737173779895,0.5980737173779895
hrl,multi,1,weighted_cka,0,793,2.868881436988909,287.0,0.7036141157150269,0.7005409598350525,1,0.0,0.573776287397782,5,1,weighted_cka,28,132,0.396600294753544,4.0,1.5714285714285714,0.6654601722707737,0.32891936649417025,0.5731361209801397,0.39192987155512665,0.9094359056886995,0.0,0.573776287397782,0.573776287397782
hrl,multi,1,weighted_cka,0,794,2.8570211956254483,282.0,0.7028335332870483,0.7002251744270325,1,0.0,0.5714042391250898,5,1,weighted_cka,28,132,0.396033677212468,4.0,1.5714285714285714,0.4490756083207669,0.31916257428610684,0.704278299266938,0.36242298463149925,1.022081729120138,0.0,0.5714042391250898,0.5714042391250898
hrl,multi,1,weighted_cka,0,795,2.9600078267039485,260.0,0.7032557129859924,0.7002956867218018,1,0.0,0.5920015653407898,5,1,weighted_cka,27,120,0.39626032422889845,4.0,1.4814814814814814,0.28611100728344163,0.5590931398980318,0.7845269481707363,0.3613604853943688,0.9689162459573707,0.0,0.5920015653407898,0.5920015653407898
hrl,multi,1,weighted_cka,0,796,2.9586360733373644,260.0,0.702358603477478,0.7004634737968445,1,0.0,0.591727214667473,5,1,weighted_cka,24,114,0.4,4.0,1.5833333333333333,0.5192983507082097,0.34159668039227825,0.7865455836504697,0.3484441411780061,0.9627513174084014,0.0,0.591727214667473,0.591727214667473
hrl,multi,1,weighted_cka,0,797,2.8396777955077295,286.0,0.7030820846557617,0.7006431221961975,1,0.0,0.567935559101546,5,1,weighted_cka,30,144,0.39999999999999997,4.0,1.6,0.49891609009797666,0.2214527953000231,0.7631550007043405,0.37877321448270224,0.9773806949226876,0.0,0.567935559101546,0.567935559101546
hrl,multi,1,weighted_cka,0,798,2.980006521845439,256.0,0.7027279138565063,0.7014792561531067,1,0.0,0.5960013043690878,5,1,weighted_cka,25,114,0.4,4.0,1.52,0.4355490713946636,0.4630782910857959,0.7495727590136229,0.3659091296880505,0.9658972706633066,0.0,0.5960013043690878,0.5960013043690878
hrl,multi,1,weighted_cka,0,799,2.9850826141026032,252.0,0.7039859294891357,0.7005589008331299,1,0.0,0.5970165228205208,5,1,weighted_cka,25,120,0.4,4.0,1.6,0.5515887098377569,0.2855462498593259,0.7812735350085421,0.42736001662025214,0.9393141027767268,0.0,0.5970165228205208,0.5970165228205208
hrl,multi,1,weighted_cka,0,800,3.0285551215629662,240.0,0.7020848393440247,0.700734555721283,1,0.0,0.6057110243125934,5,1,weighted_cka,24,108,0.4,4.0,1.5,0.532521400290774,0.3334146758914575,0.7720129909394308,0.41867073852382586,0.9719353159174787,0.0,0.6057110243125934,0.6057110243125934
hrl,multi,1,weighted_cka,0,801,3.0009805727143526,247.0,0.7033861875534058,0.7013061046600342,1,0.0,0.6001961145428706,5,1,weighted_cka,25,114,0.4,4.0,1.52,0.3629864639593287,0.543011049767956,0.7812739775031804,0.36467906773404674,0.9490300137498414,0.0,0.6001961145428706,0.6001961145428706
hrl,multi,1,weighted_cka,0,802,2.9697412970237265,261.0,0.7047643065452576,0.7000924944877625,1,0.0,0.5939482594047454,5,1,weighted_cka,26,120,0.39571633928626,4.0,1.5384615384615385,0.5613482334541621,0.3898948816884948,0.7357992880218661,0.3296716749881743,0.9530272188710299,0.0,0.5939482594047454,0.5939482594047454
hrl,multi,1,weighted_cka,0,803,3.0387195266384284,241.0,0.7035272717475891,0.7002540826797485,1,0.0,0.6077439053276857,5,1,weighted_cka,25,114,0.3774544172961052,4.0,1.52,0.4396083130479963,0.45808565546124724,0.6285275119803845,0.5469442590754477,0.9655537870733532,0.0,0.6077439053276857,0.6077439053276857
hrl,multi,1,weighted_cka,0,804,2.9488205355916275,263.0,0.7047582864761353,0.7003912329673767,1,0.0,0.5897641071183257,5,1,weighted_cka,26,120,0.3828653571450399,4.0,1.5384615384615385,0.3256704766210168,0.5737997278553083,0.7021707628993316,0.3760532398337963,0.9711263283821753,0.0,0.5897641071183257,0.5897641071183257
hrl,multi,1,weighted_cka,0,805,2.8487568547860413,290.0,0.7031809687614441,0.7015587687492371,1,0.0,0.5697513709572084,5,1,weighted_cka,28,138,0.3627507764022608,4.0,1.6428571428571428,0.2986771179814822,0.37889968124119305,0.6401499239942058,0.5625087060346267,0.9685214255345344,0.0,0.5697513709572084,0.5697513709572084
hrl,multi,1,weighted_cka,0,806,2.9748706002769527,255.0,0.7031275629997253,0.7016873955726624,1,0.0,0.5949741200553907,5,1,weighted_cka,26,120,0.4,4.0,1.5384615384615385,0.39207322590879623,0.5014666535155846,0.7693520165020599,0.3327149678155983,0.9792637365349145,0.0,0.5949741200553907,0.5949741200553907
hrl,multi,1,weighted_cka,0,807,2.97950272960952,250.0,0.7040726542472839,0.7011651992797852,1,0.0,0.5959005459219041,5,1,weighted_cka,24,108,0.4,4.0,1.5,0.4654096560663309,0.39331735427514636,0.8650810815254225,0.4008164979557331,0.8548781397868878,0.0,0.5959005459219041,0.5959005459219041
hrl,multi,1,weighted_cka,0,808,2.359940382012489,300.0,0.6804304718971252,0.5787094235420227,0,0.0,0.471988076402498,5,1,weighted_cka,32,156,0.39999999999999997,4.0,1.625,-0.10493387627343634,0.5689797933418302,0.5614122697913696,0.3647276328820734,0.9697545622706528,0.0,0.471988076402498,0.471988076402498
hrl,multi,1,weighted_cka,0,809,3.0238760926638193,243.0,0.7032219767570496,0.7000545263290405,1,0.0,0.604775218532764,5,1,weighted_cka,23,108,0.4,4.0,1.565217391304348,0.5609361205939202,0.3194518435230711,0.7910830783289856,0.3928331740766297,0.9595718761412134,0.0,0.604775218532764,0.604775218532764
hrl,multi,1,weighted_cka,0,810,2.4123342189435775,300.0,0.6970571279525757,0.6724355816841125,0,0.0,0.48246684378871557,5,1,weighted_cka,30,138,0.39999999999999997,4.0,1.5333333333333334,0.42651366154561376,0.5279718711201565,0.5367453388946012,0.3717003358450019,0.5494030115382046,0.0,0.48246684378871557,0.48246684378871557
hrl,multi,1,weighted_cka,0,811,2.9894166487534517,254.0,0.704167902469635,0.7028801441192627,1,0.0,0.5978833297506905,5,1,weighted_cka,26,120,0.4,4.0,1.5384615384615385,0.8330880826321662,0.5821908683902582,0.699322682189755,0.34525871168251604,0.5295563038587568,0.0,0.5978833297506905,0.5978833297506905
hrl,multi,1,weighted_cka,0,812,2.863729094521985,285.0,0.7026365399360657,0.700432538986206,1,0.0,0.5727458189043972,5,1,weighted_cka,28,132,0.39999999999999997,4.0,1.5714285714285714,0.2830922356521477,0.47802307047604675,0.7904325623163021,0.3436212905715219,0.9685599355059674,0.0,0.5727458189043972,0.5727458189043972
hrl,multi,1,weighted_cka,0,813,3.0278293029039838,242.0,0.7018473148345947,0.7000575661659241,1,0.0,0.605565860580797,5,1,weighted_cka,24,108,0.4,4.0,1.5,0.547004444585007,0.38135461410766575,0.7827505195378325,0.3480960559137165,0.9686236687597628,0.0,0.605565860580797,0.605565860580797
hrl,multi,1,weighted_cka,0,814,2.845398687314386,291.0,0.7043055295944214,0.7028100490570068,1,0.0,0.5690797374628774,5,1,weighted_cka,30,138,0.39999999999999997,4.0,1.5333333333333334,0.27298675198937405,0.5687013146118259,0.6375491245957089,0.4001823238064534,0.9659791723110246,0.0,0.5690797374628774,0.5690797374628774
hrl,multi,1,weighted_cka,0,815,2.9963298096053173,251.0,0.7059462666511536,0.703644335269928,1,0.0,0.5992659619210635,5,1,weighted_cka,25,108,0.4,4.0,1.44,0.49013404982117914,0.3293843007159884,0.45258712260331946,0.7558533188320579,0.968371017632773,0.0,0.5992659619210635,0.5992659619210635
hrl,multi,1,weighted_cka,0,816,2.9342515588109004,265.0,0.7022061944007874,0.7010137438774109,1,0.0,0.5868503117621803,5,1,weighted_cka,26,120,0.4,4.0,1.5384615384615385,0.5310080292932687,0.2898198895274835,0.7909879719004965,0.3654590121486689,0.9569766559409835,0.0,0.5868503117621803,0.5868503117621803
hrl,multi,1,weighted_cka,0,817,3.0236772581083047,241.0,0.7030209302902222,0.7007056474685669,1,0.0,0.604735451621661,5,1,weighted_cka,24,108,0.38162768893588894,4.0,1.5,0.34040737054066805,0.5660883090795249,0.7701701265012179,0.3766716222749091,0.9703398297119855,0.0,0.604735451621661,0.604735451621661
hrl,multi,1,weighted_cka,0,818,2.936092151700052,259.0,0.7023025751113892,0.70171719789505,1,0.0,0.5872184303400105,5,1,weighted_cka,26,114,0.3782433158451316,4.0,1.4615384615384615,0.3081709451142231,0.5915504854246972,0.76181643268303,0.4140215809275395,0.8605327075505628,0.0,0.5872184303400105,0.5872184303400105
hrl,multi,1,weighted_cka,0,819,2.162739012290693,300.0,0.5965390205383301,0.16483758389949799,0,0.0,0.43254780245813873,5,1,weighted_cka,30,156,0.38410088465605763,4.0,1.7333333333333334,-0.08749256037012679,0.41814887537158196,0.5928197732566037,0.3892203007575589,0.8500426232750758,0.0,0.43254780245813873,0.43254780245813873
hrl,multi,1,weighted_cka,0,820,2.9865953192507573,254.0,0.7041212916374207,0.7023288011550903,1,0.0,0.5973190638501515,5,1,weighted_cka,25,108,0.38162768893588894,4.0,1.44,0.26041811844962637,0.5715476099384685,0.7772421855144201,0.3996134951712446,0.9777739101769983,0.0,0.5973190638501515,0.5973190638501515
hrl,multi,1,weighted_cka,0,821,3.0207408811606316,241.0,0.7033310532569885,0.7001555562019348,1,0.0,0.6041481762321264,5,1,weighted_cka,25,114,0.39129732633805264,4.0,1.52,0.5262196382562686,0.3827441019492725,0.8578637468086089,0.37263048875285304,0.8812829053936292,0.0,0.6041481762321264,0.6041481762321264
hrl,multi,1,weighted_cka,0,822,2.9548830279366216,257.0,0.7042030096054077,0.7012676000595093,1,0.0,0.5909766055873245,5,1,weighted_cka,25,114,0.4,4.0,1.52,0.5026104083191602,0.39162244591448675,0.8485361326234414,0.37708910598023787,0.8350249350992961,0.0,0.5909766055873245,0.5909766055873245
hrl,multi,1,weighted_cka,0,823,2.9805003963459735,256.0,0.7038092613220215,0.7012676000595093,1,0.0,0.5961000792691948,5,1,weighted_cka,27,126,0.39999999999999997,4.0,1.5555555555555556,0.3529473475716076,0.5871281860442831,0.7419785533878019,0.3271440339963882,0.9713022753458934,0.0,0.5961000792691948,0.5961000792691948
hrl,multi,1,weighted_cka,0,824,2.8832126415252555,281.0,0.7017580270767212,0.7000137567520142,1,0.0,0.5766425283050511,5,1,weighted_cka,28,132,0.39999999999999997,4.0,1.5714285714285714,0.3288554582651704,0.45204545658931583,0.6834750204278387,0.4129163524105969,1.0059203538323342,0.0,0.5766425283050511,0.5766425283050511
hrl,multi,1,weighted_cka,0,825,2.95574518659646,262.0,0.7053416967391968,0.7039012312889099,1,0.0,0.591149037319292,5,1,weighted_cka,25,120,0.4,4.0,1.6,0.484360180666379,0.3960676607821295,0.8512215401558204,0.3627930961460805,0.8613027088460511,0.0,0.591149037319292,0.591149037319292
hrl,multi,1,weighted_cka,0,826,2.9226994958188866,270.0,0.703705370426178,0.7017014622688293,1,0.0,0.5845398991637774,5,1,weighted_cka,28,108,0.4,4.0,1.2857142857142858,0.34669173223376837,0.4645091466789598,0.6918989624646491,0.3829607965312897,1.0366388579102201,0.0,0.5845398991637774,0.5845398991637774
hrl,multi,1,weighted_cka,0,827,3.048797791578311,239.0,0.7047714591026306,0.7012636065483093,1,0.0,0.6097595583156623,5,1,weighted_cka,24,114,0.4,4.0,1.5833333333333333,0.526005080413306,0.5778349621392552,0.6137343246620147,0.3778079880597069,0.9534154363040287,0.0,0.6097595583156623,0.6097595583156623
hrl,multi,1,weighted_cka,0,828,2.9950608582884293,251.0,0.7031029462814331,0.7009657025337219,1,0.0,0.5990121716576859,5,1,weighted_cka,24,108,0.4,4.0,1.5,0.30036253970861426,0.5305514420766265,0.7640728174718096,0.43627809719694766,0.963795961834432,0.0,0.5990121716576859,0.5990121716576859
hrl,multi,1,weighted_cka,0,829,2.980581454611884,257.0,0.7038180828094482,0.7004970908164978,1,0.0,0.596116290922377,5,1,weighted_cka,26,120,0.4,4.0,1.5384615384615385,0.32576588918915506,0.5210903479186816,0.753539057411719,0.39105225916102054,0.9891339009313086,0.0,0.596116290922377,0.596116290922377
hrl,multi,1,weighted_cka,0,830,2.9598815887682126,262.0,0.7030510306358337,0.7005008459091187,1,0.0,0.5919763177536427,5,1,weighted_cka,26,120,0.4,4.0,1.5384615384615385,0.5879572860088663,0.3030215607325079,0.7194363463418557,0.38152576725534154,0.9679406284296418,0.0,0.5919763177536427,0.5919763177536427
hrl,multi,1,weighted_cka,0,831,2.95947553302608,262.0,0.701531708240509,0.7001407146453857,1,0.0,0.5918951066052162,5,1,weighted_cka,27,120,0.4,4.0,1.4814814814814814,0.4344435060320536,0.37648972436880274,0.7794828549623488,0.38539029012754317,0.9836691575353324,0.0,0.5918951066052162,0.5918951066052162
hrl,multi,1,weighted_cka,0,832,2.9065639992614583,278.0,0.7035815119743347,0.7008966207504272,1,0.0,0.5813127998522918,5,1,weighted_cka,26,120,0.4,4.0,1.5384615384615385,0.3695680489985242,0.49006420780782334,0.712910186478868,0.3661341316939796,0.9678874242822638,0.0,0.5813127998522918,0.5813127998522918
hrl,multi,1,weighted_cka,0,833,2.9931258486799184,255.0,0.7042343020439148,0.7000083327293396,1,0.0,0.5986251697359838,5,1,weighted_cka,26,120,0.4,4.0,1.5384615384615385,0.5656070144441908,0.33401210789824826,0.6558843153879278,0.4693105302751063,0.9683118806744458,0.0,0.5986251697359838,0.5986251697359838
hrl,multi,1,weighted_cka,0,834,2.986143191606591,254.0,0.7053707838058472,0.7039624452590942,1,0.0,0.5972286383213182,5,1,weighted_cka,26,120,0.4,4.0,1.5384615384615385,0.5329553423024188,0.3770633382224477,0.7269693104168399,0.36963630586862556,0.9795188947962595,0.0,0.5972286383213182,0.5972286383213182
hrl,multi,1,weighted_cka,0,835,3.0513671371594233,237.0,0.7037923336029053,0.7013326287269592,1,0.0,0.6102734274318847,5,1,weighted_cka,23,96,0.4000000000000001,4.0,1.391304347826087,0.33705103570595374,0.5310964298676698,0.7860518020974704,0.42457426427793676,0.9725936052103933,0.0,0.6102734274318847,0.6102734274318847
hrl,multi,1,weighted_cka,0,836,3.005644901974751,251.0,0.7039668560028076,0.700207531452179,1,0.0,0.6011289803949503,5,1,weighted_cka,25,114,0.4,4.0,1.52,0.31079979018364967,0.5382774187877365,0.7769993673246353,0.40716590675667963,0.9724024189220507,0.0,0.6011289803949503,0.6011289803949503
hrl,multi,1,weighted_cka,0,837,3.019527798043155,247.0,0.7026541829109192,0.7003726363182068,1,0.0,0.6039055596086311,5,1,weighted_cka,26,120,0.4,4.0,1.5384615384615385,0.5232069286128971,0.37302820496354244,0.7357889561718328,0.42266581434162787,0.9648378939532557,0.0,0.6039055596086311,0.6039055596086311
hrl,multi,1,weighted_cka,0,838,3.0542757926281907,236.0,0.7017921805381775,0.7003956437110901,1,0.0,0.6108551585256382,5,1,weighted_cka,23,108,0.4,4.0,1.565217391304348,0.5541761726988478,0.37737118655306395,0.76255016536545,0.3872292277645319,0.9729490402462978,0.0,0.6108551585256382,0.6108551585256382
hrl,multi,1,weighted_cka,0,839,2.981744594960938,252.0,0.704200804233551,0.7014684677124023,1,0.0,0.5963489189921877,5,1,weighted_cka,26,120,0.4,4.0,1.5384615384615385,0.26388668040750773,0.5782752203745766,0.7795071774320094,0.4108067404753527,0.9492687762714921,0.0,0.5963489189921877,0.5963489189921877
hrl,multi,1,weighted_cka,0,840,2.9272655126047598,273.0,0.7034581899642944,0.7012249827384949,1,0.0,0.5854531025209521,5,1,weighted_cka,27,126,0.39999999999999997,4.0,1.5555555555555556,0.28705782809318037,0.5400125857083765,0.6423065052074378,0.48837848903634573,0.96951010455942,0.0,0.5854531025209521,0.5854531025209521
hrl,multi,1,weighted_cka,0,841,2.8541084497411706,287.0,0.704663872718811,0.7010601758956909,1,0.0,0.5708216899482343,5,1,weighted_cka,29,138,0.39999999999999997,4.0,1.5862068965517242,0.367034469320737,0.4256598070278558,0.7889347730302251,0.30300797853991374,0.9694714218224397,0.0,0.5708216899482343,0.5708216899482343
hrl,multi,1,weighted_cka,0,842,3.0806823523452027,232.0,0.7025943994522095,0.7005300521850586,1,0.0,0.6161364704690406,5,1,weighted_cka,23,102,0.4,4.0,1.4782608695652173,0.3660377036961726,0.5879384171118726,0.7880583559377118,0.3668702480196952,0.9717776275797513,0.0,0.6161364704690406,0.6161364704690406
hrl,multi,1,weighted_cka,0,843,2.8893917789975516,277.0,0.7028652429580688,0.7005304098129272,1,0.0,0.5778783557995104,5,1,weighted_cka,27,126,0.3992210412447951,4.0,1.5555555555555556,0.35643319450551636,0.5321508688810571,0.7227543195700271,0.3990749327200464,0.8789784633209053,0.0,0.5778783557995104,0.5778783557995104
hrl,multi,1,weighted_cka,0,844,2.99557083999834,251.0,0.7039769291877747,0.7017796039581299,1,0.0,0.5991141679996682,5,1,weighted_cka,26,126,0.3984420824895901,4.0,1.6153846153846154,0.4304038548779207,0.336539079294438,0.7833055271124466,0.3660896275853737,1.0792327511281616,0.0,0.5991141679996682,0.5991141679996682
hrl,multi,1,weighted_cka,0,845,2.9571779766478508,258.0,0.7033003568649292,0.7015938758850098,1,0.0,0.5914355953295702,5,1,weighted_cka,26,120,0.398909457742713,4.0,1.5384615384615385,0.5077005434655583,0.2915020384341422,0.8583755481736733,0.406093253111001,0.8935065934634766,0.0,0.5914355953295702,0.5914355953295702
hrl,multi,1,weighted_cka,0,846,2.3839580419178716,300.0,0.6880679130554199,0.6250575184822083,0,0.0,0.4767916083835745,5,1,weighted_cka,30,126,0.3984420824895901,4.0,1.4,0.0037569988714986763,0.30772038606304325,0.7590711380597203,0.37962831727182483,0.9337812016517854,0.0,0.4767916083835745,0.4767916083835745
hrl,multi,1,weighted_cka,0,847,2.98504425771415,253.0,0.7043084502220154,0.7007349729537964,1,0.0,0.5970088515428301,5,1,weighted_cka,24,108,0.3996970715951981,4.0,1.5,0.29110093107997076,0.6066833620276301,0.7736473410716279,0.3502958919340744,0.9633167316008474,0.0,0.5970088515428301,0.5970088515428301
hrl,multi,1,weighted_cka,0,848,2.9821881603337665,251.0,0.7035067081451416,0.7004915475845337,1,0.0,0.5964376320667534,5,1,weighted_cka,27,126,0.39999999999999997,4.0,1.5555555555555556,0.40588523724579123,0.5188773345556982,0.7870902907084673,0.3403939803826505,0.92994131744116,0.0,0.5964376320667534,0.5964376320667534
hrl,multi,1,weighted_cka,0,849,2.8937881778837995,278.0,0.7039753198623657,0.7021117210388184,1,0.0,0.5787576355767601,5,1,weighted_cka,26,120,0.4,4.0,1.5384615384615385,0.40849133410216004,0.33187492589437423,0.7908647037761983,0.38291998430993396,0.9796372298011337,0.0,0.5787576355767601,0.5787576355767601
hrl,multi,1,weighted_cka,0,850,3.0271183350211928,243.0,0.7047834992408752,0.7028648257255554,1,0.0,0.6054236670042387,5,1,weighted_cka,24,108,0.4,4.0,1.5,0.5570774245648643,0.4007753330762497,0.7888322948925196,0.32290854602912433,0.9575247364584355,0.0,0.6054236670042387,0.6054236670042387
hrl,multi,1,weighted_cka,0,851,3.034716144686079,240.0,0.7030653953552246,0.7012147307395935,1,0.0,0.6069432289372159,5,1,weighted_cka,25,120,0.4,4.0,1.6,0.3601658747644978,0.3407083904309547,0.786609495429322,0.41300147077287985,1.1342309132884254,0.0,0.6069432289372159,0.6069432289372159
hrl,multi,1,weighted_cka,0,852,2.8054364665748857,299.0,0.7046234607696533,0.7000710964202881,1,0.0,0.5610872933149773,5,1,weighted_cka,29,114,0.4,4.0,1.3103448275862069,0.18454450993239857,0.5445540692191569,0.7629219224871339,0.3742716194356907,0.9391443455005063,0.0,0.5610872933149773,0.5610872933149773
hrl,multi,1,weighted_cka,0,853,3.0423909768709114,237.0,0.7029557228088379,0.7012676000595093,1,0.0,0.6084781953741824,5,1,weighted_cka,25,114,0.4,4.0,1.52,0.3282275922163389,0.5778999997361242,0.7507777083107793,0.4027621983522548,0.982723478255415,0.0,0.6084781953741824,0.6084781953741824
hrl,multi,1,weighted_cka,0,854,2.91548089384668,277.0,0.7043294906616211,0.7024381160736084,1,0.0,0.5830961787693362,5,1,weighted_cka,27,114,0.4,4.0,1.4074074074074074,0.28822626943688356,0.5400012484569668,0.7502853001356123,0.36741175320278846,0.9695563226144294,0.0,0.5830961787693362,0.5830961787693362
hrl,multi,1,weighted_cka,0,855,3.0536991541690064,235.0,0.7049875259399414,0.7011648416519165,1,0.0,0.6107398308338013,5,1,weighted_cka,24,108,0.39688749361260595,4.0,1.5,0.44934157656633744,0.417757730467856,0.7598646252999314,0.3812581085525452,1.0454771132823368,0.0,0.6107398308338013,0.6107398308338013
hrl,multi,1,weighted_cka,0,856,2.949162638551154,264.0,0.7029749155044556,0.7000232338905334,1,0.0,0.589832527710231,5,1,weighted_cka,26,126,0.3964428498429781,4.0,1.6153846153846154,0.42708173005882405,0.4439103063336295,0.7536150846527888,0.3320198856871574,0.9925356318187549,0.0,0.589832527710231,0.589832527710231
hrl,multi,1,weighted_cka,0,857,3.022236668332897,245.0,0.7022331357002258,0.7003886699676514,1,0.0,0.6044473336665794,5,1,weighted_cka,25,108,0.39481248935434315,4.0,1.44,0.5568946504634803,0.37192844254662843,0.754754121866077,0.3757419203244498,0.962917533132262,0.0,0.6044473336665794,0.6044473336665794
hrl,multi,1,weighted_cka,0,858,2.8534869439798025,288.0,0.7030300498008728,0.700585126876831,1,0.0,0.5706973887959607,5,1,weighted_cka,28,132,0.38279553357482293,4.0,1.5714285714285714,0.46726782757928575,0.28255550931517587,0.7544878576151094,0.37857080760198,0.9706049418682522,0.0,0.5706973887959607,0.5706973887959607
hrl,multi,1,weighted_cka,0,859,3.0328014602345634,241.0,0.704218864440918,0.700110912322998,1,0.0,0.6065602920469128,5,1,weighted_cka,25,114,0.38954807106109846,4.0,1.52,0.3450022509590489,0.5424252277060294,0.7814670507153495,0.3509238627493613,1.012983068104775,0.0,0.6065602920469128,0.6065602920469128
hrl,multi,1,weighted_cka,0,860,2.9763707105964454,254.0,0.7042120695114136,0.7013617753982544,1,0.0,0.5952741421192892,5,1,weighted_cka,23,102,0.3916140273608214,4.0,1.4782608695652173,0.2333741954866608,0.6119570072749628,0.7307507149926386,0.4519103595744235,0.9483784332677604,0.0,0.5952741421192892,0.5952741421192892
hrl,multi,1,weighted_cka,0,861,2.9893935188346354,251.0,0.7043812870979309,0.702308714389801,1,0.0,0.5978787037669272,5,1,weighted_cka,27,120,0.39287192325669823,4.0,1.4814814814814814,0.5104524704508947,0.4459008962711085,0.738160845526494,0.34733703322743525,0.9475422733587037,0.0,0.5978787037669272,0.5978787037669272
hrl,multi,1,weighted_cka,0,862,2.917353227744496,270.0,0.7036663293838501,0.7012435793876648,1,0.0,0.5834706455488994,5,1,weighted_cka,27,108,0.4,4.0,1.3333333333333333,0.4143333740731976,0.521799192466642,0.615529263896169,0.38425864054809783,0.9814327567603903,0.0,0.5834706455488994,0.5834706455488994
hrl,multi,1,weighted_cka,0,863,2.9359954614002404,268.0,0.7043384313583374,0.7008121609687805,1,0.0,0.5871990922800482,5,1,weighted_cka,27,126,0.3979462541117465,4.0,1.5555555555555556,0.42027550471108394,0.5207139386422931,0.6168093708530066,0.37294576885690905,1.0052508783369483,0.0,0.5871990922800482,0.5871990922800482
hrl,multi,1,weighted_cka,0,864,3.0736818456882853,233.0,0.7039377689361572,0.7022087574005127,1,0.0,0.6147363691376572,5,1,weighted_cka,23,108,0.3940099078259273,4.0,1.565217391304348,0.31381405257759604,0.6046329309009014,0.5595758911501615,0.5644120996089731,1.0312468714506537,0.0,0.6147363691376572,0.6147363691376572
hrl,multi,1,weighted_cka,0,865,2.9889977728584913,255.0,0.7052055597305298,0.7019907832145691,1,0.0,0.5977995545716983,5,1,weighted_cka,25,114,0.394325175835089,4.0,1.52,0.5489887686972504,0.4007191776527469,0.7157048194410743,0.3747234024902572,0.9488616045771631,0.0,0.5977995545716983,0.5977995545716983
hrl,multi,1,weighted_cka,0,866,3.021197050630441,243.0,0.7041208744049072,0.7023488879203796,1,0.0,0.6042394101260883,5,1,weighted_cka,25,114,0.394325175835089,4.0,1.52,0.5505782047505489,0.3954849831289102,0.8253334419727324,0.36794828917528494,0.8818521316029654,0.0,0.6042394101260883,0.6042394101260883
hrl,multi,1,weighted_cka,0,867,2.954353244885568,265.0,0.705004096031189,0.7019304633140564,1,0.0,0.5908706489771138,5,1,weighted_cka,25,114,0.39659510550105337,4.0,1.52,0.3026858950443565,0.5931410310582722,0.7215155786015092,0.37183653690153723,0.9651742032798937,0.0,0.5908706489771138,0.5908706489771138
hrl,multi,1,weighted_cka,0,868,3.0940792589882027,230.0,0.7034984827041626,0.7012636065483093,1,0.0,0.6188158517976406,5,1,weighted_cka,25,114,0.4,4.0,1.52,0.5590692489346837,0.3693658300047972,0.6092969246888532,1.015560360447969,0.5407868949119,0.0,0.6188158517976406,0.6188158517976406
hrl,multi,1,weighted_cka,0,869,3.0472423564120623,237.0,0.7037151455879211,0.7023869156837463,1,0.0,0.6094484712824125,5,1,weighted_cka,23,102,0.4,4.0,1.4782608695652173,0.27358936099713893,0.6203456894545815,1.2709989643897859,0.4472544397257733,0.4350539018447833,0.0,0.6094484712824125,0.6094484712824125
hrl,multi,1,weighted_cka,0,870,2.9914214526199308,253.0,0.7028670907020569,0.7008544206619263,1,0.0,0.5982842905239862,5,1,weighted_cka,26,120,0.4,4.0,1.5384615384615385,0.36877226990624323,0.6331150625827721,0.7366434209928264,0.389291496905771,0.8635992022323188,0.0,0.5982842905239862,0.5982842905239862
hrl,multi,1,weighted_cka,0,871,2.398725883664973,300.0,0.6967498064041138,0.6694532632827759,0,0.0,0.47974517673299477,5,1,weighted_cka,30,144,0.39999999999999997,4.0,1.6,0.12024757833083258,0.32016806214969246,0.746098085320409,0.27000918499930754,0.942202972864732,0.0,0.47974517673299477,0.47974517673299477
hrl,multi,1,weighted_cka,0,872,2.940312360380309,263.0,0.7039967775344849,0.7002711296081543,1,0.0,0.588062472076062,5,1,weighted_cka,25,114,0.4,4.0,1.52,0.46309321043267826,0.43076361612603054,0.7875168384849093,0.2827295254438648,0.9762091698928269,0.0,0.588062472076062,0.588062472076062
hrl,multi,1,weighted_cka,0,873,3.0067994838787113,245.0,0.7047194838523865,0.702988862991333,1,0.0,0.6013598967757423,5,1,weighted_cka,26,120,0.4,4.0,1.5384615384615385,0.406662478974409,0.5168328771837986,0.7880363536747171,0.3356863364255986,0.9595814376201887,0.0,0.6013598967757423,0.6013598967757423
hrl,multi,1,weighted_cka,0,874,2.995384273089711,250.0,0.7037027478218079,0.7001531720161438,1,0.0,0.5990768546179422,5,1,weighted_cka,23,108,0.4,4.0,1.565217391304348,0.5391221902049145,0.40098873285708747,0.7598608285896479,0.3395695874574593,0.9558429339806024,0.0,0.5990768546179422,0.5990768546179422
hrl,multi,1,weighted_cka,0,875,2.885417663969371,278.0,0.7037509679794312,0.7005051970481873,1,0.0,0.5770835327938743,5,1,weighted_cka,30,138,0.39999999999999997,4.0,1.5333333333333334,0.7908132498145567,0.49799209653047705,0.722670671916101,0.3435183161459389,0.5304233295622979,0.0,0.5770835327938743,0.5770835327938743
hrl,multi,1,weighted_cka,0,876,2.9584563216704396,259.0,0.704304575920105,0.701353132724762,1,0.0,0.5916912643340881,5,1,weighted_cka,24,108,0.4,4.0,1.5,0.5713888750572221,0.28659903504874085,0.745524285419844,0.3939945846517802,0.9609495414928532,0.0,0.5916912643340881,0.5916912643340881
hrl,multi,1,weighted_cka,0,877,1.9706216095002547,300.0,0.6732919812202454,0.5536672472953796,0,0.0,0.39412432190005103,5,1,weighted_cka,31,114,0.4,4.0,1.2258064516129032,-0.29427207734551203,0.07595725974405632,0.7933337661884724,0.4155823145197354,0.980020346393503,0.0,0.39412432190005103,0.39412432190005103
hrl,multi,1,weighted_cka,0,878,3.0237162405607947,243.0,0.7019670605659485,0.7001094222068787,1,0.0,0.6047432481121591,5,1,weighted_cka,24,108,0.4,4.0,1.5,0.3169146184338023,0.6114050541780888,0.8357847241265698,0.4216293850004439,0.8379824588218906,0.0,0.6047432481121591,0.6047432481121591
hrl,multi,1,weighted_cka,0,879,3.009274902763819,247.0,0.7026901245117188,0.7009285688400269,1,0.0,0.6018549805527639,5,1,weighted_cka,25,114,0.4,4.0,1.52,0.36353692053566916,0.44707781997983675,0.7807225947419646,0.4287413228121585,0.9891962446941905,0.0,0.6018549805527639,0.6018549805527639
hrl,multi,1,weighted_cka,0,880,3.0263287655997506,246.0,0.7025622129440308,0.7010618448257446,1,0.0,0.6052657531199502,5,1,weighted_cka,24,102,0.4,4.0,1.4166666666666667,0.4912657551293812,0.35374471809675007,0.7580973695549181,0.43768904408219156,0.9855318787365103,0.0,0.6052657531199502,0.6052657531199502
hrl,multi,1,weighted_cka,0,881,3.0187562748590038,245.0,0.7030986547470093,0.7013581395149231,1,0.0,0.6037512549718008,5,1,weighted_cka,24,108,0.4,4.0,1.5,0.5265371220397063,0.3415723030376247,0.7584167937291785,0.4235878086769952,0.9686422473754998,0.0,0.6037512549718008,0.6037512549718008
hrl,multi,1,weighted_cka,0,882,2.974256500684324,257.0,0.7032429575920105,0.7007523775100708,1,0.0,0.5948513001368648,5,1,weighted_cka,27,126,0.39999999999999997,4.0,1.5555555555555556,0.5517799096565575,0.4009603652937802,0.6949037983024607,0.3585762394089251,0.9680361880226008,0.0,0.5948513001368648,0.5948513001368648
hrl,multi,1,weighted_cka,0,883,2.9646275985182715,255.0,0.7044752836227417,0.7022462487220764,1,0.0,0.5929255197036544,5,1,weighted_cka,26,120,0.4,4.0,1.5384615384615385,0.37312403440242625,0.5139644412528722,0.84158100282168,0.3817008004938251,0.8542573195474686,0.0,0.5929255197036544,0.5929255197036544
hrl,multi,1,weighted_cka,0,884,2.986076362677048,255.0,0.7032731771469116,0.7004315257072449,1,0.0,0.5972152725354097,5,1,weighted_cka,25,108,0.4,4.0,1.44,0.5011251188865861,0.36527168750144473,0.775346987789031,0.3644012650665826,0.9799313034334044,0.0,0.5972152725354097,0.5972152725354097
hrl,multi,1,weighted_cka,0,885,2.985046142647168,254.0,0.7046272158622742,0.7032471299171448,1,0.0,0.5970092285294337,5,1,weighted_cka,24,102,0.4,4.0,1.4166666666666667,0.34514233632461033,0.4849117211733672,0.7825300561594776,0.3885653719424444,0.9838966570472693,0.0,0.5970092285294337,0.5970092285294337
hrl,multi,1,weighted_cka,0,886,3.053283141662951,237.0,0.7038298845291138,0.7022391557693481,1,0.0,0.6106566283325903,5,1,weighted_cka,25,114,0.4,4.0,1.52,0.5513078619200967,0.3524316029624314,0.7623783785161794,0.36724933733938075,1.0199159609248634,0.0,0.6106566283325903,0.6106566283325903
hrl,multi,1,weighted_cka,0,887,2.379841946196642,300.0,0.676289975643158,0.5705341696739197,0,0.0,0.47596838923932855,5,1,weighted_cka,29,126,0.39999999999999997,4.0,1.4482758620689655,-0.17176859139837342,0.4978760665768084,0.7121659393836742,0.3645762312925653,0.9769923003419679,0.0,0.47596838923932855,0.47596838923932855
hrl,multi,1,weighted_cka,0,888,2.927484213244045,274.0,0.7039206624031067,0.7012481689453125,1,0.0,0.5854968426488091,5,1,weighted_cka,28,132,0.39999999999999997,4.0,1.5714285714285714,0.36175561020569874,0.4422405461298765,0.743697548306547,0.43008356823027116,0.9497069403716522,0.0,0.5854968426488091,0.5854968426488091
hrl,multi,1,weighted_cka,0,889,3.015267310870359,242.0,0.70372474193573,0.7005995512008667,1,0.0,0.6030534621740719,5,1,weighted_cka,23,102,0.4,4.0,1.4782608695652173,0.3199012525742872,0.5364072937094605,0.824994255053345,0.3948170890744513,0.9391474204588156,0.0,0.6030534621740719,0.6030534621740719
hrl,multi,1,weighted_cka,0,890,3.004402015575672,249.0,0.7035545110702515,0.7001477479934692,1,0.0,0.6008804031151345,5,1,weighted_cka,27,120,0.4,4.0,1.4814814814814814,0.8816127154832937,0.3965568954991176,0.697440399261657,0.35385269311489526,0.6749393122167092,0.0,0.6008804031151345,0.6008804031151345
hrl,multi,1,weighted_cka,0,891,3.07041522138295,231.0,0.7037259936332703,0.7012676000595093,1,0.0,0.6140830442765901,5,1,weighted_cka,22,102,0.4,4.0,1.5454545454545454,0.5185077116545288,0.3607832173896021,0.7906917137948329,0.43375739750347553,0.9666751810405111,0.0,0.6140830442765901,0.6140830442765901
hrl,multi,1,weighted_cka,0,892,3.012851033457175,249.0,0.7048994302749634,0.7002142071723938,1,0.0,0.6025702066914351,5,1,weighted_cka,26,120,0.4,4.0,1.5384615384615385,0.4125838685982452,0.5179944475300725,0.7252178899132412,0.39236150694871313,0.9646933204669038,0.0,0.6025702066914351,0.6025702066914351
hrl,multi,1,weighted_cka,0,893,2.935623002639621,260.0,0.7020179033279419,0.7004857063293457,1,0.0,0.5871246005279243,5,1,weighted_cka,25,120,0.4,4.0,1.6,0.5317339891865848,0.3186679676801722,0.7194359766942214,0.42164246618514867,0.9441426028934946,0.0,0.5871246005279243,0.5871246005279243
hrl,multi,1,weighted_cka,0,894,2.9688816101916586,259.0,0.7057455778121948,0.7040888071060181,1,0.0,0.5937763220383319,5,1,weighted_cka,26,108,0.4,4.0,1.3846153846153846,0.47635516442242054,0.421506245021941,0.7323731999346054,0.3854169881779234,0.9532300126347689,0.0,0.5937763220383319,0.5937763220383319
hrl,multi,1,weighted_cka,0,895,2.923790406665756,270.0,0.7050370573997498,0.7002050280570984,1,0.0,0.5847580813331514,5,1,weighted_cka,28,132,0.39999999999999997,4.0,1.5714285714285714,0.5112279569557866,0.3292262127941356,0.7560414266129954,0.36949772277195,0.9577970875308891,0.0,0.5847580813331514,0.5847580813331514
hrl,multi,1,weighted_cka,0,896,2.8839531618604073,280.0,0.7047929167747498,0.7029680013656616,1,0.0,0.5767906323720816,5,1,weighted_cka,26,102,0.3997871834258433,4.0,1.3076923076923077,0.19718506731335927,0.556458685245001,0.760939877158962,0.393647708789911,0.9757218233531747,0.0,0.5767906323720816,0.5767906323720816
hrl,multi,1,weighted_cka,0,897,2.932272679534948,268.0,0.704379677772522,0.7012676000595093,1,0.0,0.5864545359069897,5,1,weighted_cka,28,132,0.39917775414530354,4.0,1.5714285714285714,0.48931432510341966,0.2709076419827518,0.7866943668127059,0.4147819031346588,0.9705744425014126,0.0,0.5864545359069897,0.5864545359069897
hrl,multi,1,weighted_cka,0,898,3.0446723973528993,239.0,0.7049074172973633,0.7040882110595703,1,0.0,0.60893447947058,5,1,weighted_cka,24,114,0.3990479258524568,4.0,1.5833333333333333,0.5610806312693747,0.2776968290758958,0.7910685782767831,0.43801800840813654,0.9768083503227097,0.0,0.60893447947058,0.60893447947058
hrl,multi,1,weighted_cka,0,899,2.954290620612445,260.0,0.7043226361274719,0.7022204995155334,1,0.0,0.5908581241224891,5,1,weighted_cka,25,114,0.3990479258524568,4.0,1.52,0.543425113874371,0.2650385017665393,0.8727031286321579,0.4175942342882043,0.855529642051173,0.0,0.5908581241224891,0.5908581241224891
hrl,multi,1,weighted_cka,0,900,3.0733039088166794,232.0,0.7039808034896851,0.7003161907196045,1,0.0,0.6146607817633359,5,1,weighted_cka,25,114,0.3992383406819654,4.0,1.52,0.29513395623313765,0.6357233257703482,0.7842005821508354,0.38578623491013414,0.9724598097522247,0.0,0.6146607817633359,0.6146607817633359
hrl,multi,1,weighted_cka,0,901,2.8722418046442457,282.0,0.7036705017089844,0.7016903162002563,1,0.0,0.5744483609288492,5,1,weighted_cka,27,126,0.39999999999999997,4.0,1.5555555555555556,0.5400927302646449,0.20269319141849682,0.7363914143647997,0.42041830840799943,0.9726461601883055,0.0,0.5744483609288492,0.5744483609288492
hrl,multi,1,weighted_cka,0,902,2.866509591626315,283.0,0.7039910554885864,0.70079505443573,1,0.0,0.573301918325263,5,1,weighted_cka,29,132,0.39999999999999997,4.0,1.5172413793103448,0.3067088325529183,0.46903212135103944,0.7373447046577929,0.39142182997241604,0.9620021030921487,0.0,0.573301918325263,0.573301918325263
hrl,multi,1,weighted_cka,0,903,3.070199283026034,234.0,0.7049499154090881,0.702068030834198,1,0.0,0.6140398566052069,5,1,weighted_cka,23,102,0.4,4.0,1.4782608695652173,0.4544946266898112,0.5084905809506598,0.7486517819557338,0.3916268042372539,0.9669354891925758,0.0,0.6140398566052069,0.6140398566052069
hrl,multi,1,weighted_cka,0,904,3.0437640257872323,237.0,0.7045088410377502,0.7028648257255554,1,0.0,0.6087528051574466,5,1,weighted_cka,24,108,0.4,4.0,1.5,0.3776980003055941,0.4685212816512211,0.7893146021156571,0.3978762267987112,1.0103539149160494,0.0,0.6087528051574466,0.6087528051574466
hrl,multi,1,weighted_cka,0,905,2.997295275759009,249.0,0.702415943145752,0.7009884119033813,1,0.0,0.5994590551518019,5,1,weighted_cka,24,102,0.4,4.0,1.4166666666666667,0.4634664510568835,0.3764654721142724,0.7723523276480845,0.41136114390939466,0.9736498810303745,0.0,0.5994590551518019,0.5994590551518019
hrl,multi,1,weighted_cka,0,906,3.0286762539988654,247.0,0.704535186290741,0.7006912231445312,1,0.0,0.6057352507997732,5,1,weighted_cka,26,120,0.4,4.0,1.5384615384615385,0.37745062109321587,0.592023916167829,0.6994545030971057,0.3530371650927699,1.0067100485479457,0.0,0.6057352507997732,0.6057352507997732
hrl,multi,1,weighted_cka,0,907,2.9529319573588477,263.0,0.7044621706008911,0.7015276551246643,1,0.0,0.5905863914717696,5,1,weighted_cka,25,108,0.4,4.0,1.44,0.3013843846488797,0.4893464202797039,0.743999386442825,0.4354364447180413,0.9827653212693984,0.0,0.5905863914717696,0.5905863914717696
hrl,multi,1,weighted_cka,0,908,2.9976363169923266,253.0,0.7016521096229553,0.7000626921653748,1,0.0,0.5995272633984654,5,1,weighted_cka,27,126,0.39999999999999997,4.0,1.5555555555555556,0.5528983490744138,0.3707420972128747,0.7682262392761184,0.371503104021307,0.9342665274076133,0.0,0.5995272633984654,0.5995272633984654
hrl,multi,1,weighted_cka,0,909,2.931275838293574,268.0,0.7036016583442688,0.702296793460846,1,0.0,0.5862551676587149,5,1,weighted_cka,26,108,0.4,4.0,1.3846153846153846,0.4703876824899341,0.3652477620805438,0.7450034804525784,0.4034021443210075,0.9472347689495108,0.0,0.5862551676587149,0.5862551676587149
hrl,multi,1,weighted_cka,0,910,2.4032217117270847,300.0,0.6829351186752319,0.5989567637443542,0,0.0,0.48064434234541703,5,1,weighted_cka,28,120,0.4,4.0,1.4285714285714286,0.04798524784215233,0.40392196146526216,0.6118490665899589,0.38283564181020474,0.9566297940195071,0.0,0.48064434234541703,0.48064434234541703
hrl,multi,1,weighted_cka,0,911,2.9570273288977473,261.0,0.7024237513542175,0.7006433010101318,1,0.0,0.5914054657795497,5,1,weighted_cka,27,132,0.3969935721886048,4.0,1.6296296296296295,0.3706695020281477,0.4655202572327105,0.7745278416797517,0.35516414793662254,0.9911455800205157,0.0,0.5914054657795497,0.5914054657795497
hrl,multi,1,weighted_cka,0,912,2.9425021798795883,266.0,0.7043974995613098,0.7006950974464417,1,0.0,0.5885004359759178,5,1,weighted_cka,27,126,0.3905512268784723,4.0,1.5555555555555556,0.533621974097943,0.2977580293329482,0.7735081554092466,0.3692856775051913,0.9683283435342599,0.0,0.5885004359759178,0.5885004359759178
hrl,multi,1,weighted_cka,0,913,3.0302859549353585,243.0,0.7041385173797607,0.701762318611145,1,0.0,0.6060571909870718,5,1,weighted_cka,25,108,0.39081369279851474,4.0,1.44,0.3391055696133989,0.5352891617638523,0.8776384320440701,0.42426307646266637,0.8539897150513714,0.0,0.6060571909870718,0.6060571909870718
hrl,multi,1,weighted_cka,0,914,3.0578369096803386,234.0,0.7029755711555481,0.7012676000595093,1,0.0,0.6115673819360679,5,1,weighted_cka,22,102,0.39221865742933015,4.0,1.5454545454545454,0.31639039166609284,0.5322863723779118,0.659187312911068,0.5372819004677002,1.0126909322575663,0.0,0.6115673819360679,0.6115673819360679
hrl,multi,1,weighted_cka,0,915,2.9608395557248937,263.0,0.7042632102966309,0.7006657123565674,1,0.0,0.5921679111449788,5,1,weighted_cka,28,126,0.3952756134392361,4.0,1.5,0.35210340768122106,0.49570787065070887,0.7658511077295987,0.3915172254019416,0.9556599442614241,0.0,0.5921679111449788,0.5921679111449788
hrl,multi,1,weighted_cka,0,916,3.0812228029154345,230.0,0.7054106593132019,0.7033821940422058,1,0.0,0.616244560583087,5,1,weighted_cka,23,108,0.4,4.0,1.565217391304348,0.4381664951576384,0.5000086505877551,0.7829157930896616,0.3869728925416129,0.9731589715387671,0.0,0.616244560583087,0.616244560583087
hrl,multi,1,weighted_cka,0,917,3.0493209569155284,234.0,0.7031257748603821,0.701860785484314,1,0.0,0.6098641913831058,5,1,weighted_cka,23,102,0.4,4.0,1.4782608695652173,0.3915442600495879,0.5001546264106872,0.7667271633800118,0.4147429500853176,0.9761519569899245,0.0,0.6098641913831058,0.6098641913831058
hrl,multi,1,weighted_cka,0,918,3.0504847468087597,235.0,0.704686164855957,0.7023488879203796,1,0.0,0.6100969493617521,5,1,weighted_cka,24,114,0.4,4.0,1.5833333333333333,0.40513139666180353,0.47605053463531644,0.7623820842802523,0.41986025655362014,0.9870604746777679,0.0,0.6100969493617521,0.6100969493617521
hrl,multi,1,weighted_cka,0,919,3.0470004129045543,242.0,0.7046340107917786,0.7019596695899963,1,0.0,0.6094000825809109,5,1,weighted_cka,23,102,0.4,4.0,1.4782608695652173,0.27831774072197724,1.2884182701483367,0.6175270617948844,0.38462262862641355,0.47811471161294306,0.0,0.6094000825809109,0.6094000825809109
hrl,multi,1,weighted_cka,0,920,2.9589164166262476,261.0,0.7029924392700195,0.7009845972061157,1,0.0,0.5917832833252497,5,1,weighted_cka,27,126,0.39999999999999997,4.0,1.5555555555555556,0.3374407060826196,0.5497806160093749,0.8604386592625232,0.3508141541886142,0.8604422810831164,0.0,0.5917832833252497,0.5917832833252497
hrl,multi,1,weighted_cka,0,921,2.9951377901228575,251.0,0.7031275033950806,0.7006142735481262,1,0.0,0.5990275580245716,5,1,weighted_cka,25,120,0.4,4.0,1.6,0.46888020884242343,0.4079472911068659,0.7012118815397842,0.3495065249344333,1.0675918836993512,0.0,0.5990275580245716,0.5990275580245716
hrl,multi,1,weighted_cka,0,922,2.9349066654165203,262.0,0.7043383121490479,0.7005221843719482,1,0.0,0.5869813330833041,5,1,weighted_cka,27,126,0.39999999999999997,4.0,1.5555555555555556,0.5343738350134807,0.32224526701137063,0.7458452307009137,0.4151788203353061,0.9172635123554499,0.0,0.5869813330833041,0.5869813330833041
hrl,multi,1,weighted_cka,0,923,2.9798766338711853,256.0,0.7028425931930542,0.7015209197998047,1,0.0,0.5959753267742371,5,1,weighted_cka,24,114,0.4,4.0,1.5833333333333333,0.3383102302271872,0.4507784154466351,0.791527594577521,0.39731617043074213,1.0019442231891005,0.0,0.5959753267742371,0.5959753267742371
hrl,multi,1,weighted_cka,0,924,3.0339727865120354,241.0,0.7026576995849609,0.7001224756240845,1,0.0,0.6067945573024072,5,1,weighted_cka,24,108,0.4,4.0,1.5,0.565026069707237,0.35055513524077825,0.7906901622405275,0.3795903467144816,0.9481110726090117,0.0,0.6067945573024072,0.6067945573024072
hrl,multi,1,weighted_cka,0,925,3.005092962240457,248.0,0.7026987075805664,0.7000576257705688,1,0.0,0.6010185924480915,5,1,weighted_cka,26,120,0.4,4.0,1.5384615384615385,0.5217697913893496,0.3674971002971869,0.7160983054544775,0.41861919829901295,0.9811085668004306,0.0,0.6010185924480915,0.6010185924480915
hrl,multi,1,weighted_cka,0,926,3.0374274474374348,241.0,0.7024201154708862,0.7000600695610046,1,0.0,0.607485489487487,5,1,weighted_cka,23,102,0.4,4.0,1.4782608695652173,0.5394339546591908,0.3041075655388121,0.785062197966501,0.4263501334171741,0.9824735958557574,0.0,0.607485489487487,0.607485489487487
hrl,multi,1,weighted_cka,0,927,2.903313359601538,276.0,0.7025023102760315,0.7017419934272766,1,0.0,0.5806626719203077,5,1,weighted_cka,29,132,0.39999999999999997,4.0,1.5172413793103448,0.28293507436904464,0.5856809277171268,0.4570804238487033,0.9720059052408031,0.605611028425861,0.0,0.5806626719203077,0.5806626719203077
hrl,multi,1,weighted_cka,0,928,2.9187777393148266,275.0,0.7039009928703308,0.7015921473503113,1,0.0,0.5837555478629655,5,1,weighted_cka,27,132,0.39999999999999997,4.0,1.6296296296296295,0.3707038270012999,0.5247993023032903,0.6385204874635672,0.4008617864185943,0.9838923361280757,0.0,0.5837555478629655,0.5837555478629655
hrl,multi,1,weighted_cka,0,929,2.937022973974234,270.0,0.7031687498092651,0.7002142071723938,1,0.0,0.5874045947948469,5,1,weighted_cka,26,126,0.39999999999999997,4.0,1.6153846153846154,0.467522005900333,0.3387808516949879,0.7254206378133966,0.3895946558886207,1.0157048226768963,0.0,0.5874045947948469,0.5874045947948469
hrl,multi,1,weighted_cka,0,930,2.9777512418983556,258.0,0.703486442565918,0.7000147104263306,1,0.0,0.5955502483796712,5,1,weighted_cka,27,126,0.39999999999999997,4.0,1.5555555555555556,0.3070183185632922,0.4735509663044538,0.7724301133635453,0.4376477174523751,0.9871041262146899,0.0,0.5955502483796712,0.5955502483796712
hrl,multi,1,weighted_cka,0,931,2.8517192666799023,287.0,0.7033751010894775,0.7004175186157227,1,0.0,0.5703438533359806,5,1,weighted_cka,28,138,0.39999999999999997,4.0,1.6428571428571428,0.5447169408504849,0.39569902399515006,0.657233675425872,0.28848076252546145,0.9655888638829345,0.0,0.5703438533359806,0.5703438533359806
hrl,multi,1,weighted_cka,0,932,3.059835860381513,236.0,0.7028511166572571,0.701789915561676,1,0.0,0.6119671720763027,5,1,weighted_cka,24,108,0.4,4.0,1.5,0.5569006858391511,0.5620573341847629,0.5827550108972935,0.37282628623954944,0.9852965432207564,0.0,0.6119671720763027,0.6119671720763027
hrl,multi,1,weighted_cka,0,933,3.0083666167773977,251.0,0.7039328813552856,0.7007316946983337,1,0.0,0.6016733233554796,5,1,weighted_cka,25,114,0.4,4.0,1.52,0.43567176339169944,0.5164399969715158,0.6840759544991887,0.39218975417136964,0.9799891477436248,0.0,0.6016733233554796,0.6016733233554796
hrl,multi,1,weighted_cka,0,934,3.011861612367377,249.0,0.703728199005127,0.7007738351821899,1,0.0,0.6023723224734756,5,1,weighted_cka,25,114,0.4,4.0,1.52,0.4597103963534753,0.3740476940223815,0.7868381921648978,0.3754699673685244,1.0157953624580984,0.0,0.6023723224734756,0.6023723224734756
hrl,multi,1,weighted_cka,0,935,3.0297663023591,243.0,0.7033137083053589,0.700059175491333,1,0.0,0.6059532604718201,5,1,weighted_cka,24,102,0.4,4.0,1.4166666666666667,0.3178194055898056,0.5807355106370086,0.7698738769367336,0.3872176968851126,0.9741198123104403,0.0,0.6059532604718201,0.6059532604718201
hrl,multi,1,weighted_cka,0,936,3.0929391935648924,225.0,0.7036575675010681,0.7005398273468018,1,0.0,0.6185878387129786,5,1,weighted_cka,22,102,0.4,4.0,1.5454545454545454,0.38606378187888635,0.5854001336665823,0.7762993617430328,0.3582447716451715,0.9869311446312202,0.0,0.6185878387129786,0.6185878387129786
hrl,multi,1,weighted_cka,0,937,2.9613864081568595,257.0,0.7034660577774048,0.7000973224639893,1,0.0,0.5922772816313719,5,1,weighted_cka,26,126,0.39999999999999997,4.0,1.6153846153846154,0.4695402085268868,0.36058049624646066,0.8323944938881321,0.4131067220405674,0.8857644874548131,0.0,0.5922772816313719,0.5922772816313719
hrl,multi,1,weighted_cka,0,938,2.922996762443216,270.0,0.7027473449707031,0.700287401676178,1,0.0,0.5845993524886433,5,1,weighted_cka,28,126,0.39768556324608345,4.0,1.5,0.3180304665066213,0.5266656265833879,1.1439722951259461,0.37194603336065474,0.5623823408666065,0.0,0.5845993524886433,0.5845993524886433
hrl,multi,1,weighted_cka,0,939,2.8946038243291827,271.0,0.703994870185852,0.7010630965232849,1,0.0,0.5789207648658367,5,1,weighted_cka,26,126,0.3976855632460834,4.0,1.6153846153846154,0.5348204986453055,0.3400718720101576,0.6607283491294945,0.41215992368198917,0.9468231808622366,0.0,0.5789207648658367,0.5789207648658367
hrl,multi,1,weighted_cka,0,940,3.0131977325104513,245.0,0.7036312222480774,0.7001570463180542,1,0.0,0.6026395465020904,5,1,weighted_cka,25,108,0.3972998237870974,4.0,1.44,0.4041936469363862,0.6771530537763609,0.5494751639049499,0.3645530330683104,1.0178228348244445,0.0,0.6026395465020904,0.6026395465020904
hrl,multi,1,weighted_cka,0,941,3.0262027537264826,245.0,0.7032657265663147,0.7012556791305542,1,0.0,0.6052405507452966,5,1,weighted_cka,23,108,0.3959497356806461,4.0,1.565217391304348,0.4133201177352747,0.4439805610022193,0.7918440453726797,0.4119283272703177,0.9651297023459918,0.0,0.6052405507452966,0.6052405507452966
hrl,multi,1,weighted_cka,0,942,2.9464441421838696,263.0,0.7018081545829773,0.7002002000808716,1,0.0,0.5892888284367741,5,1,weighted_cka,27,126,0.3988427816230417,4.0,1.5555555555555556,0.31828174987109364,0.4513040057003962,0.7299714092859065,0.33995881554948565,1.1069281617769882,0.0,0.5892888284367741,0.5892888284367741
hrl,multi,1,weighted_cka,0,943,3.04013603315284,237.0,0.704124391078949,0.7009748816490173,1,0.0,0.6080272066305681,5,1,weighted_cka,24,108,0.4,4.0,1.5,0.38701569790579365,0.5163106607357039,0.7485455105719155,0.533001123662805,0.8552630402766225,0.0,0.6080272066305681,0.6080272066305681
hrl,multi,1,weighted_cka,0,944,3.0130668008217167,247.0,0.7040888667106628,0.7024316787719727,1,0.0,0.6026133601643434,5,1,weighted_cka,24,108,0.4,4.0,1.5,0.32612677693855935,0.44079276356822794,0.7752501996830105,0.4115864203785603,1.0593106402533592,0.0,0.6026133601643434,0.6026133601643434
hrl,multi,1,weighted_cka,0,945,2.806609993477467,300.0,0.7053209543228149,0.7018304467201233,1,0.0,0.5613219986954936,5,1,weighted_cka,31,144,0.39999999999999997,4.0,1.5483870967741935,0.5054195885497609,0.29451102482940755,0.6551768993431467,0.38426644136506355,0.9672360393900888,0.0,0.5613219986954936,0.5613219986954936
hrl,multi,1,weighted_cka,0,946,2.8315736266057705,299.0,0.7036809921264648,0.7001475691795349,1,0.0,0.5663147253211542,5,1,weighted_cka,30,144,0.37364026646719917,4.0,1.6,0.3228462635093601,0.5495275506632168,0.46138962205592515,0.8911311048324931,0.606679085544776,0.0,0.5663147253211542,0.5663147253211542
hrl,multi,1,weighted_cka,0,947,2.819899624671616,293.0,0.7029107213020325,0.7004836797714233,1,0.0,0.5639799249343234,5,1,weighted_cka,29,138,0.3724941910962078,4.0,1.5862068965517242,0.5123054162263868,0.1528555903667634,0.8693986047506331,0.40798502615152377,0.8773549871763097,0.0,0.5639799249343234,0.5639799249343234
hrl,multi,1,weighted_cka,0,948,3.0883243417701984,226.0,0.704940676689148,0.7012636065483093,1,0.0,0.6176648683540398,5,1,weighted_cka,23,102,0.3534828231774104,4.0,1.4782608695652173,0.4877954011225373,0.4923808759138627,0.7092648258654225,0.4119144581600557,0.9869687807083208,0.0,0.6176648683540398,0.6176648683540398
hrl,multi,1,weighted_cka,0,949,2.926012245164659,274.0,0.7035524249076843,0.7010132074356079,1,0.0,0.585202449032932,5,1,weighted_cka,27,114,0.3468700451146722,4.0,1.4074074074074074,0.26206240162951855,0.5768524348544887,0.7721119007033411,0.3823273848114767,0.9326581231658345,0.0,0.585202449032932,0.585202449032932
hrl,multi,1,weighted_cka,0,950,3.0360483222777517,236.0,0.7049828171730042,0.7011104226112366,1,0.0,0.6072096644555505,5,1,weighted_cka,24,108,0.38785127017571086,4.0,1.5,0.2880185094987391,0.508670977981761,0.7404145028579513,0.3607073616045217,1.1382369703347792,0.0,0.6072096644555505,0.6072096644555505
hrl,multi,1,weighted_cka,0,951,2.956733632896014,264.0,0.7033162713050842,0.7009484171867371,1,0.0,0.591346726579203,5,1,weighted_cka,27,120,0.39621757902247495,4.0,1.4814814814814814,0.38310591859190013,0.4337416638741268,0.6807121799062005,1.0179166641170156,0.4412572064067716,0.0,0.591346726579203,0.591346726579203
hrl,multi,1,weighted_cka,0,952,3.0133421558861815,248.0,0.7045206427574158,0.7033752799034119,1,0.0,0.6026684311772363,5,1,weighted_cka,25,114,0.39522220508102096,4.0,1.52,0.5566900485497898,0.32655553359544126,0.7625650464724748,0.39771730732825555,0.9698142199402208,0.0,0.6026684311772363,0.6026684311772363
hrl,multi,1,weighted_cka,0,953,2.9638420543366433,263.0,0.704217255115509,0.7015209197998047,1,0.0,0.5927684108673288,5,1,weighted_cka,26,120,0.399243515804495,4.0,1.5384615384615385,0.27348024513106783,0.606553373672068,0.7140175566840915,0.39059759676177047,0.9791932820876462,0.0,0.5927684108673288,0.5927684108673288
hrl,multi,1,weighted_cka,0,954,3.0363408206162954,240.0,0.7042732238769531,0.7021494507789612,1,0.0,0.6072681641232591,5,1,weighted_cka,24,108,0.4,4.0,1.5,0.3817321313032879,0.5213466320391743,1.292595943892811,0.42389550962462075,0.41677060375640196,0.0,0.6072681641232591,0.6072681641232591
hrl,multi,1,weighted_cka,0,955,2.3514749280282183,300.0,0.6719964742660522,0.5540485382080078,0,0.0,0.47029498560564376,5,1,weighted_cka,30,144,0.39999999999999997,4.0,1.6,0.054240672796964456,0.16391135280619656,0.771384909249842,0.37078768916194943,0.9911503040132664,0.0,0.47029498560564376,0.47029498560564376
hrl,multi,1,weighted_cka,0,956,3.0567000341591744,235.0,0.7033783197402954,0.7008665204048157,1,0.0,0.611340006831835,5,1,weighted_cka,24,114,0.4,4.0,1.5833333333333333,0.5111433971514924,0.4270099176478378,0.7839651717161759,0.3557468797925975,0.9788346678510714,0.0,0.611340006831835,0.611340006831835
hrl,multi,1,weighted_cka,0,957,2.9734085857853265,260.0,0.7019568681716919,0.700408399105072,1,0.0,0.5946817171570654,5,1,weighted_cka,25,108,0.4,4.0,1.44,0.34948004133377253,0.39576476014801293,0.5558241577735169,1.0039399415764199,0.668399684953605,0.0,0.5946817171570654,0.5946817171570654
hrl,multi,1,weighted_cka,0,958,3.0733411335126135,227.0,0.7036787271499634,0.7023088335990906,1,0.0,0.6146682267025227,5,1,weighted_cka,22,102,0.4,4.0,1.5454545454545454,0.3986646186382858,0.5397850283641891,0.8690688972342758,0.40854742173262626,0.8572751675432372,0.0,0.6146682267025227,0.6146682267025227
hrl,multi,1,weighted_cka,0,959,3.010674255551747,250.0,0.7044897675514221,0.7012636065483093,1,0.0,0.6021348511103495,5,1,weighted_cka,25,114,0.4,4.0,1.52,0.3155560410039324,0.5330990707286399,0.7187152605163863,0.30892187751037986,1.1343820057924092,0.0,0.6021348511103495,0.6021348511103495
hrl,multi,1,weighted_cka,0,960,2.989100091177154,254.0,0.7040726542472839,0.701025664806366,1,0.0,0.5978200182354309,5,1,weighted_cka,26,120,0.4,4.0,1.5384615384615385,0.45313420319603737,0.48597779122274354,0.7896179971499367,0.31150562811805854,0.9488644714903783,0.0,0.5978200182354309,0.5978200182354309
hrl,multi,1,weighted_cka,0,961,3.0810615520985,232.0,0.7040297389030457,0.702566385269165,1,0.0,0.6162123104197,5,1,weighted_cka,24,108,0.4,4.0,1.5,0.2883388692366424,0.6052092599999158,0.7954570206562056,0.43197613041941063,0.960080271786326,0.0,0.6162123104197,0.6162123104197
hrl,multi,1,weighted_cka,0,962,3.033686332382726,241.0,0.7032173871994019,0.7003161311149597,1,0.0,0.6067372664765454,5,1,weighted_cka,23,108,0.4,4.0,1.565217391304348,0.25386827965255354,0.6197157905250786,0.6828111584186553,0.6062726200014584,0.8710184837849809,0.0,0.6067372664765454,0.6067372664765454
hrl,multi,1,weighted_cka,0,963,3.029476843555583,244.0,0.7041962742805481,0.7005592584609985,1,0.0,0.6058953687111167,5,1,weighted_cka,24,108,0.4,4.0,1.5,0.5413904949513088,0.33731025675368426,0.6100784256118931,0.579081550592028,0.9616161156466695,0.0,0.6058953687111167,0.6058953687111167
hrl,multi,1,weighted_cka,0,964,3.001110148696453,247.0,0.703910768032074,0.7013415694236755,1,0.0,0.6002220297392908,5,1,weighted_cka,26,120,0.4,4.0,1.5384615384615385,0.477852630300971,0.4033417684412851,0.7884683444495312,0.347639335011132,0.9838080704935345,0.0,0.6002220297392908,0.6002220297392908
hrl,multi,1,weighted_cka,0,965,3.0041064010450196,247.0,0.7048763632774353,0.7020376920700073,1,0.0,0.600821280209004,5,1,weighted_cka,23,102,0.4,4.0,1.4782608695652173,0.38931236812937997,0.5310657275537959,0.789176021374762,0.33019757350254797,0.9643547104845346,0.0,0.600821280209004,0.600821280209004
hrl,multi,1,weighted_cka,0,966,3.08400641662054,230.0,0.7037640810012817,0.7007696032524109,1,0.0,0.6168012833241081,5,1,weighted_cka,25,114,0.3970006743796359,4.0,1.52,0.31859028076412493,0.5817414132887496,0.7852433939483016,0.42609479477652334,0.972336533842841,0.0,0.6168012833241081,0.6168012833241081
hrl,multi,1,weighted_cka,0,967,3.0081736058030497,247.0,0.7035091519355774,0.7009626626968384,1,0.0,0.60163472116061,5,1,weighted_cka,24,114,0.3925016859490897,4.0,1.5833333333333333,0.5353856387006816,0.37050920248753383,0.7742347970120608,0.3660918283555656,0.9619521392472087,0.0,0.60163472116061,0.60163472116061
hrl,multi,1,weighted_cka,0,968,3.0400784960579172,236.0,0.702951967716217,0.7004373073577881,1,0.0,0.6080156992115835,5,1,weighted_cka,24,102,0.39329562508389193,4.0,1.4166666666666667,0.27220103699859455,0.5996026034671812,0.8635592560106887,0.41271183178108173,0.8920037678003717,0.0,0.6080156992115835,0.6080156992115835
hrl,multi,1,weighted_cka,0,969,2.996263451322097,251.0,0.7018066644668579,0.7002872228622437,1,0.0,0.5992526902644195,5,1,weighted_cka,25,108,0.3813305771394009,4.0,1.44,0.3044515214042038,0.5442273567302617,0.7884265912794507,0.37136260973429297,0.9877953721738885,0.0,0.5992526902644195,0.5992526902644195
hrl,multi,1,weighted_cka,0,970,2.9488161158960415,260.0,0.7054978609085083,0.7023488879203796,1,0.0,0.5897632231792084,5,1,weighted_cka,27,132,0.3791097228192083,4.0,1.6296296296296295,0.44230687090475096,0.4537484765870029,0.8437037202930077,0.30190108382818276,0.9071559642830979,0.0,0.5897632231792084,0.5897632231792084
hrl,multi,1,weighted_cka,0,971,3.0676165452232222,231.0,0.703591525554657,0.7023488879203796,1,0.0,0.6135233090446446,5,1,weighted_cka,20,90,0.3723640883335415,4.0,1.5,0.5516985570782561,0.32107326783207824,0.7669668718804604,0.4182580819514695,1.0096197664809585,0.0,0.6135233090446446,0.6135233090446446
hrl,multi,1,weighted_cka,0,972,3.065440588662545,231.0,0.704565703868866,0.7012636065483093,1,0.0,0.6130881177325092,5,1,weighted_cka,24,108,0.37121259201410567,4.0,1.5,1.0783906065849584,0.36618116692145114,0.6937289774432719,0.36956885990733274,0.5575709778055314,0.0,0.6130881177325092,0.6130881177325092
hrl,multi,1,weighted_cka,0,973,3.0566996160680415,238.0,0.7049279808998108,0.7023488879203796,1,0.0,0.6113399232136084,5,1,weighted_cka,24,114,0.38291622635670475,4.0,1.5833333333333333,0.32749188128998497,0.5441092093400656,0.789310077517759,0.38300689161615437,1.0127815563040783,0.0,0.6113399232136084,0.6113399232136084
hrl,multi,1,weighted_cka,0,974,3.0560212230906023,237.0,0.704785943031311,0.7029440999031067,1,0.0,0.6112042446181206,5,1,weighted_cka,24,108,0.387724609418145,4.0,1.5,0.4071010166732594,0.43408907739633273,0.7143543428825213,0.3848710811431519,1.1156057049953376,0.0,0.6112042446181206,0.6112042446181206
hrl,multi,1,weighted_cka,0,975,3.084115478003862,229.0,0.7031131386756897,0.7013053297996521,1,0.0,0.6168230956007725,5,1,weighted_cka,23,108,0.39693115235453624,4.0,1.565217391304348,0.39287146257155103,0.49907845235476256,0.7721099459542892,0.44212318991415656,0.9779324272091033,0.0,0.6168230956007725,0.6168230956007725
hrl,multi,1,weighted_cka,0,976,2.9074028840734085,277.0,0.7043443918228149,0.7010209560394287,1,0.0,0.5814805768146818,5,1,weighted_cka,27,126,0.39999999999999997,4.0,1.5555555555555556,0.5363088098648002,0.30412119858319037,0.5120006217164917,1.0055776000651528,0.5493946538437738,0.0,0.5814805768146818,0.5814805768146818
hrl,multi,1,weighted_cka,0,977,2.9633022020070334,260.0,0.7043425440788269,0.7020560503005981,1,0.0,0.5926604404014068,5,1,weighted_cka,26,120,0.4,4.0,1.5384615384615385,0.30643784031632815,0.5876445362661032,0.7056376410988158,0.40072834931488605,0.9628538350109009,0.0,0.5926604404014068,0.5926604404014068
hrl,multi,1,weighted_cka,0,978,2.3923276720553517,300.0,0.6964429020881653,0.6642589569091797,0,0.0,0.4784655344110704,5,1,weighted_cka,31,150,0.39999999999999997,4.0,1.6129032258064515,0.1466643623792914,0.19938052254712765,0.6612943815026663,0.4197717962367459,0.965216609389521,0.0,0.4784655344110704,0.4784655344110704
hrl,multi,1,weighted_cka,0,979,3.0406896621651236,242.0,0.7022573351860046,0.7007031440734863,1,0.0,0.6081379324330248,5,1,weighted_cka,24,114,0.4,4.0,1.5833333333333333,0.34164631464844564,0.49821313077583895,0.7307963392576201,0.38470181806490283,1.0853320594183167,0.0,0.6081379324330248,0.6081379324330248
hrl,multi,1,weighted_cka,0,980,3.015765508500123,253.0,0.703753650188446,0.7003384232521057,1,0.0,0.6031531017000247,5,1,weighted_cka,25,108,0.4,4.0,1.44,0.34749070910178115,0.6195378012340514,0.7454724070853552,0.35049492277777605,0.9527696683011598,0.0,0.6031531017000247,0.6031531017000247
hrl,multi,1,weighted_cka,0,981,3.0274014064686767,243.0,0.7044735550880432,0.7016499042510986,1,0.0,0.6054802812937354,5,1,weighted_cka,24,114,0.4,4.0,1.5833333333333333,0.31042624709568906,0.5548354970452781,0.7784857642056885,0.39938094677121255,0.9842729513508092,0.0,0.6054802812937354,0.6054802812937354
hrl,multi,1,weighted_cka,0,982,2.935079006182625,269.0,0.7034223079681396,0.7022166848182678,1,0.0,0.5870158012365251,5,1,weighted_cka,27,126,0.39820337023675956,4.0,1.5555555555555556,0.39090901919687154,0.6021690301548223,0.7898181125852278,0.3396714980515971,0.812511346194107,0.0,0.5870158012365251,0.5870158012365251
hrl,multi,1,weighted_cka,0,983,3.05417937213648,234.0,0.7033898830413818,0.7023488879203796,1,0.0,0.610835874427296,5,1,weighted_cka,23,108,0.3958078638857722,4.0,1.565217391304348,0.5609678030204958,0.3292966989874839,0.7897076350268907,0.4027651865759398,0.9714420485256704,0.0,0.610835874427296,0.610835874427296
hrl,multi,1,weighted_cka,0,984,2.927107917091444,267.0,0.7042418718338013,0.7005662322044373,1,0.0,0.5854215834182889,5,1,weighted_cka,27,126,0.38732067496654626,4.0,1.5555555555555556,0.5500323081146924,0.25302630871300047,1.2823251622996756,0.5033231652160174,0.33840097274805875,0.0,0.5854215834182889,0.5854215834182889
hrl,multi,1,weighted_cka,0,985,2.990240637012523,254.0,0.7042813897132874,0.7007802128791809,1,0.0,0.5980481274025047,5,1,weighted_cka,25,114,0.38900254887762836,4.0,1.52,0.3182967438476625,0.5084657349633052,0.7452272528200409,0.42491923550516353,0.9933316698763518,0.0,0.5980481274025047,0.5980481274025047
hrl,multi,1,weighted_cka,0,986,3.0440921221072554,238.0,0.7047162652015686,0.7003850340843201,1,0.0,0.6088184244214512,5,1,weighted_cka,25,114,0.38848715336843315,4.0,1.52,0.3237470875130965,0.5166329773892647,0.7899242305061779,0.39328827512962733,1.0204995515690896,0.0,0.6088184244214512,0.6088184244214512
hrl,multi,1,weighted_cka,0,987,2.908943718795023,278.0,0.7027963399887085,0.7020483613014221,1,0.0,0.5817887437590046,5,1,weighted_cka,27,126,0.39454149958309825,4.0,1.5555555555555556,0.6171021239658147,0.3741201267318683,1.131301627438515,0.43542432486522,0.3509955157936055,0.0,0.5817887437590046,0.5817887437590046
hrl,multi,1,weighted_cka,0,988,3.042017254583107,237.0,0.7034121751785278,0.7017083168029785,1,0.0,0.6084034509166215,5,1,weighted_cka,24,114,0.3984917301479614,4.0,1.5833333333333333,0.5416864438388728,0.32560602166922753,1.3010254503674803,0.4482399560046614,0.42545938270286554,0.0,0.6084034509166215,0.6084034509166215
hrl,multi,1,weighted_cka,0,989,3.014043370450147,249.0,0.704411506652832,0.7015678882598877,1,0.0,0.6028086740900295,5,1,weighted_cka,25,108,0.4,4.0,1.44,0.2708507536329561,0.6108628017064183,0.7642391250552608,0.3906450475030578,0.9774456425524548,0.0,0.6028086740900295,0.6028086740900295
hrl,multi,1,weighted_cka,0,990,3.0474063926160366,238.0,0.7032333612442017,0.7008526921272278,1,0.0,0.6094812785232074,5,1,weighted_cka,23,102,0.4,4.0,1.4782608695652173,0.5185648459427755,0.6145767350345849,1.2001963086631147,0.39779042645834845,0.31627807651721374,0.0,0.6094812785232074,0.6094812785232074
hrl,multi,1,weighted_cka,0,991,2.380896109419517,300.0,0.6813626289367676,0.5899471044540405,0,0.0,0.47617922188390355,5,1,weighted_cka,31,120,0.4,4.0,1.2903225806451613,-0.16465667668927952,0.519855651271704,0.6855887882327659,0.36455429568007086,0.9755540509242563,0.0,0.47617922188390355,0.47617922188390355
hrl,multi,1,weighted_cka,0,992,2.9536332347783523,265.0,0.7038661241531372,0.7002072930335999,1,0.0,0.5907266469556706,5,1,weighted_cka,26,120,0.4,4.0,1.5384615384615385,0.4324845602258863,0.38787488915692653,0.7340343814184888,0.4109516711355462,0.9882877328415051,0.0,0.5907266469556706,0.5907266469556706
hrl,multi,1,weighted_cka,0,993,3.0728920432792353,232.0,0.7036736607551575,0.7011842727661133,1,0.0,0.6145784086558471,5,1,weighted_cka,24,108,0.4,4.0,1.5,0.4737427141391525,0.3959445737952773,0.7859590367511845,0.4344056202980281,0.9828400982955935,0.0,0.6145784086558471,0.6145784086558471
hrl,multi,1,weighted_cka,0,994,2.9963474049972745,252.0,0.7027835249900818,0.7006328701972961,1,0.0,0.599269480999455,5,1,weighted_cka,24,114,0.4,4.0,1.5833333333333333,0.4849008110230787,0.5334013120555318,0.7778451638827099,0.36333311515924666,0.8368670028767081,0.0,0.599269480999455,0.599269480999455
hrl,multi,1,weighted_cka,0,995,3.0471256741987878,237.0,0.7027228474617004,0.7012636065483093,1,0.0,0.6094251348397577,5,1,weighted_cka,25,114,0.4,4.0,1.52,0.3649548100144601,0.5728427943512796,0.7563301814941222,0.38454827380384077,0.9684496145350857,0.0,0.6094251348397577,0.6094251348397577
hrl,multi,1,weighted_cka,0,996,3.067207909822623,226.0,0.7034307718276978,0.701198160648346,1,0.0,0.6134415819645247,5,1,weighted_cka,21,96,0.4000000000000001,4.0,1.5238095238095237,0.44396535830525663,0.5443108053405302,0.7246038205481017,0.38795948847476386,0.966368437153971,0.0,0.6134415819645247,0.6134415819645247
hrl,multi,1,weighted_cka,0,997,2.9618805018565313,257.0,0.7029382586479187,0.7000454068183899,1,0.0,0.5923761003713064,5,1,weighted_cka,26,120,0.4,4.0,1.5384615384615385,0.5919259586594997,0.488458290087059,1.2027462583683661,0.3729339088147971,0.3058160859268099,0.0,0.5923761003713064,0.5923761003713064
hrl,multi,1,weighted_cka,0,998,3.057416550576322,236.0,0.7034980654716492,0.7012636065483093,1,0.0,0.6114833101152644,5,1,weighted_cka,24,114,0.4,4.0,1.5833333333333333,0.6417584044018293,0.4382333894153124,1.285308657269459,0.33005782002011247,0.36205827946960917,0.0,0.6114833101152644,0.6114833101152644
hrl,multi,1,weighted_cka,0,999,3.0086283864533603,246.0,0.7037636041641235,0.7003554701805115,1,0.0,0.6017256772906721,5,1,weighted_cka,25,114,0.4,4.0,1.52,0.42664762511383725,0.6276372085222973,1.2696770658064631,0.3683973970977676,0.31626908991299557,0.0,0.6017256772906721,0.6017256772906721
hrl,multi,1,weighted_cka,0,1000,2.962543772931004,257.0,0.702753484249115,0.7000715732574463,1,0.0,0.5925087545862009,5,1,weighted_cka,26,120,0.4,4.0,1.5384615384615385,0.3551899538673459,0.47697605547585387,1.3008158372463656,0.39226268276385773,0.4372992435775812,0.0,0.5925087545862009,0.5925087545862009
hrl,multi,1,weighted_cka,0,1001,3.0475184275398193,234.0,0.7040979266166687,0.7010462880134583,1,0.0,0.6095036855079639,5,1,weighted_cka,23,102,0.4,4.0,1.4782608695652173,0.40738745091762374,0.5396571958206767,1.3006293860012663,0.4116915633054449,0.3881528314948081,0.0,0.6095036855079639,0.6095036855079639
hrl,multi,1,weighted_cka,0,1002,2.8216029090329706,290.0,0.7038695216178894,0.7023488879203796,1,0.0,0.5643205818065942,5,1,weighted_cka,28,138,0.39999999999999997,4.0,1.6428571428571428,0.4679896494406274,0.48726059337588945,1.2683655061689203,0.18761897007307898,0.410368189974455,0.0,0.5643205818065942,0.5643205818065942
hrl,multi,1,weighted_cka,0,1003,2.3968577505329094,300.0,0.6935052275657654,0.6471127867698669,0,0.0,0.47937155010658195,5,1,weighted_cka,30,150,0.39999999999999997,4.0,1.6666666666666667,0.17697546385281004,0.2980623591368296,1.2173424914926287,0.3653594743418506,0.3391179617087909,0.0,0.47937155010658195,0.47937155010658195
hrl,multi,1,weighted_cka,0,1004,2.9405935692707703,264.0,0.7057182788848877,0.7044719457626343,1,0.0,0.5881187138541542,5,1,weighted_cka,28,132,0.39999999999999997,4.0,1.5714285714285714,0.4003749775848117,0.44698313931861755,0.8275352184125221,0.3969190606719348,0.8687811732828848,0.0,0.5881187138541542,0.5881187138541542
hrl,multi,1,weighted_cka,0,1005,2.956779619884363,260.0,0.702714741230011,0.7001234292984009,1,0.0,0.5913559239768726,5,1,weighted_cka,25,114,0.4,4.0,1.52,0.42573056100215745,0.5627962883571161,1.249795311514288,0.33066093768272536,0.3877965213280767,0.0,0.5913559239768726,0.5913559239768726
hrl,multi,1,weighted_cka,0,1006,3.046163854745332,236.0,0.7044507265090942,0.7023488879203796,1,0.0,0.6092327709490665,5,1,weighted_cka,25,120,0.4,4.0,1.6,0.4408253794589544,0.5808390042653772,1.3012635926930232,0.3757114496738649,0.34752442865411276,0.0,0.6092327709490665,0.6092327709490665
hrl,multi,1,weighted_cka,0,1007,3.049437343665674,233.0,0.7042539119720459,0.7023488879203796,1,0.0,0.6098874687331348,5,1,weighted_cka,22,96,0.4000000000000001,4.0,1.4545454545454546,0.4822266522119897,0.3796542884904774,1.2942110120416617,0.4379421246522105,0.45540326626933514,0.0,0.6098874687331348,0.6098874687331348
hrl,multi,1,weighted_cka,0,1008,2.979196734716045,254.0,0.7032000422477722,0.700661301612854,1,0.0,0.595839346943209,5,1,weighted_cka,25,120,0.4,4.0,1.6,0.3897081850831163,0.5738322351006789,1.257825165304355,0.4027116810877486,0.35511946814014655,0.0,0.595839346943209,0.595839346943209
hrl,multi,1,weighted_cka,0,1009,3.044675950976262,237.0,0.7029979228973389,0.7013061046600342,1,0.0,0.6089351901952524,5,1,weighted_cka,24,108,0.4,4.0,1.5,0.5462781527899786,0.4123128803577273,0.7436505880926269,0.37023248770576894,0.9722018420301609,0.0,0.6089351901952524,0.6089351901952524
hrl,multi,1,weighted_cka,0,1010,3.107640765495597,220.0,0.7041070461273193,0.7023488879203796,1,0.0,0.6215281530991195,5,1,weighted_cka,22,102,0.4,4.0,1.5454545454545454,0.32634987267828536,0.779268275361508,1.2182451888434587,0.4292949749906546,0.354482453621691,0.0,0.6215281530991195,0.6215281530991195
hrl,multi,1,weighted_cka,0,1011,2.9848877623036665,258.0,0.7047745585441589,0.7022209167480469,1,0.0,0.5969775524607334,5,1,weighted_cka,26,120,0.3799025616735762,4.0,1.5384615384615385,0.3193446930885038,0.6234275643918662,0.6657087894270078,0.34342372914450237,1.032982986251787,0.0,0.5969775524607334,0.5969775524607334
hrl,multi,1,weighted_cka,0,1012,3.017735093681606,244.0,0.7029119729995728,0.7009382843971252,1,0.0,0.6035470187363213,5,1,weighted_cka,25,114,0.36474133626943195,4.0,1.52,0.35474417541641734,0.5490980423884465,1.3008464717054737,0.35823095359280693,0.4548154505784622,0.0,0.6035470187363213,0.6035470187363213
hrl,multi,1,weighted_cka,0,1013,2.9514280224960516,266.0,0.7031477689743042,0.7004753351211548,1,0.0,0.5902856044992105,5,1,weighted_cka,27,126,0.36809930424377174,4.0,1.5555555555555556,0.5296374975851502,0.2994467735246579,0.759506783960387,0.3906224784478544,0.9722144889780028,0.0,0.5902856044992105,0.5902856044992105
hrl,multi,1,weighted_cka,0,1014,2.36409806605743,300.0,0.686518132686615,0.6165586113929749,0,0.0,0.4728196132114861,5,1,weighted_cka,29,144,0.3609216476986204,4.0,1.6551724137931034,0.1286133648515677,0.42382558680931093,0.7932693296093493,0.36650966338859864,0.651880121398604,0.0,0.4728196132114861,0.4728196132114861
hrl,multi,1,weighted_cka,0,1015,3.004478769758482,254.0,0.7028557062149048,0.7000234723091125,1,0.0,0.6008957539516965,5,1,weighted_cka,25,102,0.4,4.0,1.36,0.3373291932090069,0.5970695017026736,0.7338177212728186,0.4014212024667648,0.9348411511072189,0.0,0.6008957539516965,0.6008957539516965
hrl,multi,1,weighted_cka,0,1016,3.072442513936831,232.0,0.7029584050178528,0.7007745504379272,1,0.0,0.6144885027873663,5,1,weighted_cka,24,114,0.4,4.0,1.5833333333333333,0.30654723801743233,0.5908111840654163,0.7197588985133915,0.3633396606670576,1.091985532673534,0.0,0.6144885027873663,0.6144885027873663
hrl,multi,1,weighted_cka,0,1017,3.095843484210031,226.0,0.7029306292533875,0.7005221247673035,1,0.0,0.6191686968420063,5,1,weighted_cka,21,96,0.4000000000000001,4.0,1.5238095238095237,0.29250584178033745,0.6197385108062298,0.5654914000588468,1.0709087161765853,0.5471990153880323,0.0,0.6191686968420063,0.6191686968420063
hrl,multi,1,weighted_cka,0,1018,3.0314996219004957,239.0,0.7038347721099854,0.7010303735733032,1,0.0,0.6062999243800993,5,1,weighted_cka,25,114,0.4,4.0,1.52,0.28346127890888595,0.6060100302263162,1.3007722513498736,0.3936183901440817,0.4476376712713389,0.0,0.6062999243800993,0.6062999243800993
hrl,multi,1,weighted_cka,0,1019,3.0704355797658196,234.0,0.7018319368362427,0.7002783417701721,1,0.0,0.614087115953164,5,1,weighted_cka,24,108,0.4,4.0,1.5,0.3684996648756786,0.6250725669367238,0.7891808055206201,0.33899245849135323,0.9486900839414446,0.0,0.614087115953164,0.614087115953164
hrl,multi,1,weighted_cka,0,1020,3.048185446402344,236.0,0.7034347057342529,0.7014486789703369,1,0.0,0.6096370892804689,5,1,weighted_cka,24,108,0.4,4.0,1.5,0.5006306162069084,0.37259811918076585,0.7633301850967108,0.43760302091488834,0.9740235050030713,0.0,0.6096370892804689,0.6096370892804689
hrl,multi,1,weighted_cka,0,1021,3.0148116563420504,248.0,0.7036588788032532,0.7005549669265747,1,0.0,0.6029623312684101,5,1,weighted_cka,23,108,0.4,4.0,1.565217391304348,0.2985401879564742,0.5448016922352142,0.785469566318672,0.4084897049935533,0.9775105048381373,0.0,0.6029623312684101,0.6029623312684101
hrl,multi,1,weighted_cka,0,1022,3.0962468656830375,226.0,0.7049521803855896,0.7038663029670715,1,0.0,0.6192493731366076,5,1,weighted_cka,24,108,0.4,4.0,1.5,0.47864140192512405,0.43209625845868127,0.7864220738043076,0.4320584978959522,0.967028633598973,0.0,0.6192493731366076,0.6192493731366076
hrl,multi,1,weighted_cka,0,1023,2.9883198587783304,260.0,0.7042232751846313,0.7010955810546875,1,0.0,0.5976639717556662,5,1,weighted_cka,25,102,0.4,4.0,1.36,0.32071082243326215,1.125320096516485,0.5876225531897507,0.38035495546719894,0.5743114311716343,0.0,0.5976639717556662,0.5976639717556662
hrl,multi,1,weighted_cka,0,1024,3.025269273432625,244.0,0.704546332359314,0.7008163332939148,1,0.0,0.6050538546865252,5,1,weighted_cka,26,120,0.4,4.0,1.5384615384615385,0.29401994507550255,0.5518752019647507,0.7780505870715714,0.4361428163065574,0.9651807230142438,0.0,0.6050538546865252,0.6050538546865252
hrl,multi,1,weighted_cka,0,1025,2.962979309313956,260.0,0.7021456956863403,0.7005861401557922,1,0.0,0.5925958618627913,5,1,weighted_cka,24,114,0.4,4.0,1.5833333333333333,0.2999449157728813,0.536243081206572,0.7436992167936404,0.3953048547713551,0.987787240769508,0.0,0.5925958618627913,0.5925958618627913
hrl,multi,1,weighted_cka,0,1026,2.9847276552187236,254.0,0.7025133371353149,0.7012155055999756,1,0.0,0.5969455310437448,5,1,weighted_cka,27,120,0.3972988732835088,4.0,1.4814814814814814,0.324055486569472,0.5674562999480403,0.7401593013666569,0.40190386391989874,0.9511527034146564,0.0,0.5969455310437448,0.5969455310437448
hrl,multi,1,weighted_cka,0,1027,3.0020221664154656,249.0,0.7023288011550903,0.7014482617378235,1,0.0,0.6004044332830932,5,1,weighted_cka,23,102,0.3947036731049193,4.0,1.4782608695652173,0.24271161833952634,0.5997028583511709,0.7823122655483893,0.4197614819710142,0.9575339422053656,0.0,0.6004044332830932,0.6004044332830932
hrl,multi,1,weighted_cka,0,1028,3.032097404128987,238.0,0.7048408389091492,0.7029440999031067,1,0.0,0.6064194808257974,5,1,weighted_cka,25,114,0.3952611811991383,4.0,1.52,0.4513109568576327,0.47914429621072474,0.7384168815653537,0.38973696244531303,0.9734883070499635,0.0,0.6064194808257974,0.6064194808257974
hrl,multi,1,weighted_cka,0,1029,3.010766485439678,251.0,0.7049688696861267,0.701127827167511,1,0.0,0.6021532970879357,5,1,weighted_cka,26,120,0.39549812213918134,4.0,1.5384615384615385,0.3080343670539809,0.5136453403794438,0.7108920895508489,0.4981988812340422,0.9799958072213629,0.0,0.6021532970879357,0.6021532970879357
hrl,multi,1,weighted_cka,0,1030,2.9177156124233283,269.0,0.7037789821624756,0.7004629969596863,1,0.0,0.5835431224846657,5,1,weighted_cka,27,126,0.39828499891016433,4.0,1.5555555555555556,0.5243574440066002,0.3931985440583083,1.2932388965487478,0.3799895743511296,0.326931153458543,0.0,0.5835431224846657,0.5835431224846657
hrl,multi,1,weighted_cka,0,1031,2.9948608435588526,250.0,0.7035655379295349,0.7017863988876343,1,0.0,0.5989721687117706,5,1,weighted_cka,24,108,0.4,4.0,1.5,0.28232338407519264,0.6092167733833193,0.7716209093742071,0.38772190327662964,0.9439778734495047,0.0,0.5989721687117706,0.5989721687117706
hrl,multi,1,weighted_cka,0,1032,2.996336933685407,252.0,0.7031610608100891,0.7001236081123352,1,0.0,0.5992673867370816,5,1,weighted_cka,26,120,0.4,4.0,1.5384615384615385,0.5532241514388004,0.38491119249659816,0.7419919295972212,0.3545445433593122,0.9616651167934759,0.0,0.5992673867370816,0.5992673867370816
hrl,multi,1,weighted_cka,0,1033,3.0475037399308045,233.0,0.7016255855560303,0.7002478241920471,1,0.0,0.6095007479861609,5,1,weighted_cka,23,108,0.4,4.0,1.565217391304348,0.532928450649604,0.5046281732013448,1.2996527943974359,0.36667972212762096,0.3436145995547994,0.0,0.6095007479861609,0.6095007479861609
hrl,multi,1,weighted_cka,0,1034,3.0293850056271463,247.0,0.7033779621124268,0.7000097632408142,1,0.0,0.6058770011254294,5,1,weighted_cka,24,108,0.4,4.0,1.5,0.37761322104185807,0.5681070872165727,0.6686060313340275,0.370266223368002,1.0447924426666866,0.0,0.6058770011254294,0.6058770011254294
hrl,multi,1,weighted_cka,0,1035,2.95030000942802,262.0,0.7033219337463379,0.7007877230644226,1,0.0,0.5900600018856041,5,1,weighted_cka,27,126,0.39999999999999997,4.0,1.5555555555555556,0.528645421666675,0.29639969847751474,0.7575024347724392,0.3928385356375947,0.9749139188737971,0.0,0.5900600018856041,0.5900600018856041
hrl,multi,1,weighted_cka,0,1036,2.953527398366305,262.0,0.70344477891922,0.7019455432891846,1,0.0,0.5907054796732611,5,1,weighted_cka,26,126,0.39999999999999997,4.0,1.6153846153846154,0.36112285311426956,0.5337962077842092,0.7132884664256124,0.37346011064201584,0.9718597604001987,0.0,0.5907054796732611,0.5907054796732611
hrl,multi,1,weighted_cka,0,1037,3.011823708259383,244.0,0.7035648226737976,0.7023488879203796,1,0.0,0.6023647416518767,5,1,weighted_cka,25,114,0.4,4.0,1.52,0.5480405693012288,0.3097492891761939,1.2984155293302608,0.5009968846276168,0.35462143582408306,0.0,0.6023647416518767,0.6023647416518767
hrl,multi,1,weighted_cka,0,1038,2.9925753720332855,253.0,0.7050527334213257,0.7023488879203796,1,0.0,0.5985150744066572,5,1,weighted_cka,24,114,0.383974277071841,4.0,1.5833333333333333,0.3445010075606405,0.5602924947335849,0.7386745106354354,0.379559452606365,0.9695479064972604,0.0,0.5985150744066572,0.5985150744066572
hrl,multi,1,weighted_cka,0,1039,3.0445951028809346,236.0,0.7036333680152893,0.7002160549163818,1,0.0,0.608919020576187,5,1,weighted_cka,24,108,0.3577098978284693,4.0,1.5,0.45214014594536256,0.473412000896409,0.7685344984852708,0.3648717966559342,0.9856366608979586,0.0,0.608919020576187,0.608919020576187
hrl,multi,1,weighted_cka,0,1040,2.82207839288704,296.0,0.7021821737289429,0.7000225186347961,1,0.0,0.5644156785774082,5,1,weighted_cka,29,138,0.36690339830054114,4.0,1.5862068965517242,0.37374204243248094,0.2804197039211111,0.787111327713821,0.39254857883462674,0.9882567399850012,0.0,0.5644156785774082,0.5644156785774082
hrl,multi,1,weighted_cka,0,1041,3.085945825633184,226.0,0.703731894493103,0.7011890411376953,1,0.0,0.6171891651266369,5,1,weighted_cka,23,102,0.3641777958076446,4.0,1.4782608695652173,0.3673258206784958,0.6639026427563511,1.2095481566134838,0.43593370080273586,0.40923550478211823,0.0,0.6171891651266369,0.6171891651266369
hrl,multi,1,weighted_cka,0,1042,2.992096607573329,250.0,0.7050792574882507,0.7036165595054626,1,0.0,0.5984193215146659,5,1,weighted_cka,25,108,0.36616791826277545,4.0,1.44,0.2362497546020894,0.5537849707733838,0.7819857144709675,0.36230966814327975,1.0577664995836091,0.0,0.5984193215146659,0.5984193215146659
hrl,multi,1,weighted_cka,0,1043,3.042356835289275,237.0,0.7028712630271912,0.7009831070899963,1,0.0,0.6084713670578551,5,1,weighted_cka,25,114,0.4,4.0,1.52,0.5304457785489501,0.41759416778507863,0.7839888702942989,0.3574074821223039,0.9529205365386441,0.0,0.6084713670578551,0.6084713670578551
hrl,multi,1,weighted_cka,0,1044,3.060128847789804,234.0,0.7034370303153992,0.7015386819839478,1,0.0,0.6120257695579608,5,1,weighted_cka,21,96,0.4000000000000001,4.0,1.5238095238095237,0.34670238663209596,0.6746229082625358,1.2684825747399588,0.41480442761979053,0.35551655053542336,0.0,0.6120257695579608,0.6120257695579608
hrl,multi,1,weighted_cka,0,1045,2.9883176742172277,256.0,0.7029958367347717,0.700416624546051,1,0.0,0.5976635348434456,5,1,weighted_cka,27,126,0.39999999999999997,4.0,1.5555555555555556,0.5493361383219743,0.49819601985290485,1.1913247375597127,0.3968302821042015,0.35263049637843497,0.0,0.5976635348434456,0.5976635348434456
hrl,multi,1,weighted_cka,0,1046,3.01434206871956,245.0,0.7040713429450989,0.7023488879203796,1,0.0,0.6028684137439122,5,1,weighted_cka,24,114,0.4,4.0,1.5833333333333333,0.2912569624811876,0.5393150013256817,0.7748131113415583,0.31748255056596814,1.0914744430051648,0.0,0.6028684137439122,0.6028684137439122
hrl,multi,1,weighted_cka,0,1047,3.01376063887801,250.0,0.7024810314178467,0.7002389430999756,1,0.0,0.602752127775602,5,1,weighted_cka,25,108,0.4,4.0,1.44,0.3354757203396874,0.4741330347731708,0.7398959686523302,0.3665422120539296,1.0977137030588926,0.0,0.602752127775602,0.602752127775602
hrl,multi,1,weighted_cka,0,1048,2.9985690905227953,245.0,0.7038148045539856,0.7009943127632141,1,0.0,0.599713818104559,5,1,weighted_cka,26,114,0.4,4.0,1.4615384615384615,0.3611067485263046,0.5436194395115598,1.2582058883123097,0.5069325358769855,0.32870447829563626,0.0,0.599713818104559,0.599713818104559
hrl,multi,1,weighted_cka,0,1049,2.9875620493500596,253.0,0.7046417593955994,0.7037225961685181,1,0.0,0.597512409870012,5,1,weighted_cka,24,114,0.4,4.0,1.5833333333333333,0.539870188770117,0.24287885890973832,0.7889794881553388,0.436290310576558,0.9795432029383081,0.0,0.597512409870012,0.597512409870012
hrl,multi,1,weighted_cka,0,1050,3.0685231101094965,233.0,0.7030403017997742,0.7003911137580872,1,0.0,0.6137046220218993,5,1,weighted_cka,23,102,0.4,4.0,1.4782608695652173,0.30950567389151534,0.7780988891581072,0.6680279792267828,0.9003771668532862,0.4125134009798056,0.0,0.6137046220218993,0.6137046220218993
hrl,multi,1,weighted_cka,0,1051,3.0257642065407113,241.0,0.7035835981369019,0.7004079818725586,1,0.0,0.6051528413081424,5,1,weighted_cka,24,102,0.4,4.0,1.4166666666666667,0.23198112392186876,0.6421430392200126,1.303567670307122,0.3966457185763864,0.45142665451532216,0.0,0.6051528413081424,0.6051528413081424
hrl,multi,1,weighted_cka,0,1052,3.0657071399524853,234.0,0.7028962969779968,0.7010571956634521,1,0.0,0.6131414279904972,5,1,weighted_cka,25,114,0.4,4.0,1.52,0.35672139540771597,0.5675816543214022,1.2464117201375773,0.38262015022383994,0.5123722198619506,0.0,0.6131414279904972,0.6131414279904972
hrl,multi,1,weighted_cka,0,1053,2.943083732990867,261.0,0.7039608955383301,0.7001255750656128,1,0.0,0.5886167465981734,5,1,weighted_cka,25,102,0.4,4.0,1.36,0.3387595395275273,0.5637542651800903,1.3011270751226691,0.36157856478940803,0.37786428837117264,0.0,0.5886167465981734,0.5886167465981734
hrl,multi,1,weighted_cka,0,1054,3.0800504053322353,231.0,0.7048698663711548,0.7023488879203796,1,0.0,0.6160100810664472,5,1,weighted_cka,23,108,0.4,4.0,1.565217391304348,0.4137466831651981,0.5261707918952451,0.7847780269742942,0.3907734845420345,0.9645814187554641,0.0,0.6160100810664472,0.6160100810664472
hrl,multi,1,weighted_cka,0,1055,3.0603764220111467,233.0,0.7026828527450562,0.7000671029090881,1,0.0,0.6120752844022295,5,1,weighted_cka,23,102,0.4,4.0,1.4782608695652173,0.43845227214694005,0.4543781903586349,0.7682701054359785,0.39760089326882725,1.0016749608007665,0.0,0.6120752844022295,0.6120752844022295
hrl,multi,1,weighted_cka,0,1056,3.0016958006146583,248.0,0.7038366198539734,0.7020390629768372,1,0.0,0.6003391601229318,5,1,weighted_cka,24,114,0.4,4.0,1.5833333333333333,0.5144825755751224,0.3871852211592486,1.1888483083802273,0.41344251806940874,0.49773717743065193,0.0,0.6003391601229318,0.6003391601229318
hrl,multi,1,weighted_cka,0,1057,3.0597473184905235,233.0,0.701708197593689,0.7001625895500183,1,0.0,0.6119494636981047,5,1,weighted_cka,24,108,0.4,4.0,1.5,0.5164154611319535,0.39199068967276246,1.2109695369084363,0.3967163211100268,0.543655309667345,0.0,0.6119494636981047,0.6119494636981047
hrl,multi,1,weighted_cka,0,1058,3.0769601836041764,228.0,0.7051759958267212,0.7038397192955017,1,0.0,0.6153920367208353,5,1,weighted_cka,25,114,0.4,4.0,1.52,0.32254751056576775,0.6993327020872383,1.2168863438051192,0.38580268798617173,0.45239093915988005,0.0,0.6153920367208353,0.6153920367208353
hrl,multi,1,weighted_cka,0,1059,3.0251932900726666,242.0,0.7028368711471558,0.7001255750656128,1,0.0,0.6050386580145333,5,1,weighted_cka,23,102,0.3993956111256604,4.0,1.4782608695652173,0.5379737591066803,0.5630080967065877,1.1955013247170716,0.40083190215192727,0.32787820739040024,0.0,0.6050386580145333,0.6050386580145333
hrl,multi,1,weighted_cka,0,1060,3.082646187642937,233.0,0.7038333415985107,0.7012479901313782,1,0.0,0.6165292375285876,5,1,weighted_cka,22,102,0.39899268520943404,4.0,1.5454545454545454,0.41179513572622073,0.6124852550537324,1.2104391175336202,0.3543970540749141,0.4935296252544502,0.0,0.6165292375285876,0.6165292375285876
hrl,multi,1,weighted_cka,0,1061,3.0239203805421626,241.0,0.7050682306289673,0.7019150853157043,1,0.0,0.6047840761084327,5,1,weighted_cka,25,114,0.39909871834528304,4.0,1.52,0.4858538868155372,0.36762761678220696,1.2784258984316255,0.4554205608135088,0.4365924176992847,0.0,0.6047840761084327,0.6047840761084327
hrl,multi,1,weighted_cka,0,1062,3.0218503832387165,242.0,0.7034288644790649,0.7019450068473816,1,0.0,0.6043700766477433,5,1,weighted_cka,24,108,0.39923891771379466,4.0,1.5,0.5603617713134407,0.5614508447018159,1.1673968772403893,0.3852550363954214,0.3473858535876497,0.0,0.6043700766477433,0.6043700766477433
hrl,multi,1,weighted_cka,0,1063,3.051333557680168,236.0,0.7043501734733582,0.7006288170814514,1,0.0,0.6102667115360336,5,1,weighted_cka,24,114,0.39945923100716985,4.0,1.5833333333333333,0.5028409058978248,0.5376840427606365,1.2394391546400727,0.38487056159202976,0.38649889278960464,0.0,0.6102667115360336,0.6102667115360336
hrl,multi,1,weighted_cka,0,1064,3.065655935070345,237.0,0.7038174867630005,0.7003189921379089,1,0.0,0.6131311870140691,5,1,weighted_cka,23,102,0.4,4.0,1.4782608695652173,0.3466123759504407,0.8040127943633123,1.1657320115915497,0.3664989937974605,0.38279975936758265,0.0,0.6131311870140691,0.6131311870140691
hrl,multi,1,weighted_cka,0,1065,2.993353001581642,248.0,0.7047216892242432,0.7022072672843933,1,0.0,0.5986706003163283,5,1,weighted_cka,25,114,0.4,4.0,1.52,0.48053701219276246,0.5315019004447384,1.2192578061841775,0.3771570635577663,0.3848992192021978,0.0,0.5986706003163283,0.5986706003163283
hrl,multi,1,weighted_cka,0,1066,2.9624513276334024,256.0,0.7028509974479675,0.7003301978111267,1,0.0,0.5924902655266806,5,1,weighted_cka,26,126,0.39999999999999997,4.0,1.6153846153846154,0.548302008253522,0.36973070691648163,1.2192075232109052,0.38871306933416044,0.4364980199183336,0.0,0.5924902655266806,0.5924902655266806
hrl,multi,1,weighted_cka,0,1067,3.061700359831563,233.0,0.7029801607131958,0.7002735137939453,1,0.0,0.6123400719663127,5,1,weighted_cka,23,108,0.4,4.0,1.565217391304348,0.4858830613566095,0.5261221567089668,1.274012948291376,0.41190744732459994,0.3637747461500111,0.0,0.6123400719663127,0.6123400719663127
hrl,multi,1,weighted_cka,0,1068,3.1079832826922735,224.0,0.7018814086914062,0.7005871534347534,1,0.0,0.6215966565384548,5,1,weighted_cka,23,102,0.4,4.0,1.4782608695652173,0.3575555235370993,0.691491267598234,1.2896875594956798,0.36851565377811396,0.4007332782831471,0.0,0.6215966565384548,0.6215966565384548
hrl,multi,1,weighted_cka,0,1069,3.048293860129487,235.0,0.7024164199829102,0.7014407515525818,1,0.0,0.6096587720258975,5,1,weighted_cka,23,108,0.4,4.0,1.565217391304348,0.36567499809514253,0.549797924379818,0.7863420184953137,0.38086680413072455,0.9656121150284888,0.0,0.6096587720258975,0.6096587720258975
hrl,multi,1,weighted_cka,0,1070,3.0312050945295037,240.0,0.7035351395606995,0.700661301612854,1,0.0,0.6062410189059009,5,1,weighted_cka,24,108,0.4,4.0,1.5,0.3079787858133931,0.7249281921747605,1.1972998809590933,0.3918297705786535,0.40916846500360393,0.0,0.6062410189059009,0.6062410189059009
hrl,multi,1,weighted_cka,0,1071,3.0972993165957656,224.0,0.7039016485214233,0.7023488879203796,1,0.0,0.6194598633191533,5,1,weighted_cka,23,102,0.4,4.0,1.4782608695652173,0.34338616539561184,0.5693289708413648,0.7129539040829985,1.026730009685736,0.4449002665900551,0.0,0.6194598633191533,0.6194598633191533
hrl,multi,1,weighted_cka,0,1072,3.1147043188403756,220.0,0.7039372324943542,0.7023488879203796,1,0.0,0.6229408637680752,5,1,weighted_cka,21,96,0.4000000000000001,4.0,1.5238095238095237,0.5458052094518205,0.37345934018678956,1.2246962659624403,0.5511660714372991,0.41957743180202656,0.0,0.6229408637680752,0.6229408637680752
hrl,multi,1,weighted_cka,0,1073,3.0049975186686484,248.0,0.7033330202102661,0.7007008790969849,1,0.0,0.6009995037337298,5,1,weighted_cka,25,114,0.4,4.0,1.52,0.2692110965587198,0.5961270796838215,1.260096900266595,0.5202700854097492,0.3592923567497637,0.0,0.6009995037337298,0.6009995037337298
hrl,multi,1,weighted_cka,0,1074,2.8926450881828627,277.0,0.7040632367134094,0.7015023231506348,1,0.0,0.5785290176365725,5,1,weighted_cka,28,126,0.39999999999999997,4.0,1.5,0.5306429622988215,0.5534704163284331,1.166568893884774,0.4303864681969861,0.21157634747384854,0.0,0.5785290176365725,0.5785290176365725
hrl,multi,1,weighted_cka,0,1075,3.010472303513247,246.0,0.7048210501670837,0.7002838253974915,1,0.0,0.6020944607026494,5,1,weighted_cka,25,114,0.4,4.0,1.52,0.4348420020523479,0.5915631217467597,1.3044064840283243,0.3046627105469814,0.37499798513883426,0.0,0.6020944607026494,0.6020944607026494
hrl,multi,1,weighted_cka,0,1076,3.0639001161736656,229.0,0.70372474193573,0.7022931575775146,1,0.0,0.6127800232347332,5,1,weighted_cka,23,102,0.4,4.0,1.4782608695652173,0.5023521313687086,0.4794918245708103,1.3003167832717297,0.40233502302365365,0.37940435393876387,0.0,0.6127800232347332,0.6127800232347332
hrl,multi,1,weighted_cka,0,1077,3.0337019986633664,234.0,0.7040948867797852,0.7022269368171692,1,0.0,0.6067403997326734,5,1,weighted_cka,23,102,0.4,4.0,1.4782608695652173,0.48510020609735494,0.6485736820464952,1.218377251083031,0.3879910309305414,0.2936598285059444,0.0,0.6067403997326734,0.6067403997326734
hrl,multi,1,weighted_cka,0,1078,3.1149251895793992,222.0,0.7044099569320679,0.7023488879203796,1,0.0,0.6229850379158799,5,1,weighted_cka,22,102,0.4,4.0,1.5454545454545454,0.3044065870107151,0.6310820762272923,1.224487343184184,0.4155905318985168,0.5393586512586915,0.0,0.6229850379158799,0.6229850379158799
hrl,multi,1,weighted_cka,0,1079,3.062670751101598,234.0,0.7032075524330139,0.7002987265586853,1,0.0,0.6125341502203197,5,1,weighted_cka,23,108,0.398355168442524,4.0,1.565217391304348,0.44486366798172805,0.6123686838946304,1.2833764347415415,0.3410620727126951,0.3809998917710035,0.0,0.6125341502203197,0.6125341502203197
hrl,multi,1,weighted_cka,0,1080,3.025106970359803,242.0,0.7028292417526245,0.701372504234314,1,0.0,0.6050213940719606,5,1,weighted_cka,25,114,0.3922086926224821,4.0,1.52,0.3280475201695225,0.6008598264465107,1.3005983747057615,0.34185190765745926,0.45374934138054945,0.0,0.6050213940719606,0.6050213940719606
hrl,multi,1,weighted_cka,0,1081,2.901886200046631,279.0,0.7042167782783508,0.7035494446754456,1,0.0,0.5803772400093263,5,1,weighted_cka,28,108,0.39342067377009604,4.0,1.2857142857142858,0.12661233690113277,0.613974064500071,1.2324632026539182,0.418349452460301,0.5104871435312087,0.0,0.5803772400093263,0.5803772400093263
hrl,multi,1,weighted_cka,0,1082,3.0872395186951604,222.0,0.7045470476150513,0.7023488879203796,1,0.0,0.6174479037390321,5,1,weighted_cka,22,102,0.3912920682251271,4.0,1.5454545454545454,0.5588834241842849,0.5809816117851586,1.2064461078476159,0.370666096216184,0.3702622786619176,0.0,0.6174479037390321,0.6174479037390321
hrl,multi,1,weighted_cka,0,1083,3.0900370119213245,224.0,0.7031413912773132,0.700614333152771,1,0.0,0.618007402384265,5,1,weighted_cka,22,96,0.39259825799135806,4.0,1.4545454545454546,0.30818873880151654,0.5706252059532925,1.3014226281298322,0.38700184911070384,0.52279858992598,0.0,0.618007402384265,0.618007402384265
hrl,multi,1,weighted_cka,0,1084,3.096464340567304,226.0,0.7029563188552856,0.7006797790527344,1,0.0,0.6192928681134608,5,1,weighted_cka,22,102,0.3982584136450255,4.0,1.5454545454545454,0.30865876287387795,0.7246362568084149,1.2791820372897198,0.38859592368765145,0.39539135990764035,0.0,0.6192928681134608,0.6192928681134608
hrl,multi,1,weighted_cka,0,1085,3.0283682452291383,240.0,0.7026609182357788,0.7011054754257202,1,0.0,0.6056736490458278,5,1,weighted_cka,25,120,0.4,4.0,1.6,0.4486889660099985,0.4490357263102195,1.2354076202372086,0.5118944600734975,0.38334147259821466,0.0,0.6056736490458278,0.6056736490458278
hrl,multi,1,weighted_cka,0,1086,3.088584286285534,229.0,0.7025694251060486,0.7006361484527588,1,0.0,0.6177168572571069,5,1,weighted_cka,22,96,0.4000000000000001,4.0,1.4545454545454546,0.3981843224106123,0.694287997301435,1.182068342211656,0.3991899260755744,0.41485369828625684,0.0,0.6177168572571069,0.6177168572571069
hrl,multi,1,weighted_cka,0,1087,3.0381041956739487,235.0,0.7036975026130676,0.7011910676956177,1,0.0,0.6076208391347898,5,1,weighted_cka,25,114,0.4,4.0,1.52,0.2958700746770482,0.7925408791024237,1.2177925963983869,0.3998609620924106,0.33203968340368,0.0,0.6076208391347898,0.6076208391347898
hrl,multi,1,weighted_cka,0,1088,2.9731048595586076,257.0,0.7037739753723145,0.7006867527961731,1,0.0,0.5946209719117215,5,1,weighted_cka,25,120,0.4,4.0,1.6,0.3263871680292067,0.6500166504120332,1.2187914581368675,0.4254045723327434,0.35250501064775736,0.0,0.5946209719117215,0.5946209719117215
hrl,multi,1,weighted_cka,0,1089,3.032247848244648,238.0,0.7045522928237915,0.7023488879203796,1,0.0,0.6064495696489296,5,1,weighted_cka,23,108,0.4,4.0,1.565217391304348,0.5354295385522999,0.35653371620911994,1.3007628736300392,0.47641141782887264,0.3631103020243171,0.0,0.6064495696489296,0.6064495696489296
hrl,multi,1,weighted_cka,0,1090,3.053638030098299,230.0,0.7034268379211426,0.7018422484397888,1,0.0,0.6107276060196598,5,1,weighted_cka,23,108,0.4,4.0,1.565217391304348,0.42443351082783176,0.7048455542046576,1.2077035655323414,0.3409018954155762,0.3757535041178925,0.0,0.6107276060196598,0.6107276060196598
hrl,multi,1,weighted_cka,0,1091,3.0986971274847734,225.0,0.7033545970916748,0.7006257772445679,1,0.0,0.6197394254969548,5,1,weighted_cka,23,102,0.4,4.0,1.4782608695652173,0.3961667403714963,0.7268233377654104,1.216335671292152,0.4148029575052786,0.3445684205504366,0.0,0.6197394254969548,0.6197394254969548
hrl,multi,1,weighted_cka,0,1092,3.043740207023306,236.0,0.7042862176895142,0.7012644410133362,1,0.0,0.6087480414046613,5,1,weighted_cka,24,108,0.4,4.0,1.5,0.5291904771702828,0.5024090981553307,1.2491802982101214,0.41464668875499033,0.34831364473258136,0.0,0.6087480414046613,0.6087480414046613
hrl,multi,1,weighted_cka,0,1093,2.972242255866206,259.0,0.7035897970199585,0.7005029320716858,1,0.0,0.5944484511732412,5,1,weighted_cka,27,126,0.39999999999999997,4.0,1.5555555555555556,0.41748574987985176,0.6471644076698283,1.1638025753665713,0.40565746095392374,0.33813206199603146,0.0,0.5944484511732412,0.5944484511732412
hrl,multi,1,weighted_cka,0,1094,3.080616332465956,231.0,0.7039691805839539,0.7009362578392029,1,0.0,0.6161232664931913,5,1,weighted_cka,22,102,0.4,4.0,1.5454545454545454,0.3989685395052074,0.6697083138816523,1.1684146249014882,0.4114971569939515,0.4320276971836573,0.0,0.6161232664931913,0.6161232664931913
hrl,multi,1,weighted_cka,0,1095,3.047111912749259,230.0,0.704180121421814,0.702365517616272,1,0.0,0.6094223825498518,5,1,weighted_cka,23,102,0.4,4.0,1.4782608695652173,0.5358837540218372,0.4839785619410685,1.2962579622031187,0.38126993523840785,0.3497216993448273,0.0,0.6094223825498518,0.6094223825498518
hrl,multi,1,weighted_cka,0,1096,3.091217252639936,227.0,0.7052513360977173,0.7028598785400391,1,0.0,0.6182434505279872,5,1,weighted_cka,23,102,0.4,4.0,1.4782608695652173,0.5089557689139618,0.6648849802687763,1.2188306192615999,0.3762623645505518,0.3222835196450468,0.0,0.6182434505279872,0.6182434505279872
hrl,multi,1,weighted_cka,0,1097,3.079827573119545,230.0,0.7045303583145142,0.7009171843528748,1,0.0,0.6159655146239091,5,1,weighted_cka,22,102,0.4,4.0,1.5454545454545454,0.554784853601246,0.49354404081415837,1.2721220487942917,0.39236170255474273,0.3670149273551068,0.0,0.6159655146239091,0.6159655146239091
hrl,multi,1,weighted_cka,0,1098,3.0649393332139576,233.0,0.7038259506225586,0.7009798884391785,1,0.0,0.6129878666427916,5,1,weighted_cka,24,108,0.4,4.0,1.5,0.4351054812073706,0.6920700997859238,1.2182075354135593,0.36108582507632664,0.3584703917307778,0.0,0.6129878666427916,0.6129878666427916
hrl,multi,1,weighted_cka,0,1099,3.060196640377281,232.0,0.7023260593414307,0.7003213763237,1,0.0,0.6120393280754562,5,1,weighted_cka,24,114,0.4,4.0,1.5833333333333333,0.5621862957103875,0.34247334960312575,1.30065233565215,0.45798899321351183,0.3968956661981064,0.0,0.6120393280754562,0.6120393280754562
hrl,multi,1,weighted_cka,0,1100,3.089044755025853,227.0,0.7045446634292603,0.7023488879203796,1,0.0,0.6178089510051705,5,1,weighted_cka,22,102,0.4,4.0,1.5454545454545454,0.413299442420597,0.7077348946877754,1.1931254771742967,0.410037959457375,0.3648469812858092,0.0,0.6178089510051705,0.6178089510051705
hrl,multi,1,weighted_cka,0,1101,3.013940402721097,243.0,0.7038024663925171,0.7001540660858154,1,0.0,0.6027880805442195,5,1,weighted_cka,24,102,0.4,4.0,1.4166666666666667,0.3434236447009898,0.6035364216493907,1.2344469808267893,0.4529933219268131,0.379540033617115,0.0,0.6027880805442195,0.6027880805442195
hrl,multi,1,weighted_cka,0,1102,3.072278997318236,227.0,0.7035255432128906,0.7001236081123352,1,0.0,0.6144557994636473,5,1,weighted_cka,23,108,0.4,4.0,1.565217391304348,0.3205785992254968,0.7839156636008991,1.2038163602333514,0.40994012830889537,0.35402824594959376,0.0,0.6144557994636473,0.6144557994636473
hrl,multi,1,weighted_cka,0,1103,3.0809089751923153,227.0,0.7043256759643555,0.7023488879203796,1,0.0,0.616181795038463,5,1,weighted_cka,23,108,0.4,4.0,1.565217391304348,0.43569702371768637,0.709948153107718,1.19310752478044,0.3721564401757204,0.3699998334107512,0.0,0.616181795038463,0.616181795038463
hrl,multi,1,weighted_cka,0,1104,3.047607684413839,234.0,0.7035554647445679,0.7007731199264526,1,0.0,0.6095215368827678,5,1,weighted_cka,23,102,0.4,4.0,1.4782608695652173,0.5501763090341117,0.6149295195836456,1.213619987792801,0.30236026935692245,0.36652159864635897,0.0,0.6095215368827678,0.6095215368827678
hrl,multi,1,weighted_cka,0,1105,3.0666225721215365,231.0,0.7032004594802856,0.7011233568191528,1,0.0,0.6133245144243074,5,1,weighted_cka,23,102,0.4,4.0,1.4782608695652173,0.46279898557881805,0.6770799336619674,1.204951833780389,0.34959089976448005,0.37220091933588256,0.0,0.6133245144243074,0.6133245144243074
hrl,multi,1,weighted_cka,0,1106,2.972147570544867,257.0,0.7029823660850525,0.7002160549163818,1,0.0,0.5944295141089735,5,1,weighted_cka,25,120,0.4,4.0,1.6,0.5511174867914522,0.42843184530065603,1.1644806860806418,0.45587967906333493,0.3722378733087825,0.0,0.5944295141089735,0.5944295141089735
hrl,multi,1,weighted_cka,0,1107,2.9704711446879433,255.0,0.7042490839958191,0.7008060812950134,1,0.0,0.5940942289375888,5,1,weighted_cka,26,120,0.4,4.0,1.5384615384615385,0.2808655461191665,0.7427037129532544,1.0997919068029147,0.4345782522478038,0.4125317265648044,0.0,0.5940942289375888,0.5940942289375888
hrl,multi,1,weighted_cka,0,1108,2.9929437290136107,243.0,0.7035069465637207,0.7002126574516296,1,0.0,0.5985887458027221,5,1,weighted_cka,25,114,0.4,4.0,1.52,0.3318058049720711,0.7004912341788293,1.1802453519990665,0.39035774016566566,0.39004359769797875,0.0,0.5985887458027221,0.5985887458027221
hrl,multi,1,weighted_cka,0,1109,3.00002505402214,252.0,0.7029063105583191,0.7001093626022339,1,0.0,0.6000050108044281,5,1,weighted_cka,25,102,0.4,4.0,1.36,0.27904584621245143,0.7037994742677546,1.184555482664611,0.3915940651265554,0.44103018575076824,0.0,0.6000050108044281,0.6000050108044281
hrl,multi,1,weighted_cka,0,1110,2.9970211029230036,251.0,0.7044621109962463,0.7009661793708801,1,0.0,0.5994042205846009,5,1,weighted_cka,24,114,0.4,4.0,1.5833333333333333,0.5418215486737316,0.5155115784127046,1.1679355546177828,0.4280706051912856,0.34368181602749964,0.0,0.5994042205846009,0.5994042205846009
hrl,multi,1,weighted_cka,0,1111,3.1010311283816105,222.0,0.7041236162185669,0.7023488879203796,1,0.0,0.6202062256763222,5,1,weighted_cka,23,102,0.4,4.0,1.4782608695652173,0.4509176954231223,0.6813669821806251,1.2187364959605036,0.3912774086748249,0.3587325461425352,0.0,0.6202062256763222,0.6202062256763222
hrl,multi,1,weighted_cka,0,1112,3.0169201620637582,248.0,0.7049781680107117,0.7031687498092651,1,0.0,0.6033840324127516,5,1,weighted_cka,25,120,0.4,4.0,1.6,0.547018280434422,0.565880128296092,1.1672247473718596,0.3741994565539916,0.3625975494073936,0.0,0.6033840324127516,0.6033840324127516
hrl,multi,1,weighted_cka,0,1113,3.0514413966426788,234.0,0.703971266746521,0.700874388217926,1,0.0,0.6102882793285358,5,1,weighted_cka,23,102,0.4,4.0,1.4782608695652173,0.3320538949896872,0.7383871030919252,1.2106820027907377,0.39047890068916596,0.3798394950811634,0.0,0.6102882793285358,0.6102882793285358
hrl,multi,1,weighted_cka,0,1114,3.0398977185223135,239.0,0.7037438154220581,0.7004660367965698,1,0.0,0.6079795437044628,5,1,weighted_cka,24,114,0.4,4.0,1.5833333333333333,0.3997576682786456,0.7618345639053731,1.1368682525746405,0.4018177442611194,0.33961948950253545,0.0,0.6079795437044628,0.6079795437044628
hrl,multi,1,weighted_cka,0,1115,2.9603002920703716,259.0,0.7040657997131348,0.7013864517211914,1,0.0,0.5920600584140743,5,1,weighted_cka,26,114,0.4,4.0,1.4615384615384615,0.5045922577690797,0.35751762961084016,1.1981342765629521,0.5135153860016725,0.38654074212582773,0.0,0.5920600584140743,0.5920600584140743
hrl,multi,1,weighted_cka,0,1116,3.0480180038144304,235.0,0.7038580775260925,0.7017881870269775,1,0.0,0.6096036007628862,5,1,weighted_cka,24,114,0.4,4.0,1.5833333333333333,0.4593268939551197,0.6829228319237007,1.2186195305180734,0.31571325903285463,0.3714354883846826,0.0,0.6096036007628862,0.6096036007628862
hrl,multi,1,weighted_cka,0,1117,3.067643944824506,229.0,0.7031949162483215,0.7017104029655457,1,0.0,0.6135287889649013,5,1,weighted_cka,22,96,0.4000000000000001,4.0,1.4545454545454546,0.4540046254200859,0.6434371554064563,1.205469066065736,0.36447078926078386,0.40026230867144463,0.0,0.6135287889649013,0.6135287889649013
hrl,multi,1,weighted_cka,0,1118,1.9591133665151674,300.0,0.6739374399185181,0.5768011808395386,0,0.0,0.39182267330303355,5,1,weighted_cka,29,144,0.39999999999999997,4.0,1.6551724137931034,0.0016378029859623298,0.2718167217327281,1.1774901774022726,0.09417560167787825,0.4139930627163265,0.0,0.39182267330303355,0.39182267330303355
hrl,multi,1,weighted_cka,0,1119,3.121181333899788,219.0,0.7034123539924622,0.7011469006538391,1,0.0,0.6242362667799577,5,1,weighted_cka,24,108,0.4,4.0,1.5,0.41064520440148755,0.5364856601627542,1.219874625464901,0.39093603651784353,0.5632398073528019,0.0,0.6242362667799577,0.6242362667799577
hrl,multi,1,weighted_cka,0,1120,3.1008054193246104,226.0,0.7035661339759827,0.7021463513374329,1,0.0,0.6201610838649222,5,1,weighted_cka,23,108,0.4,4.0,1.565217391304348,0.45411497625790054,0.6847620838060974,1.2153657950907943,0.40331309849641717,0.3432494656734015,0.0,0.6201610838649222,0.6201610838649222
hrl,multi,1,weighted_cka,0,1121,3.0819072747838496,228.0,0.7037945985794067,0.7023488879203796,1,0.0,0.61638145495677,5,1,weighted_cka,21,96,0.4000000000000001,4.0,1.5238095238095237,0.5250549780665895,0.5960850726422212,1.2186806136956436,0.36714499445352694,0.3749416159258689,0.0,0.61638145495677,0.61638145495677
hrl,multi,1,weighted_cka,0,1122,2.968894136743131,259.0,0.703014075756073,0.700371265411377,1,0.0,0.5937788273486262,5,1,weighted_cka,27,126,0.39999999999999997,4.0,1.5555555555555556,0.37090391490561875,0.6163578648515756,1.218377251083031,0.383128651211271,0.38012645469163536,0.0,0.5937788273486262,0.5937788273486262
hrl,multi,1,weighted_cka,0,1123,2.9209815467574285,270.0,0.7028377652168274,0.701269268989563,1,0.0,0.5841963093514858,5,1,weighted_cka,25,120,0.4,4.0,1.6,0.36673592193145294,0.7270703041888772,1.2064030869146807,0.23651331829993413,0.3842589154224842,0.0,0.5841963093514858,0.5841963093514858
hrl,multi,1,weighted_cka,0,1124,3.0961197149603237,227.0,0.7041230201721191,0.7023488879203796,1,0.0,0.6192239429920648,5,1,weighted_cka,25,114,0.4,4.0,1.52,0.3180236523812636,0.6044871550407259,1.1681628035944884,0.573574805693919,0.4318712982499272,0.0,0.6192239429920648,0.6192239429920648
hrl,multi,1,weighted_cka,0,1125,3.0906148375003637,229.0,0.7041756510734558,0.7022087574005127,1,0.0,0.6181229675000728,5,1,weighted_cka,22,102,0.4,4.0,1.5454545454545454,0.32114659484848374,0.6966630660621448,1.2057939743604509,0.4556222432806206,0.41138895894866423,0.0,0.6181229675000728,0.6181229675000728
hrl,multi,1,weighted_cka,0,1126,3.092837763566057,225.0,0.7036566734313965,0.7023488879203796,1,0.0,0.6185675527132115,5,1,weighted_cka,22,102,0.4,4.0,1.5454545454545454,0.33131568618863816,0.7101988657535984,1.2481390853859482,0.4249912764462641,0.37819284979160867,0.0,0.6185675527132115,0.6185675527132115
hrl,multi,1,weighted_cka,0,1127,3.0217786944059504,244.0,0.7021248936653137,0.7014309763908386,1,0.0,0.6043557388811902,5,1,weighted_cka,26,120,0.3923490168193208,4.0,1.5384615384615385,0.5252001513853318,0.6284939045011996,1.1511597323168532,0.356823289130556,0.3601016170720103,0.0,0.6043557388811902,0.6043557388811902
hrl,multi,1,weighted_cka,0,1128,3.053174627986168,236.0,0.7032219767570496,0.7012088298797607,1,0.0,0.6106349255972336,5,1,weighted_cka,23,108,0.39319912606161855,4.0,1.565217391304348,0.35087383724073873,0.7618135478515177,1.1765906239254398,0.3542042225636541,0.40969239640481814,0.0,0.6106349255972336,0.6106349255972336
hrl,multi,1,weighted_cka,0,1129,2.9722315874856418,254.0,0.7047319412231445,0.7023488879203796,1,0.0,0.5944463174971284,5,1,weighted_cka,25,114,0.3919463334940219,4.0,1.52,0.47073822277132404,0.6120966981742529,1.121824556622654,0.38500789201864966,0.38256421789876177,0.0,0.5944463174971284,0.5944463174971284
hrl,multi,1,weighted_cka,0,1130,2.9750457854592955,255.0,0.7040009498596191,0.7018392086029053,1,0.0,0.5950091570918591,5,1,weighted_cka,26,120,0.390818820183185,4.0,1.5384615384615385,0.3859953588056377,0.6370632810519453,1.200956462438218,0.3506630623908713,0.4003676207726238,0.0,0.5950091570918591,0.5950091570918591
hrl,multi,1,weighted_cka,0,1131,3.0807221397873024,225.0,0.704625129699707,0.7024654746055603,1,0.0,0.6161444279574605,5,1,weighted_cka,22,102,0.4,4.0,1.5454545454545454,0.33304739038320247,0.607261568231508,1.2807183021428061,0.3755955962485313,0.484099282781255,0.0,0.6161444279574605,0.6161444279574605
hrl,multi,1,weighted_cka,0,1132,3.0806886749405518,231.0,0.7024648189544678,0.7003400325775146,1,0.0,0.6161377349881104,5,1,weighted_cka,22,102,0.4,4.0,1.5454545454545454,0.3603162301285774,0.7414276981698348,1.218029703384265,0.36973429240533723,0.39118075085253795,0.0,0.6161377349881104,0.6161377349881104
hrl,multi,1,weighted_cka,0,1133,3.1087843704709655,220.0,0.7021877765655518,0.7000696659088135,1,0.0,0.6217568740941931,5,1,weighted_cka,24,108,0.4,4.0,1.5,0.42429132565110905,0.6841713334526865,1.1947818071441723,0.36041469347121885,0.44512521075177924,0.0,0.6217568740941931,0.6217568740941931
hrl,multi,1,weighted_cka,0,1134,3.0240430505340687,246.0,0.7045663595199585,0.7023488879203796,1,0.0,0.6048086101068137,5,1,weighted_cka,24,114,0.4,4.0,1.5833333333333333,0.37266643030033436,0.6282211354294557,1.2113440805329008,0.3872595638649072,0.4245518404064713,0.0,0.6048086101068137,0.6048086101068137
hrl,multi,1,weighted_cka,0,1135,3.0370831821906528,235.0,0.7043706178665161,0.7025527954101562,1,0.0,0.6074166364381306,5,1,weighted_cka,23,108,0.4,4.0,1.565217391304348,0.530780553606455,0.6069244740651919,1.2058999595133644,0.3420138169191122,0.3514643780865298,0.0,0.6074166364381306,0.6074166364381306
hrl,multi,1,weighted_cka,0,1136,3.057338436442095,230.0,0.7031580805778503,0.7007240653038025,1,0.0,0.611467687288419,5,1,weighted_cka,24,102,0.4,4.0,1.4166666666666667,0.3109940019904169,0.5677589167580007,1.1546596496696582,0.5718275048255453,0.4520983631984744,0.0,0.611467687288419,0.611467687288419
hrl,multi,1,weighted_cka,0,1137,3.0718965609322173,230.0,0.7050696015357971,0.7015678882598877,1,0.0,0.6143793121864436,5,1,weighted_cka,22,102,0.4,4.0,1.5454545454545454,0.3358709832606836,0.6817380336979403,1.2625028306199235,0.4278929865294484,0.36389172682422205,0.0,0.6143793121864436,0.6143793121864436
hrl,multi,1,weighted_cka,0,1138,3.056114832891335,232.0,0.7038522958755493,0.7023488879203796,1,0.0,0.6112229665782671,5,1,weighted_cka,24,114,0.4,4.0,1.5833333333333333,0.45600242927856727,0.6789407041082157,1.2149766171565277,0.35141515958867964,0.3547799227593453,0.0,0.6112229665782671,0.6112229665782671
hrl,multi,1,weighted_cka,0,1139,3.0869695799793395,230.0,0.7045179605484009,0.7023488879203796,1,0.0,0.6173939159958679,5,1,weighted_cka,23,102,0.4,4.0,1.4782608695652173,0.5266162065006791,0.6088067716220392,1.2159675897487903,0.3719931339219619,0.36358587818586957,0.0,0.6173939159958679,0.6173939159958679
hrl,multi,1,weighted_cka,0,1140,3.0989284318031265,229.0,0.7035996913909912,0.700959324836731,1,0.0,0.6197856863606254,5,1,weighted_cka,22,102,0.4,4.0,1.5454545454545454,0.33701121549983504,0.7119299260792321,1.220246495590545,0.4307804082455112,0.39896038638800374,0.0,0.6197856863606254,0.6197856863606254
hrl,multi,1,weighted_cka,0,1141,2.993934252154852,249.0,0.7021771669387817,0.7006761431694031,1,0.0,0.5987868504309705,5,1,weighted_cka,25,120,0.4,4.0,1.6,0.31087088591256173,0.5870588622950016,1.2530221512001005,0.378229668367654,0.46475268437953476,0.0,0.5987868504309705,0.5987868504309705
hrl,multi,1,weighted_cka,0,1142,3.048251970135649,238.0,0.7026602029800415,0.7000078558921814,1,0.0,0.60965039402713,5,1,weighted_cka,25,114,0.4,4.0,1.52,0.28399344088445644,0.5981944558294489,1.2742513772929085,0.5267056106673552,0.3651070854614808,0.0,0.60965039402713,0.60965039402713
hrl,multi,1,weighted_cka,0,1143,3.0232107247679947,245.0,0.7028886079788208,0.7004985213279724,1,0.0,0.6046421449535989,5,1,weighted_cka,24,108,0.4,4.0,1.5,0.45786839622748066,0.586469471518183,1.2483941850583067,0.36539399488666086,0.3650846770773641,0.0,0.6046421449535989,0.6046421449535989
hrl,multi,1,weighted_cka,0,1144,2.973082292416241,254.0,0.7032940983772278,0.7007685303688049,1,0.0,0.5946164584832483,5,1,weighted_cka,24,114,0.4,4.0,1.5833333333333333,0.5396234800286691,0.5009717506215964,1.2103787983590735,0.35421932558575636,0.367888937821146,0.0,0.5946164584832483,0.5946164584832483
hrl,multi,1,weighted_cka,0,1145,3.0101567146575676,250.0,0.7025822401046753,0.7003216743469238,1,0.0,0.6020313429315135,5,1,weighted_cka,26,120,0.4,4.0,1.5384615384615385,0.3804378054371044,0.7224529358213766,1.102498005534522,0.44058101063640775,0.36418695722815747,0.0,0.6020313429315135,0.6020313429315135
hrl,multi,1,weighted_cka,0,1146,3.0135568289535573,248.0,0.7032660245895386,0.7000657916069031,1,0.0,0.6027113657907115,5,1,weighted_cka,24,114,0.4,4.0,1.5833333333333333,0.5319954434959798,0.6360681892349384,1.1129434852302071,0.3804575367390643,0.3520921742533682,0.0,0.6027113657907115,0.6027113657907115
hrl,multi,1,weighted_cka,0,1147,3.087328583706111,230.0,0.7035022377967834,0.7002213001251221,1,0.0,0.6174657167412222,5,1,weighted_cka,24,108,0.4,4.0,1.5,0.3506230183735896,0.7677276412267237,1.1915434614764524,0.3936860464564524,0.3837484161728934,0.0,0.6174657167412222,0.6174657167412222
hrl,multi,1,weighted_cka,0,1148,3.102459110864415,221.0,0.7032073736190796,0.7000454068183899,1,0.0,0.6204918221728831,5,1,weighted_cka,22,102,0.4,4.0,1.5454545454545454,0.35386241690674786,0.5803425810700281,1.2546365637313572,0.39833473004912945,0.5152828191071529,0.0,0.6204918221728831,0.6204918221728831
hrl,multi,1,weighted_cka,0,1149,2.9800036253595668,255.0,0.7041024565696716,0.7000302672386169,1,0.0,0.5960007250719135,5,1,weighted_cka,26,126,0.39999999999999997,4.0,1.6153846153846154,0.41103594571631386,0.6148055305266241,1.1992613346911964,0.4170414068184326,0.33785940760700023,0.0,0.5960007250719135,0.5960007250719135
hrl,multi,1,weighted_cka,0,1150,3.0432053805690362,239.0,0.7036007642745972,0.7023488879203796,1,0.0,0.6086410761138074,5,1,weighted_cka,23,102,0.4,4.0,1.4782608695652173,0.5539949951834277,0.5850393762979073,1.1944762485432436,0.3772702757394872,0.33242448480497105,0.0,0.6086410761138074,0.6086410761138074
hrl,multi,1,weighted_cka,0,1151,3.0513092945272207,234.0,0.703803300857544,0.7000696659088135,1,0.0,0.6102618589054442,5,1,weighted_cka,24,114,0.4,4.0,1.5833333333333333,0.37515801930701115,0.6630711528677492,1.2492881517023777,0.39868875116098196,0.36510321948910124,0.0,0.6102618589054442,0.6102618589054442
hrl,multi,1,weighted_cka,0,1152,3.086674179557477,227.0,0.7025288343429565,0.7004889249801636,1,0.0,0.6173348359114954,5,1,weighted_cka,23,102,0.4,4.0,1.4782608695652173,0.5012861410113981,0.40911622243304735,1.273197573165409,0.41746313247177735,0.4856111104758455,0.0,0.6173348359114954,0.6173348359114954
hrl,multi,1,weighted_cka,0,1153,3.0383107688919395,243.0,0.7016599178314209,0.7000454068183899,1,0.0,0.607662153778388,5,1,weighted_cka,23,108,0.4,4.0,1.565217391304348,0.5031983394927809,0.5841178033771574,1.2120631296634672,0.38768207036028607,0.35124942599824854,0.0,0.607662153778388,0.607662153778388
hrl,multi,1,weighted_cka,0,1154,3.032709334081969,241.0,0.7032761573791504,0.7006492614746094,1,0.0,0.6065418668163939,5,1,weighted_cka,24,114,0.4,4.0,1.5833333333333333,0.2938327126738731,0.539214813593251,1.2821496693864463,0.4379335057274437,0.47957863270095535,0.0,0.6065418668163939,0.6065418668163939
hrl,multi,1,weighted_cka,0,1155,3.0988306937577423,223.0,0.703238844871521,0.7017579078674316,1,0.0,0.6197661387515485,5,1,weighted_cka,23,102,0.4,4.0,1.4782608695652173,0.551640084114915,0.5671605478730634,1.2178315389533525,0.4120572749068959,0.350141247909516,0.0,0.6197661387515485,0.6197661387515485
hrl,multi,1,weighted_cka,0,1156,3.0885927798459294,225.0,0.7039942741394043,0.7011986970901489,1,0.0,0.6177185559691859,5,1,weighted_cka,22,102,0.4,4.0,1.5454545454545454,0.5361701069427652,0.6371359970771008,1.197842287270352,0.3595144964529317,0.3579298921027802,0.0,0.6177185559691859,0.6177185559691859
hrl,multi,1,weighted_cka,0,1157,3.058421684698786,230.0,0.7044243216514587,0.7023488879203796,1,0.0,0.6116843369397573,5,1,weighted_cka,24,108,0.4,4.0,1.5,0.3597048295535242,0.528761196778505,1.2965738173439165,0.43028474907670156,0.44309709194613955,0.0,0.6116843369397573,0.6116843369397573
hrl,multi,1,weighted_cka,0,1158,2.4019326923734283,300.0,0.7009153366088867,0.6874016523361206,0,0.0,0.48038653847468565,5,1,weighted_cka,30,150,0.39999999999999997,4.0,1.6666666666666667,0.470417087800335,0.20538412523409333,1.1695263799908568,0.4536246838660444,0.10298041548209924,0.0,0.48038653847468565,0.48038653847468565
hrl,multi,1,weighted_cka,0,1159,3.0179765099556812,249.0,0.7031873464584351,0.7010515928268433,1,0.0,0.6035953019911363,5,1,weighted_cka,25,114,0.4,4.0,1.52,0.5472016681836683,0.5543127922761194,1.200894677236676,0.35126571495458475,0.3643016573046333,0.0,0.6035953019911363,0.6035953019911363
hrl,multi,1,weighted_cka,0,1160,3.082934488088706,229.0,0.7024269104003906,0.7000215649604797,1,0.0,0.6165868976177413,5,1,weighted_cka,23,102,0.4,4.0,1.4782608695652173,0.5259337472328914,0.6211748409522696,1.2188318744515998,0.3565495116034289,0.360444513848517,0.0,0.6165868976177413,0.6165868976177413
hrl,multi,1,weighted_cka,0,1161,2.9957924767721793,250.0,0.7058988213539124,0.7048304080963135,1,0.0,0.5991584953544359,5,1,weighted_cka,25,114,0.4,4.0,1.52,0.42958096561348047,0.6376414558994582,1.215018484638155,0.34924472033372145,0.3643068502873647,0.0,0.5991584953544359,0.5991584953544359
hrl,multi,1,weighted_cka,0,1162,3.0389193976960365,242.0,0.7034263014793396,0.7006801962852478,1,0.0,0.6077838795392073,5,1,weighted_cka,24,108,0.4,4.0,1.5,0.3069546969310612,0.6206266469360561,1.300654213780537,0.3834916613168315,0.42719217873155124,0.0,0.6077838795392073,0.6077838795392073
hrl,multi,1,weighted_cka,0,1163,3.021938699350109,243.0,0.702241063117981,0.7001278400421143,1,0.0,0.6043877398700219,5,1,weighted_cka,24,114,0.4,4.0,1.5833333333333333,0.5274997364392037,0.6037596204644068,1.1710696851098907,0.352299657361349,0.3673099999752593,0.0,0.6043877398700219,0.6043877398700219
hrl,multi,1,weighted_cka,0,1164,3.089912969862226,227.0,0.7018990516662598,0.7010022401809692,1,0.0,0.6179825939724453,5,1,weighted_cka,23,108,0.4,4.0,1.565217391304348,0.3474883752703899,0.7726450237771495,1.2183791304919867,0.3971762786358594,0.3542241616868413,0.0,0.6179825939724453,0.6179825939724453
hrl,multi,1,weighted_cka,0,1165,2.9419475380393774,263.0,0.703376054763794,0.7020090222358704,1,0.0,0.5883895076078755,5,1,weighted_cka,26,120,0.4,4.0,1.5384615384615385,0.3406341513298347,0.5593292274771936,1.2729888513199983,0.40802167537959744,0.3609736325327539,0.0,0.5883895076078755,0.5883895076078755
hrl,multi,1,weighted_cka,0,1166,3.02809534278151,244.0,0.703717827796936,0.7019057273864746,1,0.0,0.6056190685563021,5,1,weighted_cka,24,114,0.4,4.0,1.5833333333333333,0.3852348634889348,0.6688636009398322,1.197033561821561,0.3959596686489239,0.38100364788225843,0.0,0.6056190685563021,0.6056190685563021
hrl,multi,1,weighted_cka,0,1167,3.077737067955312,230.0,0.7034522294998169,0.7012636065483093,1,0.0,0.6155474135910625,5,1,weighted_cka,24,108,0.4,4.0,1.5,0.38237267862912255,0.6159244027533567,1.3073312609554266,0.37708994430070736,0.3950187813166994,0.0,0.6155474135910625,0.6155474135910625
hrl,multi,1,weighted_cka,0,1168,3.0913990956055337,226.0,0.70368492603302,0.7006945013999939,1,0.0,0.6182798191211067,5,1,weighted_cka,21,96,0.4000000000000001,4.0,1.5238095238095237,0.5486621139058842,0.5029857913125305,1.2493212309600783,0.4017185740494168,0.38871138537762445,0.0,0.6182798191211067,0.6182798191211067
hrl,multi,1,weighted_cka,0,1169,2.9926203964985603,252.0,0.7033140063285828,0.7014316320419312,1,0.0,0.5985240792997121,5,1,weighted_cka,26,120,0.4,4.0,1.5384615384615385,0.43710672934737504,0.7542761839088051,1.0583316943195529,0.3741500649303197,0.36875572399250806,0.0,0.5985240792997121,0.5985240792997121
hrl,multi,1,weighted_cka,0,1170,2.971527795356337,256.0,0.702889621257782,0.7005455493927002,1,0.0,0.5943055590712675,5,1,weighted_cka,25,120,0.4,4.0,1.6,0.546982655844651,0.43106802788631804,1.214373427202692,0.435527934542857,0.34357574987981926,0.0,0.5943055590712675,0.5943055590712675
hrl,multi,1,weighted_cka,0,1171,3.0473313927333425,239.0,0.702928364276886,0.7004686594009399,1,0.0,0.6094662785466686,5,1,weighted_cka,25,114,0.39728636837343784,4.0,1.52,0.5188559825422706,0.5898298506820573,1.2129837760524822,0.37856769612008784,0.34709408733644515,0.0,0.6094662785466686,0.6094662785466686
hrl,multi,1,weighted_cka,0,1172,3.0639773911497965,231.0,0.7038615345954895,0.7023488879203796,1,0.0,0.6127954782299593,5,1,weighted_cka,22,102,0.39393423518768445,4.0,1.5454545454545454,0.5230143396027268,0.5333872084522225,1.2180845432663334,0.4178246850194408,0.3716666148090734,0.0,0.6127954782299593,0.6127954782299593
hrl,multi,1,weighted_cka,0,1173,2.9771554126271353,252.0,0.7040571570396423,0.7004915475845337,1,0.0,0.5954310825254272,5,1,weighted_cka,25,114,0.3959295525601567,4.0,1.52,0.32633552772365504,0.558104715978261,1.3007186341779304,0.41106191542558357,0.38093461932170597,0.0,0.5954310825254272,0.5954310825254272
hrl,multi,1,weighted_cka,0,1174,3.0515484464026255,231.0,0.703926682472229,0.7023488879203796,1,0.0,0.6103096892805251,5,1,weighted_cka,24,114,0.39457273674687554,4.0,1.5833333333333333,0.4646210968103258,0.5624919762660282,1.2968536720523405,0.3846023954624142,0.3429793058115173,0.0,0.6103096892805251,0.6103096892805251
hrl,multi,1,weighted_cka,0,1175,2.959705096662276,259.0,0.703620433807373,0.7023488879203796,1,0.0,0.5919410193324552,5,1,weighted_cka,26,126,0.3950896189614589,4.0,1.6153846153846154,0.39550085309473787,0.5666002862763123,1.270021891475655,0.39310103187384077,0.33448103394173073,0.0,0.5919410193324552,0.5919410193324552
hrl,multi,1,weighted_cka,0,1176,3.0350926401377643,242.0,0.7036151885986328,0.700927734375,1,0.0,0.607018528027553,5,1,weighted_cka,23,102,0.3954506763907634,4.0,1.4782608695652173,0.33180058194001316,0.6603097516128035,1.2543427904816342,0.3903556436696089,0.39828387243370517,0.0,0.607018528027553,0.607018528027553
hrl,multi,1,weighted_cka,0,1177,2.39675802407141,300.0,0.701350212097168,0.6944684982299805,0,0.0,0.4793516048142821,5,1,weighted_cka,32,162,0.3999999999999999,4.0,1.6875,0.535803236596519,-0.11374174388128949,1.2415068993857128,0.34779608286674185,0.3853935491037263,0.0,0.4793516048142821,0.4793516048142821
hrl,multi,1,weighted_cka,0,1178,3.0317739800393015,241.0,0.7046880722045898,0.7023091912269592,1,0.0,0.6063547960078604,5,1,weighted_cka,24,108,0.4,4.0,1.5,0.5191793366770724,0.5662105036694555,1.2187802917538209,0.3607389475351119,0.3668649004038415,0.0,0.6063547960078604,0.6063547960078604
hrl,multi,1,weighted_cka,0,1179,3.0552581195369117,232.0,0.7043308019638062,0.7022240161895752,1,0.0,0.6110516239073823,5,1,weighted_cka,23,102,0.4,4.0,1.4782608695652173,0.40048465120722526,0.7054802150083704,1.2049999518927068,0.3770642863637767,0.36722901506483313,0.0,0.6110516239073823,0.6110516239073823
hrl,multi,1,weighted_cka,0,1180,2.920145428243261,271.0,0.7032220959663391,0.7004671096801758,1,0.0,0.5840290856486522,5,1,weighted_cka,26,126,0.38653318763046,4.0,1.6153846153846154,0.4031430178063454,0.44030630254840963,1.2952633123871635,0.3951277376622892,0.38630505783905383,0.0,0.5840290856486522,0.5840290856486522
hrl,multi,1,weighted_cka,0,1181,2.9451056617508207,260.0,0.7034823894500732,0.7019137144088745,1,0.0,0.5890211323501642,5,1,weighted_cka,27,132,0.3785755257757319,4.0,1.6296296296296295,0.4211643097632912,0.44192757544496974,1.1573907472779972,0.4148641010862192,0.5097589281783438,0.0,0.5890211323501642,0.5890211323501642
hrl,multi,1,weighted_cka,0,1182,2.936290936438099,265.0,0.7030036449432373,0.7014475464820862,1,0.0,0.5872581872876198,5,1,weighted_cka,26,120,0.3811464626826441,4.0,1.5384615384615385,0.5381455795501823,0.35819897402754125,1.2712428119238464,0.35575033444468857,0.41295323649184124,0.0,0.5872581872876198,0.5872581872876198
hrl,multi,1,weighted_cka,0,1183,3.070489818888628,232.0,0.7038105130195618,0.7014148235321045,1,0.0,0.6140979637777256,5,1,weighted_cka,23,108,0.3738145315036724,4.0,1.565217391304348,0.44959302929509415,0.6440530716609209,1.1737470166292039,0.41592791517544525,0.3871687861279642,0.0,0.6140979637777256,0.6140979637777256
hrl,multi,1,weighted_cka,0,1184,3.0380523076406085,235.0,0.7051329016685486,0.7028025388717651,1,0.0,0.6076104615281218,5,1,weighted_cka,23,108,0.3842887189022035,4.0,1.565217391304348,0.36840059552085574,0.6466360810208133,1.257460129410494,0.3872253492870367,0.3783301524014095,0.0,0.6076104615281218,0.6076104615281218
hrl,multi,1,weighted_cka,0,1185,3.0935908999816153,223.0,0.7051726579666138,0.7023488879203796,1,0.0,0.6187181799963232,5,1,weighted_cka,23,108,0.4,4.0,1.565217391304348,0.30216578146518436,0.6131453637043013,1.2688695775792,0.423092663692776,0.4863175135401542,0.0,0.6187181799963232,0.6187181799963232
hrl,multi,1,weighted_cka,0,1186,3.016709457573785,248.0,0.7050937414169312,0.7033072710037231,1,0.0,0.6033418915147571,5,1,weighted_cka,25,114,0.4,4.0,1.52,0.36836915488727384,0.6008124971982759,1.185378769218223,0.43434498672652977,0.4278040495434833,0.0,0.6033418915147571,0.6033418915147571
hrl,multi,1,weighted_cka,0,1187,3.0629538137160695,234.0,0.7040170431137085,0.702570378780365,1,0.0,0.612590762743214,5,1,weighted_cka,22,96,0.3735994003602989,4.0,1.4545454545454546,0.2982521841862471,0.7263062354214488,1.2530290981008436,0.40189098436897613,0.3834753116385545,0.0,0.612590762743214,0.612590762743214
hrl,multi,1,weighted_cka,0,1188,3.072715651882462,230.0,0.7039738893508911,0.7022711634635925,1,0.0,0.6145431303764926,5,1,weighted_cka,24,114,0.3629465268214722,4.0,1.5833333333333333,0.5377861907445475,0.6330127846146932,1.2038141315784303,0.33207208789663123,0.36603045704816023,0.0,0.6145431303764926,0.6145431303764926
hrl,multi,1,weighted_cka,0,1189,2.9400230240435326,269.0,0.704501748085022,0.7023488879203796,1,0.0,0.5880046048087066,5,1,weighted_cka,28,138,0.357146852758746,4.0,1.6428571428571428,0.3111142812313046,0.6863311445395227,1.1833959574000907,0.4011375756636261,0.35804406520898907,0.0,0.5880046048087066,0.5880046048087066
hrl,multi,1,weighted_cka,0,1190,3.075342245821025,231.0,0.7033870816230774,0.70045405626297,1,0.0,0.6150684491642051,5,1,weighted_cka,22,96,0.3559990006004982,4.0,1.4545454545454546,0.36870664327067776,0.7660673638461156,1.1936928870487025,0.3945221368465572,0.35235321480897247,0.0,0.6150684491642051,0.6150684491642051
hrl,multi,1,weighted_cka,0,1191,3.0643070687234855,234.0,0.7032422423362732,0.7006192207336426,1,0.0,0.6128614137446972,5,1,weighted_cka,24,108,0.4,4.0,1.5,0.48796299643651564,0.3743774422656278,1.1728517977967856,0.5958855442404746,0.43322928798408233,0.0,0.6128614137446972,0.6128614137446972
hrl,multi,1,weighted_cka,0,1192,3.009357854637811,247.0,0.7041349411010742,0.703650176525116,1,0.0,0.6018715709275623,5,1,weighted_cka,23,108,0.4,4.0,1.565217391304348,0.48693531817896274,0.6050765387616118,1.2162536377650683,0.36216306490034905,0.3389292950318194,0.0,0.6018715709275623,0.6018715709275623
hrl,multi,1,weighted_cka,0,1193,3.0592491398224944,235.0,0.7045437097549438,0.7024126648902893,1,0.0,0.6118498279644988,5,1,weighted_cka,25,114,0.35459219495747024,4.0,1.52,0.502399227763526,0.6611433122861198,1.218873549914453,0.3209350990381498,0.3558979508202464,0.0,0.6118498279644988,0.6118498279644988
hrl,multi,1,weighted_cka,0,1194,3.044235812126352,240.0,0.7042379975318909,0.7022473812103271,1,0.0,0.6088471624252705,5,1,weighted_cka,24,114,0.3432402436968378,4.0,1.5833333333333333,0.3689990928086335,0.5974811251061035,1.2871308541139586,0.4002239073561504,0.39040083274150666,0.0,0.6088471624252705,0.6088471624252705
hrl,multi,1,weighted_cka,0,1195,3.0623673716227664,235.0,0.7034347653388977,0.7024527788162231,1,0.0,0.6124734743245532,5,1,weighted_cka,24,108,0.3520695391217742,4.0,1.5,0.5871211499811323,0.5627421790384722,1.2175272312229497,0.33794450611968924,0.3570323052605235,0.0,0.6124734743245532,0.6124734743245532
hrl,multi,1,weighted_cka,0,1196,2.3381018310317003,300.0,0.6554240584373474,0.46740585565567017,0,0.0,0.46762036620634007,5,1,weighted_cka,29,144,0.30546887173751386,4.0,1.6551724137931034,0.4087717320569789,0.3659111123271286,1.0966737207804105,0.364371595860226,0.10237367000695685,0.0,0.46762036620634007,0.46762036620634007
hrl,multi,1,weighted_cka,0,1197,2.956901525311651,262.0,0.7040113210678101,0.7006549835205078,1,0.0,0.5913803050623303,5,1,weighted_cka,26,120,0.3620531219682224,4.0,1.5384615384615385,0.3569116633958182,0.48086509757579166,1.2556988409766925,0.40269966287817793,0.46072626048517107,0.0,0.5913803050623303,0.5913803050623303
hrl,multi,1,weighted_cka,0,1198,2.957574696741764,263.0,0.7020410895347595,0.7003836631774902,1,0.0,0.591514939348353,5,1,weighted_cka,27,132,0.36550283815292944,4.0,1.6296296296296295,0.4520996175606268,0.5810490522189063,1.1818515483881344,0.38522489186655723,0.3573495867075398,0.0,0.591514939348353,0.591514939348353
hrl,multi,1,weighted_cka,0,1199,3.049131620952396,239.0,0.7034769058227539,0.7012860178947449,1,0.0,0.6098263241904793,5,1,weighted_cka,23,108,0.3578368021869138,4.0,1.565217391304348,0.3197265847756061,0.6960591481132431,1.2191053130449725,0.3857962862219428,0.4284442887966323,0.0,0.6098263241904793,0.6098263241904793
hrl,multi,1,weighted_cka,0,1200,3.0094609001882477,248.0,0.7021161317825317,0.7005911469459534,1,0.0,0.6018921800376495,5,1,weighted_cka,25,114,0.4,4.0,1.52,0.4078577178674748,0.5821036649905144,1.2865912547782061,0.3305251981644541,0.40238306438759885,0.0,0.6018921800376495,0.6018921800376495
hrl,multi,1,weighted_cka,0,1201,2.923678546599984,270.0,0.7035229206085205,0.7016972899436951,1,0.0,0.5847357093199969,5,1,weighted_cka,27,126,0.39999999999999997,4.0,1.5555555555555556,0.5113992310520842,0.48630009781138483,1.1879776730723677,0.3480483576063997,0.38995318705774834,0.0,0.5847357093199969,0.5847357093199969
hrl,multi,1,weighted_cka,0,1202,3.0075488835248603,247.0,0.7033303380012512,0.7014049291610718,1,0.0,0.6015097767049721,5,1,weighted_cka,25,78,0.4,4.0,1.6,0.48584083864069527,0.5663378367339026,1.2201451788637785,0.3625671726884538,0.3726578565980307,0.0,0.6015097767049721,0.6015097767049721
hrl,multi,1,weighted_cka,0,1203,3.012882007170729,247.0,0.7034447193145752,0.7008249163627625,1,0.0,0.6025764014341458,5,1,weighted_cka,25,84,0.4,4.0,1.52,0.3289954122941416,0.648706325015053,1.2670411079432813,0.38571324471523977,0.38242591720301417,0.0,0.6025764014341458,0.6025764014341458
hrl,multi,1,weighted_cka,0,1204,2.954185267889405,260.0,0.7036330103874207,0.7017014622688293,1,0.0,0.5908370535778811,5,1,weighted_cka,26,84,0.4,4.0,1.6153846153846154,0.33284670924139204,0.6744025006052105,1.1447710602697914,0.39057378562213846,0.41159121215087346,0.0,0.5908370535778811,0.5908370535778811
hrl,multi,1,weighted_cka,0,1205,3.0084642669628736,250.0,0.7048317193984985,0.7023488879203796,1,0.0,0.6016928533925748,5,1,weighted_cka,25,114,0.3428672985064555,4.0,1.6,0.3458142118952236,0.5063448139373211,0.6158073588178957,1.0900984958405604,0.4503993864718733,0.0,0.6016928533925748,0.6016928533925748
hrl,multi,1,weighted_cka,0,1206,3.0494015640633503,231.0,0.7043344974517822,0.7023488879203796,1,0.0,0.6098803128126701,5,1,weighted_cka,23,102,0.34891664337047784,4.0,1.4782608695652173,0.5590324141720774,0.6244056957047431,1.132440365612041,0.4302403328479266,0.30328275572656266,0.0,0.6098803128126701,0.6098803128126701
hrl,multi,1,weighted_cka,0,1207,3.0122271948831463,249.0,0.7050763964653015,0.7000635862350464,1,0.0,0.6024454389766294,5,1,weighted_cka,24,114,0.3428672985064555,4.0,1.5833333333333333,0.4896488861698579,0.6686039439798331,1.143249848631676,0.3763916677692413,0.33433284833253846,0.0,0.6024454389766294,0.6024454389766294
hrl,multi,1,weighted_cka,0,1208,2.2393238097532944,300.0,0.6450780630111694,0.40933629870414734,0,0.0,0.44786476195065894,5,1,weighted_cka,32,156,0.2913767364810759,4.0,1.625,0.3704753731917589,-0.1910113924136389,1.298884692914318,0.38361502611916504,0.37736010994169183,0.0,0.44786476195065894,0.44786476195065894
hrl,multi,1,weighted_cka,0,1209,2.3485654372547273,300.0,0.6748665571212769,0.5594323873519897,0,0.0,0.46971308745094553,5,1,weighted_cka,28,138,0.2780476764573543,4.0,1.6428571428571428,0.33959658463788206,0.02012781348451931,1.2187216700036076,0.39342791736638166,0.37669145176233715,0.0,0.46971308745094553,0.46971308745094553
hrl,multi,1,weighted_cka,0,1210,3.056484541588869,235.0,0.7030638456344604,0.7003028392791748,1,0.0,0.611296908317774,5,1,weighted_cka,25,114,0.32506086443665244,4.0,1.52,0.3027710156826069,0.7741155613642184,1.2121831786138935,0.3948027357453829,0.37261205018276805,0.0,0.611296908317774,0.611296908317774
hrl,multi,1,weighted_cka,0,1211,3.038880695874125,244.0,0.7037595510482788,0.7013588547706604,1,0.0,0.6077761391748251,5,1,weighted_cka,24,114,0.3070382274639207,4.0,1.5833333333333333,0.33344672054925456,0.7419407755592836,1.2067778635476714,0.394646707034204,0.3620686291837118,0.0,0.6077761391748251,0.6077761391748251
hrl,multi,1,weighted_cka,0,1212,3.012931492185466,246.0,0.7047237157821655,0.7026932835578918,1,0.0,0.6025862984370933,5,1,weighted_cka,24,102,0.3132136357994078,4.0,1.4166666666666667,0.2979771182126132,0.6689174510487353,1.1827625266374087,0.41726429175007784,0.4460101045366317,0.0,0.6025862984370933,0.6025862984370933
hrl,multi,1,weighted_cka,0,1213,3.0198678783407646,248.0,0.7037193179130554,0.7012028694152832,1,0.0,0.603973575668153,5,1,weighted_cka,25,120,0.3157470510141916,4.0,1.6,0.3722300987951456,0.601284454513341,1.189876180985011,0.47126550816355517,0.3852116358837125,0.0,0.603973575668153,0.603973575668153
hrl,multi,1,weighted_cka,0,1214,3.0893085910503784,229.0,0.7036706805229187,0.7022760510444641,1,0.0,0.6178617182100757,5,1,weighted_cka,23,102,0.34026354505132766,4.0,1.4782608695652173,0.410109822076978,0.702981954937335,1.2187200627154668,0.3916336053197737,0.3658631460008254,0.0,0.6178617182100757,0.6178617182100757
hrl,multi,1,weighted_cka,0,1215,3.062872125405265,236.0,0.7048125267028809,0.7000169157981873,1,0.0,0.612574425081053,5,1,weighted_cka,23,108,0.34845669931909035,4.0,1.565217391304348,0.3496260494063607,0.7460049775857477,1.1825419590398667,0.37126102433959013,0.4134381150337002,0.0,0.612574425081053,0.612574425081053
hrl,multi,1,weighted_cka,0,1216,3.0323681230313437,238.0,0.7029995322227478,0.7000169157981873,1,0.0,0.6064736246062689,5,1,weighted_cka,26,120,0.34469409419714037,4.0,1.5384615384615385,0.30013625206518907,0.5508667755126951,1.2416892772521821,0.4453044458064249,0.49437137239485296,0.0,0.6064736246062689,0.6064736246062689
hrl,multi,1,weighted_cka,0,1217,3.0439421737916987,243.0,0.7032212615013123,0.7000924348831177,1,0.0,0.6087884347583399,5,1,weighted_cka,23,108,0.34885765368856003,4.0,1.565217391304348,0.2955803933935239,0.5682246837157289,1.0634684929605571,0.7013877935375784,0.41528081018431096,0.0,0.6087884347583399,0.6087884347583399
hrl,multi,1,weighted_cka,0,1218,3.064301328431077,234.0,0.7040326595306396,0.7012636065483093,1,0.0,0.6128602656862154,5,1,weighted_cka,22,102,0.3063177932752326,4.0,1.5454545454545454,0.45325044592644537,0.5404735372355206,1.2485558854164553,0.4045274780183098,0.4174939818343463,0.0,0.6128602656862154,0.6128602656862154
hrl,multi,1,weighted_cka,0,1219,3.0806197309987198,227.0,0.7045296430587769,0.7021619081497192,1,0.0,0.616123946199744,5,1,weighted_cka,23,96,0.31734817200137305,4.0,1.391304347826087,0.5522677214402864,0.6210119985137134,1.2221506814453749,0.3715090575097128,0.31368027208963295,0.0,0.616123946199744,0.616123946199744
hrl,multi,1,weighted_cka,0,1220,3.0636296560020697,234.0,0.702026903629303,0.7004845142364502,1,0.0,0.612725931200414,5,1,weighted_cka,24,114,0.31299807579091893,4.0,1.5833333333333333,0.3815973177743143,0.7098083785083144,1.2300769981411865,0.3660568330399691,0.376090128538286,0.0,0.612725931200414,0.612725931200414
hrl,multi,1,weighted_cka,0,1221,3.06194718883559,233.0,0.703751266002655,0.7006431221961975,1,0.0,0.6123894377671181,5,1,weighted_cka,23,108,0.301819794258861,4.0,1.565217391304348,0.30597740955243347,0.6125920287761836,1.2537052405334541,0.40019781034428153,0.48947469962923773,0.0,0.6123894377671181,0.6123894377671181
hrl,multi,1,weighted_cka,0,1222,3.0777788326480646,227.0,0.7036607265472412,0.7011862993240356,1,0.0,0.615555766529613,5,1,weighted_cka,24,108,0.34141792461926784,4.0,1.5,0.3999527114692608,0.5562390942396594,1.3003823729446156,0.43398161154985415,0.38722304244467515,0.0,0.615555766529613,0.615555766529613
hrl,multi,1,weighted_cka,0,1223,2.947375253201832,263.0,0.7054797410964966,0.7040352821350098,1,0.0,0.5894750506403665,5,1,weighted_cka,26,126,0.360795414996154,4.0,1.6153846153846154,0.3110907579672857,0.7578375048320739,1.2187197250528259,0.39706779037043444,0.26265947497921277,0.0,0.5894750506403665,0.5894750506403665
hrl,multi,1,weighted_cka,0,1224,2.9937892404549244,252.0,0.7039839625358582,0.7023488879203796,1,0.0,0.598757848090985,5,1,weighted_cka,25,120,0.349396975702625,4.0,1.6,0.31358809449465475,0.596524624028263,1.302771312904544,0.4018099925415589,0.37909521648590444,0.0,0.598757848090985,0.598757848090985
hrl,multi,1,weighted_cka,0,1225,3.0311095854377914,239.0,0.7030953168869019,0.7021183967590332,1,0.0,0.6062219170875583,5,1,weighted_cka,23,102,0.3614832109351329,4.0,1.4782608695652173,0.26800447418741524,0.6775572252417913,1.296850770880468,0.40228231977019446,0.38641479535792306,0.0,0.6062219170875583,0.6062219170875583
hrl,multi,1,weighted_cka,0,1226,3.083943413492851,225.0,0.7038673162460327,0.7014942169189453,1,0.0,0.6167886826985703,5,1,weighted_cka,24,108,0.38179202959596636,4.0,1.5,0.3694200884327874,0.7435773466993122,1.186045899429009,0.41586182581252784,0.3690382531192153,0.0,0.6167886826985703,0.6167886826985703
hrl,multi,1,weighted_cka,0,1227,2.873646837845971,283.0,0.7043803334236145,0.7023488879203796,1,0.0,0.5747293675691943,5,1,weighted_cka,27,132,0.37193946181830256,4.0,1.6296296296296295,0.30121342655719485,0.3682762787460853,1.2718508809553457,0.5586768262838012,0.37362942530354476,0.0,0.5747293675691943,0.5747293675691943
hrl,multi,1,weighted_cka,0,1228,3.08633765185112,229.0,0.7047397494316101,0.7031211853027344,1,0.0,0.6172675303702241,5,1,weighted_cka,24,108,0.38628151466672567,4.0,1.5,0.3235329354507266,0.7053886372503474,1.2895766470097003,0.41239892823761315,0.35544050390273324,0.0,0.6172675303702241,0.6172675303702241
hrl,multi,1,weighted_cka,0,1229,2.8940652696127738,272.0,0.7046416997909546,0.7021020650863647,1,0.0,0.5788130539225549,5,1,weighted_cka,27,132,0.39999999999999997,4.0,1.6296296296296295,0.5450343977189621,0.39264331839784655,1.1886369269466956,0.39870386220439097,0.3690467643448791,0.0,0.5788130539225549,0.5788130539225549
hrl,multi,1,weighted_cka,0,1230,2.9296450792860473,262.0,0.7027950882911682,0.7021020650863647,1,0.0,0.5859290158572096,5,1,weighted_cka,25,120,0.4,4.0,1.6,0.38427762329764653,0.5006852339817339,1.2716767284069208,0.39026126335095607,0.3827442302487906,0.0,0.5859290158572096,0.5859290158572096
hrl,multi,1,weighted_cka,0,1231,3.0188832379428336,248.0,0.7028992772102356,0.7012636065483093,1,0.0,0.6037766475885668,5,1,weighted_cka,25,120,0.38996204322744976,4.0,1.6,0.3877762888058786,0.5841138140568508,1.2388563762139526,0.4396467039185371,0.36849005494761505,0.0,0.6037766475885668,0.6037766475885668
hrl,multi,1,weighted_cka,0,1232,3.0944415807339234,226.0,0.7036067843437195,0.7023488879203796,1,0.0,0.6188883161467847,5,1,weighted_cka,23,102,0.381728912711244,4.0,1.4782608695652173,0.3237118260340066,0.5832020383374764,1.293183299838565,0.43759145358856755,0.4567529629353083,0.0,0.6188883161467847,0.6188883161467847
hrl,multi,1,weighted_cka,0,1233,3.0929164244786267,232.0,0.7026658058166504,0.7002999782562256,1,0.0,0.6185832848957254,5,1,weighted_cka,23,108,0.3799556517904665,4.0,1.565217391304348,0.3133517169898259,0.7259294928181915,1.2670235949801278,0.39859309250907965,0.38801852718140245,0.0,0.6185832848957254,0.6185832848957254
hrl,multi,1,weighted_cka,0,1234,2.364453330041975,300.0,0.6844810843467712,0.6062682867050171,0,0.0,0.47289066600839513,5,1,weighted_cka,31,156,0.3850668998120743,4.0,1.6774193548387097,0.3895870349415344,0.1804250613425391,1.284109778684098,0.4010676734894513,0.10926378158435285,0.0,0.47289066600839513,0.47289066600839513
hrl,multi,1,weighted_cka,0,1235,2.9440349442262654,263.0,0.7035428881645203,0.7016603946685791,1,0.0,0.5888069888452531,5,1,weighted_cka,25,120,0.3894885541908325,4.0,1.6,0.4669332953244446,0.5626949066957457,1.1600454882765185,0.37844543791981405,0.37591581600974305,0.0,0.5888069888452531,0.5888069888452531
hrl,multi,1,weighted_cka,0,1236,3.0379246152508554,238.0,0.703414797782898,0.7011774182319641,1,0.0,0.6075849230501712,5,1,weighted_cka,24,108,0.3344327060140976,4.0,1.5,0.5245310281856944,0.42851032038871184,1.1440919414376838,0.35845438079931763,0.5823369444394483,0.0,0.6075849230501712,0.6075849230501712
hrl,multi,1,weighted_cka,0,1237,3.110114355800963,219.0,0.703891396522522,0.7019654512405396,1,0.0,0.6220228711601927,5,1,weighted_cka,22,102,0.3483376809222185,4.0,1.5454545454545454,0.3857607960207969,0.7294029380399732,1.2128313670614732,0.42455974958650755,0.35755950509221285,0.0,0.6220228711601927,0.6220228711601927
hrl,multi,1,weighted_cka,0,1238,3.0307157057952705,238.0,0.7045093178749084,0.7023488879203796,1,0.0,0.6061431411590542,5,1,weighted_cka,24,114,0.3306637296587669,4.0,1.5833333333333333,0.30415100954723306,0.6469914379814871,1.2983410913944242,0.39820527791464694,0.3830268889574799,0.0,0.6061431411590542,0.6061431411590542
hrl,multi,1,weighted_cka,0,1239,3.0782626376028626,233.0,0.7051779627799988,0.7033876776695251,1,0.0,0.6156525275205725,5,1,weighted_cka,23,102,0.33542210115277316,4.0,1.4782608695652173,0.30449606966646375,0.7518071568617596,1.2364539135415105,0.3982743576606735,0.3872311398724559,0.0,0.6156525275205725,0.6156525275205725
hrl,multi,1,weighted_cka,0,1240,2.276171012554549,300.0,0.6461450457572937,0.4159344732761383,0,0.0,0.4552342025109099,5,1,weighted_cka,30,114,0.3101077865662648,4.0,1.6,0.4567788810459895,-0.07593927414820098,1.2001198141342027,0.368731111240806,0.3264804802817524,0.0,0.4552342025109099,0.4552342025109099
hrl,multi,1,weighted_cka,0,1241,2.328635689306246,300.0,0.6685348749160767,0.5229842066764832,0,0.0,0.4657271378612493,5,1,weighted_cka,30,114,0.3046610768327489,4.0,1.6,0.32198150174505996,-0.12177517056680547,1.3008532319432122,0.41003025361197054,0.4175458725728093,0.0,0.4657271378612493,0.4657271378612493
hrl,multi,1,weighted_cka,0,1242,3.0618059070975274,231.0,0.7020121812820435,0.7008095979690552,1,0.0,0.6123611814195056,5,1,weighted_cka,24,114,0.3132698893871895,4.0,1.5833333333333333,0.5282483017554039,0.3584773759823292,1.2642744841380043,0.43345091442100225,0.47735483080078833,0.0,0.6123611814195056,0.6123611814195056
hrl,multi,1,weighted_cka,0,1243,3.0380241671465615,239.0,0.7033528685569763,0.701332151889801,1,0.0,0.6076048334293124,5,1,weighted_cka,24,114,0.29864722213138545,4.0,1.5833333333333333,0.3124923349723685,0.6937182218034575,1.2785520535758694,0.3874779462660662,0.36578361052880054,0.0,0.6076048334293124,0.6076048334293124
hrl,multi,1,weighted_cka,0,1244,3.0777513445887004,226.0,0.7043097615242004,0.7023488879203796,1,0.0,0.6155502689177401,5,1,weighted_cka,22,102,0.3181541412188515,4.0,1.5454545454545454,0.3045618190724635,0.7833612932441755,1.1930769464448092,0.4365188327319919,0.360232453095261,0.0,0.6155502689177401,0.6155502689177401
hrl,multi,1,weighted_cka,0,1245,3.1078444650918815,223.0,0.7035418748855591,0.7020461559295654,1,0.0,0.6215688930183764,5,1,weighted_cka,23,102,0.29913997508740986,4.0,1.4782608695652173,0.3544200113728875,0.7212028881362201,1.2523544542123561,0.39844718252528394,0.3814199288451345,0.0,0.6215688930183764,0.6215688930183764
hrl,multi,1,weighted_cka,0,1246,2.9856473160533774,251.0,0.7045159339904785,0.7023488879203796,1,0.0,0.5971294632106756,5,1,weighted_cka,25,120,0.3728819202346301,4.0,1.6,0.29645543764217286,0.5041804991051465,1.300768801614642,0.4272517145408782,0.4569908631505385,0.0,0.5971294632106756,0.5971294632106756
hrl,multi,1,weighted_cka,0,1247,3.0788601092510204,229.0,0.7040300369262695,0.7011739015579224,1,0.0,0.6157720218502041,5,1,weighted_cka,21,96,0.3750065089821109,4.0,1.5238095238095237,0.5063107523396609,0.5657128542787394,1.296842707648873,0.3804381755088106,0.3295556194749369,0.0,0.6157720218502041,0.6157720218502041
hrl,multi,1,weighted_cka,0,1248,3.1125549961380954,220.0,0.7034000158309937,0.7023488879203796,1,0.0,0.6225109992276192,5,1,weighted_cka,24,108,0.37838653095113306,4.0,1.5,0.32988851973822597,0.7110740706529467,1.2860444148750974,0.4001352593586779,0.3854127315131481,0.0,0.6225109992276192,0.6225109992276192
hrl,multi,1,weighted_cka,0,1249,3.0904550458088766,232.0,0.7024062275886536,0.7012394070625305,1,0.0,0.6180910091617754,5,1,weighted_cka,23,108,0.38494348188593946,4.0,1.565217391304348,0.326442250121443,0.7572968744179233,1.2490716637326402,0.386016854349058,0.3716274031878128,0.0,0.6180910091617754,0.6180910091617754
hrl,multi,1,weighted_cka,0,1250,3.0607049496173846,232.0,0.7037585377693176,0.7023488879203796,1,0.0,0.612140989923477,5,1,weighted_cka,23,108,0.39815022806992517,4.0,1.565217391304348,0.30165766185917886,0.684711199723184,1.2973603762580312,0.4019853692553005,0.37499034252169067,0.0,0.612140989923477,0.612140989923477
hrl,multi,1,weighted_cka,0,1251,2.8351378219942798,288.0,0.7043858766555786,0.7015938758850098,1,0.0,0.567027564398856,5,1,weighted_cka,29,138,0.39999999999999997,4.0,1.5862068965517242,0.5408791395826263,0.3726809682617997,1.2087195154959334,0.36503219310182605,0.3478260055520949,0.0,0.567027564398856,0.567027564398856
hrl,multi,1,weighted_cka,0,1252,3.0968845271331653,226.0,0.7040218710899353,0.7012501955032349,1,0.0,0.6193769054266332,5,1,weighted_cka,21,96,0.4000000000000001,4.0,1.5238095238095237,0.3361680223066068,0.7587828610384603,1.2021896523749454,0.4119841594765893,0.3877598319365642,0.0,0.6193769054266332,0.6193769054266332
hrl,multi,1,weighted_cka,0,1253,3.0875675247359164,224.0,0.7031175494194031,0.7007070779800415,1,0.0,0.6175135049471834,5,1,weighted_cka,24,108,0.313916435641584,4.0,1.5,0.3322264769238099,0.7376321495212613,1.253403266447596,0.40006664590211577,0.3642389859411341,0.0,0.6175135049471834,0.6175135049471834
hrl,multi,1,weighted_cka,0,1254,2.9518035390470163,264.0,0.7041274905204773,0.7023488879203796,1,0.0,0.5903607078094033,5,1,weighted_cka,26,126,0.28575049742248665,4.0,1.6153846153846154,0.32619036842323834,0.6165165323624385,1.2449805081314405,0.4029593341802246,0.36115679594967504,0.0,0.5903607078094033,0.5903607078094033
hrl,multi,1,weighted_cka,0,1255,3.063741529499354,233.0,0.7043482661247253,0.7023488879203796,1,0.0,0.6127483058998708,5,1,weighted_cka,23,108,0.30523885999818606,4.0,1.565217391304348,0.484503215911798,0.7001816306579857,1.1914898372120222,0.35374849121953583,0.33381835449801284,0.0,0.6127483058998708,0.6127483058998708
hrl,multi,1,weighted_cka,0,1256,3.106763315494404,221.0,0.70273756980896,0.7000696659088135,1,0.0,0.6213526630988808,5,1,weighted_cka,23,102,0.2952538919715766,4.0,1.4782608695652173,0.38306415117857967,0.6273421717039308,1.2692726979944853,0.425812422265997,0.4012718723514116,0.0,0.6213526630988808,0.6213526630988808
hrl,multi,1,weighted_cka,0,1257,3.0392079232761158,240.0,0.7047538757324219,0.7023488879203796,1,0.0,0.6078415846552232,5,1,weighted_cka,23,108,0.3619203957027575,4.0,1.565217391304348,0.35430190120404575,0.692349940771004,1.2186130694095043,0.3940992471580393,0.37984376473352305,0.0,0.6078415846552232,0.6078415846552232
hrl,multi,1,weighted_cka,0,1258,3.007555574100667,248.0,0.7035664319992065,0.7020103931427002,1,0.0,0.6015111148201335,5,1,weighted_cka,25,120,0.37823932433903096,4.0,1.6,0.32749054196200444,0.6544046301672349,1.2268493017395956,0.40233654164616006,0.39647455858567254,0.0,0.6015111148201335,0.6015111148201335
hrl,multi,1,weighted_cka,0,1259,2.988929683852972,253.0,0.7043653726577759,0.7023488879203796,1,0.0,0.5977859367705946,5,1,weighted_cka,26,126,0.3756292672495271,4.0,1.6153846153846154,0.4047243236035573,0.5383617809065943,1.2715794675091745,0.4009596778014674,0.37330443403217933,0.0,0.5977859367705946,0.5977859367705946
hrl,multi,1,weighted_cka,0,1260,3.0817004837435658,231.0,0.7046617269515991,0.7023488879203796,1,0.0,0.6163400967487132,5,1,weighted_cka,23,102,0.3774788604292501,4.0,1.4782608695652173,0.32739425244461734,0.7467715330766512,1.1988612993368877,0.41923774922545987,0.3894356496599502,0.0,0.6163400967487132,0.6163400967487132
hrl,multi,1,weighted_cka,0,1261,3.119884105956501,224.0,0.7040258049964905,0.7023488879203796,1,0.0,0.6239768211913003,5,1,weighted_cka,22,102,0.38198308834340006,4.0,1.5454545454545454,0.3356055886661051,0.7959258882891153,1.2109822033885864,0.3903936667335219,0.38697675887917277,0.0,0.6239768211913003,0.6239768211913003
hrl,multi,1,weighted_cka,0,1262,2.9939502547744983,255.0,0.7038773894309998,0.7021913528442383,1,0.0,0.5987900509548998,5,1,weighted_cka,27,126,0.37447604181981675,4.0,1.5555555555555556,0.29278511052014067,0.7292441759409046,1.2033878228608517,0.3906713672431505,0.3778617782094515,0.0,0.5987900509548998,0.5987900509548998
hrl,multi,1,weighted_cka,0,1263,3.046158618172149,237.0,0.7034324407577515,0.7012636065483093,1,0.0,0.6092317236344298,5,1,weighted_cka,22,102,0.38648731625755006,4.0,1.5454545454545454,0.3961507425027665,0.6667662991471587,1.208851272669155,0.4074195225520524,0.3669707813010172,0.0,0.6092317236344298,0.6092317236344298
hrl,multi,1,weighted_cka,0,1264,2.9762347073556144,250.0,0.7044340372085571,0.7024527788162231,1,0.0,0.595246941471123,5,1,weighted_cka,25,120,0.4,4.0,1.6,0.30895287979417474,0.6180433658128602,1.3000121948057783,0.3901621528482064,0.3590641140945953,0.0,0.595246941471123,0.595246941471123
hrl,multi,1,weighted_cka,0,1265,2.35494264712397,300.0,0.6695660948753357,0.5317834615707397,0,0.0,0.4709885294247941,5,1,weighted_cka,30,138,0.39999999999999997,4.0,1.5333333333333334,0.3826449546696093,0.012091870377538401,1.2029909399971364,0.3800103880611713,0.377204494018515,0.0,0.4709885294247941,0.4709885294247941
hrl,multi,1,weighted_cka,0,1266,3.0434092598171834,239.0,0.7038323879241943,0.7022598385810852,1,0.0,0.6086818519634367,5,1,weighted_cka,24,99,0.34935591138906413,4.0,1.5833333333333333,0.5314060965664683,0.5209770476416159,1.2002215745374558,0.40942687513399856,0.38137766593764527,0.0,0.6086818519634367,0.6086818519634367
hrl,multi,1,weighted_cka,0,1267,3.0123646646740077,244.0,0.7037290334701538,0.7023488879203796,1,0.0,0.6024729329348016,5,1,weighted_cka,24,93,0.3245239711669278,4.0,1.5833333333333333,0.309960167922225,0.7082676460281944,1.201081571307033,0.4056195208504795,0.3874357585660763,0.0,0.6024729329348016,0.6024729329348016
hrl,multi,1,weighted_cka,0,1268,2.8740285442988083,282.0,0.7033476829528809,0.7002100348472595,1,0.0,0.5748057088597618,5,1,weighted_cka,29,114,0.32963137161427847,4.0,1.6206896551724137,0.2927797471538651,0.43963238674681604,1.1662249783569711,0.5770752587830646,0.39831617325809193,0.0,0.5748057088597618,0.5748057088597618
hrl,multi,1,weighted_cka,0,1269,2.989829988643293,253.0,0.7038252949714661,0.7019062638282776,1,0.0,0.5979659977286587,5,1,weighted_cka,25,72,0.4000000000000001,4.0,1.24,0.3246079308055341,0.604218413188122,1.2905389389703048,0.3817231074778828,0.3887415982014499,0.0,0.5979659977286587,0.5979659977286587
hrl,multi,1,weighted_cka,0,1270,2.3614280711903106,300.0,0.6931480169296265,0.6459025144577026,0,0.0,0.4722856142380622,5,1,weighted_cka,30,84,0.3817354905819811,4.0,1.3,0.3170814687923411,-0.08676326746121081,1.2671279430938882,0.402421186077874,0.4615607406874186,0.0,0.4722856142380622,0.4722856142380622
hrl,multi,1,weighted_cka,0,1271,3.1017013545515644,221.0,0.7032452821731567,0.7011580467224121,1,0.0,0.620340270910313,5,1,weighted_cka,23,96,0.3556980955442442,4.0,1.434782608695652,0.34051111051556643,0.6742729357765055,1.2981608535842968,0.4016861883392556,0.3870702663359406,0.0,0.620340270910313,0.620340270910313
hrl,multi,1,weighted_cka,0,1272,3.0715515666143607,230.0,0.7045348286628723,0.7023488879203796,1,0.0,0.6143103133228722,5,1,weighted_cka,22,102,0.3466909012423732,4.0,1.5454545454545454,0.27621992942021456,0.5935831271689384,1.3007702331738544,0.4376280191754921,0.4633502576758618,0.0,0.6143103133228722,0.6143103133228722
hrl,multi,1,weighted_cka,0,1273,3.0495900053977953,237.0,0.7040361166000366,0.7020999193191528,1,0.0,0.6099180010795592,5,1,weighted_cka,24,114,0.3417828033396233,4.0,1.5833333333333333,0.41410530703887327,0.6707376436199991,1.2179270742558872,0.36992399379680857,0.37689598668622776,0.0,0.6099180010795592,0.6099180010795592
hrl,multi,1,weighted_cka,0,1274,3.0276955225651605,243.0,0.7046377062797546,0.7023488879203796,1,0.0,0.6055391045130322,5,1,weighted_cka,23,108,0.3425759517657216,4.0,1.565217391304348,0.3932258595204911,0.47277294077724197,1.3009958607358856,0.41331667101988556,0.4473841905116568,0.0,0.6055391045130322,0.6055391045130322
hrl,multi,1,weighted_cka,0,1275,3.0631753252255063,231.0,0.7041851878166199,0.7022087574005127,1,0.0,0.6126350650451012,5,1,weighted_cka,24,108,0.3386517126043235,4.0,1.5,0.4767161325957857,0.5457897619348949,1.2929262252505866,0.3724125247524352,0.37533068069180436,0.0,0.6126350650451012,0.6126350650451012
hrl,multi,1,weighted_cka,0,1276,3.0562120817023666,238.0,0.7026997804641724,0.7010651230812073,1,0.0,0.6112424163404734,5,1,weighted_cka,23,102,0.348034391853074,4.0,1.4782608695652173,0.3106485339260543,0.7365485892761497,1.2299898464856667,0.3944446952790021,0.3845804167354944,0.0,0.6112424163404734,0.6112424163404734
hrl,multi,1,weighted_cka,0,1277,3.1054507961560436,223.0,0.7047707438468933,0.7023488879203796,1,0.0,0.6210901592312088,5,1,weighted_cka,24,114,0.3446117082853088,4.0,1.5833333333333333,0.40426882694545185,0.6215770618142559,1.271061848404817,0.4427903325813821,0.3657527264101372,0.0,0.6210901592312088,0.6210901592312088
hrl,multi,1,weighted_cka,0,1278,3.0995411808247724,227.0,0.7032458186149597,0.7009354829788208,1,0.0,0.6199082361649546,5,1,weighted_cka,22,102,0.3428337357682214,4.0,1.5454545454545454,0.2864168811846757,0.5974382947227276,1.1526911292672155,0.6433513643541372,0.41964351129601696,0.0,0.6199082361649546,0.6199082361649546
hrl,multi,1,weighted_cka,0,1279,3.033395556990529,239.0,0.7020844221115112,0.7004359364509583,1,0.0,0.6066791113981058,5,1,weighted_cka,24,108,0.39007874261103404,4.0,1.5,0.38544046007326677,0.6436104284338652,1.3007882719608022,0.32732881808921216,0.3762275784333832,0.0,0.6066791113981058,0.6066791113981058
hrl,multi,1,weighted_cka,0,1280,3.043569579381669,236.0,0.7034875154495239,0.7012588977813721,1,0.0,0.6087139158763339,5,1,weighted_cka,23,108,0.3879753178227273,4.0,1.565217391304348,0.2796359926511067,0.601973075956106,1.300816969618201,0.3985446559645351,0.46259888519172077,0.0,0.6087139158763339,0.6087139158763339
hrl,multi,1,weighted_cka,0,1281,3.0618741855839895,233.0,0.7022124528884888,0.7002853751182556,1,0.0,0.612374837116798,5,1,weighted_cka,24,108,0.38827682946987524,4.0,1.5,0.28166844165159266,0.5876326383017002,1.2829634858276693,0.45116566191148,0.4584439578915479,0.0,0.612374837116798,0.612374837116798
hrl,multi,1,weighted_cka,0,1282,3.027146699577161,242.0,0.7030842304229736,0.7016653418540955,1,0.0,0.6054293399154324,5,1,weighted_cka,23,108,0.3887290969405971,4.0,1.565217391304348,0.32882538672664663,0.6713535084681933,1.275446906333789,0.4013645881023257,0.3501563099462072,0.0,0.6054293399154324,0.6054293399154324
hrl,multi,1,weighted_cka,0,1283,3.0744249782137327,231.0,0.7035453915596008,0.7023488879203796,1,0.0,0.6148849956427467,5,1,weighted_cka,25,114,0.39125167264140476,4.0,1.52,0.36669555465504516,0.6568205117676406,1.2957803238164631,0.4150216762027702,0.34010691177181424,0.0,0.6148849956427467,0.6148849956427467
hrl,multi,1,weighted_cka,0,1284,3.0137634586573827,248.0,0.7041939496994019,0.7023488879203796,1,0.0,0.6027526917314766,5,1,weighted_cka,23,108,0.3860396701333935,4.0,1.565217391304348,0.2949835179403453,0.5378490264974533,1.3007749543972311,0.4142782995053566,0.46587766031699707,0.0,0.6027526917314766,0.6027526917314766
hrl,multi,1,weighted_cka,0,1285,3.0260815419411506,244.0,0.7055251002311707,0.70445716381073,1,0.0,0.6052163083882303,5,1,weighted_cka,26,120,0.3874357031200541,4.0,1.5384615384615385,0.4038596696843159,0.5582976911477743,1.2674790477156637,0.4442616384294814,0.35218349496391593,0.0,0.6052163083882303,0.6052163083882303
hrl,multi,1,weighted_cka,0,1286,2.9683239700727304,253.0,0.7043424844741821,0.7023488879203796,1,0.0,0.5936647940145462,5,1,weighted_cka,25,120,0.3716962148848527,4.0,1.6,0.2866676616238546,0.5028611239902673,1.2931945809610186,0.3939015540732106,0.4916990494243799,0.0,0.5936647940145462,0.5936647940145462
hrl,multi,1,weighted_cka,0,1287,3.0439308051529648,238.0,0.7042304277420044,0.7023488879203796,1,0.0,0.608786161030593,5,1,weighted_cka,22,102,0.3370581021816738,4.0,1.5454545454545454,0.2918941852621064,0.5598523112507535,1.3004652488958088,0.49916355426795767,0.39255550547633894,0.0,0.608786161030593,0.608786161030593
hrl,multi,1,weighted_cka,0,1288,3.0185101921095616,242.0,0.7038903832435608,0.7016359567642212,1,0.0,0.6037020384219124,5,1,weighted_cka,26,126,0.3405548742826919,4.0,1.6153846153846154,0.5121955452095716,0.45612564098031705,1.2944483551178125,0.3710823937254026,0.38465825707645845,0.0,0.6037020384219124,0.6037020384219124
hrl,multi,1,weighted_cka,0,1289,2.394811219434551,300.0,0.6986715197563171,0.6786512136459351,0,0.0,0.47896224388691033,5,1,weighted_cka,30,108,0.3504623952355766,4.0,1.4,0.28883184449712274,-0.059591295602731714,1.2653213493609798,0.4354522518690286,0.4647970693101523,0.0,0.47896224388691033,0.47896224388691033
hrl,multi,1,weighted_cka,0,1290,3.068046210915664,232.0,0.7039443254470825,0.7005029320716858,1,0.0,0.6136092421831328,5,1,weighted_cka,22,78,0.4,4.0,1.3636363636363635,0.3156627059859456,0.5710586856743319,1.2727950540110466,0.51904761643894,0.3894821488054003,0.0,0.6136092421831328,0.6136092421831328
hrl,multi,1,weighted_cka,0,1291,3.082936853431397,231.0,0.7035461664199829,0.7000105977058411,1,0.0,0.6165873706862794,5,1,weighted_cka,23,72,0.4000000000000001,4.0,1.2608695652173914,0.3825606780354864,0.714233757637441,1.1936928567718712,0.37215623790328384,0.4202933230833149,0.0,0.6165873706862794,0.6165873706862794
hrl,multi,1,weighted_cka,0,1292,3.064415704765865,236.0,0.7030426859855652,0.7001927495002747,1,0.0,0.6128831409531731,5,1,weighted_cka,25,90,0.4,4.0,1.4,0.3529994121245108,0.6662075543197569,1.2553726378800345,0.41233172580180677,0.3775043746397568,0.0,0.6128831409531731,0.6128831409531731
hrl,multi,1,weighted_cka,0,1293,3.061432519392531,234.0,0.704439103603363,0.7023488879203796,1,0.0,0.6122865038785064,5,1,weighted_cka,23,108,0.35463313135157787,4.0,1.565217391304348,0.31449260847138055,0.6793121197605504,1.273396936370991,0.43170508205087377,0.36252577273873604,0.0,0.6122865038785064,0.6122865038785064
hrl,multi,1,weighted_cka,0,1294,3.0519144025559295,240.0,0.7042967677116394,0.7002836465835571,1,0.0,0.6103828805111859,5,1,weighted_cka,24,108,0.3621942761263149,4.0,1.5,0.3082023420953919,0.7452811773745341,1.1964905172479336,0.4157085025035775,0.38623186333449294,0.0,0.6103828805111859,0.6103828805111859
hrl,multi,1,weighted_cka,0,1295,3.07318093308102,230.0,0.7038389444351196,0.7023488879203796,1,0.0,0.614636186616204,5,1,weighted_cka,23,108,0.3621942761263149,4.0,1.565217391304348,0.3405935325771569,0.7200662848930804,1.2187920868960207,0.38333313584738055,0.41039589286738176,0.0,0.614636186616204,0.614636186616204
hrl,multi,1,weighted_cka,0,1296,3.0691081929834314,232.0,0.7037524580955505,0.7012383341789246,1,0.0,0.6138216385966863,5,1,weighted_cka,22,102,0.3614276261723332,4.0,1.5454545454545454,0.5540364583492045,0.4607259991741738,1.2696673575099555,0.4320955496332607,0.35258282831683746,0.0,0.6138216385966863,0.6138216385966863
hrl,multi,1,weighted_cka,0,1297,3.048139991707953,241.0,0.7037734985351562,0.7023488879203796,1,0.0,0.6096279983415906,5,1,weighted_cka,25,114,0.29378974651375356,4.0,1.52,0.3621791067025623,0.7074089436465872,1.2074126429753376,0.4001371452286839,0.37100215315478263,0.0,0.6096279983415906,0.6096279983415906
hrl,multi,1,weighted_cka,0,1298,3.091809722679666,229.0,0.7037245035171509,0.7017270922660828,1,0.0,0.6183619445359332,5,1,weighted_cka,23,108,0.30399727861651304,4.0,1.565217391304348,0.4085026917969806,0.5798115207739173,1.1636512618493287,0.5812372606860007,0.3586069875734392,0.0,0.6183619445359332,0.6183619445359332
hrl,multi,1,weighted_cka,0,1299,3.000141889609948,250.0,0.7034381628036499,0.7000924348831177,1,0.0,0.6000283779219897,5,1,weighted_cka,25,102,0.29998723517173836,4.0,1.36,0.2662349187536164,0.5742829628819016,1.3007927970825692,0.398778504514601,0.4600527063772605,0.0,0.6000283779219897,0.6000283779219897
hrl,multi,1,weighted_cka,0,1300,3.07333176514464,232.0,0.7043995261192322,0.7015343308448792,1,0.0,0.6146663530289281,5,1,weighted_cka,23,108,0.31125454031730015,4.0,1.565217391304348,0.34286855950765305,0.5574021053314208,1.2439324833899734,0.46506208485481315,0.4640665320607803,0.0,0.6146663530289281,0.6146663530289281
hrl,multi,1,weighted_cka,0,1301,2.264660642942907,300.0,0.6496939659118652,0.43030932545661926,0,0.0,0.4529321285885815,5,1,weighted_cka,31,144,0.29882872117137405,4.0,1.5483870967741935,0.4144447401491923,-0.07192617047112468,1.2212785956431178,0.3005746176140673,0.40028886000765473,0.0,0.4529321285885815,0.4529321285885815
hrl,multi,1,weighted_cka,0,1302,3.0359304318480413,241.0,0.7036350965499878,0.701611340045929,1,0.0,0.6071860863696084,5,1,weighted_cka,24,108,0.33255248078091604,4.0,1.5,0.33715374193759623,0.6726293327007441,1.281192045680247,0.3939636316900141,0.3509916798394405,0.0,0.6071860863696084,0.6071860863696084
hrl,multi,1,weighted_cka,0,1303,3.092615374679283,224.0,0.7038922905921936,0.7005148530006409,1,0.0,0.6185230749358566,5,1,weighted_cka,21,96,0.3348176546397977,4.0,1.5238095238095237,0.3894324391921981,0.7010622312240301,1.2396876859925685,0.4176118152663838,0.34482120300410307,0.0,0.6185230749358566,0.6185230749358566
hrl,multi,1,weighted_cka,0,1304,3.065005208313755,231.0,0.7032521367073059,0.7005801796913147,1,0.0,0.613001041662751,5,1,weighted_cka,24,114,0.38113861868199256,4.0,1.5833333333333333,0.28662922454866924,0.5816033545024691,1.2502883099582975,0.4718311143333557,0.47465320497096386,0.0,0.613001041662751,0.613001041662751
hrl,multi,1,weighted_cka,0,1305,2.9593486044832957,259.0,0.7036536931991577,0.7010380625724792,1,0.0,0.5918697208966591,5,1,weighted_cka,26,120,0.37133070039662874,4.0,1.5384615384615385,0.37556455104774783,0.6058486707744885,1.2042713175974784,0.42696900611475563,0.34669505894882596,0.0,0.5918697208966591,0.5918697208966591
hrl,multi,1,weighted_cka,0,1306,3.005915530845696,247.0,0.7052375078201294,0.7023488879203796,1,0.0,0.6011831061691393,5,1,weighted_cka,25,120,0.3726438302455478,4.0,1.6,0.31637269254669076,0.6427759997909887,1.2634715258548965,0.4308147688906755,0.35248054376244536,0.0,0.6011831061691393,0.6011831061691393
hrl,multi,1,weighted_cka,0,1307,3.029850584785016,240.0,0.7030733227729797,0.7007191181182861,1,0.0,0.6059701169570033,5,1,weighted_cka,23,108,0.3609720329871751,4.0,1.565217391304348,0.3052156997118727,0.5341887385994194,1.288750951898284,0.4356747131957671,0.46602048137967345,0.0,0.6059701169570033,0.6059701169570033
hrl,multi,1,weighted_cka,0,1308,3.0417283841170852,240.0,0.7039423584938049,0.7008057236671448,1,0.0,0.6083456768234171,5,1,weighted_cka,25,114,0.36918844709513826,4.0,1.52,0.2816308281397941,0.5761066731563768,1.1552498165681024,0.5132794460332951,0.5154616202195174,0.0,0.6083456768234171,0.6083456768234171
hrl,multi,1,weighted_cka,0,1309,3.084344571101587,231.0,0.703576385974884,0.7005624175071716,1,0.0,0.6168689142203175,5,1,weighted_cka,23,108,0.3674766941559793,4.0,1.565217391304348,0.348460865714318,0.7417647154964505,1.213370212871581,0.39793580356938757,0.3828129734498506,0.0,0.6168689142203175,0.6168689142203175
hrl,multi,1,weighted_cka,0,1310,3.017505304626466,247.0,0.7029528021812439,0.7005009651184082,1,0.0,0.6035010609252933,5,1,weighted_cka,24,108,0.33271944644032003,4.0,1.5,0.28582727035580313,0.525718235703185,1.2166188432816414,0.5052133588579016,0.48412759642793557,0.0,0.6035010609252933,0.6035010609252933
hrl,multi,1,weighted_cka,0,1311,2.0776908773827003,300.0,0.600836455821991,0.1910790205001831,0,0.0,0.41553817547654015,5,1,weighted_cka,31,156,0.3007925083509059,4.0,1.6774193548387097,0.35436261080484827,-0.3234108643680815,1.2694732060404492,0.3937199905093875,0.38354593439609735,0.0,0.41553817547654015,0.41553817547654015
hrl,multi,1,weighted_cka,0,1312,2.197996056056944,300.0,0.6354284286499023,0.3675136864185333,0,0.0,0.43959921121138884,5,1,weighted_cka,29,96,0.34527452587553426,4.0,1.3793103448275863,0.31955686606904776,-0.18809167045325775,1.2929069850575177,0.3909114254335872,0.38271244995004955,0.0,0.43959921121138884,0.43959921121138884
hrl,multi,1,weighted_cka,0,1313,2.9793898378480503,254.0,0.7047427892684937,0.7016988396644592,1,0.0,0.5958779675696101,5,1,weighted_cka,26,78,0.3982470077081483,4.0,1.2692307692307692,0.35694893600209604,0.6290214017578398,1.2178629852347074,0.38553283025533885,0.39002368459806885,0.0,0.5958779675696101,0.5958779675696101
hrl,multi,1,weighted_cka,0,1314,3.0307592109173407,242.0,0.7044426202774048,0.7023488879203796,1,0.0,0.6061518421834682,5,1,weighted_cka,24,84,0.3870005199518443,4.0,1.375,0.29563442671223306,0.5483281541792674,1.2727425751723347,0.5170741130565292,0.39697994179697693,0.0,0.6061518421834682,0.6061518421834682
hrl,multi,1,weighted_cka,0,1315,3.0883780390161397,228.0,0.7033517956733704,0.7002806663513184,1,0.0,0.617675607803228,5,1,weighted_cka,23,102,0.35334103385081894,4.0,1.4782608695652173,0.34011515011632576,0.6742290587285532,1.294698656208813,0.41973207736357276,0.3596030965988756,0.0,0.617675607803228,0.617675607803228
hrl,multi,1,weighted_cka,0,1316,3.0645194866834196,235.0,0.7042851448059082,0.7001756429672241,1,0.0,0.612903897336684,5,1,weighted_cka,22,102,0.35334103385081894,4.0,1.5454545454545454,0.3712960049230604,0.6608063935060052,1.253452124561183,0.3974028818747028,0.3815620818184688,0.0,0.612903897336684,0.612903897336684
hrl,multi,1,weighted_cka,0,1317,3.0268238628777313,241.0,0.704136073589325,0.7004686594009399,1,0.0,0.6053647725755463,5,1,weighted_cka,25,114,0.3506567364137667,4.0,1.52,0.3341923465265426,0.6165860058646647,1.247104999747127,0.39478868198586853,0.434151828753529,0.0,0.6053647725755463,0.6053647725755463
hrl,multi,1,weighted_cka,0,1318,2.318381321333071,300.0,0.6638110876083374,0.5034508109092712,0,0.0,0.46367626426661424,5,1,weighted_cka,30,150,0.2814170503777806,4.0,1.6666666666666667,0.2974512978880665,-0.16916534549417012,1.2523505685017442,0.4654367182063869,0.4723080822310438,0.0,0.46367626426661424,0.46367626426661424
hrl,multi,1,weighted_cka,0,1319,2.384980616287656,300.0,0.6933761835098267,0.6585448980331421,0,0.0,0.4769961232575313,5,1,weighted_cka,30,147,0.26907526748823773,4.0,1.6666666666666667,0.35534596075830627,0.015486763305961694,1.2235194297023115,0.3788586952429031,0.41176976727817405,0.0,0.4769961232575313,0.4769961232575313
hrl,multi,1,weighted_cka,0,1320,2.913493425422172,273.0,0.7055665254592896,0.7041677236557007,1,0.0,0.5826986850844345,5,1,weighted_cka,29,108,0.31992244181450524,4.0,1.5862068965517242,0.2777375060683698,0.4431611308027056,1.2039837557915596,0.589456684912904,0.3991543478466336,0.0,0.5826986850844345,0.5826986850844345
hrl,multi,1,weighted_cka,0,1321,3.018407196099927,244.0,0.7037721872329712,0.7003711462020874,1,0.0,0.6036814392199854,5,1,weighted_cka,22,84,0.3382258836854755,4.0,1.5454545454545454,0.29090038285084296,0.5214612029697744,1.3010219601197166,0.43736112663103255,0.46766252352856086,0.0,0.6036814392199854,0.6036814392199854
hrl,multi,1,weighted_cka,0,1322,3.0618621294060855,231.0,0.7036281228065491,0.7008025050163269,1,0.0,0.6123724258812172,5,1,weighted_cka,24,105,0.3752903534741902,4.0,1.5833333333333333,0.3647267109971725,0.6429313433049245,1.2879407847281543,0.3836802568781567,0.382583033497678,0.0,0.6123724258812172,0.6123724258812172
hrl,multi,1,weighted_cka,0,1323,3.117948826618084,220.0,0.7041385769844055,0.7014475464820862,1,0.0,0.6235897653236169,5,1,weighted_cka,21,96,0.4000000000000001,4.0,1.5238095238095237,0.33283530948846596,0.7875306671602883,1.219980630812235,0.41825889023597107,0.35934332892112425,0.0,0.6235897653236169,0.6235897653236169
hrl,multi,1,weighted_cka,0,1324,3.0725409242160664,229.0,0.7040719985961914,0.7023488879203796,1,0.0,0.6145081848432133,5,1,weighted_cka,24,108,0.4,4.0,1.5,0.39104503481666314,0.6124701379761098,1.2890030312947927,0.4004960140009934,0.379526706127508,0.0,0.6145081848432133,0.6145081848432133
hrl,multi,1,weighted_cka,0,1325,2.871810389724282,281.0,0.7044699788093567,0.7026699185371399,1,0.0,0.5743620779448565,5,1,weighted_cka,28,138,0.3856449029788204,4.0,1.6428571428571428,0.34763227143646497,0.48094979722611575,1.278157255186699,0.3935053885034285,0.3715656773715745,0.0,0.5743620779448565,0.5743620779448565
hrl,multi,1,weighted_cka,0,1326,2.934360782701637,266.0,0.7035173177719116,0.7010303735733032,1,0.0,0.5868721565403274,5,1,weighted_cka,26,126,0.2584997579340868,4.0,1.6153846153846154,0.3083087466856231,0.5797546963496131,1.2064224363635292,0.44803642807085986,0.3918384752320125,0.0,0.5868721565403274,0.5868721565403274
hrl,multi,1,weighted_cka,0,1327,3.000093457698766,250.0,0.7036083936691284,0.7011592388153076,1,0.0,0.6000186915397533,5,1,weighted_cka,26,120,0.30094983055386076,4.0,1.5384615384615385,0.28806481270748185,0.5404845678880809,1.2930858481498433,0.41319048928609103,0.46526773966726964,0.0,0.6000186915397533,0.6000186915397533
hrl,multi,1,weighted_cka,0,1328,3.0523777965935865,241.0,0.7029723525047302,0.7005549669265747,1,0.0,0.6104755593187174,5,1,weighted_cka,22,102,0.296082501485288,4.0,1.5454545454545454,0.29569496997981326,0.549631117461249,1.3093507824447004,0.43745814698562013,0.4602427797222043,0.0,0.6104755593187174,0.6104755593187174
hrl,multi,1,weighted_cka,0,1329,3.0121720144943525,250.0,0.7041066884994507,0.7023488879203796,1,0.0,0.6024344028988706,5,1,weighted_cka,26,126,0.32567857519973636,4.0,1.6153846153846154,0.2946250751664483,0.5293261744128538,1.2412267848651388,0.48070305512013134,0.46629092492978075,0.0,0.6024344028988706,0.6024344028988706
hrl,multi,1,weighted_cka,0,1330,3.0000625147068627,249.0,0.703960657119751,0.7030442357063293,1,0.0,0.6000125029413725,5,1,weighted_cka,26,120,0.32196250395972326,4.0,1.5384615384615385,0.40302859778574185,0.5130493309590963,1.2994978558486325,0.4013473841296508,0.3831393459837417,0.0,0.6000125029413725,0.6000125029413725
hrl,multi,1,weighted_cka,0,1331,3.093200804415114,226.0,0.703541100025177,0.7023488879203796,1,0.0,0.6186401608830229,5,1,weighted_cka,22,102,0.3362797237551105,4.0,1.5454545454545454,0.28362745060893935,0.6039989375742151,1.300495895345695,0.4367060355544089,0.46837248533185616,0.0,0.6186401608830229,0.6186401608830229
hrl,multi,1,weighted_cka,0,1332,3.058200442304455,236.0,0.7039180994033813,0.7017855048179626,1,0.0,0.6116400884608911,5,1,weighted_cka,25,114,0.38740871062105536,4.0,1.52,0.278969337370363,0.5939141626348717,1.2839315882977096,0.5160951438411138,0.3852902101603976,0.0,0.6116400884608911,0.6116400884608911
hrl,multi,1,weighted_cka,0,1333,3.0682034980061568,233.0,0.7045943140983582,0.7023488879203796,1,0.0,0.6136406996012315,5,1,weighted_cka,22,102,0.38874190596706126,4.0,1.5454545454545454,0.30548149515833933,0.5623083413881248,1.2452746302220037,0.48349771050200785,0.47164132073568166,0.0,0.6136406996012315,0.6136406996012315
hrl,multi,1,weighted_cka,0,1334,3.0777347397920445,226.0,0.703816294670105,0.7010900378227234,1,0.0,0.615546947958409,5,1,weighted_cka,23,108,0.38670919454444735,4.0,1.565217391304348,0.5503052736794342,0.45942449075146563,1.2955519041493533,0.4093674603581602,0.3630856108536317,0.0,0.615546947958409,0.615546947958409
hrl,multi,1,weighted_cka,0,1335,2.927248848324611,271.0,0.7037838697433472,0.7009616494178772,1,0.0,0.5854497696649223,5,1,weighted_cka,27,132,0.3254314615392707,4.0,1.6296296296296295,0.36050485053146253,0.647954567665234,1.1785294851139185,0.3916103881755843,0.3486495568384124,0.0,0.5854497696649223,0.5854497696649223
hrl,multi,1,weighted_cka,0,1336,2.353116818588745,300.0,0.6746554374694824,0.5554609894752502,0,0.0,0.47062336371774915,5,1,weighted_cka,30,150,0.3629244628754544,4.0,1.6666666666666667,0.4085076580586173,0.2671386134997009,1.2667397179696707,0.017993359335446157,0.3927374697253107,0.0,0.47062336371774915,0.47062336371774915
hrl,multi,1,weighted_cka,0,1337,3.0082295426658807,246.0,0.7037721276283264,0.7023488879203796,1,0.0,0.6016459085331762,5,1,weighted_cka,24,108,0.29701239687626224,4.0,1.5,0.39511284356284876,0.4208623594772069,1.2973652105643412,0.5042028755694626,0.39068625349202185,0.0,0.6016459085331762,0.6016459085331762
hrl,multi,1,weighted_cka,0,1338,3.045019093742702,240.0,0.7034436464309692,0.7012106776237488,1,0.0,0.6090038187485405,5,1,weighted_cka,24,114,0.3024327970406695,4.0,1.5833333333333333,0.31533589028520503,0.6743211676088975,1.290173896318767,0.3876954611194596,0.37749267841037354,0.0,0.6090038187485405,0.6090038187485405
hrl,multi,1,weighted_cka,0,1339,3.1004327711503707,225.0,0.7035334706306458,0.7023488879203796,1,0.0,0.6200865542300742,5,1,weighted_cka,23,108,0.39754659606255305,4.0,1.565217391304348,0.35368195067439223,0.7138856188980861,1.2669543905863536,0.3940084533351473,0.3719023576563922,0.0,0.6200865542300742,0.6200865542300742
hrl,multi,1,weighted_cka,0,1340,3.0758828869429404,231.0,0.7037194967269897,0.7017799615859985,1,0.0,0.6151765773885881,5,1,weighted_cka,24,108,0.3938664901563825,4.0,1.5,0.30838799621141505,0.5772186251743695,1.2881650013243777,0.43442586372559877,0.4676854005071799,0.0,0.6151765773885881,0.6151765773885881
hrl,multi,1,weighted_cka,0,1341,3.0394443510978295,239.0,0.7014595866203308,0.7006110548973083,1,0.0,0.607888870219566,5,1,weighted_cka,23,108,0.3938664901563825,4.0,1.565217391304348,0.29795300288777793,0.5667438234891741,1.2558192395740186,0.49568404550621914,0.4232442396406403,0.0,0.607888870219566,0.607888870219566
hrl,multi,1,weighted_cka,0,1342,3.0491254020090697,239.0,0.7045820951461792,0.7023488879203796,1,0.0,0.609825080401814,5,1,weighted_cka,24,114,0.3813867185875613,4.0,1.5833333333333333,0.3167683761838706,0.671814122788375,1.2729892564453182,0.4022970188343896,0.3852566277571167,0.0,0.609825080401814,0.609825080401814
hrl,multi,1,weighted_cka,0,1343,3.051170119678542,238.0,0.7029553651809692,0.7003524303436279,1,0.0,0.6102340239357085,5,1,weighted_cka,24,114,0.3604396287121737,4.0,1.5833333333333333,0.39296687965351146,0.6083073959490283,1.2674820655072105,0.4027977190380915,0.37961605953070093,0.0,0.6102340239357085,0.6102340239357085
hrl,multi,1,weighted_cka,0,1344,2.809857535240748,296.0,0.7049055099487305,0.7010303735733032,1,0.0,0.5619715070481497,5,1,weighted_cka,30,126,0.3684131184418758,4.0,1.4,0.16853620603785366,0.5757264730243913,1.3051280580908058,0.43830655623972403,0.32216024184797404,0.0,0.5619715070481497,0.5619715070481497
hrl,multi,1,weighted_cka,0,1345,2.9794119050404975,257.0,0.7048037052154541,0.7034581899642944,1,0.0,0.5958823810080995,5,1,weighted_cka,26,120,0.3602005292367636,4.0,1.5384615384615385,0.2769047321737743,0.5652331790258175,1.269639598582871,0.43743527032714324,0.43019912493089196,0.0,0.5958823810080995,0.5958823810080995
hrl,multi,1,weighted_cka,0,1346,2.9888616606028213,253.0,0.7032260894775391,0.7004494667053223,1,0.0,0.5977723321205644,5,1,weighted_cka,24,114,0.3520598281154636,4.0,1.5833333333333333,0.4307727026669307,0.35858322220248356,1.2944690243704242,0.4376257952353916,0.4674109161275918,0.0,0.5977723321205644,0.5977723321205644
hrl,multi,1,weighted_cka,0,1347,3.07247134521829,230.0,0.7028801441192627,0.7000696659088135,1,0.0,0.614494269043658,5,1,weighted_cka,25,114,0.3660245546990553,4.0,1.52,0.35404221472579217,0.5523996833674608,1.3002362157935274,0.40252129306830453,0.4632719382632057,0.0,0.614494269043658,0.614494269043658
hrl,multi,1,weighted_cka,0,1348,3.038937822761944,240.0,0.703574001789093,0.7000208497047424,1,0.0,0.6077875645523889,5,1,weighted_cka,23,108,0.3569644359521367,4.0,1.565217391304348,0.3160131091908551,0.6679491385719737,1.2666468278835525,0.40127831515204154,0.3870504319635219,0.0,0.6077875645523889,0.6077875645523889
hrl,multi,1,weighted_cka,0,1349,2.9755831612299066,262.0,0.7037149667739868,0.7002506852149963,1,0.0,0.5951166322459814,5,1,weighted_cka,25,120,0.34760213649272226,4.0,1.6,0.30764162608882173,0.46622418352961514,0.7878987506050615,0.43091664176248,0.9829019592439289,0.0,0.5951166322459814,0.5951166322459814
hrl,multi,1,weighted_cka,0,1350,3.0216240587465224,241.0,0.7039510607719421,0.7023488879203796,1,0.0,0.6043248117493045,5,1,weighted_cka,24,108,0.36308815961311147,4.0,1.5,0.286708983248509,0.5693003811980596,1.303338938414119,0.39677528965985387,0.4655004662259815,0.0,0.6043248117493045,0.6043248117493045
hrl,multi,1,weighted_cka,0,1351,3.060727001030288,233.0,0.7027074098587036,0.7003467679023743,1,0.0,0.6121454002060577,5,1,weighted_cka,24,114,0.35803706566543203,4.0,1.5833333333333333,0.29424260643735756,0.57394899609033,1.23761688591307,0.4827291664353105,0.47218934615422026,0.0,0.6121454002060577,0.6121454002060577
hrl,multi,1,weighted_cka,0,1352,3.0714939672388706,231.0,0.704321026802063,0.7023488879203796,1,0.0,0.6142987934477742,5,1,weighted_cka,24,114,0.36503088805452666,4.0,1.5833333333333333,0.31110085555427935,0.680888523832429,1.298220179996453,0.39274073750741073,0.3885436703482991,0.0,0.6142987934477742,0.6142987934477742
hrl,multi,1,weighted_cka,0,1353,3.0843179600718855,227.0,0.7050868272781372,0.7023488879203796,1,0.0,0.6168635920143772,5,1,weighted_cka,21,96,0.4000000000000001,4.0,1.5238095238095237,0.29107057307363715,0.5919921528124249,1.294287426360417,0.43645916289463627,0.4705086449307708,0.0,0.6168635920143772,0.6168635920143772
hrl,multi,1,weighted_cka,0,1354,3.1063165818840486,222.0,0.7037588357925415,0.7012636065483093,1,0.0,0.6212633163768098,5,1,weighted_cka,23,102,0.4,4.0,1.4782608695652173,0.38224715952563554,0.615715409758035,1.3011891087731344,0.4138828315590507,0.3932820722681935,0.0,0.6212633163768098,0.6212633163768098
hrl,multi,1,weighted_cka,0,1355,3.077396139478135,229.0,0.7047280073165894,0.7023488879203796,1,0.0,0.6154792278956271,5,1,weighted_cka,22,102,0.4,4.0,1.5454545454545454,0.4483620577445252,0.5927434421275392,1.2943924305941907,0.37472302089375437,0.36717518811812616,0.0,0.6154792278956271,0.6154792278956271
hrl,multi,1,weighted_cka,0,1356,3.0345646894532643,242.0,0.7052873373031616,0.7023488879203796,1,0.0,0.6069129378906529,5,1,weighted_cka,25,120,0.38834151951170814,4.0,1.6,0.31560536084533664,0.5210121286215724,1.3008577421056104,0.4363267863045911,0.46076267157615425,0.0,0.6069129378906529,0.6069129378906529
hrl,multi,1,weighted_cka,0,1357,3.0981948385988423,221.0,0.7036949992179871,0.7023488879203796,1,0.0,0.6196389677197686,5,1,weighted_cka,22,96,0.3417075975585408,4.0,1.4545454545454546,0.5456242974668274,0.35265497695747755,1.2443843738506546,0.5648128135472069,0.39071837677667637,0.0,0.6196389677197686,0.6196389677197686
hrl,multi,1,weighted_cka,0,1358,3.036763960712068,245.0,0.7041655778884888,0.7010380625724792,1,0.0,0.6073527921424137,5,1,weighted_cka,24,114,0.3263674916528936,4.0,1.5833333333333333,0.33079487429629073,0.6418766514104789,1.274855951450765,0.4023363081614951,0.3869001753930387,0.0,0.6073527921424137,0.6073527921424137
hrl,multi,1,weighted_cka,0,1359,3.087627582339787,226.0,0.7027796506881714,0.7015312910079956,1,0.0,0.6175255164679575,5,1,weighted_cka,24,108,0.3352306639539342,4.0,1.5,0.29470723770090257,0.5902949836030601,1.3004988107345996,0.4382620972137664,0.46386445308745883,0.0,0.6175255164679575,0.6175255164679575
hrl,multi,1,weighted_cka,0,1360,3.0650210130850306,233.0,0.7039819955825806,0.7023488879203796,1,0.0,0.6130042026170062,5,1,weighted_cka,22,102,0.3358340657625377,4.0,1.5454545454545454,0.34149033348402,0.6572105137518373,1.281249856714159,0.3572858119696611,0.4277844971653538,0.0,0.6130042026170062,0.6130042026170062
hrl,multi,1,weighted_cka,0,1361,3.0036181060608347,246.0,0.7029812932014465,0.7009448409080505,1,0.0,0.600723621212167,5,1,weighted_cka,25,120,0.37627863355397334,4.0,1.6,0.3099645194432814,0.6234700310562037,1.262488627019338,0.41447625994263204,0.3932186685993801,0.0,0.600723621212167,0.600723621212167
hrl,multi,1,weighted_cka,0,1362,3.0810553794899302,231.0,0.7043591737747192,0.7023488879203796,1,0.0,0.6162110758979861,5,1,weighted_cka,24,108,0.37803577180923464,4.0,1.5,0.3065838984165456,0.56969510057196,1.3008532319432122,0.4376900055031291,0.4662331430550838,0.0,0.6162110758979861,0.6162110758979861
hrl,multi,1,weighted_cka,0,1363,3.1068040609589067,221.0,0.7039171457290649,0.7012052536010742,1,0.0,0.6213608121917814,5,1,weighted_cka,21,96,0.3753323438317043,4.0,1.5238095238095237,0.300365341734403,0.6103719761413521,1.2979764862316658,0.43016910247190376,0.4679211543795826,0.0,0.6213608121917814,0.6213608121917814
hrl,multi,1,weighted_cka,0,1364,3.0986102931346164,222.0,0.7039584517478943,0.7023488879203796,1,0.0,0.6197220586269234,5,1,weighted_cka,22,102,0.37060865844349494,4.0,1.5454545454545454,0.26937865948447137,0.6239456575410439,1.2859203579642342,0.5258875955296679,0.39347802261519965,0.0,0.6197220586269234,0.6197220586269234
hrl,multi,1,weighted_cka,0,1365,3.092832514878594,224.0,0.7048143148422241,0.7023488879203796,1,0.0,0.6185665029757188,5,1,weighted_cka,23,102,0.3792267473107453,4.0,1.4782608695652173,0.3081429732746909,0.6969920634741428,1.2975940233950967,0.40283664692472654,0.38726680780993766,0.0,0.6185665029757188,0.6185665029757188
hrl,multi,1,weighted_cka,0,1366,3.016938253095605,242.0,0.7037225961685181,0.7003817558288574,1,0.0,0.6033876506191211,5,1,weighted_cka,24,114,0.380115194842626,4.0,1.5833333333333333,0.35464585024409456,0.6583781871544195,1.2686825304962692,0.3778640585195971,0.3573676266812253,0.0,0.6033876506191211,0.6033876506191211
hrl,multi,1,weighted_cka,0,1367,3.0557162980495187,233.0,0.703055739402771,0.700423002243042,1,0.0,0.6111432596099038,5,1,weighted_cka,23,108,0.38036668506796617,4.0,1.565217391304348,0.3168441531360149,0.6788966923196275,1.2943382321605457,0.38962284811434833,0.376014372318983,0.0,0.6111432596099038,0.6111432596099038
hrl,multi,1,weighted_cka,0,1368,3.068026547838103,236.0,0.7026742696762085,0.7003317475318909,1,0.0,0.6136053095676207,5,1,weighted_cka,23,108,0.3811849362480395,4.0,1.565217391304348,0.3064789094550069,0.5596287413295357,1.3039180067349223,0.43809178318409236,0.45990910713454636,0.0,0.6136053095676207,0.6136053095676207
hrl,multi,1,weighted_cka,0,1369,3.104005477616562,223.0,0.7045162320137024,0.7023488879203796,1,0.0,0.6208010955233124,5,1,weighted_cka,24,108,0.38431062048255676,4.0,1.5,0.43474601531214996,0.5718335930283646,1.3003232593396676,0.4252654012343845,0.37183720870199605,0.0,0.6208010955233124,0.6208010955233124
hrl,multi,1,weighted_cka,0,1370,3.0429013602186665,242.0,0.7042393088340759,0.7023096680641174,1,0.0,0.6085802720437334,5,1,weighted_cka,23,108,0.38764742122965706,4.0,1.565217391304348,0.36805555126164097,0.6195631658844648,1.2814953905306754,0.4243158369180745,0.3494714156238114,0.0,0.6085802720437334,0.6085802720437334
hrl,multi,1,weighted_cka,0,1371,3.0769824987686576,227.0,0.7046216726303101,0.7023488879203796,1,0.0,0.6153964997537316,5,1,weighted_cka,22,102,0.3869207989490486,4.0,1.5454545454545454,0.38179933865275223,0.6018616158249787,1.2871874972572548,0.41290976594248774,0.3932242810911847,0.0,0.6153964997537316,0.6153964997537316
hrl,multi,1,weighted_cka,0,1372,2.970107383704961,260.0,0.7032233476638794,0.7015703320503235,1,0.0,0.5940214767409924,5,1,weighted_cka,26,102,0.3780452982639342,4.0,1.3076923076923077,0.25772544545192777,0.6318835610877721,1.3000838999501427,0.4166073117922059,0.3638071654229133,0.0,0.5940214767409924,0.5940214767409924
hrl,multi,1,weighted_cka,0,1373,3.0401375263721553,237.0,0.7045169472694397,0.7023488879203796,1,0.0,0.6080275052744311,5,1,weighted_cka,25,114,0.3551118901526344,4.0,1.52,0.40461091561615453,0.4479277533574494,1.2934842012105507,0.51799883581046,0.37611582037754115,0.0,0.6080275052744311,0.6080275052744311
hrl,multi,1,weighted_cka,0,1374,3.0601133062553987,232.0,0.7044934034347534,0.7023488879203796,1,0.0,0.6120226612510797,5,1,weighted_cka,23,102,0.36655395736862956,4.0,1.4782608695652173,0.44208451699977724,0.6835129327531902,1.2086491229343226,0.3347049638501775,0.39116176971793165,0.0,0.6120226612510797,0.6120226612510797
hrl,multi,1,weighted_cka,0,1375,3.109475085544919,222.0,0.7053545713424683,0.7023488879203796,1,0.0,0.6218950171089839,5,1,weighted_cka,22,102,0.3581924467107869,4.0,1.5454545454545454,0.2970952777127349,0.6007311702556907,0.7760666749305091,1.0270368708116,0.4085450918343848,0.0,0.6218950171089839,0.6218950171089839
hrl,multi,1,weighted_cka,0,1376,3.077401627917307,232.0,0.7045788168907166,0.7028816342353821,1,0.0,0.6154803255834614,5,1,weighted_cka,24,114,0.36847655701195675,4.0,1.5833333333333333,0.317862993097864,0.567603075721301,1.3008522053346967,0.5137911459133028,0.3772922078501432,0.0,0.6154803255834614,0.6154803255834614
hrl,multi,1,weighted_cka,0,1377,3.050474461622312,238.0,0.7050555944442749,0.7023488879203796,1,0.0,0.6100948923244623,5,1,weighted_cka,24,108,0.3712486044628586,4.0,1.5,0.3947728001134127,0.5692549296142532,1.3006877092625944,0.3970614254209212,0.388697597211131,0.0,0.6100948923244623,0.6100948923244623
hrl,multi,1,weighted_cka,0,1378,3.055077090646721,239.0,0.7052223086357117,0.7023488879203796,1,0.0,0.6110154181293443,5,1,weighted_cka,24,114,0.3773015298390989,4.0,1.5833333333333333,0.32371108884853306,0.6723618125338106,1.28080752661766,0.39492998931184403,0.38326667333487413,0.0,0.6110154181293443,0.6110154181293443
hrl,multi,1,weighted_cka,0,1379,3.0263056021430517,241.0,0.7031906843185425,0.7012566328048706,1,0.0,0.6052611204286105,5,1,weighted_cka,23,108,0.3712486044628586,4.0,1.565217391304348,0.30944644846720615,0.6557439076509325,1.2838611668804658,0.3987755188981536,0.3784785602462943,0.0,0.6052611204286105,0.6052611204286105
hrl,multi,1,weighted_cka,0,1380,2.9655372464703382,260.0,0.7035454511642456,0.7026171684265137,1,0.0,0.5931074492940678,5,1,weighted_cka,27,105,0.34469087989474734,4.0,1.5555555555555556,0.39238865725090716,0.5059537944607434,1.2990215758541597,0.3491648704912513,0.4190083484132773,0.0,0.5931074492940678,0.5931074492940678
hrl,multi,1,weighted_cka,0,1381,2.909567488449115,271.0,0.7047178149223328,0.7023488879203796,1,0.0,0.581913497689823,5,1,weighted_cka,25,81,0.35335156533171974,4.0,1.28,0.19345954822911857,0.6279155418027657,1.3005498823691157,0.40292764389235514,0.38471487215576045,0.0,0.581913497689823,0.581913497689823
hrl,multi,1,weighted_cka,0,1382,3.009426281754712,250.0,0.7050548195838928,0.7031943798065186,1,0.0,0.6018852563509425,5,1,weighted_cka,26,102,0.3555467857866976,4.0,1.5384615384615385,0.2845212138431379,0.5398070829487113,1.1822623170143922,0.5771102794343604,0.4257253885141107,0.0,0.6018852563509425,0.6018852563509425
hrl,multi,1,weighted_cka,0,1383,3.0037197067315997,247.0,0.7032577395439148,0.7000696659088135,1,0.0,0.60074394134632,5,1,weighted_cka,24,108,0.32209177665063776,4.0,1.5833333333333333,0.2965777205999911,0.49819872691197065,1.3008594715716315,0.45143393949186417,0.45664984815614285,0.0,0.60074394134632,0.60074394134632
hrl,multi,1,weighted_cka,0,1384,3.0332576288528204,241.0,0.7034435272216797,0.7016526460647583,1,0.0,0.6066515257705641,5,1,weighted_cka,26,120,0.31946874688441346,4.0,1.5384615384615385,0.36698815640345844,0.6084720704220233,1.2906233044555409,0.3855098473541438,0.38166425021765454,0.0,0.6066515257705641,0.6066515257705641
hrl,multi,1,weighted_cka,0,1385,3.102061446671271,224.0,0.7028647661209106,0.7005300521850586,1,0.0,0.6204122893342543,5,1,weighted_cka,21,96,0.3424776763460096,4.0,1.5238095238095237,0.29353541148793005,0.6000339879542588,1.3002955930791793,0.5184236025917343,0.38977285155816926,0.0,0.6204122893342543,0.6204122893342543
hrl,multi,1,weighted_cka,0,1386,3.117463517998766,220.0,0.7043066620826721,0.7023488879203796,1,0.0,0.6234927035997533,5,1,weighted_cka,23,108,0.3488690456408975,4.0,1.565217391304348,0.2983775730926863,0.6111590720955281,1.3007042735330758,0.45376740660142956,0.4534551926760467,0.0,0.6234927035997533,0.6234927035997533
hrl,multi,1,weighted_cka,0,1387,3.0520008298027084,230.0,0.7032297253608704,0.700825035572052,1,0.0,0.6104001659605418,5,1,weighted_cka,23,108,0.4,4.0,1.565217391304348,0.5055590742604107,0.5779022966474293,1.2494974460783412,0.35511400819779365,0.36392800461873404,0.0,0.6104001659605418,0.6104001659605418
hrl,multi,1,weighted_cka,0,1388,3.0716657362789834,232.0,0.7032817602157593,0.7022453546524048,1,0.0,0.6143331472557967,5,1,weighted_cka,23,102,0.4,4.0,1.4782608695652173,0.35292962445691217,0.7277756332701536,1.2098478611074386,0.39790498841833316,0.3832076290261465,0.0,0.6143331472557967,0.6143331472557967
hrl,multi,1,weighted_cka,0,1389,3.0410186327065736,237.0,0.7039911150932312,0.7023488879203796,1,0.0,0.6082037265413148,5,1,weighted_cka,24,114,0.4,4.0,1.5833333333333333,0.3900852026099454,0.5422658820580689,1.2993368662060236,0.4118977152793667,0.39743296655316945,0.0,0.6082037265413148,0.6082037265413148
hrl,multi,1,weighted_cka,0,1390,3.043652071045885,236.0,0.7047526240348816,0.7023488879203796,1,0.0,0.6087304142091771,5,1,weighted_cka,22,84,0.4000000000000001,4.0,1.5454545454545454,0.29631275123119116,0.5463260995559392,1.2991679273177867,0.4473656193970236,0.4544796735439448,0.0,0.6087304142091771,0.6087304142091771
hrl,multi,1,weighted_cka,0,1391,3.024927108251743,244.0,0.7040746808052063,0.7007464170455933,1,0.0,0.6049854216503487,5,1,weighted_cka,25,78,0.4,4.0,1.6,0.2987312010809473,0.5323634245293213,1.2976991985281927,0.43783833864657196,0.45829494546671035,0.0,0.6049854216503487,0.6049854216503487
hrl,multi,1,weighted_cka,0,1392,3.0748981647422466,229.0,0.7030156850814819,0.7016988396644592,1,0.0,0.6149796329484494,5,1,weighted_cka,23,72,0.4000000000000001,4.0,1.4782608695652173,0.560991641227505,0.4197266410947048,1.3007732085166497,0.4067630905002587,0.38664358340312893,0.0,0.6149796329484494,0.6149796329484494
hrl,multi,1,weighted_cka,0,1393,3.0326159164650877,241.0,0.7027506828308105,0.7006750106811523,1,0.0,0.6065231832930176,5,1,weighted_cka,25,90,0.4,4.0,1.6,0.3139292347163718,0.6814040415342896,1.26478916288726,0.38457668444572474,0.38791679288144215,0.0,0.6065231832930176,0.6065231832930176
hrl,multi,1,weighted_cka,0,1394,3.102262124436033,226.0,0.703879177570343,0.7012014389038086,1,0.0,0.6204524248872068,5,1,weighted_cka,23,102,0.3822103397835558,4.0,1.4782608695652173,0.34409456443943776,0.6760932463929056,1.2961806903416289,0.4021418934972024,0.3837517297648591,0.0,0.6204524248872068,0.6204524248872068
hrl,multi,1,weighted_cka,0,1395,3.0752996956599405,225.0,0.7041550874710083,0.7020397782325745,1,0.0,0.6150599391319882,5,1,weighted_cka,21,96,0.376373107525035,4.0,1.5238095238095237,0.44819089696556313,0.5497707916079088,1.3010219601197166,0.4252836975320241,0.35103234943472844,0.0,0.6150599391319882,0.6150599391319882
hrl,multi,1,weighted_cka,0,1396,3.1125540686671362,221.0,0.7034130096435547,0.7018290758132935,1,0.0,0.6225108137334273,5,1,weighted_cka,23,108,0.3831986542400249,4.0,1.565217391304348,0.32161850286228577,0.7025094002299009,1.2986573662124572,0.40238907663663837,0.3873797227258546,0.0,0.6225108137334273,0.6225108137334273
hrl,multi,1,weighted_cka,0,1397,3.0956594294226294,225.0,0.7037311792373657,0.7017602324485779,1,0.0,0.619131885884526,5,1,weighted_cka,22,102,0.3777629247294448,4.0,1.5454545454545454,0.29747352633875557,0.6006982151307164,1.2925094180330632,0.43780125850392493,0.46717701141616985,0.0,0.619131885884526,0.619131885884526
hrl,multi,1,weighted_cka,0,1398,3.00532857972331,247.0,0.7044980525970459,0.7018040418624878,1,0.0,0.6010657159446621,5,1,weighted_cka,26,120,0.3706233074131193,4.0,1.5384615384615385,0.28609527821280056,0.5131313911881296,1.3006132147489113,0.5145254162889904,0.39096327928447855,0.0,0.6010657159446621,0.6010657159446621
hrl,multi,1,weighted_cka,0,1399,3.078989836195788,227.0,0.7036962509155273,0.7022160887718201,1,0.0,0.6157979672391576,5,1,weighted_cka,21,96,0.37272989125638506,4.0,1.5238095238095237,0.4385144258749204,0.5957833207678048,1.2966589967468751,0.3764436228492995,0.37158946995688885,0.0,0.6157979672391576,0.6157979672391576
hrl,multi,1,weighted_cka,0,1400,3.0732934179427454,226.0,0.7041917443275452,0.7000924348831177,1,0.0,0.614658683588549,5,1,weighted_cka,23,108,0.37575990333900894,4.0,1.565217391304348,0.3943045355761422,0.6086730589317156,1.2957743774382395,0.39401351158088066,0.3805279344157679,0.0,0.614658683588549,0.614658683588549
hrl,multi,1,weighted_cka,0,1401,3.0330281141823785,240.0,0.7025699019432068,0.7007315158843994,1,0.0,0.6066056228364758,5,1,weighted_cka,24,108,0.37575990333900894,4.0,1.5,0.30648097238625627,0.6647380262799559,1.2989437859719617,0.37060873965802593,0.39225658988617934,0.0,0.6066056228364758,0.6066056228364758
hrl,multi,1,weighted_cka,0,1402,3.0480966027747405,237.0,0.7044363021850586,0.7023488879203796,1,0.0,0.6096193205549482,5,1,weighted_cka,24,114,0.3717734837314741,4.0,1.5833333333333333,0.2891840194023534,0.5559592284364624,1.300902583075687,0.4403683036816145,0.4616824681786237,0.0,0.6096193205549482,0.6096193205549482
hrl,multi,1,weighted_cka,0,1403,3.0991668392111884,226.0,0.7039339542388916,0.7014281153678894,1,0.0,0.6198333678422377,5,1,weighted_cka,22,102,0.37371059759303965,4.0,1.5454545454545454,0.3251814635705086,0.6887466174978761,1.3009032076438887,0.39825376087985925,0.3860817896190564,0.0,0.6198333678422377,0.6198333678422377
hrl,multi,1,weighted_cka,0,1404,3.08724883354589,225.0,0.7033975720405579,0.7014118432998657,1,0.0,0.6174497667091781,5,1,weighted_cka,23,102,0.3789684780744317,4.0,1.4782608695652173,0.29568274139909767,0.6009098115307278,1.3007663665553553,0.4218180571766569,0.46807185688405284,0.0,0.6174497667091781,0.6174497667091781
hrl,multi,1,weighted_cka,0,1405,3.088585350150969,225.0,0.7040243148803711,0.7022937536239624,1,0.0,0.6177170700301938,5,1,weighted_cka,22,102,0.37371059759303965,4.0,1.5454545454545454,0.3053143644636147,0.7011225197780876,1.2945698360195381,0.4023675731550901,0.3852110567346389,0.0,0.6177170700301938,0.6177170700301938
hrl,multi,1,weighted_cka,0,1406,3.053217975737933,235.0,0.7029005885124207,0.7011932134628296,1,0.0,0.6106435951475866,5,1,weighted_cka,24,114,0.4,4.0,1.5833333333333333,0.3743933880223193,0.624122670954035,1.300666232731193,0.4027005929080768,0.3513350911223096,0.0,0.6106435951475866,0.6106435951475866
hrl,multi,1,weighted_cka,0,1407,3.0884273746037203,226.0,0.70289546251297,0.7008503079414368,1,0.0,0.6176854749207441,5,1,weighted_cka,22,102,0.4,4.0,1.5454545454545454,0.3914831852389324,0.5802300519463605,1.303686725229956,0.41718852243060234,0.3958388897578697,0.0,0.6176854749207441,0.6176854749207441
hrl,multi,1,weighted_cka,0,1408,3.0838354939755797,226.0,0.7040387988090515,0.7023488879203796,1,0.0,0.616767098795116,5,1,weighted_cka,24,108,0.4,4.0,1.5,0.3151114803566888,0.5931983312787487,1.2946680860691702,0.412707852647174,0.4681497436237986,0.0,0.616767098795116,0.616767098795116
hrl,multi,1,weighted_cka,0,1409,3.0480803807761245,238.0,0.7057121992111206,0.7040414214134216,1,0.0,0.609616076155225,5,1,weighted_cka,23,108,0.38914594577428974,4.0,1.565217391304348,0.4870330697074531,0.5845735414102672,1.255778389134444,0.35844263866040266,0.3622527418635581,0.0,0.609616076155225,0.609616076155225
hrl,multi,1,weighted_cka,0,1410,3.009156463220656,246.0,0.7047995328903198,0.7023488879203796,1,0.0,0.6018312926441313,5,1,weighted_cka,24,114,0.3280204825031845,4.0,1.5833333333333333,0.31190716589934886,0.5202489563394336,1.3009582846639676,0.5134192762598394,0.3626227800580672,0.0,0.6018312926441313,0.6018312926441313
hrl,multi,1,weighted_cka,0,1411,3.092675493861402,226.0,0.7044152617454529,0.7023488879203796,1,0.0,0.6185350987722804,5,1,weighted_cka,22,102,0.3540298879852271,4.0,1.5454545454545454,0.29277371983061307,0.5971261530378832,1.300902583075687,0.4376419000145978,0.46423113790262127,0.0,0.6185350987722804,0.6185350987722804
hrl,multi,1,weighted_cka,0,1412,3.051975496827345,237.0,0.703762412071228,0.7023488879203796,1,0.0,0.6103950993654691,5,1,weighted_cka,25,114,0.3280204825031845,4.0,1.52,0.3041552055174106,0.5423417799584566,1.300502192716114,0.5140274204132146,0.39094889822215,0.0,0.6103950993654691,0.6103950993654691
hrl,multi,1,weighted_cka,0,1413,3.024005399169821,244.0,0.7042279243469238,0.7013211250305176,1,0.0,0.6048010798339643,5,1,weighted_cka,24,114,0.360972567561122,4.0,1.5833333333333333,0.28544726713933044,0.5404365229605462,1.2999485236355683,0.43376091547263773,0.46441216996173884,0.0,0.6048010798339643,0.6048010798339643
hrl,multi,1,weighted_cka,0,1414,2.9872360652961056,251.0,0.7048474550247192,0.7023488879203796,1,0.0,0.5974472130592212,5,1,weighted_cka,25,120,0.3672311055834462,4.0,1.6,0.28689958485573874,0.5290713345026595,1.2688176733059806,0.4375598025326616,0.46488767009906573,0.0,0.5974472130592212,0.5974472130592212
hrl,multi,1,weighted_cka,0,1415,3.0351663286374793,237.0,0.7035797834396362,0.7012107372283936,1,0.0,0.6070332657274959,5,1,weighted_cka,25,114,0.36550642692994334,4.0,1.52,0.304032335542608,0.5562120110914109,1.300902583075687,0.45245288333902123,0.4215665155887526,0.0,0.6070332657274959,0.6070332657274959
hrl,multi,1,weighted_cka,0,1416,2.350256717216915,300.0,0.6770911812782288,0.5703914761543274,0,0.0,0.4700513434433831,5,1,weighted_cka,28,108,0.38179505865747004,4.0,1.4642857142857142,0.2966937586733256,-0.00865776871982989,1.3005333527904002,0.5171502926488173,0.2445370818242025,0.0,0.4700513434433831,0.4700513434433831
hrl,multi,1,weighted_cka,0,1417,2.9408138341737344,264.0,0.7035857439041138,0.7009884715080261,1,0.0,0.588162766834747,5,1,weighted_cka,26,72,0.4000000000000001,4.0,1.2692307692307692,0.29315200004738284,0.4443904178356749,1.2968321594465522,0.5139891239632851,0.39245013288083996,0.0,0.588162766834747,0.588162766834747
hrl,multi,1,weighted_cka,0,1418,2.365132720457403,300.0,0.6771167516708374,0.5741444230079651,0,0.0,0.4730265440914807,5,1,weighted_cka,31,84,0.4,4.0,1.096774193548387,0.3146134711396298,-0.1493570101463705,1.3003806246928868,0.4507146032811141,0.44878103149014337,0.0,0.4730265440914807,0.4730265440914807
hrl,multi,1,weighted_cka,0,1419,3.08595549918599,228.0,0.7050095200538635,0.7023488879203796,1,0.0,0.617191099837198,5,1,weighted_cka,22,72,0.3973870871814497,4.0,1.0909090909090908,0.5586279616177051,0.4593676692121661,1.281961725789122,0.40208851649006816,0.3839096260769292,0.0,0.617191099837198,0.617191099837198
hrl,multi,1,weighted_cka,0,1420,3.0501274789387813,228.0,0.7040436863899231,0.7023488879203796,1,0.0,0.6100254957877562,5,1,weighted_cka,24,84,0.3910414417649703,4.0,1.1666666666666667,0.4587568506440146,0.5753569357488303,1.282676892437972,0.3689310399750247,0.3644057601329404,0.0,0.6100254957877562,0.6100254957877562
hrl,multi,1,weighted_cka,0,1421,3.0858071007582026,227.0,0.7043787837028503,0.7023488879203796,1,0.0,0.6171614201516407,5,1,weighted_cka,22,66,0.38859819860996225,4.0,1.0,0.38952598544700584,0.591143005050253,1.300025215277448,0.42746414050273585,0.37764875448076046,0.0,0.6171614201516407,0.6171614201516407
hrl,multi,1,weighted_cka,0,1422,3.0861484110229327,227.0,0.7040748596191406,0.7023488879203796,1,0.0,0.6172296822045866,5,1,weighted_cka,23,108,0.3930322324838658,4.0,1.565217391304348,0.27967184181488114,0.6043110231577883,1.3010219601197166,0.43770385956671076,0.46343972636383646,0.0,0.6172296822045866,0.6172296822045866
hrl,multi,1,weighted_cka,0,1423,2.9738470139362403,254.0,0.70525062084198,0.7025266289710999,1,0.0,0.5947694027872481,5,1,weighted_cka,27,132,0.3928738741312263,4.0,1.6296296296296295,0.3077363106783013,0.5788689054977146,1.302927609670907,0.40153843762166785,0.38277575046765006,0.0,0.5947694027872481,0.5947694027872481
hrl,multi,1,weighted_cka,0,1424,3.0674549408220324,233.0,0.7038267254829407,0.7023488879203796,1,0.0,0.6134909881644066,5,1,weighted_cka,22,96,0.39608063077217454,4.0,1.4545454545454546,0.417369830499403,0.5781482755641917,1.300502192716114,0.4280222800262271,0.3434123620160971,0.0,0.6134909881644066,0.6134909881644066
hrl,multi,1,weighted_cka,0,1425,3.075643554976689,229.0,0.7032235860824585,0.7005866169929504,1,0.0,0.6151287109953378,5,1,weighted_cka,23,108,0.370175413731165,4.0,1.565217391304348,0.2998985639596794,0.5817507240900303,1.2918381141438147,0.43837671023723657,0.4637794425459286,0.0,0.6151287109953378,0.6151287109953378
hrl,multi,1,weighted_cka,0,1426,3.0571721888282997,232.0,0.7025120854377747,0.7013762593269348,1,0.0,0.61143443776566,5,1,weighted_cka,23,108,0.3502923562186083,4.0,1.565217391304348,0.29054211435676547,0.5880996113568543,1.2730304561099035,0.5140201301365158,0.3914798768682612,0.0,0.61143443776566,0.61143443776566
hrl,multi,1,weighted_cka,0,1427,3.092155110085149,225.0,0.7040284872055054,0.7023488879203796,1,0.0,0.6184310220170299,5,1,weighted_cka,22,102,0.3473683771726441,4.0,1.5454545454545454,0.30124594867537957,0.584770302377641,1.3009582846639676,0.43746610641758876,0.4677144679505726,0.0,0.6184310220170299,0.6184310220170299
hrl,multi,1,weighted_cka,0,1428,3.064891614821018,232.0,0.7042219042778015,0.7008768916130066,1,0.0,0.6129783229642036,5,1,weighted_cka,23,108,0.3502923562186083,4.0,1.565217391304348,0.4086438356798607,0.5762523112390189,1.2931963162478057,0.39701424782071254,0.3897849038336207,0.0,0.6129783229642036,0.6129783229642036
hrl,multi,1,weighted_cka,0,1429,3.0525401921241997,239.0,0.7025073766708374,0.7001471519470215,1,0.0,0.61050803842484,5,1,weighted_cka,25,114,0.37174522428319423,4.0,1.52,0.28647709309542546,0.6020149258002637,0.788077394383028,1.0037526251710949,0.3722181536743882,0.0,0.61050803842484,0.61050803842484
hrl,multi,1,weighted_cka,0,1430,3.052414622179144,236.0,0.7030959129333496,0.7013061046600342,1,0.0,0.6104829244358289,5,1,weighted_cka,24,114,0.3843030084742728,4.0,1.5833333333333333,0.49114760215859843,0.5939542709388769,1.2460843307939355,0.3849877810518955,0.33624063723583814,0.0,0.6104829244358289,0.6104829244358289
hrl,multi,1,weighted_cka,0,1431,3.116120223241537,221.0,0.7031516432762146,0.701025664806366,1,0.0,0.6232240446483075,5,1,weighted_cka,20,90,0.38409371525392977,4.0,1.5,0.32207419025962003,0.5841565815778448,1.2199744511377064,0.4374894840111955,0.5524255162551707,0.0,0.6232240446483075,0.6232240446483075
hrl,multi,1,weighted_cka,0,1432,3.0921794146345243,226.0,0.7034064531326294,0.7012696266174316,1,0.0,0.618435882926905,5,1,weighted_cka,24,108,0.38343095338951017,4.0,1.5,0.30094857246603346,0.5901902262279762,1.294752062785439,0.5169045963383977,0.38938395681667853,0.0,0.618435882926905,0.618435882926905
hrl,multi,1,weighted_cka,0,1433,3.014588740968537,245.0,0.7039658427238464,0.7018693685531616,1,0.0,0.6029177481937075,5,1,weighted_cka,25,120,0.33439300886745404,4.0,1.6,0.3015840527268592,0.5216139883128924,1.300902583075687,0.4214396216408348,0.4690484952122641,0.0,0.6029177481937075,0.6029177481937075
hrl,multi,1,weighted_cka,0,1434,3.055944241372227,232.0,0.7035756707191467,0.7012636065483093,1,0.0,0.6111888482744454,5,1,weighted_cka,22,102,0.31667690299576257,4.0,1.5454545454545454,0.38026857614921744,0.569267775855027,1.3004177373000418,0.4064888870352005,0.3995012650327407,0.0,0.6111888482744454,0.6111888482744454
hrl,multi,1,weighted_cka,0,1435,3.0444899635762837,236.0,0.7044431567192078,0.7023488879203796,1,0.0,0.6088979927152568,5,1,weighted_cka,24,114,0.31053730637439775,4.0,1.5833333333333333,0.29115618650565733,0.560177790081594,1.3000132753436917,0.5018699048075358,0.39127280683780546,0.0,0.6088979927152568,0.6088979927152568
hrl,multi,1,weighted_cka,0,1436,3.0979886775618057,225.0,0.7033878564834595,0.7023488879203796,1,0.0,0.6195977355123612,5,1,weighted_cka,23,102,0.33334152239661013,4.0,1.4782608695652173,0.29368455457460363,0.6045888976082204,1.3009103388972578,0.5117334870710036,0.38707139941072083,0.0,0.6195977355123612,0.6195977355123612
hrl,multi,1,weighted_cka,0,1437,3.106066896431205,219.0,0.7043808698654175,0.7023488879203796,1,0.0,0.621213379286241,5,1,weighted_cka,21,96,0.3822938418865996,4.0,1.5238095238095237,0.48694979668461,0.5810480209430678,1.3006196614801881,0.37716377406916574,0.36028564325417384,0.0,0.621213379286241,0.621213379286241
hrl,multi,1,weighted_cka,0,1438,2.9875216492020504,253.0,0.7036246061325073,0.7023488879203796,1,0.0,0.5975043298404101,5,1,weighted_cka,26,108,0.39883461691284033,4.0,1.3846153846153846,0.16524208239530688,0.6205855306442826,1.3008532319432122,0.5100004010304727,0.3908404031887766,0.0,0.5975043298404101,0.5975043298404101
hrl,multi,1,weighted_cka,0,1439,3.089335324360675,224.0,0.7034156322479248,0.7017103433609009,1,0.0,0.6178670648721349,5,1,weighted_cka,22,96,0.39825192536926046,4.0,1.4545454545454546,0.5534414493656948,0.4658464128002523,1.2993419229965655,0.4294125467822886,0.34129299241587424,0.0,0.6178670648721349,0.6178670648721349
hrl,multi,1,weighted_cka,0,1440,2.9877982275829695,250.0,0.7017561793327332,0.7003859281539917,1,0.0,0.5975596455165939,5,1,weighted_cka,26,126,0.39833516701834326,4.0,1.6153846153846154,0.4237987242729867,0.5229479953031985,1.2997196820583192,0.3792294025216833,0.3621024234267824,0.0,0.5975596455165939,0.5975596455165939
hrl,multi,1,weighted_cka,0,1441,3.0125825299869744,245.0,0.7034645080566406,0.7004905939102173,1,0.0,0.6025165059973949,5,1,weighted_cka,24,108,0.3530171535732492,4.0,1.5,0.44360238386969997,0.39426064131408917,1.296386582829058,0.5181615480142062,0.36017137395992166,0.0,0.6025165059973949,0.6025165059973949
hrl,multi,1,weighted_cka,0,1442,3.048070590655391,234.0,0.7040045261383057,0.7016151547431946,1,0.0,0.6096141181310782,5,1,weighted_cka,23,108,0.3537940756313556,4.0,1.565217391304348,0.4533004468455909,0.4238116320925764,1.300809372470714,0.5134433859740383,0.35670575327247195,0.0,0.6096141181310782,0.6096141181310782
hrl,multi,1,weighted_cka,0,1443,3.058134323833349,234.0,0.7044810056686401,0.7023488879203796,1,0.0,0.6116268647666698,5,1,weighted_cka,24,114,0.357330013522804,4.0,1.5833333333333333,0.289907597067111,0.5728462067544459,1.3005964786494149,0.41413606738208897,0.4806479739802888,0.0,0.6116268647666698,0.6116268647666698
hrl,multi,1,weighted_cka,0,1444,3.023590689984149,242.0,0.7043629288673401,0.7036873698234558,1,0.0,0.6047181379968298,5,1,weighted_cka,24,108,0.35495945871851536,4.0,1.5,0.3336261550791095,0.5496541292956098,1.2849027835736049,0.5050675664513836,0.35034005558444176,0.0,0.6047181379968298,0.6047181379968298
hrl,multi,1,weighted_cka,0,1445,3.0851347635064363,228.0,0.7043581008911133,0.7023488879203796,1,0.0,0.6170269527012874,5,1,weighted_cka,23,108,0.4,4.0,1.565217391304348,0.306416448229349,0.5963778044530189,1.300526814789511,0.43731409072464145,0.4444996053099165,0.0,0.6170269527012874,0.6170269527012874
hrl,multi,1,weighted_cka,0,1446,3.1118575075967807,224.0,0.7030400037765503,0.7023488879203796,1,0.0,0.6223715015193563,5,1,weighted_cka,23,108,0.4,4.0,1.565217391304348,0.35851863855804544,0.6755052626375108,1.3005004432266576,0.4182523782062343,0.35908078496833323,0.0,0.6223715015193563,0.6223715015193563
hrl,multi,1,weighted_cka,0,1447,3.0843405887469313,231.0,0.7036496996879578,0.7005887627601624,1,0.0,0.6168681177493863,5,1,weighted_cka,21,96,0.4000000000000001,4.0,1.5238095238095237,0.2931381880161934,0.6243726249793543,1.2644643457611089,0.43334702755603927,0.469018402434236,0.0,0.6168681177493863,0.6168681177493863
hrl,multi,1,weighted_cka,0,1448,3.0845670199782895,226.0,0.7037108540534973,0.7005698680877686,1,0.0,0.616913403995658,5,1,weighted_cka,24,108,0.4,4.0,1.5,0.33158041933619814,0.5760192693565039,1.296450149289332,0.38028502554399884,0.500232156452257,0.0,0.616913403995658,0.616913403995658
hrl,multi,1,weighted_cka,0,1449,3.08994872792455,224.0,0.7031526565551758,0.7024930715560913,1,0.0,0.61798974558491,5,1,weighted_cka,23,108,0.4,4.0,1.565217391304348,0.36397834962443437,0.6542590462919323,1.300351025674492,0.3886813721728976,0.3826789341607945,0.0,0.61798974558491,0.61798974558491
hrl,multi,1,weighted_cka,0,1450,3.0874462290212965,230.0,0.7033959627151489,0.7020339965820312,1,0.0,0.6174892458042593,5,1,weighted_cka,23,108,0.4,4.0,1.565217391304348,0.30969919542712154,0.5793663525721057,1.2876097082290796,0.44288602328300464,0.4678849495099856,0.0,0.6174892458042593,0.6174892458042593
hrl,multi,1,weighted_cka,0,1451,2.8582994117012808,285.0,0.7038279175758362,0.7023488879203796,1,0.0,0.5716598823402561,5,1,weighted_cka,27,132,0.39999999999999997,4.0,1.6296296296296295,0.39317181770992454,0.6089790392559952,1.2880117846745995,0.17180305453274533,0.39633371552801683,0.0,0.5716598823402561,0.5716598823402561
hrl,multi,1,weighted_cka,0,1452,3.1112727287511213,219.0,0.7041262984275818,0.7023488879203796,1,0.0,0.6222545457502243,5,1,weighted_cka,23,102,0.4,4.0,1.4782608695652173,0.30962010874736,0.7061702454201876,1.3065979945454744,0.4021149958535096,0.3867693841845902,0.0,0.6222545457502243,0.6222545457502243
hrl,multi,1,weighted_cka,0,1453,3.1139926072765944,220.0,0.7027071118354797,0.7004686594009399,1,0.0,0.622798521455319,5,1,weighted_cka,21,96,0.4000000000000001,4.0,1.5238095238095237,0.3026427137355203,0.605588028045371,1.3009582846639676,0.5143610660852863,0.3904425147464498,0.0,0.622798521455319,0.622798521455319
hrl,multi,1,weighted_cka,0,1454,2.9613477880326013,254.0,0.7041562795639038,0.7023488879203796,1,0.0,0.5922695576065203,5,1,weighted_cka,26,126,0.39999999999999997,4.0,1.6153846153846154,0.2849771932205767,0.49338154291745717,1.2970651662176822,0.42060271910997094,0.4653211665669149,0.0,0.5922695576065203,0.5922695576065203
hrl,multi,1,weighted_cka,0,1455,3.0922298222257365,222.0,0.7046447992324829,0.7023488879203796,1,0.0,0.6184459644451474,5,1,weighted_cka,23,108,0.4,4.0,1.565217391304348,0.30427511183824385,0.7035874807322396,1.2968573265457524,0.4302708526520581,0.35723905045744314,0.0,0.6184459644451474,0.6184459644451474
hrl,multi,1,weighted_cka,0,1456,3.0931384325166715,222.0,0.7035489082336426,0.7023488879203796,1,0.0,0.6186276865033344,5,1,weighted_cka,21,90,0.4000000000000001,4.0,1.4285714285714286,0.3076848003101913,0.6944576359670608,1.3005099470242856,0.40263822021736984,0.38784782899776465,0.0,0.6186276865033344,0.6186276865033344
hrl,multi,1,weighted_cka,0,1457,3.067970847661111,229.0,0.7035835981369019,0.7014479637145996,1,0.0,0.6135941695322222,5,1,weighted_cka,24,114,0.38002574489343655,4.0,1.5833333333333333,0.2893878528384375,0.5749576703719793,1.3002124190457396,0.5183821864593773,0.3850307189455779,0.0,0.6135941695322222,0.6135941695322222
hrl,multi,1,weighted_cka,0,1458,3.040342524272883,232.0,0.7044913172721863,0.7019765973091125,1,0.0,0.6080685048545768,5,1,weighted_cka,24,114,0.34007723468030954,4.0,1.5833333333333333,0.27363331460673357,0.5924331882460973,1.2865800610375588,0.4363128358782268,0.4513831245042673,0.0,0.6080685048545768,0.6080685048545768
hrl,multi,1,weighted_cka,0,1459,2.9644956685774364,255.0,0.7034912109375,0.7009885907173157,1,0.0,0.5928991337154874,5,1,weighted_cka,24,108,0.336748192162549,4.0,1.5,0.2420427167532033,0.5267274858485905,1.2920144517496226,0.4361777679696678,0.46753324625635273,0.0,0.5928991337154874,0.5928991337154874
hrl,multi,1,weighted_cka,0,1460,3.0469620884500315,236.0,0.7041160464286804,0.7010289430618286,1,0.0,0.6093924176900064,5,1,weighted_cka,25,114,0.34007723468030954,4.0,1.52,0.2970367281932267,0.550965505676111,1.291659521922469,0.5145931719853541,0.3927071606728713,0.0,0.6093924176900064,0.6093924176900064
hrl,multi,1,weighted_cka,0,1461,3.038269268859264,238.0,0.7044352889060974,0.702420175075531,1,0.0,0.6076538537718529,5,1,weighted_cka,21,96,0.4000000000000001,4.0,1.5238095238095237,0.27432093180902295,0.5605137585004557,1.2945215702271087,0.4311748547879978,0.4777381535346793,0.0,0.6076538537718529,0.6076538537718529
hrl,multi,1,weighted_cka,0,1462,3.076278371195424,229.0,0.7029927372932434,0.7007976174354553,1,0.0,0.6152556742390849,5,1,weighted_cka,24,108,0.4,4.0,1.5,0.2923643989412812,0.5746063709994776,1.3008532319432122,0.5196913480132351,0.38876302129821844,0.0,0.6152556742390849,0.6152556742390849
hrl,multi,1,weighted_cka,0,1463,3.021913068378692,244.0,0.7037163972854614,0.7023488879203796,1,0.0,0.6043826136757384,5,1,weighted_cka,25,120,0.4,4.0,1.6,0.307045468424796,0.5087761796051634,1.300902583075687,0.41477657622820685,0.49041226104483926,0.0,0.6043826136757384,0.6043826136757384
hrl,multi,1,weighted_cka,0,1464,3.027332679304584,234.0,0.7048150300979614,0.7023488879203796,1,0.0,0.6054665358609169,5,1,weighted_cka,23,90,0.4,4.0,1.565217391304348,0.27646759112121067,0.5659784353133289,1.2865820269430985,0.5220496134534477,0.37625501247349885,0.0,0.6054665358609169,0.6054665358609169
hrl,multi,1,weighted_cka,0,1465,3.060131267760062,234.0,0.703622043132782,0.7023488879203796,1,0.0,0.6120262535520123,5,1,weighted_cka,24,72,0.4000000000000001,4.0,1.5,0.30419963477924455,0.5524916739463804,1.2978056038049979,0.5140565487490966,0.39157780648034296,0.0,0.6120262535520123,0.6120262535520123
hrl,multi,1,weighted_cka,0,1466,3.0123139719176093,245.0,0.7041410207748413,0.7023488879203796,1,0.0,0.6024627943835219,5,1,weighted_cka,24,78,0.4,4.0,1.5833333333333333,0.27605514387413854,0.5327721669776363,1.3004214738244189,0.4352685881867072,0.46779659905470894,0.0,0.6024627943835219,0.6024627943835219
hrl,multi,1,weighted_cka,0,1467,3.045080973796167,237.0,0.7039047479629517,0.7008531093597412,1,0.0,0.6090161947592334,5,1,weighted_cka,24,84,0.4,4.0,1.5833333333333333,0.2953758448938897,0.5845415349351241,1.2615167126217854,0.5120688993229413,0.39157798202242694,0.0,0.6090161947592334,0.6090161947592334
hrl,multi,1,weighted_cka,0,1468,3.0296811188684356,238.0,0.7045267820358276,0.7038875222206116,1,0.0,0.6059362237736872,5,1,weighted_cka,24,108,0.4,4.0,1.5,0.4473237744756041,0.5515965743912382,1.300768801614642,0.3907071802831778,0.3392847881037741,0.0,0.6059362237736872,0.6059362237736872
hrl,multi,1,weighted_cka,0,1469,3.089069776328505,225.0,0.7023456692695618,0.7001971006393433,1,0.0,0.617813955265701,5,1,weighted_cka,22,102,0.4,4.0,1.5454545454545454,0.31219237538333977,0.7183098729159682,1.2719669374851508,0.3983842124979928,0.3882163780460541,0.0,0.617813955265701,0.617813955265701
hrl,multi,1,weighted_cka,0,1470,3.079294410359026,227.0,0.7031694650650024,0.7017675638198853,1,0.0,0.6158588820718053,5,1,weighted_cka,23,108,0.4,4.0,1.565217391304348,0.31579504329228064,0.5980322065763174,1.2995363056684726,0.3964616864505223,0.4694691683714335,0.0,0.6158588820718053,0.6158588820718053
hrl,multi,1,weighted_cka,0,1471,3.0403162970363615,237.0,0.7039403915405273,0.7023488879203796,1,0.0,0.6080632594072723,5,1,weighted_cka,23,102,0.3842458579470473,4.0,1.565217391304348,0.29521927294717165,0.5490713646542279,1.275806116194464,0.540454388170503,0.3797651550699956,0.0,0.6080632594072723,0.6080632594072723
hrl,multi,1,weighted_cka,0,1472,3.0173366727071103,246.0,0.7018282413482666,0.7000365257263184,1,0.0,0.6034673345414221,5,1,weighted_cka,25,99,0.34318960896056455,4.0,1.6,0.31021020319621306,0.5088475381964815,1.296939132309082,0.42365404384693817,0.47768575515839606,0.0,0.6034673345414221,0.6034673345414221
hrl,multi,1,weighted_cka,0,1473,3.0502683546969407,236.0,0.7035465836524963,0.7023488879203796,1,0.0,0.6100536709393882,5,1,weighted_cka,25,96,0.3497836722062133,4.0,1.52,0.2958211375052924,0.5548284123018382,1.3000904585856476,0.5067179695814265,0.3928103767227366,0.0,0.6100536709393882,0.6100536709393882
hrl,multi,1,weighted_cka,0,1474,3.0478102139280514,237.0,0.7021713256835938,0.7004686594009399,1,0.0,0.6095620427856103,5,1,weighted_cka,22,84,0.3594780011878148,4.0,1.4545454545454546,0.31314319493825304,0.6667690452858804,1.278784206293523,0.4345710101879666,0.35454275722242884,0.0,0.6095620427856103,0.6095620427856103
hrl,multi,1,weighted_cka,0,1475,3.0901867656711244,222.0,0.7041866779327393,0.7023488879203796,1,0.0,0.6180373531342249,5,1,weighted_cka,23,105,0.38383389130127465,4.0,1.565217391304348,0.28360444084409386,0.6031861715298145,1.300768801614642,0.5235947131696156,0.37903263851295915,0.0,0.6180373531342249,0.6180373531342249
hrl,multi,1,weighted_cka,0,1476,3.084391180583391,229.0,0.7037614583969116,0.7023488879203796,1,0.0,0.6168782361166782,5,1,weighted_cka,23,102,0.38479944425926815,4.0,1.4782608695652173,0.3282684092309791,0.679188918457832,1.2892355760191565,0.40126581447478377,0.3864324624006403,0.0,0.6168782361166782,0.6168782361166782
hrl,multi,1,weighted_cka,0,1477,3.0707775661170587,227.0,0.7045611143112183,0.7023488879203796,1,0.0,0.6141555132234118,5,1,weighted_cka,23,108,0.3814056227081978,4.0,1.565217391304348,0.34098914494187915,0.6536259935703127,1.298152682509273,0.4340514112235977,0.34395833387199665,0.0,0.6141555132234118,0.6141555132234118
hrl,multi,1,weighted_cka,0,1478,3.051341500673209,234.0,0.7038955092430115,0.7023488879203796,1,0.0,0.6102683001346418,5,1,weighted_cka,22,102,0.38031183580867994,4.0,1.5454545454545454,0.387985755563015,0.5555090680085121,1.2993407745594157,0.41274631149647745,0.39575959104578934,0.0,0.6102683001346418,0.6102683001346418
hrl,multi,1,weighted_cka,0,1479,3.0667046118904824,232.0,0.7045396566390991,0.7023488879203796,1,0.0,0.6133409223780966,5,1,weighted_cka,25,120,0.35123379647982655,4.0,1.6,0.3046724518835544,0.5706486811740322,1.3023805275075135,0.49491509434184977,0.39408785698353305,0.0,0.6133409223780966,0.6133409223780966
hrl,multi,1,weighted_cka,0,1480,3.1003324523002362,227.0,0.7043522596359253,0.7023488879203796,1,0.0,0.6200664904600474,5,1,weighted_cka,21,96,0.35024174829375126,4.0,1.5238095238095237,0.2846915816016844,0.6126823098906314,1.2966277422476558,0.5241358851017429,0.38219493345852235,0.0,0.6200664904600474,0.6200664904600474
hrl,multi,1,weighted_cka,0,1481,1.689682183649039,300.0,0.556275486946106,0.1311575025320053,0,0.0,0.33793643672980783,5,1,weighted_cka,31,150,0.38587697572927737,4.0,1.6129032258064515,-0.09332723242597432,0.05648668846860527,1.2815984410671515,0.4314236665777861,0.013500619961470839,0.0,0.33793643672980783,0.33793643672980783
hrl,multi,1,weighted_cka,0,1482,3.1129176158099714,223.0,0.7033039331436157,0.7010753154754639,1,0.0,0.6225835231619944,5,1,weighted_cka,22,102,0.35949119853156475,4.0,1.5454545454545454,0.30627740497310874,0.6149273231830447,1.3006213403055442,0.5238419697743956,0.3672495775738788,0.0,0.6225835231619944,0.6225835231619944
hrl,multi,1,weighted_cka,0,1483,3.0960976849183486,230.0,0.7043753266334534,0.7023488879203796,1,0.0,0.6192195369836698,5,1,weighted_cka,24,114,0.35362956313388666,4.0,1.5833333333333333,0.32823000746156317,0.6004387017460538,1.271215249855071,0.5200242457067651,0.376189480148896,0.0,0.6192195369836698,0.6192195369836698
hrl,multi,1,weighted_cka,0,1484,3.011181603282805,244.0,0.7037450671195984,0.7012230753898621,1,0.0,0.6022363206565611,5,1,weighted_cka,23,108,0.33123996965040614,4.0,1.565217391304348,0.37992114200186905,0.528275749138207,1.2963956002863122,0.40773950107907864,0.3988496107773388,0.0,0.6022363206565611,0.6022363206565611
hrl,multi,1,weighted_cka,0,1485,2.9290426606297246,266.0,0.7018178105354309,0.7008512020111084,1,0.0,0.585808532125945,5,1,weighted_cka,27,126,0.3358534155497904,4.0,1.5555555555555556,0.3838618652934091,0.5590753584350457,1.2990693589886648,0.33092360618058575,0.3561124717320198,0.0,0.585808532125945,0.585808532125945
hrl,multi,1,weighted_cka,0,1486,3.040813188203493,237.0,0.7042230367660522,0.7023488879203796,1,0.0,0.6081626376406987,5,1,weighted_cka,24,114,0.33103804742097553,4.0,1.5833333333333333,0.29533255871955766,0.5433596759941427,1.2922371860109267,0.5279914144012144,0.38189235307765185,0.0,0.6081626376406987,0.6081626376406987
hrl,multi,1,weighted_cka,0,1487,3.051666632530211,238.0,0.7041444778442383,0.7023488879203796,1,0.0,0.6103333265060422,5,1,weighted_cka,23,108,0.3620531271845551,4.0,1.565217391304348,0.32657544481934736,0.5494360525009686,1.3007808494362978,0.5224283409742637,0.35244594479933394,0.0,0.6103333265060422,0.6103333265060422
hrl,multi,1,weighted_cka,0,1488,3.088489735912385,226.0,0.7033740282058716,0.7012799978256226,1,0.0,0.6176979471824771,5,1,weighted_cka,23,108,0.3993184967693901,4.0,1.565217391304348,0.30160527665883996,0.591553149702493,1.299745864256285,0.4420937165515496,0.45349172874321797,0.0,0.6176979471824771,0.6176979471824771
hrl,multi,1,weighted_cka,0,1489,3.1095078022944205,222.0,0.7037624716758728,0.7023488879203796,1,0.0,0.6219015604588842,5,1,weighted_cka,22,102,0.4,4.0,1.5454545454545454,0.3034884551207069,0.6021993160527198,1.300808997380547,0.40044686333934065,0.5025641704011067,0.0,0.6219015604588842,0.6219015604588842
hrl,multi,1,weighted_cka,0,1490,3.0882150246687603,225.0,0.7035353779792786,0.7006696462631226,1,0.0,0.617643004933752,5,1,weighted_cka,23,102,0.4,4.0,1.4782608695652173,0.5333562275434668,0.3591373916404554,1.3006082602292297,0.5169036790592362,0.3782094661963728,0.0,0.617643004933752,0.617643004933752
hrl,multi,1,weighted_cka,0,1491,3.08405938746553,230.0,0.7026544213294983,0.7005584239959717,1,0.0,0.6168118774931062,5,1,weighted_cka,22,102,0.4,4.0,1.5454545454545454,0.29132350258331274,0.6016989313499069,1.2197085487637667,0.6023128313718479,0.3690155733966966,0.0,0.6168118774931062,0.6168118774931062
hrl,multi,1,weighted_cka,0,1492,3.042197457065106,234.0,0.7040538787841797,0.7018851637840271,1,0.0,0.6084394914130213,5,1,weighted_cka,24,108,0.4,4.0,1.5,0.2656395328592043,0.6077012123428284,1.2972107409946618,0.5130702921415212,0.35857567872689095,0.0,0.6084394914130213,0.6084394914130213
hrl,multi,1,weighted_cka,0,1493,3.100016603121649,222.0,0.7044684290885925,0.7023488879203796,1,0.0,0.62000332062433,5,1,weighted_cka,23,108,0.4,4.0,1.565217391304348,0.29971639912854875,0.5974313096227123,1.295618298426736,0.4371643496379255,0.47008624630572726,0.0,0.62000332062433,0.62000332062433
hrl,multi,1,weighted_cka,0,1494,3.0866632042010593,227.0,0.70435631275177,0.7023488879203796,1,0.0,0.6173326408402119,5,1,weighted_cka,23,108,0.4,4.0,1.565217391304348,0.2937112637273384,0.5890658365562557,1.300768801614642,0.4066637501491931,0.49645355215363074,0.0,0.6173326408402119,0.6173326408402119
hrl,multi,1,weighted_cka,0,1495,3.0813340749693294,229.0,0.703168511390686,0.7015194296836853,1,0.0,0.6162668149938659,5,1,weighted_cka,21,96,0.4000000000000001,4.0,1.5238095238095237,0.32756727942341235,0.5732613902781739,1.300502192716114,0.5232741861655376,0.3567290263860922,0.0,0.6162668149938659,0.6162668149938659
hrl,multi,1,weighted_cka,0,1496,2.8779507602775833,279.0,0.7038317918777466,0.7023488879203796,1,0.0,0.5755901520555168,5,1,weighted_cka,29,138,0.39999999999999997,4.0,1.5862068965517242,0.3096086631203361,0.3836004243777131,1.292564553260803,0.3842898939217993,0.5078872255969326,0.0,0.5755901520555168,0.5755901520555168
hrl,multi,1,weighted_cka,0,1497,3.0540117034210312,234.0,0.703433632850647,0.7015376091003418,1,0.0,0.6108023406842064,5,1,weighted_cka,23,108,0.4,4.0,1.565217391304348,0.28941994242602953,0.5669819620158522,1.294049414012581,0.43640813806999346,0.46715224689657575,0.0,0.6108023406842064,0.6108023406842064
hrl,multi,1,weighted_cka,0,1498,3.0935943724760424,223.0,0.7028282880783081,0.7001729011535645,1,0.0,0.6187188744952086,5,1,weighted_cka,23,108,0.4,4.0,1.565217391304348,0.4259414012312771,0.6002591708954422,1.2996906365947796,0.40001270369696423,0.3676904600575798,0.0,0.6187188744952086,0.6187188744952086
hrl,multi,1,weighted_cka,0,1499,3.0625173653573716,237.0,0.7030889391899109,0.7016151547431946,1,0.0,0.6125034730714745,5,1,weighted_cka,22,102,0.4,4.0,1.5454545454545454,0.35594013550598175,0.49861778311256766,1.3063323365272952,0.5181718135965055,0.38345529661502215,0.0,0.6125034730714745,0.6125034730714745
hrl,multi,1,weighted_cka,0,1500,3.0379220232636204,239.0,0.7020000219345093,0.7000157833099365,1,0.0,0.6075844046527241,5,1,weighted_cka,25,114,0.4,4.0,1.52,0.30153448219506385,0.5595456534135154,1.2714151866947065,0.507262816925533,0.3981638840348022,0.0,0.6075844046527241,0.6075844046527241
hrl,multi,1,weighted_cka,0,1501,3.087009526124514,229.0,0.7051355838775635,0.703869104385376,1,0.0,0.6174019052249029,5,1,weighted_cka,23,108,0.4,4.0,1.565217391304348,0.2982309889910393,0.5934159467300631,1.30021770729986,0.5080960706772456,0.38704881242630645,0.0,0.6174019052249029,0.6174019052249029
hrl,multi,1,weighted_cka,0,1502,3.103693359226511,224.0,0.7050846219062805,0.7023488879203796,1,0.0,0.6207386718453023,5,1,weighted_cka,22,102,0.39258137062464155,4.0,1.5454545454545454,0.3071983887320966,0.5945076209614052,1.30495575549826,0.4377086918503045,0.45932290218444527,0.0,0.6207386718453023,0.6207386718453023
hrl,multi,1,weighted_cka,0,1503,3.091204465836118,222.0,0.7045103311538696,0.7017747759819031,1,0.0,0.6182408931672236,5,1,weighted_cka,23,102,0.3851627412492831,4.0,1.4782608695652173,0.552938129188791,0.3296371617887634,1.303631230744533,0.5140015725446864,0.3909963715693447,0.0,0.6182408931672236,0.6182408931672236
hrl,multi,1,weighted_cka,0,1504,3.0491055330924124,238.0,0.7032555937767029,0.7023488879203796,1,0.0,0.6098211066184824,5,1,weighted_cka,23,108,0.3789805501031511,4.0,1.565217391304348,0.31590912213595573,0.6428647028787525,1.3006914565553886,0.4189739312332966,0.3706663202890194,0.0,0.6098211066184824,0.6098211066184824
hrl,multi,1,weighted_cka,0,1505,3.019356588084366,242.0,0.7036415934562683,0.7012696266174316,1,0.0,0.6038713176168732,5,1,weighted_cka,25,120,0.37792957760830864,4.0,1.6,0.33655345408432175,0.6050875609060747,1.292173217801377,0.42898677424457843,0.3565555810480145,0.0,0.6038713176168732,0.6038713176168732
hrl,multi,1,weighted_cka,0,1506,3.04483439636728,239.0,0.7029300928115845,0.7004072666168213,1,0.0,0.6089668792734562,5,1,weighted_cka,22,102,0.3920482330942142,4.0,1.5454545454545454,0.29768917478667567,0.5510878204187609,1.2962599392998961,0.5093780350617015,0.3904194268002465,0.0,0.6089668792734562,0.6089668792734562
hrl,multi,1,weighted_cka,0,1507,3.012005150608746,245.0,0.703369140625,0.7002692222595215,1,0.0,0.6024010301217493,5,1,weighted_cka,25,114,0.39620412169958885,4.0,1.52,0.2837576360310485,0.568369038235396,1.300811593209393,0.49455042729061083,0.3645164558422983,0.0,0.6024010301217493,0.6024010301217493
hrl,multi,1,weighted_cka,0,1508,3.0983344476042536,223.0,0.7037035822868347,0.7023488879203796,1,0.0,0.6196668895208508,5,1,weighted_cka,23,108,0.3959932395717883,4.0,1.565217391304348,0.30474648600374343,0.597711457390338,1.2964975084392352,0.5196162134206387,0.37976278235029887,0.0,0.6196668895208508,0.6196668895208508
hrl,multi,1,weighted_cka,0,1509,3.114487723441939,221.0,0.7045354843139648,0.701363742351532,1,0.0,0.6228975446883878,5,1,weighted_cka,22,96,0.38797475010236715,4.0,1.4545454545454546,0.41705231248459296,0.6059620795976369,1.2962085242830215,0.40579013088348426,0.3894746761932037,0.0,0.6228975446883878,0.6228975446883878
hrl,multi,1,weighted_cka,0,1510,3.0235647966271486,243.0,0.7042120695114136,0.7023488879203796,1,0.0,0.6047129593254298,5,1,weighted_cka,25,120,0.38805322910659873,4.0,1.6,0.2896475180650595,0.5683850083511787,1.25978184092883,0.5203175301831214,0.38543289909895967,0.0,0.6047129593254298,0.6047129593254298
hrl,multi,1,weighted_cka,0,1511,3.0828255182489435,228.0,0.703371524810791,0.7001020312309265,1,0.0,0.6165651036497888,5,1,weighted_cka,22,102,0.3894347726905194,4.0,1.5454545454545454,0.29435083884617774,0.5850972512308507,1.300736495315097,0.5233930409413295,0.3792478919154891,0.0,0.6165651036497888,0.6165651036497888
hrl,multi,1,weighted_cka,0,1512,3.0153515443992642,247.0,0.70469731092453,0.7041677236557007,1,0.0,0.6030703088798529,5,1,weighted_cka,25,114,0.3881836273512389,4.0,1.52,0.2909487589219497,0.5256957682445643,1.300808997380547,0.5242164901392533,0.3736815297129505,0.0,0.6030703088798529,0.6030703088798529
hrl,multi,1,weighted_cka,0,1513,3.0963942404959295,222.0,0.7036813497543335,0.7011899352073669,1,0.0,0.619278848099186,5,1,weighted_cka,23,108,0.39251629732245125,4.0,1.565217391304348,0.29608664262104134,0.6082684669224544,1.2966294982102697,0.5155937455529346,0.37981588718923004,0.0,0.619278848099186,0.619278848099186
hrl,multi,1,weighted_cka,0,1514,3.10266967278522,223.0,0.7033066153526306,0.7015312910079956,1,0.0,0.6205339345570441,5,1,weighted_cka,20,90,0.4000000000000001,4.0,1.5,0.2854057976774056,0.6233807283267377,1.284001905259676,0.5361629242498892,0.3737183172715121,0.0,0.6205339345570441,0.6205339345570441
hrl,multi,1,weighted_cka,0,1515,3.0892875624920513,228.0,0.7041469812393188,0.7019180655479431,1,0.0,0.6178575124984104,5,1,weighted_cka,25,114,0.4,4.0,1.52,0.3322983397751813,0.5546450925609095,1.300502192716114,0.5008019949669068,0.40103994247294017,0.0,0.6178575124984104,0.6178575124984104
hrl,multi,1,weighted_cka,0,1516,3.0651008233944363,231.0,0.704094648361206,0.7023488879203796,1,0.0,0.6130201646788873,5,1,weighted_cka,24,108,0.4,4.0,1.5,0.3037535385896917,0.5686919766478239,1.300771578702144,0.5062058106232433,0.38567791883153396,0.0,0.6130201646788873,0.6130201646788873
hrl,multi,1,weighted_cka,0,1517,2.964657120050068,260.0,0.70476233959198,0.7023488879203796,1,0.0,0.5929314240100136,5,1,weighted_cka,24,114,0.4,4.0,1.5833333333333333,0.3103833577379118,0.4530468800583255,1.3040100659923626,0.5301153330029919,0.36710148325847686,0.0,0.5929314240100136,0.5929314240100136
hrl,multi,1,weighted_cka,0,1518,3.064008161397184,233.0,0.7034393548965454,0.7022202610969543,1,0.0,0.6128016322794368,5,1,weighted_cka,24,114,0.4,4.0,1.5833333333333333,0.3480986679978668,0.6522624753881244,1.2761159041519274,0.4379330990305169,0.3495980148287489,0.0,0.6128016322794368,0.6128016322794368
hrl,multi,1,weighted_cka,0,1519,2.9801475854918813,251.0,0.7051005959510803,0.7023488879203796,1,0.0,0.5960295170983764,5,1,weighted_cka,24,114,0.4,4.0,1.5833333333333333,0.2839129083639709,0.5003340849853118,1.2931567720891906,0.5240189491705968,0.37872487088281187,0.0,0.5960295170983764,0.5960295170983764
hrl,multi,1,weighted_cka,0,1520,3.102500382125332,222.0,0.7043992280960083,0.7023488879203796,1,0.0,0.6205000764250664,5,1,weighted_cka,23,102,0.4,4.0,1.4782608695652173,0.30381662077514915,0.597349666552618,1.2961983280470593,0.5133784109894185,0.39175735576108756,0.0,0.6205000764250664,0.6205000764250664
hrl,multi,1,weighted_cka,0,1521,3.076538162758591,229.0,0.7042296528816223,0.7000570297241211,1,0.0,0.6153076325517183,5,1,weighted_cka,23,108,0.4,4.0,1.565217391304348,0.2995272581260833,0.6126698470725677,1.2593672116212544,0.5231430135136469,0.3818308324250392,0.0,0.6153076325517183,0.6153076325517183
hrl,multi,1,weighted_cka,0,1522,2.953082624984229,261.0,0.7025718092918396,0.7005780935287476,1,0.0,0.5906165249968459,5,1,weighted_cka,27,132,0.39999999999999997,4.0,1.6296296296296295,0.30286619186971797,0.44324035020057073,1.2721515837106852,0.5285869815517216,0.40623751765153415,0.0,0.5906165249968459,0.5906165249968459
hrl,multi,1,weighted_cka,0,1523,2.8771274225565198,278.0,0.703877329826355,0.7007780075073242,1,0.0,0.575425484511304,5,1,weighted_cka,27,132,0.39999999999999997,4.0,1.6296296296296295,0.2923818696990492,0.38237473334983924,1.3007347240559755,0.5136775144892743,0.38795858096238217,0.0,0.575425484511304,0.575425484511304
hrl,multi,1,weighted_cka,0,1524,3.059628560759446,235.0,0.704143226146698,0.7023488879203796,1,0.0,0.6119257121518893,5,1,weighted_cka,24,108,0.4,4.0,1.5,0.29991454795334715,0.5830021421890704,1.300043235321529,0.4152694010364938,0.4613992342590062,0.0,0.6119257121518893,0.6119257121518893
hrl,multi,1,weighted_cka,0,1525,3.054123760556248,235.0,0.7040371894836426,0.702346682548523,1,0.0,0.6108247521112498,5,1,weighted_cka,23,108,0.4,4.0,1.565217391304348,0.32474845138992525,0.5718270055558531,1.300808997380547,0.5156768242923425,0.3410624819375807,0.0,0.6108247521112498,0.6108247521112498
hrl,multi,1,weighted_cka,0,1526,3.0235355430259356,240.0,0.7043412923812866,0.7022600173950195,1,0.0,0.6047071086051872,5,1,weighted_cka,24,108,0.4,4.0,1.5,0.2808458352844172,0.5464661287944762,1.2996385304937137,0.5242342784004285,0.3723507700529007,0.0,0.6047071086051872,0.6047071086051872
hrl,multi,1,weighted_cka,0,1527,3.0390907504406046,241.0,0.7038519978523254,0.7007651925086975,1,0.0,0.6078181500881209,5,1,weighted_cka,24,108,0.3748333988930565,4.0,1.5,0.26564232403784976,0.5755717040500602,1.303660874392837,0.3954858456980436,0.4987300022618145,0.0,0.6078181500881209,0.6078181500881209
hrl,multi,1,weighted_cka,0,1528,3.0950279412302986,224.0,0.7033655047416687,0.7023488879203796,1,0.0,0.6190055882460598,5,1,weighted_cka,23,108,0.36854174861632066,4.0,1.565217391304348,0.30122504824702623,0.5882034287946297,1.3007714172340927,0.5242445133444852,0.3805835336100653,0.0,0.6190055882460598,0.6190055882460598
hrl,multi,1,weighted_cka,0,1529,3.1021379814744274,224.0,0.703438401222229,0.7023488879203796,1,0.0,0.6204275962948855,5,1,weighted_cka,21,96,0.3716875737546886,4.0,1.5238095238095237,0.30535969646461303,0.6031390312835573,1.2841349911577997,0.5283182129161431,0.3811860496523149,0.0,0.6204275962948855,0.6204275962948855
hrl,multi,1,weighted_cka,0,1530,3.0542555115049823,234.0,0.7048494219779968,0.7027121782302856,1,0.0,0.6108511023009966,5,1,weighted_cka,25,114,0.36423693526908035,4.0,1.52,0.2736246456112712,0.6038035378803032,1.300768801614642,0.5230248000116552,0.35303372638711145,0.0,0.6108511023009966,0.6108511023009966
hrl,multi,1,weighted_cka,0,1531,3.064796045746595,228.0,0.70368492603302,0.7001113891601562,1,0.0,0.612959209149319,5,1,weighted_cka,22,102,0.3795826518523714,4.0,1.5454545454545454,0.2930189212902332,0.5792988930791615,1.287919374424964,0.5135403368149417,0.39101852013729504,0.0,0.612959209149319,0.612959209149319
hrl,multi,1,weighted_cka,0,1532,3.094275425042359,225.0,0.7034229040145874,0.7020500302314758,1,0.0,0.618855085008472,5,1,weighted_cka,23,108,0.3870085992484199,4.0,1.565217391304348,0.2813811783777782,0.6071476116627453,1.2999685817845164,0.5241738174045457,0.3816042358127742,0.0,0.618855085008472,0.618855085008472
hrl,multi,1,weighted_cka,0,1533,3.0582178588561497,235.0,0.7027953863143921,0.7000101208686829,1,0.0,0.6116435717712301,5,1,weighted_cka,23,102,0.37936659880631396,4.0,1.4782608695652173,0.2999768175477511,0.5407646052745402,1.3007347240559755,0.5345823207846842,0.38215939119319947,0.0,0.6116435717712301,0.6116435717712301
hrl,multi,1,weighted_cka,0,1534,3.0748284463472215,229.0,0.703737199306488,0.7023488879203796,1,0.0,0.6149656892694443,5,1,weighted_cka,23,108,0.3837607490605249,4.0,1.565217391304348,0.28215462640998873,0.5823528527864253,1.300808997380547,0.5288787320852278,0.38063323768503315,0.0,0.6149656892694443,0.6149656892694443
hrl,multi,1,weighted_cka,0,1535,3.0893263545525684,227.0,0.7044350504875183,0.7003740668296814,1,0.0,0.6178652709105138,5,1,weighted_cka,23,102,0.3965610998010523,4.0,1.4782608695652173,0.28374908214625605,0.5995930125359444,1.3006896457150576,0.5207864835793151,0.3845081305759958,0.0,0.6178652709105138,0.6178652709105138
hrl,multi,1,weighted_cka,0,1536,2.9520552503097126,262.0,0.7031157612800598,0.7023488879203796,1,0.0,0.5904110500619426,5,1,weighted_cka,26,126,0.39999999999999997,4.0,1.6153846153846154,0.30405298069398845,0.44826027419960923,1.298829588129185,0.5203615923929027,0.3805508148940279,0.0,0.5904110500619426,0.5904110500619426
hrl,multi,1,weighted_cka,0,1537,2.905117410604724,275.0,0.7018014192581177,0.7010303735733032,1,0.0,0.5810234821209449,5,1,weighted_cka,27,126,0.39981315904094517,4.0,1.5555555555555556,0.29692311210208566,0.418598545592278,1.2916173441857097,0.5105124378869076,0.38746597083774387,0.0,0.5810234821209449,0.5810234821209449
hrl,multi,1,weighted_cka,0,1538,3.0090159374846794,248.0,0.7044455409049988,0.7023488879203796,1,0.0,0.601803187496936,5,1,weighted_cka,26,126,0.399346056643308,4.0,1.6153846153846154,0.3002434595955419,0.5156733621153978,1.2986303198481908,0.4334741258616558,0.4609946700638937,0.0,0.601803187496936,0.601803187496936
hrl,multi,1,weighted_cka,0,1539,3.077090361193858,225.0,0.7028138041496277,0.7009277939796448,1,0.0,0.6154180722387717,5,1,weighted_cka,22,102,0.399538392924688,4.0,1.5454545454545454,0.2837552873111162,0.6003893620804882,1.297749452896416,0.5193045597916642,0.375891699114174,0.0,0.6154180722387717,0.6154180722387717
hrl,multi,1,weighted_cka,0,1540,3.050407052203313,236.0,0.7038548588752747,0.7023488879203796,1,0.0,0.6100814104406627,5,1,weighted_cka,23,108,0.39934605664330813,4.0,1.565217391304348,0.3494016164522617,0.6436690211466046,1.2739695558100936,0.43581938712671386,0.34754747166763983,0.0,0.6100814104406627,0.6100814104406627
hrl,multi,1,weighted_cka,0,1541,3.1136662426352983,220.0,0.7038097381591797,0.7006310224533081,1,0.0,0.6227332485270598,5,1,weighted_cka,22,102,0.399884598231172,4.0,1.5454545454545454,0.28277024743965007,0.6214258602829649,1.29943679126841,0.5271635525096207,0.3828697911346534,0.0,0.6227332485270598,0.6227332485270598
hrl,multi,1,weighted_cka,0,1542,3.09488786690773,222.0,0.7041345834732056,0.7023488879203796,1,0.0,0.6189775733815461,5,1,weighted_cka,23,102,0.4,4.0,1.4782608695652173,0.2765838193708914,0.6205497829485683,1.2991823832122025,0.5205737544283037,0.37799812694776475,0.0,0.6189775733815461,0.6189775733815461
hrl,multi,1,weighted_cka,0,1543,3.1080558588556584,220.0,0.7031094431877136,0.7023488879203796,1,0.0,0.6216111717711318,5,1,weighted_cka,22,102,0.4,4.0,1.5454545454545454,0.29622429379186355,0.6053081463449633,1.297769111064146,0.44171563410339865,0.46703867355128736,0.0,0.6216111717711318,0.6216111717711318
hrl,multi,1,weighted_cka,0,1544,3.095413492897757,223.0,0.7034400701522827,0.7007754445075989,1,0.0,0.6190826985795514,5,1,weighted_cka,22,102,0.4,4.0,1.5454545454545454,0.3559938450825865,0.6406772487256674,1.2991242513740433,0.44012444707471865,0.35949370064074165,0.0,0.6190826985795514,0.6190826985795514
hrl,multi,1,weighted_cka,0,1545,2.8549409366143212,287.0,0.7049222588539124,0.7023488879203796,1,0.0,0.5709881873228644,5,1,weighted_cka,29,108,0.37292907489045696,4.0,1.2413793103448276,0.08192649593572393,0.5727450164183973,1.300808997380547,0.48905404484587767,0.4104063820337759,0.0,0.5709881873228644,0.5709881873228644
hrl,multi,1,weighted_cka,0,1546,3.0885653639445105,224.0,0.7043262720108032,0.7023946642875671,1,0.0,0.6177130727889022,5,1,weighted_cka,21,96,0.33909041850352795,4.0,1.5238095238095237,0.3020099133853218,0.7084370789206585,1.296707284607284,0.42950785596160845,0.35190323106963833,0.0,0.6177130727889022,0.6177130727889022
hrl,multi,1,weighted_cka,0,1547,3.091711321287671,226.0,0.7036724090576172,0.7005336284637451,1,0.0,0.6183422642575342,5,1,weighted_cka,24,108,0.3323226872261422,4.0,1.5,0.3609098809187998,0.6785720635214819,1.280372378204949,0.42795527368073805,0.3439017249617026,0.0,0.6183422642575342,0.6183422642575342
hrl,multi,1,weighted_cka,0,1548,2.8745749407285244,277.0,0.7031208276748657,0.7017989754676819,1,0.0,0.574914988145705,5,1,weighted_cka,28,138,0.30466326374465247,4.0,1.6428571428571428,0.2865192637890577,0.39555869882000094,1.2992742859274147,0.5286117231836541,0.36461096900839757,0.0,0.574914988145705,0.574914988145705
hrl,multi,1,weighted_cka,0,1549,2.960926493085481,262.0,0.7025498747825623,0.7003785967826843,1,0.0,0.5921852986170963,5,1,weighted_cka,25,108,0.4,4.0,1.44,0.348120669233438,0.5344374418553778,1.2706413469985125,0.45264192156540217,0.35508511343275123,0.0,0.5921852986170963,0.5921852986170963
hrl,multi,1,weighted_cka,0,1550,3.075943259787963,230.0,0.7039356231689453,0.7023488879203796,1,0.0,0.6151886519575926,5,1,weighted_cka,23,108,0.4,4.0,1.565217391304348,0.3064505094343912,0.5792086154571733,1.2889546163007615,0.5210116361512772,0.3803178824443602,0.0,0.6151886519575926,0.6151886519575926
hrl,multi,1,weighted_cka,0,1551,3.1013984635079384,225.0,0.7044594287872314,0.7028866410255432,1,0.0,0.6202796927015878,5,1,weighted_cka,22,96,0.4000000000000001,4.0,1.4545454545454546,0.28647342044912505,0.609147943118587,1.3008572741160167,0.5148414660471025,0.39007835977710775,0.0,0.6202796927015878,0.6202796927015878
hrl,multi,1,weighted_cka,0,1552,3.0095061108190917,245.0,0.7044992446899414,0.7023488879203796,1,0.0,0.6019012221638185,5,1,weighted_cka,25,120,0.4,4.0,1.6,0.29634547111162823,0.5097808839885399,1.3008532319432122,0.5242337778145446,0.3782927459611673,0.0,0.6019012221638185,0.6019012221638185
hrl,multi,1,weighted_cka,0,1553,3.0709693029583565,232.0,0.7023300528526306,0.7000194787979126,1,0.0,0.6141938605916714,5,1,weighted_cka,23,108,0.4,4.0,1.565217391304348,0.29780856156110525,0.5793473815894684,1.3000485865846274,0.5111051242845132,0.38265964893864285,0.0,0.6141938605916714,0.6141938605916714
hrl,multi,1,weighted_cka,0,1554,2.9801196985191987,258.0,0.7031877040863037,0.7012558579444885,1,0.0,0.5960239397038398,5,1,weighted_cka,26,120,0.4,4.0,1.5384615384615385,0.27666384483032735,0.48734890800524566,1.310525599830318,0.5239767652056179,0.3816045806476904,0.0,0.5960239397038398,0.5960239397038398
hrl,multi,1,weighted_cka,0,1555,3.0770553192954964,227.0,0.7024835348129272,0.7005149722099304,1,0.0,0.6154110638590994,5,1,weighted_cka,24,108,0.4,4.0,1.5,0.2786329882337595,0.5891657754154874,1.2994400619859805,0.5285511464709415,0.3812653471893281,0.0,0.6154110638590994,0.6154110638590994
hrl,multi,1,weighted_cka,0,1556,3.0600370944427255,234.0,0.7039693593978882,0.7000704407691956,1,0.0,0.6120074188885452,5,1,weighted_cka,23,108,0.4,4.0,1.565217391304348,0.3034978688601695,0.569818442372605,1.2886757195176322,0.5150634410064666,0.38298162268585284,0.0,0.6120074188885452,0.6120074188885452
hrl,multi,1,weighted_cka,0,1557,3.0597288173834882,236.0,0.7036445736885071,0.7022413611412048,1,0.0,0.6119457634766976,5,1,weighted_cka,24,108,0.4,4.0,1.5,0.281469322960649,0.566740102781914,1.3011788074141366,0.5094256854972917,0.40091489872949737,0.0,0.6119457634766976,0.6119457634766976
hrl,multi,1,weighted_cka,0,1558,3.0944769264495395,223.0,0.7042204141616821,0.7023488879203796,1,0.0,0.618895385289908,5,1,weighted_cka,21,96,0.4000000000000001,4.0,1.5238095238095237,0.2907003530681249,0.5983651575520633,1.300902583075687,0.5239352494100166,0.38057358334364827,0.0,0.618895385289908,0.618895385289908
hrl,multi,1,weighted_cka,0,1559,3.0905926106039248,225.0,0.7033449411392212,0.7006890773773193,1,0.0,0.618118522120785,5,1,weighted_cka,23,108,0.4,4.0,1.565217391304348,0.29643742745419144,0.5889605193091555,1.300808997380547,0.5241315899584441,0.3802540765015873,0.0,0.618118522120785,0.618118522120785
hrl,multi,1,weighted_cka,0,1560,3.055976832841922,233.0,0.7035625576972961,0.7019175887107849,1,0.0,0.6111953665683845,5,1,weighted_cka,23,108,0.4,4.0,1.565217391304348,0.28800780829058925,0.5617905854957642,1.3005306865302844,0.5240228925650007,0.381624859960284,0.0,0.6111953665683845,0.6111953665683845
hrl,multi,1,weighted_cka,0,1561,3.101081600581982,225.0,0.7031015753746033,0.7019693851470947,1,0.0,0.6202163201163965,5,1,weighted_cka,23,102,0.4,4.0,1.4782608695652173,0.3037488727476447,0.5918974640239029,1.2999743757459798,0.5241540770912542,0.3813068109732011,0.0,0.6202163201163965,0.6202163201163965
hrl,multi,1,weighted_cka,0,1562,3.086833801728323,228.0,0.7039361596107483,0.7032927870750427,1,0.0,0.6173667603456646,5,1,weighted_cka,23,108,0.4,4.0,1.565217391304348,0.2955684335454716,0.5822813576997722,1.279380204061046,0.5446623937851981,0.3849414126368355,0.0,0.6173667603456646,0.6173667603456646
hrl,multi,1,weighted_cka,0,1563,3.0978085348694573,224.0,0.7033436894416809,0.7015312910079956,1,0.0,0.6195617069738916,5,1,weighted_cka,21,96,0.39815734516114265,4.0,1.5238095238095237,0.30178285424062046,0.5902130281478165,1.3008440026529131,0.5258197721515315,0.3791488776765763,0.0,0.6195617069738916,0.6195617069738916
hrl,multi,1,weighted_cka,0,1564,3.0377898617965466,240.0,0.7058550715446472,0.7044594883918762,1,0.0,0.6075579723593094,5,1,weighted_cka,26,120,0.3926293806445705,4.0,1.5384615384615385,0.3082203425196639,0.6050517315287142,1.2968139393152667,0.49968089460209,0.32802295383081254,0.0,0.6075579723593094,0.6075579723593094
hrl,multi,1,weighted_cka,0,1565,3.0301544276524788,242.0,0.7036439180374146,0.7003785967826843,1,0.0,0.6060308855304959,5,1,weighted_cka,23,96,0.39078672580571316,4.0,1.391304347826087,0.24101357105548943,0.5841898444071411,1.3008170476164667,0.5241864330419338,0.3799475315314484,0.0,0.6060308855304959,0.6060308855304959
hrl,multi,1,weighted_cka,0,1566,3.1009496087092945,223.0,0.7035921812057495,0.7000263333320618,1,0.0,0.620189921741859,5,1,weighted_cka,22,102,0.3930629464890075,4.0,1.5454545454545454,0.35209609369293315,0.6628559828083961,1.2982957299314437,0.4361646250290795,0.3515371772474427,0.0,0.620189921741859,0.620189921741859
hrl,multi,1,weighted_cka,0,1567,3.090853510479325,228.0,0.7042379379272461,0.7013061046600342,1,0.0,0.6181707020958651,5,1,weighted_cka,24,108,0.3918104229384117,4.0,1.5,0.28928281686292023,0.5846498929188818,1.3074212685674427,0.5289069409146904,0.38059259121539063,0.0,0.6181707020958651,0.6181707020958651
hrl,multi,1,weighted_cka,0,1568,3.08664877567152,227.0,0.7035679221153259,0.7008774876594543,1,0.0,0.6173297551343041,5,1,weighted_cka,22,102,0.38861699610454264,4.0,1.5454545454545454,0.3561930241021327,0.6472335589081047,1.300183944658376,0.4292340510563225,0.35380419694658477,0.0,0.6173297551343041,0.6173297551343041
hrl,multi,1,weighted_cka,0,1569,3.0474280753538174,235.0,0.7030327916145325,0.7001045942306519,1,0.0,0.6094856150707636,5,1,weighted_cka,24,114,0.3877782484490879,4.0,1.5833333333333333,0.28170817322187935,0.564889003459364,1.3008097883062435,0.517456847748719,0.38256426261761217,0.0,0.6094856150707636,0.6094856150707636
hrl,multi,1,weighted_cka,0,1570,3.0640600307215924,230.0,0.7041049599647522,0.7023488879203796,1,0.0,0.6128120061443185,5,1,weighted_cka,22,102,0.38861699610454264,4.0,1.5454545454545454,0.2839061043795372,0.5750373920071868,1.300902583075687,0.5228878983289468,0.3813260529302351,0.0,0.6128120061443185,0.6128120061443185
hrl,multi,1,weighted_cka,0,1571,3.041452643321593,239.0,0.7028921842575073,0.7006867527961731,1,0.0,0.6082905286643187,5,1,weighted_cka,24,108,0.39139950816787666,4.0,1.5,0.3982018399010411,0.5975590859893708,1.3001830954086033,0.4348175160400568,0.3106911059825214,0.0,0.6082905286643187,0.6082905286643187
hrl,multi,1,weighted_cka,0,1572,3.0662338768588366,231.0,0.7036464810371399,0.7008458971977234,1,0.0,0.6132467753717674,5,1,weighted_cka,24,114,0.4,4.0,1.5833333333333333,0.3373658512089459,0.536802334147971,1.3011023424547163,0.4453274886291473,0.4456358604180567,0.0,0.6132467753717674,0.6132467753717674
hrl,multi,1,weighted_cka,0,1573,3.0719670132003363,230.0,0.7031124830245972,0.7016855478286743,1,0.0,0.6143934026400674,5,1,weighted_cka,22,102,0.4,4.0,1.5454545454545454,0.2869137396035366,0.5812976588532327,1.2996983120897783,0.5249131724813486,0.3791441301724407,0.0,0.6143934026400674,0.6143934026400674
hrl,multi,1,weighted_cka,0,1574,2.384956904092805,300.0,0.7022924423217773,0.69544917345047,0,0.0,0.4769913808185611,5,1,weighted_cka,31,150,0.39999999999999997,4.0,1.6129032258064515,0.3715934579737949,-0.09295612420754823,1.2929460868993772,0.457201383718835,0.35617209970834657,0.0,0.4769913808185611,0.4769913808185611
hrl,multi,1,weighted_cka,0,1575,3.0554697068468655,236.0,0.7041115760803223,0.7023488879203796,1,0.0,0.6110939413693732,5,1,weighted_cka,23,108,0.4,4.0,1.565217391304348,0.3012587387247476,0.5572200826513579,1.2924696661159394,0.5241844566008075,0.3803367627540137,0.0,0.6110939413693732,0.6110939413693732
hrl,multi,1,weighted_cka,0,1576,3.0843505103272024,225.0,0.70391446352005,0.7015100717544556,1,0.0,0.6168701020654406,5,1,weighted_cka,23,108,0.4,4.0,1.565217391304348,0.2804003550236229,0.6000788687691091,1.296447431414388,0.5281365656075067,0.37928728951257645,0.0,0.6168701020654406,0.6168701020654406
hrl,multi,1,weighted_cka,0,1577,3.008133739534153,249.0,0.7041147947311401,0.7023488879203796,1,0.0,0.6016267479068307,5,1,weighted_cka,24,105,0.3906615061740994,4.0,1.5,0.30382092405215366,0.5049923000670967,1.3046570737129075,0.5246927841617725,0.36997065754022324,0.0,0.6016267479068307,0.6016267479068307
hrl,multi,1,weighted_cka,0,1578,3.012889209738582,246.0,0.7046908140182495,0.7016199827194214,1,0.0,0.6025778419477165,5,1,weighted_cka,25,102,0.3423210675459078,4.0,1.6,0.30412892860930874,0.5321214830325914,1.2964630081765351,0.5173471958523149,0.36282859406783236,0.0,0.6025778419477165,0.6025778419477165
hrl,multi,1,weighted_cka,0,1579,3.0802136432032845,228.0,0.7036187052726746,0.7000100612640381,1,0.0,0.616042728640657,5,1,weighted_cka,23,93,0.3472826961441093,4.0,1.565217391304348,0.32073439101694373,0.6722896371523382,1.3015796082541344,0.43777584381680923,0.3478341629630594,0.0,0.616042728640657,0.616042728640657
hrl,multi,1,weighted_cka,0,1580,3.0895014479625376,225.0,0.7031707167625427,0.7019293308258057,1,0.0,0.6179002895925076,5,1,weighted_cka,21,84,0.35330753087049677,4.0,1.5238095238095237,0.2957531782284495,0.6059303633216767,1.3000407456198007,0.5240430338126606,0.3637341269799507,0.0,0.6179002895925076,0.6179002895925076
hrl,multi,1,weighted_cka,0,1581,3.0836094097937754,226.0,0.7041144967079163,0.7023488879203796,1,0.0,0.6167218819587552,5,1,weighted_cka,23,90,0.356420362145797,4.0,1.4782608695652173,0.2887249038314057,0.5983873331574722,1.2982748124264178,0.5103255672119557,0.38789679316652464,0.0,0.6167218819587552,0.6167218819587552
hrl,multi,1,weighted_cka,0,1582,3.0323405779552837,242.0,0.7046152949333191,0.7019573450088501,1,0.0,0.6064681155910568,5,1,weighted_cka,25,120,0.4,4.0,1.6,0.29618240859689826,0.5996758260456844,1.2949758542450143,0.4592094729706876,0.3822970160969998,0.0,0.6064681155910568,0.6064681155910568
hrl,multi,1,weighted_cka,0,1583,3.12337516713362,219.0,0.7047210335731506,0.7023488879203796,1,0.0,0.624675033426724,5,1,weighted_cka,22,102,0.3845272013049065,4.0,1.5454545454545454,0.37202709571737785,0.6932953710602595,1.2728947696955872,0.43501299253069725,0.35014493812969877,0.0,0.624675033426724,0.624675033426724
hrl,multi,1,weighted_cka,0,1584,3.121615266643245,218.0,0.7039046883583069,0.7012052536010742,1,0.0,0.6243230533286491,5,1,weighted_cka,21,96,0.38064524167762376,4.0,1.5238095238095237,0.3018255024844547,0.6084984327289275,1.2992961044579276,0.4433152994853443,0.4686799274865915,0.0,0.6243230533286491,0.6243230533286491
hrl,multi,1,weighted_cka,0,1585,3.0967855483793816,223.0,0.7021616101264954,0.7002143263816833,1,0.0,0.6193571096758764,5,1,weighted_cka,24,108,0.3713693781313079,4.0,1.5,0.298032834839425,0.5963423666395246,1.3005079137142745,0.5251732142460531,0.37672921894010497,0.0,0.6193571096758764,0.6193571096758764
hrl,multi,1,weighted_cka,0,1586,3.0002935297165227,246.0,0.7042146921157837,0.7023488879203796,1,0.0,0.6000587059433047,5,1,weighted_cka,24,114,0.3728762529665021,4.0,1.5833333333333333,0.281291024924023,0.5454619889769236,1.3006878153169525,0.524391123715788,0.34846157678283624,0.0,0.6000587059433047,0.6000587059433047
hrl,multi,1,weighted_cka,0,1587,2.9875515715765637,251.0,0.7036458253860474,0.7012702226638794,1,0.0,0.5975103143153129,5,1,weighted_cka,25,120,0.3864282772533707,4.0,1.6,0.3183424458447843,0.7055548473699017,1.2996281088776884,0.38021289924788276,0.28381327023630715,0.0,0.5975103143153129,0.5975103143153129
hrl,multi,1,weighted_cka,0,1588,3.112648417505638,221.0,0.7029397487640381,0.7006926536560059,1,0.0,0.6225296835011277,5,1,weighted_cka,22,102,0.38902622227260464,4.0,1.5454545454545454,0.3014879180891439,0.6047031007017939,1.3007099109450353,0.5299381935975688,0.3758092941720969,0.0,0.6225296835011277,0.6225296835011277
hrl,multi,1,weighted_cka,0,1589,3.0989057946614618,224.0,0.7032809257507324,0.700874388217926,1,0.0,0.6197811589322925,5,1,weighted_cka,23,102,0.38902622227260464,4.0,1.4782608695652173,0.27610235053251375,0.6122560938242821,1.3007729628803206,0.5287995519712566,0.38097483545308924,0.0,0.6197811589322925,0.6197811589322925
hrl,multi,1,weighted_cka,0,1590,3.063611353568353,231.0,0.7054622769355774,0.7023488879203796,1,0.0,0.6127222707136707,5,1,weighted_cka,23,108,0.4,4.0,1.565217391304348,0.425846688592166,0.5587408719435333,1.2819575755549883,0.4343418290377593,0.3627243884399067,0.0,0.6127222707136707,0.6127222707136707
hrl,multi,1,weighted_cka,0,1591,3.022141349403794,244.0,0.7054089307785034,0.7023488879203796,1,0.0,0.6044282698807588,5,1,weighted_cka,24,102,0.3782062109807363,4.0,1.4166666666666667,0.2564695441718212,0.6805486097619867,1.298150534879416,0.4384375904860752,0.3485350701044953,0.0,0.6044282698807588,0.6044282698807588
hrl,multi,1,weighted_cka,0,1592,2.870586574932137,283.0,0.7029289603233337,0.7011530995368958,1,0.0,0.5741173149864275,5,1,weighted_cka,28,138,0.37839069512704315,4.0,1.6428571428571428,0.2843820536823622,0.38062465341016627,1.3005039997147394,0.525048919411376,0.3800269487134937,0.0,0.5741173149864275,0.5741173149864275
hrl,multi,1,weighted_cka,0,1593,3.0664220349239755,236.0,0.704522967338562,0.7023488879203796,1,0.0,0.6132844069847951,5,1,weighted_cka,23,84,0.3557856129023938,4.0,1.565217391304348,0.3520997110217576,0.6341476048204348,1.2999806333314625,0.4024379315488039,0.37775615420151726,0.0,0.6132844069847951,0.6132844069847951
hrl,multi,1,weighted_cka,0,1594,2.981027787704514,255.0,0.7032869458198547,0.7014317512512207,1,0.0,0.5962055575409029,5,1,weighted_cka,26,84,0.35562374892160653,4.0,1.5384615384615385,0.32213964738720086,0.573165761283133,1.2618713476117698,0.5079452158866041,0.31590581553580693,0.0,0.5962055575409029,0.5962055575409029
hrl,multi,1,weighted_cka,0,1595,2.8960777739353056,274.0,0.7045267224311829,0.7026995420455933,1,0.0,0.5792155547870611,5,1,weighted_cka,27,78,0.3649721467829542,4.0,1.6296296296296295,0.38421874651382665,0.42976656989971496,1.2916192361367864,0.4514163605017819,0.33905686088319625,0.0,0.5792155547870611,0.5792155547870611
hrl,multi,1,weighted_cka,0,1596,3.0423689381302816,233.0,0.7041270136833191,0.7023488879203796,1,0.0,0.6084737876260564,5,1,weighted_cka,24,102,0.3417100425401992,4.0,1.5,0.2976578099960461,0.5560795141570268,1.2931396193085236,0.5230233817456172,0.3724686129230685,0.0,0.6084737876260564,0.6084737876260564
hrl,multi,1,weighted_cka,0,1597,2.9977574193799215,250.0,0.7017010450363159,0.7002447843551636,1,0.0,0.5995514838759843,5,1,weighted_cka,24,114,0.3189808534105988,4.0,1.5833333333333333,0.296976766546315,0.5083017317857591,1.2816987175429237,0.5290751016247085,0.3817051018802157,0.0,0.5995514838759843,0.5995514838759843
hrl,multi,1,weighted_cka,0,1598,3.0676997702583018,233.0,0.7047058343887329,0.7023488879203796,1,0.0,0.6135399540516604,5,1,weighted_cka,24,114,0.33759898437042385,4.0,1.5833333333333333,0.34544035902916215,0.6660202293032779,1.2727758892793206,0.42796416724380093,0.3554991254027408,0.0,0.6135399540516604,0.6135399540516604
hrl,multi,1,weighted_cka,0,1599,3.0710984803318557,230.0,0.7045704126358032,0.7023488879203796,1,0.0,0.6142196960663713,5,1,weighted_cka,23,102,0.33922720522032135,4.0,1.4782608695652173,0.261496116962342,0.6479260251633822,1.3006016803188247,0.5093140895911491,0.35176056829615837,0.0,0.6142196960663713,0.6142196960663713
hrl,multi,1,weighted_cka,0,1600,3.1225639634614915,219.0,0.704004168510437,0.7023488879203796,1,0.0,0.6245127926922984,5,1,weighted_cka,21,96,0.37883948157875524,4.0,1.5238095238095237,0.30500367408693996,0.6173038378292693,1.2849460729844866,0.4634027862739748,0.4519075922868213,0.0,0.6245127926922984,0.6245127926922984
hrl,multi,1,weighted_cka,0,1601,3.0852181694528396,229.0,0.7031901478767395,0.7017586827278137,1,0.0,0.617043633890568,5,1,weighted_cka,25,114,0.37772577008290026,4.0,1.52,0.3913737578191793,0.5905865920379291,1.295080494040623,0.45107071856548997,0.35710660698961866,0.0,0.617043633890568,0.617043633890568
hrl,multi,1,weighted_cka,0,1602,3.043364052382151,234.0,0.7040685415267944,0.7023488879203796,1,0.0,0.6086728104764303,5,1,weighted_cka,23,102,0.3751052724455944,4.0,1.4782608695652173,0.259359468291368,0.5867744342852382,1.297102955191396,0.5220432000169529,0.3780839945971965,0.0,0.6086728104764303,0.6086728104764303
hrl,multi,1,weighted_cka,0,1603,2.9846651752531166,251.0,0.7041400671005249,0.7023488879203796,1,0.0,0.5969330350506235,5,1,weighted_cka,24,114,0.35921912367569053,4.0,1.5833333333333333,0.3095162849031039,0.5625455452632157,1.299705895383842,0.45690546597610215,0.3559919837268534,0.0,0.5969330350506235,0.5969330350506235
hrl,multi,1,weighted_cka,0,1604,3.041554959710686,234.0,0.7041791677474976,0.7023488879203796,1,0.0,0.6083109919421373,5,1,weighted_cka,23,108,0.34139561971050275,4.0,1.565217391304348,0.2894658970662858,0.5549507927447556,1.3000379346990956,0.5106706862971185,0.3864296489034313,0.0,0.6083109919421373,0.6083109919421373
hrl,multi,1,weighted_cka,0,1605,2.9809014373743326,257.0,0.7046555280685425,0.7023488879203796,1,0.0,0.5961802874748666,5,1,weighted_cka,25,120,0.3384654006960279,4.0,1.6,0.3341969458824605,0.5045189109450946,1.27328152057901,0.41288771536713453,0.45601634460063345,0.0,0.5961802874748666,0.5961802874748666
hrl,multi,1,weighted_cka,0,1606,3.022068397914815,243.0,0.7053716778755188,0.703302800655365,1,0.0,0.6044136795829631,5,1,weighted_cka,26,120,0.3560467147828771,4.0,1.5384615384615385,0.2662864029364427,0.5617317234796936,1.296788433153182,0.506819777558965,0.39044206078653215,0.0,0.6044136795829631,0.6044136795829631
hrl,multi,1,weighted_cka,0,1607,3.0702463113030523,230.0,0.7034382820129395,0.7004686594009399,1,0.0,0.6140492622606105,5,1,weighted_cka,23,102,0.4,4.0,1.4782608695652173,0.2725997456159092,0.5910971609875558,1.2794182936409486,0.5388996651563792,0.38823144590225994,0.0,0.6140492622606105,0.6140492622606105
hrl,multi,1,weighted_cka,0,1608,3.105396600728184,224.0,0.7036577463150024,0.7012636065483093,1,0.0,0.6210793201456368,5,1,weighted_cka,23,102,0.4,4.0,1.4782608695652173,0.9636205597777733,0.599978138340637,0.7919676227825693,0.3982987824974115,0.35153149732979355,0.0,0.6210793201456368,0.6210793201456368
hrl,multi,1,weighted_cka,0,1609,3.077712761977992,227.0,0.7038111686706543,0.7023488879203796,1,0.0,0.6155425523955984,5,1,weighted_cka,22,102,0.4,4.0,1.5454545454545454,0.2709306554474751,0.6102087137531488,1.2991585224149746,0.5235636016550705,0.3738512687073234,0.0,0.6155425523955984,0.6155425523955984
hrl,multi,1,weighted_cka,0,1610,3.0889210076588776,226.0,0.7040583491325378,0.7023488879203796,1,0.0,0.6177842015317756,5,1,weighted_cka,22,102,0.4,4.0,1.5454545454545454,0.2822981547187664,0.6176887671742587,1.283559498417191,0.524727710213512,0.38064687713515005,0.0,0.6177842015317756,0.6177842015317756
hrl,multi,1,weighted_cka,0,1611,3.1007123860858834,226.0,0.7039117217063904,0.7023488879203796,1,0.0,0.6201424772171767,5,1,weighted_cka,24,108,0.39997478887888277,4.0,1.5,0.32067977794748725,0.7061195592246948,1.2957764247180892,0.42642855414189385,0.3517080700537189,0.0,0.6201424772171767,0.6201424772171767
hrl,multi,1,weighted_cka,0,1612,3.0866285313272734,226.0,0.7042608857154846,0.7023195624351501,1,0.0,0.6173257062654548,5,1,weighted_cka,22,102,0.3999733058717582,4.0,1.5454545454545454,0.29987601453375823,0.5980947253843768,1.3008532319432122,0.5104499808209947,0.3773545786449321,0.0,0.6173257062654548,0.6173257062654548
hrl,multi,1,weighted_cka,0,1613,3.112877513142767,222.0,0.7040029764175415,0.701363742351532,1,0.0,0.6225755026285535,5,1,weighted_cka,23,108,0.3999684860986034,4.0,1.565217391304348,0.3072032522121735,0.5980450184713116,1.300768801614642,0.5287992772602009,0.3780611635844397,0.0,0.6225755026285535,0.6225755026285535
hrl,multi,1,weighted_cka,0,1614,3.0750082226714572,230.0,0.7035391926765442,0.7010469436645508,1,0.0,0.6150016445342915,5,1,weighted_cka,21,90,0.39996974665465934,4.0,1.4285714285714286,0.3027157204347313,0.6219804669814183,1.2971740091666577,0.38803878781502127,0.4650992382736293,0.0,0.6150016445342915,0.6150016445342915
hrl,multi,1,weighted_cka,0,1615,3.017355608669996,252.0,0.7036964297294617,0.7023488879203796,1,0.0,0.6034711217339993,5,1,weighted_cka,27,126,0.39998379285071034,4.0,1.5555555555555556,0.2852680939052952,0.5342518316691419,1.2929488853095097,0.5240319419354199,0.3808548558506299,0.0,0.6034711217339993,0.6034711217339993
hrl,multi,1,weighted_cka,0,1616,3.026546851504593,239.0,0.7048166990280151,0.7023488879203796,1,0.0,0.6053093703009187,5,1,weighted_cka,24,114,0.4,4.0,1.5833333333333333,0.30251411880180235,0.5467166530108077,1.297171405887231,0.5237126105749047,0.3564320632298476,0.0,0.6053093703009187,0.6053093703009187
hrl,multi,1,weighted_cka,0,1617,3.106068008277564,219.0,0.7036449909210205,0.7004849314689636,1,0.0,0.6212136016555129,5,1,weighted_cka,21,96,0.4000000000000001,4.0,1.5238095238095237,0.2983145885127596,0.61139216196537,1.2884083925103766,0.5286758510875514,0.3792770142015069,0.0,0.6212136016555129,0.6212136016555129
hrl,multi,1,weighted_cka,0,1618,3.0396556732815503,237.0,0.7041319608688354,0.7023488879203796,1,0.0,0.6079311346563101,5,1,weighted_cka,24,114,0.4,4.0,1.5833333333333333,0.40277088269239164,0.5501261925630968,1.2999256247635929,0.4428839710264,0.34394900223606956,0.0,0.6079311346563101,0.6079311346563101
hrl,multi,1,weighted_cka,0,1619,3.0477973877899336,237.0,0.7037645578384399,0.7002890706062317,1,0.0,0.6095594775579868,5,1,weighted_cka,22,96,0.4000000000000001,4.0,1.4545454545454546,0.3173537992088822,0.6599420958086847,1.3005020498745141,0.41877317299123373,0.3512262699066195,0.0,0.6095594775579868,0.6095594775579868
hrl,multi,1,weighted_cka,0,1620,3.099600087740341,221.0,0.7037534713745117,0.7017035484313965,1,0.0,0.6199200175480682,5,1,weighted_cka,23,102,0.4,4.0,1.4782608695652173,0.2908260207450366,0.5939190794602035,1.300808997380547,0.5336737638519843,0.3803722263025701,0.0,0.6199200175480682,0.6199200175480682
hrl,multi,1,weighted_cka,0,1621,3.1008848511294915,218.0,0.7034408450126648,0.7015312910079956,1,0.0,0.6201769702258983,5,1,weighted_cka,22,102,0.4,4.0,1.5454545454545454,0.2791389260573778,0.6215120733221992,1.2929276452846823,0.5262512889122589,0.381054917552974,0.0,0.6201769702258983,0.6201769702258983
hrl,multi,1,weighted_cka,0,1622,2.9838226382201087,257.0,0.7045384049415588,0.7028380036354065,1,0.0,0.5967645276440218,5,1,weighted_cka,26,108,0.4,4.0,1.3846153846153846,0.1884006729812097,0.6086957776695489,1.2860237828819079,0.5236243603976908,0.37707804428975206,0.0,0.5967645276440218,0.5967645276440218
hrl,multi,1,weighted_cka,0,1623,3.0548962259402175,234.0,0.7033498287200928,0.7023488879203796,1,0.0,0.6109792451880436,5,1,weighted_cka,23,108,0.36996861117008895,4.0,1.565217391304348,0.3922047454631109,0.5784932861478299,1.2963288956885224,0.4510777679206802,0.33679153072007456,0.0,0.6109792451880436,0.6109792451880436
hrl,multi,1,weighted_cka,0,1624,3.042326369713234,238.0,0.7044016122817993,0.7023488879203796,1,0.0,0.6084652739426468,5,1,weighted_cka,23,102,0.34700343147662754,4.0,1.4782608695652173,0.30231890048459165,0.5681932600035796,1.296961019449867,0.5229166972967795,0.3519364924784167,0.0,0.6084652739426468,0.6084652739426468
hrl,multi,1,weighted_cka,0,1625,3.1132367059190207,221.0,0.7035156488418579,0.7008073925971985,1,0.0,0.6226473411838043,5,1,weighted_cka,24,108,0.3499476852834815,4.0,1.5,0.3005453000495326,0.6117581160906701,1.3018502443078903,0.5176734463437459,0.38140959912718236,0.0,0.6226473411838043,0.6226473411838043
hrl,multi,1,weighted_cka,0,1626,2.3968176344504712,300.0,0.7012760043144226,0.6966094970703125,0,0.0,0.4793635268900943,5,1,weighted_cka,29,144,0.3474450695476556,4.0,1.6551724137931034,0.2934688815311237,-0.07893482651407563,1.3007322830595074,0.5089403608141,0.37261093555981634,0.0,0.4793635268900943,0.4793635268900943
hrl,multi,1,weighted_cka,0,1627,3.0949714444539556,223.0,0.7046006917953491,0.7038168907165527,1,0.0,0.6189942888907912,5,1,weighted_cka,22,102,0.4,4.0,1.5454545454545454,0.28940749680149014,0.6039339677207171,1.300808997380547,0.520203449847875,0.38061753270332693,0.0,0.6189942888907912,0.6189942888907912
hrl,multi,1,weighted_cka,0,1628,2.9288591484982303,270.0,0.7032955884933472,0.7004686594009399,1,0.0,0.5857718296996461,5,1,weighted_cka,29,126,0.39999999999999997,4.0,1.4482758620689655,0.2279538827341747,0.492072559785636,1.2982826632428912,0.5256297255380776,0.3849203171974513,0.0,0.5857718296996461,0.5857718296996461
hrl,multi,1,weighted_cka,0,1629,3.0452091938681902,236.0,0.7040528655052185,0.7023008465766907,1,0.0,0.6090418387736382,5,1,weighted_cka,22,102,0.4,4.0,1.5454545454545454,0.2988353477054042,0.5742582593299447,1.300808997380547,0.5225096492904703,0.34879694016182466,0.0,0.6090418387736382,0.6090418387736382
hrl,multi,1,weighted_cka,0,1630,3.096793278494994,223.0,0.7048848867416382,0.7023488879203796,1,0.0,0.619358655698999,5,1,weighted_cka,23,102,0.3926654991715726,4.0,1.4782608695652173,0.29899219486722717,0.6022894407631828,1.2956386658111585,0.5234640372619032,0.37640893979152307,0.0,0.619358655698999,0.619358655698999
hrl,multi,1,weighted_cka,0,1631,3.0599795578174804,229.0,0.7038660645484924,0.7023488879203796,1,0.0,0.6119959115634962,5,1,weighted_cka,23,108,0.39076396191975804,4.0,1.565217391304348,0.3092235632948286,0.6750227143676019,1.295570458423346,0.4292894660228047,0.3508733557088998,0.0,0.6119959115634962,0.6119959115634962
hrl,multi,1,weighted_cka,0,1632,3.0656382700842792,233.0,0.7042276263237,0.7023488879203796,1,0.0,0.613127654016856,5,1,weighted_cka,24,108,0.38845495239969746,4.0,1.5,0.27396642528253135,0.5995149925588629,1.2958922990886492,0.5160731925842118,0.3801913605700246,0.0,0.613127654016856,0.613127654016856
hrl,multi,1,weighted_cka,0,1633,3.0940533816015874,225.0,0.7047117948532104,0.7023488879203796,1,0.0,0.6188106763203176,5,1,weighted_cka,20,90,0.3889167543037096,4.0,1.5,0.30395254226277024,0.591675797652453,1.300768801614642,0.5202178077133138,0.37743843235840896,0.0,0.6188106763203176,0.6188106763203176
hrl,multi,1,weighted_cka,0,1634,3.0785595940646004,227.0,0.7033937573432922,0.7017825245857239,1,0.0,0.6157119188129202,5,1,weighted_cka,25,120,0.3346861195195339,4.0,1.6,0.2939300408661365,0.6054314199844374,1.273485939205624,0.3889070981713593,0.5168050958370439,0.0,0.6157119188129202,0.6157119188129202
hrl,multi,1,weighted_cka,0,1635,3.027607230419408,242.0,0.7034285664558411,0.701995313167572,1,0.0,0.6055214460838817,5,1,weighted_cka,23,108,0.32399807172233575,4.0,1.565217391304348,0.2935743529585888,0.5583299950317012,1.300505913116969,0.5097803072272798,0.36541666208486995,0.0,0.6055214460838817,0.6055214460838817
hrl,multi,1,weighted_cka,0,1636,2.9686597761274713,257.0,0.7041617631912231,0.7023488879203796,1,0.0,0.5937319552254944,5,1,weighted_cka,26,120,0.32019797530845256,4.0,1.5384615384615385,0.2907039553644426,0.5027471340489692,1.3007519758753476,0.3761719142959918,0.49828479654272073,0.0,0.5937319552254944,0.5937319552254944
hrl,multi,1,weighted_cka,0,1637,3.0881793963924853,223.0,0.7031771540641785,0.7013576030731201,1,0.0,0.6176358792784972,5,1,weighted_cka,22,102,0.36734755547870873,4.0,1.5454545454545454,0.2715635014173021,0.6155169545644893,1.300541635232046,0.43837619795161287,0.46218110722703554,0.0,0.6176358792784972,0.6176358792784972
hrl,multi,1,weighted_cka,0,1638,3.0796525055485096,230.0,0.7033475637435913,0.7005958557128906,1,0.0,0.615930501109702,5,1,weighted_cka,24,108,0.3862388906672271,4.0,1.5,0.29012512342049734,0.5846594787165521,1.2985036170668898,0.5243239247174932,0.3820403616270777,0.0,0.615930501109702,0.615930501109702
hrl,multi,1,weighted_cka,0,1639,3.1001310024413384,220.0,0.7034643888473511,0.7004686594009399,1,0.0,0.6200262004882677,5,1,weighted_cka,22,102,0.38834353091812174,4.0,1.5454545454545454,0.39029564993415244,0.6009860625187865,1.2989828961649907,0.4508098567421547,0.35905653708125457,0.0,0.6200262004882677,0.6200262004882677
hrl,multi,1,weighted_cka,0,1640,3.1062677945637103,222.0,0.7038196325302124,0.7018076777458191,1,0.0,0.6212535589127421,5,1,weighted_cka,21,96,0.3845187520006304,4.0,1.5238095238095237,0.2901474123691441,0.6250421539270318,1.300502192716114,0.5126603240193798,0.37791571153204123,0.0,0.6212535589127421,0.6212535589127421
hrl,multi,1,weighted_cka,0,1641,3.105682882597756,220.0,0.7033302187919617,0.702090322971344,1,0.0,0.6211365765195513,5,1,weighted_cka,22,102,0.38834353091812174,4.0,1.5454545454545454,0.2907677958037238,0.6037607789319007,1.3006406316049395,0.5294877012157811,0.3810259750414115,0.0,0.6211365765195513,0.6211365765195513
hrl,multi,1,weighted_cka,0,1642,3.0908454305356705,228.0,0.703493595123291,0.7003310918807983,1,0.0,0.6181690861071342,5,1,weighted_cka,22,102,0.4,4.0,1.5454545454545454,0.3027637152235838,0.5971557590961455,1.2820210320185867,0.5286169018028303,0.3802880223945248,0.0,0.6181690861071342,0.6181690861071342
hrl,multi,1,weighted_cka,0,1643,3.076229144075564,226.0,0.7033455967903137,0.700606644153595,1,0.0,0.6152458288151129,5,1,weighted_cka,25,114,0.4,4.0,1.52,0.2917568868277011,0.5839044365296139,1.2915087467040864,0.5292347232708706,0.3798243507432925,0.0,0.6152458288151129,0.6152458288151129
hrl,multi,1,weighted_cka,0,1644,3.037843659006698,236.0,0.7043321132659912,0.7023488879203796,1,0.0,0.6075687318013396,5,1,weighted_cka,22,102,0.4,4.0,1.5454545454545454,0.2936795350523315,0.5530861491365356,1.292378871024586,0.43679004364460694,0.46190906014863853,0.0,0.6075687318013396,0.6075687318013396
hrl,multi,1,weighted_cka,0,1645,2.98947547511733,253.0,0.7047825455665588,0.7023488879203796,1,0.0,0.597895095023466,5,1,weighted_cka,25,114,0.3838966806750421,4.0,1.6,0.2883610569306183,0.6207461555190382,1.2917426324384285,0.4330284235188736,0.35559720671037204,0.0,0.597895095023466,0.597895095023466
hrl,multi,1,weighted_cka,0,1646,3.028015103686658,242.0,0.70354163646698,0.7001087665557861,1,0.0,0.6056030207373316,5,1,weighted_cka,26,102,0.34600651755749423,4.0,1.5384615384615385,0.29382375307666364,0.5334425575546918,1.2964975084392352,0.5278639516574329,0.37638733295863486,0.0,0.6056030207373316,0.6056030207373316
hrl,multi,1,weighted_cka,0,1647,3.03616237427396,248.0,0.7039307355880737,0.7013248205184937,1,0.0,0.607232474854792,5,1,weighted_cka,24,84,0.35095122849073507,4.0,1.3333333333333333,0.24326997433253547,0.6189212743286042,1.305178604012355,0.5208305391251341,0.34796198247533167,0.0,0.607232474854792,0.607232474854792
hrl,multi,1,weighted_cka,0,1648,2.870148184823552,282.0,0.7046628594398499,0.7023488879203796,1,0.0,0.5740296369647104,5,1,weighted_cka,29,120,0.32854241655940614,4.0,1.6551724137931034,0.39789086077961827,0.3533838266862263,1.3003232593396676,0.4511991852887439,0.3673510527292964,0.0,0.5740296369647104,0.5740296369647104
hrl,multi,1,weighted_cka,0,1649,3.0940291540297027,225.0,0.7032727003097534,0.7023488879203796,1,0.0,0.6188058308059406,5,1,weighted_cka,20,90,0.38705718754636076,4.0,1.5,0.29632427806316985,0.5874509231811388,1.300771578702144,0.5289113050340674,0.3805710690491832,0.0,0.6188058308059406,0.6188058308059406
hrl,multi,1,weighted_cka,0,1650,3.065011792620468,233.0,0.7037054896354675,0.7012715935707092,1,0.0,0.6130023585240937,5,1,weighted_cka,25,108,0.38859447777138445,4.0,1.44,0.2781551096274051,0.6008971373364328,1.3007485888879744,0.5294138156124389,0.35579714115621747,0.0,0.6130023585240937,0.6130023585240937
hrl,multi,1,weighted_cka,0,1651,3.053133837649925,236.0,0.7051124572753906,0.7023488879203796,1,0.0,0.610626767529985,5,1,weighted_cka,22,102,0.38857987136443595,4.0,1.5454545454545454,0.2967521463833618,0.5761816453649661,1.2768639638060701,0.5259759021974167,0.3773601798981107,0.0,0.610626767529985,0.610626767529985
hrl,multi,1,weighted_cka,0,1652,3.0487236357527423,234.0,0.7042017579078674,0.7023488879203796,1,0.0,0.6097447271505485,5,1,weighted_cka,25,114,0.3581425351979045,4.0,1.52,0.26904544631839955,0.5790853158142416,1.297185967814177,0.523695532563608,0.3797113732423167,0.0,0.6097447271505485,0.6097447271505485
hrl,multi,1,weighted_cka,0,1653,3.037186962483566,237.0,0.7042642831802368,0.7034739851951599,1,0.0,0.6074373924967132,5,1,weighted_cka,23,102,0.3020644040971095,4.0,1.4782608695652173,0.3589177931270095,0.5832915888633577,1.296913051300682,0.4514606552366166,0.3466038739559007,0.0,0.6074373924967132,0.6074373924967132
hrl,multi,1,weighted_cka,0,1654,3.0941639785566646,224.0,0.704219400882721,0.7001075744628906,1,0.0,0.6188327957113329,5,1,weighted_cka,22,102,0.30192705749110743,4.0,1.5454545454545454,0.2934955215505323,0.595452772236429,1.303584359607659,0.5222799769500269,0.3793513482120178,0.0,0.6188327957113329,0.6188327957113329
hrl,multi,1,weighted_cka,0,1655,3.0750142949985153,228.0,0.7041795253753662,0.7023488879203796,1,0.0,0.6150028589997032,5,1,weighted_cka,23,102,0.3020644040971095,4.0,1.4782608695652173,0.2829647526330372,0.5968088677041231,1.300808997380547,0.513504834306077,0.3809268429747316,0.0,0.6150028589997032,0.6150028589997032
hrl,multi,1,weighted_cka,0,1656,3.093276898490875,225.0,0.7027478218078613,0.7005029320716858,1,0.0,0.6186553796981751,5,1,weighted_cka,23,105,0.32898519214102384,4.0,1.565217391304348,0.29518777855881484,0.6030712658083065,1.300768801614642,0.524008521966636,0.37024053054247624,0.0,0.6186553796981751,0.6186553796981751
hrl,multi,1,weighted_cka,0,1657,3.1011460918086438,224.0,0.7047711610794067,0.7023488879203796,1,0.0,0.6202292183617288,5,1,weighted_cka,22,87,0.34970232307050203,4.0,1.5454545454545454,0.29484922731079855,0.6129882666133343,1.298143150073476,0.5233238714544567,0.37184157635657894,0.0,0.6202292183617288,0.6202292183617288
hrl,multi,1,weighted_cka,0,1658,3.084026671562692,226.0,0.7031925320625305,0.7021960616111755,1,0.0,0.6168053343125385,5,1,weighted_cka,22,87,0.3547005707386081,4.0,1.5454545454545454,0.2889781465828418,0.5913324376763774,1.3000916420056017,0.5198728868236066,0.38375155847426495,0.0,0.6168053343125385,0.6168053343125385
hrl,multi,1,weighted_cka,0,1659,3.103249717731988,222.0,0.7043550610542297,0.7023488879203796,1,0.0,0.6206499435463977,5,1,weighted_cka,23,90,0.36690109713619135,4.0,1.4782608695652173,0.30140284316166066,0.5961204070914535,1.3003384032413594,0.5242657685703597,0.38112229566715533,0.0,0.6206499435463977,0.6206499435463977
hrl,multi,1,weighted_cka,0,1660,3.080759111438222,229.0,0.7041712999343872,0.7019057273864746,1,0.0,0.6161518222876444,5,1,weighted_cka,24,99,0.3623876103820356,4.0,1.5833333333333333,0.40117937476588106,0.5784143789242951,1.2998055796120314,0.44691141253581723,0.3544483656001975,0.0,0.6161518222876444,0.6161518222876444
hrl,multi,1,weighted_cka,0,1661,3.054840566633588,236.0,0.7041772603988647,0.7023488879203796,1,0.0,0.6109681133267177,5,1,weighted_cka,22,102,0.32264681160955205,4.0,1.5454545454545454,0.30543249159108377,0.5548713140683247,1.300808997380547,0.5162549642862576,0.3774727993073756,0.0,0.6109681133267177,0.6109681133267177
hrl,multi,1,weighted_cka,0,1662,3.0487820530339946,234.0,0.7049711346626282,0.7023488879203796,1,0.0,0.609756410606799,5,1,weighted_cka,24,114,0.3307892524927571,4.0,1.5833333333333333,0.2901103468802757,0.5532879881742409,1.3005582589171825,0.5249069703022832,0.37991848876001305,0.0,0.609756410606799,0.609756410606799
hrl,multi,1,weighted_cka,0,1663,3.075538698862029,232.0,0.7041680812835693,0.703538715839386,1,0.0,0.6151077397724058,5,1,weighted_cka,23,102,0.33553900967462674,4.0,1.4782608695652173,0.291694660881767,0.592540124257095,1.2819671444566918,0.5275221841111778,0.38181458515529804,0.0,0.6151077397724058,0.6151077397724058
hrl,multi,1,weighted_cka,0,1664,3.0633818459288737,230.0,0.7049825191497803,0.7034735083580017,1,0.0,0.6126763691857747,5,1,weighted_cka,23,108,0.3627726268194887,4.0,1.565217391304348,0.3637462027752771,0.6322401488590984,1.3004656478511167,0.43788102180045085,0.3290488246429312,0.0,0.6126763691857747,0.6126763691857747
hrl,multi,1,weighted_cka,0,1665,3.0802095002257253,228.0,0.704948365688324,0.7023488879203796,1,0.0,0.6160419000451451,5,1,weighted_cka,24,114,0.39602401602198006,4.0,1.5833333333333333,0.2824779217380564,0.5909851396472657,1.2941002045040948,0.4376242784601635,0.4750219558761454,0.0,0.6160419000451451,0.6160419000451451
hrl,multi,1,weighted_cka,0,1666,2.9685277257716502,256.0,0.7032442092895508,0.7001756429672241,1,0.0,0.5937055451543302,5,1,weighted_cka,24,90,0.396642502418561,4.0,1.25,0.18249153228022605,0.5983166912188752,1.3002341632305177,0.5015531218810937,0.38593221716093823,0.0,0.5937055451543302,0.5937055451543302
hrl,multi,1,weighted_cka,0,1667,3.0423452377976488,236.0,0.7041961550712585,0.7023488879203796,1,0.0,0.6084690475595298,5,1,weighted_cka,25,120,0.39622281522088104,4.0,1.6,0.3023177028780919,0.5488082161704076,1.2991185120404696,0.4434219199728685,0.4486788867358117,0.0,0.6084690475595298,0.6084690475595298
hrl,multi,1,weighted_cka,0,1668,2.985116945475775,252.0,0.7034633755683899,0.7002221345901489,1,0.0,0.5970233890951551,5,1,weighted_cka,24,102,0.3684070123833665,4.0,1.5833333333333333,0.27409884443529875,0.5042909403918309,1.2963122478900475,0.5291865364816039,0.38122837627699474,0.0,0.5970233890951551,0.5970233890951551
hrl,multi,1,weighted_cka,0,1669,3.0430657799583556,236.0,0.7055994272232056,0.7023488879203796,1,0.0,0.6086131559916712,5,1,weighted_cka,24,90,0.35006910583084194,4.0,1.5,0.2852997749850037,0.566207696283236,1.301044211860746,0.44171668353257687,0.4487974132967937,0.0,0.6086131559916712,0.6086131559916712
hrl,multi,1,weighted_cka,0,1670,3.0877054696306865,226.0,0.7034873962402344,0.7001756429672241,1,0.0,0.6175410939261374,5,1,weighted_cka,23,93,0.3597331498635821,4.0,1.565217391304348,0.2980904208615247,0.5806970422156154,1.300768801614642,0.5242716891625895,0.3838775157763156,0.0,0.6175410939261374,0.6175410939261374
hrl,multi,1,weighted_cka,0,1671,3.0867867306812538,224.0,0.7044428586959839,0.7023488879203796,1,0.0,0.6173573461362508,5,1,weighted_cka,22,90,0.3667127372205613,4.0,1.5454545454545454,0.3225236706975847,0.6871839776104315,1.2985589649975298,0.44365110941528096,0.33486900796042746,0.0,0.6173573461362508,0.6173573461362508
hrl,multi,1,weighted_cka,0,1672,3.048520808115935,235.0,0.7028297185897827,0.7012612223625183,1,0.0,0.6097041616231871,5,1,weighted_cka,23,99,0.39243471300467303,4.0,1.4782608695652173,0.36976364100107445,0.5590661418016533,1.3015237730792721,0.45185801090340816,0.3663092413305275,0.0,0.6097041616231871,0.6097041616231871
hrl,multi,1,weighted_cka,0,1673,3.045504143653902,236.0,0.7053653001785278,0.7037053108215332,1,0.0,0.6091008287307804,5,1,weighted_cka,24,102,0.4,4.0,1.4166666666666667,0.24617573252401767,0.6020690304273738,1.2963236634600905,0.4251431015109409,0.47579261573147946,0.0,0.6091008287307804,0.6091008287307804
hrl,multi,1,weighted_cka,0,1674,2.926648015609621,266.0,0.7038162350654602,0.7023488879203796,1,0.0,0.5853296031219243,5,1,weighted_cka,27,108,0.4,4.0,1.3333333333333333,0.18521511431629165,0.6850642018960788,1.297133744482882,0.42009766157373074,0.3391372933406382,0.0,0.5853296031219243,0.5853296031219243
hrl,multi,1,weighted_cka,0,1675,3.094251425261608,225.0,0.7039845585823059,0.7023488879203796,1,0.0,0.6188502850523216,5,1,weighted_cka,22,102,0.4,4.0,1.5454545454545454,0.2994673729425703,0.5998170540248974,1.3006788635607807,0.5199332792516796,0.3743548554816806,0.0,0.6188502850523216,0.6188502850523216
hrl,multi,1,weighted_cka,0,1676,3.1120147297873033,218.0,0.7019054293632507,0.7001234292984009,1,0.0,0.6224029459574607,5,1,weighted_cka,22,96,0.39167564476604627,4.0,1.4545454545454546,0.2921933070583618,0.614020326098427,1.2995587307046224,0.5299659977819245,0.3762763681439682,0.0,0.6224029459574607,0.6224029459574607
hrl,multi,1,weighted_cka,0,1677,3.058279665486202,231.0,0.7038376927375793,0.7023488879203796,1,0.0,0.6116559330972404,5,1,weighted_cka,22,102,0.3804132818024618,4.0,1.5454545454545454,0.3068771388907334,0.5611989253000355,1.2871244618222115,0.5237291880003175,0.37934995147290457,0.0,0.6116559330972404,0.6116559330972404
hrl,multi,1,weighted_cka,0,1678,2.7960681525388376,297.0,0.7037270665168762,0.7006362676620483,1,0.0,0.5592136305077676,5,1,weighted_cka,31,132,0.3757836938648618,4.0,1.4193548387096775,0.140919891501311,0.4794324027699074,1.2892943117981774,0.5192832213332875,0.3671383251361548,0.0,0.5592136305077676,0.5592136305077676
hrl,multi,1,weighted_cka,0,1679,2.9312645514313176,266.0,0.7022584676742554,0.7004849314689636,1,0.0,0.5862529102862636,5,1,weighted_cka,27,126,0.3841440852686595,4.0,1.5555555555555556,0.39225966144548136,0.44626131017372217,1.289237419195473,0.45539745335839676,0.3481087072582449,0.0,0.5862529102862636,0.5862529102862636
hrl,multi,1,weighted_cka,0,1680,3.0609973620222832,234.0,0.7050133347511292,0.7034581899642944,1,0.0,0.6121994724044567,5,1,weighted_cka,23,108,0.4,4.0,1.565217391304348,0.2911229025540487,0.5727198191942878,1.2949137953324241,0.45050922174053254,0.4517316232009906,0.0,0.6121994724044567,0.6121994724044567
hrl,multi,1,weighted_cka,0,1681,2.9360399434668056,264.0,0.7036725878715515,0.7006013989448547,1,0.0,0.5872079886933612,5,1,weighted_cka,26,102,0.4,4.0,1.3076923076923077,0.1441017067481296,0.6120234201480633,1.2807458145071284,0.5303012456526047,0.36886775641088015,0.0,0.5872079886933612,0.5872079886933612
hrl,multi,1,weighted_cka,0,1682,2.9147667267196216,271.0,0.7033737897872925,0.7001756429672241,1,0.0,0.5829533453439244,5,1,weighted_cka,29,120,0.4,4.0,1.3793103448275863,0.17339293983392395,0.5880124714034608,1.294802260827273,0.47450435973558325,0.3840546949193812,0.0,0.5829533453439244,0.5829533453439244
hrl,multi,1,weighted_cka,0,1683,3.116415434650959,218.0,0.7020374536514282,0.7004686594009399,1,0.0,0.623283086930192,5,1,weighted_cka,20,90,0.4000000000000001,4.0,1.5,0.31755238122877194,0.6148171228249556,1.300768801614642,0.5282538834973237,0.3550232454852666,0.0,0.623283086930192,0.623283086930192
hrl,multi,1,weighted_cka,0,1684,3.09955994511966,223.0,0.7036584615707397,0.7016429901123047,1,0.0,0.6199119890239321,5,1,weighted_cka,22,102,0.4,4.0,1.5454545454545454,0.30738611595460674,0.6056957282098009,1.2979206510568035,0.5083046067007816,0.3802528431976679,0.0,0.6199119890239321,0.6199119890239321
hrl,multi,1,weighted_cka,0,1685,3.0073300458247236,246.0,0.70433509349823,0.7023488879203796,1,0.0,0.6014660091649449,5,1,weighted_cka,25,114,0.4,4.0,1.52,0.2580284447032317,0.5433841034001087,1.3055695302678503,0.5202131285886279,0.3801348388649057,0.0,0.6014660091649449,0.6014660091649449
hrl,multi,1,weighted_cka,0,1686,3.071749880052054,233.0,0.7048966884613037,0.7011935710906982,1,0.0,0.6143499760104109,5,1,weighted_cka,23,108,0.4,4.0,1.565217391304348,0.3041156134338816,0.5776825535460374,1.2968938367497174,0.5167329113008453,0.3763249650215729,0.0,0.6143499760104109,0.6143499760104109
hrl,multi,1,weighted_cka,0,1687,3.0954226319805445,225.0,0.7037696838378906,0.7010248899459839,1,0.0,0.619084526396109,5,1,weighted_cka,22,96,0.4000000000000001,4.0,1.4545454545454546,0.29989587434455456,0.5957362353652714,1.300768801614642,0.5212106941152596,0.3778110265408176,0.0,0.619084526396109,0.619084526396109
hrl,multi,1,weighted_cka,0,1688,2.921126752527662,272.0,0.7025353312492371,0.7001364827156067,1,0.0,0.5842253505055324,5,1,weighted_cka,28,114,0.4,4.0,1.3571428571428572,0.18532878347625928,0.5668507535355164,1.288944742345251,0.5244033293311366,0.35559914383949937,0.0,0.5842253505055324,0.5842253505055324
hrl,multi,1,weighted_cka,0,1689,2.907185918226371,264.0,0.7040101289749146,0.7001756429672241,1,0.0,0.5814371836452743,5,1,weighted_cka,26,102,0.4,4.0,1.3076923076923077,0.1348501152314709,0.5811539433081633,1.2864670159975065,0.5227365243299863,0.3819783193592447,0.0,0.5814371836452743,0.5814371836452743
hrl,multi,1,weighted_cka,0,1690,3.0737847544884995,224.0,0.7038202285766602,0.7021948099136353,1,0.0,0.6147569508977,5,1,weighted_cka,23,108,0.4,4.0,1.565217391304348,0.2829410994063364,0.5990186086706816,1.2872624836103057,0.38603265450731844,0.518529908293858,0.0,0.6147569508977,0.6147569508977
hrl,multi,1,weighted_cka,0,1691,3.0752894122759886,232.0,0.7044599056243896,0.7023488879203796,1,0.0,0.6150578824551978,5,1,weighted_cka,22,96,0.4000000000000001,4.0,1.4545454545454546,0.30476169952022597,0.6089916413156314,1.2814255938837302,0.5241588434837757,0.3559516340726258,0.0,0.6150578824551978,0.6150578824551978
hrl,multi,1,weighted_cka,0,1692,3.0889386203366436,226.0,0.7055573463439941,0.7041915059089661,1,0.0,0.6177877240673288,5,1,weighted_cka,24,108,0.4,4.0,1.5,0.31138698352203925,0.5998968245973809,1.300808997380547,0.5247661277935839,0.35207968704309306,0.0,0.6177877240673288,0.6177877240673288
hrl,multi,1,weighted_cka,0,1693,2.856927962453183,282.0,0.7041091322898865,0.700542151927948,1,0.0,0.5713855924906367,5,1,weighted_cka,28,120,0.4,4.0,1.4285714285714286,0.19612724228996356,0.49676148342679494,1.2945955795217303,0.519328430874273,0.35011522634042186,0.0,0.5713855924906367,0.5713855924906367
hrl,multi,1,weighted_cka,0,1694,3.0865447554822882,223.0,0.7038914561271667,0.7014009952545166,1,0.0,0.6173089510964578,5,1,weighted_cka,22,96,0.4000000000000001,4.0,1.4545454545454546,0.3127945801870664,0.6973584721414371,1.2922390027884392,0.4370338949775322,0.347118805387814,0.0,0.6173089510964578,0.6173089510964578
hrl,multi,1,weighted_cka,0,1695,2.8509865573152187,287.0,0.7041138410568237,0.7007912993431091,1,0.0,0.5701973114630438,5,1,weighted_cka,29,114,0.3834015677874772,4.0,1.3103448275862069,0.17532947906071755,0.6045972198606467,1.2724018626892937,0.4476654150029643,0.35099258070159695,0.0,0.5701973114630438,0.5701973114630438
hrl,multi,1,weighted_cka,0,1696,3.0707010567697495,227.0,0.7043304443359375,0.7012153267860413,1,0.0,0.61414021135395,5,1,weighted_cka,22,96,0.35072340436907296,4.0,1.4545454545454546,0.2861288199319387,0.5829060028656384,1.300723708023317,0.3834786338047051,0.5174638921441509,0.0,0.61414021135395,0.61414021135395
hrl,multi,1,weighted_cka,0,1697,2.909775536212694,274.0,0.7036830186843872,0.7010565400123596,1,0.0,0.5819551072425388,5,1,weighted_cka,29,120,0.35269446819430994,4.0,1.3793103448275863,0.1483457912352894,0.5540346060487243,1.300794486443512,0.5287701491280458,0.37783050335712315,0.0,0.5819551072425388,0.5819551072425388
hrl,multi,1,weighted_cka,0,1698,3.042168830584384,238.0,0.7045661211013794,0.7023488879203796,1,0.0,0.6084337661168768,5,1,weighted_cka,23,108,0.3561985816613981,4.0,1.565217391304348,0.3288597444234182,0.5877130481842904,1.251600432314444,0.52272058951715,0.3512750161450821,0.0,0.6084337661168768,0.6084337661168768
hrl,multi,1,weighted_cka,0,1699,3.008051952035125,246.0,0.7035621404647827,0.7000125050544739,1,0.0,0.6016103904070251,5,1,weighted_cka,25,102,0.37995632787733746,4.0,1.36,0.20416272989440748,0.6125277437495532,1.3006551659123504,0.5240870054367696,0.3666193070420449,0.0,0.6016103904070251,0.6016103904070251
hrl,multi,1,weighted_cka,0,1700,3.0727272913555486,230.0,0.7042776942253113,0.7023488879203796,1,0.0,0.6145454582711097,5,1,weighted_cka,23,108,0.3964760813823152,4.0,1.565217391304348,0.3026673546892124,0.5795011416077612,1.300808997380547,0.3870482130805903,0.5027015845974382,0.0,0.6145454582711097,0.6145454582711097
hrl,multi,1,weighted_cka,0,1701,3.0982516746305415,226.0,0.7036573886871338,0.7008952498435974,1,0.0,0.6196503349261084,5,1,weighted_cka,21,96,0.39603559155510465,4.0,1.5238095238095237,0.3058941789613454,0.5796754751238039,1.2545441859615964,0.43844932595314445,0.5196885086306519,0.0,0.6196503349261084,0.6196503349261084
hrl,multi,1,weighted_cka,0,1702,3.107623868961235,220.0,0.7030004858970642,0.7015376091003418,1,0.0,0.6215247737922471,5,1,weighted_cka,22,102,0.39701503364149054,4.0,1.5454545454545454,0.3170493760752724,0.6094719036454334,1.3005162864206357,0.41708240130823093,0.46350390151166343,0.0,0.6215247737922471,0.6215247737922471
hrl,multi,1,weighted_cka,0,1703,3.107931548817868,220.0,0.7040956020355225,0.7023488879203796,1,0.0,0.6215863097635737,5,1,weighted_cka,24,108,0.39718086510585227,4.0,1.5,0.3197973287760687,0.6077780469330026,1.3009040067186577,0.5204708940691779,0.3589812723209615,0.0,0.6215863097635737,0.6215863097635737
hrl,multi,1,weighted_cka,0,1704,3.080049312912683,231.0,0.7033816576004028,0.7012218236923218,1,0.0,0.6160098625825368,5,1,weighted_cka,22,96,0.4000000000000001,4.0,1.4545454545454546,0.2711889245993515,0.594866068436764,1.3091577593218533,0.5240560906059107,0.38078046994880416,0.0,0.6160098625825368,0.6160098625825368
hrl,multi,1,weighted_cka,0,1705,3.098495690188253,223.0,0.7046676874160767,0.703264057636261,1,0.0,0.6196991380376506,5,1,weighted_cka,22,102,0.4,4.0,1.5454545454545454,0.26998257487837685,0.6220019107111728,1.3008532319432122,0.5250711618973872,0.38058681075810447,0.0,0.6196991380376506,0.6196991380376506
hrl,multi,1,weighted_cka,0,1706,3.098479989912083,225.0,0.703490138053894,0.7018674612045288,1,0.0,0.6196959979824167,5,1,weighted_cka,24,108,0.4,4.0,1.5,0.2969746702198608,0.6106245399387552,1.3008108412828294,0.5072106653384397,0.38285927313219864,0.0,0.6196959979824167,0.6196959979824167
hrl,multi,1,weighted_cka,0,1707,3.0496999171060457,237.0,0.7048078775405884,0.7011104226112366,1,0.0,0.6099399834212093,5,1,weighted_cka,22,102,0.4,4.0,1.5454545454545454,0.29408457707957125,0.5740467541073447,1.2972362746375454,0.5076881644495296,0.3766441468320553,0.0,0.6099399834212093,0.6099399834212093
hrl,multi,1,weighted_cka,0,1708,2.9025354093336486,270.0,0.7034972310066223,0.7015938758850098,1,0.0,0.5805070818667298,5,1,weighted_cka,28,108,0.4,4.0,1.2857142857142858,0.10531764841044766,0.5972586578876943,1.299770877368748,0.5240275073847732,0.3761607182819861,0.0,0.5805070818667298,0.5805070818667298
hrl,multi,1,weighted_cka,0,1709,3.09039246264228,226.0,0.704207718372345,0.7023488879203796,1,0.0,0.6180784925284561,5,1,weighted_cka,22,102,0.38947305683126066,4.0,1.5454545454545454,0.3049802555959904,0.583157615941949,1.2984331796392796,0.5237980148340574,0.3800233966310042,0.0,0.6180784925284561,0.6180784925284561
hrl,multi,1,weighted_cka,0,1710,3.0146401598709622,244.0,0.7042288184165955,0.7023488879203796,1,0.0,0.6029280319741925,5,1,weighted_cka,25,102,0.38947305683126066,4.0,1.36,0.22825309195369467,0.5967360340142621,1.2956227220343424,0.5234908314123748,0.3705374804562888,0.0,0.6029280319741925,0.6029280319741925
hrl,multi,1,weighted_cka,0,1711,2.9927780762836833,250.0,0.7039445042610168,0.7011175751686096,1,0.0,0.5985556152567367,5,1,weighted_cka,24,96,0.3860189036040181,4.0,1.3333333333333333,0.20130202471306965,0.7273354340549557,1.2752676702588794,0.437065706395544,0.3518072408612351,0.0,0.5985556152567367,0.5985556152567367
hrl,multi,1,weighted_cka,0,1712,3.0613093542260454,231.0,0.7036229968070984,0.7004686594009399,1,0.0,0.6122618708452092,5,1,weighted_cka,23,108,0.3900578870073018,4.0,1.565217391304348,0.30037078810599627,0.5873162578408372,1.3001975291950219,0.5184554017040935,0.3549693773800972,0.0,0.6122618708452092,0.6122618708452092
hrl,multi,1,weighted_cka,0,1713,2.9751357017105606,257.0,0.7032291889190674,0.7019727826118469,1,0.0,0.5950271403421122,5,1,weighted_cka,27,108,0.3925434152554763,4.0,1.3333333333333333,0.15558988217520506,0.6110334812365471,1.3005134666087104,0.5297585191102697,0.37824035257982896,0.0,0.5950271403421122,0.5950271403421122
hrl,multi,1,weighted_cka,0,1714,3.076356705029028,230.0,0.7038593292236328,0.7015828490257263,1,0.0,0.6152713410058057,5,1,weighted_cka,22,102,0.4,4.0,1.5454545454545454,0.3095169287016615,0.6038872816842048,1.271081941463053,0.5247956238563637,0.3670749293237458,0.0,0.6152713410058057,0.6152713410058057
hrl,multi,1,weighted_cka,0,1715,3.093972384912921,225.0,0.7029242515563965,0.7004686594009399,1,0.0,0.6187944769825843,5,1,weighted_cka,23,102,0.4,4.0,1.4782608695652173,0.2786786572826385,0.6064682110417633,1.300768801614642,0.5243632714082486,0.38369344356562934,0.0,0.6187944769825843,0.6187944769825843
hrl,multi,1,weighted_cka,0,1716,3.0268667157388687,240.0,0.7039605975151062,0.7023488879203796,1,0.0,0.6053733431477738,5,1,weighted_cka,25,114,0.4,4.0,1.52,0.2961458977924776,0.5436663276823818,1.3002976579332897,0.4008116572622674,0.4859451750684528,0.0,0.6053733431477738,0.6053733431477738
hrl,multi,1,weighted_cka,0,1717,2.94487113907663,260.0,0.7034085988998413,0.701296329498291,1,0.0,0.588974227815326,5,1,weighted_cka,24,108,0.4,4.0,1.5,0.2653136360969801,0.481919522180169,1.296161516067106,0.5237777056572958,0.3776987590750795,0.0,0.588974227815326,0.588974227815326
hrl,multi,1,weighted_cka,0,1718,3.0588919838499993,232.0,0.7043717503547668,0.7025610208511353,1,0.0,0.6117783967699999,5,1,weighted_cka,24,114,0.4,4.0,1.5833333333333333,0.288540196525515,0.5751843480430542,1.2959635106013154,0.5234397069253026,0.37576422175481267,0.0,0.6117783967699999,0.6117783967699999
hrl,multi,1,weighted_cka,0,1719,2.947704822575323,260.0,0.7047786712646484,0.7023488879203796,1,0.0,0.5895409645150645,5,1,weighted_cka,27,108,0.4,4.0,1.3333333333333333,0.16664572422683682,0.5948776780283077,1.3008103647949172,0.5031322404826059,0.38223881504265583,0.0,0.5895409645150645,0.5895409645150645
hrl,multi,1,weighted_cka,0,1720,3.0414757321780113,238.0,0.7031719088554382,0.7004686594009399,1,0.0,0.6082951464356023,5,1,weighted_cka,22,102,0.39112743750812046,4.0,1.5454545454545454,0.2822009378729271,0.5528318374029985,1.300808997380547,0.525649848201312,0.3799841113202273,0.0,0.6082951464356023,0.6082951464356023
hrl,multi,1,weighted_cka,0,1721,3.0636613411296554,232.0,0.7026503086090088,0.701460599899292,1,0.0,0.6127322682259312,5,1,weighted_cka,24,114,0.3936491131637072,4.0,1.5833333333333333,0.31771950732672116,0.6235969272647052,1.3007730246968565,0.5076217083539812,0.3139501734873919,0.0,0.6127322682259312,0.6127322682259312
hrl,multi,1,weighted_cka,0,1722,3.008728289165824,246.0,0.7046952247619629,0.7023488879203796,1,0.0,0.6017456578331648,5,1,weighted_cka,25,114,0.3888859480364877,4.0,1.52,0.40198947917623434,0.5079597593970245,1.2932677439744582,0.4507653541914186,0.35474595242668866,0.0,0.6017456578331648,0.6017456578331648
hrl,multi,1,weighted_cka,0,1723,3.095241925577297,221.0,0.7043340802192688,0.7023488879203796,1,0.0,0.6190483851154596,5,1,weighted_cka,22,102,0.3929019500064963,4.0,1.5454545454545454,0.31442806179064786,0.6176420676028355,1.2932072959588838,0.5229967025043442,0.34696779772058645,0.0,0.6190483851154596,0.6190483851154596
hrl,multi,1,weighted_cka,0,1724,2.9000201703106563,274.0,0.703180193901062,0.7004686594009399,1,0.0,0.5800040340621313,5,1,weighted_cka,27,114,0.4,4.0,1.4074074074074074,0.22079635898407998,0.48742100178406667,1.2842629430908707,0.5239573162798769,0.3835825501717626,0.0,0.5800040340621313,0.5800040340621313
hrl,multi,1,weighted_cka,0,1725,2.933232663893838,263.0,0.7034505605697632,0.700927734375,1,0.0,0.5866465327787677,5,1,weighted_cka,27,114,0.4,4.0,1.4074074074074074,0.15400510386493968,0.5775693638171068,1.2994303791415875,0.4513622556515037,0.4508655614187008,0.0,0.5866465327787677,0.5866465327787677
hrl,multi,1,weighted_cka,0,1726,3.0319235722874933,238.0,0.7055668234825134,0.7021960616111755,1,0.0,0.6063847144574986,5,1,weighted_cka,23,102,0.4,4.0,1.4782608695652173,0.30790889701945695,0.5379672810746122,1.29693174367398,0.5292027124334125,0.35991293808603214,0.0,0.6063847144574986,0.6063847144574986
hrl,multi,1,weighted_cka,0,1727,3.112679908601624,219.0,0.7037308216094971,0.7000454068183899,1,0.0,0.6225359817203249,5,1,weighted_cka,22,102,0.39969367907154646,4.0,1.5454545454545454,0.2952654706440516,0.6128434278180356,1.3002360518217317,0.5238477380881085,0.38048722022969733,0.0,0.6225359817203249,0.6225359817203249
hrl,multi,1,weighted_cka,0,1728,3.09768751473967,223.0,0.7045321464538574,0.7012636065483093,1,0.0,0.619537502947934,5,1,weighted_cka,23,102,0.39923419767886625,4.0,1.4782608695652173,0.38530685964340944,0.6032644421337171,1.3016130695828467,0.45456218950496974,0.3529409538747276,0.0,0.619537502947934,0.619537502947934
hrl,multi,1,weighted_cka,0,1729,2.9891697298741806,248.0,0.7030218243598938,0.701099693775177,1,0.0,0.5978339459748362,5,1,weighted_cka,24,96,0.39934906802703635,4.0,1.3333333333333333,0.20122744310990656,0.6139880069931968,1.2988958109267985,0.5195331629919818,0.3555253058522975,0.0,0.5978339459748362,0.5978339459748362
hrl,multi,1,weighted_cka,0,1730,3.0398693117352655,237.0,0.7041980028152466,0.7023062109947205,1,0.0,0.6079738623470532,5,1,weighted_cka,24,114,0.3991777701394143,4.0,1.5833333333333333,0.3053368470764253,0.5478922754091907,1.300808997380547,0.5216538428612983,0.3641773490078048,0.0,0.6079738623470532,0.6079738623470532
hrl,multi,1,weighted_cka,0,1731,3.0928924555578257,226.0,0.7038851976394653,0.7023488879203796,1,0.0,0.6185784911115652,5,1,weighted_cka,23,108,0.3953826015630521,4.0,1.565217391304348,0.3995943118543363,0.5848962703486903,1.3006753551522268,0.45176849407656106,0.3559580241260118,0.0,0.6185784911115652,0.6185784911115652
hrl,multi,1,weighted_cka,0,1732,3.0710838121585535,231.0,0.7044059038162231,0.7023488879203796,1,0.0,0.6142167624317107,5,1,weighted_cka,21,96,0.388234064345391,4.0,1.5238095238095237,0.2890709697948186,0.5782042893322649,1.3007730246968565,0.5241673488453961,0.3788681794892181,0.0,0.6142167624317107,0.6142167624317107
hrl,multi,1,weighted_cka,0,1733,3.0572437982372054,232.0,0.7049163579940796,0.7038397789001465,1,0.0,0.6114487596474412,5,1,weighted_cka,25,114,0.39009184365927657,4.0,1.52,0.28868984761973837,0.5875279073100536,1.2849819859657434,0.5099931569530162,0.38605090038865447,0.0,0.6114487596474412,0.6114487596474412
hrl,multi,1,weighted_cka,0,1734,3.061999349411314,228.0,0.703988790512085,0.7023488879203796,1,0.0,0.6123998698822628,5,1,weighted_cka,24,108,0.3895413905292364,4.0,1.5,0.2594433172438293,0.6055016648732124,1.3003252106314465,0.5203148283589397,0.3764143283038865,0.0,0.6123998698822628,0.6123998698822628
hrl,multi,1,weighted_cka,0,1735,3.055301421779003,235.0,0.7037320137023926,0.7000439167022705,1,0.0,0.6110602843558006,5,1,weighted_cka,23,108,0.39372483431754185,4.0,1.565217391304348,0.29859248321180343,0.5513733064820988,1.300813142464496,0.524261319758836,0.3802611698617692,0.0,0.6110602843558006,0.6110602843558006
hrl,multi,1,weighted_cka,0,1736,3.053639496352915,230.0,0.7046172022819519,0.7028241157531738,1,0.0,0.610727899270583,5,1,weighted_cka,23,102,0.4,4.0,1.4782608695652173,0.3708053273404947,0.595591638338752,1.295434642604552,0.43962777002528297,0.35218011804383414,0.0,0.610727899270583,0.610727899270583
hrl,multi,1,weighted_cka,0,1737,2.299663599204358,300.0,0.6435154676437378,0.4024178385734558,0,0.0,0.4599327198408717,5,1,weighted_cka,29,78,0.4,4.0,0.896551724137931,-0.12832050132704942,0.22718515476956957,1.2962962716915643,0.5243195838811806,0.3801830901890934,0.0,0.4599327198408717,0.4599327198408717
hrl,multi,1,weighted_cka,0,1738,3.097993753578629,220.0,0.7045203447341919,0.7023488879203796,1,0.0,0.6195987507157258,5,1,weighted_cka,22,102,0.4,4.0,1.5454545454545454,0.3059840368559816,0.750550072710961,1.2525440060049293,0.43757903317967417,0.35133660482708357,0.0,0.6195987507157258,0.6195987507157258
hrl,multi,1,weighted_cka,0,1739,2.955190448952066,256.0,0.7033786773681641,0.7012051939964294,1,0.0,0.5910380897904133,5,1,weighted_cka,25,96,0.4000000000000001,4.0,1.28,0.13404699748929105,0.6138744493764824,1.294085649911314,0.5253082993105053,0.38787505286447405,0.0,0.5910380897904133,0.5910380897904133
hrl,multi,1,weighted_cka,0,1740,2.9715375758072464,256.0,0.7038297057151794,0.7017364501953125,1,0.0,0.5943075151614494,5,1,weighted_cka,26,114,0.3893706770135108,4.0,1.4615384615384615,0.22303653284226294,0.5672791038738795,1.2937660226812584,0.5028463143976404,0.3846096020122058,0.0,0.5943075151614494,0.5943075151614494
hrl,multi,1,weighted_cka,0,1741,3.0611188270185945,231.0,0.705608069896698,0.7045393586158752,1,0.0,0.612223765403719,5,1,weighted_cka,23,102,0.3762121183154282,4.0,1.4782608695652173,0.2811910315501153,0.5843937851504887,1.2931938889883456,0.5228205224084667,0.37951959892117876,0.0,0.612223765403719,0.612223765403719
hrl,multi,1,weighted_cka,0,1742,2.8425953364356684,286.0,0.703941822052002,0.7014073729515076,1,0.0,0.5685190672871338,5,1,weighted_cka,30,150,0.3662925056943377,4.0,1.6666666666666667,0.27959434408583905,0.3764370988842433,1.280882581906393,0.4377549097226,0.46792640183659373,0.0,0.5685190672871338,0.5685190672871338
hrl,multi,1,weighted_cka,0,1743,3.0474669774306227,237.0,0.7036331295967102,0.7004686594009399,1,0.0,0.6094933954861246,5,1,weighted_cka,23,96,0.38311027421083405,4.0,1.391304347826087,0.22103632350929533,0.6259816041383891,1.2954339244263244,0.5210553387850522,0.3839597865715622,0.0,0.6094933954861246,0.6094933954861246
hrl,multi,1,weighted_cka,0,1744,2.988517970945943,249.0,0.7019714117050171,0.7001380324363708,1,0.0,0.5977035941891887,5,1,weighted_cka,24,114,0.3910791104299698,4.0,1.5833333333333333,0.2954803433140041,0.5192761335338544,1.2978710574312133,0.49158714547884286,0.38430329118802903,0.0,0.5977035941891887,0.5977035941891887
hrl,multi,1,weighted_cka,0,1745,3.055238391584279,235.0,0.7046852707862854,0.7023488879203796,1,0.0,0.6110476783168559,5,1,weighted_cka,24,114,0.39286328834397577,4.0,1.5833333333333333,0.2866960771980229,0.6215461662476881,1.280900361264619,0.5236766666166949,0.3424191202572546,0.0,0.6110476783168559,0.6110476783168559
hrl,multi,1,weighted_cka,0,1746,2.9388701775707213,265.0,0.7052310109138489,0.7023488879203796,1,0.0,0.5877740355141443,5,1,weighted_cka,26,102,0.4,4.0,1.3076923076923077,0.18236814780533292,0.5854696386777795,1.300809601808898,0.5241929751755668,0.34602981410314476,0.0,0.5877740355141443,0.5877740355141443
hrl,multi,1,weighted_cka,0,1747,2.3600674223640183,300.0,0.6715507507324219,0.5421507954597473,0,0.0,0.4720134844728038,5,1,weighted_cka,31,132,0.39999999999999997,4.0,1.4193548387096775,0.17967886773264016,-0.028753658285950605,1.300902583075687,0.5243765327432192,0.3838630970984231,0.0,0.4720134844728038,0.4720134844728038
hrl,multi,1,weighted_cka,0,1748,3.000491288845484,248.0,0.7053206562995911,0.7023912668228149,1,0.0,0.600098257769097,5,1,weighted_cka,25,102,0.4,4.0,1.36,0.19516613426565874,0.5996233727480283,1.2999465922107918,0.5253794144191778,0.38037577520182814,0.0,0.600098257769097,0.600098257769097
hrl,multi,1,weighted_cka,0,1749,2.804013119945112,297.0,0.7040621042251587,0.7020719051361084,1,0.0,0.5608026239890225,5,1,weighted_cka,29,102,0.4,4.0,1.1724137931034482,0.11643608013010781,0.5867566623949677,1.299836219979217,0.45181388964923086,0.34917026779158905,0.0,0.5608026239890225,0.5608026239890225
hrl,multi,1,weighted_cka,0,1750,2.982711478507174,254.0,0.7039318680763245,0.7023488879203796,1,0.0,0.5965422957014348,5,1,weighted_cka,25,102,0.3972556734581641,4.0,1.36,0.21057774282543668,0.5733459292715414,1.3006369319260118,0.5242598539735189,0.37389102051066575,0.0,0.5965422957014348,0.5965422957014348
hrl,multi,1,weighted_cka,0,1751,3.078979277077712,228.0,0.7040631175041199,0.7014475464820862,1,0.0,0.6157958554155424,5,1,weighted_cka,24,108,0.3870406802191083,4.0,1.5,0.36883536833853564,0.6013131726346909,1.2991207335358483,0.4563931124822701,0.3533168900863674,0.0,0.6157958554155424,0.6157958554155424
hrl,multi,1,weighted_cka,0,1752,3.054547766592876,230.0,0.7046419978141785,0.7025951743125916,1,0.0,0.6109095533185753,5,1,weighted_cka,22,102,0.38902269383265636,4.0,1.5454545454545454,0.2770198959629633,0.6116905721109359,1.2956575384810565,0.4864034187942742,0.38377634124364696,0.0,0.6109095533185753,0.6109095533185753
hrl,multi,1,weighted_cka,0,1753,3.0443687773399275,236.0,0.7035369873046875,0.7008163332939148,1,0.0,0.6088737554679856,5,1,weighted_cka,23,102,0.3862783672908205,4.0,1.4782608695652173,0.26587545709859106,0.5780917513803577,1.2959500209912655,0.5243128301627001,0.38013871770701363,0.0,0.6088737554679856,0.6088737554679856
hrl,multi,1,weighted_cka,0,1754,2.9883897240759048,251.0,0.7037400007247925,0.7011051774024963,1,0.0,0.5976779448151811,5,1,weighted_cka,26,120,0.38833661219719745,4.0,1.5384615384615385,0.2999391012857522,0.5331711047944944,1.3008189485622568,0.5249745159926823,0.3294860534407198,0.0,0.5976779448151811,0.5976779448151811
hrl,multi,1,weighted_cka,0,1755,3.090073935909472,221.0,0.7034404277801514,0.7015312910079956,1,0.0,0.6180147871818945,5,1,weighted_cka,24,108,0.4,4.0,1.5,0.3406112853468366,0.6753794996002688,1.2952746936567126,0.4409491879879496,0.3378592693177051,0.0,0.6180147871818945,0.6180147871818945
hrl,multi,1,weighted_cka,0,1756,3.037521119501848,236.0,0.7043250203132629,0.7018711566925049,1,0.0,0.6075042239003696,5,1,weighted_cka,21,90,0.4000000000000001,4.0,1.4285714285714286,0.33349345004110353,0.5989376515196635,1.2928547811675815,0.46052221972262475,0.35171301705087527,0.0,0.6075042239003696,0.6075042239003696
hrl,multi,1,weighted_cka,0,1757,2.884724854721832,278.0,0.7039617300033569,0.7023488879203796,1,0.0,0.5769449709443665,5,1,weighted_cka,30,144,0.39999999999999997,4.0,1.6,0.2850054271011613,0.4264174881078576,1.2693068853975271,0.5236571006935554,0.380337953421731,0.0,0.5769449709443665,0.5769449709443665
hrl,multi,1,weighted_cka,0,1758,3.098767648316249,223.0,0.7042761445045471,0.7022256851196289,1,0.0,0.6197535296632499,5,1,weighted_cka,21,96,0.4000000000000001,4.0,1.5238095238095237,0.32051592780498317,0.6874470123443751,1.3007160561606286,0.4387735074670053,0.35131514453925766,0.0,0.6197535296632499,0.6197535296632499
hrl,multi,1,weighted_cka,0,1759,3.0658866555029514,233.0,0.7030757665634155,0.7001756429672241,1,0.0,0.6131773311005904,5,1,weighted_cka,24,114,0.4,4.0,1.5833333333333333,0.3032252461898606,0.5726884568475651,1.281571799304336,0.5241473152237012,0.3842538379374891,0.0,0.6131773311005904,0.6131773311005904
hrl,multi,1,weighted_cka,0,1760,2.956365579630698,253.0,0.7027024030685425,0.7004686594009399,1,0.0,0.5912731159261397,5,1,weighted_cka,25,114,0.4,4.0,1.52,0.252454620333854,0.5322982863908253,1.286703321114648,0.5026859129288931,0.3822234388624783,0.0,0.5912731159261397,0.5912731159261397
hrl,multi,1,weighted_cka,0,1761,3.0677349226072534,229.0,0.7053086757659912,0.7023488879203796,1,0.0,0.6135469845214507,5,1,weighted_cka,22,96,0.4000000000000001,4.0,1.4545454545454546,0.29250150085834314,0.5942942959223873,1.2932665927433407,0.5113581127577344,0.37631442032544865,0.0,0.6135469845214507,0.6135469845214507
hrl,multi,1,weighted_cka,0,1762,2.8764699951715356,277.0,0.7040802240371704,0.7003703117370605,1,0.0,0.5752939990343072,5,1,weighted_cka,28,138,0.39999999999999997,4.0,1.6428571428571428,0.2781106464605545,0.3969359465618247,1.299770877368748,0.522332804142963,0.37931972063744607,0.0,0.5752939990343072,0.5752939990343072
hrl,multi,1,weighted_cka,0,1763,2.9749015725274717,259.0,0.7028800845146179,0.7001756429672241,1,0.0,0.5949803145054944,5,1,weighted_cka,26,114,0.4,4.0,1.4615384615384615,0.28585414394404496,0.713440611171536,1.259693642159458,0.3726098520985614,0.34330332315387196,0.0,0.5949803145054944,0.5949803145054944
hrl,multi,1,weighted_cka,0,1764,3.0127000565973563,248.0,0.7023816108703613,0.7004686594009399,1,0.0,0.6025400113194713,5,1,weighted_cka,25,114,0.38766235252055387,4.0,1.52,0.25669566645123987,0.5433169284351168,1.3043246992379425,0.5243495219438336,0.3840132405292242,0.0,0.6025400113194713,0.6025400113194713
hrl,multi,1,weighted_cka,0,1765,3.068717128450748,231.0,0.70395427942276,0.7017378807067871,1,0.0,0.6137434256901497,5,1,weighted_cka,24,108,0.3348846383029231,4.0,1.5,0.38221368252614035,0.5773590977806596,1.3000733099393544,0.4520480577885172,0.3570229804160771,0.0,0.6137434256901497,0.6137434256901497
hrl,multi,1,weighted_cka,0,1766,3.091113952069193,224.0,0.70320063829422,0.7002009749412537,1,0.0,0.6182227904138387,5,1,weighted_cka,21,96,0.3413961744726308,4.0,1.5238095238095237,0.29897567173338024,0.6078675691941752,1.2909184815883634,0.5162209544922224,0.3771312750610522,0.0,0.6182227904138387,0.6182227904138387
hrl,multi,1,weighted_cka,0,1767,2.8806599378118976,282.0,0.7041221857070923,0.7004074454307556,1,0.0,0.5761319875623796,5,1,weighted_cka,29,102,0.34484345832718194,4.0,1.1724137931034482,0.07244159866007943,0.6096443997630848,1.2983338752742855,0.5200161652873502,0.38022389882709823,0.0,0.5761319875623796,0.5761319875623796
hrl,multi,1,weighted_cka,0,1768,3.00057443528243,253.0,0.7038289308547974,0.7005572319030762,1,0.0,0.6001148870564861,5,1,weighted_cka,24,102,0.3310543229089774,4.0,1.4166666666666667,0.20855960518773622,0.6032839840324594,1.3045612118071874,0.5038339022422932,0.3803357320127542,0.0,0.6001148870564861,0.6001148870564861
hrl,multi,1,weighted_cka,0,1769,1.682505882663882,300.0,0.5655819773674011,0.13042177259922028,0,0.0,0.33650117653277645,5,1,weighted_cka,31,162,0.3964624757539137,4.0,1.7419354838709677,-0.050473339960502975,0.058041072830557816,1.300307185184967,0.5241546077704987,-0.14952364316163824,0.0,0.33650117653277645,0.33650117653277645
hrl,multi,1,weighted_cka,0,1770,3.055415359304387,235.0,0.7042502164840698,0.7023488879203796,1,0.0,0.6110830718608775,5,1,weighted_cka,23,96,0.38335918622973414,4.0,1.391304347826087,0.2678349454450071,0.5927837158367036,1.312490521136671,0.525148569704499,0.35715760718150696,0.0,0.6110830718608775,0.6110830718608775
hrl,multi,1,weighted_cka,0,1771,3.070073730879069,229.0,0.7026888132095337,0.7004686594009399,1,0.0,0.6140147461758139,5,1,weighted_cka,23,102,0.3981271930461896,4.0,1.4782608695652173,0.2858208555516757,0.685813504311256,1.304625314099714,0.44592612344588256,0.34788793347054153,0.0,0.6140147461758139,0.6140147461758139
hrl,multi,1,weighted_cka,0,1772,3.091884540978294,226.0,0.7048556208610535,0.702899694442749,1,0.0,0.6183769081956589,5,1,weighted_cka,23,102,0.4,4.0,1.4782608695652173,0.2953799383901059,0.6070243083648382,1.3003276429040413,0.524147680709604,0.3650049706097051,0.0,0.6183769081956589,0.6183769081956589
hrl,multi,1,weighted_cka,0,1773,3.110718979383188,223.0,0.7032179832458496,0.7022289037704468,1,0.0,0.6221437958766377,5,1,weighted_cka,23,108,0.39543920506310143,4.0,1.565217391304348,0.3119616918379433,0.5948700219374731,1.3005328908544032,0.5242272066934964,0.37912716805987284,0.0,0.6221437958766377,0.6221437958766377
hrl,multi,1,weighted_cka,0,1774,3.0842577396585535,224.0,0.70420241355896,0.7023488879203796,1,0.0,0.6168515479317108,5,1,weighted_cka,21,96,0.3897382113919781,4.0,1.5238095238095237,0.28925244105356973,0.6019367120740934,1.3003063549545475,0.4484601856647058,0.4443020459116377,0.0,0.6168515479317108,0.6168515479317108
hrl,multi,1,weighted_cka,0,1775,3.10811428688513,222.0,0.7035759687423706,0.701697587966919,1,0.0,0.621622857377026,5,1,weighted_cka,24,108,0.3908784101262028,4.0,1.5,0.300216284193797,0.6055814594700931,1.3010735340863464,0.5248457795060238,0.3763972296288702,0.0,0.621622857377026,0.621622857377026
hrl,multi,1,weighted_cka,0,1776,3.021716907017281,242.0,0.7037298083305359,0.7004686594009399,1,0.0,0.6043433814034562,5,1,weighted_cka,23,108,0.3908784101262028,4.0,1.565217391304348,0.29533849734487005,0.5276389678617704,1.300902583075687,0.5027003365349955,0.3951365221999585,0.0,0.6043433814034562,0.6043433814034562
hrl,multi,1,weighted_cka,0,1777,3.1122228106571335,219.0,0.7041294574737549,0.7023488879203796,1,0.0,0.6224445621314267,5,1,weighted_cka,21,96,0.3897382113919781,4.0,1.5238095238095237,0.2918633732697271,0.6142603576700202,1.3029954839944837,0.5250813552811741,0.378022240441729,0.0,0.6224445621314267,0.6224445621314267
hrl,multi,1,weighted_cka,0,1778,3.069801466920121,226.0,0.7048423290252686,0.7023488879203796,1,0.0,0.6139602933840242,5,1,weighted_cka,24,108,0.39543920506310143,4.0,1.5,0.2869913912126211,0.5909467012546955,1.2932072959588838,0.5202122269365935,0.37844385155732735,0.0,0.6139602933840242,0.6139602933840242
hrl,multi,1,weighted_cka,0,1779,3.0870715520931395,222.0,0.7048370242118835,0.7023488879203796,1,0.0,0.617414310418628,5,1,weighted_cka,23,108,0.4,4.0,1.565217391304348,0.28944779914035457,0.5991579993711783,1.2983055627187712,0.5172450712816788,0.38291511958115726,0.0,0.617414310418628,0.617414310418628
hrl,multi,1,weighted_cka,0,1780,3.076084141330734,226.0,0.7029019594192505,0.7004686594009399,1,0.0,0.6152168282661469,5,1,weighted_cka,21,90,0.4000000000000001,4.0,1.4285714285714286,0.26788176261767505,0.6038272680724038,1.2971599373482166,0.5214156050751916,0.38579956821724765,0.0,0.6152168282661469,0.6152168282661469
hrl,multi,1,weighted_cka,0,1781,3.0521346685934683,233.0,0.704319417476654,0.7023488879203796,1,0.0,0.6104269337186937,5,1,weighted_cka,23,108,0.4,4.0,1.565217391304348,0.269313337142812,0.5849767005902248,1.2994581206217406,0.519974614112405,0.3784118961262865,0.0,0.6104269337186937,0.6104269337186937
hrl,multi,1,weighted_cka,0,1782,3.0848259628824004,226.0,0.7031930685043335,0.7007099986076355,1,0.0,0.6169651925764802,5,1,weighted_cka,23,102,0.4,4.0,1.4782608695652173,0.29884878862556064,0.6123796784365548,1.3008532319432122,0.5240076033042277,0.34873666057284564,0.0,0.6169651925764802,0.6169651925764802
hrl,multi,1,weighted_cka,0,1783,3.0301579421295597,238.0,0.702323853969574,0.7000538110733032,1,0.0,0.606031588425912,5,1,weighted_cka,24,114,0.4,4.0,1.5833333333333333,0.2956531895750085,0.6990736652212216,1.2448874305309725,0.4385590523998252,0.3519846044025325,0.0,0.606031588425912,0.606031588425912
hrl,multi,1,weighted_cka,0,1784,3.051082954990094,233.0,0.7040576338768005,0.7023488879203796,1,0.0,0.610216590998019,5,1,weighted_cka,24,108,0.4,4.0,1.5,0.2901092407390824,0.5650906520229763,1.2984137950912116,0.5238050510706961,0.3736642160661285,0.0,0.610216590998019,0.610216590998019
hrl,multi,1,weighted_cka,0,1785,3.09415932267747,227.0,0.7041078805923462,0.7008943557739258,1,0.0,0.6188318645354941,5,1,weighted_cka,21,96,0.4000000000000001,4.0,1.5238095238095237,0.30386512404674426,0.5833671919847837,1.219743253597291,0.6133716070144436,0.37381214603420804,0.0,0.6188318645354941,0.6188318645354941
hrl,multi,1,weighted_cka,0,1786,2.9030902691842297,270.0,0.7042741775512695,0.7012636065483093,1,0.0,0.5806180538368461,5,1,weighted_cka,28,108,0.4,4.0,1.2857142857142858,0.6286106959029963,0.5913677758229895,0.8737057285102782,0.4526894395058042,0.35671662944216215,0.0,0.5806180538368461,0.5806180538368461
hrl,multi,1,weighted_cka,0,1787,2.8820566812729216,278.0,0.702873170375824,0.7001820206642151,1,0.0,0.5764113362545844,5,1,weighted_cka,27,84,0.4,4.0,1.6296296296296295,0.281729964815604,0.43252041815780073,1.2660350822104371,0.5242210293472743,0.377550186741806,0.0,0.5764113362545844,0.5764113362545844
hrl,multi,1,weighted_cka,0,1788,3.031715823898629,240.0,0.7034471035003662,0.7001927495002747,1,0.0,0.6063431647797259,5,1,weighted_cka,25,78,0.3864012251345635,4.0,1.6,0.2873620579639391,0.5689902215087784,1.2998307142748233,0.5277037896113469,0.3478290405397419,0.0,0.6063431647797259,0.6063431647797259
hrl,multi,1,weighted_cka,0,1789,3.0440048039602976,237.0,0.7030072212219238,0.7001417279243469,1,0.0,0.6088009607920596,5,1,weighted_cka,23,72,0.3727167932082615,4.0,1.391304347826087,0.2280581257119773,0.6089927834663539,1.2999438738548195,0.5229115314077061,0.3840984895194414,0.0,0.6088009607920596,0.6088009607920596
hrl,multi,1,weighted_cka,0,1790,3.0380364670159348,240.0,0.70464026927948,0.7023488879203796,1,0.0,0.6076072934031871,5,1,weighted_cka,24,108,0.32814017670569634,4.0,1.5833333333333333,0.2950688019818626,0.5315019385749472,1.2999388503299558,0.4573029905760776,0.4542238855530921,0.0,0.6076072934031871,0.6076072934031871
hrl,multi,1,weighted_cka,0,1791,3.013098193809505,246.0,0.7034072875976562,0.7005553841590881,1,0.0,0.6026196387619012,5,1,weighted_cka,24,108,0.31287080996244926,4.0,1.5,0.3134080330060678,0.5182400043718515,1.2949380162386221,0.528582530318119,0.3579296098748454,0.0,0.6026196387619012,0.6026196387619012
hrl,multi,1,weighted_cka,0,1792,3.046354101071904,234.0,0.7042329907417297,0.7004169225692749,1,0.0,0.609270820214381,5,1,weighted_cka,25,114,0.33378315765014055,4.0,1.52,0.2805458824115339,0.7252987720426171,1.2715285354730002,0.40232008215272785,0.36666082899202584,0.0,0.609270820214381,0.609270820214381
hrl,multi,1,weighted_cka,0,1793,3.086666292277542,227.0,0.7036201357841492,0.7013466954231262,1,0.0,0.6173332584555085,5,1,weighted_cka,22,102,0.33754897625388725,4.0,1.5454545454545454,0.3040059593886253,0.5822331098490393,1.2959469331585276,0.5241955845085903,0.38028470537276,0.0,0.6173332584555085,0.6173332584555085
hrl,multi,1,weighted_cka,0,1794,3.108492482656699,218.0,0.7051151394844055,0.7023488879203796,1,0.0,0.6216984965313399,5,1,weighted_cka,22,102,0.3564190979687339,4.0,1.5454545454545454,0.2916352258298429,0.6131952824471517,1.2994455399707947,0.5240738460961728,0.38014258831273756,0.0,0.6216984965313399,0.6216984965313399
hrl,multi,1,weighted_cka,0,1795,3.1032360006564983,222.0,0.7049030661582947,0.7023488879203796,1,0.0,0.6206472001312997,5,1,weighted_cka,22,96,0.34211911448972465,4.0,1.4545454545454546,0.35020579853607336,0.7449744913461617,1.1899578483494695,0.46750477006938296,0.3505930923554114,0.0,0.6206472001312997,0.6206472001312997
hrl,multi,1,weighted_cka,0,1796,3.027576075774616,244.0,0.7032774686813354,0.7009692192077637,1,0.0,0.6055152151549232,5,1,weighted_cka,25,120,0.3444343499101357,4.0,1.6,0.40046159011125554,0.5421423019124193,1.2762012645807115,0.36337448311317705,0.44539643605705337,0.0,0.6055152151549232,0.6055152151549232
hrl,multi,1,weighted_cka,0,1797,2.9867013541241163,252.0,0.7012621164321899,0.7002577781677246,1,0.0,0.5973402708248233,5,1,weighted_cka,25,102,0.3624097456860394,4.0,1.36,0.24842019966850046,0.5883770554400979,1.2762188869072122,0.5063040755910332,0.36738113651727317,0.0,0.5973402708248233,0.5973402708248233
hrl,multi,1,weighted_cka,0,1798,3.0232687188762926,241.0,0.7051427364349365,0.7022413611412048,1,0.0,0.6046537437752586,5,1,weighted_cka,24,72,0.35975771991712774,4.0,1.0,0.22998953253147175,0.591830753081478,1.2978807816467013,0.523761656757444,0.379805994859198,0.0,0.6046537437752586,0.6046537437752586
hrl,multi,1,weighted_cka,0,1799,3.0637515153170085,227.0,0.7054123878479004,0.7041677236557007,1,0.0,0.6127503030634018,5,1,weighted_cka,22,72,0.3520132005197066,4.0,1.0909090909090908,0.28887314744549797,0.6033915378628297,1.2932433930905534,0.5231401559249497,0.3551032809931784,0.0,0.6127503030634018,0.6127503030634018
hrl,multi,1,weighted_cka,0,1800,3.0845352420963597,223.0,0.7043031454086304,0.7023488879203796,1,0.0,0.616907048419272,5,1,weighted_cka,24,84,0.3562804002660917,4.0,1.1666666666666667,0.3142428641685837,0.5982480801027267,1.2965149910519829,0.5244011767136106,0.35112813005945637,0.0,0.616907048419272,0.616907048419272
hrl,multi,1,weighted_cka,0,1801,3.090485320485181,226.0,0.7039782404899597,0.7023488879203796,1,0.0,0.6180970640970364,5,1,weighted_cka,22,78,0.3619876188946171,4.0,1.1818181818181819,0.2950115790571435,0.5856314302384852,1.3049414430493487,0.5240459077286067,0.3808549604115978,0.0,0.6180970640970364,0.6180970640970364
hrl,multi,1,weighted_cka,0,1802,3.0895971198956382,226.0,0.7041606307029724,0.7023488879203796,1,0.0,0.6179194239791277,5,1,weighted_cka,22,102,0.3884045847697872,4.0,1.5454545454545454,0.30352489072528255,0.6023559364965184,1.2797256332524118,0.5239238946051336,0.3800667648162925,0.0,0.6179194239791277,0.6179194239791277
hrl,multi,1,weighted_cka,0,1803,3.059412522403795,231.0,0.7049518823623657,0.7023488879203796,1,0.0,0.6118825044807591,5,1,weighted_cka,23,102,0.3993380239190877,4.0,1.4782608695652173,0.2845837714110384,0.603531176527962,1.2931567720891906,0.49809094568109125,0.38004985669451335,0.0,0.6118825044807591,0.6118825044807591
hrl,multi,1,weighted_cka,0,1804,1.5865197923155425,300.0,0.5689674615859985,0.10000000149011612,0,0.0,0.31730395846310855,5,1,weighted_cka,30,156,0.3995671694855574,4.0,1.7333333333333334,-0.0595311713045449,0.0,1.3007561202608047,0.5193827680442481,-0.17408792468496492,0.0,0.31730395846310855,0.31730395846310855
hrl,multi,1,weighted_cka,0,1805,3.0204200930171488,244.0,0.7030831575393677,0.7012837529182434,1,0.0,0.6040840186034299,5,1,weighted_cka,25,120,0.3998593300828061,4.0,1.6,0.308917923958681,0.5707553770735029,1.280076147977459,0.4935943957701091,0.36707624823739743,0.0,0.6040840186034299,0.6040840186034299
hrl,multi,1,weighted_cka,0,1806,2.359320496438066,300.0,0.6741442084312439,0.5544537901878357,0,0.0,0.4718640992876133,5,1,weighted_cka,29,138,0.39999999999999997,4.0,1.5862068965517242,0.30491032777808136,0.11875085578637279,1.296450149289332,0.26816010129312023,0.37104906229116014,0.0,0.4718640992876133,0.4718640992876133
hrl,multi,1,weighted_cka,0,1807,2.9434102048040063,264.0,0.703066349029541,0.7008053064346313,1,0.0,0.5886820409608013,5,1,weighted_cka,26,120,0.3282145647123124,4.0,1.5384615384615385,0.23546482202457253,0.5628913315236567,1.273452182371169,0.48720015100407166,0.38440171788053695,0.0,0.5886820409608013,0.5886820409608013
hrl,multi,1,weighted_cka,0,1808,3.0844470509904482,227.0,0.7028115391731262,0.7005149126052856,1,0.0,0.6168894101980897,5,1,weighted_cka,24,108,0.3335320043632523,4.0,1.5,0.3017857311906409,0.5874459986966102,1.3008532319432122,0.5131341659277676,0.38122792323221794,0.0,0.6168894101980897,0.6168894101980897
hrl,multi,1,weighted_cka,0,1809,3.063177592831546,229.0,0.7037693858146667,0.7002162933349609,1,0.0,0.6126355185663093,5,1,weighted_cka,22,102,0.3436976978135784,4.0,1.5454545454545454,0.28575385403109244,0.5951335536087862,1.300808997380547,0.49767704474134355,0.38380414306977756,0.0,0.6126355185663093,0.6126355185663093
hrl,multi,1,weighted_cka,0,1810,3.088037715874895,228.0,0.7039526700973511,0.7021089196205139,1,0.0,0.617607543174979,5,1,weighted_cka,23,102,0.32962212226697296,4.0,1.4782608695652173,0.2913646580722997,0.5863854445209725,1.3005039997147394,0.5289392340593039,0.38084437950757993,0.0,0.617607543174979,0.617607543174979
hrl,multi,1,weighted_cka,0,1811,2.8907768027188303,276.0,0.7044199705123901,0.7025951743125916,1,0.0,0.5781553605437662,5,1,weighted_cka,27,120,0.4,4.0,1.4814814814814814,0.19227932788125307,0.5120123182262498,1.2887201575888318,0.5203042531474492,0.3774607458750469,0.0,0.5781553605437662,0.5781553605437662
hrl,multi,1,weighted_cka,0,1812,3.0899378434247398,225.0,0.7030782103538513,0.7005307078361511,1,0.0,0.6179875686849481,5,1,weighted_cka,22,96,0.4000000000000001,4.0,1.4545454545454546,0.31450159084358886,0.611202180309221,1.2858623496069774,0.35813665715616655,0.5202350655087865,0.0,0.6179875686849481,0.6179875686849481
hrl,multi,1,weighted_cka,0,1813,3.092314629975414,223.0,0.7030860185623169,0.7007765769958496,1,0.0,0.6184629259950829,5,1,weighted_cka,24,114,0.4,4.0,1.5833333333333333,0.30278100982558676,0.5995211866963653,1.2929234218532217,0.4402117659002541,0.45687724569998667,0.0,0.6184629259950829,0.6184629259950829
hrl,multi,1,weighted_cka,0,1814,3.1087223522997216,224.0,0.7037184238433838,0.7023488879203796,1,0.0,0.6217444704599443,5,1,weighted_cka,22,102,0.4,4.0,1.5454545454545454,0.2934441513834753,0.6177256743665783,1.3003051316421477,0.5205957309198564,0.3766516639876644,0.0,0.6217444704599443,0.6217444704599443
hrl,multi,1,weighted_cka,0,1815,3.059338485391186,234.0,0.704072117805481,0.7023488879203796,1,0.0,0.6118676970782373,5,1,weighted_cka,23,102,0.38454047567536986,4.0,1.4782608695652173,0.3001962266188347,0.5752416290380059,1.300902583075687,0.5289363119474145,0.3540617347112442,0.0,0.6118676970782373,0.6118676970782373
hrl,multi,1,weighted_cka,0,1816,3.124221119087654,219.0,0.7038840055465698,0.7010284662246704,1,0.0,0.6248442238175309,5,1,weighted_cka,23,108,0.3853993381378493,4.0,1.565217391304348,0.3266673429240472,0.5889153818963094,1.2997115646935997,0.5311946045213843,0.3777322250523138,0.0,0.6248442238175309,0.6248442238175309
hrl,multi,1,weighted_cka,0,1817,3.1169673854209674,222.0,0.7041903138160706,0.7018893957138062,1,0.0,0.6233934770841936,5,1,weighted_cka,21,96,0.38685940432406446,4.0,1.5238095238095237,0.30803031258709956,0.6024724379810503,1.3008961860109118,0.5249733387427403,0.38059511009916597,0.0,0.6233934770841936,0.6233934770841936
hrl,multi,1,weighted_cka,0,1818,3.0991186756411686,219.0,0.7020913362503052,0.7001927495002747,1,0.0,0.6198237351282339,5,1,weighted_cka,22,102,0.38763238054029586,4.0,1.5454545454545454,0.29878799991001137,0.7067926955185829,1.2992992072463965,0.44208244324102985,0.3521563297251486,0.0,0.6198237351282339,0.6198237351282339
hrl,multi,1,weighted_cka,0,1819,2.9254355637909097,270.0,0.703717827796936,0.7004062533378601,1,0.0,0.585087112758182,5,1,weighted_cka,27,126,0.35511167422453627,4.0,1.5555555555555556,0.28349125001410713,0.49382203874633046,1.2712189577566457,0.5113339339874218,0.36556938328640526,0.0,0.585087112758182,0.585087112758182
hrl,multi,1,weighted_cka,0,1820,2.891779891276829,277.0,0.7035471200942993,0.7021293044090271,1,0.0,0.5783559782553659,5,1,weighted_cka,29,138,0.3616897764211637,4.0,1.5862068965517242,0.30209278233622894,0.5382320840357823,1.3006574854003263,0.3789019745648982,0.3718955649395938,0.0,0.5783559782553659,0.5783559782553659
hrl,multi,1,weighted_cka,0,1821,3.0619751258181847,231.0,0.7026548385620117,0.7005149126052856,1,0.0,0.612395025163637,5,1,weighted_cka,23,108,0.3613600429885099,4.0,1.565217391304348,0.2960567203890532,0.5747753649093209,1.2858609113702548,0.5240960308401844,0.38118609830937195,0.0,0.612395025163637,0.612395025163637
hrl,multi,1,weighted_cka,0,1822,3.1001419031395914,225.0,0.7029529809951782,0.7007670402526855,1,0.0,0.6200283806279183,5,1,weighted_cka,21,96,0.3534397442596557,4.0,1.5238095238095237,0.3054494370708125,0.6028237122353165,1.2815309084225444,0.5287486209664493,0.38158922444446935,0.0,0.6200283806279183,0.6200283806279183
hrl,multi,1,weighted_cka,0,1823,3.1001124475076782,223.0,0.7050909996032715,0.7023488879203796,1,0.0,0.6200224895015357,5,1,weighted_cka,23,108,0.3114079047682721,4.0,1.565217391304348,0.3076386022064834,0.7006267758249304,1.3022517343265934,0.4379870840748771,0.3516082510747946,0.0,0.6200224895015357,0.6200224895015357
hrl,multi,1,weighted_cka,0,1824,3.0901032024762523,226.0,0.7031746506690979,0.7023158669471741,1,0.0,0.6180206404952504,5,1,weighted_cka,23,102,0.324957284039007,4.0,1.4782608695652173,0.31697866213279474,0.6192413783255032,1.2928149531884117,0.5091089443154632,0.35195926451408005,0.0,0.6180206404952504,0.6180206404952504
hrl,multi,1,weighted_cka,0,1825,3.0580357837338052,231.0,0.7042118310928345,0.7023488879203796,1,0.0,0.611607156746761,5,1,weighted_cka,22,102,0.30619660504875873,4.0,1.5454545454545454,0.32841745395580063,0.5721003610133192,1.2978174343220887,0.5228701183041556,0.3368304161384416,0.0,0.611607156746761,0.611607156746761
hrl,multi,1,weighted_cka,0,1826,3.0282756649304634,239.0,0.7034665942192078,0.7012676000595093,1,0.0,0.6056551329860927,5,1,weighted_cka,24,114,0.3132356419485106,4.0,1.5833333333333333,0.2847659603848005,0.5389111770101006,1.3033818614417685,0.5206755376101936,0.38054112848360083,0.0,0.6056551329860927,0.6056551329860927
hrl,multi,1,weighted_cka,0,1827,2.4045658823182734,300.0,0.6996837258338928,0.6777911186218262,0,0.0,0.4809131764636548,5,1,weighted_cka,30,102,0.3841573268214127,4.0,1.1333333333333333,0.03628820343408695,0.16964116098853976,1.2964767344314603,0.5251480843872122,0.3770116990769747,0.0,0.4809131764636548,0.4809131764636548
hrl,multi,1,weighted_cka,0,1828,2.8459231666701656,289.0,0.7030311822891235,0.7000696659088135,1,0.0,0.5691846333340332,5,1,weighted_cka,30,114,0.385824976629685,4.0,1.2666666666666666,0.0894567997558331,0.5815220616233999,1.2455005653752012,0.45350537294428783,0.4759383669714442,0.0,0.5691846333340332,0.5691846333340332
hrl,multi,1,weighted_cka,0,1829,3.108079636969908,219.0,0.702994704246521,0.7004163861274719,1,0.0,0.6216159273939816,5,1,weighted_cka,21,96,0.3865337277982008,4.0,1.5238095238095237,0.3571828392059542,0.5567198872696607,1.2998048588265663,0.5242903086873701,0.3700817429803573,0.0,0.6216159273939816,0.6216159273939816
hrl,multi,1,weighted_cka,0,1830,3.092166425113565,222.0,0.7044805884361267,0.7023488879203796,1,0.0,0.6184332850227131,5,1,weighted_cka,23,108,0.3850374753313342,4.0,1.565217391304348,0.3097676578809041,0.6159387645162641,1.298371863922104,0.5169335751379839,0.35115456365630954,0.0,0.6184332850227131,0.6184332850227131
hrl,multi,1,weighted_cka,0,1831,3.09644739948699,224.0,0.7038558125495911,0.7016931772232056,1,0.0,0.6192894798973981,5,1,weighted_cka,22,96,0.3339484247347017,4.0,1.4545454545454546,0.28874658051153523,0.6022884965799747,1.2787856006394138,0.5466160654141566,0.3800106563419103,0.0,0.6192894798973981,0.6192894798973981
hrl,multi,1,weighted_cka,0,1832,3.1069283582439517,219.0,0.7034362554550171,0.7023488879203796,1,0.0,0.6213856716487904,5,1,weighted_cka,22,102,0.3222922643937666,4.0,1.5454545454545454,0.3144970529437996,0.6322790982639416,1.2835863007563164,0.5230964902839622,0.35346941599593257,0.0,0.6213856716487904,0.6213856716487904
hrl,multi,1,weighted_cka,0,1833,3.104339890944188,221.0,0.7046610116958618,0.7023488879203796,1,0.0,0.6208679781888378,5,1,weighted_cka,22,102,0.3378338115150133,4.0,1.5454545454545454,0.30113822555448855,0.6069088221965356,1.2959626551815306,0.5159786300319246,0.3843515579797094,0.0,0.6208679781888378,0.6208679781888378
hrl,multi,1,weighted_cka,0,1834,2.9927563753576183,248.0,0.7047398686408997,0.7023488879203796,1,0.0,0.5985512750715237,5,1,weighted_cka,25,120,0.30752779462858226,4.0,1.6,0.2918312237188656,0.5152040437947815,1.2998452978641142,0.5217600311706773,0.3641157788091804,0.0,0.5985512750715237,0.5985512750715237
hrl,multi,1,weighted_cka,0,1835,3.0896009582201356,222.0,0.7050554156303406,0.7023488879203796,1,0.0,0.6179201916440272,5,1,weighted_cka,21,96,0.3444749547840809,4.0,1.5238095238095237,0.2880452996077947,0.6140043132291174,1.2997104457313542,0.523982200287748,0.3638586993641219,0.0,0.6179201916440272,0.6179201916440272
hrl,multi,1,weighted_cka,0,1836,3.0149136442637596,245.0,0.7047932147979736,0.7023488879203796,1,0.0,0.6029827288527521,5,1,weighted_cka,25,114,0.35324206718659446,4.0,1.52,0.3035740392779116,0.603338141705375,1.2993900954457347,0.4295988467764108,0.3790125210583281,0.0,0.6029827288527521,0.6029827288527521
hrl,multi,1,weighted_cka,0,1837,3.0692239899460825,233.0,0.7046804428100586,0.7023488879203796,1,0.0,0.6138447979892165,5,1,weighted_cka,24,114,0.3298631007798917,4.0,1.5833333333333333,0.29500024838943495,0.5751523513589635,0.7903258572128397,1.0277425097443627,0.38100302324048235,0.0,0.6138447979892165,0.6138447979892165
hrl,multi,1,weighted_cka,0,1838,3.1158400161061133,217.0,0.703887939453125,0.7001756429672241,1,0.0,0.6231680032212227,5,1,weighted_cka,22,102,0.3477411339144291,4.0,1.5454545454545454,0.3964086979512939,0.6130887509025632,1.276461922370392,0.46618747895630064,0.36369316592556417,0.0,0.6231680032212227,0.6231680032212227
hrl,multi,1,weighted_cka,0,1839,3.119350347507249,218.0,0.7032173871994019,0.7001757621765137,1,0.0,0.6238700695014499,5,1,weighted_cka,20,90,0.3670566731373141,4.0,1.5,0.30285118897608476,0.6074179594842716,1.3000336680775506,0.5242086771577595,0.38483885381158317,0.0,0.6238700695014499,0.6238700695014499
hrl,multi,1,weighted_cka,0,1840,3.082226913186953,229.0,0.7036569714546204,0.7023488879203796,1,0.0,0.6164453826373907,5,1,weighted_cka,24,114,0.3934276919456662,4.0,1.5833333333333333,0.30190039239550237,0.5872659478147396,1.3003710300177334,0.5242911481000482,0.36839839485893017,0.0,0.6164453826373907,0.6164453826373907
hrl,multi,1,weighted_cka,0,1841,3.0001121206753,248.0,0.7044194340705872,0.7023488879203796,1,0.0,0.6000224241350601,5,1,weighted_cka,26,120,0.3905338565530893,4.0,1.5384615384615385,0.28390456115175033,0.613873857508879,1.3002323670294134,0.46542208098751126,0.33667925399774673,0.0,0.6000224241350601,0.6000224241350601
hrl,multi,1,weighted_cka,0,1842,2.9313153574703597,269.0,0.7050400376319885,0.7023488879203796,1,0.0,0.586263071494072,5,1,weighted_cka,26,126,0.3381128101088808,4.0,1.3461538461538463,0.31038785067084235,0.5867926437305285,1.2827934554116216,0.4313528701900503,0.31998853746731754,0.0,0.586263071494072,0.586263071494072
hrl,multi,1,weighted_cka,0,1843,3.097599737443218,224.0,0.7037609219551086,0.7023488879203796,1,0.0,0.6195199474886437,5,1,weighted_cka,22,102,0.3431730914342425,4.0,1.3181818181818181,0.31226830118702487,0.6056282116305082,1.2992493471461346,0.5200196491468231,0.3604342283327277,0.0,0.6195199474886437,0.6195199474886437
hrl,multi,1,weighted_cka,0,1844,3.0882650693107268,225.0,0.7054508924484253,0.7042064070701599,1,0.0,0.6176530138621454,5,1,weighted_cka,23,102,0.3307948611646595,4.0,1.2608695652173914,0.2803277698061428,0.6242073349393903,1.3005428860629324,0.5163732595210894,0.36681381898117243,0.0,0.6176530138621454,0.6176530138621454
hrl,multi,1,weighted_cka,0,1845,3.1053080185065616,221.0,0.7038241028785706,0.702131450176239,1,0.0,0.6210616037013124,5,1,weighted_cka,22,102,0.34743280525118164,4.0,1.4090909090909092,0.3519312607577303,0.5777109315665437,1.3005997076903002,0.5238445074465125,0.3512216110454755,0.0,0.6210616037013124,0.6210616037013124
hrl,multi,1,weighted_cka,0,1846,3.11150817164254,221.0,0.7045714855194092,0.7023488879203796,1,0.0,0.622301634328508,5,1,weighted_cka,22,102,0.383009059311363,4.0,1.5454545454545454,0.3061066343725469,0.6066989293294026,1.300808997380547,0.5211130978977306,0.3767805126623133,0.0,0.622301634328508,0.622301634328508
hrl,multi,1,weighted_cka,0,1847,2.8134256122032943,294.0,0.704675018787384,0.7012636065483093,1,0.0,0.5626851224406589,5,1,weighted_cka,29,138,0.34079576269794604,4.0,1.5862068965517242,0.39744741289794894,0.3619902273992037,1.299408162266947,0.4175385285291703,0.33704128111002496,0.0,0.5626851224406589,0.5626851224406589
hrl,multi,1,weighted_cka,0,1848,2.9820390859564054,254.0,0.7046926617622375,0.7023488879203796,1,0.0,0.5964078171912812,5,1,weighted_cka,26,126,0.3348628204780153,4.0,1.6153846153846154,0.31176485498598766,0.5943253439590334,1.3058560287532162,0.4379082752675748,0.33218458299059406,0.0,0.5964078171912812,0.5964078171912812
hrl,multi,1,weighted_cka,0,1849,3.083410136606019,224.0,0.7029435038566589,0.7004686594009399,1,0.0,0.6166820273212039,5,1,weighted_cka,22,102,0.3328457276501734,4.0,1.5454545454545454,0.26292394257296103,0.6557088094814679,1.299549079870805,0.5098238138012819,0.35540449087950393,0.0,0.6166820273212039,0.6166820273212039
hrl,multi,1,weighted_cka,0,1850,3.0462180700379964,239.0,0.7040821313858032,0.7023488879203796,1,0.0,0.6092436140075994,5,1,weighted_cka,24,108,0.3332905473656005,4.0,1.5,0.3021691279181977,0.6126651633349246,1.2320299726203081,0.5261355123766697,0.3732182937878969,0.0,0.6092436140075994,0.6092436140075994
hrl,multi,1,weighted_cka,0,1851,3.0883691055401856,225.0,0.704452633857727,0.7023488879203796,1,0.0,0.6176738211080373,5,1,weighted_cka,23,108,0.33657652055849707,4.0,1.565217391304348,0.29276738119823853,0.6142438830272293,1.2989110643025485,0.5242676390735431,0.3581791379386267,0.0,0.6176738211080373,0.6176738211080373
hrl,multi,1,weighted_cka,0,1852,3.116517742602008,220.0,0.7052164673805237,0.7023488879203796,1,0.0,0.6233035485204017,5,1,weighted_cka,22,102,0.4,4.0,1.5454545454545454,0.2933482751368428,0.6491629555211401,1.300902583075687,0.5244822642817161,0.3486216645866224,0.0,0.6233035485204017,0.6233035485204017
hrl,multi,1,weighted_cka,0,1853,3.1029444442439114,220.0,0.7036096453666687,0.7004686594009399,1,0.0,0.6205888888487824,5,1,weighted_cka,21,96,0.4000000000000001,4.0,1.5238095238095237,0.2876234541679732,0.6101500068879685,1.3003935301890595,0.5170447420059935,0.38773271099291734,0.0,0.6205888888487824,0.6205888888487824
hrl,multi,1,weighted_cka,0,1854,3.050930836531256,231.0,0.7033024430274963,0.701991617679596,1,0.0,0.6101861673062513,5,1,weighted_cka,24,102,0.4,4.0,1.4166666666666667,0.23956776985846215,0.6246318360026925,1.3001906677596269,0.5199281983840846,0.3666123645263905,0.0,0.6101861673062513,0.6101861673062513
hrl,multi,1,weighted_cka,0,1855,3.0583177779319763,233.0,0.7039396166801453,0.7010043859481812,1,0.0,0.6116635555863954,5,1,weighted_cka,22,102,0.4,4.0,1.5454545454545454,0.27083352770657426,0.5922666604905388,1.2974333075047468,0.51641823400298,0.381366048227137,0.0,0.6116635555863954,0.6116635555863954
hrl,multi,1,weighted_cka,0,1856,3.0864120740993664,226.0,0.7040550708770752,0.7023488879203796,1,0.0,0.6172824148198733,5,1,weighted_cka,24,90,0.4,4.0,1.5,0.2977836451218463,0.5852951799482106,1.3007843090668318,0.5242525538015178,0.37829638616096045,0.0,0.6172824148198733,0.6172824148198733
hrl,multi,1,weighted_cka,0,1857,3.0978011786980484,224.0,0.7044102549552917,0.7023488879203796,1,0.0,0.6195602357396097,5,1,weighted_cka,21,72,0.4000000000000001,4.0,1.5238095238095237,0.2925693988380662,0.6124661539616062,1.3065948815997688,0.5052126570376566,0.3809580872609512,0.0,0.6195602357396097,0.6195602357396097
hrl,multi,1,weighted_cka,0,1858,3.0940817150874924,223.0,0.7031846046447754,0.7000696659088135,1,0.0,0.6188163430174985,5,1,weighted_cka,24,84,0.4,4.0,1.5833333333333333,0.28964355978567613,0.609112193731591,1.3006388750141484,0.42313740911378395,0.4715496774422935,0.0,0.6188163430174985,0.6188163430174985
hrl,multi,1,weighted_cka,0,1859,3.0706926912323675,233.0,0.7027556896209717,0.7007877826690674,1,0.0,0.6141385382464736,5,1,weighted_cka,23,72,0.4000000000000001,4.0,1.4782608695652173,0.2948200030202133,0.5752063160662072,1.2903555084271354,0.5346329626082805,0.37567790111053173,0.0,0.6141385382464736,0.6141385382464736
hrl,multi,1,weighted_cka,0,1860,3.0803896711673393,230.0,0.7044225931167603,0.7023488879203796,1,0.0,0.6160779342334679,5,1,weighted_cka,22,84,0.39464813908904006,4.0,1.5454545454545454,0.2903844542893929,0.5908783714408054,1.295566548318078,0.5255119122848845,0.3780483848341791,0.0,0.6160779342334679,0.6160779342334679
hrl,multi,1,weighted_cka,0,1861,3.1164005802478356,220.0,0.7046772837638855,0.7023488879203796,1,0.0,0.6232801160495672,5,1,weighted_cka,23,102,0.37796292566075307,4.0,1.4782608695652173,0.40311181324194684,0.6100166576034388,1.2973278184286317,0.45148049456113937,0.3544637964126795,0.0,0.6232801160495672,0.6232801160495672
hrl,multi,1,weighted_cka,0,1862,3.0802073550318734,224.0,0.7043327689170837,0.7001625895500183,1,0.0,0.6160414710063747,5,1,weighted_cka,22,102,0.38237034052860247,4.0,1.5454545454545454,0.28333722238302284,0.6175623919945209,1.2880446699075399,0.5239546233606523,0.36730844738613805,0.0,0.6160414710063747,0.6160414710063747
hrl,multi,1,weighted_cka,0,1863,2.376064520360556,300.0,0.6926742792129517,0.6465780138969421,0,0.0,0.47521290407211125,5,1,weighted_cka,30,150,0.3700295788986242,4.0,1.6666666666666667,0.2940421085981033,-0.13016434387598957,1.300596135980915,0.531119523866674,0.38047109579085364,0.0,0.47521290407211125,0.47521290407211125
hrl,multi,1,weighted_cka,0,1864,2.9252353214383113,267.0,0.7017478942871094,0.7001815438270569,1,0.0,0.5850470642876624,5,1,weighted_cka,27,126,0.39999999999999997,4.0,1.5555555555555556,0.29798358936376457,0.4370279943634282,1.2883630622038615,0.5204104533281023,0.3814502221791553,0.0,0.5850470642876624,0.5850470642876624
hrl,multi,1,weighted_cka,0,1865,3.0968141422011346,223.0,0.7049704790115356,0.7023488879203796,1,0.0,0.619362828440227,5,1,weighted_cka,22,102,0.4,4.0,1.5454545454545454,0.304362665451561,0.610419700427912,1.295346273479983,0.4376405485491267,0.4490449542925524,0.0,0.619362828440227,0.619362828440227
hrl,multi,1,weighted_cka,0,1866,2.1589128427498494,300.0,0.5943745970726013,0.1598152369260788,0,0.0,0.43178256854997,5,1,weighted_cka,29,78,0.4,4.0,0.896551724137931,-0.09500456494384024,0.07893418158590793,1.2489018105920402,0.573208024854306,0.352873390661436,0.0,0.43178256854997,0.43178256854997
hrl,multi,1,weighted_cka,0,1867,3.0792311007083177,228.0,0.7030845880508423,0.7002461552619934,1,0.0,0.6158462201416637,5,1,weighted_cka,23,102,0.4,4.0,1.4782608695652173,0.2921213921142043,0.6114297412969171,1.2985285913087425,0.49634451235970467,0.38080686362874977,0.0,0.6158462201416637,0.6158462201416637
hrl,multi,1,weighted_cka,0,1868,3.105401504703436,221.0,0.7029951214790344,0.7023488879203796,1,0.0,0.6210803009406873,5,1,weighted_cka,23,108,0.4,4.0,1.565217391304348,0.2902272019958072,0.6086167496368288,1.3003040027320383,0.43765804696525434,0.46859550337350797,0.0,0.6210803009406873,0.6210803009406873
hrl,multi,1,weighted_cka,0,1869,3.0475135525338106,232.0,0.7043209075927734,0.7023371458053589,1,0.0,0.6095027105067622,5,1,weighted_cka,24,102,0.4,4.0,1.4166666666666667,0.23457043690700075,0.6114226646577007,1.3007042337190358,0.5242621774487196,0.37655403980135443,0.0,0.6095027105067622,0.6095027105067622
hrl,multi,1,weighted_cka,0,1870,3.0987248038344757,222.0,0.7037442326545715,0.7022605538368225,1,0.0,0.6197449607668952,5,1,weighted_cka,22,102,0.4,4.0,1.5454545454545454,0.28601600915752345,0.601318988627754,1.3002268158302757,0.5294400268713942,0.3817229633475289,0.0,0.6197449607668952,0.6197449607668952
hrl,multi,1,weighted_cka,0,1871,3.0984595797905228,220.0,0.7036627531051636,0.7000288367271423,1,0.0,0.6196919159581047,5,1,weighted_cka,21,96,0.4000000000000001,4.0,1.5238095238095237,0.2850488562820719,0.6134956517890094,1.2985011368505655,0.5238732808320782,0.37754065403679843,0.0,0.6196919159581047,0.6196919159581047
hrl,multi,1,weighted_cka,0,1872,3.070484778109209,228.0,0.7045038938522339,0.7032771706581116,1,0.0,0.6140969556218419,5,1,weighted_cka,23,102,0.4,4.0,1.4782608695652173,0.27175316758736145,0.5991943154064937,1.2953233665535224,0.4369485535244456,0.4672653750373864,0.0,0.6140969556218419,0.6140969556218419
hrl,multi,1,weighted_cka,0,1873,3.1080345283791964,219.0,0.7046762108802795,0.7023488879203796,1,0.0,0.6216069056758393,5,1,weighted_cka,21,96,0.4000000000000001,4.0,1.5238095238095237,0.2915232458125392,0.6125506891803815,1.2995370668573303,0.5238972579645923,0.38052626856435373,0.0,0.6216069056758393,0.6216069056758393
hrl,multi,1,weighted_cka,0,1874,3.089493891893288,225.0,0.7043524980545044,0.7025571465492249,1,0.0,0.6178987783786578,5,1,weighted_cka,24,108,0.4,4.0,1.5,0.4102928776342886,0.5884546088026835,1.3012750810226423,0.4504009862830861,0.3390703381505882,0.0,0.6178987783786578,0.6178987783786578
hrl,multi,1,weighted_cka,0,1875,3.0424682306718447,233.0,0.7044323682785034,0.7023488879203796,1,0.0,0.608493646134369,5,1,weighted_cka,22,102,0.4,4.0,1.5454545454545454,0.3019821956385275,0.5677599891420685,1.3002302615346268,0.5200953471329993,0.3524004372236231,0.0,0.608493646134369,0.608493646134369
hrl,multi,1,weighted_cka,0,1876,3.1038594186302495,221.0,0.7055078744888306,0.7036734223365784,1,0.0,0.62077188372605,5,1,weighted_cka,23,102,0.4,4.0,1.4782608695652173,0.2841513337295327,0.6151197490217163,1.2742815389024615,0.5442486030551953,0.3860581939213443,0.0,0.62077188372605,0.62077188372605
hrl,multi,1,weighted_cka,0,1877,3.1131854416645353,220.0,0.7042436599731445,0.701363742351532,1,0.0,0.6226370883329071,5,1,weighted_cka,22,102,0.4,4.0,1.5454545454545454,0.3182803324069827,0.7124549141400492,1.2990901171975127,0.44139661893781146,0.34196345898217984,0.0,0.6226370883329071,0.6226370883329071
hrl,multi,1,weighted_cka,0,1878,3.0813121680551254,228.0,0.7047412991523743,0.7023488879203796,1,0.0,0.6162624336110252,5,1,weighted_cka,22,102,0.4,4.0,1.5454545454545454,0.2983846282239828,0.5878646146315148,1.2999480393987612,0.521013622635044,0.3741012631658231,0.0,0.6162624336110252,0.6162624336110252
hrl,multi,1,weighted_cka,0,1879,2.924324115060284,270.0,0.7041933536529541,0.7023488879203796,1,0.0,0.5848648230120569,5,1,weighted_cka,29,138,0.39999999999999997,4.0,1.5862068965517242,0.2972491446025669,0.4214468686013776,1.300264037694025,0.5248615234559401,0.38050254070637485,0.0,0.5848648230120569,0.5848648230120569
hrl,multi,1,weighted_cka,0,1880,3.0992532898611995,222.0,0.7053064107894897,0.7023488879203796,1,0.0,0.61985065797224,5,1,weighted_cka,21,96,0.4000000000000001,4.0,1.5238095238095237,0.27839982787944234,0.6213544416795483,1.2984137950912116,0.5237822428280486,0.3773029823829492,0.0,0.61985065797224,0.61985065797224
hrl,multi,1,weighted_cka,0,1881,2.94333345045529,263.0,0.7037573456764221,0.7023488879203796,1,0.0,0.5886666900910581,5,1,weighted_cka,26,114,0.4,4.0,1.4615384615384615,0.26829440572467855,0.4948511989712713,1.2988406053259967,0.5239075560639611,0.35743968436938295,0.0,0.5886666900910581,0.5886666900910581
hrl,multi,1,weighted_cka,0,1882,3.0033756879411144,250.0,0.704565167427063,0.7023488879203796,1,0.0,0.600675137588223,5,1,weighted_cka,24,108,0.4,4.0,1.5,0.240258241715608,0.5563803470372221,1.3039438483752308,0.5253688921621068,0.3774243586509473,0.0,0.600675137588223,0.600675137588223
hrl,multi,1,weighted_cka,0,1883,3.067644692177752,233.0,0.7040723562240601,0.7023488879203796,1,0.0,0.6135289384355505,5,1,weighted_cka,26,120,0.3914102838124738,4.0,1.5384615384615385,0.2836163307782844,0.5730301536747718,1.3067375259920953,0.5236964692994951,0.38056421243310606,0.0,0.6135289384355505,0.6135289384355505
hrl,multi,1,weighted_cka,0,1884,3.106584546628174,222.0,0.7049462795257568,0.7028462290763855,1,0.0,0.6213169093256349,5,1,weighted_cka,21,96,0.38926285476559225,4.0,1.5238095238095237,0.38854135002809914,0.6141544031379743,1.3005671963542698,0.44799743173364537,0.35532416537418604,0.0,0.6213169093256349,0.6213169093256349
hrl,multi,1,weighted_cka,0,1885,2.9985158954023996,249.0,0.7041587829589844,0.7023488879203796,1,0.0,0.59970317908048,5,1,weighted_cka,24,114,0.3909581934868145,4.0,1.5833333333333333,0.3019022666749078,0.4945663165252988,1.2992098870668558,0.4376478306367352,0.46518959449860253,0.0,0.59970317908048,0.59970317908048
hrl,multi,1,weighted_cka,0,1886,3.088454364305652,225.0,0.7034816741943359,0.7017797827720642,1,0.0,0.6176908728611304,5,1,weighted_cka,24,108,0.3880698386284358,4.0,1.5,0.3999533449796144,0.6075135816326364,1.3005784368356688,0.44009556076955036,0.3403134400881826,0.0,0.6176908728611304,0.6176908728611304
hrl,multi,1,weighted_cka,0,1887,3.110695617463642,220.0,0.7042077779769897,0.7023488879203796,1,0.0,0.6221391234927285,5,1,weighted_cka,20,90,0.39141028381247384,4.0,1.5,0.3109329052011016,0.713084643614944,1.3000121948057783,0.4339669565351213,0.3526989173066976,0.0,0.6221391234927285,0.6221391234927285
hrl,multi,1,weighted_cka,0,1888,3.0969444713981926,222.0,0.705140233039856,0.7035074234008789,1,0.0,0.6193888942796386,5,1,weighted_cka,24,108,0.3977604670000639,4.0,1.5,0.28286524814809666,0.6116260332455857,1.2956391831608487,0.5291035861838608,0.37771042065980137,0.0,0.6193888942796386,0.6193888942796386
hrl,multi,1,weighted_cka,0,1889,3.1103220750258758,218.0,0.7048905491828918,0.7023488879203796,1,0.0,0.6220644150051753,5,1,weighted_cka,22,102,0.3981029838118189,4.0,1.5454545454545454,0.295101281390991,0.6126817063596098,1.298386774512939,0.5239308197451754,0.3802214930171612,0.0,0.6220644150051753,0.6220644150051753
hrl,multi,1,weighted_cka,0,1890,3.116108380713033,219.0,0.7037011981010437,0.7004686594009399,1,0.0,0.6232216761426067,5,1,weighted_cka,21,96,0.39798442030005754,4.0,1.5238095238095237,0.30411984400870273,0.603031260148622,1.3007878101412205,0.5242742264345287,0.38389523997995995,0.0,0.6232216761426067,0.6232216761426067
hrl,multi,1,weighted_cka,0,1891,3.024681520483528,242.0,0.7022846937179565,0.7007054090499878,1,0.0,0.6049363040967057,5,1,weighted_cka,23,108,0.39686465380008956,4.0,1.565217391304348,0.29986117235875276,0.5147658565978707,1.3008087339326737,0.5279575285632162,0.3812882290310153,0.0,0.6049363040967057,0.6049363040967057
hrl,multi,1,weighted_cka,0,1892,3.0815253658915887,226.0,0.7040582895278931,0.7023488879203796,1,0.0,0.6163050731783178,5,1,weighted_cka,24,108,0.4,4.0,1.5,0.2905440953417273,0.6131348548624663,1.300808997380547,0.5033680417987051,0.3736693765081435,0.0,0.6163050731783178,0.6163050731783178
hrl,multi,1,weighted_cka,0,1893,3.108041665563646,221.0,0.7034160494804382,0.7001625895500183,1,0.0,0.6216083331127293,5,1,weighted_cka,22,102,0.4,4.0,1.5454545454545454,0.300082738735713,0.6052895308211445,1.2951273577851241,0.4385064592170528,0.46903557900461224,0.0,0.6216083331127293,0.6216083331127293
hrl,multi,1,weighted_cka,0,1894,3.050036314053475,235.0,0.7039895057678223,0.7032123804092407,1,0.0,0.6100072628106952,5,1,weighted_cka,24,108,0.4,4.0,1.5,0.3009556255214847,0.5689592035112435,1.2994722376093266,0.5239705365966364,0.3566787108147846,0.0,0.6100072628106952,0.6100072628106952
hrl,multi,1,weighted_cka,0,1895,3.0444183622392,233.0,0.7044519186019897,0.7023488879203796,1,0.0,0.60888367244784,5,1,weighted_cka,23,108,0.4,4.0,1.565217391304348,0.2686654990083188,0.5801555747664532,1.299691804327769,0.5240783263398333,0.3718271577968261,0.0,0.60888367244784,0.60888367244784
hrl,multi,1,weighted_cka,0,1896,3.1020357802458554,221.0,0.7038981914520264,0.7011751532554626,1,0.0,0.6204071560491712,5,1,weighted_cka,21,96,0.4000000000000001,4.0,1.5238095238095237,0.2922894020665698,0.6122566191297955,1.3002691985671406,0.5161732462946237,0.38104731418772636,0.0,0.6204071560491712,0.6204071560491712
hrl,multi,1,weighted_cka,0,1897,3.0810074982492357,230.0,0.7035394906997681,0.7004476189613342,1,0.0,0.6162014996498473,5,1,weighted_cka,24,108,0.4,4.0,1.5,0.3798344244564504,0.6128685064141172,1.2720216110453473,0.4594034302218787,0.35687952611144275,0.0,0.6162014996498473,0.6162014996498473
hrl,multi,1,weighted_cka,0,1898,3.096182370093359,224.0,0.7025060653686523,0.7009028792381287,1,0.0,0.6192364740186719,5,1,weighted_cka,21,96,0.4000000000000001,4.0,1.5238095238095237,0.2863517226623953,0.6089075800850986,1.3000085994786348,0.5249777557146734,0.37593671215255736,0.0,0.6192364740186719,0.6192364740186719
hrl,multi,1,weighted_cka,0,1899,3.1124700143577053,217.0,0.7038406729698181,0.7023488879203796,1,0.0,0.6224940028715411,5,1,weighted_cka,23,108,0.4,4.0,1.565217391304348,0.30705741285509425,0.6384114874482619,1.2947700238069517,0.3983496315595693,0.4738814586878287,0.0,0.6224940028715411,0.6224940028715411
hrl,multi,1,weighted_cka,0,1900,3.1011107924906525,220.0,0.703883707523346,0.7012379169464111,1,0.0,0.6202221584981306,5,1,weighted_cka,22,96,0.4000000000000001,4.0,1.4545454545454546,0.26905985674128163,0.6272379548572934,1.300688634065911,0.524162081808783,0.3799622650173841,0.0,0.6202221584981306,0.6202221584981306
hrl,multi,1,weighted_cka,0,1901,3.1046321536614547,221.0,0.7049412727355957,0.7024086713790894,1,0.0,0.620926430732291,5,1,weighted_cka,22,102,0.4,4.0,1.5454545454545454,0.28727866488741705,0.6119453540705143,1.3008087339326737,0.524264621471986,0.3803347792988642,0.0,0.620926430732291,0.620926430732291
hrl,multi,1,weighted_cka,0,1902,3.1072528676989593,218.0,0.7040220499038696,0.7020902633666992,1,0.0,0.6214505735397919,5,1,weighted_cka,22,102,0.4,4.0,1.5454545454545454,0.30818741039274017,0.6274629395585506,1.298377225371543,0.5252015485712326,0.34802374380489337,0.0,0.6214505735397919,0.6214505735397919
hrl,multi,1,weighted_cka,0,1903,3.0611591268642497,229.0,0.7033246755599976,0.7020902633666992,1,0.0,0.61223182537285,5,1,weighted_cka,23,102,0.4,4.0,1.4782608695652173,0.2920064946500933,0.5809240793343632,1.2932072959588838,0.5151430604071937,0.3798781965137163,0.0,0.61223182537285,0.61223182537285
hrl,multi,1,weighted_cka,0,1904,3.0836243054529247,229.0,0.7029414176940918,0.7012379169464111,1,0.0,0.616724861090585,5,1,weighted_cka,23,102,0.4,4.0,1.4782608695652173,0.2745747600684407,0.6034534358894451,1.2999185742442494,0.4375758967180735,0.46810163853271647,0.0,0.616724861090585,0.616724861090585
hrl,multi,1,weighted_cka,0,1905,2.8042592994130495,296.0,0.703083872795105,0.7010480165481567,1,0.0,0.56085185988261,5,1,weighted_cka,29,144,0.39999999999999997,4.0,1.6551724137931034,0.2919373902668594,0.31398812982164664,1.300808997380547,0.5247807308733462,0.37274405107065095,0.0,0.56085185988261,0.56085185988261
hrl,multi,1,weighted_cka,0,1906,3.119203763472279,217.0,0.7046769261360168,0.7023488879203796,1,0.0,0.6238407526944558,5,1,weighted_cka,22,102,0.4,4.0,1.5454545454545454,0.3522725204938905,0.6820555985569953,1.2968767179623244,0.4374615358356385,0.35053739062343076,0.0,0.6238407526944558,0.6238407526944558
hrl,multi,1,weighted_cka,0,1907,2.9737418393985413,253.0,0.7039346694946289,0.7023488879203796,1,0.0,0.5947483678797084,5,1,weighted_cka,24,90,0.4000000000000001,4.0,1.25,0.14889972135511903,0.657463698862586,1.2987744766501708,0.5239015888473949,0.3447023536832712,0.0,0.5947483678797084,0.5947483678797084
hrl,multi,1,weighted_cka,0,1908,2.4136708696372793,300.0,0.7003124356269836,0.6867695450782776,0,0.0,0.48273417392745593,5,1,weighted_cka,31,120,0.4,4.0,1.2903225806451613,0.0777967273630053,0.14112207232370544,1.3005976624768225,0.5241545977151253,0.3699998097586212,0.0,0.48273417392745593,0.48273417392745593
hrl,multi,1,weighted_cka,0,1909,2.3682133972764845,300.0,0.6877726316452026,0.6278072595596313,0,0.0,0.473642679455297,5,1,weighted_cka,31,102,0.4,4.0,1.096774193548387,-0.031255286384781755,0.2011985616306773,1.300502192716114,0.5226182753932661,0.3751496539212093,0.0,0.473642679455297,0.473642679455297
hrl,multi,1,weighted_cka,0,1910,3.108047759999412,219.0,0.7042439579963684,0.7023488879203796,1,0.0,0.6216095519998824,5,1,weighted_cka,21,96,0.4000000000000001,4.0,1.5238095238095237,0.28708192411967315,0.6138566884147002,1.3005039997147394,0.5250270034412386,0.38157814430906106,0.0,0.6216095519998824,0.6216095519998824
hrl,multi,1,weighted_cka,0,1911,3.0978433587884853,225.0,0.7041158080101013,0.7003381252288818,1,0.0,0.619568671757697,5,1,weighted_cka,22,102,0.4,4.0,1.5454545454545454,0.408691366359555,0.5853726119543424,1.2979942797460824,0.44887758971611025,0.35690751101239576,0.0,0.619568671757697,0.619568671757697
hrl,multi,1,weighted_cka,0,1912,3.094007781698389,223.0,0.7030299305915833,0.7006754875183105,1,0.0,0.6188015563396779,5,1,weighted_cka,23,108,0.4,4.0,1.565217391304348,0.2981144190470222,0.6030300441323778,1.2956227220343424,0.5280285162399522,0.36921208024469515,0.0,0.6188015563396779,0.6188015563396779
hrl,multi,1,weighted_cka,0,1913,2.910834493812143,270.0,0.7036855816841125,0.7001756429672241,1,0.0,0.5821668987624287,5,1,weighted_cka,27,126,0.39999999999999997,4.0,1.5555555555555556,0.32429553255951027,0.6035578357959165,1.229911336814053,0.39338997845115936,0.3596798101915046,0.0,0.5821668987624287,0.5821668987624287
hrl,multi,1,weighted_cka,0,1914,3.062780407775483,234.0,0.7038951516151428,0.7015073299407959,1,0.0,0.6125560815550968,5,1,weighted_cka,24,114,0.4,4.0,1.5833333333333333,0.286644991581561,0.5640438315391073,1.3008097883062435,0.5302259194678626,0.38105587688070947,0.0,0.6125560815550968,0.6125560815550968
hrl,multi,1,weighted_cka,0,1915,3.094909802186971,226.0,0.7032200694084167,0.7003942131996155,1,0.0,0.6189819604373943,5,1,weighted_cka,21,96,0.4000000000000001,4.0,1.5238095238095237,0.3267443297143326,0.5977431551134212,1.2961851622890679,0.4129356998710426,0.46130145519910715,0.0,0.6189819604373943,0.6189819604373943
hrl,multi,1,weighted_cka,0,1916,3.097520970729926,223.0,0.7029887437820435,0.7017127871513367,1,0.0,0.6195041941459853,5,1,weighted_cka,22,96,0.4000000000000001,4.0,1.4545454545454546,0.2975212076875031,1.2270293400017542,0.7882474758585448,0.4331544435234972,0.3515685036586273,0.0,0.6195041941459853,0.6195041941459853
hrl,multi,1,weighted_cka,0,1917,3.0438435395373222,239.0,0.7040026783943176,0.7023488879203796,1,0.0,0.6087687079074645,5,1,weighted_cka,25,114,0.3654582062693693,4.0,1.52,0.2837565724133746,0.5624035436737175,1.3005606449656186,0.516491747997701,0.3806310304869111,0.0,0.6087687079074645,0.6087687079074645
hrl,multi,1,weighted_cka,0,1918,3.0747892302136157,228.0,0.7039047479629517,0.7023488879203796,1,0.0,0.6149578460427232,5,1,weighted_cka,22,102,0.37426297722031443,4.0,1.5454545454545454,0.2858212110049789,0.6198333005430176,1.3006197043210266,0.5131947011093142,0.3553203132352791,0.0,0.6149578460427232,0.6149578460427232
hrl,multi,1,weighted_cka,0,1919,3.1069518360525823,223.0,0.7048404216766357,0.702482283115387,1,0.0,0.6213903672105165,5,1,weighted_cka,24,108,0.3756928118191858,4.0,1.5,0.29455340242618683,0.6064163203090428,1.3005153543995691,0.5249465987253933,0.3805201601923908,0.0,0.6213903672105165,0.6213903672105165
hrl,multi,1,weighted_cka,0,1920,3.0811684061705806,225.0,0.7039300203323364,0.7001815438270569,1,0.0,0.6162336812341163,5,1,weighted_cka,22,96,0.3658180166207301,4.0,1.4545454545454546,0.26411204614338923,0.6147672016632276,1.3000715902085647,0.5242214745776727,0.37799609357772707,0.0,0.6162336812341163,0.6162336812341163
hrl,multi,1,weighted_cka,0,1921,3.101176896458956,222.0,0.7032122611999512,0.7001756429672241,1,0.0,0.6202353792917913,5,1,weighted_cka,22,102,0.3935657443050786,4.0,1.5454545454545454,0.3244835017585428,0.6131843165603931,1.299818531282246,0.5074235370262757,0.3562670098314992,0.0,0.6202353792917913,0.6202353792917913
hrl,multi,1,weighted_cka,0,1922,3.067713434819662,232.0,0.703801691532135,0.7023488879203796,1,0.0,0.6135426869639324,5,1,weighted_cka,23,108,0.4,4.0,1.565217391304348,0.3023864148026332,0.585868675816804,1.300768801614642,0.4964894562893313,0.3822000862962522,0.0,0.6135426869639324,0.6135426869639324
hrl,multi,1,weighted_cka,0,1923,3.1185396038520836,218.0,0.7034290432929993,0.7008424997329712,1,0.0,0.6237079207704168,5,1,weighted_cka,21,96,0.4000000000000001,4.0,1.5238095238095237,0.27725826310951374,0.6303048503715544,1.303834935089573,0.5295192119330167,0.3776223433484264,0.0,0.6237079207704168,0.6237079207704168
hrl,multi,1,weighted_cka,0,1924,3.061051272449064,233.0,0.7033071517944336,0.7001625895500183,1,0.0,0.6122102544898129,5,1,weighted_cka,24,108,0.4,4.0,1.5,0.2614350194842372,0.6283293810803442,1.3007495722481979,0.49024817769904605,0.38028912193723946,0.0,0.6122102544898129,0.6122102544898129
hrl,multi,1,weighted_cka,0,1925,3.100658295844041,221.0,0.7032469511032104,0.7007976174354553,1,0.0,0.6201316591688083,5,1,weighted_cka,23,102,0.4,4.0,1.4782608695652173,0.2982549151692073,0.6067666762946172,1.2957105505261568,0.5194723746040407,0.3804537792500195,0.0,0.6201316591688083,0.6201316591688083
hrl,multi,1,weighted_cka,0,1926,3.089126852944725,223.0,0.7030080556869507,0.7000856995582581,1,0.0,0.6178253705889452,5,1,weighted_cka,22,102,0.4,4.0,1.5454545454545454,0.3115772512882249,0.6020006473413667,1.2956096969060598,0.5275179316769353,0.3524213257321389,0.0,0.6178253705889452,0.6178253705889452
hrl,multi,1,weighted_cka,0,1927,3.1018937713321235,220.0,0.7051131129264832,0.7023488879203796,1,0.0,0.6203787542664247,5,1,weighted_cka,21,96,0.4000000000000001,4.0,1.5238095238095237,0.29218997021042736,0.6120672800862229,1.2956096969060598,0.5250069188691958,0.3770199052602183,0.0,0.6203787542664247,0.6203787542664247
hrl,multi,1,weighted_cka,0,1928,3.101329845404426,222.0,0.704034149646759,0.7001303434371948,1,0.0,0.6202659690808853,5,1,weighted_cka,23,108,0.4,4.0,1.565217391304348,0.32326263484446094,0.6081065604202448,1.299927290201187,0.5140563628217204,0.35597699711681335,0.0,0.6202659690808853,0.6202659690808853
hrl,multi,1,weighted_cka,0,1929,3.002137420186233,248.0,0.7036368250846863,0.7020293474197388,1,0.0,0.6004274840372468,5,1,weighted_cka,25,114,0.4,4.0,1.52,0.29128547675917793,0.5449012227300553,1.2727748122112823,0.5259055518363601,0.3672703566493582,0.0,0.6004274840372468,0.6004274840372468
hrl,multi,1,weighted_cka,0,1930,3.1093142602676513,221.0,0.7052973508834839,0.7023488879203796,1,0.0,0.6218628520535303,5,1,weighted_cka,22,90,0.35831715178483176,4.0,1.5454545454545454,0.32648887767562695,0.6066058318801223,1.299391702304594,0.523452798701357,0.35337504970595174,0.0,0.6218628520535303,0.6218628520535303
hrl,multi,1,weighted_cka,0,1931,3.110130049518483,220.0,0.7042833566665649,0.7023488879203796,1,0.0,0.6220260099036967,5,1,weighted_cka,22,90,0.35831715178483176,4.0,1.5454545454545454,0.3050832001799717,0.6081405281992628,1.2999564323541124,0.4297812893455847,0.4671685994395519,0.0,0.6220260099036967,0.6220260099036967
hrl,multi,1,weighted_cka,0,1932,3.1171772628689056,218.0,0.704928994178772,0.7023488879203796,1,0.0,0.6234354525737812,5,1,weighted_cka,20,78,0.35190440590557515,4.0,1.5,0.3002483137652161,0.6118905682051553,1.3004024846227837,0.524159666714724,0.38047622956102706,0.0,0.6234354525737812,0.6234354525737812
hrl,multi,1,weighted_cka,0,1933,2.3436122160739146,300.0,0.6627905368804932,0.4941394627094269,0,0.0,0.468722443214783,5,1,weighted_cka,32,96,0.36092232979827976,4.0,1.125,-0.02942263035278342,0.17137763828995034,1.2993890597349962,0.4338084838790818,0.46845966452267007,0.0,0.468722443214783,0.468722443214783
hrl,multi,1,weighted_cka,0,1934,3.1028337130929855,220.0,0.7040590047836304,0.7009639143943787,1,0.0,0.6205667426185972,5,1,weighted_cka,22,90,0.35831715178483176,4.0,1.5454545454545454,0.2955108662763377,0.6055434768912381,1.2971259833062065,0.5237335322708822,0.3809198543483216,0.0,0.6205667426185972,0.6205667426185972
hrl,multi,1,weighted_cka,0,1935,3.1129870280385354,219.0,0.7052305936813354,0.7023488879203796,1,0.0,0.6225974056077072,5,1,weighted_cka,22,102,0.4,4.0,1.5454545454545454,0.29937353403237643,0.6119019526923074,1.2988287287512792,0.5241387931273783,0.3787440194351947,0.0,0.6225974056077072,0.6225974056077072
hrl,multi,1,weighted_cka,0,1936,3.040218885047709,239.0,0.7045847177505493,0.7023488879203796,1,0.0,0.6080437770095419,5,1,weighted_cka,23,108,0.4,4.0,1.565217391304348,0.2969471266014734,0.5990559947956352,1.2566333494498392,0.5068096331092528,0.3807727810915093,0.0,0.6080437770095419,0.6080437770095419
hrl,multi,1,weighted_cka,0,1937,3.0909688627570273,222.0,0.703521728515625,0.7004686594009399,1,0.0,0.6181937725514055,5,1,weighted_cka,23,102,0.4,4.0,1.4782608695652173,0.28415785915957525,0.6059059000816195,1.300768801614642,0.5161127332956529,0.3840235686055384,0.0,0.6181937725514055,0.6181937725514055
hrl,multi,1,weighted_cka,0,1938,3.094749620801768,222.0,0.7033471465110779,0.7002117037773132,1,0.0,0.6189499241603537,5,1,weighted_cka,21,96,0.4000000000000001,4.0,1.5238095238095237,0.318277947655486,0.6019731768146156,1.3004852086810859,0.5239588809600099,0.35005440669057125,0.0,0.6189499241603537,0.6189499241603537
hrl,multi,1,weighted_cka,0,1939,3.0822814504667755,226.0,0.7027428150177002,0.7005429863929749,1,0.0,0.6164562900933552,5,1,weighted_cka,24,114,0.38648250084221475,4.0,1.5833333333333333,0.30454055032622995,0.5929327896572648,1.3021063010888172,0.5242369284206069,0.35846488097385726,0.0,0.6164562900933552,0.6164562900933552
hrl,multi,1,weighted_cka,0,1940,3.1065808253372076,219.0,0.7047268152236938,0.7023488879203796,1,0.0,0.6213161650674416,5,1,weighted_cka,21,96,0.37859729300017336,4.0,1.5238095238095237,0.2895283859588671,0.6246117892260662,1.2932072959588838,0.5199565791671629,0.3792767750262282,0.0,0.6213161650674416,0.6213161650674416
hrl,multi,1,weighted_cka,0,1941,3.106206787116126,222.0,0.7033798098564148,0.7001756429672241,1,0.0,0.6212413574232253,5,1,weighted_cka,22,96,0.37859729300017336,4.0,1.4545454545454546,0.31217157115042204,0.6935704717612824,1.311223878313787,0.43441247773892233,0.35482838815171264,0.0,0.6212413574232253,0.6212413574232253
hrl,multi,1,weighted_cka,0,1942,3.117313096667406,219.0,0.7045488357543945,0.7023488879203796,1,0.0,0.6234626193334812,5,1,weighted_cka,23,108,0.3762192144446371,4.0,1.565217391304348,0.30132090684946156,0.6117770599485374,1.300572650819551,0.5241216333925257,0.37952084565733085,0.0,0.6234626193334812,0.6234626193334812
hrl,multi,1,weighted_cka,0,1943,3.0427550134088475,238.0,0.7031687498092651,0.7014861106872559,1,0.0,0.6085510026817695,5,1,weighted_cka,24,114,0.368512334466345,4.0,1.5833333333333333,0.30567963926022634,0.5399809995580288,1.298887908679764,0.523848910783301,0.37435755512752794,0.0,0.6085510026817695,0.6085510026817695
hrl,multi,1,weighted_cka,0,1944,3.0943767351270277,224.0,0.7034541368484497,0.7021713852882385,1,0.0,0.6188753470254056,5,1,weighted_cka,21,96,0.3680222083572227,4.0,1.5238095238095237,0.307669358841842,0.6005492679085581,1.2956103800311682,0.5023131822668946,0.3882345460785654,0.0,0.6188753470254056,0.6188753470254056
hrl,multi,1,weighted_cka,0,1945,3.0880603761450462,223.0,0.7035236358642578,0.7001756429672241,1,0.0,0.6176120752290093,5,1,weighted_cka,23,102,0.3699032549244449,4.0,1.4782608695652173,0.2984584527873084,0.6218155135547275,1.2907151944758368,0.522406312820778,0.3546649025063961,0.0,0.6176120752290093,0.6176120752290093
hrl,multi,1,weighted_cka,0,1946,3.1142974786108595,220.0,0.7024451494216919,0.7003390789031982,1,0.0,0.622859495722172,5,1,weighted_cka,23,108,0.36446912039691415,4.0,1.565217391304348,0.3053392227648073,0.6066280867643653,1.300523332516197,0.5211220542268419,0.3806847823386487,0.0,0.622859495722172,0.622859495722172
hrl,multi,1,weighted_cka,0,1947,3.065522409265001,233.0,0.7032021284103394,0.7005957961082458,1,0.0,0.6131044818530003,5,1,weighted_cka,23,108,0.3715752963175313,4.0,1.565217391304348,0.28985720124781067,0.610403182083275,1.2596942759277296,0.5245999702420084,0.3809677797641779,0.0,0.6131044818530003,0.6131044818530003
hrl,multi,1,weighted_cka,0,1948,3.089482195487652,225.0,0.7048237919807434,0.7023488879203796,1,0.0,0.6178964390975306,5,1,weighted_cka,22,96,0.3920055520893057,4.0,1.4545454545454546,0.30224003191414517,0.6119022248131222,1.274830414838041,0.5202988698701373,0.38021065405220716,0.0,0.6178964390975306,0.6178964390975306
hrl,multi,1,weighted_cka,0,1949,3.1200624666637147,219.0,0.7027760744094849,0.7001756429672241,1,0.0,0.624012493332743,5,1,weighted_cka,21,96,0.4000000000000001,4.0,1.5238095238095237,0.3099007143291528,0.6069303982630371,1.2994599231965838,0.5200134845480787,0.38375794632686294,0.0,0.624012493332743,0.624012493332743
hrl,multi,1,weighted_cka,0,1950,3.0577748204119986,234.0,0.7025585174560547,0.7015648484230042,1,0.0,0.6115549640823998,5,1,weighted_cka,24,114,0.4,4.0,1.5833333333333333,0.3094920525809284,0.5631887427451,1.2949342641590627,0.5112129643591469,0.37894679656776126,0.0,0.6115549640823998,0.6115549640823998
hrl,multi,1,weighted_cka,0,1951,3.1145452457614944,219.0,0.7046618461608887,0.7023488879203796,1,0.0,0.6229090491522989,5,1,weighted_cka,21,96,0.4000000000000001,4.0,1.5238095238095237,0.29551914304273663,0.613171644956339,1.30054175937362,0.5249752987110986,0.3803373996777008,0.0,0.6229090491522989,0.6229090491522989
hrl,multi,1,weighted_cka,0,1952,3.109530330824587,222.0,0.7031097412109375,0.7010844945907593,1,0.0,0.6219060661649175,5,1,weighted_cka,23,102,0.4,4.0,1.4782608695652173,0.3058492797243961,0.6018431685641407,1.3005842052148653,0.5196112686216364,0.3816424086995493,0.0,0.6219060661649175,0.6219060661649175
hrl,multi,1,weighted_cka,0,1953,3.0918765585692114,227.0,0.7038803100585938,0.7001814842224121,1,0.0,0.6183753117138424,5,1,weighted_cka,23,108,0.4,4.0,1.565217391304348,0.2862919004010036,0.6175950765153392,1.2953191885855047,0.5122560115903251,0.3804143814770395,0.0,0.6183753117138424,0.6183753117138424
hrl,multi,1,weighted_cka,0,1954,3.0913963939588927,225.0,0.703738808631897,0.7010681629180908,1,0.0,0.6182792787917786,5,1,weighted_cka,23,108,0.4,4.0,1.565217391304348,0.30414755813216465,0.6109675876614636,1.3003927311142904,0.5082532449410936,0.36763527210988095,0.0,0.6182792787917786,0.6182792787917786
hrl,multi,1,weighted_cka,0,1955,3.061160675280799,232.0,0.7034333944320679,0.7006309032440186,1,0.0,0.6122321350561599,5,1,weighted_cka,22,102,0.4,4.0,1.5454545454545454,0.2857534200784284,0.57067191519725,1.3003073884970506,0.5240372191583736,0.38039073234969684,0.0,0.6122321350561599,0.6122321350561599
hrl,multi,1,weighted_cka,0,1956,3.109853143231622,222.0,0.7040777206420898,0.7014186978340149,1,0.0,0.6219706286463245,5,1,weighted_cka,22,102,0.4,4.0,1.5454545454545454,0.3030231818965985,0.6111118475492111,1.297259660489857,0.5167297857240772,0.3817286675718787,0.0,0.6219706286463245,0.6219706286463245
hrl,multi,1,weighted_cka,0,1957,3.1049065791111485,222.0,0.7035086154937744,0.7008118629455566,1,0.0,0.6209813158222298,5,1,weighted_cka,24,108,0.3817269094131883,4.0,1.5,0.29609246051212534,0.6118936438397503,1.2994683949723838,0.5155926484719383,0.3818594313149514,0.0,0.6209813158222298,0.6209813158222298
hrl,multi,1,weighted_cka,0,1958,3.120971454707817,219.0,0.7051393985748291,0.7023488879203796,1,0.0,0.6241942909415635,5,1,weighted_cka,21,96,0.37944277308983687,4.0,1.5238095238095237,0.29115951957454667,0.6243619426204822,1.3007288858275858,0.5242814139164983,0.38043969276870476,0.0,0.6241942909415635,0.6241942909415635
hrl,multi,1,weighted_cka,0,1959,3.0941114562582794,222.0,0.7042706608772278,0.7020904421806335,1,0.0,0.618822291251656,5,1,weighted_cka,22,102,0.38065202173161117,4.0,1.5454545454545454,0.2722982962203677,0.6281934121325611,1.2886076242232227,0.524134777526371,0.38087734615575747,0.0,0.618822291251656,0.618822291251656
hrl,multi,1,weighted_cka,0,1960,3.022881562177207,245.0,0.704076886177063,0.7009421586990356,1,0.0,0.6045763124354414,5,1,weighted_cka,24,108,0.37715863676648537,4.0,1.5,0.3053854964436031,0.5986405400605871,1.293888063366059,0.353210193963372,0.47175726834358633,0.0,0.6045763124354414,0.6045763124354414
hrl,multi,1,weighted_cka,0,1961,3.1067825454439286,220.0,0.7038108706474304,0.7023488879203796,1,0.0,0.6213565090887858,5,1,weighted_cka,23,108,0.3862951820598913,4.0,1.565217391304348,0.2974807246627169,0.6135445387153885,1.2997954732486976,0.5151207651761359,0.3808410436409903,0.0,0.6213565090887858,0.6213565090887858
hrl,multi,1,weighted_cka,0,1962,3.113197320265607,220.0,0.7041648626327515,0.7014629244804382,1,0.0,0.6226394640531214,5,1,weighted_cka,22,102,0.4,4.0,1.5454545454545454,0.3275297463960596,0.6274584238082169,1.2998952543926423,0.5186021465896627,0.33971174907902596,0.0,0.6226394640531214,0.6226394640531214
hrl,multi,1,weighted_cka,0,1963,3.0372790887233543,242.0,0.7034686207771301,0.7016662955284119,1,0.0,0.6074558177446708,5,1,weighted_cka,23,108,0.4,4.0,1.565217391304348,0.42697796077936057,0.5237750557179665,1.2967873121884184,0.4378459326981391,0.3518928273394703,0.0,0.6074558177446708,0.6074558177446708
hrl,multi,1,weighted_cka,0,1964,3.0836887162051267,229.0,0.7052777409553528,0.7023488879203796,1,0.0,0.6167377432410255,5,1,weighted_cka,24,108,0.4,4.0,1.5,0.2958705432972055,0.6101657735817133,1.296628904348239,0.5085581954186781,0.37246529955929136,0.0,0.6167377432410255,0.6167377432410255
hrl,multi,1,weighted_cka,0,1965,3.111249692304961,223.0,0.7046579718589783,0.7023488879203796,1,0.0,0.6222499384609922,5,1,weighted_cka,21,96,0.4000000000000001,4.0,1.5238095238095237,0.2818001289711682,0.6284577513979747,1.2977679936662314,0.5275729425884782,0.37565087568110894,0.0,0.6222499384609922,0.6222499384609922
hrl,multi,1,weighted_cka,0,1966,3.1165929592492163,218.0,0.7035692930221558,0.7010592818260193,1,0.0,0.6233185918498434,5,1,weighted_cka,23,102,0.4,4.0,1.4782608695652173,0.284823722428875,0.6259101484138517,1.3008097883062435,0.5242647555242291,0.38078454457601757,0.0,0.6233185918498434,0.6233185918498434
hrl,multi,1,weighted_cka,0,1967,3.125366690694528,217.0,0.7037394642829895,0.7001756429672241,1,0.0,0.6250733381389056,5,1,weighted_cka,20,90,0.4000000000000001,4.0,1.5,0.3060966830644174,0.6102380265183746,1.3008532319432122,0.5242708500409498,0.38390789912757456,0.0,0.6250733381389056,0.6250733381389056
hrl,multi,1,weighted_cka,0,1968,2.927021303244261,268.0,0.7054599523544312,0.7040095925331116,1,0.0,0.5854042606488522,5,1,weighted_cka,29,114,0.4,4.0,1.3103448275862069,0.12207691003114424,0.6130353126609697,1.299921583172865,0.510934193217159,0.38105330416212374,0.0,0.5854042606488522,0.5854042606488522
hrl,multi,1,weighted_cka,0,1969,3.1044265807983744,224.0,0.7046121954917908,0.7023488879203796,1,0.0,0.620885316159675,5,1,weighted_cka,21,96,0.4000000000000001,4.0,1.5238095238095237,0.2953427496473304,0.6098227610746397,1.2999538725776363,0.5200501013722968,0.3792570961264718,0.0,0.620885316159675,0.620885316159675
hrl,multi,1,weighted_cka,0,1970,2.852365368258392,288.0,0.7035401463508606,0.7022973299026489,1,0.0,0.5704730736516785,5,1,weighted_cka,29,132,0.39999999999999997,4.0,1.5172413793103448,0.23940192471147737,0.42326747389112607,1.2999346035281194,0.5116728190838474,0.3780885470438224,0.0,0.5704730736516785,0.5704730736516785
hrl,multi,1,weighted_cka,0,1971,3.089211021451693,222.0,0.7039074897766113,0.7020797729492188,1,0.0,0.6178422042903386,5,1,weighted_cka,23,102,0.4,4.0,1.4782608695652173,0.3579801582634754,0.5680028174202888,1.3006304353107696,0.5210414251823093,0.3415561852748505,0.0,0.6178422042903386,0.6178422042903386
hrl,multi,1,weighted_cka,0,1972,3.071974224348173,231.0,0.7037032842636108,0.7010303735733032,1,0.0,0.6143948448696347,5,1,weighted_cka,24,114,0.4,4.0,1.5833333333333333,0.39058724748864176,0.6034090610342099,1.2702753538538234,0.4687452153137418,0.3389573466577566,0.0,0.6143948448696347,0.6143948448696347
hrl,multi,1,weighted_cka,0,1973,3.087557405401464,223.0,0.7028249502182007,0.7012202739715576,1,0.0,0.6175114810802929,5,1,weighted_cka,21,96,0.4000000000000001,4.0,1.5238095238095237,0.2692624022354575,0.6199459252655505,1.2973548519872127,0.5246364510594793,0.3763577748537645,0.0,0.6175114810802929,0.6175114810802929
hrl,multi,1,weighted_cka,0,1974,3.0891031351912703,225.0,0.7046216726303101,0.7020851969718933,1,0.0,0.6178206270382541,5,1,weighted_cka,22,96,0.4000000000000001,4.0,1.4545454545454546,0.2835249958416861,0.6118183551989494,1.3005470851417629,0.512274570907466,0.38093812810140654,0.0,0.6178206270382541,0.6178206270382541
hrl,multi,1,weighted_cka,0,1975,3.112601240366638,220.0,0.7047276496887207,0.7023488879203796,1,0.0,0.6225202480733276,5,1,weighted_cka,21,96,0.4000000000000001,4.0,1.5238095238095237,0.3192657375383423,0.6262905904105863,1.300813206492923,0.5227691333093679,0.34346257261541896,0.0,0.6225202480733276,0.6225202480733276
hrl,multi,1,weighted_cka,0,1976,3.0760723897068516,227.0,0.703931987285614,0.7012676000595093,1,0.0,0.6152144779413704,5,1,weighted_cka,25,114,0.4,4.0,1.52,0.29477746253350046,0.5994528559083118,1.300808997380547,0.5241955057900048,0.35683756809448813,0.0,0.6152144779413704,0.6152144779413704
hrl,multi,1,weighted_cka,0,1977,3.0953410033154056,220.0,0.7045654654502869,0.7023488879203796,1,0.0,0.6190682006630812,5,1,weighted_cka,21,96,0.4000000000000001,4.0,1.5238095238095237,0.2814361105965799,0.6156238590301945,1.3006713119607882,0.5201407052781432,0.3774690164497005,0.0,0.6190682006630812,0.6190682006630812
hrl,multi,1,weighted_cka,0,1978,3.1096140497544353,220.0,0.7050838470458984,0.7023488879203796,1,0.0,0.6219228099508871,5,1,weighted_cka,22,102,0.4,4.0,1.5454545454545454,0.2961380157403182,0.6144034947319886,1.3000988713679833,0.5326166441910899,0.36635702372305595,0.0,0.6219228099508871,0.6219228099508871
hrl,multi,1,weighted_cka,0,1979,3.073839551767544,229.0,0.704014003276825,0.7004686594009399,1,0.0,0.6147679103535089,5,1,weighted_cka,23,102,0.3968460660036304,4.0,1.4782608695652173,0.28100068321643623,0.6113175824685021,1.299834616154432,0.4977003280030693,0.383986341925105,0.0,0.6147679103535089,0.6147679103535089
hrl,multi,1,weighted_cka,0,1980,3.063609895805594,232.0,0.7031292915344238,0.7004686594009399,1,0.0,0.6127219791611189,5,1,weighted_cka,23,108,0.3955319268384765,4.0,1.565217391304348,0.3168050405411049,0.568684990468202,1.3004681279049253,0.5228095954335293,0.35484214145783327,0.0,0.6127219791611189,0.6127219791611189
hrl,multi,1,weighted_cka,0,1981,3.0962393201704823,224.0,0.7047496438026428,0.7037520408630371,1,0.0,0.6192478640340966,5,1,weighted_cka,22,96,0.39664894512885746,4.0,1.4545454545454546,0.27088919956574675,0.6571693891128524,1.2720139279477296,0.5393744506263173,0.3567923529178369,0.0,0.6192478640340966,0.6192478640340966
hrl,multi,1,weighted_cka,0,1982,1.3435239591772175,300.0,0.44226542115211487,0.000539417436812073,0,0.0,0.2687047918354436,5,1,weighted_cka,31,84,0.4,4.0,0.9032258064516129,-0.8758299205802328,0.04096551677584648,1.2977419663434846,0.5235597381514961,0.3570866584866234,0.0,0.2687047918354436,0.2687047918354436
hrl,multi,1,weighted_cka,0,1983,3.0889922344892535,224.0,0.7036465406417847,0.7006385326385498,1,0.0,0.6177984468978508,5,1,weighted_cka,22,102,0.39605758250453804,4.0,1.5454545454545454,0.3894402640189509,0.6141433940320274,1.2725083059174938,0.4563919842140748,0.3565082863067072,0.0,0.6177984468978508,0.6177984468978508
hrl,multi,1,weighted_cka,0,1984,3.123100265996995,221.0,0.7038282155990601,0.7022209167480469,1,0.0,0.6246200531993991,5,1,weighted_cka,22,102,0.39921151650090764,4.0,1.5454545454545454,0.30974482432520006,0.6136311061382292,1.3044103972129522,0.5216387302506772,0.373675208069937,0.0,0.6246200531993991,0.6246200531993991
hrl,multi,1,weighted_cka,0,1985,3.0817250955686237,223.0,0.7037563323974609,0.7004686594009399,1,0.0,0.6163450191137249,5,1,weighted_cka,23,102,0.4,4.0,1.4782608695652173,0.29476629420049716,0.629479508551536,1.300587544210022,0.5048140165913645,0.3520777320152046,0.0,0.6163450191137249,0.6163450191137249
hrl,multi,1,weighted_cka,0,1986,3.065879407807714,230.0,0.7031672596931458,0.7004686594009399,1,0.0,0.6131758815615429,5,1,weighted_cka,22,102,0.4,4.0,1.5454545454545454,0.2878414833399583,0.5967506510913371,1.300496893723495,0.4969293913016407,0.3838609883512835,0.0,0.6131758815615429,0.6131758815615429
hrl,multi,1,weighted_cka,0,1987,3.1006347733698045,224.0,0.7050937414169312,0.7040115594863892,1,0.0,0.620126954673961,5,1,weighted_cka,23,102,0.4,4.0,1.4782608695652173,0.2870958957077818,0.6114792679836972,1.3004851074870674,0.5242326101688667,0.37734189202239204,0.0,0.620126954673961,0.620126954673961
hrl,multi,1,weighted_cka,0,1988,2.3606617391674414,300.0,0.6789608597755432,0.5821784138679504,0,0.0,0.47213234783348845,5,1,weighted_cka,29,144,0.39474892223617863,4.0,1.6551724137931034,0.28516849179676496,0.24372926986869414,1.272818417591974,0.5293503927588389,0.029595167151170054,0.0,0.47213234783348845,0.47213234783348845
hrl,multi,1,weighted_cka,0,1989,3.0841015939169507,229.0,0.703877329826355,0.7023488879203796,1,0.0,0.6168203187833903,5,1,weighted_cka,24,108,0.374629280384283,4.0,1.5,0.3015373211855039,0.6074080243678762,1.2998648571297524,0.5211036034560746,0.3541877877777442,0.0,0.6168203187833903,0.6168203187833903
hrl,multi,1,weighted_cka,0,1990,3.1050447496444673,222.0,0.7048907279968262,0.7023488879203796,1,0.0,0.6210089499288935,5,1,weighted_cka,22,102,0.366379042744377,4.0,1.5454545454545454,0.28941634488617995,0.6080255023525095,1.2528246194338424,0.5745879632713039,0.38019031970063216,0.0,0.6210089499288935,0.6210089499288935
hrl,multi,1,weighted_cka,0,1991,3.0994819210053817,222.0,0.7025706171989441,0.7004294395446777,1,0.0,0.6198963842010764,5,1,weighted_cka,22,102,0.3680264396898895,4.0,1.5454545454545454,0.2899572958001808,0.6049674796648322,1.3004688338474368,0.524217957379762,0.37987035431317046,0.0,0.6198963842010764,0.6198963842010764
hrl,multi,1,weighted_cka,0,1992,3.0696557756938843,229.0,0.7037039995193481,0.7006926536560059,1,0.0,0.6139311551387769,5,1,weighted_cka,24,108,0.36419827936123855,4.0,1.5,0.4011570301272439,0.6035279274361672,1.2721546387309206,0.4421026212759315,0.35071355812362154,0.0,0.6139311551387769,0.6139311551387769
hrl,multi,1,weighted_cka,0,1993,2.9557204716192778,260.0,0.7031225562095642,0.7006562352180481,1,0.0,0.5911440943238556,5,1,weighted_cka,25,114,0.3728660643579913,4.0,1.52,0.2656951318977516,0.6049814027626997,1.3005764053883029,0.4077892123595227,0.3766783192110014,0.0,0.5911440943238556,0.5911440943238556
hrl,multi,1,weighted_cka,0,1994,3.115371810087911,219.0,0.7048529386520386,0.7023488879203796,1,0.0,0.6230743620175823,5,1,weighted_cka,22,102,0.4,4.0,1.5454545454545454,0.29553070344435395,0.6133747933600097,1.3004916654531842,0.5242116463887504,0.3817630014416135,0.0,0.6230743620175823,0.6230743620175823
hrl,multi,1,weighted_cka,0,1995,3.09633776415832,221.0,0.7036422491073608,0.7013916969299316,1,0.0,0.619267552831664,5,1,weighted_cka,22,102,0.4,4.0,1.5454545454545454,0.2768704029275686,0.6174444501493125,1.300568171157967,0.52081309468206,0.38064164524141225,0.0,0.619267552831664,0.619267552831664
hrl,multi,1,weighted_cka,0,1996,3.0850885615922294,227.0,0.7025797963142395,0.7004686594009399,1,0.0,0.6170177123184459,5,1,weighted_cka,24,108,0.4,4.0,1.5,0.3140442909861012,0.6863366847995201,1.2998338144603183,0.43003362105612164,0.35484015029016874,0.0,0.6170177123184459,0.6170177123184459
hrl,multi,1,weighted_cka,0,1997,3.098913902050938,224.0,0.7044761180877686,0.702975869178772,1,0.0,0.6197827804101876,5,1,weighted_cka,20,90,0.4000000000000001,4.0,1.5,0.3106772765472414,0.610771120100282,1.300443517385749,0.5201763902604651,0.3568455977572011,0.0,0.6197827804101876,0.6197827804101876
hrl,multi,1,weighted_cka,0,1998,3.0882649539849796,225.0,0.7040596008300781,0.7012379169464111,1,0.0,0.617652990796996,5,1,weighted_cka,24,108,0.39949643179358413,4.0,1.5,0.28605508753097086,0.613029650219716,1.3007473289249463,0.5132085344946243,0.3752243528147227,0.0,0.617652990796996,0.617652990796996
hrl,multi,1,weighted_cka,0,1999,2.9729742618361183,254.0,0.7052671909332275,0.7035903334617615,1,0.0,0.5945948523672238,5,1,weighted_cka,25,120,0.3986403658426771,4.0,1.6,0.2764653624368074,0.5660893212840891,1.300723708023317,0.44922950885398294,0.3804663612379226,0.0,0.5945948523672238,0.5945948523672238
hrl,multi,1,weighted_cka,0,2000,3.0293371775467954,242.0,0.7028471827507019,0.7001505494117737,1,0.0,0.6058674355093592,5,1,weighted_cka,24,114,0.3990458707667909,4.0,1.5833333333333333,0.32491828068395257,0.6245851596577557,1.2996820290932662,0.5138236116743645,0.26632809643745703,0.0,0.6058674355093592,0.6058674355093592
