arch,ll_mode,experience_sharing,share_mode,use_tutee,episode,reward,steps,mastery_mean,mastery_min,completed,flat_agent_reward,avg_agent_reward,n_ll_agents,share_enabled_eff,share_mode_eff,share_attempts,share_peer_samples,share_mean_peer_weight,share_eligible_peers_mean,share_selected_peers_mean,ll_reward_0,ll_reward_1,ll_reward_2,ll_reward_3,ll_reward_4,tutee_reward_total,avg_reward_per_learning_agent,avg_reward_per_topic_slot
hrl,multi,0,weighted_cka,1,1,-0.011303857060921595,300.0,0.10484281927347183,0.06382421404123306,0,0.0,-0.0018839761768202439,5,0,off,0,0,0.0,0.0,0.0,-0.19438439699153318,-0.11163365691341462,0.11504394061118361,0.1283081453852355,0.05136211084760722,0.0,-0.0018839761768202439,-0.0022607714121842927
hrl,multi,0,weighted_cka,1,2,0.6430737552538619,300.0,0.2372361719608307,0.06713873147964478,0,0.0,0.10717895920897702,5,0,off,0,0,0.0,0.0,0.0,0.8956204988647364,0.018775042796507442,0.01724443476274608,-0.10191948577016594,-0.16518340094387557,-0.02146333445608616,0.10717895920897702,0.1286147510507724
hrl,multi,0,weighted_cka,1,3,-0.1530461517861123,300.0,0.08211767673492432,0.005375473294407129,0,0.0,-0.02550769196435203,5,0,off,0,0,0.0,0.0,0.0,-0.3989520795003053,0.029090661305002822,0.09573809330165384,-0.04350857917102986,0.1645857522785663,0.0,-0.02550769196435203,-0.03060923035722244
hrl,multi,0,weighted_cka,1,4,0.2947825977997116,300.0,0.12119972705841064,0.06927348673343658,0,0.0,0.04913043296661864,5,0,off,0,0,0.0,0.0,0.0,-0.2762898055278499,0.48725117564760145,0.013844409909099329,0.05462878834083673,0.0153480294300242,0.0,0.04913043296661864,0.05895651955994237
hrl,multi,0,weighted_cka,1,5,0.617792975643253,300.54999999999995,0.253260999917984,0.03133857995271683,0,0.0,0.10296549594054218,5,0,off,0,0,0.0,0.0,0.0,0.5377157717137595,-0.25657916546147325,0.09680686124041671,-0.12707175546418883,0.03384633263095713,0.3330749309837818,0.10296549594054218,0.12355859512865061
hrl,multi,0,weighted_cka,1,6,0.08038729032080771,300.15,0.1950729489326477,0.051405929028987885,0,0.0,0.013397881720134659,5,0,off,0,0,0.0,0.0,0.0,0.5720202873674061,-0.14440662535652524,-0.2493296079281721,-0.2679110219795259,0.19529315091529842,-0.025278892697673295,0.013397881720134659,0.01607745806416159
hrl,multi,0,weighted_cka,1,7,0.706331840479105,300.0,0.24934248626232147,0.06783867627382278,0,0.0,0.11772197341318423,5,0,off,0,0,0.0,0.0,0.0,0.5566128563880919,-0.06357096288696645,-0.16119200955657303,-0.04781538458215086,0.420139034473337,0.0021583066433668134,0.11772197341318423,0.14126636809582108
hrl,multi,0,weighted_cka,1,8,0.8405517037603412,300.25,0.3523710370063782,0.10954423248767853,0,0.0,0.14009195062672355,5,0,off,0,0,0.0,0.0,0.0,0.6593783522776793,-0.02696581383235757,0.15954642923898055,-0.4852344269874162,0.5834430135958827,-0.04961585053242744,0.14009195062672355,0.16811034075206827
hrl,multi,0,weighted_cka,1,9,1.3404275487842843,300.44999999999993,0.4709358215332031,0.13407015800476074,0,0.0,0.22340459146404743,5,0,off,0,0,0.0,0.0,0.0,0.4274642794332464,0.33609361006718225,-0.05507079407674624,0.08546309266332532,0.6156825229469686,-0.06920516224969181,0.22340459146404743,0.2680855097568569
hrl,multi,0,weighted_cka,1,10,2.217751368692369,300.0,0.6045450568199158,0.20543308556079865,0,0.0,0.36962522811539494,5,0,off,0,0,0.0,0.0,0.0,0.3919973059146211,0.35032061263878117,0.5327593125940765,0.333333704914039,0.629415849374607,-0.02007541674375534,0.36962522811539494,0.44355027373847394
hrl,multi,0,weighted_cka,1,11,1.7347490204874587,300.35,0.5785804986953735,0.15052078664302826,0,0.0,0.28912483674790984,5,0,off,0,0,0.0,0.0,0.0,0.1490258539770717,0.5276149906879289,-0.03426903078611941,0.40586315561460273,0.743950651695486,-0.05743660070151092,0.28912483674790984,0.34694980409749177
hrl,multi,0,weighted_cka,1,12,1.6985855024016319,300.15,0.526308536529541,0.11581027507781982,0,0.0,0.2830975837336054,5,0,off,0,0,0.0,0.0,0.0,0.3060203320553989,0.36919048439426105,0.396150457720614,0.04017324164058644,0.24923958403989666,0.3378114025508752,0.2830975837336054,0.33971710048032644
hrl,multi,0,weighted_cka,1,13,2.068643571998023,300.90000000000003,0.5839458107948303,0.0945592001080513,0,0.0,0.34477392866633716,5,0,off,0,0,0.0,0.0,0.0,0.30209402592846857,0.4862276831963098,-0.02375351819611411,0.3833634117090223,0.20310880750603966,0.717603161854297,0.34477392866633716,0.41372871439960457
hrl,multi,0,weighted_cka,1,14,1.402802571528699,300.2,0.5802052617073059,0.24958378076553345,0,0.0,0.23380042858811645,5,0,off,0,0,0.0,0.0,0.0,0.12500863306457166,-0.3507684882213366,0.18744962843647217,0.02091546211176666,0.7158490011814282,0.7043483349557965,0.23380042858811645,0.28056051430573975
hrl,multi,0,weighted_cka,1,15,1.345356157856806,300.45000000000005,0.5126383900642395,0.24331775307655334,0,0.0,0.22422602630946775,5,0,off,0,0,0.0,0.0,0.0,0.5640340609867125,-0.18340741369593908,0.27611936096567646,-0.23946851411089334,0.5943044541049748,0.33377420960627496,0.22422602630946775,0.2690712315713613
hrl,multi,0,weighted_cka,1,16,1.4077497453984216,300.30000000000007,0.5148779153823853,0.28410854935646057,0,0.0,0.23462495756640356,5,0,off,0,0,0.0,0.0,0.0,0.6174573693693963,0.15003961109742514,0.1043323871176689,-0.46119838379416656,0.3200430025998502,0.6770757590082473,0.23462495756640356,0.2815499490796843
hrl,multi,0,weighted_cka,1,17,1.773264055202365,300.25,0.5307029485702515,0.19550524652004242,0,0.0,0.2955440092003942,5,0,off,0,0,0.0,0.0,0.0,0.09051560408761716,0.22898419230710676,0.11499636417627324,-0.06488538751518372,0.2968943650647997,1.1067589170817518,0.2955440092003942,0.354652811040473
hrl,multi,0,weighted_cka,1,18,1.5350055386150248,300.65,0.461433082818985,0.03245997801423073,0,0.0,0.2558342564358374,5,0,off,0,0,0.0,0.0,0.0,0.5230729715656488,-0.4768916689362381,0.18678249219711862,0.07494868993526316,0.08460629567503908,1.142486758178193,0.2558342564358374,0.30700110772300493
hrl,multi,0,weighted_cka,1,19,1.8909307723228723,300.95,0.5849048495292664,0.3760606050491333,0,0.0,0.31515512872047874,5,0,off,0,0,0.0,0.0,0.0,0.06557605131379374,0.3285562146911394,0.09134455791860807,0.1728852370833045,0.1634548444040118,1.0691138669120148,0.31515512872047874,0.3781861544645745
hrl,multi,0,weighted_cka,1,20,1.8064993397826323,300.74999999999994,0.5399581789970398,0.25394439697265625,0,0.0,0.30108322329710535,5,0,off,0,0,0.0,0.0,0.0,0.6634024844835511,0.11854332683142266,-0.061826160664670324,-0.13717981383390745,0.17933710891380894,1.0442223940524271,0.30108322329710535,0.3612998679565264
hrl,multi,0,weighted_cka,1,21,1.7725247674534321,300.0,0.5170823335647583,0.14287543296813965,0,0.0,0.295420794575572,5,0,off,0,0,0.0,0.0,0.0,0.14528756742563553,1.0177326202848924,0.08998365866392843,-0.08871266173291961,0.32981703074881774,0.27841655206307764,0.295420794575572,0.35450495349068645
hrl,multi,0,weighted_cka,1,22,1.3547279442547349,300.4,0.5510464906692505,0.28703102469444275,0,0.0,0.22578799070912245,5,0,off,0,0,0.0,0.0,0.0,0.6346840343978255,0.1474729685862548,-0.2056957759375221,-0.03860480216704324,0.18185403152834612,0.6350174878468735,0.22578799070912245,0.27094558885094694
hrl,multi,0,weighted_cka,1,23,2.378597284588992,300.79999999999995,0.6471408009529114,0.3828829228878021,0,0.0,0.3964328807648319,5,0,off,0,0,0.0,0.0,0.0,0.7312503381045534,0.024093097690492744,-0.15315323118968474,0.3287838691537616,0.32277211366547265,1.1248510971643961,0.3964328807648319,0.4757194569177983
hrl,multi,0,weighted_cka,1,24,2.8881315303895967,292.24999999999994,0.714759111404419,0.7084669470787048,1,0.0,0.48135525506493276,5,0,off,0,0,0.0,0.0,0.0,0.6051188783890682,0.3525542255694744,0.1512364833960307,0.023966767693520484,0.2766686514597385,1.4785865238817641,0.48135525506493276,0.5776263060779193
hrl,multi,0,weighted_cka,1,25,2.2177792900799767,300.59999999999997,0.6069851517677307,0.20513705909252167,0,0.0,0.36962988167999605,5,0,off,0,0,0.0,0.0,0.0,-0.09576184068294273,0.15657327598147086,0.040913818725384604,0.3560489898305385,0.7062640996035188,1.0537409466220065,0.36962988167999605,0.44355585801599523
hrl,multi,0,weighted_cka,1,26,1.8288137062722343,300.05,0.5583665370941162,0.2836534082889557,0,0.0,0.30480228437870577,5,0,off,0,0,0.0,0.0,0.0,0.30396811697399206,0.3512461762977763,0.11536187302181491,-0.01398612409806825,0.40475260363519183,0.6674710604415275,0.30480228437870577,0.3657627412544469
hrl,multi,0,weighted_cka,1,27,3.031375394837798,293.04999999999995,0.7104503512382507,0.7014744877815247,1,0.0,0.5052292324729662,5,0,off,0,0,0.0,0.0,0.0,0.6173709286498212,0.23013929203711436,-0.010492661958676881,0.4773599580347071,0.2479783297702669,1.4690195483045654,0.5052292324729662,0.6062750789675595
hrl,multi,0,weighted_cka,1,28,2.0022546856627983,300.69999999999993,0.6873728632926941,0.6215769052505493,0,0.0,0.33370911427713307,5,0,off,0,0,0.0,0.0,0.0,0.37047699182643523,0.10932739976141592,0.39064221435319624,0.3922207694503667,0.4943904442954806,0.2451968659759033,0.33370911427713307,0.40045093713255964
hrl,multi,0,weighted_cka,1,29,1.7204891647120872,300.4,0.55528324842453,0.2258489578962326,0,0.0,0.28674819411868113,5,0,off,0,0,0.0,0.0,0.0,0.49877629001799484,0.10965871333703392,-0.15710337844141795,0.43767597380556966,0.14485623925924296,0.6866253267336636,0.28674819411868113,0.34409783294241736
hrl,multi,0,weighted_cka,1,30,1.2915668830847153,300.95,0.5331472158432007,0.14047588407993317,0,0.0,0.2152611471807859,5,0,off,0,0,0.0,0.0,0.0,0.2744040413801554,0.08046719253063195,0.09664543235313605,0.0032064830064335893,0.12449197588488436,0.712351757929474,0.2152611471807859,0.2583133766169431
hrl,multi,0,weighted_cka,1,31,0.8303722154781212,300.35,0.36368030309677124,0.16464629769325256,0,0.0,0.13839536924635357,5,0,off,0,0,0.0,0.0,0.0,0.14445811928051944,0.7927974992413073,0.042403460263740214,-0.2663079567826356,0.1260566194914281,-0.009035526016238148,0.13839536924635357,0.16607444309562427
hrl,multi,0,weighted_cka,1,32,2.3312658508950137,300.20000000000005,0.6351914405822754,0.330913782119751,0,0.0,0.3885443084825024,5,0,off,0,0,0.0,0.0,0.0,0.5414717821003867,0.10787178794143237,0.015176330351503512,0.06780928663257502,0.15192599352495728,1.447010670344159,0.3885443084825024,0.4662531701790028
hrl,multi,0,weighted_cka,1,33,2.99622907018357,246.55,0.7101619839668274,0.7047770619392395,1,0.0,0.49937151169726174,5,0,off,0,0,0.0,0.0,0.0,0.47266069611976835,0.28291454330389376,0.32455399147118436,0.18303353443209192,0.6229124948000534,1.1101538100565784,0.49937151169726174,0.5992458140367141
hrl,multi,0,weighted_cka,1,34,3.0040837581572815,259.54999999999995,0.7060284614562988,0.700095534324646,1,0.0,0.5006806263595469,5,0,off,0,0,0.0,0.0,0.0,0.5793407846895278,0.11088448553206387,0.25560299722012125,0.0597544468427076,0.4691988049549979,1.5293022389178632,0.5006806263595469,0.6008167516314563
hrl,multi,0,weighted_cka,1,35,3.1760113709148716,207.25,0.7096589803695679,0.7053243517875671,1,0.0,0.5293352284858118,5,0,off,0,0,0.0,0.0,0.0,0.8181905592858092,0.10777940528281027,0.6379903065636753,0.04495357964350834,0.5530035710539668,1.0140939490851015,0.5293352284858118,0.6352022741829743
hrl,multi,0,weighted_cka,1,36,2.9887653614622294,300.8500000000001,0.7109606862068176,0.7017064690589905,1,0.0,0.4981275602437048,5,0,off,0,0,0.0,0.0,0.0,0.5530380411382207,0.4780870497371069,0.09473839195584866,0.4344114436444141,0.2699692836292087,1.15852115135743,0.4981275602437048,0.5977530722924458
hrl,multi,0,weighted_cka,1,37,1.8981792958261385,300.0,0.5725579261779785,0.3345964252948761,0,0.0,0.31636321597102307,5,0,off,0,0,0.0,0.0,0.0,0.4616627036448331,0.03672918232809731,0.6556844219476915,0.32584138003878244,0.06317140459269277,0.3550902032740414,0.31636321597102307,0.3796358591652277
hrl,multi,0,weighted_cka,1,38,1.3626248389842677,300.45000000000005,0.5745431780815125,0.19064298272132874,0,0.0,0.22710413983071132,5,0,off,0,0,0.0,0.0,0.0,-0.331412786595611,0.38439616208104405,0.15102703636605286,0.4820579597032336,0.7249071155320852,-0.04835064810253681,0.22710413983071132,0.2725249677968536
hrl,multi,0,weighted_cka,1,39,3.1063011604662862,232.55000000000004,0.7078567743301392,0.7003863453865051,1,0.0,0.5177168600777143,5,0,off,0,0,0.0,0.0,0.0,0.14351385290178564,0.10123238941564328,1.111702086342964,0.09297179096203756,0.542072846116498,1.1148081947273574,0.5177168600777143,0.6212602320932572
hrl,multi,0,weighted_cka,1,40,2.322097929021523,300.15,0.6410423517227173,0.35431721806526184,0,0.0,0.38701632150358717,5,0,off,0,0,0.0,0.0,0.0,0.3190874917874167,0.0772647050949744,0.06688152580754816,0.579033187818888,0.20289212220441533,1.0769388963082807,0.38701632150358717,0.46441958580430465
hrl,multi,0,weighted_cka,1,41,2.3150328998647565,300.5499999999999,0.637778103351593,0.3439893126487732,0,0.0,0.38583881664412606,5,0,off,0,0,0.0,0.0,0.0,0.4383950669990151,0.22596276671066873,-0.05209396779339301,0.3993355558075417,0.24432489297306148,1.0591085851678623,0.38583881664412606,0.4630065799729513
hrl,multi,0,weighted_cka,1,42,2.331308975991164,300.04999999999995,0.6817052364349365,0.547682523727417,0,0.0,0.3885514959985273,5,0,off,0,0,0.0,0.0,0.0,-0.03027014485775747,-0.0032013105701773244,0.8501129969237371,0.3841058459847699,0.09334217793541022,1.0372194105751815,0.3885514959985273,0.46626179519823274
hrl,multi,0,weighted_cka,1,43,2.9075405441057045,272.30000000000007,0.7032071352005005,0.7006690502166748,1,0.0,0.4845900906842841,5,0,off,0,0,0.0,0.0,0.0,1.0005247862078246,0.10698502172064028,0.6031342851603402,0.0859119222483713,0.4288459788421167,0.6821385499264114,0.4845900906842841,0.5815081088211409
hrl,multi,0,weighted_cka,1,44,2.305385670499328,300.65000000000003,0.635844886302948,0.3561426103115082,0,0.0,0.38423094508322136,5,0,off,0,0,0.0,0.0,0.0,0.5781206171994558,0.05915473193326015,0.33417337562516325,0.5454475961633142,0.4956851740591227,0.2928041755190119,0.38423094508322136,0.46107713409986567
hrl,multi,0,weighted_cka,1,45,3.1713267577639077,206.45,0.7067297697067261,0.7005468606948853,1,0.0,0.5285544596273178,5,0,off,0,0,0.0,0.0,0.0,0.1957828625375404,0.9169275795822031,0.3347796295518055,0.49851268096931733,0.48282217883598044,0.7425018262870609,0.5285544596273178,0.6342653515527814
hrl,multi,0,weighted_cka,1,46,1.7897481238692832,300.4,0.5487363934516907,0.286516934633255,0,0.0,0.2982913539782138,5,0,off,0,0,0.0,0.0,0.0,0.0824063711049452,0.061419788173399784,0.23417948479484751,0.15946490274270753,0.11566243090480555,1.1366151461485774,0.2982913539782138,0.3579496247738566
hrl,multi,0,weighted_cka,1,47,1.8691667852605565,300.3,0.5555342435836792,0.3207129240036011,0,0.0,0.31152779754342613,5,0,off,0,0,0.0,0.0,0.0,0.7033882582887304,0.47616536699421685,0.2985239427629858,0.36123762984439944,0.020194943450391255,0.009656643919833004,0.31152779754342613,0.37383335705211135
hrl,multi,0,weighted_cka,1,48,2.40452057662733,300.45000000000005,0.6776553988456726,0.5698227286338806,0,0.0,0.40075342943788833,5,0,off,0,0,0.0,0.0,0.0,0.5543244200831974,0.0014466708844409724,0.5985970837343483,0.48762733905343325,0.014941500770859359,0.7475835621010511,0.40075342943788833,0.480904115325466
hrl,multi,0,weighted_cka,1,49,2.9053109139610074,278.4,0.7065881490707397,0.7040897011756897,1,0.0,0.4842184856601679,5,0,off,0,0,0.0,0.0,0.0,0.07747524556453556,0.39806059327837995,1.0973485800146006,0.13851446829456826,0.0875401002827565,1.1063719265261664,0.4842184856601679,0.5810621827922015
hrl,multi,0,weighted_cka,1,50,2.957063299790175,260.9,0.7068639993667603,0.7007127404212952,1,0.0,0.49284388329836243,5,0,off,0,0,0.0,0.0,0.0,0.9387176722679867,0.18401323024928562,0.4842048020418731,0.4665417008723597,0.5325404598144813,0.3510454345441889,0.49284388329836243,0.5914126599580349
hrl,multi,0,weighted_cka,1,51,1.8694910486624914,300.4,0.5795592069625854,0.3544999361038208,0,0.0,0.3115818414437486,5,0,off,0,0,0.0,0.0,0.0,0.6702622499265122,0.4472310899433213,0.37065833992138497,0.2509566271965158,0.18607209632173172,-0.05568935464697426,0.3115818414437486,0.3738982097324983
hrl,multi,0,weighted_cka,1,52,2.9165950398524645,270.75,0.70746910572052,0.7008298635482788,1,0.0,0.48609917330874414,5,0,off,0,0,0.0,0.0,0.0,0.7777168324164229,0.07716589413862662,0.7226441044900566,0.1357387027596486,0.48796828967146555,0.7153612163762446,0.48609917330874414,0.583319007970493
hrl,multi,0,weighted_cka,1,53,2.792848626407416,291.49999999999994,0.7055847644805908,0.702485203742981,1,0.0,0.4654747710679026,5,0,off,0,0,0.0,0.0,0.0,0.8082425176528628,0.45893226472218507,0.3591712091714143,0.3953909827397145,0.109001047451049,0.6621106046701898,0.4654747710679026,0.5585697252814831
hrl,multi,0,weighted_cka,1,54,1.8584696361037194,300.75,0.5840738415718079,0.34202882647514343,0,0.0,0.3097449393506199,5,0,off,0,0,0.0,0.0,0.0,0.25350763843581037,0.346428951565991,0.34137212918326254,0.08806448623794116,0.5078826244575901,0.32121380622312423,0.3097449393506199,0.3716939272207439
hrl,multi,0,weighted_cka,1,55,2.853191104723582,276.15000000000003,0.7131017446517944,0.7036135196685791,1,0.0,0.4755318507872637,5,0,off,0,0,0.0,0.0,0.0,0.7513059727530923,-0.021180564982816678,0.2634685912798158,0.2512266624569892,0.18567465281160533,1.4226957904048962,0.4755318507872637,0.5706382209447164
hrl,multi,0,weighted_cka,1,56,3.0829937461403074,244.14999999999998,0.7032309174537659,0.7013759016990662,1,0.0,0.5138322910233847,5,0,off,0,0,0.0,0.0,0.0,0.6355958611462263,0.17382366649061431,0.7941745536066591,0.24868577569635808,0.5044359726724214,0.7262779165280284,0.5138322910233847,0.6165987492280616
hrl,multi,0,weighted_cka,1,57,2.249414771954697,300.1,0.6113924980163574,0.24911658465862274,0,0.0,0.3749024619924495,5,0,off,0,0,0.0,0.0,0.0,0.5847734617360688,0.21203829978033895,0.6594155573528259,0.011561092215124393,0.07342909421212962,0.7081972666582093,0.3749024619924495,0.4498829543909394
hrl,multi,0,weighted_cka,1,58,3.1180510775456898,230.54999999999998,0.7143287658691406,0.7039226293563843,1,0.0,0.5196751795909483,5,0,off,0,0,0.0,0.0,0.0,1.0556931069623676,0.3423273094943724,0.30930655005446156,0.1720776173041667,0.18538974084705107,1.0532567528832704,0.5196751795909483,0.6236102155091381
hrl,multi,0,weighted_cka,1,59,1.8818765764123517,300.75000000000006,0.6249663233757019,0.2996850907802582,0,0.0,0.3136460960687253,5,0,off,0,0,0.0,0.0,0.0,0.32447866093588473,0.06745061183534551,0.20463357329741116,0.0629351969305425,0.49576601316919533,0.7266125202439725,0.3136460960687253,0.37637531528247037
hrl,multi,0,weighted_cka,1,60,1.89128971481134,300.25,0.6359578371047974,0.390462189912796,0,0.0,0.3152149524685566,5,0,off,0,0,0.0,0.0,0.0,0.30378427211983894,0.14225751844234757,0.26468496426008636,0.1252078378191217,0.40095994826592485,0.6543951739040202,0.3152149524685566,0.3782579429622679
hrl,multi,0,weighted_cka,1,61,2.852568351019609,294.5,0.7118009328842163,0.7048550248146057,1,0.0,0.47542805850326825,5,0,off,0,0,0.0,0.0,0.0,0.8447220931898333,0.4767307025771005,0.6334190041641704,0.1270160828829101,-0.008930759424110948,0.7796112276297062,0.47542805850326825,0.570513670203922
hrl,multi,0,weighted_cka,1,62,2.356252536950239,300.5999999999999,0.6714638471603394,0.545725405216217,0,0.0,0.39270875615837314,5,0,off,0,0,0.0,0.0,0.0,0.6144939935944854,0.5768151180525308,0.21204751496016971,0.10254514185664254,0.5246804839912801,0.3256702844951302,0.39270875615837314,0.4712505073900478
hrl,multi,0,weighted_cka,1,63,2.2262025336975455,300.04999999999995,0.6198711395263672,0.2460959404706955,0,0.0,0.37103375561625757,5,0,off,0,0,0.0,0.0,0.0,0.11276296006864817,0.07307158861763297,0.5860985057009384,0.18664481662493193,0.6292730718152596,0.6383515908701345,0.37103375561625757,0.4452405067395091
hrl,multi,0,weighted_cka,1,64,2.8238638021544546,298.8499999999999,0.7089283466339111,0.7052883505821228,1,0.0,0.47064396702574246,5,0,off,0,0,0.0,0.0,0.0,0.4287456991941432,0.025821336308494043,0.22292349044047288,0.056888540905550844,0.19804038762487466,1.891444347680919,0.47064396702574246,0.564772760430891
hrl,multi,0,weighted_cka,1,65,3.1787090749734546,213.4,0.712896466255188,0.7065297365188599,1,0.0,0.5297848458289091,5,0,off,0,0,0.0,0.0,0.0,0.8988910460565238,0.4927927653426304,0.04564969845395517,0.15731988287344567,0.13271751242852758,1.4513381698183718,0.5297848458289091,0.635741814994691
hrl,multi,0,weighted_cka,1,66,1.889072437488927,300.70000000000005,0.6076754331588745,0.4310718774795532,0,0.0,0.3148454062481545,5,0,off,0,0,0.0,0.0,0.0,0.3241263579353686,0.08739944690279655,0.351130858462362,0.20821736662427412,0.18850237157102656,0.7296960359930992,0.3148454062481545,0.3778144874977854
hrl,multi,0,weighted_cka,1,67,3.0917430552732257,234.04999999999998,0.7044152021408081,0.7002654075622559,1,0.0,0.5152905092122042,5,0,off,0,0,0.0,0.0,0.0,1.1394246471896765,0.42997619244735674,0.1686968322619795,0.3374504319603619,0.2538173671816475,0.7623775842322036,0.5152905092122042,0.618348611054645
hrl,multi,0,weighted_cka,1,68,1.1489880267531487,300.09999999999997,0.5049265623092651,0.07625242322683334,0,0.0,0.1914980044588581,5,0,off,0,0,0.0,0.0,0.0,-0.1011635888417954,0.21279400376416735,0.5377244047643616,0.23827293733274546,0.026876267577055753,0.2344840021566138,0.1914980044588581,0.2297976053506297
hrl,multi,0,weighted_cka,1,69,3.0437897501596125,236.05,0.7069068551063538,0.7004543542861938,1,0.0,0.5072982916932687,5,0,off,0,0,0.0,0.0,0.0,1.0641112904120233,0.10564301286032407,0.061235228450037496,0.4258550416748329,0.7018727140687405,0.6850724626936542,0.5072982916932687,0.6087579500319225
hrl,multi,0,weighted_cka,1,70,1.8709164752955192,300.35,0.617031455039978,0.3519318997859955,0,0.0,0.31181941254925316,5,0,off,0,0,0.0,0.0,0.0,0.28177374774712316,0.053648759599775,0.15138779179938133,0.07796258164406744,0.21543302117334662,1.0907105733318254,0.31181941254925316,0.3741832950591038
hrl,multi,0,weighted_cka,1,71,1.2944020396301048,300.75,0.48428088426589966,0.215610533952713,0,0.0,0.21573367327168413,5,0,off,0,0,0.0,0.0,0.0,-0.00815408211411035,0.19878539054654532,0.2482407603864556,0.0932054473063908,0.015442093700170488,0.746882429804653,0.21573367327168413,0.25888040792602096
hrl,multi,0,weighted_cka,1,72,2.8463769950425535,290.39999999999986,0.7083340883255005,0.7035226821899414,1,0.0,0.4743961658404256,5,0,off,0,0,0.0,0.0,0.0,0.23993739469815,0.5230122277680783,0.14530334874801332,0.4548235999997995,0.350401476945728,1.1328989468827841,0.4743961658404256,0.5692753990085107
hrl,multi,0,weighted_cka,1,73,3.1142247050811194,234.85,0.7115080952644348,0.7007268667221069,1,0.0,0.5190374508468532,5,0,off,0,0,0.0,0.0,0.0,1.1500212517846373,0.6645560243837535,0.07851138780359168,0.4018467688898217,0.1508773661814629,0.6684119060378519,0.5190374508468532,0.6228449410162238
hrl,multi,0,weighted_cka,1,74,2.912025203746638,274.95,0.7075988054275513,0.7018141746520996,1,0.0,0.485337533957773,5,0,off,0,0,0.0,0.0,0.0,0.45832537185336675,0.4164339852444826,0.7159999681487679,0.3515461471142715,0.17491166861180663,0.7948080627739429,0.485337533957773,0.5824050407493276
hrl,multi,0,weighted_cka,1,75,2.8206106370169315,298.20000000000005,0.7077003717422485,0.7006704211235046,1,0.0,0.4701017728361552,5,0,off,0,0,0.0,0.0,0.0,0.1951937093111333,0.7191448392122983,0.085165743343532,0.13763474476523685,0.1097952777193858,1.573676322665345,0.4701017728361552,0.5641221274033862
hrl,multi,0,weighted_cka,1,76,2.3854173250836936,300.05,0.6860623359680176,0.6039128303527832,0,0.0,0.3975695541806156,5,0,off,0,0,0.0,0.0,0.0,0.7244375929282466,0.13665687702968699,0.197795817453414,-0.028804039836235633,0.20000351493642654,1.1553275625721553,0.3975695541806156,0.4770834650167387
hrl,multi,0,weighted_cka,1,77,3.1615370816151374,212.55,0.7094183564186096,0.7004514932632446,1,0.0,0.5269228469358561,5,0,off,0,0,0.0,0.0,0.0,0.7623686522098723,0.22535777944489377,0.4480650886159855,0.2110581465912982,0.42579704830667453,1.0888903664464131,0.5269228469358561,0.6323074163230273
hrl,multi,0,weighted_cka,1,78,2.8913481730504587,278.24999999999994,0.710677444934845,0.704420804977417,1,0.0,0.4818913621750764,5,0,off,0,0,0.0,0.0,0.0,0.47117087801010316,0.5391168274084338,0.1163720476310699,0.5903542337268007,0.012875363377388382,1.1614588228966627,0.4818913621750764,0.5782696346100916
hrl,multi,0,weighted_cka,1,79,3.1475833233510064,211.95,0.7132042646408081,0.7087269425392151,1,0.0,0.5245972205585011,5,0,off,0,0,0.0,0.0,0.0,0.717591963717159,0.16084033605968573,0.4947980989306232,0.5335004731883527,0.15662327195703976,1.084229179498146,0.5245972205585011,0.6295166646702013
hrl,multi,0,weighted_cka,1,80,3.137907740052029,213.3,0.7044914364814758,0.7003957629203796,1,0.0,0.5229846233420048,5,0,off,0,0,0.0,0.0,0.0,1.0779439315977504,0.43665155957854573,0.20405858298763624,0.4828677696158846,0.21086548743769518,0.725520408834517,0.5229846233420048,0.6275815480104058
hrl,multi,0,weighted_cka,1,81,3.115120883904944,219.35,0.710015058517456,0.7017943263053894,1,0.0,0.5191868139841573,5,0,off,0,0,0.0,0.0,0.0,0.9280248682808595,0.28966828684834756,0.2636078466880134,0.10923768099438158,0.45430820315843434,1.0702739979349079,0.5191868139841573,0.6230241767809888
hrl,multi,0,weighted_cka,1,82,2.2138460658911896,300.80000000000007,0.6197290420532227,0.266470342874527,0,0.0,0.36897434431519827,5,0,off,0,0,0.0,0.0,0.0,0.7422643428644219,0.13948921834863715,0.1216241966411471,0.46201076956524034,0.07097373252361994,0.6774838059481234,0.36897434431519827,0.4427692131782379
hrl,multi,0,weighted_cka,1,83,2.7924991196815614,298.35,0.7086749076843262,0.7055478096008301,1,0.0,0.4654165199469269,5,0,off,0,0,0.0,0.0,0.0,0.7679406455870482,0.40221321336273086,0.07801598600577542,0.46372322383150444,0.3028492547925561,0.7777567961019463,0.4654165199469269,0.5584998239363123
hrl,multi,0,weighted_cka,1,84,3.026410934384516,247.55,0.7054163217544556,0.7015246748924255,1,0.0,0.5044018223974193,5,0,off,0,0,0.0,0.0,0.0,0.9225263247310648,0.6283859187933848,0.16827816665172568,0.44102438371488806,0.5358252701386809,0.33037087035477153,0.5044018223974193,0.6052821868769032
hrl,multi,0,weighted_cka,1,85,1.8907116129517427,300.4,0.5845636129379272,0.40228351950645447,0,0.0,0.3151186021586238,5,0,off,0,0,0.0,0.0,0.0,0.6695543983620588,0.4921383153814821,0.2531291335448622,0.28452626221970395,0.22616276433691374,-0.034799260893277825,0.3151186021586238,0.3781423225903486
hrl,multi,0,weighted_cka,1,86,3.0428921243311837,239.9,0.714198887348175,0.7027439475059509,1,0.0,0.5071486873885305,5,0,off,0,0,0.0,0.0,0.0,0.5092820523758417,0.5398957414738833,0.15466665627993637,0.06071554555278261,0.37360669377911826,1.404725434869621,0.5071486873885305,0.6085784248662366
hrl,multi,0,weighted_cka,1,87,3.0411342195307784,238.15,0.708253800868988,0.7020708918571472,1,0.0,0.5068557032551296,5,0,off,0,0,0.0,0.0,0.0,0.5214536688053047,0.5511952798538841,0.19839648057776493,1.0053362080631265,0.507935589485336,0.2568169927453621,0.5068557032551296,0.6082268439061556
hrl,multi,0,weighted_cka,1,88,3.0351831521034236,245.90000000000003,0.711544394493103,0.7011343836784363,1,0.0,0.5058638586839038,5,0,off,0,0,0.0,0.0,0.0,0.6174124489920212,0.2900065875705331,-0.022947454727720536,0.1617240021508186,0.4813473394862374,1.5076402286315338,0.5058638586839038,0.6070366304206847
hrl,multi,0,weighted_cka,1,89,2.958590422560012,265.45000000000005,0.7121821641921997,0.7005415558815002,1,0.0,0.49309840376000197,5,0,off,0,0,0.0,0.0,0.0,0.9641754186440373,0.2528978118952363,0.12109528005766323,0.0033639299067434354,0.09305477985332233,1.5240032022030092,0.49309840376000197,0.5917180845120024
hrl,multi,0,weighted_cka,1,90,2.3572563009362266,300.25,0.6576179265975952,0.4527443051338196,0,0.0,0.39287605015603777,5,0,off,0,0,0.0,0.0,0.0,0.4167232343370557,0.5635707844020797,0.0645475506884976,-0.019374680703033012,0.6019695017123593,0.7298199104992673,0.39287605015603777,0.4714512601872453
hrl,multi,0,weighted_cka,1,91,3.061030037055513,238.1,0.7095609903335571,0.7059423327445984,1,0.0,0.5101716728425855,5,0,off,0,0,0.0,0.0,0.0,1.0496562117685095,0.4609069742821156,0.32534770551882675,0.05842957103054491,0.1382108833675737,1.0284786910879427,0.5101716728425855,0.6122060074111026
hrl,multi,0,weighted_cka,1,92,2.4259207671887353,300.1,0.6973415613174438,0.631614089012146,0,0.0,0.40432012786478905,5,0,off,0,0,0.0,0.0,0.0,0.35897055108222364,0.24591442926786833,0.14292242302745573,0.05973540717177084,0.583590928070247,1.0347870285691692,0.40432012786478905,0.4851841534377469
hrl,multi,0,weighted_cka,1,93,3.1532102585010926,229.14999999999998,0.7111455202102661,0.7014282941818237,1,0.0,0.5255350430835154,5,0,off,0,0,0.0,0.0,0.0,0.6528951321188359,0.18605928607750677,0.590504917529295,0.12273579283338032,0.07641030286904416,1.5246048270730306,0.5255350430835154,0.6306420517002185
hrl,multi,0,weighted_cka,1,94,1.908638496887054,300.25,0.6159845590591431,0.39326924085617065,0,0.0,0.3181064161478424,5,0,off,0,0,0.0,0.0,0.0,0.05869104857928997,0.7306687085377052,0.4632984218401833,0.12311548850685351,0.5845899338144808,-0.051725104391458464,0.3181064161478424,0.3817276993774109
hrl,multi,0,weighted_cka,1,95,2.925438191899435,263.2,0.7054821252822876,0.7008878588676453,1,0.0,0.48757303198323915,5,0,off,0,0,0.0,0.0,0.0,0.872675850131898,0.2399933843966573,0.40488306952919795,0.09725601042434565,0.5550770653367506,0.7555528120805859,0.48757303198323915,0.585087638379887
hrl,multi,0,weighted_cka,1,96,2.830833431357639,294.15000000000003,0.7084578275680542,0.7022709846496582,1,0.0,0.4718055718929399,5,0,off,0,0,0.0,0.0,0.0,1.0488326564223387,0.13203607159014785,0.28936091884900805,0.2196915308721361,0.4986346587236038,0.6422775949004048,0.4718055718929399,0.5661666862715279
hrl,multi,0,weighted_cka,1,97,2.9210819118379,266.15,0.7078763842582703,0.7022286057472229,1,0.0,0.48684698530631665,5,0,off,0,0,0.0,0.0,0.0,0.4480346872289972,0.6797852056925184,0.22399376916140312,0.27851474906816276,0.5544936989168635,0.736259801769955,0.48684698530631665,0.58421638236758
hrl,multi,0,weighted_cka,1,98,2.8610380990852318,284.54999999999995,0.7074540853500366,0.7021471261978149,1,0.0,0.47683968318087205,5,0,off,0,0,0.0,0.0,0.0,0.28408306974441055,0.37365995428309534,0.6654722365057095,0.03357855242886568,0.45282246196828757,1.0514218241548632,0.47683968318087205,0.5722076198170465
hrl,multi,0,weighted_cka,1,99,2.8867052686380217,276.95,0.7106494903564453,0.7008192539215088,1,0.0,0.4811175447730036,5,0,off,0,0,0.0,0.0,0.0,0.8089007212230933,0.26453196895960707,0.17825395421683776,0.18164992414368308,-0.07538227384584045,1.528750973940641,0.4811175447730036,0.5773410537276044
hrl,multi,0,weighted_cka,1,100,2.861142652405223,276.35,0.7095462083816528,0.7050445675849915,1,0.0,0.4768571087342039,5,0,off,0,0,0.0,0.0,0.0,0.6991530056865884,0.6416681417115032,0.1384511452191508,0.09425623391848759,0.6067487298799678,0.6808653959895252,0.4768571087342039,0.5722285304810446
hrl,multi,0,weighted_cka,1,101,1.4720633766950217,300.20000000000005,0.4995262026786804,0.29771050810813904,0,0.0,0.24534389611583696,5,0,off,0,0,0.0,0.0,0.0,0.622985521792434,0.08791508416645222,0.14156443324312562,-0.4067821765650884,0.3375043430998921,0.6888761709582061,0.24534389611583696,0.29441267533900434
hrl,multi,0,weighted_cka,1,102,1.4004864533819887,300.29999999999995,0.5587905645370483,0.3213982582092285,0,0.0,0.2334144088969982,5,0,off,0,0,0.0,0.0,0.0,0.32297081887046764,0.5105148876719175,0.07769009227771306,0.3107063332030082,0.2288004396846226,-0.05019611832574011,0.2334144088969982,0.2800972906763978
hrl,multi,0,weighted_cka,1,103,3.0183108827261305,250.25,0.7098190784454346,0.7058854699134827,1,0.0,0.5030518137876884,5,0,off,0,0,0.0,0.0,0.0,0.8768915650172856,0.19653199877950822,0.5301957028328032,0.12049133567232628,0.6027859145822002,0.6914143658420071,0.5030518137876884,0.603662176545226
hrl,multi,0,weighted_cka,1,104,1.8193345154082277,300.85,0.5680499076843262,0.23764470219612122,0,0.0,0.3032224192347046,5,0,off,0,0,0.0,0.0,0.0,0.4543082511119425,0.5097756900079548,0.15309331932663905,-0.20526177700655562,0.20113362952647718,0.7062854024417698,0.3032224192347046,0.36386690308164554
hrl,multi,0,weighted_cka,1,105,2.372263567677349,300.25,0.6872148513793945,0.6049328446388245,0,0.0,0.39537726127955813,5,0,off,0,0,0.0,0.0,0.0,0.39400453315547157,0.508642002556473,0.16340566421765823,0.5720227987505494,0.0310443137781693,0.7031442552190275,0.39537726127955813,0.4744527135354698
hrl,multi,0,weighted_cka,1,106,3.092128875279775,224.15,0.7099947333335876,0.7004509568214417,1,0.0,0.5153548125466293,5,0,off,0,0,0.0,0.0,0.0,0.7276615345611934,0.05848733850009724,0.14635335608758027,0.4046059058420359,0.6484984997445716,1.106522240544297,0.5153548125466293,0.6184257750559551
hrl,multi,0,weighted_cka,1,107,2.9764526548321117,248.05,0.7096920013427734,0.701252818107605,1,0.0,0.49607544247201857,5,0,off,0,0,0.0,0.0,0.0,0.5221850524892796,0.06754428176581852,0.5798782736416905,0.43864541041431926,0.6554853130644186,0.7127143234565854,0.49607544247201857,0.5952905309664223
hrl,multi,0,weighted_cka,1,108,2.2993770251854633,300.9,0.6479460000991821,0.3904639482498169,0,0.0,0.38322950419757723,5,0,off,0,0,0.0,0.0,0.0,0.278522612464672,0.39129072500724565,0.14736045160703348,0.44220913778162496,0.2714353700587524,0.7685587282661348,0.38322950419757723,0.4598754050370927
hrl,multi,0,weighted_cka,1,109,1.8606037013489396,300.25,0.5771415829658508,0.3642353415489197,0,0.0,0.3101006168914899,5,0,off,0,0,0.0,0.0,0.0,0.7114331135487296,0.09491942312265733,0.07674570389930135,0.10831051479279986,0.12861030655540517,0.740584639430046,0.3101006168914899,0.3721207402697878
hrl,multi,0,weighted_cka,1,110,2.9407768276909185,272.74999999999994,0.7096594572067261,0.7004375457763672,1,0.0,0.49012947128181966,5,0,off,0,0,0.0,0.0,0.0,0.531690840181458,0.4722973973690531,0.13162519847229115,0.1929345507323741,0.5376591494285964,1.0745696915071457,0.49012947128181966,0.5881553655381836
hrl,multi,0,weighted_cka,1,111,2.863475264879749,284.65,0.7046533823013306,0.7008280158042908,1,0.0,0.4772458774799581,5,0,off,0,0,0.0,0.0,0.0,0.8095723397012914,0.1605326907359994,0.33290977546386413,-0.035806710469303726,0.560064542889784,1.0362026265581137,0.4772458774799581,0.5726950529759497
hrl,multi,0,weighted_cka,1,112,1.9613187472130282,300.65,0.6449977159500122,0.40021300315856934,0,0.0,0.32688645786883797,5,0,off,0,0,0.0,0.0,0.0,0.27530911088647514,0.09855862314254038,0.12467371769994484,0.6109554560596587,0.15615627260506137,0.6956655668193473,0.32688645786883797,0.39226374944260556
hrl,multi,0,weighted_cka,1,113,2.9297396829553057,268.45000000000005,0.7155526280403137,0.704203188419342,1,0.0,0.48828994715921764,5,0,off,0,0,0.0,0.0,0.0,0.38889506671915264,0.49266553599946195,0.5108107436296413,0.20266476223524643,0.2825055411444044,1.052198033227399,0.48828994715921764,0.5859479365910611
hrl,multi,0,weighted_cka,1,114,3.1095113735604096,227.0,0.71021568775177,0.7009037137031555,1,0.0,0.5182518955934016,5,0,off,0,0,0.0,0.0,0.0,0.5719673633375204,0.5613182223066687,0.18056163828214622,0.01187596403527997,0.7109862625370732,1.0728019230617212,0.5182518955934016,0.6219022747120819
hrl,multi,0,weighted_cka,1,115,3.14225184630854,212.54999999999998,0.7097584009170532,0.7014120817184448,1,0.0,0.5237086410514233,5,0,off,0,0,0.0,0.0,0.0,0.9081893408442846,0.1995955706816166,0.1989908640244975,0.471163619193714,0.7079725078167393,0.6563399437476881,0.5237086410514233,0.628450369261708
hrl,multi,0,weighted_cka,1,116,3.1282112156193738,225.5,0.7094728350639343,0.7014535069465637,1,0.0,0.5213685359365622,5,0,off,0,0,0.0,0.0,0.0,0.5256178967525482,0.0685245235171168,0.297108082383871,0.4621506049663565,0.6732624807842075,1.1015476272152738,0.5213685359365622,0.6256422431238746
hrl,multi,0,weighted_cka,1,117,1.979443229557445,300.1,0.6514509916305542,0.5391948223114014,0,0.0,0.3299072049262408,5,0,off,0,0,0.0,0.0,0.0,-0.0401048397910201,0.8500907117913009,0.05902814798429601,0.10918919912725669,0.2953189749736338,0.7059210354719776,0.3299072049262408,0.395888645911489
hrl,multi,0,weighted_cka,1,118,1.4532870785994563,300.79999999999995,0.5172168016433716,0.31965458393096924,0,0.0,0.24221451309990938,5,0,off,0,0,0.0,0.0,0.0,0.3853042196173333,0.498805510570295,0.11355733064003282,0.022584109586663525,0.09798199011571684,0.33505391806941476,0.24221451309990938,0.29065741571989123
hrl,multi,0,weighted_cka,1,119,2.955376278728147,260.45000000000005,0.7093389630317688,0.7005246877670288,1,0.0,0.49256271312135774,5,0,off,0,0,0.0,0.0,0.0,0.7791160561535505,0.09925159631026315,0.24736919097322962,0.14379552337154733,0.549336362027563,1.1365075498919934,0.49256271312135774,0.5910752557456294
hrl,multi,0,weighted_cka,1,120,1.7869179458179563,300.49999999999994,0.5555005669593811,0.2172047197818756,0,0.0,0.297819657636326,5,0,off,0,0,0.0,0.0,0.0,0.35380751967037183,0.4376980220796539,0.20426176097616544,0.03204388567677219,0.21065484282281233,0.5484519145921805,0.297819657636326,0.3573835891635912
hrl,multi,0,weighted_cka,1,121,2.267018065950309,300.25,0.6439321637153625,0.38100293278694153,0,0.0,0.3778363443250514,5,0,off,0,0,0.0,0.0,0.0,0.07587619366543352,0.03288579887989897,0.7779412427190691,0.10455209155147885,-0.06171288850210868,1.337475627636537,0.3778363443250514,0.4534036131900617
hrl,multi,0,weighted_cka,1,122,1.9076383446701795,300.2500000000001,0.648151159286499,0.40473899245262146,0,0.0,0.31793972411169663,5,0,off,0,0,0.0,0.0,0.0,0.5672922340342774,0.08111010114895167,0.3882023568125441,-0.049080880957422926,0.28373771126172476,0.6363768223701046,0.31793972411169663,0.381527668934036
hrl,multi,0,weighted_cka,1,123,2.8963550703998644,275.70000000000005,0.7052567601203918,0.7013278603553772,1,0.0,0.4827258450666441,5,0,off,0,0,0.0,0.0,0.0,0.9426479304268721,0.41934578237496306,0.1759255158752202,0.342222602572874,0.6827382615208625,0.3334749776290729,0.4827258450666441,0.579271014079973
hrl,multi,0,weighted_cka,1,124,1.4557203927289786,300.4,0.5496212840080261,0.28762441873550415,0,0.0,0.2426200654548298,5,0,off,0,0,0.0,0.0,0.0,0.28094567516116475,0.08543023679452011,0.46392090327874735,0.11742585996352123,0.15339586743060485,0.35460185010042045,0.2426200654548298,0.29114407854579577
hrl,multi,0,weighted_cka,1,125,2.9075586402448557,283.70000000000005,0.7047559022903442,0.7001339793205261,1,0.0,0.484593106707476,5,0,off,0,0,0.0,0.0,0.0,0.4960181620670481,0.5122629000740125,0.30707063928619016,0.01261703796980132,0.4546915860674342,1.1248983147803695,0.484593106707476,0.5815117280489712
hrl,multi,0,weighted_cka,1,126,2.290129675079561,300.95000000000005,0.6384037733078003,0.37052232027053833,0,0.0,0.3816882791799268,5,0,off,0,0,0.0,0.0,0.0,0.2874056936136036,0.4056139364624395,0.5311482278369365,0.1468392284233122,0.2311012929100542,0.6880212958332151,0.3816882791799268,0.4580259350159122
hrl,multi,0,weighted_cka,1,127,3.131006531444474,222.10000000000002,0.713384747505188,0.7048442363739014,1,0.0,0.5218344219074122,5,0,off,0,0,0.0,0.0,0.0,0.6305446182452141,0.1432324670888483,0.20550612532533696,0.11856440640287466,0.6263089118024362,1.4068500025797637,0.5218344219074122,0.6262013062888947
hrl,multi,0,weighted_cka,1,128,2.904018941272492,276.40000000000003,0.7093339562416077,0.7018383741378784,1,0.0,0.4840031568787486,5,0,off,0,0,0.0,0.0,0.0,0.537336324703996,0.1469775818260386,0.2269498786467592,0.25344922296889116,0.3155330613646654,1.4237728717621416,0.4840031568787486,0.5808037882544983
hrl,multi,0,weighted_cka,1,129,1.896093534763878,300.65,0.6186402440071106,0.29798704385757446,0,0.0,0.316015589127313,5,0,off,0,0,0.0,0.0,0.0,0.539772312529152,0.4193340686894952,0.12970274248253544,0.008340141459833663,0.4560166132488518,0.34292765635401007,0.316015589127313,0.3792187069527756
hrl,multi,0,weighted_cka,1,130,2.2908486386947824,300.15,0.6430522203445435,0.36224624514579773,0,0.0,0.3818081064491303,5,0,off,0,0,0.0,0.0,0.0,0.4903463841155169,0.2117365560885518,0.15489408998773424,0.43202339038120396,-0.03316578775027322,1.0350140058720483,0.3818081064491303,0.45816972773895637
hrl,multi,0,weighted_cka,1,131,2.9583949539061165,258.95,0.7097803950309753,0.7000929713249207,1,0.0,0.4930658256510194,5,0,off,0,0,0.0,0.0,0.0,0.5777494522468185,0.15399682821519667,0.27069742316333567,0.3216390766899566,0.5690035971999167,1.0653085763908923,0.4930658256510194,0.5916789907812233
hrl,multi,0,weighted_cka,1,132,2.9114899007965107,272.05,0.711473822593689,0.7048364281654358,1,0.0,0.48524831679941843,5,0,off,0,0,0.0,0.0,0.0,0.9814145055422557,0.43704664074536403,0.2711208558492362,0.12228146684786756,0.5061038805544374,0.5935225512573494,0.48524831679941843,0.5822979801593021
hrl,multi,0,weighted_cka,1,133,1.8369121959626202,300.49999999999994,0.5543299913406372,0.3045493960380554,0,0.0,0.3061520326604366,5,0,off,0,0,0.0,0.0,0.0,0.24463205637817698,0.02063271567213799,0.20736423215176902,0.05899823459610337,0.2434476820663547,1.0618372750980778,0.3061520326604366,0.36738243919252395
hrl,multi,0,weighted_cka,1,134,2.951325868935869,270.35,0.7082394957542419,0.7032795548439026,1,0.0,0.49188764482264485,5,0,off,0,0,0.0,0.0,0.0,0.41616483072936516,0.10857148166897224,0.5841497899936511,0.5119569100074571,0.9739655213316435,0.35651733520478013,0.49188764482264485,0.5902651737871738
hrl,multi,0,weighted_cka,1,135,2.886890203955757,279.0,0.7099472284317017,0.7018518447875977,1,0.0,0.48114836732595956,5,0,off,0,0,0.0,0.0,0.0,0.8771702201576407,0.35945652797544597,0.29751329950615757,0.09349714281463808,0.532431722525507,0.7268212909763679,0.48114836732595956,0.5773780407911515
hrl,multi,0,weighted_cka,1,136,2.998432704250764,249.5,0.7090541124343872,0.7017637491226196,1,0.0,0.499738784041794,5,0,off,0,0,0.0,0.0,0.0,0.9476930089401719,0.06949617424048471,0.2543192267622798,0.43027762541128317,0.6364540301063096,0.6601926387902349,0.499738784041794,0.5996865408501528
hrl,multi,0,weighted_cka,1,137,1.942689374288927,300.4,0.6741392612457275,0.5634625554084778,0,0.0,0.3237815623814879,5,0,off,0,0,0.0,0.0,0.0,0.34241563404531883,0.384790806624107,0.23712081804778418,0.6062077584038487,-0.0021160347383704023,0.37427039190623906,0.3237815623814879,0.3885378748577855
hrl,multi,0,weighted_cka,1,138,2.994110679582596,254.65,0.7120480537414551,0.704281210899353,1,0.0,0.49901844659709926,5,0,off,0,0,0.0,0.0,0.0,0.48912142274812487,0.14254476274084293,0.4923076991832348,0.5489178467150776,0.5620692214649169,0.7591497267303987,0.49901844659709926,0.5988221359165191
hrl,multi,0,weighted_cka,1,139,2.8927027474456386,274.4,0.7059959173202515,0.7046725749969482,1,0.0,0.4821171245742731,5,0,off,0,0,0.0,0.0,0.0,0.5463176852245812,0.45788504440896205,0.2832987824781448,0.3596481787078518,0.5411190889783973,0.7044339676477015,0.4821171245742731,0.5785405494891277
hrl,multi,0,weighted_cka,1,140,3.1452130443766477,217.05000000000004,0.7073792219161987,0.7002638578414917,1,0.0,0.5242021740627746,5,0,off,0,0,0.0,0.0,0.0,0.03418476297229045,0.207197562418878,0.11785107502527525,0.7389809959586708,0.14584217277402045,1.9011564752275125,0.5242021740627746,0.6290426088753295
hrl,multi,0,weighted_cka,1,141,2.2647034881839057,300.75,0.6198935508728027,0.2726636528968811,0,0.0,0.3774505813639843,5,0,off,0,0,0.0,0.0,0.0,0.5087995453062466,0.3992645524078979,0.24019694730360053,0.13073672641161815,0.3619708869422319,0.6237348298123107,0.3774505813639843,0.45294069763678113
hrl,multi,0,weighted_cka,1,142,1.8749196954981415,300.05000000000007,0.5621310472488403,0.3408384323120117,0,0.0,0.3124866159163569,5,0,off,0,0,0.0,0.0,0.0,0.2885449645536715,0.39208190803893367,0.3441235621739178,0.03300168245472006,0.5589727351474575,0.2581948431294411,0.3124866159163569,0.3749839390996283
hrl,multi,0,weighted_cka,1,143,2.9239915644845684,273.34999999999997,0.706505298614502,0.7001103162765503,1,0.0,0.48733192741409476,5,0,off,0,0,0.0,0.0,0.0,0.896571564810234,0.09632573729986316,0.6160765228394883,0.3623478947991969,0.2302568295542149,0.7224130151815713,0.48733192741409476,0.5847983128969136
hrl,multi,0,weighted_cka,1,144,1.4576475929804085,300.4,0.4987157881259918,0.3361511826515198,0,0.0,0.24294126549673478,5,0,off,0,0,0.0,0.0,0.0,0.2965253817795306,0.373273624499794,0.31289224359765644,0.3727135236120264,0.11020493492856609,-0.007962115437164904,0.24294126549673478,0.2915295185960817
hrl,multi,0,weighted_cka,1,145,1.422034586801845,300.30000000000007,0.5120503902435303,0.1654435247182846,0,0.0,0.2370057644669741,5,0,off,0,0,0.0,0.0,0.0,0.4090228107981382,0.021806125996634288,0.31555050406977525,0.08969429939240214,-0.105299103553873,0.6912599500987678,0.2370057644669741,0.28440691736036894
hrl,multi,0,weighted_cka,1,146,2.0053134668224777,300.8,0.6991055607795715,0.6805592775344849,0,0.0,0.33421891113707963,5,0,off,0,0,0.0,0.0,0.0,0.2630550777237217,0.168980267911218,0.2386815197542309,0.06145572304725633,0.23351360265724352,1.039627275728807,0.33421891113707963,0.4010626933644955
hrl,multi,0,weighted_cka,1,147,2.2819872858987065,300.25,0.6372351050376892,0.3509730398654938,0,0.0,0.38033121431645106,5,0,off,0,0,0.0,0.0,0.0,0.29741973904054575,0.07578329514805215,0.3245388703113421,0.39254481446597483,0.5177747647019567,0.673925802230835,0.38033121431645106,0.4563974571797413
hrl,multi,0,weighted_cka,1,148,3.1181212474485505,215.49999999999997,0.708781361579895,0.7005475759506226,1,0.0,0.5196868745747584,5,0,off,0,0,0.0,0.0,0.0,0.5287787784087121,0.13643243975192298,0.19397931790538125,0.13957581806555375,0.6290772370505145,1.4902776562664657,0.5196868745747584,0.62362424948971
hrl,multi,0,weighted_cka,1,149,2.8031394418340154,300.70000000000005,0.714865505695343,0.7053784132003784,1,0.0,0.4671899069723358,5,0,off,0,0,0.0,0.0,0.0,0.5614090009550563,0.448937329047825,0.32444941303413355,-0.18490696211122148,0.5655244533866642,1.0877262075215577,0.4671899069723358,0.560627888366803
hrl,multi,0,weighted_cka,1,150,3.0782080572764383,233.5,0.7063160538673401,0.7005259394645691,1,0.0,0.5130346762127397,5,0,off,0,0,0.0,0.0,0.0,0.9438121192745746,0.061953539691865345,0.2779905243944376,0.4024750948048311,0.7176767931114881,0.6742999859992412,0.5130346762127397,0.6156416114552876
hrl,multi,0,weighted_cka,1,151,1.880339683985465,300.30000000000007,0.6130563616752625,0.3251287043094635,0,0.0,0.3133899473309108,5,0,off,0,0,0.0,0.0,0.0,0.44164203863451235,0.16381449530646197,0.2273897879011928,-0.18053060244402178,0.16867321260785673,1.0593507519794627,0.3133899473309108,0.376067936797093
hrl,multi,0,weighted_cka,1,152,1.5150639704209161,300.75,0.5922772288322449,0.3564591705799103,0,0.0,0.2525106617368193,5,0,off,0,0,0.0,0.0,0.0,0.35169796977960477,0.1383667843807488,0.5142735475567167,0.036266153623699005,0.18421392025984806,0.29024559482029866,0.2525106617368193,0.3030127940841832
hrl,multi,0,weighted_cka,1,153,2.269060599204132,300.74999999999994,0.6240204572677612,0.2889176607131958,0,0.0,0.37817676653402205,5,0,off,0,0,0.0,0.0,0.0,0.4354622379966311,0.1682410902772098,0.19531803344190113,0.0920478904631743,0.33584257361858355,1.0421487734066321,0.37817676653402205,0.4538121198408264
hrl,multi,0,weighted_cka,1,154,2.398710595477558,300.3,0.6939316391944885,0.6424597501754761,0,0.0,0.39978509924625966,5,0,off,0,0,0.0,0.0,0.0,0.5391105512855572,0.13259796480461938,0.06697741995123209,-0.02664453503326528,0.6004278107022399,1.0862413837671745,0.39978509924625966,0.47974211909551157
hrl,multi,0,weighted_cka,1,155,1.877542311811749,300.95000000000005,0.5784004330635071,0.3433884382247925,0,0.0,0.3129237186352915,5,0,off,0,0,0.0,0.0,0.0,0.37763778953824634,0.046568598097190175,0.27427064069034524,0.13097637246665528,0.022366045431466607,1.0257228655878454,0.3129237186352915,0.3755084623623498
hrl,multi,0,weighted_cka,1,156,2.4234314658149136,300.15,0.6930147409439087,0.630397379398346,0,0.0,0.4039052443024856,5,0,off,0,0,0.0,0.0,0.0,0.42141771207354006,0.6334203958327415,0.09712522119283662,0.10902247122302634,0.5056031608139163,0.6568425046788529,0.4039052443024856,0.48468629316298273
hrl,multi,0,weighted_cka,1,157,2.8122150412211653,298.70000000000005,0.7129150032997131,0.7045385241508484,1,0.0,0.4687025068701942,5,0,off,0,0,0.0,0.0,0.0,0.5714868611922719,0.2057599925603717,0.31384274439839616,0.5169267756805055,0.5447128509827889,0.6594858164068313,0.4687025068701942,0.5624430082442331
hrl,multi,0,weighted_cka,1,158,1.8032122778652928,300.6,0.5650966167449951,0.23991544544696808,0,0.0,0.30053537964421545,5,0,off,0,0,0.0,0.0,0.0,0.17420401099731642,0.3474507543798535,0.024025781814474522,0.0681013333057053,0.14608824813924715,1.0433421492286958,0.30053537964421545,0.3606424555730586
hrl,multi,0,weighted_cka,1,159,2.928008024932484,286.94999999999993,0.7095192670822144,0.7017249464988708,1,0.0,0.4880013374887473,5,0,off,0,0,0.0,0.0,0.0,0.891802068337798,0.15997177221148728,0.29142598666157554,0.11801585554471217,0.6883793997513129,0.7784129424255981,0.4880013374887473,0.5856016049864967
hrl,multi,0,weighted_cka,1,160,1.7942741119453207,300.6,0.5407911539077759,0.22390945255756378,0,0.0,0.2990456853242202,5,0,off,0,0,0.0,0.0,0.0,0.3063084193908141,0.5422768326103685,0.04342911543324579,-0.029962818796746577,0.617937212276738,0.31428535103090105,0.2990456853242202,0.35885482238906424
hrl,multi,0,weighted_cka,1,161,2.293920943697797,300.25,0.6397078633308411,0.38026130199432373,0,0.0,0.38232015728296614,5,0,off,0,0,0.0,0.0,0.0,0.23832699460105466,0.14359326221421354,0.2301027379622682,0.4853451615390366,0.5270545869083142,0.6694982004729099,0.38232015728296614,0.45878418873955934
hrl,multi,0,weighted_cka,1,162,2.8640444971706245,292.6,0.7077690362930298,0.703251302242279,1,0.0,0.4773407495284374,5,0,off,0,0,0.0,0.0,0.0,0.6584632740875237,0.1354352435246109,0.20518334697745733,0.454292156526353,0.7480135743021964,0.6626569017524829,0.4773407495284374,0.5728088994341249
hrl,multi,0,weighted_cka,1,163,1.8502129481811531,300.54999999999995,0.5052770376205444,0.17854467034339905,0,0.0,0.30836882469685883,5,0,off,0,0,0.0,0.0,0.0,0.5469351558964699,0.43211186300544047,0.1127761715091764,-0.012540089040529112,0.10846009300916887,0.6624697538014268,0.30836882469685883,0.3700425896362306
hrl,multi,0,weighted_cka,1,164,2.310736127056431,300.70000000000005,0.6490455269813538,0.3847050070762634,0,0.0,0.3851226878427385,5,0,off,0,0,0.0,0.0,0.0,0.4592716050874439,0.2761969780810176,0.1036871744906529,0.10271317545924097,-0.040984260085853916,1.4098514540239295,0.3851226878427385,0.4621472254112862
hrl,multi,0,weighted_cka,1,165,2.357438212180733,300.65000000000003,0.6663066148757935,0.4975711405277252,0,0.0,0.3929063686967889,5,0,off,0,0,0.0,0.0,0.0,0.8756461534509433,0.5170238054501822,0.48960142930084827,-0.12765674373727257,0.21193840820528553,0.3908851595107466,0.3929063686967889,0.4714876424361467
hrl,multi,0,weighted_cka,1,166,2.932391823351266,279.0,0.7105188965797424,0.7032464146614075,1,0.0,0.4887319705585443,5,0,off,0,0,0.0,0.0,0.0,0.6764109222530386,0.40971059937297805,0.47236076124245285,0.15455309049319466,0.4547874065041541,0.7645690434854479,0.4887319705585443,0.5864783646702532
hrl,multi,0,weighted_cka,1,167,2.8622213615105876,284.65,0.704501211643219,0.7001178860664368,1,0.0,0.477036893585098,5,0,off,0,0,0.0,0.0,0.0,1.0875832558519902,0.13529803231311943,-0.052928818390239066,0.42148023626906783,0.5030171010686716,0.767771554397978,0.477036893585098,0.5724442723021176
hrl,multi,0,weighted_cka,1,168,1.8283013802629307,300.45000000000005,0.5754101872444153,0.24258719384670258,0,0.0,0.30471689671048835,5,0,off,0,0,0.0,0.0,0.0,0.48641499700769764,0.49289287398749704,0.05476450853748238,0.004107248475774962,0.5182655489137394,0.27185620334073896,0.30471689671048835,0.36566027605258605
hrl,multi,0,weighted_cka,1,169,1.8593045514538364,300.15,0.5794874429702759,0.3374890983104706,0,0.0,0.30988409190897276,5,0,off,0,0,0.0,0.0,0.0,0.5355953552550634,-0.12177532267244554,0.08323684486347327,0.10932918740065345,0.13985130513980382,1.1130671814672883,0.30988409190897276,0.37186091029076734
hrl,multi,0,weighted_cka,1,170,0.8319831736319572,300.8,0.355006605386734,0.12681376934051514,0,0.0,0.13866386227199287,5,0,off,0,0,0.0,0.0,0.0,0.207002525512769,0.17375499072298384,0.07031115999585014,-0.002746430903673207,0.027614723443519135,0.3560462048605084,0.13866386227199287,0.16639663472639146
hrl,multi,0,weighted_cka,1,171,1.0042976376236754,300.0,0.4202938973903656,0.2724360525608063,0,0.0,0.16738293960394593,5,0,off,0,0,0.0,0.0,0.0,0.5361710108379483,0.5027858255454337,-0.09972005841019572,0.04256250835780495,0.05387772711366398,-0.03137937582097948,0.16738293960394593,0.20085952752473513
hrl,multi,0,weighted_cka,1,172,2.3506771721621136,300.95,0.6866650581359863,0.6002209782600403,0,0.0,0.39177952869368554,5,0,off,0,0,0.0,0.0,0.0,0.46198964404722176,0.5286775830201803,0.11348761970549814,-0.052130849447858216,0.6278587658569666,0.670794408980105,0.39177952869368554,0.4701354344324226
hrl,multi,0,weighted_cka,1,173,2.876864655766775,286.35,0.7085512280464172,0.7001503109931946,1,0.0,0.47947744262779574,5,0,off,0,0,0.0,0.0,0.0,0.9301731346815357,0.13936719848541523,0.08099293233454219,0.011976693613454482,0.6204610854811033,1.093893611170724,0.47947744262779574,0.5753729311533549
hrl,multi,0,weighted_cka,1,174,2.3039350900461133,300.5,0.6516000628471375,0.4295191168785095,0,0.0,0.3839891816743522,5,0,off,0,0,0.0,0.0,0.0,0.015142901333048644,0.49432129496522237,0.09165943676815358,0.5214720090795307,0.928659591767442,0.25267985613271593,0.3839891816743522,0.46078701800922267
hrl,multi,0,weighted_cka,1,175,2.9370939678468413,268.25,0.7077681422233582,0.7002638578414917,1,0.0,0.48951566130780694,5,0,off,0,0,0.0,0.0,0.0,0.9149954743405103,0.48637599399453013,0.1556453747674822,0.22022106737086133,0.048283089864649575,1.111572967508808,0.48951566130780694,0.5874187935693683
hrl,multi,0,weighted_cka,1,176,2.850169834706384,291.15,0.7113161087036133,0.7032743096351624,1,0.0,0.47502830578439736,5,0,off,0,0,0.0,0.0,0.0,0.910067195566371,-0.09422789084818234,0.7230834252813364,0.014523294574289934,0.1991569227874277,1.0975668873451416,0.47502830578439736,0.5700339669412768
hrl,multi,0,weighted_cka,1,177,2.3807651397847325,300.3,0.6780397891998291,0.5731022953987122,0,0.0,0.39679418996412213,5,0,off,0,0,0.0,0.0,0.0,0.8626046107107538,0.5342539957999249,0.4974596603298559,-0.08433460423396916,0.165805174931418,0.4049763022467494,0.39679418996412213,0.4761530279569466
hrl,multi,0,weighted_cka,1,178,2.3287723530522078,300.2,0.6578372716903687,0.4497931897640228,0,0.0,0.3881287255087013,5,0,off,0,0,0.0,0.0,0.0,0.4923785883709786,0.31094105944409955,0.1084769031312316,-0.03224574000225412,0.4741173922405576,0.9751041498675943,0.3881287255087013,0.46575447061044156
hrl,multi,0,weighted_cka,1,179,1.4520356602950653,300.7,0.5134167671203613,0.2775925099849701,0,0.0,0.24200594338251089,5,0,off,0,0,0.0,0.0,0.0,0.3724893782229626,0.2845517023252322,0.1858921948047354,0.033584597099572316,-0.1491695845483631,0.7246873723909258,0.24200594338251089,0.29040713205901303
hrl,multi,0,weighted_cka,1,180,2.9051020901214324,279.55,0.7137603759765625,0.7027649879455566,1,0.0,0.4841836816869054,5,0,off,0,0,0.0,0.0,0.0,0.08423842743202092,0.09769960673153388,0.14243198838829985,1.022839191810926,0.05984140116395409,1.4980514745946976,0.4841836816869054,0.5810204180242865
hrl,multi,0,weighted_cka,1,181,2.9050506018473934,279.55,0.7089246511459351,0.7045597434043884,1,0.0,0.4841751003078989,5,0,off,0,0,0.0,0.0,0.0,0.6580574859461921,0.25473179844766847,0.5070231840820051,0.3203052283828145,0.4674225264815612,0.6975103785071521,0.4841751003078989,0.5810101203694786
hrl,multi,0,weighted_cka,1,182,3.0035669212605334,247.90000000000003,0.7127033472061157,0.7055737376213074,1,0.0,0.5005944868767555,5,0,off,0,0,0.0,0.0,0.0,0.4743753334570209,0.724311891524121,0.04703123567439606,0.11648451786721115,0.607931936867535,1.033432005870249,0.5005944868767555,0.6007133842521066
hrl,multi,0,weighted_cka,1,183,1.9676829823840518,300.25000000000006,0.6727238893508911,0.5897228121757507,0,0.0,0.3279471637306753,5,0,off,0,0,0.0,0.0,0.0,0.40329497094824873,0.4605498195610124,0.13905184955708672,0.11841261249873769,0.16005929613811887,0.6863144336808473,0.3279471637306753,0.39353659647681033
hrl,multi,0,weighted_cka,1,184,2.9905319861753137,255.14999999999998,0.7120252847671509,0.7045004367828369,1,0.0,0.49842199769588563,5,0,off,0,0,0.0,0.0,0.0,0.43034643389098326,0.30854072782210995,0.38027054437540925,0.5814475000626406,0.6317848763149231,0.6581419037092477,0.49842199769588563,0.5981063972350628
hrl,multi,0,weighted_cka,1,185,2.9924202714883656,260.35,0.7063826322555542,0.7002387642860413,1,0.0,0.4987367119147276,5,0,off,0,0,0.0,0.0,0.0,0.8944069286179436,0.6219055032711475,0.08325057799182822,0.15957777440559573,0.6031972855292259,0.6300822016726247,0.4987367119147276,0.5984840542976732
hrl,multi,0,weighted_cka,1,186,1.7709822439361882,300.75,0.5904775857925415,0.22692450881004333,0,0.0,0.295163707322698,5,0,off,0,0,0.0,0.0,0.0,0.20119117405117093,0.3538064689170568,0.07340393077675245,-0.004781198699027354,0.5282335119850466,0.6191283569051883,0.295163707322698,0.35419644878723755
hrl,multi,0,weighted_cka,1,187,1.5460322046234087,300.45000000000005,0.6237268447875977,0.453281432390213,0,0.0,0.25767203410390144,5,0,off,0,0,0.0,0.0,0.0,0.5007125217481514,0.17168996754102395,0.41035592797771087,0.16229826599359498,-0.03871562293657943,0.3396911442995071,0.25767203410390144,0.30920644092468175
hrl,multi,0,weighted_cka,1,188,3.0521154271976374,232.04999999999998,0.703944981098175,0.7010859847068787,1,0.0,0.5086859045329396,5,0,off,0,0,0.0,0.0,0.0,0.6474327527268322,0.6497449804134666,0.11436927541065955,0.39879359912499773,0.5651072689402207,0.6766675505814608,0.5086859045329396,0.6104230854395276
hrl,multi,0,weighted_cka,1,189,3.0269045454202037,248.15,0.7077164649963379,0.7029207944869995,1,0.0,0.5044840909033673,5,0,off,0,0,0.0,0.0,0.0,0.9187395884441211,0.6126233184076845,0.4812586711402981,0.40292064617073614,0.6800968365920707,-0.06873451533470655,0.5044840909033673,0.6053809090840407
hrl,multi,0,weighted_cka,1,190,1.3380034113480699,300.4,0.44487857818603516,0.1714882254600525,0,0.0,0.22300056855801167,5,0,off,0,0,0.0,0.0,0.0,-0.27005887711417775,0.5187532990963662,0.11611503974336657,-0.13645407928540979,0.7243997035063803,0.3852483254015446,0.22300056855801167,0.26760068226961403
hrl,multi,0,weighted_cka,1,191,2.294867202759999,300.45,0.6393702626228333,0.35446083545684814,0,0.0,0.3824778671266665,5,0,off,0,0,0.0,0.0,0.0,0.4881680554710326,0.5116203990043139,0.07833750798553218,-0.040236752087017616,0.21666071039228685,1.040317281993851,0.3824778671266665,0.4589734405519998
hrl,multi,0,weighted_cka,1,192,2.872483052815403,286.65,0.7118468880653381,0.7005297541618347,1,0.0,0.47874717546923384,5,0,off,0,0,0.0,0.0,0.0,0.5247179947388356,0.20458796149492242,0.08237185128964475,0.538043621118646,0.05118582775769731,1.471575796415657,0.47874717546923384,0.5744966105630807
hrl,multi,0,weighted_cka,1,193,1.9717239418374062,300.4000000000001,0.6837948560714722,0.5969949960708618,0,0.0,0.32862065697290105,5,0,off,0,0,0.0,0.0,0.0,0.5245196916610873,0.24393875291757272,0.04924964343593441,0.32100102308860357,0.20681565682124337,0.6261991739129648,0.32862065697290105,0.3943447883674812
hrl,multi,0,weighted_cka,1,194,2.918685030053217,270.6,0.7118155360221863,0.7045970559120178,1,0.0,0.4864475050088695,5,0,off,0,0,0.0,0.0,0.0,0.5113887008542659,0.47661647538980445,0.09604944060137477,0.4325036913170478,0.6383575901907751,0.7637691316999496,0.4864475050088695,0.5837370060106435
hrl,multi,0,weighted_cka,1,195,1.984843439956724,300.15,0.6821962594985962,0.650938868522644,0,0.0,0.33080723999278744,5,0,off,0,0,0.0,0.0,0.0,0.2921420255568514,0.4911308740528765,0.48164876605523743,0.4375500480977351,0.34277686470188184,-0.06040513850785793,0.33080723999278744,0.3969686879913449
hrl,multi,0,weighted_cka,1,196,2.936198804208746,274.0,0.707950234413147,0.7034120559692383,1,0.0,0.48936646736812434,5,0,off,0,0,0.0,0.0,0.0,1.0396304020078384,-0.04322512738592936,0.4652228745189203,0.13992418506368987,0.6446102062389253,0.6900362637653015,0.48936646736812434,0.5872397608417492
hrl,multi,0,weighted_cka,1,197,1.8758565909362623,300.3,0.5698071718215942,0.3512852191925049,0,0.0,0.31264276515604367,5,0,off,0,0,0.0,0.0,0.0,0.5023112299561032,0.6212540077440206,0.022263840062543675,-0.22247041248530178,0.19613452273607246,0.7563634029228241,0.31264276515604367,0.3751713181872524
hrl,multi,0,weighted_cka,1,198,2.9793344235657497,260.1,0.7047408819198608,0.7012854814529419,1,0.0,0.49655573726095836,5,0,off,0,0,0.0,0.0,0.0,0.8752594307660618,0.544543427936267,0.5307195543795823,0.34819126991659854,0.7374227718897163,-0.056802031322475535,0.49655573726095836,0.5958668847131501
hrl,multi,0,weighted_cka,1,199,1.8878948629448589,300.95000000000005,0.615607738494873,0.30669790506362915,0,0.0,0.31464914382414316,5,0,off,0,0,0.0,0.0,0.0,0.6278975044377146,0.14946781231276685,0.09423391929827618,0.20153626327248617,0.12534544310346218,0.6894139205201528,0.31464914382414316,0.3775789725889718
hrl,multi,0,weighted_cka,1,200,1.8586073870214448,300.5,0.5542709827423096,0.3193841576576233,0,0.0,0.30976789783690745,5,0,off,0,0,0.0,0.0,0.0,0.261564230673073,0.060305402054975143,0.631397593344096,0.22948880072883887,0.2823855306990444,0.3934658295214176,0.30976789783690745,0.37172147740428896
hrl,multi,0,weighted_cka,1,201,3.063424845821416,233.20000000000002,0.7098976373672485,0.7007302641868591,1,0.0,0.5105708076369025,5,0,off,0,0,0.0,0.0,0.0,0.5882957525966921,0.2892314864359795,0.4691404910804994,0.5350817129984496,0.4678488327057565,0.7138265700040385,0.5105708076369025,0.612684969164283
hrl,multi,0,weighted_cka,1,202,2.9458576094357287,264.95,0.7079716324806213,0.7013806700706482,1,0.0,0.49097626823928814,5,0,off,0,0,0.0,0.0,0.0,0.4985846485253421,0.32804838819941495,1.1052317055319434,0.07780226361192755,0.6158433826370163,0.32034722093008455,0.49097626823928814,0.5891715218871457
hrl,multi,0,weighted_cka,1,203,3.006784503500372,251.95,0.7037070989608765,0.7006043195724487,1,0.0,0.5011307505833953,5,0,off,0,0,0.0,0.0,0.0,0.5682568986113181,0.6457491395231335,0.4201757716150022,0.37415103790780985,0.24342203956004216,0.7550296162830665,0.5011307505833953,0.6013569007000743
hrl,multi,0,weighted_cka,1,204,1.8741809171569905,300.0,0.5653645396232605,0.3088970184326172,0,0.0,0.3123634861928318,5,0,off,0,0,0.0,0.0,0.0,0.4561601283597554,-0.07500112111493965,0.04698008235683648,-0.05338504008128084,0.39152682613278733,1.1079000415038318,0.3123634861928318,0.37483618343139813
hrl,multi,0,weighted_cka,1,205,1.416580147727415,300.6,0.5211279392242432,0.2509174346923828,0,0.0,0.23609669128790248,5,0,off,0,0,0.0,0.0,0.0,0.1909792796690013,0.07602254276035803,0.09228796398080874,0.04442591916397207,0.30881195295043273,0.7040524892028421,0.23609669128790248,0.28331602954548296
hrl,multi,0,weighted_cka,1,206,1.9526177896822348,300.0,0.6464425325393677,0.5429600477218628,0,0.0,0.3254362982803725,5,0,off,0,0,0.0,0.0,0.0,0.671487304098306,0.634057531277649,0.36929699555318796,0.18898929576007117,0.11537075596442437,-0.026584092971403152,0.3254362982803725,0.39052355793644705
hrl,multi,0,weighted_cka,1,207,2.275272341249104,300.34999999999997,0.6426684260368347,0.35838979482650757,0,0.0,0.37921205687485066,5,0,off,0,0,0.0,0.0,0.0,0.11074555482994741,0.5859822769686578,0.07773582867812356,-0.21161849089882917,0.2393153655286877,1.4731118061425166,0.37921205687485066,0.45505446824982076
hrl,multi,0,weighted_cka,1,208,1.820967944882192,300.6,0.6098995208740234,0.26205649971961975,0,0.0,0.30349465748036536,5,0,off,0,0,0.0,0.0,0.0,0.37772028888366166,0.7194246904461178,-0.07814127271436173,0.19054322822106745,0.6437995735518633,-0.03237856350615621,0.30349465748036536,0.36419358897643844
hrl,multi,0,weighted_cka,1,209,3.003984876700222,255.3,0.710049569606781,0.7013221979141235,1,0.0,0.5006641461167036,5,0,off,0,0,0.0,0.0,0.0,0.9878710586964151,0.43541067166626446,0.45902015268435925,0.39734704523975956,0.43396258166944585,0.2903733667439781,0.5006641461167036,0.6007969753400444
hrl,multi,0,weighted_cka,1,210,3.1007973511445504,220.15,0.7050694227218628,0.7024200558662415,1,0.0,0.5167995585240918,5,0,off,0,0,0.0,0.0,0.0,0.8753547978191635,0.4886824131067842,0.0710670900772965,-0.021022197855636582,0.5707692356288897,1.1159460123680534,0.5167995585240918,0.62015947022891
hrl,multi,0,weighted_cka,1,211,2.8558033224154458,282.05,0.7056161165237427,0.7002582550048828,1,0.0,0.4759672204025743,5,0,off,0,0,0.0,0.0,0.0,0.9050319052733246,0.701991821059957,0.4023277391344308,0.3095394974756054,0.5724222907652582,-0.03550993129312993,0.4759672204025743,0.5711606644830891
hrl,multi,0,weighted_cka,1,212,2.945417925172636,258.9,0.7072428464889526,0.7005403637886047,1,0.0,0.49090298752877265,5,0,off,0,0,0.0,0.0,0.0,0.8417048645938628,0.598819458474405,0.43132592885091425,0.4145503527944673,0.30410434212407544,0.35491297833491114,0.49090298752877265,0.5890835850345272
hrl,multi,0,weighted_cka,1,213,0.8909822451780189,300.0,0.34270018339157104,0.1351635754108429,0,0.0,0.1484970408630032,5,0,off,0,0,0.0,0.0,0.0,0.08606880137982031,-0.07905774208996469,0.11072160578146573,0.04374524137377736,0.7632053384324534,-0.03370099969953298,0.1484970408630032,0.17819644903560383
hrl,multi,0,weighted_cka,1,214,1.4161857910636222,300.9,0.5029516816139221,0.24925798177719116,0,0.0,0.23603096517727037,5,0,off,0,0,0.0,0.0,0.0,0.16424081224368958,0.15683256604522455,0.1429638556018471,-0.07580038975874784,0.2863694140552542,0.7415795328763547,0.23603096517727037,0.28323715821272444
hrl,multi,0,weighted_cka,1,215,1.6927379605453554,300.95,0.5101746320724487,0.1409420222043991,0,0.0,0.2821229934242259,5,0,off,0,0,0.0,0.0,0.0,0.2983499757430397,0.39045139022357755,-0.09512716740119516,-0.10014419035613548,0.06673997587194735,1.1324679764641217,0.2821229934242259,0.33854759210907115
hrl,multi,0,weighted_cka,1,216,1.2720163573299992,300.9,0.4561549127101898,0.13987936079502106,0,0.0,0.21200272622166652,5,0,off,0,0,0.0,0.0,0.0,0.1494184937699461,0.22899179857317353,0.10068030276801432,0.20098245879251017,0.30577606614772224,0.2861672372786328,0.21200272622166652,0.25440327146599984
hrl,multi,0,weighted_cka,1,217,1.955451613905507,300.95,0.646179735660553,0.5365684032440186,0,0.0,0.3259086023175845,5,0,off,0,0,0.0,0.0,0.0,0.9695459028505719,0.2577567384401336,-0.006794353316072428,0.17373197865494844,0.3134029938261955,0.24780835344973012,0.3259086023175845,0.39109032278110145
hrl,multi,0,weighted_cka,1,218,1.4493012337421525,300.0,0.526191771030426,0.3250506520271301,0,0.0,0.24155020562369203,5,0,off,0,0,0.0,0.0,0.0,0.3093245601411905,-0.07127444342803228,0.1508926074225454,0.07668971745460285,0.2861814346648752,0.6974873574869707,0.24155020562369203,0.2898602467484305
hrl,multi,0,weighted_cka,1,219,1.4288507592046247,300.94999999999993,0.4795324206352234,0.30211141705513,0,0.0,0.23814179320077078,5,0,off,0,0,0.0,0.0,0.0,0.28980870883945276,0.1504222529525867,0.08156246870546591,-0.003618847198551569,0.23787793621188014,0.6727982396937906,0.23814179320077078,0.2857701518409249
hrl,multi,0,weighted_cka,1,220,2.4254939698161273,300.44999999999993,0.6715860366821289,0.5207201838493347,0,0.0,0.40424899496935457,5,0,off,0,0,0.0,0.0,0.0,0.5693341812174184,0.3428602712303399,0.4115345618408172,0.24336980821885643,0.19281140657607446,0.6655837407326208,0.40424899496935457,0.48509879396322547
hrl,multi,0,weighted_cka,1,221,3.048451787785224,242.4,0.7048910856246948,0.7001477479934692,1,0.0,0.5080752979642041,5,0,off,0,0,0.0,0.0,0.0,1.007185260419035,0.12045042522434946,0.389432139619952,0.3719157483521848,0.7626956486310809,0.39677256553862245,0.5080752979642041,0.6096903575570449
hrl,multi,0,weighted_cka,1,222,3.0401200356297826,243.9,0.7071453332901001,0.7046055793762207,1,0.0,0.5066866726049638,5,0,off,0,0,0.0,0.0,0.0,0.8199394198153748,0.29874816171824925,0.01506252420006773,0.429178320400213,0.38033278544619664,1.0968588240496815,0.5066866726049638,0.6080240071259565
hrl,multi,0,weighted_cka,1,223,3.0979435718881425,224.25,0.7068327069282532,0.7015333771705627,1,0.0,0.5163239286480238,5,0,off,0,0,0.0,0.0,0.0,0.9199158735538365,0.33682453303411597,0.01657061409321604,0.32550077360193236,0.7276699644867329,0.7714618131183089,0.5163239286480238,0.6195887143776286
hrl,multi,0,weighted_cka,1,224,1.838989180658451,300.7,0.608647346496582,0.265141099691391,0,0.0,0.30649819677640855,5,0,off,0,0,0.0,0.0,0.0,0.3834844544468212,0.35140582835860545,-0.017184566330164793,0.22531671049007834,0.21279644612222892,0.6831703075708822,0.30649819677640855,0.36779783613169026
hrl,multi,0,weighted_cka,1,225,2.3853454639226888,300.15,0.6656583547592163,0.48916783928871155,0,0.0,0.3975575773204481,5,0,off,0,0,0.0,0.0,0.0,0.9126708243596365,0.1401687379460781,0.09054730915994119,0.3945231909218127,0.1413482750514521,0.7060871264837683,0.3975575773204481,0.47706909278453774
hrl,multi,0,weighted_cka,1,226,3.1178105788323087,223.6,0.7056095600128174,0.7026413083076477,1,0.0,0.5196350964720514,5,0,off,0,0,0.0,0.0,0.0,0.8172194064380599,0.6551069376990198,0.5752833274127914,0.394729026896879,0.7255727154030464,-0.05010083501748741,0.5196350964720514,0.6235621157664617
hrl,multi,0,weighted_cka,1,227,2.4098938456133814,300.15,0.6916512250900269,0.6290071606636047,0,0.0,0.40164897426889684,5,0,off,0,0,0.0,0.0,0.0,0.79168235131097,0.09922051420062772,0.30955140801268843,0.46110855154955044,0.038156029303790806,0.7101749912357539,0.40164897426889684,0.4819787691226762
hrl,multi,0,weighted_cka,1,228,3.0870404505913953,233.15,0.7096875905990601,0.7003688216209412,1,0.0,0.5145067417652325,5,0,off,0,0,0.0,0.0,0.0,0.20961796051757098,0.79805270505324,0.49967681265156705,0.4275610557644539,0.4583835653122514,0.693748351292312,0.5145067417652325,0.617408090118279
hrl,multi,0,weighted_cka,1,229,3.0066561266222407,249.0,0.7071015238761902,0.7007307410240173,1,0.0,0.5011093544370401,5,0,off,0,0,0.0,0.0,0.0,0.40264629493933146,0.8571485175387933,0.5132481253027362,0.3442409846931695,0.1546921719098462,0.7346800322383642,0.5011093544370401,0.601331225324448
hrl,multi,0,weighted_cka,1,230,1.9422408875291524,300.65,0.639441192150116,0.47515419125556946,0,0.0,0.3237068145881921,5,0,off,0,0,0.0,0.0,0.0,0.053116127846529526,0.07149125568149595,0.6001019171142432,0.1958454167551242,0.3086943557122721,0.7129918144194876,0.3237068145881921,0.3884481775058305
hrl,multi,0,weighted_cka,1,231,1.4381150788166752,300.15,0.5103729367256165,0.2741594612598419,0,0.0,0.2396858464694459,5,0,off,0,0,0.0,0.0,0.0,-0.11687227937593729,1.178992806123453,-0.10609816467762015,0.31544106437564173,0.17595509017631406,-0.009303437805175781,0.2396858464694459,0.2876230157633351
hrl,multi,0,weighted_cka,1,232,2.3694829903209103,300.1,0.675338864326477,0.5574002861976624,0,0.0,0.39491383172015176,5,0,off,0,0,0.0,0.0,0.0,0.06779187207750481,1.2645596686727365,0.5034564907979219,0.41641334935219476,0.13772446654364456,-0.02046285712309182,0.39491383172015176,0.47389659806418216
hrl,multi,0,weighted_cka,1,233,3.174516772553716,207.2,0.7052364349365234,0.7014178037643433,1,0.0,0.5290861287589527,5,0,off,0,0,0.0,0.0,0.0,0.3551505500362217,0.7145301105882972,0.4471173657111357,0.5295631610736017,1.187425961622968,-0.059270376478508136,0.5290861287589527,0.6349033545107432
hrl,multi,0,weighted_cka,1,234,2.988268513076722,262.45000000000005,0.7085293531417847,0.7018779516220093,1,0.0,0.4980447521794538,5,0,off,0,0,0.0,0.0,0.0,0.36212741571193324,0.6626296618701889,0.37585068417247375,0.4608067701962134,1.1806775751048697,-0.05382359397895636,0.4980447521794538,0.5976537026153446
hrl,multi,0,weighted_cka,1,235,2.3068968556770812,300.04999999999995,0.6553536057472229,0.44462716579437256,0,0.0,0.38448280927951356,5,0,off,0,0,0.0,0.0,0.0,0.8470808274494482,0.4809302859660237,0.297152661345899,0.18067139851814118,0.6544240837584946,-0.15336240136092533,0.38448280927951356,0.46137937113541627
hrl,multi,0,weighted_cka,1,236,2.3956347707971513,300.85,0.6995846033096313,0.6726391315460205,0,0.0,0.3992724617995252,5,0,off,0,0,0.0,0.0,0.0,0.7027504315447582,0.07169678522460157,0.5282027998380362,0.3090957416980526,0.467232038496062,0.3166569739956408,0.3992724617995252,0.47912695415943024
hrl,multi,0,weighted_cka,1,237,2.9241224015254597,271.15,0.7087624073028564,0.7020988464355469,1,0.0,0.4873537335875766,5,0,off,0,0,0.0,0.0,0.0,0.8860520030813485,0.13177512695360916,0.4225092539543983,0.30559570364520167,0.395752999357879,0.7824373145330232,0.4873537335875766,0.5848244803050919
hrl,multi,0,weighted_cka,1,238,1.8716522319971571,300.20000000000005,0.5578204989433289,0.3265257775783539,0,0.0,0.3119420386661929,5,0,off,0,0,0.0,0.0,0.0,0.09519913217925913,0.5950435745330759,0.44093257281486864,0.6300477880749381,0.12401116994209582,-0.013582005547080191,0.3119420386661929,0.3743304463994315
hrl,multi,0,weighted_cka,1,239,3.0668353885202952,233.25,0.7078747153282166,0.7012498378753662,1,0.0,0.5111392314200492,5,0,off,0,0,0.0,0.0,0.0,0.3819124364399175,0.31067867327202103,0.5186088523548095,0.38149622762412755,1.1666776421749963,0.3074615566544235,0.5111392314200492,0.6133670777040592
hrl,multi,0,weighted_cka,1,240,3.1068442386794364,222.45000000000002,0.7073431015014648,0.7003315687179565,1,0.0,0.5178073731132393,5,0,off,0,0,0.0,0.0,0.0,0.981906455774675,0.233417489407584,0.44938563102716567,0.41442195514903857,0.3802849619453772,0.647427745375596,0.5178073731132393,0.6213688477358872
hrl,multi,0,weighted_cka,1,241,3.1856939537646243,205.25,0.7056225538253784,0.7007803916931152,1,0.0,0.5309489922941041,5,0,off,0,0,0.0,0.0,0.0,0.8733783677984027,0.2179625602141022,0.558285865488462,0.44891391418501725,0.3636698805876075,0.7234833654910326,0.5309489922941041,0.6371387907529249
hrl,multi,0,weighted_cka,1,242,2.271940485796791,300.70000000000005,0.6291976571083069,0.30260711908340454,0,0.0,0.3786567476327985,5,0,off,0,0,0.0,0.0,0.0,0.538733538259868,0.41795168297551566,0.5000879142684861,-0.02876507016809785,0.12449187524034636,0.7194405452206731,0.3786567476327985,0.45438809715935824
hrl,multi,0,weighted_cka,1,243,3.051384892851637,243.74999999999997,0.7022887468338013,0.7002295851707458,1,0.0,0.5085641488086062,5,0,off,0,0,0.0,0.0,0.0,0.894183423186303,0.5545172084178774,0.44298021026188494,0.05202653145871583,0.7998446602072217,0.3078328593196347,0.5085641488086062,0.6102769785703275
hrl,multi,0,weighted_cka,1,244,3.0846913944021273,231.7,0.7024811506271362,0.7007202506065369,1,0.0,0.5141152324003546,5,0,off,0,0,0.0,0.0,0.0,0.44378818250920793,0.6095007988815194,0.41830883621517556,0.10932637689268443,1.1935922199962659,0.3101749799072742,0.5141152324003546,0.6169382788804255
hrl,multi,0,weighted_cka,1,245,1.3919911593512069,300.5,0.495614230632782,0.28368958830833435,0,0.0,0.23199852655853448,5,0,off,0,0,0.0,0.0,0.0,0.03720358521514511,0.33610414585098614,0.09683183135278517,0.4207883449463551,0.18079147240589366,0.32027177958004177,0.23199852655853448,0.2783982318702414
hrl,multi,0,weighted_cka,1,246,1.9630675511521627,300.85,0.6399961113929749,0.5292730331420898,0,0.0,0.3271779251920271,5,0,off,0,0,0.0,0.0,0.0,0.4432705220498607,-0.03527038001432098,0.20254794778581697,0.26870484572026165,0.3241271431028143,0.75968747250773,0.3271779251920271,0.39261351023043256
hrl,multi,0,weighted_cka,1,247,3.0335897068842654,242.9,0.7057041525840759,0.7018736004829407,1,0.0,0.505598284480711,5,0,off,0,0,0.0,0.0,0.0,0.30001463434402814,0.3629884718507528,0.5489608861054293,0.3326014018107088,1.1330625312067566,0.35596178156659003,0.505598284480711,0.6067179413768532
hrl,multi,0,weighted_cka,1,248,2.8535211070153386,288.85,0.7093299031257629,0.7053447365760803,1,0.0,0.47558685116922317,5,0,off,0,0,0.0,0.0,0.0,0.5150265110526232,0.9421621190980076,0.36980034213676105,-0.019833073845133276,0.3880612227786331,0.6583039857944474,0.47558685116922317,0.5707042214030678
hrl,multi,0,weighted_cka,1,249,2.3050596608480616,300.50000000000006,0.6427313089370728,0.38251277804374695,0,0.0,0.3841766101413437,5,0,off,0,0,0.0,0.0,0.0,-0.3120084741503891,0.25684553221114026,0.5736781399285827,0.5931768454052797,0.04810981064848591,1.1452578068049626,0.3841766101413437,0.4610119321696124
hrl,multi,0,weighted_cka,1,250,3.132528467903163,215.70000000000002,0.7046855092048645,0.7003160715103149,1,0.0,0.5220880779838606,5,0,off,0,0,0.0,0.0,0.0,0.5847396411616353,0.8553509853156283,0.39245402559312054,0.3978828407141554,0.5315718541068489,0.370529121011775,0.5220880779838606,0.6265056935806327
hrl,multi,0,weighted_cka,1,251,2.9866240064660134,264.65000000000003,0.7115800976753235,0.7041065692901611,1,0.0,0.49777066774433565,5,0,off,0,0,0.0,0.0,0.0,0.9494433494131079,0.341057701663114,0.3629295887099578,0.012283352756930845,0.5625094042325799,0.7584006096903234,0.49777066774433565,0.5973248012932028
hrl,multi,0,weighted_cka,1,252,2.321160998427797,300.34999999999997,0.6556564569473267,0.42636096477508545,0,0.0,0.3868601664046329,5,0,off,0,0,0.0,0.0,0.0,-0.024330027578748015,0.7460999539401382,0.010475376439280659,0.2435312819480895,0.6607669755551031,0.684617438123934,0.3868601664046329,0.46423219968555945
hrl,multi,0,weighted_cka,1,253,2.8738449713825354,283.80000000000007,0.70991051197052,0.7034770846366882,1,0.0,0.4789741618970893,5,0,off,0,0,0.0,0.0,0.0,-0.03927373873454071,0.6134706765236914,0.0744599053645505,0.26470501321030304,1.1652399452598763,0.7952431697586552,0.4789741618970893,0.5747689942765072
hrl,multi,0,weighted_cka,1,254,2.933385908157718,266.6,0.7024378180503845,0.7010641694068909,1,0.0,0.48889765135961977,5,0,off,0,0,0.0,0.0,0.0,0.4752073436859062,0.33629916367679824,0.3954404765833168,0.31392083392525083,1.07761108912366,0.33490700116278604,0.48889765135961977,0.5866771816315437
hrl,multi,0,weighted_cka,1,255,2.9198069624968532,273.9,0.7076270580291748,0.7025295495986938,1,0.0,0.48663449374947554,5,0,off,0,0,0.0,0.0,0.0,0.4714179954394929,0.32840585042163717,0.4266009953115134,0.8814600403408256,0.45889471229154133,0.353027368691843,0.48663449374947554,0.5839613924993706
hrl,multi,0,weighted_cka,1,256,1.8197392744964938,300.4,0.5542133450508118,0.267934113740921,0,0.0,0.303289879082749,5,0,off,0,0,0.0,0.0,0.0,-0.07856261651165566,0.8669320361912249,0.4415398857919498,0.10436015811513033,0.13397529946756537,0.35149451144227933,0.303289879082749,0.3639478548992988
hrl,multi,0,weighted_cka,1,257,2.35625805330848,300.79999999999995,0.6513412594795227,0.4256812036037445,0,0.0,0.3927096755514134,5,0,off,0,0,0.0,0.0,0.0,0.3174344774675555,0.473310113241896,0.7877048129569154,0.39917448869813227,0.10014702564477902,0.27848713529920194,0.3927096755514134,0.4712516106616961
hrl,multi,0,weighted_cka,1,258,2.9610662467423814,259.25,0.7055203914642334,0.7007883191108704,1,0.0,0.49351104112373023,5,0,off,0,0,0.0,0.0,0.0,0.5083628383167086,1.268072090427391,0.37269327148655423,-0.028198113550665,0.4605276552680878,0.3796085047943052,0.49351104112373023,0.5922132493484763
hrl,multi,0,weighted_cka,1,259,2.987023644555231,264.20000000000005,0.7079522013664246,0.7010666131973267,1,0.0,0.49783727409253853,5,0,off,0,0,0.0,0.0,0.0,0.4461575772834766,0.8146116901887579,0.4131358810244127,0.1421413292142386,0.458466981676407,0.7125101851679387,0.49783727409253853,0.5974047289110462
hrl,multi,0,weighted_cka,1,260,3.001450667420446,255.6,0.7036547064781189,0.7003800272941589,1,0.0,0.5002417779034077,5,0,off,0,0,0.0,0.0,0.0,0.3566321392940807,0.8102386926040053,0.5078407129545229,0.5133731815104837,0.4722240034444255,0.34114193761292844,0.5002417779034077,0.6002901334840893
hrl,multi,0,weighted_cka,1,261,3.149704869679477,210.79999999999998,0.7058361768722534,0.7008633017539978,1,0.0,0.5249508116132463,5,0,off,0,0,0.0,0.0,0.0,0.05874928555113712,0.29168880048394197,0.5065444926363415,0.4457754853537771,1.1574959980640558,0.6894508075902239,0.5249508116132463,0.6299409739358955
hrl,multi,0,weighted_cka,1,262,2.901828095794445,277.09999999999997,0.7075587511062622,0.7007524371147156,1,0.0,0.4836380159657409,5,0,off,0,0,0.0,0.0,0.0,0.3793567693240473,0.3587085467816795,0.28722844378009893,0.33900638262811106,0.7840573410708456,0.7534706122096628,0.4836380159657409,0.5803656191588891
hrl,multi,0,weighted_cka,1,263,1.8902692904732987,300.65,0.6289554238319397,0.35585349798202515,0,0.0,0.31504488174554984,5,0,off,0,0,0.0,0.0,0.0,-0.0971194993878272,0.2345724938223137,0.3847456609555519,0.9098953222060807,0.08129704297838147,0.3768782698987983,0.31504488174554984,0.3780538580946598
hrl,multi,0,weighted_cka,1,264,2.8601126061174593,285.9,0.7098395228385925,0.7053025960922241,1,0.0,0.4766854343529099,5,0,off,0,0,0.0,0.0,0.0,0.2527614358564423,0.18109638279979112,0.49550702515477296,0.48717094871704447,1.1462382475184274,0.2973385660709813,0.4766854343529099,0.5720225212234918
hrl,multi,0,weighted_cka,1,265,3.1482156702685278,214.79999999999998,0.7098916172981262,0.703622579574585,1,0.0,0.5247026117114214,5,0,off,0,0,0.0,0.0,0.0,0.5268076875342521,0.2016515011889859,0.6258088922537862,0.37074736765871047,1.0467925211815161,0.3764077004512772,0.5247026117114214,0.6296431340537056
hrl,multi,0,weighted_cka,1,266,3.0452422002906436,243.9,0.7096730470657349,0.7052493691444397,1,0.0,0.5075403667151073,5,0,off,0,0,0.0,0.0,0.0,0.4666923033143392,0.3296100039314478,0.3252740260995923,0.4014264621424954,1.2008055854728443,0.3214338193299249,0.5075403667151073,0.6090484400581287
hrl,multi,0,weighted_cka,1,267,2.9827988019170113,260.8,0.7055058479309082,0.700493335723877,1,0.0,0.4971331336528353,5,0,off,0,0,0.0,0.0,0.0,0.5034298279639332,0.22348789039440442,0.4138040505144744,0.36161291781545146,1.1213755044273563,0.3590886108013918,0.4971331336528353,0.5965597603834023
hrl,multi,0,weighted_cka,1,268,3.0792336233638804,229.69999999999996,0.7059565782546997,0.7006547451019287,1,0.0,0.5132056038939801,5,0,off,0,0,0.0,0.0,0.0,0.11181079174211472,0.31065842093341045,0.45955024884990403,0.384206362542929,1.104808258514851,0.7081995407806708,0.5132056038939801,0.6158467246727761
hrl,multi,0,weighted_cka,1,269,2.8795358778675633,281.65,0.7105186581611633,0.7011236548423767,1,0.0,0.4799226463112605,5,0,off,0,0,0.0,0.0,0.0,0.007400386831490052,0.3252532959766685,0.5161745890942401,0.3084931093790655,0.6176625296100973,1.1045519669760018,0.4799226463112605,0.5759071755735127
hrl,multi,0,weighted_cka,1,270,1.4712903650133162,300.6,0.5693728923797607,0.40071582794189453,0,0.0,0.2452150608355527,5,0,off,0,0,0.0,0.0,0.0,-0.04318289260077307,0.8455788716352544,0.13691021425649513,0.2655686911221127,-0.11767925171635597,0.3840947323165834,0.2452150608355527,0.29425807300266327
hrl,multi,0,weighted_cka,1,271,1.7553398088223058,300.70000000000005,0.5242950916290283,0.15817569196224213,0,0.0,0.29255663480371763,5,0,off,0,0,0.0,0.0,0.0,-0.15377885806205466,0.02428817805484852,0.07623291335161757,0.03600623610318854,0.9855024203164501,0.7870889190582558,0.29255663480371763,0.35106796176446114
hrl,multi,0,weighted_cka,1,272,3.0052485758660237,244.15,0.7028475999832153,0.7003586888313293,1,0.0,0.5008747626443372,5,0,off,0,0,0.0,0.0,0.0,0.4900387405155341,0.3438669297434389,0.39247101904405274,0.020625239561777434,1.0587707990882915,0.699475847912929,0.5008747626443372,0.6010497151732046
hrl,multi,0,weighted_cka,1,273,3.040412103140132,236.45,0.7052431106567383,0.7044515609741211,1,0.0,0.5067353505233554,5,0,off,0,0,0.0,0.0,0.0,0.5221083287401124,0.47460191913507865,0.427561652001459,0.4088688218589521,1.2096150264539753,-0.0023436450494453333,0.5067353505233554,0.6080824206280264
hrl,multi,0,weighted_cka,1,274,2.268821483500953,300.54999999999995,0.6412195563316345,0.3670843541622162,0,0.0,0.3781369139168255,5,0,off,0,0,0.0,0.0,0.0,-0.18169992412091268,0.25717529171146447,0.43185595367732443,0.312272559466306,0.7321567633240482,0.7170608394427225,0.3781369139168255,0.4537642967001906
hrl,multi,0,weighted_cka,1,275,1.87654455350518,300.3,0.6191798448562622,0.40930718183517456,0,0.0,0.3127574255841967,5,0,off,0,0,0.0,0.0,0.0,-0.024682697372394768,0.16474763077171506,0.34190154644101844,0.19083964273842843,0.8278125963513738,0.37592583457503936,0.3127574255841967,0.37530891070103606
hrl,multi,0,weighted_cka,1,276,2.2752224754011423,300.95,0.643881618976593,0.37953221797943115,0,0.0,0.37920374590019046,5,0,off,0,0,0.0,0.0,0.0,-0.04030992894410175,0.1259131152313202,0.3167160032115059,0.3371848044732177,0.85746653760178,0.6782519438274204,0.37920374590019046,0.45504449508022854
hrl,multi,0,weighted_cka,1,277,2.9204183588402013,277.35,0.7072558403015137,0.7011107802391052,1,0.0,0.48673639314003364,5,0,off,0,0,0.0,0.0,0.0,0.46669661756083924,0.15858286394225418,0.4424311093515715,0.321662418921347,1.1494410764914935,0.3816042725726962,0.48673639314003364,0.5840836717680403
hrl,multi,0,weighted_cka,1,278,2.862106276450222,284.7,0.7073801755905151,0.7012638449668884,1,0.0,0.47701771274170374,5,0,off,0,0,0.0,0.0,0.0,-0.06039657035706497,0.23902602835744613,0.48534100144240055,0.27494923610659305,0.7997927928157149,1.1233937880851328,0.47701771274170374,0.5724212552900445
hrl,multi,0,weighted_cka,1,279,3.020753558422694,239.6,0.7072154879570007,0.7005577683448792,1,0.0,0.5034589264037824,5,0,off,0,0,0.0,0.0,0.0,0.4969488824293947,0.043114767178892954,0.3686789979884632,0.4477255298225208,1.2885680460769215,0.3757173349265009,0.5034589264037824,0.6041507116845388
hrl,multi,0,weighted_cka,1,280,2.875845268841462,282.35,0.705997884273529,0.7013168334960938,1,0.0,0.4793075448069104,5,0,off,0,0,0.0,0.0,0.0,0.5260431602054739,0.43411830792855455,-0.011202425879193567,0.40657448910009386,1.1357551188319919,0.38455661865454166,0.4793075448069104,0.5751690537682925
hrl,multi,0,weighted_cka,1,281,1.9748623197388593,300.85,0.6600095629692078,0.5172004699707031,0,0.0,0.32914371995647657,5,0,off,0,0,0.0,0.0,0.0,-0.09221759196632812,0.048338849589228586,0.054845966120017575,0.4748505189520654,0.7515143786426632,0.7375301984012127,0.32914371995647657,0.39497246394777186
hrl,multi,0,weighted_cka,1,282,3.0804188064582454,232.6,0.7083339095115662,0.7004900574684143,1,0.0,0.5134031344097076,5,0,off,0,0,0.0,0.0,0.0,0.5790836027748881,0.3347851293254642,0.384606862949673,0.34315174906480744,1.0467877689896556,0.39200369335375723,0.5134031344097076,0.6160837612916492
hrl,multi,0,weighted_cka,1,283,2.959662351730685,259.85,0.7074416875839233,0.7000662088394165,1,0.0,0.4932770586217809,5,0,off,0,0,0.0,0.0,0.0,0.4919011174051554,0.2941731734238564,0.3145195357191842,0.35895336613271955,1.1309614872641394,0.3691536717856303,0.4932770586217809,0.591932470346137
hrl,multi,0,weighted_cka,1,284,2.9727083733961295,267.55,0.7096352577209473,0.7023182511329651,1,0.0,0.49545139556602164,5,0,off,0,0,0.0,0.0,0.0,0.44248150679015075,0.4468127947226166,0.3605319486812221,0.3462591277392202,0.6507760317451319,0.7258469637177885,0.49545139556602164,0.594541674679226
hrl,multi,0,weighted_cka,1,285,3.090862835770097,231.5,0.7061552405357361,0.7039226293563843,1,0.0,0.515143805961683,5,0,off,0,0,0.0,0.0,0.0,0.5168319710651411,0.20637344659201684,0.64361557752965,0.3396192126529349,1.0348356632365028,0.34958696469385175,0.515143805961683,0.6181725671540195
hrl,multi,0,weighted_cka,1,286,1.9922585180380983,300.75,0.6798364520072937,0.6441505551338196,0,0.0,0.3320430863396831,5,0,off,0,0,0.0,0.0,0.0,-0.09825232202843498,0.4048187735714017,0.4939596464275381,0.15856283508194585,0.7078696826778468,0.325299902307801,0.3320430863396831,0.3984517036076197
hrl,multi,0,weighted_cka,1,287,3.0329315054584516,244.35,0.7045027613639832,0.7010005116462708,1,0.0,0.5054885842430754,5,0,off,0,0,0.0,0.0,0.0,0.38973262474543285,0.6848643040861934,0.4093875162778421,0.37601012336389966,1.2000601669736204,-0.02712322998853633,0.5054885842430754,0.6065863010916905
hrl,multi,0,weighted_cka,1,288,3.0271211057114513,241.5,0.7045397758483887,0.7001775503158569,1,0.0,0.504520184285242,5,0,off,0,0,0.0,0.0,0.0,0.5229463175715644,0.6444716651930938,0.39394225606974204,0.29691549032667525,1.2064086326560353,-0.037563256105659096,0.504520184285242,0.6054242211422904
hrl,multi,0,weighted_cka,1,289,2.990041986724211,257.95,0.7037016749382019,0.7001410126686096,1,0.0,0.4983403311207019,5,0,off,0,0,0.0,0.0,0.0,-0.18555408282740993,0.39424801834858947,0.5401294235987588,-0.03260433144029966,1.1501491765391254,1.1236737825054472,0.4983403311207019,0.5980083973448422
hrl,multi,0,weighted_cka,1,290,1.8083206800375704,300.35,0.5710878968238831,0.17474989593029022,0,0.0,0.3013867800062618,5,0,off,0,0,0.0,0.0,0.0,-0.07567827066243633,0.3005792440334334,0.39659837286919347,0.24292014401813475,0.5648207482830037,0.37908044149624187,0.3013867800062618,0.3616641360075142
hrl,multi,0,weighted_cka,1,291,2.3685965823118798,300.9,0.6871374845504761,0.6091402769088745,0,0.0,0.39476609705198,5,0,off,0,0,0.0,0.0,0.0,-0.010742799215018927,0.41981713968329126,-0.029797042162623393,0.3547895960942841,0.9304490464982808,0.7040806414136663,0.39476609705198,0.473719316462376
hrl,multi,0,weighted_cka,1,292,2.2643152067597887,300.9,0.6360446214675903,0.35133102536201477,0,0.0,0.37738586779329814,5,0,off,0,0,0.0,0.0,0.0,0.44390818366743023,0.29574030526913697,0.40504271709546436,0.30823123214347276,0.5191949449903328,0.29219782359395174,0.37738586779329814,0.45286304135195776
hrl,multi,0,weighted_cka,1,293,2.921853196019997,267.25000000000006,0.7113264799118042,0.7016301155090332,1,0.0,0.4869755326699996,5,0,off,0,0,0.0,0.0,0.0,0.3897880042518371,0.1448458208050578,0.7725029346290975,-0.06368938604539302,0.6183442245129261,1.060061597866472,0.4869755326699996,0.5843706392039996
hrl,multi,0,weighted_cka,1,294,3.0141107424931417,247.94999999999996,0.7051019668579102,0.7000601887702942,1,0.0,0.5023517904155237,5,0,off,0,0,0.0,0.0,0.0,0.0035662415800615417,0.23617434743139887,0.42986611270939445,1.106255028105457,0.5315682408788996,0.7066807717879302,0.5023517904155237,0.6028221484986285
hrl,multi,0,weighted_cka,1,295,1.886178684058505,300.85,0.6381138563156128,0.3765753507614136,0,0.0,0.31436311400975087,5,0,off,0,0,0.0,0.0,0.0,-0.07899721186829277,0.1757095782160758,-0.015349008021177925,0.35860104021301953,0.7774345427632796,0.668779742755601,0.31436311400975087,0.3772357368117011
hrl,multi,0,weighted_cka,1,296,2.962849454385018,264.85,0.7100622653961182,0.7022109627723694,1,0.0,0.49380824239750304,5,0,off,0,0,0.0,0.0,0.0,0.42228907332709054,0.20291291431710112,0.5248112598998703,0.2989727974326814,1.2030216101463882,0.31084179926188654,0.49380824239750304,0.5925698908770036
hrl,multi,0,weighted_cka,1,297,2.854022578342336,285.20000000000005,0.7094650864601135,0.701671302318573,1,0.0,0.47567042972372264,5,0,off,0,0,0.0,0.0,0.0,0.3465161887406538,0.16729726769961406,0.4742578290854579,-0.08120108132284093,1.224216574092046,0.722935800047405,0.47567042972372264,0.5708045156684671
hrl,multi,0,weighted_cka,1,298,1.889094512043811,300.0,0.6282811164855957,0.31051701307296753,0,0.0,0.31484908534063516,5,0,off,0,0,0.0,0.0,0.0,0.0606931488779372,0.17612326342379658,0.03151068999292317,0.32541542125918194,0.5133281069768123,0.7820238815131597,0.31484908534063516,0.3778189024087622
hrl,multi,0,weighted_cka,1,299,2.8852448001915785,280.45000000000005,0.7091467380523682,0.7020196914672852,1,0.0,0.4808741333652631,5,0,off,0,0,0.0,0.0,0.0,0.3275001535363262,0.17978617704659694,-0.07826394720841226,0.6205461576022643,1.138984006758779,0.6966922524560242,0.4808741333652631,0.5770489600383157
hrl,multi,0,weighted_cka,1,300,3.0535183926033573,241.6,0.7061978578567505,0.7022788524627686,1,0.0,0.5089197321005596,5,0,off,0,0,0.0,0.0,0.0,0.4986055187218442,0.31168654019528175,0.4122511581983417,-0.0513550601218013,1.1049800887554881,0.7773501468542032,0.5089197321005596,0.6107036785206715
hrl,multi,0,weighted_cka,1,301,2.8817218636765425,283.79999999999995,0.7055504322052002,0.7005361914634705,1,0.0,0.48028697727942377,5,0,off,0,0,0.0,0.0,0.0,0.41267655551899207,0.36313820182532064,0.44820478060189617,0.2561080392056245,1.0428828083768673,0.358711478147842,0.48028697727942377,0.5763443727353085
hrl,multi,0,weighted_cka,1,302,2.9310993521088258,268.70000000000005,0.7053008079528809,0.7007744908332825,1,0.0,0.48851655868480437,5,0,off,0,0,0.0,0.0,0.0,0.3620160549534483,0.10693271516449743,0.6146993974095675,0.3743556139853316,1.2169273882436098,0.25616818235237143,0.48851655868480437,0.5862198704217653
hrl,multi,0,weighted_cka,1,303,2.8949576947341296,269.90000000000003,0.7029916048049927,0.7003021240234375,1,0.0,0.4824929491223549,5,0,off,0,0,0.0,0.0,0.0,0.10146396667091162,0.18874129539728157,0.05215728999953709,0.3093470753814033,1.14476308793202,1.098484979352976,0.4824929491223549,0.5789915389468259
hrl,multi,0,weighted_cka,1,304,3.005976934169488,253.79999999999998,0.7106656432151794,0.7068473696708679,1,0.0,0.5009961556949147,5,0,off,0,0,0.0,0.0,0.0,-0.06351623432466308,0.025578487016260545,0.6368375820098443,0.46162004031590176,1.2448396837674078,0.7006173753847369,0.5009961556949147,0.6011953868338977
hrl,multi,0,weighted_cka,1,305,2.994521181648247,249.75,0.7081981897354126,0.703678548336029,1,0.0,0.4990868636080412,5,0,off,0,0,0.0,0.0,0.0,0.36418279899598555,0.2639958844780921,0.5724976158142089,0.3163851540179456,0.698791926726233,0.7786678016157822,0.4990868636080412,0.5989042363296495
hrl,multi,0,weighted_cka,1,306,2.9618297877269963,256.2,0.7078552842140198,0.7022402882575989,1,0.0,0.49363829795449937,5,0,off,0,0,0.0,0.0,0.0,0.4205707483376898,0.34163571029715234,0.49382557684183104,0.3227847513114101,0.6767489979258388,0.7062640030130745,0.49363829795449937,0.5923659575453992
hrl,multi,0,weighted_cka,1,307,3.070687709061236,235.79999999999998,0.7080329060554504,0.7035186290740967,1,0.0,0.5117812848435394,5,0,off,0,0,0.0,0.0,0.0,0.5884218777731874,0.3394827100299298,-0.028750172116560963,0.3427118179728567,1.1137985784803748,0.7150228969214484,0.5117812848435394,0.6141375418122472
hrl,multi,0,weighted_cka,1,308,2.8928644702848647,287.8,0.7078229188919067,0.7010987401008606,1,0.0,0.4821440783808109,5,0,off,0,0,0.0,0.0,0.0,0.3877066924737009,0.6257437102268449,0.49724335858179247,0.28696174307125294,0.7820720795169471,0.3131368864143267,0.4821440783808109,0.5785728940569731
hrl,multi,0,weighted_cka,1,309,2.9157146368854088,276.1,0.7089406251907349,0.7038955688476562,1,0.0,0.48595243948090144,5,0,off,0,0,0.0,0.0,0.0,0.40264244798553384,0.27037514354754233,0.46325567412935176,0.3596829779042163,0.7146281230915337,0.7051302702272311,0.48595243948090144,0.5831429273770817
hrl,multi,0,weighted_cka,1,310,3.0919386717415174,230.0,0.7115997076034546,0.707019031047821,1,0.0,0.5153231119569196,5,0,off,0,0,0.0,0.0,0.0,0.5650650662756523,0.3528126516435295,0.5966533817145973,-0.14947259972256155,1.025678499871399,0.7012016719589012,0.5153231119569196,0.6183877343483035
hrl,multi,0,weighted_cka,1,311,2.822565383004696,295.35,0.7070699334144592,0.7022165656089783,1,0.0,0.47042756383411616,5,0,off,0,0,0.0,0.0,0.0,0.46164420549897456,0.7959912814181297,0.43357504915632294,0.22559333200026027,0.5793994692515114,0.32636204567949756,0.47042756383411616,0.5645130766009394
hrl,multi,0,weighted_cka,1,312,3.163952281950134,206.9,0.7071224451065063,0.7005036473274231,1,0.0,0.5273253803250224,5,0,off,0,0,0.0,0.0,0.0,0.39660428856872015,0.41853362029045815,0.5612223639581352,0.40326830566604616,1.073554906073026,0.3107687973937485,0.5273253803250224,0.6327904563900268
hrl,multi,0,weighted_cka,1,313,2.9634202184562852,259.8,0.7057296633720398,0.7017167806625366,1,0.0,0.4939033697427142,5,0,off,0,0,0.0,0.0,0.0,0.5128245600310618,0.7300118973404168,0.5069349803803488,0.4170049038899887,0.47053677966073126,0.3261070971537381,0.4939033697427142,0.592684043691257
hrl,multi,0,weighted_cka,1,314,3.0867743883614303,232.75,0.705199122428894,0.7001531720161438,1,0.0,0.5144623980602384,5,0,off,0,0,0.0,0.0,0.0,0.5359657848826608,0.2704712572563439,0.3400990715645602,0.42194288431550364,1.1785184337273238,0.3397769566150382,0.5144623980602384,0.6173548776722861
hrl,multi,0,weighted_cka,1,315,2.9911349453703346,255.15,0.7088547945022583,0.7044516205787659,1,0.0,0.49852249089505585,5,0,off,0,0,0.0,0.0,0.0,0.571222183077596,0.2683721043020486,-0.10256316680856989,0.43181316037171913,0.7266848400672896,1.0956058243602516,0.49852249089505585,0.598226989074067
hrl,multi,0,weighted_cka,1,316,1.3622148058513406,300.95000000000005,0.4640979766845703,0.19724859297275543,0,0.0,0.22703580097522344,5,0,off,0,0,0.0,0.0,0.0,0.044117114429129245,0.27608188080787643,0.15425592725910242,-0.5152945358747852,0.6646393698775208,0.7384150493524969,0.22703580097522344,0.2724429611702681
hrl,multi,0,weighted_cka,1,317,3.0348761619380316,243.6,0.7078388929367065,0.70273357629776,1,0.0,0.5058126936563386,5,0,off,0,0,0.0,0.0,0.0,0.11322875302418822,0.750335314258933,0.468876605883939,0.01402622971392688,1.015778823085129,0.6726304359719157,0.5058126936563386,0.6069752323876064
hrl,multi,0,weighted_cka,1,318,2.9641246162921355,257.9,0.7120763063430786,0.7013918161392212,1,0.0,0.49402076938202266,5,0,off,0,0,0.0,0.0,0.0,0.4762653438062405,0.32208816356118763,0.12143456963822219,0.28848380894420544,0.6647691942080854,1.0910835361341946,0.49402076938202266,0.5928249232584272
hrl,multi,0,weighted_cka,1,319,2.015450209601723,300.75,0.6713041067123413,0.5325920581817627,0,0.0,0.3359083682669539,5,0,off,0,0,0.0,0.0,0.0,0.40520584632968526,0.24668212198279793,0.07352962536178521,0.5904404295761486,0.4194803727385583,0.2801118136127479,0.3359083682669539,0.4030900419203447
hrl,multi,0,weighted_cka,1,320,2.3995648483704373,300.94999999999993,0.7008848190307617,0.6643499135971069,0,0.0,0.3999274747284063,5,0,off,0,0,0.0,0.0,0.0,-0.14057359195686908,0.27008117290027434,0.47817082549550094,0.29481702837746687,0.7538692855195621,0.7432001280345023,0.3999274747284063,0.47991296967408753
hrl,multi,0,weighted_cka,1,321,3.1196832977994715,216.85,0.7073260545730591,0.7018404603004456,1,0.0,0.5199472162999119,5,0,off,0,0,0.0,0.0,0.0,0.49254287982219813,0.2801525670625269,0.5038104534068842,0.4114623236865881,0.6913390310003886,0.7403760428208856,0.5199472162999119,0.6239366595598943
hrl,multi,0,weighted_cka,1,322,3.058116913316459,235.59999999999997,0.7074868679046631,0.7027385234832764,1,0.0,0.5096861522194099,5,0,off,0,0,0.0,0.0,0.0,0.48763826454977954,0.2615487330881878,0.44121327228285356,0.4210173176996467,1.1326720412829743,0.31402728441301725,0.5096861522194099,0.6116233826632919
hrl,multi,0,weighted_cka,1,323,2.9540834920714047,262.09999999999997,0.7078933119773865,0.7001492977142334,1,0.0,0.49234724867856744,5,0,off,0,0,0.0,0.0,0.0,0.42402354271560017,0.35489295964781187,0.06345420635165633,-0.03150560389342732,1.0223228321392086,1.1208955551105553,0.49234724867856744,0.590816698414281
hrl,multi,0,weighted_cka,1,324,3.0332332136605973,245.74999999999997,0.7089301943778992,0.7003124952316284,1,0.0,0.5055388689434329,5,0,off,0,0,0.0,0.0,0.0,0.4471622718350844,-0.020360800924711014,0.5919303360339253,0.4322754566759103,1.27178143966943,0.31044451037095855,0.5055388689434329,0.6066466427321195
hrl,multi,0,weighted_cka,1,325,3.001136077036591,250.64999999999998,0.7044183015823364,0.7017220854759216,1,0.0,0.5001893461727653,5,0,off,0,0,0.0,0.0,0.0,0.3052790958428522,0.4010798224611207,0.5454945726011645,0.3662440098443766,1.0588432616807983,0.3241953146062791,0.5001893461727653,0.6002272154073184
hrl,multi,0,weighted_cka,1,326,3.0594493114896224,235.4,0.7035857439041138,0.7017746567726135,1,0.0,0.5099082185816038,5,0,off,0,0,0.0,0.0,0.0,0.4468546932869356,0.3358681161627173,0.5357529249922371,0.32886069588345695,1.0770214560596503,0.33509142510462553,0.5099082185816038,0.6118898622979245
hrl,multi,0,weighted_cka,1,327,3.057281312543144,236.45,0.7030920386314392,0.7006499171257019,1,0.0,0.5095468854238574,5,0,off,0,0,0.0,0.0,0.0,0.38485075799246243,0.21154524452798062,0.4604155210197495,1.0433083098295608,0.6113577345091615,0.3458037446642294,0.5095468854238574,0.6114562625086288
hrl,multi,0,weighted_cka,1,328,1.4742260221570196,300.45,0.6033056974411011,0.3878927230834961,0,0.0,0.24570433702616998,5,0,off,0,0,0.0,0.0,0.0,0.07726088848826462,0.3972822206690907,0.08625180736929172,0.13593202828915646,0.4395590844246322,0.337939992916584,0.24570433702616998,0.29484520443140394
hrl,multi,0,weighted_cka,1,329,3.0784871927624167,233.89999999999998,0.7080575823783875,0.7017182111740112,1,0.0,0.5130811987937361,5,0,off,0,0,0.0,0.0,0.0,0.477861125969386,0.38050530392676585,0.48721772305760525,0.40616034308145743,1.0024888540310273,0.3242538426961749,0.5130811987937361,0.6156974385524834
hrl,multi,0,weighted_cka,1,330,3.0584451314549113,236.79999999999998,0.7047693133354187,0.7006825804710388,1,0.0,0.5097408552424852,5,0,off,0,0,0.0,0.0,0.0,0.38438796305662243,0.09228207502514119,0.6868737007062881,-0.04555458085187286,0.8269414749708957,1.1135144985478371,0.5097408552424852,0.6116890262909823
hrl,multi,0,weighted_cka,1,331,3.078133481579788,228.84999999999997,0.7076648473739624,0.7043620347976685,1,0.0,0.5130222469299647,5,0,off,0,0,0.0,0.0,0.0,0.3802661924117709,0.30664951352495695,0.6454917203951626,0.42314373912486725,1.0052610328045555,0.3173212833184748,0.5130222469299647,0.6156266963159576
hrl,multi,0,weighted_cka,1,332,3.1311889366812995,217.7,0.7072985172271729,0.7002291083335876,1,0.0,0.5218648227802166,5,0,off,0,0,0.0,0.0,0.0,0.4744524430687306,0.3789729655813425,0.5405282479878514,0.38495047713082736,1.0720243626181034,0.2802604402944444,0.5218648227802166,0.6262377873362599
hrl,multi,0,weighted_cka,1,333,3.0640010015265076,239.85,0.7109127640724182,0.7013272047042847,1,0.0,0.5106668335877513,5,0,off,0,0,0.0,0.0,0.0,0.0012109133746123699,0.18351343679800625,0.725851570939645,0.40339294713141854,1.0412943618579882,0.7087377714248374,0.5106668335877513,0.6128002003053016
hrl,multi,0,weighted_cka,1,334,3.040688411739453,240.7,0.7086279392242432,0.704662024974823,1,0.0,0.5067814019565756,5,0,off,0,0,0.0,0.0,0.0,0.3258734626236255,0.2190208624824881,0.7183063475294037,0.3689391059300832,1.0939345965287646,0.3146140366450883,0.5067814019565756,0.6081376823478907
hrl,multi,0,weighted_cka,1,335,2.9783565858179197,254.5,0.7064092755317688,0.7009229063987732,1,0.0,0.4963927643029867,5,0,off,0,0,0.0,0.0,0.0,0.5620087304703191,0.1392207387965172,0.592917691790615,0.33621237391214515,0.991845315849874,0.3561517349984497,0.4963927643029867,0.595671317163584
hrl,multi,0,weighted_cka,1,336,3.107467693422558,223.85,0.7097264528274536,0.7045820951461792,1,0.0,0.517911282237093,5,0,off,0,0,0.0,0.0,0.0,-0.017999471084855136,0.33845743423700325,0.1627319277632049,0.3791872004293763,1.1243776512727197,1.120712950805109,0.517911282237093,0.6214935386845116
hrl,multi,0,weighted_cka,1,337,3.058696736359834,238.55,0.7061552405357361,0.7002843618392944,1,0.0,0.5097827893933057,5,0,off,0,0,0.0,0.0,0.0,0.32817610372602934,0.1478507561609148,0.7379337137080727,0.4114032609390851,0.7085214626336236,0.7248114391921088,0.5097827893933057,0.6117393472719669
hrl,multi,0,weighted_cka,1,338,3.0115785639516766,255.6,0.7055390477180481,0.7001389265060425,1,0.0,0.5019297606586127,5,0,off,0,0,0.0,0.0,0.0,0.9554431644765425,0.2489777050167321,0.46705934550892547,0.6301223550355061,0.33783155520167196,0.3721444387122989,0.5019297606586127,0.6023157127903354
hrl,multi,0,weighted_cka,1,339,3.0025493850436615,248.70000000000002,0.706233024597168,0.7010619640350342,1,0.0,0.500424897507277,5,0,off,0,0,0.0,0.0,0.0,0.42454631492736905,0.1682675665281712,0.7508061069017274,0.3405504461852542,1.029510877662338,0.28886807283880184,0.500424897507277,0.6005098770087324
hrl,multi,0,weighted_cka,1,340,2.938698540803866,264.75,0.7077387571334839,0.7017874717712402,1,0.0,0.48978309013397775,5,0,off,0,0,0.0,0.0,0.0,0.5119465127399888,0.057183230008929886,0.5175954473093151,0.9708019218743719,0.5778596516148317,0.30331177725642916,0.48978309013397775,0.5877397081607734
hrl,multi,0,weighted_cka,1,341,3.089681927206928,229.05,0.7072550654411316,0.7025226950645447,1,0.0,0.5149469878678213,5,0,off,0,0,0.0,0.0,0.0,0.5054518853778426,0.043563190726563256,0.6348462226884438,0.4226924493725527,1.1776005536291247,0.3055276254124008,0.5149469878678213,0.6179363854413855
hrl,multi,0,weighted_cka,1,342,2.876016650809556,288.5,0.7043591141700745,0.70161372423172,1,0.0,0.4793361084682594,5,0,off,0,0,0.0,0.0,0.0,0.5225188760835443,0.40464918693527574,0.32106778058758917,0.33979505144944405,0.9938022211836649,0.2941835345700382,0.4793361084682594,0.5752033301619113
hrl,multi,0,weighted_cka,1,343,3.0241234791973683,238.75,0.7050782442092896,0.7003895044326782,1,0.0,0.5040205798662281,5,0,off,0,0,0.0,0.0,0.0,0.4288402804965151,0.20199236018955702,0.5783154962947591,0.43458855539420604,1.0532421416746072,0.327144645147724,0.5040205798662281,0.6048246958394736
hrl,multi,0,weighted_cka,1,344,3.1816566902373182,204.95,0.7093914747238159,0.7026830911636353,1,0.0,0.5302761150395531,5,0,off,0,0,0.0,0.0,0.0,-0.001882736863452139,0.250614979378879,0.598078595961444,0.45225315385106646,1.1519784967559388,0.7306142011534422,0.5302761150395531,0.6363313380474637
hrl,multi,0,weighted_cka,1,345,2.8291111588186677,291.25,0.7102302312850952,0.70641028881073,1,0.0,0.47151852646977793,5,0,off,0,0,0.0,0.0,0.0,0.34869063214081675,0.1935924413669854,0.5500185024838428,0.46180971986898645,1.007495459011348,0.26750440394668834,0.47151852646977793,0.5658222317637336
hrl,multi,0,weighted_cka,1,346,3.1617600968597195,207.6,0.7082645297050476,0.7030557990074158,1,0.0,0.5269600161432867,5,0,off,0,0,0.0,0.0,0.0,0.40706209607614435,0.3473252180088311,0.6405347600202075,0.405579712667124,1.062682970958777,0.29857533912863576,0.5269600161432867,0.632352019371944
hrl,multi,0,weighted_cka,1,347,3.124370612725114,218.85,0.7064374685287476,0.702805757522583,1,0.0,0.5207284354541858,5,0,off,0,0,0.0,0.0,0.0,0.32560708461789173,0.25494009606912726,0.7188866509674116,0.4193945833762408,1.0924981585675848,0.31304403912685813,0.5207284354541858,0.624874122545023
hrl,multi,0,weighted_cka,1,348,2.9041155537339214,277.55,0.7044582366943359,0.700669527053833,1,0.0,0.4840192589556536,5,0,off,0,0,0.0,0.0,0.0,0.36734107126109294,0.2757614655550569,0.5212804125289546,0.37417627234688905,1.016434390314156,0.34912194172777233,0.4840192589556536,0.5808231107467844
hrl,multi,0,weighted_cka,1,349,2.8979355003101137,280.95000000000005,0.7067181468009949,0.7041418552398682,1,0.0,0.48298925005168564,5,0,off,0,0,0.0,0.0,0.0,0.40221637724057996,0.6397312514595687,0.6773792528212069,0.4031889228568179,0.9116391501218893,-0.13621945418994877,0.48298925005168564,0.5795871000620227
hrl,multi,0,weighted_cka,1,350,3.024360461047343,247.7,0.7080296277999878,0.7015841007232666,1,0.0,0.5040600768412239,5,0,off,0,0,0.0,0.0,0.0,0.5174264234541913,0.4017436641007661,0.4244373191827907,0.3672279390740149,0.9537252473654806,0.3597998678700998,0.5040600768412239,0.6048720922094687
hrl,multi,0,weighted_cka,1,351,3.0122196678592363,252.0,0.7111372351646423,0.7011710405349731,1,0.0,0.5020366113098728,5,0,off,0,0,0.0,0.0,0.0,0.5306351769143146,0.21854212868586176,-0.006335525170900039,0.17367102520103783,0.9168190960600039,1.1788877661689185,0.5020366113098728,0.6024439335718472
hrl,multi,0,weighted_cka,1,352,3.0492494383994946,236.69999999999996,0.7055570483207703,0.7000587582588196,1,0.0,0.5082082397332491,5,0,off,0,0,0.0,0.0,0.0,0.34608001090446483,0.31430162424594155,0.6351033420348539,0.4018274969029588,0.6473595356958102,0.7045774286154658,0.5082082397332491,0.609849887679899
hrl,multi,0,weighted_cka,1,353,3.0964202470409865,225.0,0.7099860906600952,0.7019547820091248,1,0.0,0.5160700411734979,5,0,off,0,0,0.0,0.0,0.0,0.5480989669301196,0.25101804199721656,0.5208823397434316,0.45049494599600426,0.5964380119649939,0.7294879404092207,0.5160700411734979,0.6192840494081974
hrl,multi,0,weighted_cka,1,354,3.0675979289334494,236.49999999999997,0.7074546217918396,0.7004419565200806,1,0.0,0.5112663214889083,5,0,off,0,0,0.0,0.0,0.0,0.562996942910191,0.3863974453546106,0.061848104663193126,0.3106052184987928,1.0763487544823436,0.6694014630243181,0.5112663214889083,0.6135195857866899
hrl,multi,0,weighted_cka,1,355,3.004143647521394,247.8,0.7050080895423889,0.7006662487983704,1,0.0,0.5006906079202323,5,0,off,0,0,0.0,0.0,0.0,0.6035773432947461,0.2968983677970245,0.4519063174379988,0.4301967481406753,0.95102796038857,0.2705369104623794,0.5006906079202323,0.6008287295042788
hrl,multi,0,weighted_cka,1,356,2.9041525573770506,269.95000000000005,0.7089754939079285,0.7012777924537659,1,0.0,0.4840254262295085,5,0,off,0,0,0.0,0.0,0.0,0.1311272315364329,0.3190430277585983,0.5560802308395504,0.22473182523623086,0.977379284523893,0.6957909574823453,0.4840254262295085,0.5808305114754102
hrl,multi,0,weighted_cka,1,357,3.0997850989592486,222.85,0.7083650827407837,0.7012403011322021,1,0.0,0.5166308498265414,5,0,off,0,0,0.0,0.0,0.0,0.528933638058137,0.6898306106459349,0.6698268293205182,0.36607897606200995,0.5528766458677127,0.2922383990049362,0.5166308498265414,0.6199570197918497
hrl,multi,0,weighted_cka,1,358,3.0397676823809303,239.54999999999998,0.7037579417228699,0.7005280256271362,1,0.0,0.5066279470634885,5,0,off,0,0,0.0,0.0,0.0,0.5544527426998537,0.07837721166945988,0.7554209406003355,0.3604022803518709,0.9886686182631018,0.30244588879630896,0.5066279470634885,0.6079535364761861
hrl,multi,0,weighted_cka,1,359,3.10510602882665,224.39999999999998,0.7061287760734558,0.7026744484901428,1,0.0,0.5175176714711084,5,0,off,0,0,0.0,0.0,0.0,0.4780170207358895,0.33922970789484674,0.5276667152587323,0.3759468669180059,1.0517699522101318,0.3324757658090442,0.5175176714711084,0.6210212057653302
hrl,multi,0,weighted_cka,1,360,3.015453494365687,243.79999999999998,0.7124535441398621,0.7033600211143494,1,0.0,0.5025755823942812,5,0,off,0,0,0.0,0.0,0.0,0.05496885435702259,0.3396538941711187,0.5120065512694417,0.31465143856196653,1.0691138529004527,0.7250589031056851,0.5025755823942812,0.6030906988731375
hrl,multi,0,weighted_cka,1,361,3.008894405968626,249.85,0.712414562702179,0.7044793367385864,1,0.0,0.501482400994771,5,0,off,0,0,0.0,0.0,0.0,0.3169061924787237,0.17980438448861236,0.38582319893158257,-0.047769482425006726,1.063622367118485,1.1105077453762293,0.501482400994771,0.6017788811937252
hrl,multi,0,weighted_cka,1,362,3.09224313181112,222.1,0.7145358324050903,0.7028965353965759,1,0.0,0.5153738553018533,5,0,off,0,0,0.0,0.0,0.0,0.044751837055198695,0.35536635575257236,0.051658096497878336,0.5101998493040517,0.5932309494006329,1.5370360438007862,0.5153738553018533,0.618448626362224
hrl,multi,0,weighted_cka,1,363,3.0888554233683934,227.8,0.7060182690620422,0.7014397978782654,1,0.0,0.5148092372280656,5,0,off,0,0,0.0,0.0,0.0,0.6038169511364538,0.3190630149766802,0.43621514598838973,0.3968383095366443,1.015776076523907,0.3171459252063185,0.5148092372280656,0.6177710846736788
hrl,multi,0,weighted_cka,1,364,2.9345834516681255,268.9,0.7033795118331909,0.7010365128517151,1,0.0,0.48909724194468757,5,0,off,0,0,0.0,0.0,0.0,0.4541581166288814,0.2458602324947714,0.6036019031619652,0.37236631467845277,0.9622294376383068,0.2963674470657482,0.48909724194468757,0.5869166903336251
hrl,multi,0,weighted_cka,1,365,3.1148691769359353,219.15,0.7035791873931885,0.7007473111152649,1,0.0,0.5191448628226559,5,0,off,0,0,0.0,0.0,0.0,0.46135975650887107,0.6571354891973896,0.6133154197123366,0.4234487034194193,1.001868418729631,-0.04225861063171181,0.5191448628226559,0.6229738353871872
hrl,multi,0,weighted_cka,1,366,3.017727032587321,242.55,0.7065125107765198,0.7025206089019775,1,0.0,0.5029545054312203,5,0,off,0,0,0.0,0.0,0.0,0.3802494783708534,0.34752021782100195,0.6038390088584272,0.38488596894731736,0.928484872003435,0.37274748658628665,0.5029545054312203,0.6035454065174644
hrl,multi,0,weighted_cka,1,367,3.1416175472859615,211.69999999999996,0.7059704065322876,0.7000368237495422,1,0.0,0.5236029245476603,5,0,off,0,0,0.0,0.0,0.0,0.49395156411593766,0.3538095935801975,0.5079940804066717,0.4118181814479739,1.036072368240042,0.3379717594951391,0.5236029245476603,0.6283235094571924
hrl,multi,0,weighted_cka,1,368,3.1113706448274927,217.4,0.7073768377304077,0.7020278573036194,1,0.0,0.5185617741379155,5,0,off,0,0,0.0,0.0,0.0,0.5086429326633223,0.3990536190606653,0.4231039854595437,0.419751285748467,1.056438444914296,0.30438037698119874,0.5185617741379155,0.6222741289654986
hrl,multi,0,weighted_cka,1,369,3.050742032496234,240.39999999999998,0.7076128721237183,0.700480580329895,1,0.0,0.508457005416039,5,0,off,0,0,0.0,0.0,0.0,0.8789979422772302,0.20738578608073288,0.5443869461253633,0.4329390135160064,0.6543499559699556,0.33268238852694626,0.508457005416039,0.6101484064992468
hrl,multi,0,weighted_cka,1,370,3.079592999724004,234.94999999999996,0.7051094770431519,0.7002553939819336,1,0.0,0.5132654999540006,5,0,off,0,0,0.0,0.0,0.0,0.4260959439671132,0.35894747316837305,0.5574080123861639,0.4438698940458706,0.9603798556867985,0.33289182046968485,0.5132654999540006,0.6159185999448008
hrl,multi,0,weighted_cka,1,371,1.968743142674212,300.85,0.6624964475631714,0.5881390571594238,0,0.0,0.3281238571123687,5,0,off,0,0,0.0,0.0,0.0,-0.14063304027129223,0.3690631287060677,0.08729598217686711,0.45253316991571035,0.8961565699115451,0.3043273322353139,0.3281238571123687,0.39374862853484244
hrl,multi,0,weighted_cka,1,372,2.8993259085601855,269.80000000000007,0.7107154726982117,0.7033792734146118,1,0.0,0.4832209847600309,5,0,off,0,0,0.0,0.0,0.0,0.15525775732984748,0.31975045446865247,0.4250930532366036,0.2891601764174847,0.9393940511725375,0.7706704159350599,0.4832209847600309,0.579865181712037
hrl,multi,0,weighted_cka,1,373,2.921981713825153,272.1,0.7051299214363098,0.7034658789634705,1,0.0,0.4869969523041922,5,0,off,0,0,0.0,0.0,0.0,0.5587949247788636,0.6108903372115454,0.4303232112866825,0.2993238919273644,1.0410832965876904,-0.018433947966992856,0.4869969523041922,0.5843963427650307
hrl,multi,0,weighted_cka,1,374,3.127745967058435,221.24999999999997,0.7049729824066162,0.7016822099685669,1,0.0,0.5212909945097391,5,0,off,0,0,0.0,0.0,0.0,-0.04465184328937913,0.424349869467318,0.5914708864726125,0.40015740111513864,1.0560806241333482,0.7003390291593969,0.5212909945097391,0.625549193411687
hrl,multi,0,weighted_cka,1,375,3.1820887940374747,206.6,0.7046449184417725,0.7000921964645386,1,0.0,0.5303481323395792,5,0,off,0,0,0.0,0.0,0.0,0.4656532376988324,0.3922990631368011,0.5758700274871079,0.35955996376152316,1.0593427828219717,0.32936371913123874,0.5303481323395792,0.6364177588074951
hrl,multi,0,weighted_cka,1,376,3.086990785514446,226.9,0.7072429656982422,0.7011845111846924,1,0.0,0.5144984642524078,5,0,off,0,0,0.0,0.0,0.0,0.4384792846487834,0.8446619967129081,0.5946788133705266,0.32793349395040416,0.6033204171985852,0.2779167796332389,0.5144984642524078,0.6173981571028893
hrl,multi,0,weighted_cka,1,377,3.1461144695135945,213.75,0.7043250203132629,0.7016445398330688,1,0.0,0.5243524115855991,5,0,off,0,0,0.0,0.0,0.0,0.42183570700627737,0.843919007550925,0.5840412966972216,0.4098954771305251,1.0538897253550492,-0.16746674422640356,0.5243524115855991,0.6292228939027189
hrl,multi,0,weighted_cka,1,378,2.9909839477425786,250.55,0.7062233090400696,0.7014155983924866,1,0.0,0.49849732462376317,5,0,off,0,0,0.0,0.0,0.0,0.5506939933577085,0.3968846179172396,0.3943078566972834,0.25592793164953753,1.0448554394892828,0.34831410863152706,0.49849732462376317,0.5981967895485159
hrl,multi,0,weighted_cka,1,379,3.0569680453412458,239.7,0.7058475613594055,0.7007042169570923,1,0.0,0.509494674223541,5,0,off,0,0,0.0,0.0,0.0,0.44537150609586373,0.21928384901396925,0.6194890254326163,0.46892853933651335,0.9868293487291374,0.317065776733146,0.509494674223541,0.6113936090682492
hrl,multi,0,weighted_cka,1,380,3.0481861308900324,236.75,0.7027786374092102,0.7005160450935364,1,0.0,0.5080310218150055,5,0,off,0,0,0.0,0.0,0.0,0.38636767677920564,0.08749489165842528,0.6660814492381176,0.4725046733114576,1.1202448644743779,0.3154925754284486,0.5080310218150055,0.6096372261780065
hrl,multi,0,weighted_cka,1,381,2.9772634866899046,253.2,0.7063186168670654,0.7003760933876038,1,0.0,0.4962105811149841,5,0,off,0,0,0.0,0.0,0.0,0.37074842919313217,0.19501615814492101,0.4326283929869531,0.5979459531272294,1.0440426604906095,0.33688189274705943,0.4962105811149841,0.5954526973379809
hrl,multi,0,weighted_cka,1,382,3.13551442694934,215.85,0.7093870043754578,0.7031196355819702,1,0.0,0.52258573782489,5,0,off,0,0,0.0,0.0,0.0,0.06096608487796029,0.1590583480559289,0.23159346368908862,0.4390155446247662,1.1410839281731748,1.1037970575284213,0.52258573782489,0.627102885389868
hrl,multi,0,weighted_cka,1,383,3.105465008878288,228.09999999999997,0.7093563675880432,0.7002120018005371,1,0.0,0.5175775014797147,5,0,off,0,0,0.0,0.0,0.0,0.33515294605813684,0.17909229296259577,0.5484809367712585,0.5572418352268286,0.7402728942723478,0.7452241035871208,0.5175775014797147,0.6210930017756576
hrl,multi,0,weighted_cka,1,384,3.045331794732936,240.2,0.7043708562850952,0.7003687620162964,1,0.0,0.507555299122156,5,0,off,0,0,0.0,0.0,0.0,-0.09945089502795618,0.5500186662115155,0.6360625478187575,0.49806291220290577,1.1120238351218283,0.34861472840588537,0.507555299122156,0.6090663589465872
hrl,multi,0,weighted_cka,1,385,2.9445760938805616,255.39999999999998,0.7034775018692017,0.7002074718475342,1,0.0,0.490762682313427,5,0,off,0,0,0.0,0.0,0.0,0.4064855679568235,0.31843286641873414,0.9884328135713002,0.36908976924348086,0.5535324518309351,0.3086026248592883,0.490762682313427,0.5889152187761124
hrl,multi,0,weighted_cka,1,386,3.072102982501452,235.79999999999995,0.7081688046455383,0.7002902626991272,1,0.0,0.512017163750242,5,0,off,0,0,0.0,0.0,0.0,0.055541433389531214,0.2879332672003656,0.4450992774222976,-0.017792201139032935,1.2000248625250531,1.1012963431032374,0.512017163750242,0.6144205965002904
hrl,multi,0,weighted_cka,1,387,2.9658409424529517,255.74999999999997,0.704731822013855,0.7037891745567322,1,0.0,0.4943068237421587,5,0,off,0,0,0.0,0.0,0.0,0.39683563299628427,0.2984181169280782,0.4233760258420368,0.38673798999947023,1.1610814134227692,0.29939176326431327,0.4943068237421587,0.5931681884905904
hrl,multi,0,weighted_cka,1,388,2.957016331339161,256.85,0.7057296633720398,0.7003298401832581,1,0.0,0.49283605522319346,5,0,off,0,0,0.0,0.0,0.0,0.5284599838112479,0.42189752728492014,0.35255571681261055,0.2722051249565556,1.061374020643532,0.3205239578302949,0.49283605522319346,0.5914032662678321
hrl,multi,0,weighted_cka,1,389,3.0948799619293617,226.64999999999998,0.7062303423881531,0.70037442445755,1,0.0,0.515813326988227,5,0,off,0,0,0.0,0.0,0.0,0.15860652718681356,0.29946275890618557,0.41886902942135923,0.3566131561915535,1.1442638914955312,0.717064598727919,0.515813326988227,0.6189759923858724
hrl,multi,0,weighted_cka,1,390,3.1501876467963292,217.49999999999997,0.7103798985481262,0.7038540244102478,1,0.0,0.5250312744660549,5,0,off,0,0,0.0,0.0,0.0,0.4482738233940907,0.40800764910504217,0.5543399356510489,-0.05716602197116309,1.0624160573024999,0.734316203314811,0.5250312744660549,0.6300375293592658
hrl,multi,0,weighted_cka,1,391,3.0210474810141275,247.79999999999998,0.706889271736145,0.7032183408737183,1,0.0,0.5035079135023547,5,0,off,0,0,0.0,0.0,0.0,0.320062496761442,0.34754161840677256,0.5711898400434291,0.4310777184030884,0.6191216706973499,0.7320541367020458,0.5035079135023547,0.6042094962028256
hrl,multi,0,weighted_cka,1,392,3.151033374033588,211.79999999999998,0.7105321884155273,0.7031024098396301,1,0.0,0.525172229005598,5,0,off,0,0,0.0,0.0,0.0,0.03688928949320669,0.35498316665738816,0.5215507047278806,0.41616764778038473,1.0881382031184619,0.7333043622562662,0.525172229005598,0.6302066748067177
hrl,multi,0,weighted_cka,1,393,3.0505005266446203,236.79999999999998,0.7082143425941467,0.7005853056907654,1,0.0,0.5084167544407702,5,0,off,0,0,0.0,0.0,0.0,0.3663832622018235,0.30810868050903073,0.4943023196235298,0.5400650987410917,0.600576648005517,0.7410645175636281,0.5084167544407702,0.6101001053289241
hrl,multi,0,weighted_cka,1,394,3.099374539129713,220.89999999999998,0.7114216685295105,0.7042091488838196,1,0.0,0.5165624231882855,5,0,off,0,0,0.0,0.0,0.0,0.5329487631677182,0.16003283893316977,0.2693844724516383,0.4208564438563288,1.0312098829369059,0.6849421377839521,0.5165624231882855,0.6198749078259426
hrl,multi,0,weighted_cka,1,395,2.8903148805723515,276.9,0.707200288772583,0.7009584903717041,1,0.0,0.48171914676205857,5,0,off,0,0,0.0,0.0,0.0,0.38859026326841545,0.20030120295844966,1.021930818768218,0.46928975703756415,0.4905592098096384,0.3196436287300661,0.48171914676205857,0.5780629761144703
hrl,multi,0,weighted_cka,1,396,2.939078181409564,265.8,0.7115468382835388,0.7028935551643372,1,0.0,0.4898463635682608,5,0,off,0,0,0.0,0.0,0.0,0.4904941689753902,0.5772326481733471,0.5263991585844195,0.04101161229047268,0.9323652206562981,0.37157537272963675,0.4898463635682608,0.5878156362819129
hrl,multi,0,weighted_cka,1,397,3.0701993146547224,233.9,0.709256112575531,0.70035719871521,1,0.0,0.5116998857757872,5,0,off,0,0,0.0,0.0,0.0,0.0705645718727026,0.29414457693696017,0.542894299681764,0.4028186370750772,1.0705147346893789,0.6892624943988398,0.5116998857757872,0.6140398629309446
hrl,multi,0,weighted_cka,1,398,3.0617308112576116,236.14999999999998,0.7080405354499817,0.7024274468421936,1,0.0,0.5102884685429353,5,0,off,0,0,0.0,0.0,0.0,0.3963637239978414,0.27894790863431984,0.4515259866937994,1.0202595694442786,0.5810353196568029,0.3335983028305694,0.5102884685429353,0.6123461622515223
hrl,multi,0,weighted_cka,1,399,3.1494333303260778,216.2,0.711433470249176,0.7043745517730713,1,0.0,0.5249055550543463,5,0,off,0,0,0.0,0.0,0.0,0.13362154818885008,0.35045644451677793,0.4601758530572987,0.3827704536949749,1.1098098407887553,0.7125991900794207,0.5249055550543463,0.6298866660652156
hrl,multi,0,weighted_cka,1,400,2.951540756464388,254.64999999999998,0.710466742515564,0.7041071057319641,1,0.0,0.49192345941073135,5,0,off,0,0,0.0,0.0,0.0,0.45347934915451316,0.29849734209477896,0.0981531777298077,0.34256452170154067,1.079826657655183,0.6790197081285645,0.49192345941073135,0.5903081512928776
hrl,multi,0,weighted_cka,1,401,3.039472582106986,238.7,0.7040717005729675,0.7001526951789856,1,0.0,0.5065787636844977,5,0,off,0,0,0.0,0.0,0.0,0.494243998374004,0.37956690973415963,0.4923927187002263,0.21673121093734132,0.6945106886480934,0.7620270557131619,0.5065787636844977,0.6078945164213974
hrl,multi,0,weighted_cka,1,402,3.094559706882401,228.45000000000002,0.7034624814987183,0.7004063725471497,1,0.0,0.5157599511470669,5,0,off,0,0,0.0,0.0,0.0,0.42732230739668003,0.4063127658367156,0.47258013815130095,0.4596490883808727,0.9789606150949838,0.34973479202184826,0.5157599511470669,0.6189119413764803
hrl,multi,0,weighted_cka,1,403,2.9588104381542526,256.7,0.7060657739639282,0.7003057599067688,1,0.0,0.49313507302570886,5,0,off,0,0,0.0,0.0,0.0,0.39964321219356486,0.3973316302979364,0.5305265935268252,0.39610019481554615,0.9331801409884354,0.302028666331945,0.49313507302570886,0.5917620876308506
hrl,multi,0,weighted_cka,1,404,2.8501449200677387,290.6,0.7044350504875183,0.7025052309036255,1,0.0,0.4750241533446231,5,0,off,0,0,0.0,0.0,0.0,0.24328338177758255,0.42868745211884374,0.14060269281733762,0.3643012367826303,1.002685595589253,0.6705845609820913,0.4750241533446231,0.5700289840135477
hrl,multi,0,weighted_cka,1,405,2.9628853118851888,255.89999999999995,0.7092470526695251,0.7006105780601501,1,0.0,0.49381421864753144,5,0,off,0,0,0.0,0.0,0.0,0.025544744751706993,0.2039797870256006,0.30052834290545416,0.433338047856232,0.4688312172191216,1.5306631721270736,0.49381421864753144,0.5925770623770378
hrl,multi,0,weighted_cka,1,406,3.1110145744743782,225.14999999999998,0.7070536613464355,0.7011926174163818,1,0.0,0.5185024290790631,5,0,off,0,0,0.0,0.0,0.0,0.4092470212625338,0.32820246221683913,0.235995020430535,0.41834601424772144,0.9774787979578831,0.741745258358866,0.5185024290790631,0.6222029148948757
hrl,multi,0,weighted_cka,1,407,3.1117263286729946,220.85,0.7042956948280334,0.7011328339576721,1,0.0,0.5186210547788325,5,0,off,0,0,0.0,0.0,0.0,0.5283597683645783,0.33455332960560913,0.5145588028532219,0.40910335707281764,0.9778901613662018,0.34726090941056603,0.5186210547788325,0.6223452657345989
hrl,multi,0,weighted_cka,1,408,2.9711883229731004,246.65,0.7034085988998413,0.7002086043357849,1,0.0,0.4951980538288501,5,0,off,0,0,0.0,0.0,0.0,0.30897665397811935,0.32991746217571194,0.3123974187597631,-0.036235534685518475,0.9696385468742809,1.086493775870744,0.4951980538288501,0.5942376645946201
hrl,multi,0,weighted_cka,1,409,3.1421823615808933,212.55,0.7053490281105042,0.7001053094863892,1,0.0,0.5236970602634823,5,0,off,0,0,0.0,0.0,0.0,0.5954965393543824,0.39023422152828413,0.4072597599374129,0.40047207655839145,0.9720035249542996,0.37671623924812303,0.5236970602634823,0.6284364723161787
hrl,multi,0,weighted_cka,1,410,3.0071809966573015,242.55,0.7073007822036743,0.7035940885543823,1,0.0,0.501196832776217,5,0,off,0,0,0.0,0.0,0.0,0.4582126869698985,0.17097438580915325,0.6959678439570124,0.35222600414324545,0.5808841207418589,0.7489159550361335,0.501196832776217,0.6014361993314604
hrl,multi,0,weighted_cka,1,411,3.158899145111627,204.8,0.704505443572998,0.7032038569450378,1,0.0,0.5264831908519378,5,0,off,0,0,0.0,0.0,0.0,0.48455398218648027,0.41972118556126947,0.1037217205725609,0.41556977592420286,1.030152270288672,0.7051802105784416,0.5264831908519378,0.6317798290223254
hrl,multi,0,weighted_cka,1,412,2.8987987177934795,274.6,0.704244077205658,0.7019414901733398,1,0.0,0.48313311963224675,5,0,off,0,0,0.0,0.0,0.0,0.34873418886587015,0.29780900693498547,0.4546128616831263,0.3184147205264615,1.1569792445730416,0.32224869520999483,0.48313311963224675,0.5797597435586961
hrl,multi,0,weighted_cka,1,413,3.014860989997354,245.15,0.7043231129646301,0.7005560994148254,1,0.0,0.5024768316662257,5,0,off,0,0,0.0,0.0,0.0,0.3525710962177253,0.31734242272563273,0.6252487533707171,0.38161375750787546,1.0513958467098234,0.28668911346558007,0.5024768316662257,0.6029721979994708
hrl,multi,0,weighted_cka,1,414,3.0491301200273377,235.19999999999996,0.7059583067893982,0.7019748091697693,1,0.0,0.5081883533378897,5,0,off,0,0,0.0,0.0,0.0,0.426327936101239,0.3304999659005552,0.10033445531758467,0.3537221954138385,1.1013761429723852,0.7368694243217353,0.5081883533378897,0.6098260240054676
hrl,multi,0,weighted_cka,1,415,3.080967762915015,228.64999999999998,0.7068778276443481,0.700365424156189,1,0.0,0.5134946271525026,5,0,off,0,0,0.0,0.0,0.0,0.40777163625261154,0.1092134071644395,0.21246349856129365,0.4227289386177434,1.2426238854592664,0.6861663968596607,0.5134946271525026,0.6161935525830031
hrl,multi,0,weighted_cka,1,416,2.9783612516878337,254.75,0.7073642611503601,0.7021414637565613,1,0.0,0.49639354194797236,5,0,off,0,0,0.0,0.0,0.0,0.3066474044702481,0.2985555671015754,0.2672728561422262,0.36774850986665103,1.0415857347968265,0.696551179310307,0.49639354194797236,0.5956722503375669
hrl,multi,0,weighted_cka,1,417,2.97301076903356,258.0,0.7051807045936584,0.7000657916069031,1,0.0,0.4955017948389267,5,0,off,0,0,0.0,0.0,0.0,0.2866437793252843,0.41420957887358956,0.6610155049352905,0.339100575977125,1.0226846595271488,0.24935667039512194,0.4955017948389267,0.5946021538067121
hrl,multi,0,weighted_cka,1,418,3.0723321677744906,229.35000000000002,0.7069269418716431,0.7018940448760986,1,0.0,0.5120553612957485,5,0,off,0,0,0.0,0.0,0.0,0.4112459543682633,0.14125444207713,0.7074856285499408,-0.008772703315451602,0.6974128507478161,1.123705995346792,0.5120553612957485,0.6144664335548982
hrl,multi,0,weighted_cka,1,419,3.071838451611471,220.8,0.7056401968002319,0.7005664110183716,1,0.0,0.5119730752685786,5,0,off,0,0,0.0,0.0,0.0,0.44101309014391143,0.20642027930542817,0.33836121695488686,0.43760669807065267,0.9417246796241378,0.7067124875124543,0.5119730752685786,0.6143676903222943
hrl,multi,0,weighted_cka,1,420,3.001340042568882,247.09999999999994,0.7040446996688843,0.7010013461112976,1,0.0,0.500223340428147,5,0,off,0,0,0.0,0.0,0.0,0.024088968346128073,0.18957316518947476,0.5773298848755656,0.4874855962758883,1.0559042017287572,0.6669582261530682,0.500223340428147,0.6002680085137764
hrl,multi,0,weighted_cka,1,421,3.1314745383525944,209.99999999999997,0.7048754692077637,0.7012614011764526,1,0.0,0.5219124230587657,5,0,off,0,0,0.0,0.0,0.0,0.4563217986025846,0.3117437683679163,0.5466722582322544,0.05406841142081964,1.0864796336605211,0.6761886680684982,0.5219124230587657,0.6262949076705189
hrl,multi,0,weighted_cka,1,422,3.1062170068363315,218.65,0.7075508236885071,0.7017906308174133,1,0.0,0.517702834472722,5,0,off,0,0,0.0,0.0,0.0,0.41508487459016025,0.32888719440810377,0.5705228024926036,0.38387761879063315,1.099822827135569,0.30802168941926206,0.517702834472722,0.6212434013672665
hrl,multi,0,weighted_cka,1,423,3.064054383071805,237.79999999999998,0.7112849950790405,0.7057185173034668,1,0.0,0.5106757305119675,5,0,off,0,0,0.0,0.0,0.0,-0.020384287188062476,0.28908151184208686,0.15211374888848495,-0.021797175051397166,1.1636883758567271,1.501352208723966,0.5106757305119675,0.612810876614361
hrl,multi,0,weighted_cka,1,424,3.091562266028008,216.2,0.7101055979728699,0.7013598680496216,1,0.0,0.5152603776713347,5,0,off,0,0,0.0,0.0,0.0,0.532977314257412,0.2574054034017026,0.39815713655482965,0.37248818865395145,1.2466081841351113,0.2839260390250012,0.5152603776713347,0.6183124532056017
hrl,multi,0,weighted_cka,1,425,3.143284466124521,211.64999999999998,0.7088685035705566,0.7009386420249939,1,0.0,0.5238807443540869,5,0,off,0,0,0.0,0.0,0.0,0.43480940463277495,0.29068973731622094,0.11628894738838413,0.37259145879745476,1.179793696030885,0.7491112219588016,0.5238807443540869,0.6286568932249044
hrl,multi,0,weighted_cka,1,426,3.1019093203605856,217.65,0.710456132888794,0.7039897441864014,1,0.0,0.5169848867267643,5,0,off,0,0,0.0,0.0,0.0,0.37278623635182145,0.6220667982427402,0.24681926915794605,0.33434925904268303,0.7474852118906563,0.778402545674739,0.5169848867267643,0.6203818640721173
hrl,multi,0,weighted_cka,1,427,2.88406156426228,280.6,0.7072730660438538,0.700093686580658,1,0.0,0.48067692737704676,5,0,off,0,0,0.0,0.0,0.0,0.28769442436652004,0.3537121485974639,0.1653496838184072,0.3738763723057927,1.015983796469576,0.6874451387045206,0.48067692737704676,0.576812312852456
hrl,multi,0,weighted_cka,1,428,3.1110967807871353,218.75,0.7041032910346985,0.700821578502655,1,0.0,0.5185161301311892,5,0,off,0,0,0.0,0.0,0.0,0.4614143306482582,0.2524193220501765,0.11100264477170985,0.35698250357216005,1.1858459014317484,0.7434320783130824,0.5185161301311892,0.6222193561574271
hrl,multi,0,weighted_cka,1,429,3.1143380982359425,217.65,0.7084969282150269,0.7011402249336243,1,0.0,0.5190563497059905,5,0,off,0,0,0.0,0.0,0.0,0.5385857095595564,0.16293252396211022,0.6030590517414965,0.394628122539274,1.0639614878767167,0.3511712025567889,0.5190563497059905,0.6228676196471886
hrl,multi,0,weighted_cka,1,430,2.3567207606882676,300.95,0.665990948677063,0.5117529034614563,0,0.0,0.3927867934480447,5,0,off,0,0,0.0,0.0,0.0,-0.050039709381293554,0.19398483696579927,0.024879419645759796,0.35215157748972703,1.1128537930627278,0.7228908429055475,0.3927867934480447,0.4713441521376536
hrl,multi,0,weighted_cka,1,431,2.9619371782653166,262.0,0.7057870626449585,0.7054334878921509,1,0.0,0.4936561963775528,5,0,off,0,0,0.0,0.0,0.0,0.4585638980106449,0.49712423673644646,0.5179430601296479,0.3780169323062436,1.1298859373762968,-0.019596886293962598,0.4936561963775528,0.5923874356530634
hrl,multi,0,weighted_cka,1,432,2.92392398030563,263.70000000000005,0.7042316794395447,0.7004159688949585,1,0.0,0.4873206633842717,5,0,off,0,0,0.0,0.0,0.0,0.35273294445965425,0.17481437843292946,0.6238926116498186,0.25807041438241307,0.8006256459681316,0.7137879854126834,0.4873206633842717,0.5847847960611261
hrl,multi,0,weighted_cka,1,433,3.041844771368114,243.54999999999998,0.7073389291763306,0.7014662027359009,1,0.0,0.5069741285613524,5,0,off,0,0,0.0,0.0,0.0,0.53535417767585,0.23349139686301346,0.592660623499958,-0.01707374942298352,0.952655663141544,0.7447566596107325,0.5069741285613524,0.6083689542736229
hrl,multi,0,weighted_cka,1,434,3.0728734082770175,222.6,0.7055305242538452,0.7012262940406799,1,0.0,0.5121455680461696,5,0,off,0,0,0.0,0.0,0.0,0.5314810206680557,0.2939547605477273,-0.05399821000790699,0.013492681681353005,1.1491335429297758,1.138809612458013,0.5121455680461696,0.6145746816554036
hrl,multi,0,weighted_cka,1,435,3.11956854501175,220.4,0.7070621252059937,0.7011272311210632,1,0.0,0.5199280908352917,5,0,off,0,0,0.0,0.0,0.0,0.1922606291330884,0.17115458218753332,0.5239642787957562,0.4224936120312194,1.0880076248504627,0.7216878180136903,0.5199280908352917,0.62391370900235
hrl,multi,0,weighted_cka,1,436,3.0323484911401324,238.6,0.7065290212631226,0.7004713416099548,1,0.0,0.5053914151900222,5,0,off,0,0,0.0,0.0,0.0,0.5109317568216937,0.24983344535343344,0.5055184958712197,0.3761664087157041,1.0817309536567188,0.30816743072136293,0.5053914151900222,0.6064696982280265
hrl,multi,0,weighted_cka,1,437,3.1516856838386205,210.4,0.7069868445396423,0.7013595104217529,1,0.0,0.5252809473064368,5,0,off,0,0,0.0,0.0,0.0,0.5290269985474004,0.3086970076709985,0.49055364756146436,0.38661837252549586,1.0927094990559851,0.3440801584772765,0.5252809473064368,0.6303371367677242
hrl,multi,0,weighted_cka,1,438,2.9722504274976167,255.6,0.7060139179229736,0.7012534141540527,1,0.0,0.49537507124960284,5,0,off,0,0,0.0,0.0,0.0,0.5559264371019524,0.39223279511183495,0.33865625294344487,0.33695540628477455,1.053880273021408,0.29459926303420214,0.49537507124960284,0.5944500854995234
hrl,multi,0,weighted_cka,1,439,3.0452355761393837,243.74999999999997,0.7098889350891113,0.7017362117767334,1,0.0,0.5075392626898974,5,0,off,0,0,0.0,0.0,0.0,0.4459397717029786,0.6366026357002555,0.2691667917342855,-0.020577169513533677,0.5747485868943039,1.1393549596210941,0.5075392626898974,0.6090471152278768
hrl,multi,0,weighted_cka,1,440,3.1050790994607804,222.5,0.7030190229415894,0.7002132534980774,1,0.0,0.5175131832434635,5,0,off,0,0,0.0,0.0,0.0,0.6114363701818509,0.1589897803626954,0.13416971105011166,0.403026174618324,1.059070900332066,0.7383861629157327,0.5175131832434635,0.6210158198921562
hrl,multi,0,weighted_cka,1,441,3.1351911657272944,215.35,0.7056442499160767,0.7008872032165527,1,0.0,0.5225318609545492,5,0,off,0,0,0.0,0.0,0.0,0.4887750818901694,0.11431983023323111,0.6413988846014252,0.4780108322718296,1.0793389062015337,0.33334763052910565,0.5225318609545492,0.6270382331454589
hrl,multi,0,weighted_cka,1,442,3.180835419860694,207.79999999999998,0.7062281370162964,0.7024557590484619,1,0.0,0.530139236643449,5,0,off,0,0,0.0,0.0,0.0,0.441391551798093,0.33085856657847756,0.586744933603797,0.4008727622525329,1.067913570649456,0.35305403497833754,0.530139236643449,0.6361670839721387
hrl,multi,0,weighted_cka,1,443,2.9493209646632477,264.70000000000005,0.7048402428627014,0.7002942562103271,1,0.0,0.49155349411054133,5,0,off,0,0,0.0,0.0,0.0,0.4575970722772179,0.7116859612235565,0.1670419913557124,0.24294263471430153,0.9845160388391522,0.3855372662533075,0.49155349411054133,0.5898641929326496
hrl,multi,0,weighted_cka,1,444,3.1056693520539067,225.7,0.7048267126083374,0.7019084692001343,1,0.0,0.5176115586756512,5,0,off,0,0,0.0,0.0,0.0,-0.058764595685141155,0.3986695159822702,0.5022800172055139,0.4610278624310157,1.0395250437879437,0.7629315083323047,0.5176115586756512,0.6211338704107814
hrl,multi,0,weighted_cka,1,445,3.0622875323790537,237.54999999999998,0.7068438529968262,0.7001823782920837,1,0.0,0.510381255396509,5,0,off,0,0,0.0,0.0,0.0,0.568238570659363,0.3820466062575578,0.3878837145720608,0.3156847854687365,1.0442989827620401,0.3641348726592958,0.510381255396509,0.6124575064758109
hrl,multi,0,weighted_cka,1,446,3.0618672710610713,232.79999999999998,0.7081764936447144,0.7012938261032104,1,0.0,0.5103112118435119,5,0,off,0,0,0.0,0.0,0.0,0.47709033694912784,0.3250204311739653,0.5612886340746189,0.31671955546949676,1.06829227686231,0.31345603653155263,0.5103112118435119,0.6123734542122143
hrl,multi,0,weighted_cka,1,447,3.0563263394622355,235.7,0.7029391527175903,0.7004007697105408,1,0.0,0.509387723243706,5,0,off,0,0,0.0,0.0,0.0,0.553884713672567,0.4387617739550769,0.39754256175292524,0.3942289630075974,0.9977541237471158,0.27415420332695356,0.509387723243706,0.6112652678924472
hrl,multi,0,weighted_cka,1,448,2.399460513269494,300.2,0.6982038021087646,0.6718272566795349,0,0.0,0.39991008554491575,5,0,off,0,0,0.0,0.0,0.0,0.14133213209378281,0.5923381557501851,0.41794157439842794,0.3076087325299304,0.9601061654244184,-0.01986624692725018,0.39991008554491575,0.47989210265389887
hrl,multi,0,weighted_cka,1,449,3.0455406730737278,231.15,0.7065578699111938,0.7011668682098389,1,0.0,0.5075901121789547,5,0,off,0,0,0.0,0.0,0.0,0.5536066815925295,0.4611815386577508,0.11882774630002668,0.4744684067914494,1.0903295315102657,0.3471267682217062,0.5075901121789547,0.6091081346147457
hrl,multi,0,weighted_cka,1,450,3.171258542490297,210.55,0.7045402526855469,0.7016713619232178,1,0.0,0.5285430904150495,5,0,off,0,0,0.0,0.0,0.0,0.4606116152851608,0.7657778513208031,0.4757825950530822,0.5200284448005258,0.5794387392634525,0.369619296767273,0.5285430904150495,0.6342517084980595
hrl,multi,0,weighted_cka,1,451,3.0330150374033904,243.5,0.7047839760780334,0.7013932466506958,1,0.0,0.5055025062338985,5,0,off,0,0,0.0,0.0,0.0,0.6661646938798947,0.23351825129240744,0.4852120194947346,0.33203714445234106,1.0098773801070053,0.3062055481770075,0.5055025062338985,0.6066030074806782
hrl,multi,0,weighted_cka,1,452,3.044224099783517,236.5,0.7069067358970642,0.7004735469818115,1,0.0,0.5073706832972529,5,0,off,0,0,0.0,0.0,0.0,0.5341273284959606,0.235214868530631,0.49101057419111005,0.3379878780523431,1.0879132799783253,0.3579701705351471,0.5073706832972529,0.6088448199567035
hrl,multi,0,weighted_cka,1,453,3.0712397428183342,230.95000000000002,0.7097970843315125,0.7042528986930847,1,0.0,0.5118732904697224,5,0,off,0,0,0.0,0.0,0.0,0.5291112253323079,0.41579206181317563,0.45524496476352205,0.3652723223572247,0.9935753972665405,0.31224377128556363,0.5118732904697224,0.6142479485636668
hrl,multi,0,weighted_cka,1,454,3.0776385802620196,234.5,0.7096108198165894,0.7055321335792542,1,0.0,0.5129397633770033,5,0,off,0,0,0.0,0.0,0.0,0.5708652515553402,0.20538836576137687,0.48275718741491425,0.15005389699360228,0.9074450056765634,0.761128872860223,0.5129397633770033,0.615527716052404
hrl,multi,0,weighted_cka,1,455,3.1118254364398066,222.65,0.7071088552474976,0.7012383937835693,1,0.0,0.5186375727399678,5,0,off,0,0,0.0,0.0,0.0,0.607632269154419,0.17247637464292342,0.6070819005379452,0.33773381327901725,1.0319878254963548,0.35491325332914714,0.5186375727399678,0.6223650872879614
hrl,multi,0,weighted_cka,1,456,3.038896176523749,234.70000000000002,0.7077903151512146,0.7038793563842773,1,0.0,0.5064826960872916,5,0,off,0,0,0.0,0.0,0.0,0.07752763046015732,0.30026121955364937,0.4502237488855606,0.40536679223645466,1.1207519660193936,0.6847648193685338,0.5064826960872916,0.6077792353047499
hrl,multi,0,weighted_cka,1,457,3.0571043147813097,235.75,0.7074838876724243,0.7028864026069641,1,0.0,0.509517385796885,5,0,off,0,0,0.0,0.0,0.0,0.5238633545228147,0.35724503156729037,0.3361409479966386,0.38890019709002804,1.123978252179513,0.3269765314250253,0.509517385796885,0.6114208629562621
hrl,multi,0,weighted_cka,1,458,2.946669392045073,259.9,0.7070910334587097,0.7007660269737244,1,0.0,0.4911115653408455,5,0,off,0,0,0.0,0.0,0.0,0.41926207802933624,0.3729079650342464,0.46013166510686265,0.3029237743548336,1.0180356946977551,0.373408214822039,0.4911115653408455,0.5893338784090145
hrl,multi,0,weighted_cka,1,459,2.9552205863951695,257.7,0.708972156047821,0.702495813369751,1,0.0,0.4925367643991951,5,0,off,0,0,0.0,0.0,0.0,0.4045267082592472,0.34534015500452364,0.6252094675838015,0.3133183598173781,0.9552751348614691,0.3115507608687505,0.4925367643991951,0.591044117279034
hrl,multi,0,weighted_cka,1,460,3.0407284092251783,236.5,0.7071092128753662,0.7001736760139465,1,0.0,0.5067880682041964,5,0,off,0,0,0.0,0.0,0.0,0.5472744618912692,0.3777591846343129,0.5001508463283534,0.3313163537779473,0.9486792959608136,0.33554826663248244,0.5067880682041964,0.6081456818450357
hrl,multi,0,weighted_cka,1,461,3.0335521259379346,238.79999999999995,0.7055009603500366,0.7019087076187134,1,0.0,0.5055920209896557,5,0,off,0,0,0.0,0.0,0.0,0.5262505664044964,0.14087732018064703,0.2713910516762097,0.5780074561654472,1.1912720092097295,0.3257537223014048,0.5055920209896557,0.6067104251875869
hrl,multi,0,weighted_cka,1,462,3.1573206214337164,216.65,0.709023654460907,0.7027366161346436,1,0.0,0.5262201035722861,5,0,off,0,0,0.0,0.0,0.0,0.5710608556551159,0.40020324322953815,0.08052429112792003,0.4066092066744603,0.937432707196567,0.7614903175501152,0.5262201035722861,0.6314641242867433
hrl,multi,0,weighted_cka,1,463,2.899984889013354,279.55,0.7058849334716797,0.7007586359977722,1,0.0,0.48333081483555906,5,0,off,0,0,0.0,0.0,0.0,-0.002697134311776612,0.3149000724470241,0.6275971942867035,0.1691881352404596,1.0224259636383501,0.7685706577125937,0.48333081483555906,0.5799969778026709
hrl,multi,0,weighted_cka,1,464,3.071666343418686,231.4,0.7035468220710754,0.7006860375404358,1,0.0,0.511944390569781,5,0,off,0,0,0.0,0.0,0.0,0.33713938260498977,0.38478905499354,0.5566031319997272,0.47618826012748816,0.9821082111089489,0.33483830258399244,0.511944390569781,0.6143332686837373
hrl,multi,0,weighted_cka,1,465,2.993590848294098,252.1,0.703818142414093,0.7003517150878906,1,0.0,0.4989318080490164,5,0,off,0,0,0.0,0.0,0.0,0.5490802305670403,0.8050428647026419,0.35950409733830013,0.3048260118065517,1.0009019254705924,-0.025764281591027973,0.4989318080490164,0.5987181696588196
hrl,multi,0,weighted_cka,1,466,2.981944918106171,259.25,0.7097800970077515,0.7019792199134827,1,0.0,0.4969908196843618,5,0,off,0,0,0.0,0.0,0.0,0.485100166216638,0.4522096308469772,0.5688507032864726,0.3774789453949851,0.8236897595284388,0.2746157128326594,0.4969908196843618,0.5963889836212342
hrl,multi,0,weighted_cka,1,467,3.1093658370810116,222.8,0.7076858878135681,0.7019973397254944,1,0.0,0.518227639513502,5,0,off,0,0,0.0,0.0,0.0,0.3881322165378369,0.38471873863227657,0.5228194943326524,0.41117083817017547,0.996164476324804,0.4063600730832666,0.518227639513502,0.6218731674162024
hrl,multi,0,weighted_cka,1,468,3.0477029019473765,237.49999999999997,0.706545352935791,0.701867401599884,1,0.0,0.5079504836578962,5,0,off,0,0,0.0,0.0,0.0,0.4510704116870837,0.727179269153159,0.4472487524226306,0.4437548965689492,0.9857789592582847,-0.007329387142730417,0.5079504836578962,0.6095405803894753
hrl,multi,0,weighted_cka,1,469,3.1265861572381914,216.6,0.7075167894363403,0.7031539678573608,1,0.0,0.5210976928730319,5,0,off,0,0,0.0,0.0,0.0,0.16089581510168482,0.14347241719719017,0.5864294803286901,-0.01323212246695777,1.1149248571144414,1.1340957099631428,0.5210976928730319,0.6253172314476383
hrl,multi,0,weighted_cka,1,470,3.112170540867358,222.75,0.7080241441726685,0.7002302408218384,1,0.0,0.5186950901445597,5,0,off,0,0,0.0,0.0,0.0,0.5055199058185097,0.40979525920003645,0.437538646807894,0.36064945827527833,1.0438075709482653,0.35485969981737436,0.5186950901445597,0.6224341081734717
hrl,multi,0,weighted_cka,1,471,3.064202868911914,235.3,0.7036329507827759,0.7013627290725708,1,0.0,0.5107004781519857,5,0,off,0,0,0.0,0.0,0.0,0.12440752165717983,0.8847503715008497,0.37034138660284216,0.40640197278239054,1.0069047904880715,0.27139682588058056,0.5107004781519857,0.6128405737823829
hrl,multi,0,weighted_cka,1,472,3.0497979435439735,240.54999999999998,0.7043877243995667,0.7009275555610657,1,0.0,0.508299657257329,5,0,off,0,0,0.0,0.0,0.0,0.5361609061511406,0.35022276473976666,0.4252445524791254,0.42387213259603584,1.004787648042198,0.30950993953570716,0.508299657257329,0.6099595887087947
hrl,multi,0,weighted_cka,1,473,3.0416522955575074,240.45,0.7086458206176758,0.7026070356369019,1,0.0,0.5069420492595846,5,0,off,0,0,0.0,0.0,0.0,0.3930593566480091,0.3933451328016817,0.5282157167494296,0.402310024976119,0.974932136778545,0.34978992760372346,0.5069420492595846,0.6083304591115015
hrl,multi,0,weighted_cka,1,474,3.160931651609786,209.54999999999998,0.7116925716400146,0.7037708759307861,1,0.0,0.5268219419349643,5,0,off,0,0,0.0,0.0,0.0,0.1903513218057049,0.3288675303161144,0.459387827860657,0.4039803306865505,1.063721938560862,0.7146227023798972,0.5268219419349643,0.6321863303219571
hrl,multi,0,weighted_cka,1,475,3.074168007542224,232.65,0.7048389315605164,0.7019658088684082,1,0.0,0.5123613345903708,5,0,off,0,0,0.0,0.0,0.0,0.3987277483446523,0.4602580963596701,0.528226133919088,0.3913451311481621,0.9987871786923496,0.29682371907830235,0.5123613345903708,0.614833601508445
hrl,multi,0,weighted_cka,1,476,3.062216390419785,238.4,0.7037381529808044,0.7025680541992188,1,0.0,0.5103693984032976,5,0,off,0,0,0.0,0.0,0.0,0.49152718671195894,0.412313982091844,0.4204616388853172,0.3558235280495136,0.9862874116003512,0.39580264308080076,0.5103693984032976,0.6124432780839572
hrl,multi,0,weighted_cka,1,477,2.8594986390749533,297.5,0.7089253664016724,0.705432653427124,1,0.0,0.47658310651249236,5,0,off,0,0,0.0,0.0,0.0,0.39243148509442105,0.8264109665341675,0.5466722762808202,0.13775864818207606,0.5959471416536252,0.360278121329844,0.47658310651249236,0.5718997278149909
hrl,multi,0,weighted_cka,1,478,3.1111220964497295,217.55,0.7082973122596741,0.7010385394096375,1,0.0,0.5185203494082883,5,0,off,0,0,0.0,0.0,0.0,0.3691285754996352,0.4432110147327184,0.4615977636305614,0.4990896572744822,1.003734801170416,0.33436028414191676,0.5185203494082883,0.622224419289946
hrl,multi,0,weighted_cka,1,479,2.3972825800331443,300.55,0.698737382888794,0.6826882362365723,0,0.0,0.39954709667219074,5,0,off,0,0,0.0,0.0,0.0,0.5579055130775084,0.22057707232236856,0.426704628392821,0.39879124447728087,0.50189047593181,0.2914136458313558,0.39954709667219074,0.47945651600662886
hrl,multi,0,weighted_cka,1,480,2.896552781371681,276.65,0.709306538105011,0.7025335431098938,1,0.0,0.48275879689528023,5,0,off,0,0,0.0,0.0,0.0,1.0549573902718254,0.40312557486817235,0.4365261636967769,0.23415280566914576,0.3891321244165737,0.37865872244918714,0.48275879689528023,0.5793105562743363
hrl,multi,0,weighted_cka,1,481,2.9766227672432306,255.7,0.7038339376449585,0.7015185356140137,1,0.0,0.4961037945405385,5,0,off,0,0,0.0,0.0,0.0,0.4061316128514007,0.35470136032067234,0.47914877052372307,0.3617855929103679,1.0263310735500415,0.3485243570870254,0.4961037945405385,0.5953245534486462
hrl,multi,0,weighted_cka,1,482,3.064905592318082,231.04999999999998,0.7075057625770569,0.702694296836853,1,0.0,0.5108175987196804,5,0,off,0,0,0.0,0.0,0.0,0.4572050455556599,0.3286149935852736,0.5286950217410921,0.33490959823847505,0.7134092373197198,0.7020716958778618,0.5108175987196804,0.6129811184636165
hrl,multi,0,weighted_cka,1,483,3.1734318056316164,208.65,0.7034902572631836,0.700039267539978,1,0.0,0.5289053009386028,5,0,off,0,0,0.0,0.0,0.0,0.3951962310571397,0.3118471526242792,0.5990770115074701,-0.04725057136127736,1.1293085423947193,0.7852534394092857,0.5289053009386028,0.6346863611263234
hrl,multi,0,weighted_cka,1,484,3.0819589118653608,226.6,0.7099871039390564,0.7022087574005127,1,0.0,0.5136598186442268,5,0,off,0,0,0.0,0.0,0.0,0.47687419212094373,0.31848432506062085,-0.006012063541915372,0.46409625515062347,1.0836859390931202,0.7448302639819682,0.5136598186442268,0.6163917823730722
hrl,multi,0,weighted_cka,1,485,3.0519113670180773,236.29999999999998,0.703819990158081,0.700574517250061,1,0.0,0.508651894503013,5,0,off,0,0,0.0,0.0,0.0,0.17720702572306601,0.7660807197224347,0.42101432199263933,-0.08248164291633303,0.9969692051435121,0.7731217373527586,0.508651894503013,0.6103822734036155
hrl,multi,0,weighted_cka,1,486,3.1075595857346654,223.7,0.7089650630950928,0.7000970840454102,1,0.0,0.5179265976224442,5,0,off,0,0,0.0,0.0,0.0,0.39505368517432354,0.3583689423799514,0.33934556711325414,0.5444203021151478,1.1264762473547596,0.34389484159722916,0.5179265976224442,0.6215119171469331
hrl,multi,0,weighted_cka,1,487,2.9824904596882833,254.75,0.7043412327766418,0.7007580399513245,1,0.0,0.4970817432813806,5,0,off,0,0,0.0,0.0,0.0,0.4900851094843818,0.4003976911902427,0.3854070117899681,0.41322945307951875,1.0522118018096513,0.2411593923345208,0.4970817432813806,0.5964980919376568
hrl,multi,0,weighted_cka,1,488,3.0657476467639837,237.4,0.705531895160675,0.7002989053726196,1,0.0,0.5109579411273307,5,0,off,0,0,0.0,0.0,0.0,0.31464246872020873,0.3196864962335675,0.41649612751929077,0.5175723466096459,1.1633333738733707,0.3340168338079005,0.5109579411273307,0.6131495293527969
hrl,multi,0,weighted_cka,1,489,2.912772395338069,272.5,0.7058325409889221,0.7026783227920532,1,0.0,0.4854620658896782,5,0,off,0,0,0.0,0.0,0.0,0.6641948046319883,0.3379183434583246,0.36619215993001103,0.3436011278054429,0.5644785106556954,0.636387448856607,0.4854620658896782,0.5825544790676138
hrl,multi,0,weighted_cka,1,490,2.9183231745540916,266.4,0.7067185640335083,0.7007432579994202,1,0.0,0.48638719575901534,5,0,off,0,0,0.0,0.0,0.0,1.0849554322417823,0.16984644056106823,0.007079967333469387,0.3379868629358606,0.15255065896207798,1.1659038125198333,0.48638719575901534,0.5836646349108184
hrl,multi,0,weighted_cka,1,491,3.0871394790088083,226.65,0.7095667123794556,0.7032341957092285,1,0.0,0.5145232465014681,5,0,off,0,0,0.0,0.0,0.0,0.5833669646596534,0.14359083269350226,0.4582999638402342,0.35148171150733826,0.8070572361194062,0.7433427701886743,0.5145232465014681,0.6174278958017617
hrl,multi,0,weighted_cka,1,492,3.043662819398473,233.6,0.7028264403343201,0.7002260684967041,1,0.0,0.5072771365664123,5,0,off,0,0,0.0,0.0,0.0,0.6688324458264977,0.05784086655266574,0.09653096968820307,0.3852237927595851,1.173314238513354,0.6619205060581677,0.5072771365664123,0.6087325638796947
hrl,multi,0,weighted_cka,1,493,3.1552030776791207,208.49999999999997,0.7079490423202515,0.7018295526504517,1,0.0,0.5258671796131869,5,0,off,0,0,0.0,0.0,0.0,0.2531266247471793,0.6055376815423369,0.4462106072278692,0.36709150371138816,1.1782855707962296,0.30495108965411777,0.5258671796131869,0.6310406155358242
hrl,multi,0,weighted_cka,1,494,3.072402600785456,226.6,0.705963134765625,0.7027694582939148,1,0.0,0.5120671001309094,5,0,off,0,0,0.0,0.0,0.0,0.16714832444249605,0.14863083131797605,0.3595729898512363,0.5560232396179489,1.1550925240392096,0.6859346915165894,0.5120671001309094,0.6144805201570913
hrl,multi,0,weighted_cka,1,495,2.9446221489738704,261.3,0.7062550783157349,0.7022649645805359,1,0.0,0.4907703581623118,5,0,off,0,0,0.0,0.0,0.0,0.4399247808360959,0.23260338067263353,0.466475306520704,0.25065771940900583,1.1701298101813515,0.38483115135408,0.4907703581623118,0.5889244297947742
hrl,multi,0,weighted_cka,1,496,3.035014955895981,238.5,0.707952082157135,0.7006319165229797,1,0.0,0.5058358259826635,5,0,off,0,0,0.0,0.0,0.0,0.5846048902568871,0.6111376200895756,0.48874955539172504,0.3404040357139892,1.1035901813416564,-0.09347132689785217,0.5058358259826635,0.6070029911791963
hrl,multi,0,weighted_cka,1,497,3.089425572587812,225.70000000000002,0.708179235458374,0.7008667588233948,1,0.0,0.5149042620979688,5,0,off,0,0,0.0,0.0,0.0,0.5957170877487586,0.13854375952854747,0.4149371813922188,0.5467339377279276,1.1106058750177032,0.2828877311726566,0.5149042620979688,0.6178851145175626
hrl,multi,0,weighted_cka,1,498,3.08576550333257,226.7,0.7031017541885376,0.7004604935646057,1,0.0,0.5142942505554284,5,0,off,0,0,0.0,0.0,0.0,0.031502781330865925,0.25726436251401896,0.514286083330633,-0.01777217677141023,1.1551807164663912,1.1453037364620715,0.5142942505554284,0.6171531006665141
hrl,multi,0,weighted_cka,1,499,2.9296746777726295,269.1,0.7042725682258606,0.7010111212730408,1,0.0,0.4882791129621051,5,0,off,0,0,0.0,0.0,0.0,0.3850827606248785,0.7299472872987388,0.6298578114886767,0.21127419137244557,0.5838767172755759,0.3896359097123146,0.4882791129621051,0.585934935554526
hrl,multi,0,weighted_cka,1,500,1.9116004996249152,300.9,0.6677646040916443,0.587749719619751,0,0.0,0.3186000832708192,5,0,off,0,0,0.0,0.0,0.0,-0.19072152380505605,0.2717058978565037,0.15295441198331527,0.23715684629647854,0.7955417125739039,0.64496315471977,0.3186000832708192,0.38232009992498306
hrl,multi,0,weighted_cka,1,501,3.117374458379571,222.6,0.7074764966964722,0.7006705403327942,1,0.0,0.5195624097299286,5,0,off,0,0,0.0,0.0,0.0,0.400397712327307,0.3084757052138447,0.5502753049153833,0.3917606835093756,1.1223351014782672,0.3441299509353935,0.5195624097299286,0.6234748916759144
hrl,multi,0,weighted_cka,1,502,3.082512688078131,228.75,0.7089939117431641,0.7011138796806335,1,0.0,0.5137521146796885,5,0,off,0,0,0.0,0.0,0.0,0.18521657996822594,0.2429736486213514,0.4064530743623617,-0.0681075837315585,1.2140260495835098,1.1019509192742407,0.5137521146796885,0.6165025376156262
hrl,multi,0,weighted_cka,1,503,3.0144205758925633,248.54999999999998,0.7070997357368469,0.7012690901756287,1,0.0,0.5024034293154273,5,0,off,0,0,0.0,0.0,0.0,0.4353117357432491,0.17283152938447888,0.6792809663930673,0.3106468619012739,1.0665214448968179,0.34982803757367653,0.5024034293154273,0.6028841151785127
hrl,multi,0,weighted_cka,1,504,2.8533046807370748,295.65,0.7076728343963623,0.70087730884552,1,0.0,0.47555078012284596,5,0,off,0,0,0.0,0.0,0.0,0.27886146458145217,0.35712806898355476,0.42221284201112563,0.3625303678522031,0.6810718269054776,0.7515001104032621,0.47555078012284596,0.5706609361474151
hrl,multi,0,weighted_cka,1,505,3.102942093928556,226.85,0.7080588340759277,0.703812301158905,1,0.0,0.5171570156547594,5,0,off,0,0,0.0,0.0,0.0,0.4694309152833883,0.2837477773865684,0.461244681824697,0.016085830219279028,0.7489353706990367,1.1234975185155869,0.5171570156547594,0.6205884187857112
hrl,multi,0,weighted_cka,1,506,3.063857186213903,237.54999999999998,0.7067732214927673,0.7006461024284363,1,0.0,0.5106428643689839,5,0,off,0,0,0.0,0.0,0.0,0.5479981060097924,0.37433028804510826,-0.004283798497635997,0.3576388435625703,1.0701645060791631,0.7180092410149053,0.5106428643689839,0.6127714372427807
hrl,multi,0,weighted_cka,1,507,3.0888193156556594,227.35,0.7044802904129028,0.7031358480453491,1,0.0,0.5148032192759433,5,0,off,0,0,0.0,0.0,0.0,0.5490058777162338,0.27503590147383505,0.48355980551545497,0.39048520237849144,1.0704992428966795,0.320233285674965,0.5148032192759433,0.617763863131132
hrl,multi,0,weighted_cka,1,508,2.3903637571672665,300.6,0.6895017623901367,0.6357352137565613,0,0.0,0.3983939595278778,5,0,off,0,0,0.0,0.0,0.0,-0.20476046899438397,0.8769293625690042,0.5105147939487359,0.3574472943644504,0.5549293515009338,0.2953034237785265,0.3983939595278778,0.4780727514334534
hrl,multi,0,weighted_cka,1,509,3.1602696650335322,206.4,0.7055684328079224,0.700473964214325,1,0.0,0.5267116108389222,5,0,off,0,0,0.0,0.0,0.0,0.49908369119628315,0.5311758709652349,0.5247064337879418,0.4608068424919619,1.2005844570687039,-0.05608763047659307,0.5267116108389222,0.6320539330067065
hrl,multi,0,weighted_cka,1,510,2.3622360896625354,300.29999999999995,0.6914951205253601,0.6191276907920837,0,0.0,0.39370601494375596,5,0,off,0,0,0.0,0.0,0.0,-0.265456768600154,0.359876747000031,0.38855254192184646,0.5170490475022232,0.9795704889102416,0.38264403292834753,0.39370601494375596,0.47244721793250716
hrl,multi,0,weighted_cka,1,511,3.0781142219849285,233.6,0.7059907913208008,0.700701117515564,1,0.0,0.5130190369974882,5,0,off,0,0,0.0,0.0,0.0,0.2801684577640115,0.47545095549151295,0.9135194254296365,0.5698707079657105,0.5014464579678314,0.33765821736622603,0.5130190369974882,0.6156228443969858
hrl,multi,0,weighted_cka,1,512,2.9834529775839402,254.1,0.7057081460952759,0.7034388780593872,1,0.0,0.4972421629306569,5,0,off,0,0,0.0,0.0,0.0,0.5128292284777852,0.6690815153096336,0.4072110671489499,0.2702024899108217,1.1360970226317875,-0.011968345895037057,0.4972421629306569,0.5966905955167883
hrl,multi,0,weighted_cka,1,513,1.8934373704523906,300.5,0.6232562065124512,0.3863743543624878,0,0.0,0.31557289507539843,5,0,off,0,0,0.0,0.0,0.0,0.049545960938325084,0.3641225060112774,-0.02109816217073261,-0.30925846151419506,1.1253463482535442,0.6847791789341717,0.31557289507539843,0.3786874740904781
hrl,multi,0,weighted_cka,1,514,2.961746532498136,258.65000000000003,0.7081200480461121,0.7051077485084534,1,0.0,0.49362442208302276,5,0,off,0,0,0.0,0.0,0.0,0.057702444040507395,0.184901505023241,0.2583447515020378,0.5744367499724029,1.107301860492036,0.7790592214679113,0.49362442208302276,0.5923493064996272
hrl,multi,0,weighted_cka,1,515,3.0014301036438997,242.84999999999997,0.7042814493179321,0.7010652422904968,1,0.0,0.5002383506073167,5,0,off,0,0,0.0,0.0,0.0,0.6752741204412885,0.13032428572326893,0.07724317979207251,0.41384340324224456,0.9638301713656544,0.740914943079371,0.5002383506073167,0.60028602072878
hrl,multi,0,weighted_cka,1,516,3.150937131881707,216.84999999999997,0.7084439992904663,0.7011637091636658,1,0.0,0.5251561886469512,5,0,off,0,0,0.0,0.0,0.0,0.4598387509537859,0.3136419116370379,0.04931568544707243,0.09201049443893128,1.1258501807291466,1.1102801086757332,0.5251561886469512,0.6301874263763414
hrl,multi,0,weighted_cka,1,517,2.9740895694330702,262.7,0.7063621282577515,0.7020490765571594,1,0.0,0.4956815949055118,5,0,off,0,0,0.0,0.0,0.0,0.3141311585073125,0.34501557830348606,0.5146784943230449,0.3503715447189896,0.7328859846354461,0.7170068089447916,0.4956815949055118,0.5948179138866141
hrl,multi,0,weighted_cka,1,518,3.014185587839944,245.6,0.7028664350509644,0.701042890548706,1,0.0,0.5023642646399907,5,0,off,0,0,0.0,0.0,0.0,0.5469329252314054,0.36071805572696025,0.4404728187336585,0.30671613092324684,1.0617249404569153,0.29762071676775814,0.5023642646399907,0.602837117567989
hrl,multi,0,weighted_cka,1,519,3.079292623491446,224.9,0.7050276398658752,0.7004072070121765,1,0.0,0.5132154372485744,5,0,off,0,0,0.0,0.0,0.0,0.520656876713503,0.2945599931813776,0.4707458708682096,0.0388303066917941,0.6580290651387766,1.0964705108977855,0.5132154372485744,0.6158585246982893
hrl,multi,0,weighted_cka,1,520,2.9598413291548376,264.75,0.705531895160675,0.7011657953262329,1,0.0,0.4933068881924729,5,0,off,0,0,0.0,0.0,0.0,0.4526080520059038,0.8025055514704436,0.3905929712302749,0.3797933941432456,0.6537692947196773,0.2805720655852928,0.4933068881924729,0.5919682658309675
hrl,multi,0,weighted_cka,1,521,3.0094706402578466,248.2,0.7039908766746521,0.7010840773582458,1,0.0,0.5015784400429745,5,0,off,0,0,0.0,0.0,0.0,0.1949053760992827,0.6566615787916815,0.4880491271279751,0.3216833463596848,0.9856350440892273,0.3625361677899957,0.5015784400429745,0.6018941280515694
hrl,multi,0,weighted_cka,1,522,3.1288327641982256,222.85,0.7047839164733887,0.7006569504737854,1,0.0,0.5214721273663709,5,0,off,0,0,0.0,0.0,0.0,0.48032077776885107,0.15923571015056215,0.5229080469915642,0.4163952017102127,1.2102719030808364,0.33970112449619916,0.5214721273663709,0.6257665528396451
hrl,multi,0,weighted_cka,1,523,2.9762435997744494,260.5,0.704216480255127,0.7015324234962463,1,0.0,0.4960405999624083,5,0,off,0,0,0.0,0.0,0.0,0.49464260065737087,0.2502619897536933,0.5697342555453068,0.30824118932449335,1.025889068559263,0.3274744959343225,0.4960405999624083,0.5952487199548899
hrl,multi,0,weighted_cka,1,524,3.0889630832662447,224.6,0.7082561254501343,0.704082727432251,1,0.0,0.5148271805443742,5,0,off,0,0,0.0,0.0,0.0,-0.0030938946620446307,0.2154431508518755,0.4404713266659527,0.48543788441712954,0.8436913692480883,1.1070132467452436,0.5148271805443742,0.617792616653249
hrl,multi,0,weighted_cka,1,525,3.09715463993037,226.6,0.7048603892326355,0.7012181282043457,1,0.0,0.5161924399883951,5,0,off,0,0,0.0,0.0,0.0,0.5478824197938664,0.16585504787601524,0.5675861093183047,0.3711184588153846,1.088880021793302,0.3558325823334977,0.5161924399883951,0.6194309279860741
hrl,multi,0,weighted_cka,1,526,3.0406031936724545,239.85,0.7097490429878235,0.7025738954544067,1,0.0,0.5067671989454091,5,0,off,0,0,0.0,0.0,0.0,0.3735116937271086,0.23975236137397582,0.6890679814205504,0.32762514033401374,1.155221073194232,0.2554249436225742,0.5067671989454091,0.608120638734491
hrl,multi,0,weighted_cka,1,527,3.003125654915103,244.5,0.7099516987800598,0.7008230090141296,1,0.0,0.5005209424858506,5,0,off,0,0,0.0,0.0,0.0,0.5085026546356383,0.5606412374265491,0.2215245005139148,-0.06368327219395369,1.0498995922168248,0.7262409423161298,0.5005209424858506,0.6006251309830206
hrl,multi,0,weighted_cka,1,528,3.076687832523704,230.75,0.7066928148269653,0.7016047239303589,1,0.0,0.5127813054206174,5,0,off,0,0,0.0,0.0,0.0,0.31604657292935,0.5841739868326111,0.5875149333341977,0.11051445048209274,1.164962008022703,0.31347588092274964,0.5127813054206174,0.6153375665047409
hrl,multi,0,weighted_cka,1,529,3.0328601702599634,242.5,0.7063493728637695,0.7014316320419312,1,0.0,0.5054766950433273,5,0,off,0,0,0.0,0.0,0.0,0.43176193850755207,0.2923537662420421,0.4021281446949578,0.4006468663470676,0.8213268098506377,0.6846426446177065,0.5054766950433273,0.6065720340519928
hrl,multi,0,weighted_cka,1,530,3.0679334655925214,232.7,0.7060329914093018,0.7003654837608337,1,0.0,0.5113222442654203,5,0,off,0,0,0.0,0.0,0.0,0.33605117566650716,0.1462299543023109,0.7057980201421304,0.3513966865385882,0.8233352570098358,0.7051223719331494,0.5113222442654203,0.6135866931185043
hrl,multi,0,weighted_cka,1,531,3.1402422443081326,214.95000000000002,0.7078301310539246,0.7018856406211853,1,0.0,0.5233737073846888,5,0,off,0,0,0.0,0.0,0.0,-0.02027890995237981,0.25340232495777304,0.5708375688718951,0.44212464114856254,0.784977244048612,1.10917937523367,0.5233737073846888,0.6280484488616266
hrl,multi,0,weighted_cka,1,532,3.109829752463813,226.7,0.7069500088691711,0.7005348801612854,1,0.0,0.5183049587439689,5,0,off,0,0,0.0,0.0,0.0,0.43879947537362013,0.233831503778696,0.5837343591358511,0.4923647313492837,1.0373212202908468,0.32377846253551534,0.5183049587439689,0.6219659504927627
hrl,multi,0,weighted_cka,1,533,3.1119826371085035,224.79999999999998,0.7034364938735962,0.7000356316566467,1,0.0,0.5186637728514173,5,0,off,0,0,0.0,0.0,0.0,0.560310390307044,0.30616202374640844,0.436888227727264,0.4435057494681095,1.08390105802218,0.28121518783749777,0.5186637728514173,0.6223965274217008
hrl,multi,0,weighted_cka,1,534,2.329871263097186,300.35,0.6770380735397339,0.5527384281158447,0,0.0,0.3883118771828644,5,0,off,0,0,0.0,0.0,0.0,-0.20699391532910552,0.5593787363981827,0.5179547881574834,0.33346212166862815,1.1376918996721503,-0.011622367470152679,0.3883118771828644,0.4659742526194373
hrl,multi,0,weighted_cka,1,535,3.057509915093282,238.7,0.7047938108444214,0.7000667452812195,1,0.0,0.5095849858488805,5,0,off,0,0,0.0,0.0,0.0,0.3223372508992323,0.15394347139075393,0.769516947184922,0.35424462822695196,1.122129398787394,0.3353382186040282,0.5095849858488805,0.6115019830186565
hrl,multi,0,weighted_cka,1,536,3.103122968968841,222.35,0.7053804397583008,0.7008470892906189,1,0.0,0.5171871614948069,5,0,off,0,0,0.0,0.0,0.0,0.4682487789480946,0.47023906331788734,0.2044040648497174,0.35031515190639756,1.2879145829327752,0.32200132701396944,0.5171871614948069,0.6206245937937683
hrl,multi,0,weighted_cka,1,537,3.0956778704695043,228.2,0.7084172368049622,0.7034172415733337,1,0.0,0.5159463117449175,5,0,off,0,0,0.0,0.0,0.0,-0.13561737909953822,0.20914600991830223,0.3923977408562786,0.2604560827184468,0.8685718786609358,1.5007235374150798,0.5159463117449175,0.619135574093901
hrl,multi,0,weighted_cka,1,538,3.128092571568942,219.4,0.7067487835884094,0.7007216215133667,1,0.0,0.521348761928157,5,0,off,0,0,0.0,0.0,0.0,0.4929755336218512,0.13404951967671508,0.4019729066583967,1.0143274465647698,0.7150018789540044,0.3697652860932052,0.521348761928157,0.6256185143137885
hrl,multi,0,weighted_cka,1,539,2.8173121575682645,296.65,0.7079442143440247,0.701634407043457,1,0.0,0.4695520262613775,5,0,off,0,0,0.0,0.0,0.0,0.2039044288930014,0.19273611394129686,0.4420752737718866,0.008486645587487067,1.2310358525691552,0.7390738428054378,0.4695520262613775,0.5634624315136529
hrl,multi,0,weighted_cka,1,540,3.1412257194354205,210.79999999999998,0.7052278518676758,0.7019392848014832,1,0.0,0.5235376199059035,5,0,off,0,0,0.0,0.0,0.0,0.22581944513705077,0.15281432999484235,0.43141938004270186,0.416497342282535,1.1764805384887147,0.7381946834895758,0.5235376199059035,0.6282451438870842
hrl,multi,0,weighted_cka,1,541,2.760883765423294,296.40000000000003,0.7050060033798218,0.7004147171974182,1,0.0,0.46014729423721573,5,0,off,0,0,0.0,0.0,0.0,0.4279638676910543,0.1425915700878484,0.3563614135002717,0.28851302043985444,1.1639757656215877,0.38147812808267767,0.46014729423721573,0.5521767530846589
hrl,multi,0,weighted_cka,1,542,2.9752950258402056,259.6,0.708233654499054,0.7042111158370972,1,0.0,0.495882504306701,5,0,off,0,0,0.0,0.0,0.0,0.3726924428043856,0.18103554454632098,0.04749189637717777,0.41571827015577567,1.184507087666221,0.7738497842903249,0.495882504306701,0.5950590051680412
hrl,multi,0,weighted_cka,1,543,3.17045751865073,201.7,0.7069081664085388,0.7003066539764404,1,0.0,0.5284095864417884,5,0,off,0,0,0.0,0.0,0.0,0.3690759514959063,0.21260553203895682,0.44435263248020773,0.5864859584071672,1.2797241686005143,0.27821327562797804,0.5284095864417884,0.634091503730146
hrl,multi,0,weighted_cka,1,544,2.939178070708957,258.84999999999997,0.708316445350647,0.7001979351043701,1,0.0,0.4898630117848262,5,0,off,0,0,0.0,0.0,0.0,0.07769043205073081,0.6368495703544467,0.425279214363545,0.09085585795814399,0.9992396697745424,0.7092633262075484,0.4898630117848262,0.5878356141417915
hrl,multi,0,weighted_cka,1,545,3.1304253037986687,213.89999999999998,0.710277259349823,0.7029440999031067,1,0.0,0.5217375506331114,5,0,off,0,0,0.0,0.0,0.0,0.4423289400896172,0.23305990300700064,0.6119633190315216,0.11042556998552744,0.6708360593324758,1.0618115123525262,0.5217375506331114,0.6260850607597337
hrl,multi,0,weighted_cka,1,546,2.9880663331261696,247.65,0.7013201117515564,0.7001382112503052,1,0.0,0.4980110555210284,5,0,off,0,0,0.0,0.0,0.0,0.3716594128875294,0.29536117106676096,0.522239542160183,0.3695347372078685,0.7769513446462559,0.6523201251575722,0.4980110555210284,0.5976132666252341
hrl,multi,0,weighted_cka,1,547,2.9749664829371145,258.85,0.7045230269432068,0.7001744508743286,1,0.0,0.4958277471561858,5,0,off,0,0,0.0,0.0,0.0,0.08962109417430453,0.15272855029627674,0.32275393492262805,1.0123863193679314,0.6446118630035779,0.7528647211723961,0.4958277471561858,0.594993296587423
hrl,multi,0,weighted_cka,1,548,3.143240368718742,212.7,0.7071500420570374,0.700189471244812,1,0.0,0.523873394786457,5,0,off,0,0,0.0,0.0,0.0,0.4485986668616532,0.3177227506935596,0.1933439969235331,0.4046993178385964,1.0852145330803467,0.6936611033210531,0.523873394786457,0.6286480737437483
hrl,multi,0,weighted_cka,1,549,2.9608630477239193,259.75,0.7083983421325684,0.7005549669265747,1,0.0,0.49347717462065327,5,0,off,0,0,0.0,0.0,0.0,0.49356917707389203,0.21673303113505238,-0.03009740619661189,0.3508418758683837,1.1910581038275265,0.7387582660156768,0.49347717462065327,0.5921726095447839
hrl,multi,0,weighted_cka,1,550,3.0325186817789906,242.79999999999998,0.7048511505126953,0.7000120282173157,1,0.0,0.5054197802964985,5,0,off,0,0,0.0,0.0,0.0,0.4499155134643368,0.18633713013306252,0.6219859513929112,0.3495306379959511,0.7180284330439752,0.7067210157487541,0.5054197802964985,0.6065037363557982
hrl,multi,0,weighted_cka,1,551,3.042455907941923,240.54999999999998,0.7070100903511047,0.700244665145874,1,0.0,0.5070759846569872,5,0,off,0,0,0.0,0.0,0.0,0.4197543310023028,0.7146127430908381,0.5585211785926948,-0.0730594517692226,1.104227846663445,0.31839926036186517,0.5070759846569872,0.6084911815883847
hrl,multi,0,weighted_cka,1,552,3.146151115337473,216.5,0.7036644220352173,0.7000768780708313,1,0.0,0.5243585192229122,5,0,off,0,0,0.0,0.0,0.0,0.38919372242409733,0.3947002483159303,0.5300808629193342,0.5461299234598408,1.009096851016249,0.27694950720202177,0.5243585192229122,0.6292302230674947
hrl,multi,0,weighted_cka,1,553,3.0420367516083138,241.6,0.706331729888916,0.7010838389396667,1,0.0,0.5070061252680523,5,0,off,0,0,0.0,0.0,0.0,1.0074432843488172,0.281237031199038,0.48709517912566647,0.34892133723552976,0.5521026393896898,0.3652372803095728,0.5070061252680523,0.6084073503216627
hrl,multi,0,weighted_cka,1,554,3.060846977894403,239.65,0.7046913504600525,0.7006387710571289,1,0.0,0.5101411629824005,5,0,off,0,0,0.0,0.0,0.0,0.5515146569488568,0.2089769314602017,0.5307840933694968,0.3524049482055706,1.0753301993710918,0.3418361485391855,0.5101411629824005,0.6121693955788807
hrl,multi,0,weighted_cka,1,555,3.1285082630235848,224.6,0.7068958878517151,0.701445460319519,1,0.0,0.5214180438372643,5,0,off,0,0,0.0,0.0,0.0,0.33813174369232724,0.3486322393268346,0.7033467974248341,0.36588508156022675,1.0156350609052458,0.35687734011411665,0.5214180438372643,0.6257016526047171
hrl,multi,0,weighted_cka,1,556,2.9637883957061906,262.65,0.7051112651824951,0.7005349397659302,1,0.0,0.4939647326176985,5,0,off,0,0,0.0,0.0,0.0,0.4421157482023116,0.41598058237135405,0.6123786591128445,0.3598689950341358,0.8614565270551245,0.2719878839304205,0.4939647326176985,0.5927576791412382
hrl,multi,0,weighted_cka,1,557,3.018017198711049,246.15,0.7039927244186401,0.7009523510932922,1,0.0,0.5030028664518416,5,0,off,0,0,0.0,0.0,0.0,0.30128179160132995,0.5659107554792425,0.24532026515575112,0.563832745535299,0.9515187231053349,0.39015291783409195,0.5030028664518416,0.6036034397422099
hrl,multi,0,weighted_cka,1,558,3.035220053322356,240.65,0.7053465247154236,0.7017072439193726,1,0.0,0.5058700088870595,5,0,off,0,0,0.0,0.0,0.0,0.49298903554282136,0.15908047381869972,0.40375030003930423,1.0329326906225176,0.569457408721093,0.3770101445779204,0.5058700088870595,0.6070440106644713
hrl,multi,0,weighted_cka,1,559,3.1210254417501133,215.6,0.7059863805770874,0.700226902961731,1,0.0,0.5201709069583523,5,0,off,0,0,0.0,0.0,0.0,0.3508544216835434,0.26992387676984064,0.6211171320234424,0.37573166782197215,1.126838584268087,0.37655975918322804,0.5201709069583523,0.6242050883500228
hrl,multi,0,weighted_cka,1,560,3.129225672570507,219.25,0.7070123553276062,0.7051095962524414,1,0.0,0.5215376120950846,5,0,off,0,0,0.0,0.0,0.0,-0.01582556342518377,0.6750020961742847,0.8135156906610354,0.3573111206606263,0.985408269317675,0.31381405918207017,0.5215376120950846,0.6258451345141015
hrl,multi,0,weighted_cka,1,561,2.984820001796114,263.85,0.7043768167495728,0.7013333439826965,1,0.0,0.4974700002993524,5,0,off,0,0,0.0,0.0,0.0,0.3567407566730398,0.20307504475861782,0.6727374435476957,0.3317506088451189,1.0241422482767373,0.39637389969490466,0.4974700002993524,0.5969640003592229
hrl,multi,0,weighted_cka,1,562,2.895219605026591,281.0,0.7075084447860718,0.7014692425727844,1,0.0,0.4825366008377652,5,0,off,0,0,0.0,0.0,0.0,0.3467532963501869,0.24484103834815318,0.46174277330003666,0.5451250418268608,1.0079055671235544,0.2888518880777992,0.4825366008377652,0.5790439210053182
hrl,multi,0,weighted_cka,1,563,3.0025573001791597,254.8,0.7061005234718323,0.7054266929626465,1,0.0,0.5004262166965266,5,0,off,0,0,0.0,0.0,0.0,0.48454030208301246,0.3367478743717074,0.6049579523853025,0.3682792499700735,0.8694419803757626,0.3385899409933016,0.5004262166965266,0.600511460035832
hrl,multi,0,weighted_cka,1,564,3.048105585256711,242.55,0.70465087890625,0.7015422582626343,1,0.0,0.5080175975427853,5,0,off,0,0,0.0,0.0,0.0,0.33912574684101116,0.18840661445260043,0.7575217907712793,0.4228063599565065,0.9974484249562955,0.3427966482790187,0.5080175975427853,0.6096211170513424
hrl,multi,0,weighted_cka,1,565,3.167822847996379,211.5,0.7080644369125366,0.705988347530365,1,0.0,0.5279704746660633,5,0,off,0,0,0.0,0.0,0.0,0.4097958230500007,0.20302451944351185,1.1163488073502665,0.5314182114768481,0.557921321393689,0.34931416528206316,0.5279704746660633,0.6335645695992759
hrl,multi,0,weighted_cka,1,566,2.9758718373852493,264.3,0.7061702609062195,0.7024686932563782,1,0.0,0.4959786395642083,5,0,off,0,0,0.0,0.0,0.0,0.48282278508504517,0.34362892356887453,0.5354219590118153,0.3062812215796146,0.9662696348319294,0.34144731330797073,0.4959786395642083,0.59517436747705
hrl,multi,0,weighted_cka,1,567,2.9762645804510273,259.3,0.7062132358551025,0.7026150226593018,1,0.0,0.49604409674183797,5,0,off,0,0,0.0,0.0,0.0,0.48082574332482164,0.30608514191023994,0.4358733197920662,0.36286834165343124,1.0314918780884264,0.35912015568204225,0.49604409674183797,0.5952529160902056
hrl,multi,0,weighted_cka,1,568,2.369235929892121,300.75,0.6943277716636658,0.6200322508811951,0,0.0,0.3948726549820201,5,0,off,0,0,0.0,0.0,0.0,-0.23068156620464325,0.20512428419664497,1.2004729235288685,0.3463531335789593,0.17039829365049064,0.6775688611418008,0.3948726549820201,0.4738471859784242
hrl,multi,0,weighted_cka,1,569,3.116628731989068,230.75,0.7102314829826355,0.7027089595794678,1,0.0,0.519438121998178,5,0,off,0,0,0.0,0.0,0.0,0.910852661968849,0.3338763039615005,0.597956683721626,0.40605075967527215,0.14753604770870865,0.7203562749531119,0.519438121998178,0.6233257463978136
hrl,multi,0,weighted_cka,1,570,3.08183459424934,239.59999999999997,0.7069982290267944,0.7062055468559265,1,0.0,0.5136390990415568,5,0,off,0,0,0.0,0.0,0.0,0.36760423378017726,0.40452690516971046,0.6301305292861069,0.12919343859155186,0.9726482011648475,0.5777312862569466,0.5136390990415568,0.6163669188498682
hrl,multi,0,weighted_cka,1,571,3.106503663155564,227.1,0.7108055353164673,0.7035097479820251,1,0.0,0.5177506105259273,5,0,off,0,0,0.0,0.0,0.0,0.5391993881199157,0.3697345726825296,0.5596887115361168,0.09393892099556966,0.4314631598079576,1.1124789100134747,0.5177506105259273,0.6213007326311127
hrl,multi,0,weighted_cka,1,572,2.9992085157711017,252.15,0.7035565972328186,0.7003150582313538,1,0.0,0.49986808596185034,5,0,off,0,0,0.0,0.0,0.0,0.8991076170210724,0.6787326071923597,0.612769783259835,0.4547487420428077,0.36800072296992575,-0.014150956714898348,0.49986808596185034,0.5998417031542205
hrl,multi,0,weighted_cka,1,573,3.069463742300192,235.6,0.7074263691902161,0.7029619216918945,1,0.0,0.5115772903833653,5,0,off,0,0,0.0,0.0,0.0,0.5671120660640298,0.8859856155291199,0.46004665329912664,0.03069017496809812,0.41534691341524,0.7102823190245777,0.5115772903833653,0.6138927484600384
hrl,multi,0,weighted_cka,1,574,3.1030280442511886,231.7,0.7061344385147095,0.7007901668548584,1,0.0,0.5171713407085314,5,0,off,0,0,0.0,0.0,0.0,0.8974979231841861,0.36100593475252385,0.7667126329531891,0.3778513786508701,0.3932145972378784,0.3067455774725414,0.5171713407085314,0.6206056088502377
hrl,multi,0,weighted_cka,1,575,3.0069205427285377,249.05,0.7090734243392944,0.7056368589401245,1,0.0,0.5011534237880896,5,0,off,0,0,0.0,0.0,0.0,0.3219097109931825,0.24666005406156177,0.7346125270677729,-0.022516378599612044,0.9965095156566238,0.729745113549009,0.5011534237880896,0.6013841085457076
hrl,multi,0,weighted_cka,1,576,3.161246869264935,210.35,0.7037262916564941,0.7012348771095276,1,0.0,0.5268744782108225,5,0,off,0,0,0.0,0.0,0.0,0.8991079237223892,0.38187551387026897,0.6852984763039275,0.37931730929332835,0.5605751969791016,0.2550724490959197,0.5268744782108225,0.632249373852987
hrl,multi,0,weighted_cka,1,577,3.130676740833633,219.7,0.70521479845047,0.7010201215744019,1,0.0,0.5217794568056054,5,0,off,0,0,0.0,0.0,0.0,0.8998168166731483,0.2508060158863663,0.7455434059840625,-0.03734230030965417,0.5303389171996385,0.7415138854000718,0.5217794568056054,0.6261353481667266
hrl,multi,0,weighted_cka,1,578,3.044798160443081,239.0,0.7043622136116028,0.7000680565834045,1,0.0,0.5074663600738469,5,0,off,0,0,0.0,0.0,0.0,0.633721135205589,0.780329127033241,0.9033486232669091,0.0063618377489036634,0.37185637506749475,0.34918106212094424,0.5074663600738469,0.6089596320886164
hrl,multi,0,weighted_cka,1,579,3.138009736751495,217.54999999999998,0.7018376588821411,0.7001025676727295,1,0.0,0.523001622791916,5,0,off,0,0,0.0,0.0,0.0,0.4080646690665743,0.3255176142379641,0.5513998520388267,0.5074769307302157,0.6026730330557819,0.7428776376221329,0.523001622791916,0.6276019473502992
hrl,multi,0,weighted_cka,1,580,2.933171997712696,267.6,0.7064864635467529,0.7018314003944397,1,0.0,0.4888619996187827,5,0,off,0,0,0.0,0.0,0.0,0.45797092801978556,0.3483158499989658,1.1388425338709491,-0.07459388626875091,0.3534640512336044,0.7091725208581425,0.4888619996187827,0.5866343995425393
hrl,multi,0,weighted_cka,1,581,3.18304088837364,209.45,0.7076462507247925,0.700293242931366,1,0.0,0.5305068147289401,5,0,off,0,0,0.0,0.0,0.0,0.3697024307133397,0.41553600884973996,0.961934349389281,0.5639724820316477,0.5597454715927596,0.3121501457968726,0.5305068147289401,0.6366081776747281
hrl,multi,0,weighted_cka,1,582,3.1142775385819395,221.5,0.7055107951164246,0.7001262903213501,1,0.0,0.5190462564303232,5,0,off,0,0,0.0,0.0,0.0,0.5365459096054545,0.20526473648846144,1.1134500885410232,0.3345083727794262,0.5678627462771254,0.356645684890449,0.5190462564303232,0.6228555077163879
hrl,multi,0,weighted_cka,1,583,3.1633790494069913,215.6,0.7101179361343384,0.7003281712532043,1,0.0,0.5272298415678319,5,0,off,0,0,0.0,0.0,0.0,0.45900652163138134,0.2932613860443234,0.43509238997613997,0.2464955473076551,0.5939158182715762,1.1356073861759155,0.5272298415678319,0.6326758098813983
hrl,multi,0,weighted_cka,1,584,2.3749021985804184,300.4,0.6974159479141235,0.6730386018753052,0,0.0,0.3958170330967365,5,0,off,0,0,0.0,0.0,0.0,-0.11840297183720408,0.19723540594242506,1.0951202311003576,0.3893424498168751,0.49281906983512436,0.31878801372284066,0.3958170330967365,0.4749804397160838
hrl,multi,0,weighted_cka,1,585,2.887400938895271,284.7,0.7072287201881409,0.7008053660392761,1,0.0,0.4812334898158786,5,0,off,0,0,0.0,0.0,0.0,0.287432680125028,0.33236939986422653,0.5399597581286214,0.3343379183496726,1.053753091445658,0.33954809098206457,0.4812334898158786,0.5774801877790543
hrl,multi,0,weighted_cka,1,586,3.059638192583014,236.35,0.705958366394043,0.7002508044242859,1,0.0,0.5099396987638357,5,0,off,0,0,0.0,0.0,0.0,0.35350120752956715,0.8256772224642336,0.45906196221662665,0.562941595955286,0.9844554775187279,-0.1259992731014267,0.5099396987638357,0.6119276385166029
hrl,multi,0,weighted_cka,1,587,3.1028672310199927,225.45000000000002,0.7025356888771057,0.7000830173492432,1,0.0,0.5171445385033321,5,0,off,0,0,0.0,0.0,0.0,0.46660155262326575,0.44377233121590676,1.0942072031123096,0.36003986241086383,0.379890730632469,0.3583555510251783,0.5171445385033321,0.6205734462039986
hrl,multi,0,weighted_cka,1,588,3.1282237480997157,217.7,0.7038866281509399,0.7011225819587708,1,0.0,0.521370624683286,5,0,off,0,0,0.0,0.0,0.0,0.4450278884983271,0.3109798204209655,0.6092779949908144,0.39499545194613156,1.0704123320728538,0.2975302601706236,0.521370624683286,0.6256447496199432
hrl,multi,0,weighted_cka,1,589,3.020427574932516,251.75,0.7073161602020264,0.7009531855583191,1,0.0,0.503404595822086,5,0,off,0,0,0.0,0.0,0.0,-0.12313600833731489,0.23739401442930097,1.002223285963293,0.5501192773764486,0.5687214268267852,0.7851055786740035,0.503404595822086,0.6040855149865032
hrl,multi,0,weighted_cka,1,590,2.9879319276217724,260.6,0.7078936100006104,0.7019827365875244,1,0.0,0.4979886546036288,5,0,off,0,0,0.0,0.0,0.0,0.3535495044533745,0.2574090238325297,0.7324293640871763,-0.13800486288070551,1.035007528858492,0.7475413692709059,0.4979886546036288,0.5975863855243546
hrl,multi,0,weighted_cka,1,591,3.1566549205859467,213.7,0.7071747779846191,0.7028295397758484,1,0.0,0.5261091534309912,5,0,off,0,0,0.0,0.0,0.0,0.36774926345609127,0.20092253629676993,1.1985185375828293,0.4834830881206834,0.6044673835377906,0.3015141115917824,0.5261091534309912,0.6313309841171895
hrl,multi,0,weighted_cka,1,592,2.8686993461109918,281.3,0.7048752903938293,0.7013816237449646,1,0.0,0.47811655768516537,5,0,off,0,0,0.0,0.0,0.0,0.28057706811604993,0.6498437200882471,1.1015896119275128,0.4740511415136278,0.3683020330229773,-0.005664228557422758,0.47811655768516537,0.5737398692221984
hrl,multi,0,weighted_cka,1,593,3.1980353607168603,201.65,0.7096673250198364,0.7046650648117065,1,0.0,0.53300589345281,5,0,off,0,0,0.0,0.0,0.0,0.1266218965662409,0.3328706700988113,0.5295469131879799,0.3828755753938357,1.0479865224952225,0.7781337829747703,0.53300589345281,0.6396070721433721
hrl,multi,0,weighted_cka,1,594,3.0101493625574443,247.35,0.706586480140686,0.7003704905509949,1,0.0,0.5016915604262407,5,0,off,0,0,0.0,0.0,0.0,0.4195516757501171,0.22859414977021508,0.6857714758400105,0.38206610972585614,0.9864197765715069,0.30774617489973893,0.5016915604262407,0.602029872511489
hrl,multi,0,weighted_cka,1,595,3.18452113086909,210.64999999999998,0.706856906414032,0.7007208466529846,1,0.0,0.530753521811515,5,0,off,0,0,0.0,0.0,0.0,0.42874332774430507,0.24892515605874355,1.2242268061167558,0.39595647626880226,0.5762322297585195,0.3104371349219639,0.530753521811515,0.636904226173818
hrl,multi,0,weighted_cka,1,596,2.9440743292407032,263.15,0.7066299319267273,0.7035351395606995,1,0.0,0.4906790548734506,5,0,off,0,0,0.0,0.0,0.0,0.4983480807193553,0.5153650311715899,0.6841329027896279,0.43010799769790886,0.42843941000848995,0.38768090685373174,0.4906790548734506,0.5888148658481407
hrl,multi,0,weighted_cka,1,597,3.1315060776115473,218.65,0.7068535685539246,0.7003355026245117,1,0.0,0.5219176796019246,5,0,off,0,0,0.0,0.0,0.0,0.4778933082475413,0.29359377581253643,0.5217020680708809,0.4381348177287726,1.0458366554938254,0.3543454522579908,0.5219176796019246,0.6263012155223096
hrl,multi,0,weighted_cka,1,598,3.0595264964434774,239.7,0.7083650827407837,0.7018336653709412,1,0.0,0.5099210827405796,5,0,off,0,0,0.0,0.0,0.0,1.0770682965955345,0.3288573236763477,0.417583065772429,0.36949147927272125,0.544724671346077,0.3218016597803681,0.5099210827405796,0.6119052992886955
hrl,multi,0,weighted_cka,1,599,3.0945099533696534,226.9,0.7087184190750122,0.7060717940330505,1,0.0,0.5157516588949423,5,0,off,0,0,0.0,0.0,0.0,0.3818331409012898,0.35275417711585755,0.5855345164766766,0.057673952816577945,0.9922878820649347,0.724426283994317,0.5157516588949423,0.6189019906739308
hrl,multi,0,weighted_cka,1,600,3.0311654744947583,238.99999999999997,0.7082933187484741,0.7018759250640869,1,0.0,0.5051942457491264,5,0,off,0,0,0.0,0.0,0.0,0.38955526085407466,0.3025037654265761,1.0444315154151989,0.04715374749952739,0.5722251190184614,0.67529606628092,0.5051942457491264,0.6062330948989517
hrl,multi,0,weighted_cka,1,601,3.2434136555287805,190.79999999999998,0.7067702412605286,0.7002680897712708,1,0.0,0.54056894258813,5,0,off,0,0,0.0,0.0,0.0,0.02224264130066136,0.18576564668677742,0.39067227437393726,0.45026019865355915,1.1148909302574173,1.0795819642564282,0.54056894258813,0.6486827311057561
hrl,multi,0,weighted_cka,1,602,3.147531517301272,213.6,0.7101079225540161,0.7065106630325317,1,0.0,0.5245885862168786,5,0,off,0,0,0.0,0.0,0.0,0.4903225328898114,0.3189336152411997,1.0568579704724832,0.5512031451819347,0.4146217564012621,0.31559249711458104,0.5245885862168786,0.6295063034602544
hrl,multi,0,weighted_cka,1,603,3.116357223748834,221.85,0.7054621577262878,0.7009729146957397,1,0.0,0.5193928706248057,5,0,off,0,0,0.0,0.0,0.0,0.5139192596889331,0.20840099580213423,0.6536544979070312,0.46360413212049745,0.9882397942278766,0.2885385440023615,0.5193928706248057,0.6232714447497668
hrl,multi,0,weighted_cka,1,604,3.1826911163479314,208.85,0.7055954933166504,0.7005747556686401,1,0.0,0.530448519391322,5,0,off,0,0,0.0,0.0,0.0,0.5223626790260895,0.33531831936538214,0.5864816348310559,-0.030429083689581683,0.6186200814751208,1.1503374853398651,0.530448519391322,0.6365382232695864
hrl,multi,0,weighted_cka,1,605,3.0912425553045866,226.54999999999998,0.7056370377540588,0.7000594735145569,1,0.0,0.5152070925507646,5,0,off,0,0,0.0,0.0,0.0,0.36075224436726416,0.15835939217917616,0.7243873130821156,0.3981128785902401,1.1053965794118992,0.3442341476738918,0.5152070925507646,0.6182485110609175
hrl,multi,0,weighted_cka,1,606,3.032242379066129,239.7,0.7068934440612793,0.700137734413147,1,0.0,0.5053737298443549,5,0,off,0,0,0.0,0.0,0.0,0.4870770891666615,0.09435527754016215,0.7158102219582068,0.3978709425275155,0.6045944321826099,0.7325344156909734,0.5053737298443549,0.6064484758132258
hrl,multi,0,weighted_cka,1,607,2.877065071918513,280.65,0.704429030418396,0.7003638744354248,1,0.0,0.47951084531975224,5,0,off,0,0,0.0,0.0,0.0,0.5814092839966759,0.04493948111169921,0.2771908655147999,0.27161981402519436,0.9665579063736912,0.7353477208964526,0.47951084531975224,0.5754130143837026
hrl,multi,0,weighted_cka,1,608,3.0365356823197063,238.0,0.7072514295578003,0.700634241104126,1,0.0,0.5060892803866177,5,0,off,0,0,0.0,0.0,0.0,0.44525813730317154,0.3441497925370931,0.4924927477417512,0.46956390840213846,0.9604034912027563,0.32466760513279586,0.5060892803866177,0.6073071364639413
hrl,multi,0,weighted_cka,1,609,3.0405637677992012,246.6,0.7054567337036133,0.700111985206604,1,0.0,0.5067606279665336,5,0,off,0,0,0.0,0.0,0.0,0.32775764873305424,1.3072864429764448,0.6050359096508472,-0.02078067183327232,0.5888618258950299,0.2324026123770978,0.5067606279665336,0.6081127535598403
hrl,multi,0,weighted_cka,1,610,3.1358192119905324,213.79999999999998,0.7062967419624329,0.7007623314857483,1,0.0,0.5226365353317554,5,0,off,0,0,0.0,0.0,0.0,0.4088469037828035,0.15948336907289917,0.6431337779508902,0.3906770029871331,1.2351497214189728,0.2985284367778338,0.5226365353317554,0.6271638423981065
hrl,multi,0,weighted_cka,1,611,2.9798350908412763,256.85,0.7037676572799683,0.7017116546630859,1,0.0,0.4966391818068794,5,0,off,0,0,0.0,0.0,0.0,0.45380843929876546,0.24426657832786436,0.5721480673484037,0.3733878078136767,1.0227073071724733,0.31351689088009294,0.4966391818068794,0.5959670181682553
hrl,multi,0,weighted_cka,1,612,3.2031612885104774,203.6,0.707656979560852,0.7004233002662659,1,0.0,0.5338602147517463,5,0,off,0,0,0.0,0.0,0.0,0.5168608569838106,0.3974868180975317,0.5813464018069207,0.4160362319890699,0.6230133903771637,0.6684175892559812,0.5338602147517463,0.6406322577020955
hrl,multi,0,weighted_cka,1,613,3.0303085369692333,249.5,0.7062174677848816,0.7006201148033142,1,0.0,0.5050514228282056,5,0,off,0,0,0.0,0.0,0.0,0.3884905559306497,0.1802744458522647,0.6694237323678097,0.38574053164559147,1.0715456491610964,0.33483362201182165,0.5050514228282056,0.6060617073938468
hrl,multi,0,weighted_cka,1,614,3.033952393267764,243.45,0.7074599266052246,0.7024614214897156,1,0.0,0.5056587322112941,5,0,off,0,0,0.0,0.0,0.0,0.36814743921301113,0.4050933305844664,0.537935358115239,0.4142390690172323,1.0181108774378078,0.29042631890000775,0.5056587322112941,0.6067904786535528
hrl,multi,0,weighted_cka,1,615,3.1338741732460087,218.4,0.7073116302490234,0.700645923614502,1,0.0,0.5223123622076682,5,0,off,0,0,0.0,0.0,0.0,0.3489709840826108,0.17529680682905013,0.7025833065535406,0.39788735082442866,1.1385783660634186,0.37055735889296043,0.5223123622076682,0.6267748346492018
hrl,multi,0,weighted_cka,1,616,3.081465190567826,231.6,0.7120381593704224,0.7007765769958496,1,0.0,0.5135775317613044,5,0,off,0,0,0.0,0.0,0.0,0.09895830301480579,0.2729933262430131,0.5243321845750032,0.3538360212943516,0.7379133819270645,1.0934319735135882,0.5135775317613044,0.6162930381135652
hrl,multi,0,weighted_cka,1,617,3.055607149476246,238.35,0.704201877117157,0.700667679309845,1,0.0,0.5092678582460411,5,0,off,0,0,0.0,0.0,0.0,0.35892086542351165,0.27944889420270913,0.5684424866377374,0.3689533240516411,1.169669224767567,0.31017235439307983,0.5092678582460411,0.6111214298952493
hrl,multi,0,weighted_cka,1,618,3.0278767376134104,244.65,0.7027310729026794,0.7000975012779236,1,0.0,0.5046461229355684,5,0,off,0,0,0.0,0.0,0.0,0.5066846531494519,0.1625145379044115,0.480747071204474,0.35862923972154376,1.1844080782430244,0.334893157390505,0.5046461229355684,0.6055753475226822
hrl,multi,0,weighted_cka,1,619,3.1225572686867777,222.29999999999998,0.7077751159667969,0.7031516432762146,1,0.0,0.5204262114477963,5,0,off,0,0,0.0,0.0,0.0,0.3790276136323809,0.3819307334013282,0.6113834059834479,0.026240984927164333,1.0411804295440668,0.68279410119839,0.5204262114477963,0.6245114537373556
hrl,multi,0,weighted_cka,1,620,3.0552727641423925,233.35,0.7090650200843811,0.7024763822555542,1,0.0,0.5092121273570654,5,0,off,0,0,0.0,0.0,0.0,0.421798081205692,0.138814396765083,0.7559535420113243,0.05975572924711736,1.1017222177661021,0.5772287971470736,0.5092121273570654,0.6110545528284785
hrl,multi,0,weighted_cka,1,621,2.974760007769804,255.04999999999998,0.7089334726333618,0.7023990154266357,1,0.0,0.4957933346283008,5,0,off,0,0,0.0,0.0,0.0,0.3668090146728791,0.1687960704416036,0.678400915738195,0.19538907025050117,1.2282893409338937,0.3370755957327317,0.4957933346283008,0.5949520015539609
hrl,multi,0,weighted_cka,1,622,3.131882434553679,220.4,0.707485020160675,0.7017821073532104,1,0.0,0.5219804057589466,5,0,off,0,0,0.0,0.0,0.0,0.5018142631166264,0.3711145682893693,0.5158388576209544,0.38967794081009915,1.0187110401443822,0.3347257645722479,0.5219804057589466,0.6263764869107359
hrl,multi,0,weighted_cka,1,623,2.9603570775800447,267.9,0.7060842514038086,0.7000128626823425,1,0.0,0.49339284626334096,5,0,off,0,0,0.0,0.0,0.0,0.39998652747864255,0.2755596838947385,0.7280367564442566,0.33795807248578774,0.9142546370564958,0.304561400220124,0.49339284626334096,0.5920714155160092
hrl,multi,0,weighted_cka,1,624,2.3487910735303292,300.75,0.6649556159973145,0.4859998822212219,0,0.0,0.3914651789217216,5,0,off,0,0,0.0,0.0,0.0,-0.09135165467578947,0.17938693878799672,0.8887197727395685,0.5070099588002775,0.14655955408699795,0.7184665037912783,0.3914651789217216,0.46975821470606594
hrl,multi,0,weighted_cka,1,625,3.0947053619023053,232.5,0.708968997001648,0.7022508978843689,1,0.0,0.5157842269837176,5,0,off,0,0,0.0,0.0,0.0,0.5132040027218171,0.2929666138347238,0.5304235310247166,0.0399557756296707,0.9913718106606974,0.7267836280306801,0.5157842269837176,0.6189410723804611
hrl,multi,0,weighted_cka,1,626,2.9422362068191537,264.29999999999995,0.7067167162895203,0.7009273767471313,1,0.0,0.4903727011365257,5,0,off,0,0,0.0,0.0,0.0,0.3560985358463367,0.5353829021097188,0.5508779389376285,-0.03229056256415803,1.1269597981627446,0.4052075943268835,0.4903727011365257,0.5884472413638309
hrl,multi,0,weighted_cka,1,627,3.1285566431583245,216.55,0.7029709219932556,0.7006089091300964,1,0.0,0.5214261071930542,5,0,off,0,0,0.0,0.0,0.0,0.47515093855210566,0.18975556418858464,0.7139799878888297,0.3746367157901986,1.0415274982722473,0.3335059384663589,0.5214261071930542,0.625711328631665
hrl,multi,0,weighted_cka,1,628,2.388654616938118,300.1,0.69598788022995,0.6576244235038757,0,0.0,0.39810910282301976,5,0,off,0,0,0.0,0.0,0.0,-0.3481209140037248,0.5431341480107511,0.5397975907500366,0.4450685696019062,1.2102820007631014,-0.0015067781839519746,0.39810910282301976,0.47773092338762374
hrl,multi,0,weighted_cka,1,629,3.1885170261011435,197.5,0.7062695026397705,0.7028782963752747,1,0.0,0.5314195043501907,5,0,off,0,0,0.0,0.0,0.0,0.4125255894594592,0.14300918100029225,0.5407207789123057,0.5349375322022168,0.8588422356938534,0.6984817088330164,0.5314195043501907,0.6377034052202288
hrl,multi,0,weighted_cka,1,630,3.1941720519806753,207.64999999999998,0.7062029242515564,0.7011521458625793,1,0.0,0.5323620086634459,5,0,off,0,0,0.0,0.0,0.0,0.06015447787032446,0.33296605232730503,0.5813815520333591,0.4183061319868583,1.0170557338832875,0.7843081038795412,0.5323620086634459,0.6388344103961351
hrl,multi,0,weighted_cka,1,631,3.106758243150496,221.55,0.7057847380638123,0.7032915949821472,1,0.0,0.5177930405250827,5,0,off,0,0,0.0,0.0,0.0,0.5610268360466578,0.18493293235637243,0.5883689472042023,0.2931734803994767,1.1533963339384643,0.3258597132053226,0.5177930405250827,0.6213516486300993
hrl,multi,0,weighted_cka,1,632,2.927370645688517,271.85,0.7047763466835022,0.7009240388870239,1,0.0,0.4878951076147529,5,0,off,0,0,0.0,0.0,0.0,0.39337094502638487,0.16188830451667302,0.6719531874563544,0.05343000936809128,0.9119384700253429,0.7347897292956709,0.4878951076147529,0.5854741291377035
hrl,multi,0,weighted_cka,1,633,2.9885629933418927,252.3,0.7044766545295715,0.7005405426025391,1,0.0,0.49809383222364884,5,0,off,0,0,0.0,0.0,0.0,0.36397349621978337,0.7032227127859368,0.4796033083940855,0.4473356149549944,1.15598832165217,-0.161560460665077,0.49809383222364884,0.5977125986683787
hrl,multi,0,weighted_cka,1,634,3.1695100359591777,212.54999999999998,0.704709529876709,0.7014275789260864,1,0.0,0.5282516726598631,5,0,off,0,0,0.0,0.0,0.0,0.406294270995102,0.21531295991502697,0.7143564284734892,0.3798168523306448,0.6985452927129225,0.7551842315319925,0.5282516726598631,0.6339020071918358
hrl,multi,0,weighted_cka,1,635,3.0016118247910857,244.35,0.7050344347953796,0.7001610398292542,1,0.0,0.500268637465181,5,0,off,0,0,0.0,0.0,0.0,-0.01596531205851358,0.2614238073650048,0.6077832109073641,0.3778348312727175,1.054917793820903,0.7156174934836105,0.500268637465181,0.6003223649582172
hrl,multi,0,weighted_cka,1,636,3.2139824392233005,203.45,0.7048589587211609,0.7006750702857971,1,0.0,0.5356637398705502,5,0,off,0,0,0.0,0.0,0.0,0.4005382476189842,0.8894788250029086,0.43055007799435396,0.1476177345428149,0.6370743614797246,0.7087231925845145,0.5356637398705502,0.6427964878446601
hrl,multi,0,weighted_cka,1,637,3.1533318842892526,211.64999999999998,0.7042015194892883,0.7015039920806885,1,0.0,0.5255553140482089,5,0,off,0,0,0.0,0.0,0.0,0.47375675444793874,0.13023989079799492,0.6936271143467164,0.05470344690815532,1.0465229614027773,0.7544817163856701,0.5255553140482089,0.6306663768578507
hrl,multi,0,weighted_cka,1,638,3.1058872050884534,220.6,0.7081170082092285,0.7006200551986694,1,0.0,0.5176478675147423,5,0,off,0,0,0.0,0.0,0.0,-0.014400891778175818,0.19687821465544397,0.6574919642512685,0.34807379278183354,1.1696518645165486,0.748192260661535,0.5176478675147423,0.6211774410176908
hrl,multi,0,weighted_cka,1,639,3.051011073720722,241.6,0.7080806493759155,0.7007009983062744,1,0.0,0.5085018456201204,5,0,off,0,0,0.0,0.0,0.0,0.39852825148141696,0.3103205905929207,0.5153240689150987,-0.05106233032839383,1.0974034450389443,0.7804970480207354,0.5085018456201204,0.6102022147441445
hrl,multi,0,weighted_cka,1,640,2.9327175927601745,273.04999999999995,0.7077595591545105,0.7028628587722778,1,0.0,0.48878626546002907,5,0,off,0,0,0.0,0.0,0.0,0.17923885578708693,0.3659846566282212,0.6450007859098258,0.041819780875928636,0.9991330991911235,0.7015404143679885,0.48878626546002907,0.5865435185520349
hrl,multi,0,weighted_cka,1,641,3.086157229111238,229.15,0.7053436040878296,0.7026298642158508,1,0.0,0.5143595381852064,5,0,off,0,0,0.0,0.0,0.0,0.4853121983574563,0.7634542299043386,0.5300166173502802,0.36455684425407336,1.0081496423094065,-0.06533230306431653,0.5143595381852064,0.6172314458222476
hrl,multi,0,weighted_cka,1,642,3.088747171474387,232.5,0.7066073417663574,0.7005356550216675,1,0.0,0.5147911952457312,5,0,off,0,0,0.0,0.0,0.0,0.3761361384439515,0.23507516026124353,0.6474404914928599,0.3751790847063529,1.1470816684850722,0.30783462808490725,0.5147911952457312,0.6177494342948775
hrl,multi,0,weighted_cka,1,643,3.0617205938329444,235.45000000000002,0.7049520015716553,0.700325071811676,1,0.0,0.5102867656388241,5,0,off,0,0,0.0,0.0,0.0,0.5446191068748011,0.16721763075888152,0.7133562464253044,0.32702586958603924,0.5762525240832472,0.7332492161046713,0.5102867656388241,0.612344118766589
hrl,multi,0,weighted_cka,1,644,3.1630473448346534,208.60000000000002,0.7038934826850891,0.7003190517425537,1,0.0,0.5271745574724424,5,0,off,0,0,0.0,0.0,0.0,0.3920097397798672,0.21453200110420578,0.7984487699759192,0.37467925138771524,1.080965610201674,0.30241197238527234,0.5271745574724424,0.6326094689669308
hrl,multi,0,weighted_cka,1,645,3.1886785135002333,202.89999999999998,0.7112035751342773,0.702599287033081,1,0.0,0.5314464189167056,5,0,off,0,0,0.0,0.0,0.0,0.38793874199036504,0.24437005253694943,0.4981528698671608,0.1775352293942123,1.173273917702725,0.707407702008821,0.5314464189167056,0.6377357027000468
hrl,multi,0,weighted_cka,1,646,3.0660716298419275,246.99999999999997,0.7105098962783813,0.7023488879203796,1,0.0,0.511011938306988,5,0,off,0,0,0.0,0.0,0.0,0.333602501271147,0.3017249959222972,0.5807089894772505,0.022894597216771128,1.1046209529899058,0.722519592964556,0.511011938306988,0.6132143259683855
hrl,multi,0,weighted_cka,1,647,2.8457553575274566,290.5,0.7059186697006226,0.7007777690887451,1,0.0,0.4742925595879095,5,0,off,0,0,0.0,0.0,0.0,0.4305686176333473,0.422813725245054,0.5675504963202399,0.04561477342230491,1.0379425557556967,0.34126518915081394,0.4742925595879095,0.5691510715054914
hrl,multi,0,weighted_cka,1,648,3.1683910247650977,204.4,0.7041457295417786,0.7002103924751282,1,0.0,0.5280651707941831,5,0,off,0,0,0.0,0.0,0.0,0.4186803922280668,0.23884698279947036,0.7219091119384392,0.35638753329441525,1.1141047789775764,0.31846222552713005,0.5280651707941831,0.6336782049530197
hrl,multi,0,weighted_cka,1,649,3.1042407873685693,225.3,0.702616274356842,0.7008876800537109,1,0.0,0.5173734645614283,5,0,off,0,0,0.0,0.0,0.0,0.5215180732149746,0.1905984726863097,0.5840001004403456,0.3905552231804467,1.0121508979788048,0.40541801986768844,0.5173734645614283,0.6208481574737139
hrl,multi,0,weighted_cka,1,650,3.195716098249563,204.84999999999997,0.7093690633773804,0.7059673070907593,1,0.0,0.5326193497082605,5,0,off,0,0,0.0,0.0,0.0,0.40000574876437883,0.7547010255474597,0.9349373492696321,0.14900382332270956,0.6178847263003698,0.33918342504501336,0.5326193497082605,0.6391432196499126
hrl,multi,0,weighted_cka,1,651,3.0891992154189754,233.55,0.7045307159423828,0.7012044787406921,1,0.0,0.5148665359031627,5,0,off,0,0,0.0,0.0,0.0,0.5601435426677052,0.33765340546891087,0.4373588993949814,0.34213143055104583,1.048247909353289,0.3636640279830433,0.5148665359031627,0.6178398430837951
hrl,multi,0,weighted_cka,1,652,3.179045218216147,204.85,0.7091560363769531,0.7035408020019531,1,0.0,0.5298408697026912,5,0,off,0,0,0.0,0.0,0.0,0.42255783016420895,0.18160075318813318,1.2292061624422201,0.4852348846697422,0.5917655387341655,0.268680049017677,0.5298408697026912,0.6358090436432293
hrl,multi,0,weighted_cka,1,653,3.009506952919356,249.5,0.7076758146286011,0.7036661505699158,1,0.0,0.5015844921532261,5,0,off,0,0,0.0,0.0,0.0,0.3302145511284469,0.3919039923511445,1.0590749261565504,0.42033429525938104,0.5052384649279992,0.3027407230958342,0.5015844921532261,0.6019013905838713
hrl,multi,0,weighted_cka,1,654,3.1628632201312255,211.35,0.7040432691574097,0.7007064819335938,1,0.0,0.527143870021871,5,0,off,0,0,0.0,0.0,0.0,0.4337732604864285,0.28392133424989874,0.622206901753554,0.46795331901283144,1.0000690789760553,0.3549393256524578,0.527143870021871,0.6325726440262451
hrl,multi,0,weighted_cka,1,655,3.112560414796089,223.65,0.7082511186599731,0.704288125038147,1,0.0,0.5187600691326815,5,0,off,0,0,0.0,0.0,0.0,0.6507432350720045,0.4668839954361319,0.9767731349384411,0.3388558953565661,0.3480418112567276,0.33126234273621813,0.5187600691326815,0.6225120829592178
hrl,multi,0,weighted_cka,1,656,3.0314198241234367,243.3,0.7048047780990601,0.7010892629623413,1,0.0,0.5052366373539062,5,0,off,0,0,0.0,0.0,0.0,0.5685802239233452,0.2741154916789381,0.45038343810755743,0.33047144416731306,1.0072720596482538,0.40059716659802946,0.5052366373539062,0.6062839648246874
hrl,multi,0,weighted_cka,1,657,3.131870910629381,222.45,0.7061262130737305,0.7016098499298096,1,0.0,0.5219784851048969,5,0,off,0,0,0.0,0.0,0.0,0.42040662654279715,0.34835945513471955,0.4781673859506844,0.4772735920380181,1.0624255011624189,0.34523834980074314,0.5219784851048969,0.6263741821258763
hrl,multi,0,weighted_cka,1,658,3.104574085831327,223.65,0.7088639140129089,0.7012118101119995,1,0.0,0.5174290143052213,5,0,off,0,0,0.0,0.0,0.0,0.3648360543712041,0.387735824977979,0.9101485477299428,0.10082396946474903,0.6086031544283613,0.732426534859091,0.5174290143052213,0.6209148171662655
hrl,multi,0,weighted_cka,1,659,3.0306292888403132,248.7,0.7067586183547974,0.7008048892021179,1,0.0,0.5051048814733856,5,0,off,0,0,0.0,0.0,0.0,0.5419944802792741,0.3596577399335801,1.1406805358463896,-0.09915435188263663,0.3283432317882979,0.7591076528754085,0.5051048814733856,0.6061258577680627
hrl,multi,0,weighted_cka,1,660,3.141345737795007,214.04999999999998,0.7107740640640259,0.7022494077682495,1,0.0,0.5235576229658345,5,0,off,0,0,0.0,0.0,0.0,0.04166456933505813,0.3516324984505772,0.9425431484677828,0.09996349397674198,0.5886783683588145,1.1168636592060328,0.5235576229658345,0.6282691475590014
hrl,multi,0,weighted_cka,1,661,3.179655032204277,213.7,0.709494411945343,0.7025325894355774,1,0.0,0.5299425053673795,5,0,off,0,0,0.0,0.0,0.0,0.5268293259954079,0.35810096110403533,1.0627343004902357,0.46741999571979964,0.43613659142330274,0.3284338574714958,0.5299425053673795,0.6359310064408554
hrl,multi,0,weighted_cka,1,662,3.0729124816723856,236.59999999999997,0.7025231719017029,0.7008675336837769,1,0.0,0.512152080278731,5,0,off,0,0,0.0,0.0,0.0,0.5150364305458496,0.2884264005902222,0.8387958608765619,0.06320275309006673,0.5711149411076911,0.7963360954619945,0.512152080278731,0.6145824963344773
hrl,multi,0,weighted_cka,1,663,3.138461247339227,228.85,0.7069010734558105,0.7015150785446167,1,0.0,0.5230768745565377,5,0,off,0,0,0.0,0.0,0.0,0.451869775740546,0.44114709771797056,1.0782232744544742,0.4740042900525149,0.42155101377330706,0.2716657956004142,0.5230768745565377,0.6276922494678453
hrl,multi,0,weighted_cka,1,664,3.0237647211113803,255.6,0.7069928646087646,0.7015872597694397,1,0.0,0.5039607868518968,5,0,off,0,0,0.0,0.0,0.0,0.49050577729515477,0.41139684134162957,0.4880641273278742,0.43164737649881124,0.8903905214625408,0.31176007718537,0.5039607868518968,0.6047529442222761
hrl,multi,0,weighted_cka,1,665,3.042402979006844,239.25,0.7029553651809692,0.7001330256462097,1,0.0,0.5070671631678073,5,0,off,0,0,0.0,0.0,0.0,0.47035812577046443,0.6113143500434234,1.2244248773786528,0.2320303569397073,0.5278207270777783,-0.02354545820318162,0.5070671631678073,0.6084805958013688
hrl,multi,0,weighted_cka,1,666,2.411966008875285,300.5,0.6791841387748718,0.5608403086662292,0,0.0,0.4019943348125475,5,0,off,0,0,0.0,0.0,0.0,0.4054741430685388,0.23119152920693153,0.6050977558782323,-0.26819722816022157,0.6847088867016136,0.7536909221801906,0.4019943348125475,0.482393201775057
hrl,multi,0,weighted_cka,1,667,3.0167996919392044,248.45,0.7033506035804749,0.7004427909851074,1,0.0,0.5027999486565341,5,0,off,0,0,0.0,0.0,0.0,0.40292819417081754,0.40774255069531495,1.0601992924984076,0.4408761701581533,0.38908297253413177,0.3159705118823796,0.5027999486565341,0.603359938387841
hrl,multi,0,weighted_cka,1,668,3.115826483220763,229.5,0.708287239074707,0.7038983702659607,1,0.0,0.5193044138701273,5,0,off,0,0,0.0,0.0,0.0,0.39111637641862024,0.25871298738569015,1.0377012724215162,0.4691368742424237,0.6023019379221367,0.35685703483037645,0.5193044138701273,0.6231652966441528
hrl,multi,0,weighted_cka,1,669,3.11927912436074,221.4,0.7074137926101685,0.701505184173584,1,0.0,0.5198798540601234,5,0,off,0,0,0.0,0.0,0.0,0.354211573846056,0.7042955944985151,1.0223977904214987,0.5628200308787635,0.5674984009582548,-0.09194426624234768,0.5198798540601234,0.623855824872148
hrl,multi,0,weighted_cka,1,670,3.0687958827136685,236.6,0.7033149003982544,0.7010107636451721,1,0.0,0.5114659804522781,5,0,off,0,0,0.0,0.0,0.0,1.1157019253196192,0.33332463735714546,0.5740672227204776,0.30228373829911276,0.38646105937095115,0.35695729964636264,0.5114659804522781,0.6137591765427337
hrl,multi,0,weighted_cka,1,671,3.158906236093748,214.95,0.7081597447395325,0.7024702429771423,1,0.0,0.5264843726822913,5,0,off,0,0,0.0,0.0,0.0,0.4946388976899906,0.38806368054077023,1.1618063078094272,0.327979742663192,0.46127708870382034,0.32514051868654786,0.5264843726822913,0.6317812472187495
hrl,multi,0,weighted_cka,1,672,3.1388098979639287,213.54999999999998,0.7044168710708618,0.7007957100868225,1,0.0,0.5231349829939882,5,0,off,0,0,0.0,0.0,0.0,0.3280214479080168,0.5829434445481746,0.6926795750139281,0.4871156086940026,0.6895138629572465,0.3585359588425606,0.5231349829939882,0.6277619795927858
hrl,multi,0,weighted_cka,1,673,3.090247952874551,233.65,0.707042396068573,0.7002112865447998,1,0.0,0.5150413254790919,5,0,off,0,0,0.0,0.0,0.0,0.40960486648650835,0.3046628183536231,0.6717574360872384,0.35171154981601277,1.0782339112116022,0.2742773709195666,0.5150413254790919,0.6180495905749103
hrl,multi,0,weighted_cka,1,674,3.1003876611929813,223.35,0.7034332156181335,0.7005928754806519,1,0.0,0.5167312768654969,5,0,off,0,0,0.0,0.0,0.0,0.5084619517216923,0.4493612682912498,0.9417391146954613,0.3125017075074574,0.5131359414368634,0.37518767754025756,0.5167312768654969,0.6200775322385963
hrl,multi,0,weighted_cka,1,675,3.0802986282323155,235.15,0.7039991617202759,0.7015849351882935,1,0.0,0.513383104705386,5,0,off,0,0,0.0,0.0,0.0,0.3104179925816133,0.6930862715207039,0.5471972051807678,0.07447446988569562,1.0780998621976612,0.37702282686587424,0.513383104705386,0.6160597256464632
hrl,multi,0,weighted_cka,1,676,3.190501033328982,203.75,0.707467257976532,0.702054500579834,1,0.0,0.5317501722214971,5,0,off,0,0,0.0,0.0,0.0,0.4516850259271449,0.22954111509583885,0.6634561507287434,0.49110006490586955,0.6473089989637955,0.7074096777075902,0.5317501722214971,0.6381002066657965
hrl,multi,0,weighted_cka,1,677,3.0651833778070507,236.35,0.7034915089607239,0.7000846862792969,1,0.0,0.5108638963011752,5,0,off,0,0,0.0,0.0,0.0,0.3974126637885346,0.03162963051348917,1.2651363158645106,0.495074465800193,0.44409015753911796,0.4318401443012059,0.5108638963011752,0.6130366755614103
hrl,multi,0,weighted_cka,1,678,3.097769891068551,224.85,0.7109861969947815,0.7040707468986511,1,0.0,0.5162949818447585,5,0,off,0,0,0.0,0.0,0.0,0.34270153881167054,0.2247737902346998,0.7615887765241786,0.3831568474720843,0.6715321769591536,0.7140167610667646,0.5162949818447585,0.6195539782137103
hrl,multi,0,weighted_cka,1,679,3.0878238811644803,232.55,0.7071276307106018,0.7064372301101685,1,0.0,0.5146373135274135,5,0,off,0,0,0.0,0.0,0.0,0.4041160055257496,0.2893412269316613,0.6431917148474603,0.45746401037796736,0.9760844254705151,0.3176264980111271,0.5146373135274135,0.6175647762328962
hrl,multi,0,weighted_cka,1,680,3.0391173836136494,247.7,0.7042255401611328,0.7008616328239441,1,0.0,0.5065195639356084,5,0,off,0,0,0.0,0.0,0.0,0.2736920378883367,0.26576628685556347,0.7743648139047435,0.3788694866720543,1.014076083437943,0.33234867485500863,0.5065195639356084,0.6078234767227301
hrl,multi,0,weighted_cka,1,681,3.079622443913225,231.39999999999998,0.7065166234970093,0.7025556564331055,1,0.0,0.5132704073188709,5,0,off,0,0,0.0,0.0,0.0,0.42938647948065756,0.4862601785268633,0.4513091424535959,0.750639441307634,0.552281753475894,0.4097454486685805,0.5132704073188709,0.615924488782645
hrl,multi,0,weighted_cka,1,682,3.1829380756568852,209.5,0.7051857113838196,0.7007941007614136,1,0.0,0.5304896792761477,5,0,off,0,0,0.0,0.0,0.0,0.10763864714710492,0.35410118472576135,1.145164098553825,0.48415434553765213,0.35597021042613775,0.7359095892664045,0.5304896792761477,0.6365876151313772
hrl,multi,0,weighted_cka,1,683,3.138814590113494,214.45000000000002,0.7032638192176819,0.7001864314079285,1,0.0,0.5231357650189158,5,0,off,0,0,0.0,0.0,0.0,0.38108801529242187,0.2531930004488676,0.6868870703252031,0.34979564824653786,1.1023328662564524,0.36551798954401166,0.5231357650189158,0.627762918022699
hrl,multi,0,weighted_cka,1,684,2.9883223350771315,254.95,0.7070422172546387,0.701041579246521,1,0.0,0.49805372251285523,5,0,off,0,0,0.0,0.0,0.0,0.1533957968422326,0.16254896648600692,0.6166692438018507,0.56911797832539,1.141856544472044,0.3447338051496073,0.49805372251285523,0.5976644670154263
hrl,multi,0,weighted_cka,1,685,3.1282973934985288,217.79999999999998,0.7099979519844055,0.7004245519638062,1,0.0,0.5213828989164214,5,0,off,0,0,0.0,0.0,0.0,0.4941934945613028,0.2469419570229947,0.5660174303585662,-0.03036416201114716,0.7141064066069664,1.137402266959846,0.5213828989164214,0.6256594786997057
hrl,multi,0,weighted_cka,1,686,3.1631504816097897,202.70000000000002,0.7046188116073608,0.7016053199768066,1,0.0,0.5271917469349651,5,0,off,0,0,0.0,0.0,0.0,0.3437773491811822,0.2167958133053034,0.7520147834257221,0.2415646766588906,0.9525929540521464,0.6564049049865455,0.5271917469349651,0.632630096321958
hrl,multi,0,weighted_cka,1,687,3.1932080083868226,199.95,0.7073216438293457,0.7013905048370361,1,0.0,0.5322013347311371,5,0,off,0,0,0.0,0.0,0.0,0.55893591715442,0.14458990712277586,0.7089805637067182,0.06681568262714421,1.013389794419985,0.7004961433557793,0.5322013347311371,0.6386416016773644
hrl,multi,0,weighted_cka,1,688,3.09683236133184,223.4,0.7053695917129517,0.7004756331443787,1,0.0,0.51613872688864,5,0,off,0,0,0.0,0.0,0.0,0.567869696485286,0.13070353452116246,0.5170931741584935,0.3670605608485202,1.1582462638547146,0.35585913146366366,0.51613872688864,0.6193664722663681
hrl,multi,0,weighted_cka,1,689,3.103515132706872,231.9,0.7084180116653442,0.7003403902053833,1,0.0,0.517252522117812,5,0,off,0,0,0.0,0.0,0.0,0.3979315659750135,0.20631989088654512,0.6487344595172907,0.0855818375798334,0.9988560886005869,0.7660912901476025,0.517252522117812,0.6207030265413744
hrl,multi,0,weighted_cka,1,690,3.153460212389869,214.54999999999998,0.7097886800765991,0.7021114230155945,1,0.0,0.5255767020649783,5,0,off,0,0,0.0,0.0,0.0,-0.08374300759052866,0.5859904835496562,0.6320822938707132,0.15076940870483657,1.0981466205837203,0.7702144132714719,0.5255767020649783,0.630692042477974
hrl,multi,0,weighted_cka,1,691,2.895160078920091,276.70000000000005,0.7046238780021667,0.7003963589668274,1,0.0,0.48252667982001524,5,0,off,0,0,0.0,0.0,0.0,0.40620052998210293,0.10946728673391037,0.5492756941145923,0.29267952264624175,1.2142599818208253,0.3232770636224187,0.48252667982001524,0.5790320157840183
hrl,multi,0,weighted_cka,1,692,3.0816470073728333,232.75,0.7069250345230103,0.7034440636634827,1,0.0,0.5136078345621389,5,0,off,0,0,0.0,0.0,0.0,0.40327166820061383,0.16589626099215815,0.7001457838637287,0.32793950002096234,1.1286549651073217,0.3557388291880488,0.5136078345621389,0.6163294014745666
hrl,multi,0,weighted_cka,1,693,3.0107893505427,244.7,0.704464316368103,0.7000454068183899,1,0.0,0.5017982250904501,5,0,off,0,0,0.0,0.0,0.0,0.5077778959665445,0.12985248022526497,0.783617911598645,0.3172295137461114,0.5435661917974356,0.7287453572086989,0.5017982250904501,0.6021578701085402
hrl,multi,0,weighted_cka,1,694,3.16176355193011,211.5,0.7051767110824585,0.700786292552948,1,0.0,0.5269605919883518,5,0,off,0,0,0.0,0.0,0.0,0.38945476250350475,0.2755390392430126,0.6999558736542238,0.43750661161742743,0.9975219946820287,0.36178527022991325,0.5269605919883518,0.6323527103860221
hrl,multi,0,weighted_cka,1,695,3.1388815023003223,216.3,0.7077295184135437,0.7019482254981995,1,0.0,0.5231469170500538,5,0,off,0,0,0.0,0.0,0.0,0.3546386093771725,0.2468160235602408,0.7760946066915057,0.4034568090370302,1.0478688812619072,0.3100065723724663,0.5231469170500538,0.6277763004600645
hrl,multi,0,weighted_cka,1,696,2.976485877005883,267.65,0.7051342725753784,0.7022228837013245,1,0.0,0.49608097950098057,5,0,off,0,0,0.0,0.0,0.0,0.5625171450751366,0.019495142825413404,0.5845022947611286,0.40296288791316315,1.0005234230933708,0.4064849833376705,0.49608097950098057,0.5952971754011767
hrl,multi,0,weighted_cka,1,697,3.0240578420813105,248.55,0.708259642124176,0.7001571655273438,1,0.0,0.5040096403468851,5,0,off,0,0,0.0,0.0,0.0,-0.05556428443745255,0.17289440087601537,0.532530424779048,0.5894914446983638,1.0465843463644848,0.7381215098008513,0.5040096403468851,0.6048115684162622
hrl,multi,0,weighted_cka,1,698,3.0193380762959587,250.7,0.7106727361679077,0.7002695798873901,1,0.0,0.5032230127159932,5,0,off,0,0,0.0,0.0,0.0,0.32707833275082504,0.22766184300184245,0.6692551844241096,0.3925953753460198,0.6632008889067218,0.7395464518664405,0.5032230127159932,0.603867615259192
hrl,multi,0,weighted_cka,1,699,3.126831451323409,221.2,0.7059197425842285,0.7034738063812256,1,0.0,0.5211385752205683,5,0,off,0,0,0.0,0.0,0.0,0.2841749440418788,0.666116365969181,0.7011051847726338,0.4177033863733667,1.1687820242494342,-0.11105045408308507,0.5211385752205683,0.6253662902646819
hrl,multi,0,weighted_cka,1,700,3.2086485049885223,197.5,0.7026437520980835,0.7006976008415222,1,0.0,0.5347747508314205,5,0,off,0,0,0.0,0.0,0.0,0.4453309530562254,0.21629248499497766,0.3865990972751751,0.6254421370681374,1.1900307144820688,0.3449531181119382,0.5347747508314205,0.6417297009977045
hrl,multi,0,weighted_cka,1,701,3.1066137570216923,220.79999999999998,0.7077361345291138,0.7005661725997925,1,0.0,0.5177689595036155,5,0,off,0,0,0.0,0.0,0.0,0.48794588673215167,0.2845156253445893,0.6345834940328494,0.3853955182110657,0.6415263408736208,0.6726468918274157,0.5177689595036155,0.6213227514043386
hrl,multi,0,weighted_cka,1,702,3.1291127369194283,219.74999999999997,0.7071968913078308,0.7014137506484985,1,0.0,0.5215187894865715,5,0,off,0,0,0.0,0.0,0.0,0.29990116317453785,0.15158920302614565,0.795179206404602,0.0320205038040875,1.1312424431918187,0.7191802173182368,0.5215187894865715,0.6258225473838858
hrl,multi,0,weighted_cka,1,703,3.167020933554612,213.95,0.7102110385894775,0.7003902792930603,1,0.0,0.527836822259102,5,0,off,0,0,0.0,0.0,0.0,0.3579082057885825,0.24455826176330442,0.6525446129078044,0.05784888331271931,1.1326749782606491,0.7214859915215521,0.527836822259102,0.6334041867109225
hrl,multi,0,weighted_cka,1,704,3.115313185891786,222.45,0.7030344009399414,0.7000402808189392,1,0.0,0.5192188643152977,5,0,off,0,0,0.0,0.0,0.0,0.3824907409707083,0.21011479604616756,1.0446089988662859,0.39125257088374193,0.7892417824231087,0.29760429670177396,0.5192188643152977,0.6230626371783573
hrl,multi,0,weighted_cka,1,705,3.1750517424951763,204.35,0.7048822641372681,0.701808512210846,1,0.0,0.5291752904158628,5,0,off,0,0,0.0,0.0,0.0,0.2868814921018201,0.17099682042002673,0.6437675013362895,0.58451132728043,1.1658440335057674,0.3230505678508431,0.5291752904158628,0.6350103484990354
hrl,multi,0,weighted_cka,1,706,3.179936135668915,210.55,0.7087135314941406,0.7001757025718689,1,0.0,0.5299893559448191,5,0,off,0,0,0.0,0.0,0.0,0.4381769105157144,0.3444908135272562,0.675920021415688,0.44676182719925406,0.5103986184383974,0.7641879445726052,0.5299893559448191,0.635987227133783
hrl,multi,0,weighted_cka,1,707,3.1395130597580914,213.65,0.7086195945739746,0.7008584141731262,1,0.0,0.5232521766263486,5,0,off,0,0,0.0,0.0,0.0,0.35468193044699725,0.17814148567989463,0.7085400671417591,0.0744844691138713,1.1176364529500713,0.7060286544254981,0.5232521766263486,0.6279026119516183
hrl,multi,0,weighted_cka,1,708,3.05140274048685,243.79999999999998,0.7101984024047852,0.7038560509681702,1,0.0,0.508567123414475,5,0,off,0,0,0.0,0.0,0.0,0.03450594494107628,0.23328414276987308,0.5150253541786222,0.19004806192591772,0.9618615777771918,1.1166776588941691,0.508567123414475,0.61028054809737
hrl,multi,0,weighted_cka,1,709,3.1124802348351794,223.5,0.7057506442070007,0.7021507620811462,1,0.0,0.5187467058058634,5,0,off,0,0,0.0,0.0,0.0,0.31344042391609395,0.8257165347896516,0.7619196214457041,0.40121866788796606,0.5300403655311091,0.2801446212646551,0.5187467058058634,0.622496046967036
hrl,multi,0,weighted_cka,1,710,3.1252768662249193,230.4,0.7084052562713623,0.7028902769088745,1,0.0,0.5208794777041533,5,0,off,0,0,0.0,0.0,0.0,0.4012084943538647,0.3630849801525473,1.0386882801237514,0.6154638760421657,0.3896875697801005,0.31714366577249015,0.5208794777041533,0.625055373244984
hrl,multi,0,weighted_cka,1,711,3.2016221884842953,205.5,0.7070927619934082,0.7022371292114258,1,0.0,0.5336036980807158,5,0,off,0,0,0.0,0.0,0.0,0.03565810844837669,0.12147190492972726,0.45133937321510154,0.762474594945088,0.6741111767620313,1.1565670301839708,0.5336036980807158,0.6403244376968591
hrl,multi,0,weighted_cka,1,712,3.1735207271957018,209.4,0.7039774060249329,0.7032120227813721,1,0.0,0.5289201211992837,5,0,off,0,0,0.0,0.0,0.0,0.3718758846059427,0.3043325310274958,0.7280602110933977,0.4177255912174004,1.0192375542087682,0.33228895504269745,0.5289201211992837,0.6347041454391404
hrl,multi,0,weighted_cka,1,713,3.1989871704569195,197.79999999999998,0.7086390852928162,0.7007302641868591,1,0.0,0.5331645284094866,5,0,off,0,0,0.0,0.0,0.0,0.3686934736571274,0.27345521385408933,0.68082183289394,0.5425879893377422,1.0842600655956192,0.2491685951184015,0.5331645284094866,0.6397974340913839
hrl,multi,0,weighted_cka,1,714,3.062948045639879,240.65,0.7067304849624634,0.701115608215332,1,0.0,0.5104913409399799,5,0,off,0,0,0.0,0.0,0.0,0.338178813945502,0.223823347184807,0.6384121895846909,0.41668915742496015,1.1085461729709056,0.3372983645290136,0.5104913409399799,0.6125896091279759
hrl,multi,0,weighted_cka,1,715,3.150235945884743,215.85,0.7118813395500183,0.7006226778030396,1,0.0,0.5250393243141238,5,0,off,0,0,0.0,0.0,0.0,0.4107955939718521,0.1513235737625509,1.095652223025914,0.19910125264152878,0.16880676401453076,1.1245565384683665,0.5250393243141238,0.6300471891769486
hrl,multi,0,weighted_cka,1,716,3.1923489011922057,201.75,0.7061010599136353,0.700251042842865,1,0.0,0.5320581501987011,5,0,off,0,0,0.0,0.0,0.0,0.3039478130745701,0.18120591142773623,0.6260174057222901,0.5876958740973058,1.135553359188605,0.35792853768169874,0.5320581501987011,0.6384697802384413
hrl,multi,0,weighted_cka,1,717,3.2496569552129855,194.89999999999998,0.7060003280639648,0.7026265859603882,1,0.0,0.5416094925354976,5,0,off,0,0,0.0,0.0,0.0,-0.04479414448939503,0.23541573273390526,0.6123567107704001,0.23602034285850815,1.0343684166063465,1.1762898967332207,0.5416094925354976,0.6499313910425972
hrl,multi,0,weighted_cka,1,718,3.122720076052062,221.65,0.7060397863388062,0.7003777027130127,1,0.0,0.5204533460086771,5,0,off,0,0,0.0,0.0,0.0,0.40241467922130675,0.26563540758565063,0.6448790399036369,0.15485303947702045,0.9501840673787517,0.7047538424856961,0.5204533460086771,0.6245440152104125
hrl,multi,0,weighted_cka,1,719,3.100252225291367,226.65,0.7083552479743958,0.7048910856246948,1,0.0,0.5167087042152279,5,0,off,0,0,0.0,0.0,0.0,0.4561422205432316,0.13411832356452935,1.2128685005805453,0.19330265950568704,0.34246939310070584,0.7613511279966683,0.5167087042152279,0.6200504450582734
hrl,multi,0,weighted_cka,1,720,3.078563721247668,226.3,0.7032661437988281,0.701045572757721,1,0.0,0.5130939535412781,5,0,off,0,0,0.0,0.0,0.0,0.35445735381543625,0.19924363778904075,0.6931791181378065,0.4300667191520332,1.1100820147707124,0.2915348775826394,0.5130939535412781,0.6157127442495337
hrl,multi,0,weighted_cka,1,721,3.1014380042093097,230.5,0.7063811421394348,0.7000683546066284,1,0.0,0.5169063340348851,5,0,off,0,0,0.0,0.0,0.0,0.3388445165883167,0.23788484369218343,0.7115917240739799,0.010107774879492236,1.043536835663486,0.7594723093118518,0.5169063340348851,0.6202876008418621
hrl,multi,0,weighted_cka,1,722,3.1829150608241084,205.65,0.7038065791130066,0.7002900242805481,1,0.0,0.5304858434706848,5,0,off,0,0,0.0,0.0,0.0,0.41946142359636707,0.2941454883832484,0.7738563847083132,0.37367736208112906,1.0257690373542716,0.2960053647007792,0.5304858434706848,0.6365830121648217
hrl,multi,0,weighted_cka,1,723,3.1552453224583985,212.55,0.7078678011894226,0.7017026543617249,1,0.0,0.5258742204097332,5,0,off,0,0,0.0,0.0,0.0,0.33130855524167413,0.26075972785241897,0.6568124797991476,0.6079799054961185,1.0372570011899804,0.26112765287905926,0.5258742204097332,0.6310490644916797
hrl,multi,0,weighted_cka,1,724,3.1639085686485915,206.75,0.7097447514533997,0.7038167715072632,1,0.0,0.5273180947747653,5,0,off,0,0,0.0,0.0,0.0,0.3461465771188086,0.21662165137007827,0.06413425972708489,0.5947356945693608,1.1706833813898263,0.7715870044734329,0.5273180947747653,0.6327817137297184
hrl,multi,0,weighted_cka,1,725,3.0415883640798467,246.4,0.7076742053031921,0.7016637325286865,1,0.0,0.5069313940133079,5,0,off,0,0,0.0,0.0,0.0,0.24277500901666624,0.1888477961160242,0.6628023782917297,0.5044244085547979,1.07621785271354,0.3665209193870891,0.5069313940133079,0.6083176728159694
hrl,multi,0,weighted_cka,1,726,3.1299423071949266,215.25,0.7034968137741089,0.7006827592849731,1,0.0,0.5216570511991545,5,0,off,0,0,0.0,0.0,0.0,0.5264557792928534,0.2556527251582592,0.5372347703641279,0.3836307507134042,1.118034144379664,0.3089341372866184,0.5216570511991545,0.6259884614389855
hrl,multi,0,weighted_cka,1,727,3.200555987946828,199.6,0.7063578367233276,0.7024404406547546,1,0.0,0.5334259979911381,5,0,off,0,0,0.0,0.0,0.0,0.3673477969856467,0.12621681258082385,0.5075832452094181,0.255038178410381,1.2547551607070488,0.6896147940535098,0.5334259979911381,0.6401111975893656
hrl,multi,0,weighted_cka,1,728,3.139525696506496,217.9,0.7063397169113159,0.7017019987106323,1,0.0,0.5232542827510827,5,0,off,0,0,0.0,0.0,0.0,0.3222552995192818,0.13459537304565306,1.2166216247039845,0.5287540826240146,0.6147112969197331,0.32258801969382905,0.5232542827510827,0.6279051393012992
hrl,multi,0,weighted_cka,1,729,3.087492378762346,231.9,0.7082635164260864,0.7044839262962341,1,0.0,0.5145820631270577,5,0,off,0,0,0.0,0.0,0.0,0.3737528976255852,0.4152713232301175,0.5344957017146515,0.36276904530241144,1.087023996647447,0.3141794142421334,0.5145820631270577,0.6174984757524692
hrl,multi,0,weighted_cka,1,730,3.1352661807724966,217.2,0.7071607708930969,0.7030215859413147,1,0.0,0.5225443634620827,5,0,off,0,0,0.0,0.0,0.0,0.8560940784038974,0.3495401181839406,0.6468483927039196,0.23591555734723801,0.392465095241554,0.6544029388919472,0.5225443634620827,0.6270532361544993
hrl,multi,0,weighted_cka,1,731,3.1514898615548494,212.65,0.7094258069992065,0.7010625600814819,1,0.0,0.5252483102591416,5,0,off,0,0,0.0,0.0,0.0,0.35446868095919476,0.3315288392025977,0.7701086201628203,0.056503120861714606,0.9745715057219494,0.6643090946465731,0.5252483102591416,0.63029797231097
hrl,multi,0,weighted_cka,1,732,3.097307317447783,222.79999999999998,0.7101930379867554,0.7003191113471985,1,0.0,0.5162178862412973,5,0,off,0,0,0.0,0.0,0.0,0.04748824092640991,0.14500716804154212,0.6302287331778788,0.32331073651974646,0.8161668440678476,1.1351055947143585,0.5162178862412973,0.6194614634895567
hrl,multi,0,weighted_cka,1,733,3.1422480915355253,223.5,0.7089281678199768,0.7023488879203796,1,0.0,0.5237080152559209,5,0,off,0,0,0.0,0.0,0.0,0.42509299777774123,0.3692254566252231,0.5413019605197477,0.03576616566162549,1.0481312292399814,0.7227302817112067,0.5237080152559209,0.6284496183071051
hrl,multi,0,weighted_cka,1,734,3.1129391713536334,224.45000000000002,0.7055994868278503,0.700647234916687,1,0.0,0.5188231952256056,5,0,off,0,0,0.0,0.0,0.0,0.3214558170735835,0.1990414745807647,0.6668262140839359,0.20503407872468227,1.0458761009080333,0.674705485982634,0.5188231952256056,0.6225878342707267
hrl,multi,0,weighted_cka,1,735,3.1612535668918125,205.25,0.7042480111122131,0.7012929320335388,1,0.0,0.5268755944819689,5,0,off,0,0,0.0,0.0,0.0,0.49580739150941355,0.24464597325213244,0.5947839914066716,0.4079489498174952,1.0737798918364567,0.3442873690696433,0.5268755944819689,0.6322507133783626
hrl,multi,0,weighted_cka,1,736,3.222052373863002,198.7,0.7057815790176392,0.7027972340583801,1,0.0,0.5370087289771671,5,0,off,0,0,0.0,0.0,0.0,0.4070127761847978,0.3463134868629276,0.6243184489936101,0.40011950127051377,0.7051246338356285,0.7391635267155244,0.5370087289771671,0.6444104747726005
hrl,multi,0,weighted_cka,1,737,3.1875683347256847,206.99999999999997,0.7086406946182251,0.7007713913917542,1,0.0,0.5312613891209474,5,0,off,0,0,0.0,0.0,0.0,0.8442156968559137,0.36007772000133986,0.05905185604793939,0.16559736545383918,0.5975323161527047,1.161093380213948,0.5312613891209474,0.6375136669451369
hrl,multi,0,weighted_cka,1,738,3.149077732519956,211.79999999999998,0.7076781988143921,0.7033231258392334,1,0.0,0.524846288753326,5,0,off,0,0,0.0,0.0,0.0,0.390226721363142,0.1330868189269676,1.246145401147194,0.46802448296226784,0.5523303225487469,0.3592639855716377,0.524846288753326,0.6298155465039912
hrl,multi,0,weighted_cka,1,739,3.140166054004616,218.7,0.7115024924278259,0.7037854194641113,1,0.0,0.5233610090007694,5,0,off,0,0,0.0,0.0,0.0,0.3325089472876861,0.24888463421352203,0.625026345449034,0.06421748045599074,1.127634884541854,0.7418937620565296,0.5233610090007694,0.6280332108009233
hrl,multi,0,weighted_cka,1,740,3.0819856940877615,234.79999999999998,0.7111091613769531,0.7052403688430786,1,0.0,0.5136642823479604,5,0,off,0,0,0.0,0.0,0.0,0.3105399220590479,0.3500781972948461,0.6328001619335263,0.22011607206612815,0.869878656119108,0.6985726846151052,0.5136642823479604,0.6163971388175524
hrl,multi,0,weighted_cka,1,741,3.1861771677157833,205.7,0.7065989971160889,0.7026428580284119,1,0.0,0.5310295279526306,5,0,off,0,0,0.0,0.0,0.0,0.3797897807038388,0.23390767468512053,0.6154565123356878,0.2101534479185938,1.0137985958447677,0.7330711562277749,0.5310295279526306,0.6372354335431567
hrl,multi,0,weighted_cka,1,742,3.2337538648305393,200.4,0.7058736681938171,0.7015590667724609,1,0.0,0.5389589774717566,5,0,off,0,0,0.0,0.0,0.0,0.43050949135603134,0.37168095987662664,1.0182570832471827,0.250879387659952,0.41115794757698304,0.7512689951137639,0.5389589774717566,0.6467507729661078
hrl,multi,0,weighted_cka,1,743,3.150626541177865,214.0,0.7064525485038757,0.7014215588569641,1,0.0,0.5251044235296441,5,0,off,0,0,0.0,0.0,0.0,0.5245870848922057,0.25738118734210724,0.2925431467723101,0.4154612006420574,1.0922802619263527,0.5683736596028319,0.5251044235296441,0.630125308235573
hrl,multi,0,weighted_cka,1,744,3.175576816411307,205.04999999999998,0.7106028199195862,0.7038793563842773,1,0.0,0.5292628027352179,5,0,off,0,0,0.0,0.0,0.0,0.3815750271473079,0.24832673776522274,0.6676030168524011,0.03335123840755827,1.1328245155289767,0.7118962807098402,0.5292628027352179,0.6351153632822614
hrl,multi,0,weighted_cka,1,745,3.110200383640701,229.45,0.7066050171852112,0.7025154829025269,1,0.0,0.5183667306067835,5,0,off,0,0,0.0,0.0,0.0,0.8398898052349103,0.40376516401022666,0.7443388119796289,0.3852679595091654,0.4192362061832099,0.3177024367235601,0.5183667306067835,0.6220400767281402
hrl,multi,0,weighted_cka,1,746,3.1497469714686264,218.3,0.7047378420829773,0.7004007697105408,1,0.0,0.5249578285781045,5,0,off,0,0,0.0,0.0,0.0,0.47019374399166536,0.3605218123234808,0.3934870594623498,0.5011552937168161,1.0651301210015078,0.35925894097280686,0.5249578285781045,0.6299493942937253
hrl,multi,0,weighted_cka,1,747,3.161460802523488,212.3,0.7054441571235657,0.7013869285583496,1,0.0,0.5269101337539147,5,0,off,0,0,0.0,0.0,0.0,0.976739006827236,0.18711970919370646,0.5251558451163582,0.5468885144668164,0.6199238175610079,0.30563390935836354,0.5269101337539147,0.6322921605046976
hrl,multi,0,weighted_cka,1,748,3.2072686366582106,200.65,0.7079969644546509,0.7019133567810059,1,0.0,0.5345447727763685,5,0,off,0,0,0.0,0.0,0.0,0.3959162265302438,0.1717592183090746,1.1111587211121803,0.08379444649163625,0.7153536081044002,0.7292864161106758,0.5345447727763685,0.6414537273316422
hrl,multi,0,weighted_cka,1,749,3.238674157111823,199.65,0.706828236579895,0.7016912698745728,1,0.0,0.5397790261853038,5,0,off,0,0,0.0,0.0,0.0,0.4426564928949227,0.36205181745439763,0.5837934513179351,0.050995288203470324,1.041198801598977,0.7579783056421205,0.5397790261853038,0.6477348314223647
hrl,multi,0,weighted_cka,1,750,3.113379749248199,226.7,0.7070024013519287,0.7026497721672058,1,0.0,0.5188966248746999,5,0,off,0,0,0.0,0.0,0.0,0.4286567006991243,0.24280180201306933,0.610581870615715,0.0727860400625504,1.0034264618796294,0.755126873978111,0.5188966248746999,0.6226759498496399
hrl,multi,0,weighted_cka,1,751,3.0045852836225344,260.3,0.7039564847946167,0.7019376754760742,1,0.0,0.5007642139370891,5,0,off,0,0,0.0,0.0,0.0,0.6651182114069522,0.3226936781406402,0.550009119133232,0.421536976672476,0.6694321819664909,0.3757951163027436,0.5007642139370891,0.600917056724507
hrl,multi,0,weighted_cka,1,752,3.1159067489538796,227.35,0.7041727304458618,0.7001921534538269,1,0.0,0.5193177914923133,5,0,off,0,0,0.0,0.0,0.0,0.540590745333582,0.34156837990880007,0.42883271086495356,0.010936407386325193,1.0385405070011036,0.7554379984591156,0.5193177914923133,0.6231813497907759
hrl,multi,0,weighted_cka,1,753,3.1128733350847955,223.64999999999998,0.7109072208404541,0.7031481266021729,1,0.0,0.5188122225141326,5,0,off,0,0,0.0,0.0,0.0,0.37683039588248335,0.3594357519000768,0.41500040879286815,0.09674744254985113,1.1512291240049524,0.7136302119545639,0.5188122225141326,0.6225746670169591
hrl,multi,0,weighted_cka,1,754,3.057452702531357,241.5,0.7058557271957397,0.7009034752845764,1,0.0,0.5095754504218929,5,0,off,0,0,0.0,0.0,0.0,0.18589648851240037,0.3772447987124323,0.3764676493750884,0.34412862917454906,0.6324748276767784,1.1412403090801089,0.5095754504218929,0.6114905405062715
hrl,multi,0,weighted_cka,1,755,3.198236756314562,205.2,0.7080790400505066,0.7005400061607361,1,0.0,0.5330394593857604,5,0,off,0,0,0.0,0.0,0.0,0.46793965114885927,0.40540803872793907,0.5793423675443045,0.0417411851054057,1.0528083733100209,0.6509971404780326,0.5330394593857604,0.6396473512629124
hrl,multi,0,weighted_cka,1,756,3.0960161141456006,228.3,0.7039734721183777,0.7017355561256409,1,0.0,0.5160026856909335,5,0,off,0,0,0.0,0.0,0.0,0.38936466033244493,0.24161072061955924,0.6205839418815448,0.4050900678750039,1.0561615556431931,0.38320516779385505,0.5160026856909335,0.6192032228291202
hrl,multi,0,weighted_cka,1,757,2.8229518976108245,294.45,0.7048680186271667,0.7012242674827576,1,0.0,0.4704919829351375,5,0,off,0,0,0.0,0.0,0.0,0.5937590189186156,0.19228268354758615,0.4190716222725458,0.15106801986665203,1.1120687206990403,0.35470183230638497,0.4704919829351375,0.564590379522165
hrl,multi,0,weighted_cka,1,758,3.0567968558519603,236.55,0.70783931016922,0.7019996047019958,1,0.0,0.5094661426419934,5,0,off,0,0,0.0,0.0,0.0,0.42331061523687075,0.2462505005355924,0.4940831877486779,0.041006806870223844,1.1513396256524135,0.7008061198081821,0.5094661426419934,0.6113593711703921
hrl,multi,0,weighted_cka,1,759,3.16147604128954,215.5,0.7084743976593018,0.7022807598114014,1,0.0,0.5269126735482567,5,0,off,0,0,0.0,0.0,0.0,0.8343224937198973,0.3854583444781601,0.4716689890285487,0.15730176670104257,0.5594562858974094,0.7532681614644825,0.5269126735482567,0.6322952082579081
hrl,multi,0,weighted_cka,1,760,3.1724538159798823,219.0,0.7056006193161011,0.7025774121284485,1,0.0,0.5287423026633137,5,0,off,0,0,0.0,0.0,0.0,0.975159986680839,0.3563334516771137,0.43068845211341966,0.10668064742488781,0.6020558261731638,0.7015354519104584,0.5287423026633137,0.6344907631959764
hrl,multi,0,weighted_cka,1,761,3.152343999053979,214.45,0.7055804133415222,0.7002221941947937,1,0.0,0.5253906665089966,5,0,off,0,0,0.0,0.0,0.0,0.9858120622340355,0.36391112031973893,0.530062313213013,0.35821419459255405,0.574229192114435,0.34011511658020316,0.5253906665089966,0.6304687998107958
hrl,multi,0,weighted_cka,1,762,3.2323098180322725,204.7,0.7060649394989014,0.7028430104255676,1,0.0,0.5387183030053788,5,0,off,0,0,0.0,0.0,0.0,0.8865088987979105,0.38861880689859385,0.35938472279388217,0.25636992450430984,0.6418926212427613,0.6995348437948152,0.5387183030053788,0.6464619636064546
hrl,multi,0,weighted_cka,1,763,3.2768410720063366,194.8,0.7039376497268677,0.7014739513397217,1,0.0,0.5461401786677228,5,0,off,0,0,0.0,0.0,0.0,0.44790939167398014,0.39030801650136704,0.5679465881471987,0.08751981302350753,1.0863327639070337,0.6968244987532497,0.5461401786677228,0.6553682144012674
hrl,multi,0,weighted_cka,1,764,2.914600610439061,273.3,0.7049757242202759,0.7005907297134399,1,0.0,0.4857667684065103,5,0,off,0,0,0.0,0.0,0.0,0.8463758630905064,0.3939204900600015,0.38928064468805673,-0.029351765373550835,0.5801587416896071,0.7342166362844408,0.4857667684065103,0.5829201220878123
hrl,multi,0,weighted_cka,1,765,3.1178561038897827,230.35,0.7057321071624756,0.7002630829811096,1,0.0,0.5196426839816305,5,0,off,0,0,0.0,0.0,0.0,0.5073649917133151,0.26375513482838864,0.5161087435476946,0.6402883668206631,0.5463977002878672,0.6439411666918545,0.5196426839816305,0.6235712207779567
hrl,multi,0,weighted_cka,1,766,3.1219715641148467,229.79999999999998,0.7079803347587585,0.7002572417259216,1,0.0,0.5203285940191411,5,0,off,0,0,0.0,0.0,0.0,0.876407646656269,0.35841196622326965,0.6112781416252254,0.05663134763341793,0.5624350278809432,0.6568074340957215,0.5203285940191411,0.6243943128229693
hrl,multi,0,weighted_cka,1,767,3.1363389316976993,212.7,0.7088059186935425,0.7029145956039429,1,0.0,0.52272315528295,5,0,off,0,0,0.0,0.0,0.0,0.4697028032029046,0.24122984787076707,0.6367439264645799,0.3774564021364785,1.066329601248726,0.3448763507742434,0.52272315528295,0.62726778633954
hrl,multi,0,weighted_cka,1,768,3.0051632904880465,261.6,0.710079550743103,0.7036107182502747,1,0.0,0.5008605484146744,5,0,off,0,0,0.0,0.0,0.0,0.8579114206146331,0.33495917757134874,0.6157268689784684,0.4263030578397592,0.38342286357237015,0.3868399019114673,0.5008605484146744,0.6010326580976093
hrl,multi,0,weighted_cka,1,769,3.1508612920954,216.3,0.7073964476585388,0.7010905742645264,1,0.0,0.5251435486825666,5,0,off,0,0,0.0,0.0,0.0,0.8844829773601376,0.3671995299495756,0.5731462731123901,0.39224280689051366,0.595649534829601,0.3381401699531823,0.5251435486825666,0.63017225841908
hrl,multi,0,weighted_cka,1,770,3.137110195797122,222.3,0.7079528570175171,0.7019438147544861,1,0.0,0.5228516992995204,5,0,off,0,0,0.0,0.0,0.0,0.8610887478083603,0.37640352622605855,0.4322616745578124,0.4149924322980222,0.7401157140117137,0.3122481008951552,0.5228516992995204,0.6274220391594244
hrl,multi,0,weighted_cka,1,771,3.145065620946873,214.1,0.7051609754562378,0.7008219361305237,1,0.0,0.5241776034911455,5,0,off,0,0,0.0,0.0,0.0,0.8363693457114058,0.3603679864723235,-0.0006419940600172896,0.21332638323679554,0.6041297438153413,1.1315141557710247,0.5241776034911455,0.6290131241893746
hrl,multi,0,weighted_cka,1,772,3.1367116278367106,216.35,0.708361029624939,0.7010886073112488,1,0.0,0.5227852713061184,5,0,off,0,0,0.0,0.0,0.0,0.9704897091276942,0.2986815081071108,0.5888973897506947,0.5674332236533518,0.02093627978023128,0.6902735174176283,0.5227852713061184,0.6273423255673422
hrl,multi,0,weighted_cka,1,773,3.102073103634165,227.4,0.7072169184684753,0.701591968536377,1,0.0,0.5170121839390275,5,0,off,0,0,0.0,0.0,0.0,0.8901267358901094,0.4628483806625008,0.5741021808253134,0.3881717478626669,0.43677898375410573,0.3500450746394694,0.5170121839390275,0.6204146207268331
hrl,multi,0,weighted_cka,1,774,3.1581894465470968,216.5,0.7061790823936462,0.7022770047187805,1,0.0,0.5263649077578495,5,0,off,0,0,0.0,0.0,0.0,0.40289501225412805,0.35072475033998485,0.3959622863489202,0.5844639514761801,1.0689901968827469,0.35515324924513697,0.5263649077578495,0.6316378893094194
hrl,multi,0,weighted_cka,1,775,3.1253460711335928,231.5,0.7073761224746704,0.701606035232544,1,0.0,0.5208910118555988,5,0,off,0,0,0.0,0.0,0.0,0.4969794487775069,0.26864432250708337,0.37446620150760274,0.5607594753068114,1.1117165712919084,0.31278005174268037,0.5208910118555988,0.6250692142267187
hrl,multi,0,weighted_cka,1,776,3.1781267463593035,213.35,0.7032976746559143,0.700874388217926,1,0.0,0.529687791059884,5,0,off,0,0,0.0,0.0,0.0,1.0165462905348974,0.3971295524947345,0.5706786772049962,0.0536185949873178,0.4707794238319619,0.669374207305396,0.529687791059884,0.6356253492718607
hrl,multi,0,weighted_cka,1,777,3.199620075107042,209.5,0.7038342356681824,0.7003110647201538,1,0.0,0.5332700125178403,5,0,off,0,0,0.0,0.0,0.0,0.9194039310634251,0.3838959593996405,0.3935826716725714,0.38747163449427163,0.7104750909740104,0.4047907875031233,0.5332700125178403,0.6399240150214085
hrl,multi,0,weighted_cka,1,778,3.2169814746828087,196.8,0.7059222459793091,0.7008338570594788,1,0.0,0.5361635791138014,5,0,off,0,0,0.0,0.0,0.0,0.8809371682384152,0.35731700561568136,0.6207206950562539,0.24016038513556115,0.41253728836865033,0.7053089322682471,0.5361635791138014,0.6433962949365617
hrl,multi,0,weighted_cka,1,779,3.1936325221374156,205.45,0.7071779370307922,0.7003575563430786,1,0.0,0.5322720870229026,5,0,off,0,0,0.0,0.0,0.0,0.4231286112461238,0.3435508360676467,0.5360517860329709,0.45158612735033954,1.0771717439061028,0.3621434175342321,0.5322720870229026,0.6387265044274832
hrl,multi,0,weighted_cka,1,780,3.1841781891201872,212.75,0.7066309452056885,0.700040876865387,1,0.0,0.5306963648533646,5,0,off,0,0,0.0,0.0,0.0,0.8908235780033281,0.3542012537494301,0.6650451484629883,0.19224755317484954,0.37211629337903823,0.7097443623505533,0.5306963648533646,0.6368356378240374
hrl,multi,0,weighted_cka,1,781,3.16774803504669,214.3,0.7061499357223511,0.7001839876174927,1,0.0,0.527958005841115,5,0,off,0,0,0.0,0.0,0.0,0.47922174903750403,0.3780030343923717,0.4602926763088907,0.19907946778088803,1.0558934743406714,0.5952576331863645,0.527958005841115,0.633549607009338
hrl,multi,0,weighted_cka,1,782,3.213555219009704,199.79999999999998,0.7110011577606201,0.7044342160224915,1,0.0,0.5355925365016173,5,0,off,0,0,0.0,0.0,0.0,0.902487346306443,0.3597986901700496,0.6342444280376657,0.08914134641084814,0.0871755164992063,1.1407078915854916,0.5355925365016173,0.6427110438019408
hrl,multi,0,weighted_cka,1,783,3.164218169041303,202.9,0.7074599862098694,0.7035207748413086,1,0.0,0.5273696948402171,5,0,off,0,0,0.0,0.0,0.0,0.9087016991265117,0.34394106488302345,0.4797579797664656,0.18718858142942185,0.6160881703719495,0.6285406734639312,0.5273696948402171,0.6328436338082606
hrl,multi,0,weighted_cka,1,784,3.154215468854296,219.45,0.7033804059028625,0.7005829811096191,1,0.0,0.5257025781423826,5,0,off,0,0,0.0,0.0,0.0,0.8619815068584865,0.42739723912067706,0.5179393501777666,0.1926058603972196,0.363992852601761,0.7902986596983856,0.5257025781423826,0.6308430937708592
hrl,multi,0,weighted_cka,1,785,3.1499839686821263,217.4,0.7030638456344604,0.7013147473335266,1,0.0,0.5249973281136877,5,0,off,0,0,0.0,0.0,0.0,0.8559640390680868,0.34846661785244937,0.5123127849353476,0.4129871719795336,0.6638044732870766,0.3564488815596327,0.5249973281136877,0.6299967937364253
hrl,multi,0,weighted_cka,1,786,3.2138497048354115,203.35,0.7086836695671082,0.7016461491584778,1,0.0,0.5356416174725686,5,0,off,0,0,0.0,0.0,0.0,0.9479965287712401,0.3289163323361426,0.4940771611505187,0.10844071608409278,0.6049412591759463,0.7294777073174714,0.5356416174725686,0.6427699409670823
hrl,multi,0,weighted_cka,1,787,3.160421083023231,205.65,0.7063828706741333,0.7016924619674683,1,0.0,0.5267368471705385,5,0,off,0,0,0.0,0.0,0.0,0.8516875652580055,0.35905570267327125,0.6278113651759921,0.5343291479699036,0.4839999126549809,0.3035373892910779,0.5267368471705385,0.6320842166046462
hrl,multi,0,weighted_cka,1,788,3.0865647188532854,236.55,0.7081669569015503,0.7003974914550781,1,0.0,0.5144274531422143,5,0,off,0,0,0.0,0.0,0.0,0.826880567338201,0.3615507542677223,0.6303064984478987,0.15060862052254365,0.37956820608302944,0.7376500721938908,0.5144274531422143,0.6173129437706572
hrl,multi,0,weighted_cka,1,789,3.146249255366381,222.9,0.7069761753082275,0.7018939256668091,1,0.0,0.5243748758943968,5,0,off,0,0,0.0,0.0,0.0,0.9367623787536284,0.36045742859691376,0.44293443526071485,0.5693850887445732,0.5172634983625174,0.31944642564803355,0.5243748758943968,0.6292498510732761
hrl,multi,0,weighted_cka,1,790,3.2079975042556286,204.3,0.7072508931159973,0.7005620002746582,1,0.0,0.5346662507092714,5,0,off,0,0,0.0,0.0,0.0,0.8745236899530863,0.40118845885619514,0.4034818173891398,0.1900788441952317,0.6184198152935131,0.720304878568463,0.5346662507092714,0.6415995008511257
hrl,multi,0,weighted_cka,1,791,3.1507334150160404,214.2,0.7049967646598816,0.7002018690109253,1,0.0,0.5251222358360068,5,0,off,0,0,0.0,0.0,0.0,0.494085809774231,0.3721531121451407,1.0283321142410857,0.5415218781696384,0.02881042221374797,0.6858300784721971,0.5251222358360068,0.6301466830032082
hrl,multi,0,weighted_cka,1,792,3.1837819238269605,204.45,0.7048557996749878,0.7006351947784424,1,0.0,0.5306303206378268,5,0,off,0,0,0.0,0.0,0.0,0.5971447199607499,0.7881877080462872,0.4465721634514629,0.3623629674811381,0.6696583741703215,0.31985599071700127,0.5306303206378268,0.6367563847653922
hrl,multi,0,weighted_cka,1,793,3.1500881812286554,217.7,0.7080104947090149,0.7051564455032349,1,0.0,0.5250146968714425,5,0,off,0,0,0.0,0.0,0.0,0.5284324331865644,0.35876970631629224,0.6440771654108538,0.4954775694168637,0.4210407504227477,0.7022905564753339,0.5250146968714425,0.630017636245731
hrl,multi,0,weighted_cka,1,794,3.2123691440122832,204.4,0.7075592875480652,0.7014293670654297,1,0.0,0.5353948573353805,5,0,off,0,0,0.0,0.0,0.0,0.9322659845793094,0.35274596153944726,0.4333171358226099,0.39812844722112634,0.7308420051522552,0.3650696096975356,0.5353948573353805,0.6424738288024566
hrl,multi,0,weighted_cka,1,795,3.1704358114325752,218.7,0.7117868065834045,0.7011426091194153,1,0.0,0.5284059685720959,5,0,off,0,0,0.0,0.0,0.0,0.8469278091823506,0.3464151377379894,0.2494532057456671,0.2173885152065922,-0.05660414052999123,1.5668552840899674,0.5284059685720959,0.6340871622865151
hrl,multi,0,weighted_cka,1,796,3.1179369419759566,221.55,0.7100862264633179,0.7046924233436584,1,0.0,0.5196561569959928,5,0,off,0,0,0.0,0.0,0.0,0.8099215513750676,0.32323753634095187,0.6438822629591449,0.25778357252106066,0.39233573783433523,0.6907762809453968,0.5196561569959928,0.6235873883951913
hrl,multi,0,weighted_cka,1,797,3.1592753819509807,220.5,0.7094034552574158,0.7012980580329895,1,0.0,0.5265458969918301,5,0,off,0,0,0.0,0.0,0.0,0.8161347481943665,0.22230439052358264,0.599351246367907,0.2454788124217302,0.5236194238751485,0.7523867605682462,0.5265458969918301,0.6318550763901961
hrl,multi,0,weighted_cka,1,798,3.2384703122124416,196.6,0.703334629535675,0.7015682458877563,1,0.0,0.5397450520354069,5,0,off,0,0,0.0,0.0,0.0,0.9926147356597356,0.3059387447405606,0.7489244595267809,0.09918286626564798,0.4108878811057656,0.6809216249139514,0.5397450520354069,0.6476940624424883
hrl,multi,0,weighted_cka,1,799,3.165508687593031,216.5,0.7092651128768921,0.7023488879203796,1,0.0,0.5275847812655051,5,0,off,0,0,0.0,0.0,0.0,0.9604204331906511,0.2929902244918048,0.41106843639095303,0.584094895511167,0.5707631613211596,0.34617153668729583,0.5275847812655051,0.6331017375186062
hrl,multi,0,weighted_cka,1,800,3.1965113187780743,200.09999999999997,0.7089306116104126,0.7006739974021912,1,0.0,0.5327518864630124,5,0,off,0,0,0.0,0.0,0.0,0.4300859638093969,0.34447258278355,0.6061281171152367,0.006584586920216601,0.6693747472758549,1.1398653208738192,0.5327518864630124,0.6393022637556148
hrl,multi,0,weighted_cka,1,801,1.9829293242508186,300.65,0.6744802594184875,0.6127658486366272,0,0.0,0.3304882207084698,5,0,off,0,0,0.0,0.0,0.0,0.28695555789302984,0.2099046155903488,0.6929286193340084,0.39172765603987497,0.1058672682648174,0.2955456071287393,0.3304882207084698,0.3965858648501637
hrl,multi,0,weighted_cka,1,802,3.1294160841577385,219.5,0.7080540657043457,0.7030096054077148,1,0.0,0.5215693473596231,5,0,off,0,0,0.0,0.0,0.0,0.9662258754499488,0.25751569081097836,0.6247979596005752,0.594740640785545,0.32609624446448277,0.36003967304620893,0.5215693473596231,0.6258832168315477
hrl,multi,0,weighted_cka,1,803,3.19489089183472,206.15,0.7044020891189575,0.7012676000595093,1,0.0,0.5324818153057868,5,0,off,0,0,0.0,0.0,0.0,0.5272157827774061,0.14783413411118085,0.36798086214996867,1.0159382492206057,0.7650162339191883,0.37090562965637075,0.5324818153057868,0.638978178366944
hrl,multi,0,weighted_cka,1,804,2.419966904937166,300.35,0.6973609924316406,0.6660818457603455,0,0.0,0.4033278174895277,5,0,off,0,0,0.0,0.0,0.0,0.8141534368057034,0.3409912805631756,0.5989675774103961,0.4469903887394465,-0.18337720017062412,0.40224142158906906,0.4033278174895277,0.4839933809874332
hrl,multi,0,weighted_cka,1,805,3.197619806217797,215.3,0.7066725492477417,0.700282096862793,1,0.0,0.5329366343696328,5,0,off,0,0,0.0,0.0,0.0,0.8831346596187212,0.3549545508399605,0.653379049620591,0.571409832570236,0.39793163644010193,0.3368100771281868,0.5329366343696328,0.6395239612435594
hrl,multi,0,weighted_cka,1,806,3.1836138525877007,208.4,0.7030206918716431,0.7006983757019043,1,0.0,0.5306023087646168,5,0,off,0,0,0.0,0.0,0.0,0.8151073108081471,0.3428997706789523,0.6222164217247627,0.6082162120118736,0.41648651306071394,0.3786876243032515,0.5306023087646168,0.6367227705175401
hrl,multi,0,weighted_cka,1,807,3.150505547541504,220.4,0.7059367299079895,0.7011833786964417,1,0.0,0.525084257923584,5,0,off,0,0,0.0,0.0,0.0,0.9254087322233243,0.35144483788311476,0.6701643254479858,0.5358216189905068,0.3566944533428031,0.3109715796537697,0.525084257923584,0.6301011095083008
hrl,multi,0,weighted_cka,1,808,3.017773758701742,244.7,0.7043158411979675,0.7006798982620239,1,0.0,0.5029622931169571,5,0,off,0,0,0.0,0.0,0.0,0.4128464328010303,0.17560388237982982,0.5371973959696478,0.47704013811216994,0.6993302683504297,0.7157556410886347,0.5029622931169571,0.6035547517403484
hrl,multi,0,weighted_cka,1,809,3.212196010205242,203.95,0.7071799039840698,0.7023971676826477,1,0.0,0.5353660017008736,5,0,off,0,0,0.0,0.0,0.0,0.9034911265945992,0.2960963668189942,0.6436112182196229,0.17793942703120402,0.4859408580632879,0.705117013477534,0.5353660017008736,0.6424392020410483
hrl,multi,0,weighted_cka,1,810,3.167184726421767,211.7,0.7095887660980225,0.7001695036888123,1,0.0,0.5278641210702945,5,0,off,0,0,0.0,0.0,0.0,1.0951787084136155,0.258835860222578,0.6199413451463914,0.07668900634534648,0.39440108322142614,0.7221387230724097,0.5278641210702945,0.6334369452843533
hrl,multi,0,weighted_cka,1,811,3.104143358790134,228.35,0.7033395171165466,0.7007167935371399,1,0.0,0.5173572264650224,5,0,off,0,0,0.0,0.0,0.0,1.1581934010235124,0.2410181984007358,0.4314880943610332,0.337020288317406,0.5814869023153731,0.35493647437207393,0.5173572264650224,0.6208286717580268
hrl,multi,0,weighted_cka,1,812,3.212532676848419,199.55,0.7070420980453491,0.703000545501709,1,0.0,0.5354221128080698,5,0,off,0,0,0.0,0.0,0.0,-0.032753384174546374,0.3730963489636778,1.0518063786039127,0.6391000043824314,0.41410855008510394,0.7671747789878398,0.5354221128080698,0.6425065353696838
hrl,multi,0,weighted_cka,1,813,3.0973629260459905,230.64999999999998,0.7066987752914429,0.701076865196228,1,0.0,0.5162271543409984,5,0,off,0,0,0.0,0.0,0.0,0.8681399007956495,0.35595047013834114,0.5577625980889424,0.3580043662195093,0.2563849828150122,0.7011206079885364,0.5162271543409984,0.6194725852091981
hrl,multi,0,weighted_cka,1,814,3.1243271189230253,215.79999999999998,0.7039124369621277,0.700340986251831,1,0.0,0.5207211864871709,5,0,off,0,0,0.0,0.0,0.0,0.9033535313595783,0.35280255925655357,0.37705715421959746,0.33428287382749833,0.4534068293808958,0.7034241708789021,0.5207211864871709,0.6248654237846052
hrl,multi,0,weighted_cka,1,815,3.048483368091053,245.6,0.7056375741958618,0.7000234127044678,1,0.0,0.5080805613485088,5,0,off,0,0,0.0,0.0,0.0,0.8364481142221482,0.37161377171054477,0.610428865760099,0.41557789882281926,0.47951451142132273,0.3349002061541192,0.5080805613485088,0.6096966736182106
hrl,multi,0,weighted_cka,1,816,3.183375129583614,203.7,0.707878589630127,0.7007917761802673,1,0.0,0.530562521597269,5,0,off,0,0,0.0,0.0,0.0,1.0623741968218234,0.41763252848386756,0.55345327539579,0.024704184361369577,0.41468962216906935,0.7105213223516941,0.530562521597269,0.6366750259167228
hrl,multi,0,weighted_cka,1,817,3.123954273130153,220.89999999999998,0.7083390951156616,0.7002151608467102,1,0.0,0.5206590455216923,5,0,off,0,0,0.0,0.0,0.0,0.8490655469461342,0.30444388222554686,0.4046505447844974,0.19757753669495282,0.6264229734698309,0.741793789009191,0.5206590455216923,0.6247908546260307
hrl,multi,0,weighted_cka,1,818,3.046756949480616,241.6,0.7055710554122925,0.7003245949745178,1,0.0,0.5077928249134361,5,0,off,0,0,0.0,0.0,0.0,0.5284345764172028,0.3746738222520798,0.4197523327542002,0.4159244887293025,1.008407549198251,0.2995641801295802,0.5077928249134361,0.6093513898961234
hrl,multi,0,weighted_cka,1,819,3.1720406912412544,209.8,0.705973744392395,0.7033528089523315,1,0.0,0.528673448540209,5,0,off,0,0,0.0,0.0,0.0,0.9922824727009282,0.35479323366284365,0.5874877276578917,0.4841552461395039,0.4159854570154856,0.3373365540646016,0.528673448540209,0.6344081382482509
hrl,multi,0,weighted_cka,1,820,3.0967865798968055,232.6,0.7085528373718262,0.705437958240509,1,0.0,0.5161310966494677,5,0,off,0,0,0.0,0.0,0.0,1.0968468673136083,0.35372915403917427,0.3769516710895113,0.31080336365275424,0.21051771616504977,0.747937807636708,0.5161310966494677,0.6193573159793612
hrl,multi,0,weighted_cka,1,821,3.0832614424416214,233.5,0.7062431573867798,0.7033897042274475,1,0.0,0.5138769070736036,5,0,off,0,0,0.0,0.0,0.0,1.0067445012582463,0.26114187814295287,0.4121331898951174,0.46326225420134126,0.5996011603024943,0.3403784586414695,0.5138769070736036,0.6166522884883243
hrl,multi,0,weighted_cka,1,822,3.078502319789863,236.1,0.7020078897476196,0.7000879645347595,1,0.0,0.5130837199649771,5,0,off,0,0,0.0,0.0,0.0,0.84969283962436,0.36348473826050753,0.6386702804702798,0.5541020978251471,0.37034542177221724,0.30220694183735175,0.5130837199649771,0.6157004639579726
hrl,multi,0,weighted_cka,1,823,3.0460568367279355,258.2,0.7038438320159912,0.7011263966560364,1,0.0,0.507676139454656,5,0,off,0,0,0.0,0.0,0.0,0.9738190381084567,0.11854536129534221,0.6298783363522961,0.4566990010640001,0.4549798611758159,0.412135238732025,0.507676139454656,0.6092113673455871
hrl,multi,0,weighted_cka,1,824,3.0769920466539884,226.6,0.7044001221656799,0.701515257358551,1,0.0,0.5128320077756647,5,0,off,0,0,0.0,0.0,0.0,0.5180594945447808,0.21347601867467159,1.0996255989703347,0.35038987478104894,0.6052153922517608,0.2902256674313917,0.5128320077756647,0.6153984093307977
hrl,multi,0,weighted_cka,1,825,3.130391645307279,215.39999999999998,0.7043671011924744,0.7002376914024353,1,0.0,0.5217319408845466,5,0,off,0,0,0.0,0.0,0.0,0.9255499004386364,0.6973503178115933,0.3098555745342746,0.4856895125247537,0.38181790110003194,0.33012843889798965,0.5217319408845466,0.6260783290614559
hrl,multi,0,weighted_cka,1,826,3.1463826166272852,215.6,0.7020190358161926,0.7007538676261902,1,0.0,0.5243971027712142,5,0,off,0,0,0.0,0.0,0.0,1.013610437109484,0.40224216111376876,0.3155733772236853,0.3329667901615611,0.431954872779548,0.6500349782392383,0.5243971027712142,0.629276523325457
hrl,multi,0,weighted_cka,1,827,3.225317774038598,193.79999999999998,0.70688796043396,0.7018404006958008,1,0.0,0.5375529623397663,5,0,off,0,0,0.0,0.0,0.0,1.0414837023213037,0.2644573331903666,0.19617161737801503,0.4140599569570039,0.6182149295471607,0.6909302346447482,0.5375529623397663,0.6450635548077196
hrl,multi,0,weighted_cka,1,828,3.084847879639983,229.79999999999998,0.7080639004707336,0.7015938758850098,1,0.0,0.5141413132733305,5,0,off,0,0,0.0,0.0,0.0,0.7690889647216533,0.3453072708565741,0.7021775443591177,0.5526273092440969,0.4432814502567052,0.27236534020183595,0.5141413132733305,0.6169695759279965
hrl,multi,0,weighted_cka,1,829,2.9663360673948835,266.75,0.7075937986373901,0.7016209959983826,1,0.0,0.4943893445658139,5,0,off,0,0,0.0,0.0,0.0,0.6376058353171682,0.22796873521059746,1.0798157227209302,0.24982344449244537,0.09688587323160736,0.6742364564221353,0.4943893445658139,0.5932672134789767
hrl,multi,0,weighted_cka,1,830,3.1517739455581633,215.45,0.705272376537323,0.7008163332939148,1,0.0,0.5252956575930272,5,0,off,0,0,0.0,0.0,0.0,0.9196071801655924,0.2644797773659229,0.6572826037514022,0.6149012705076019,0.3828942340628709,0.3126088797047734,0.5252956575930272,0.6303547891116327
hrl,multi,0,weighted_cka,1,831,3.06402811874526,239.54999999999998,0.7102820873260498,0.7049691081047058,1,0.0,0.5106713531242101,5,0,off,0,0,0.0,0.0,0.0,0.5009666689524891,0.2767965440694242,0.44117064506420844,0.4360414118034531,1.077202775077894,0.3318500737777911,0.5106713531242101,0.612805623749052
hrl,multi,0,weighted_cka,1,832,3.1277226856911895,221.7,0.7081185579299927,0.7023488879203796,1,0.0,0.521287114281865,5,0,off,0,0,0.0,0.0,0.0,1.0611329435629884,0.5461195556111633,0.36601352862035846,0.44627381342556316,0.06440219295502159,0.6437806515160948,0.521287114281865,0.625544537138238
hrl,multi,0,weighted_cka,1,833,3.1494470940338526,218.7,0.7089135050773621,0.7026326060295105,1,0.0,0.5249078490056421,5,0,off,0,0,0.0,0.0,0.0,0.5301848175815392,0.2278269956717267,0.5252172858426346,0.5198851373509968,0.981095805910183,0.36523705167677245,0.5249078490056421,0.6298894188067706
hrl,multi,0,weighted_cka,1,834,3.046404817216159,240.5,0.7050766944885254,0.7021649479866028,1,0.0,0.5077341362026931,5,0,off,0,0,0.0,0.0,0.0,0.8568519790210628,0.4752271338924765,0.5732285000299743,0.3858278888106687,-0.010538453175220803,0.765807768637198,0.5077341362026931,0.6092809634432318
hrl,multi,0,weighted_cka,1,835,3.0447730542094225,238.4,0.7091719508171082,0.7013061046600342,1,0.0,0.5074621757015704,5,0,off,0,0,0.0,0.0,0.0,0.4376281052737575,0.3349622601835871,1.025559565383475,0.1334981392589687,0.35943182991840866,0.7536931541912257,0.5074621757015704,0.6089546108418845
hrl,multi,0,weighted_cka,1,836,3.1748634037888417,209.4,0.7030379176139832,0.7012106776237488,1,0.0,0.5291439006314737,5,0,off,0,0,0.0,0.0,0.0,0.8215938551225698,0.24694590070843692,0.61006582216901,0.5986507761181673,0.5515289746569759,0.3460780750136822,0.5291439006314737,0.6349726807577684
hrl,multi,0,weighted_cka,1,837,3.1292674879433577,219.55,0.7049267292022705,0.7008069157600403,1,0.0,0.5215445813238929,5,0,off,0,0,0.0,0.0,0.0,0.8111938490851315,0.3092797250542789,0.61869926266768,0.6104313065714667,0.4127572556750382,0.3669060888897627,0.5215445813238929,0.6258534975886716
hrl,multi,0,weighted_cka,1,838,3.0479807608450624,233.3,0.7060201168060303,0.7008035182952881,1,0.0,0.507996793474177,5,0,off,0,0,0.0,0.0,0.0,0.4715987756568937,0.16973014181479806,1.1820909554816987,0.3060038496476262,0.6203076244536786,0.2982494137903675,0.507996793474177,0.6095961521690125
hrl,multi,0,weighted_cka,1,839,3.124893197211726,222.45,0.7029696702957153,0.7011657953262329,1,0.0,0.520815532868621,5,0,off,0,0,0.0,0.0,0.0,1.0748817721344528,0.20050580582767719,0.502053880617488,0.5810076360867532,0.40859213548739703,0.35785196705795824,0.520815532868621,0.6249786394423452
hrl,multi,0,weighted_cka,1,840,3.1637697696294014,211.3,0.7022584080696106,0.700160026550293,1,0.0,0.5272949616049002,5,0,off,0,0,0.0,0.0,0.0,0.9412288392620974,0.3425816225484013,0.7440793019821866,0.3630885872394282,0.4534985098503529,0.3192929087469354,0.5272949616049002,0.6327539539258803
hrl,multi,0,weighted_cka,1,841,3.168046858287986,215.7,0.7067946791648865,0.7035470604896545,1,0.0,0.5280078097146643,5,0,off,0,0,0.0,0.0,0.0,0.8453034886629319,0.35151679493486876,0.569699640658684,0.37366444540023797,0.6790379641012986,0.3488245245299651,0.5280078097146643,0.6336093716575972
hrl,multi,0,weighted_cka,1,842,3.0756793978397607,236.5,0.7068065404891968,0.7017120122909546,1,0.0,0.5126132329732934,5,0,off,0,0,0.0,0.0,0.0,0.9991048959374892,0.3613788288608193,0.49356172708189094,0.4962962238136678,0.37268221383629124,0.35265550830960274,0.5126132329732934,0.6151358795679521
hrl,multi,0,weighted_cka,1,843,3.1075222478416737,231.4,0.7051151990890503,0.7004686594009399,1,0.0,0.517920374640279,5,0,off,0,0,0.0,0.0,0.0,1.0797098661663473,0.1482418035715818,0.4570290066651067,0.527807574077742,0.548152861620765,0.34658113574013116,0.517920374640279,0.6215044495683347
hrl,multi,0,weighted_cka,1,844,3.0881049437750483,235.65,0.707588255405426,0.7009372711181641,1,0.0,0.5146841572958414,5,0,off,0,0,0.0,0.0,0.0,0.8615489906552246,0.3603240834604948,0.43576330677466457,0.5385246771544915,0.6003785986527462,0.2915652870774269,0.5146841572958414,0.6176209887550097
hrl,multi,0,weighted_cka,1,845,3.095142508117161,239.5,0.7059367895126343,0.7023488879203796,1,0.0,0.5158570846861935,5,0,off,0,0,0.0,0.0,0.0,0.895520929035032,0.35831009504757816,0.7269946066327392,0.3786608081929443,0.42747444971743953,0.3081816194914281,0.5158570846861935,0.6190285016234321
hrl,multi,0,weighted_cka,1,846,3.167614638882176,216.55,0.7053214907646179,0.7038689851760864,1,0.0,0.5279357731470293,5,0,off,0,0,0.0,0.0,0.0,0.9012167833357815,0.3781897468119859,0.6152981945702339,0.5152670160569249,0.4225513998410896,0.33509149826616047,0.5279357731470293,0.6335229277764352
hrl,multi,0,weighted_cka,1,847,3.099071073427906,220.35,0.704467236995697,0.702004611492157,1,0.0,0.5165118455713177,5,0,off,0,0,0.0,0.0,0.0,0.8807911755325911,0.47197657293081274,0.41216101179411624,0.6174908571261911,0.3798339125800411,0.33681754346415405,0.5165118455713177,0.6198142146855812
hrl,multi,0,weighted_cka,1,848,3.167112133274448,209.04999999999998,0.7099244594573975,0.700002133846283,1,0.0,0.527852022212408,5,0,off,0,0,0.0,0.0,0.0,1.0968300678364464,0.35875169965997333,0.2675832012724131,-0.019032101797405724,0.38783890401798987,1.0751403622850308,0.527852022212408,0.6334224266548896
hrl,multi,0,weighted_cka,1,849,3.166002050462955,220.4,0.7060114145278931,0.7005079984664917,1,0.0,0.5276670084104925,5,0,off,0,0,0.0,0.0,0.0,0.8441608143666525,0.353399093594402,0.6387432724218814,0.5206956616710375,0.4272787045448202,0.3817245038641616,0.5276670084104925,0.633200410092591
hrl,multi,0,weighted_cka,1,850,3.1542409486893526,223.6,0.7070562243461609,0.7004057168960571,1,0.0,0.5257068247815587,5,0,off,0,0,0.0,0.0,0.0,0.8792685368168166,0.786506767258048,0.7675783857698552,0.40162400702635914,0.46820319663558607,-0.1489399448173121,0.5257068247815587,0.6308481897378705
hrl,multi,0,weighted_cka,1,851,3.109948996522079,233.85,0.7074421644210815,0.7016354203224182,1,0.0,0.5183248327536798,5,0,off,0,0,0.0,0.0,0.0,0.5758115150292284,0.5225626852884888,0.467804346836172,0.44562059673410837,0.03812764335726371,1.0600222092768177,0.5183248327536798,0.6219897993044158
hrl,multi,0,weighted_cka,1,852,3.209553824315386,199.55,0.7046571969985962,0.7022548913955688,1,0.0,0.5349256373858976,5,0,off,0,0,0.0,0.0,0.0,1.030856782172457,0.3615507542677223,0.5908489101505837,0.07797497625555838,0.441860522961946,0.7064618785071186,0.5349256373858976,0.6419107648630772
hrl,multi,0,weighted_cka,1,853,3.139412515776513,219.4,0.7073944807052612,0.7047153115272522,1,0.0,0.5232354192960855,5,0,off,0,0,0.0,0.0,0.0,0.8545089961373012,0.3479616337977349,0.20017855862481504,0.5671494792562443,0.43140328547272644,0.7382105624876916,0.5232354192960855,0.6278825031553026
hrl,multi,0,weighted_cka,1,854,3.1508710387179932,218.0,0.7043017148971558,0.7014546990394592,1,0.0,0.5251451731196656,5,0,off,0,0,0.0,0.0,0.0,0.9709507805331375,0.7905397925265133,0.5819303638818673,0.4309723324351561,0.48825182459689664,-0.11177405525557703,0.5251451731196656,0.6301742077435988
hrl,multi,0,weighted_cka,1,855,2.9857928204596793,254.4,0.7060191035270691,0.700328528881073,1,0.0,0.4976321367432799,5,0,off,0,0,0.0,0.0,0.0,0.9724261764977126,0.4332223482020199,0.5949366708425804,0.2599490739769014,0.40966328998468804,0.31559526095577745,0.4976321367432799,0.5971585640919359
hrl,multi,0,weighted_cka,1,856,3.198273540057916,217.4,0.7077193856239319,0.7044286131858826,1,0.0,0.5330455900096527,5,0,off,0,0,0.0,0.0,0.0,0.9532789946368428,0.5694906671270727,0.5924138590849469,0.37347116845077827,0.419129890293232,0.29048896046504374,0.5330455900096527,0.6396547080115832
hrl,multi,0,weighted_cka,1,857,3.1288672856828827,224.4,0.7083975076675415,0.7039121389389038,1,0.0,0.5214778809471471,5,0,off,0,0,0.0,0.0,0.0,0.8598005469856141,0.24676367324404413,0.6488477378657552,0.37734845031611614,0.656533735478937,0.3395731417924166,0.5214778809471471,0.6257734571365765
hrl,multi,0,weighted_cka,1,858,3.18552372835006,206.75,0.7067537903785706,0.7039525508880615,1,0.0,0.5309206213916767,5,0,off,0,0,0.0,0.0,0.0,0.9165979658756404,0.3265323542980476,0.5146271359437377,0.06161211631773034,0.6289630165786947,0.7371911393362097,0.5309206213916767,0.6371047456700121
hrl,multi,0,weighted_cka,1,859,3.1466297911539067,215.5,0.7079141736030579,0.7020920515060425,1,0.0,0.5244382985256512,5,0,off,0,0,0.0,0.0,0.0,0.4343130530943161,0.35600872277840967,1.0144014019367384,0.14459540480177369,0.423241873996565,0.774069334546104,0.5244382985256512,0.6293259582307813
hrl,multi,0,weighted_cka,1,860,3.186584015964524,206.85,0.7088600397109985,0.7042831778526306,1,0.0,0.5310973359940873,5,0,off,0,0,0.0,0.0,0.0,0.8435494657501984,0.35025514625571663,0.43151805153279554,0.5988563941027968,0.22322965106554316,0.7391753072574734,0.5310973359940873,0.6373168031929047
hrl,multi,0,weighted_cka,1,861,3.110267948920989,230.4,0.7077300548553467,0.7023488879203796,1,0.0,0.5183779914868315,5,0,off,0,0,0.0,0.0,0.0,1.0177226802986112,0.3616803906448185,0.5631048999943303,0.3667647068719961,0.42095020301151076,0.3800450680997222,0.5183779914868315,0.6220535897841978
hrl,multi,0,weighted_cka,1,862,3.123252631721092,218.89999999999998,0.7065550088882446,0.7000924348831177,1,0.0,0.5205421052868485,5,0,off,0,0,0.0,0.0,0.0,0.9197254560860163,0.3356926807723939,0.6666135209132916,0.4944441763287176,-0.002153801634442197,0.7089305992551147,0.5205421052868485,0.6246505263442182
hrl,multi,0,weighted_cka,1,863,3.182952436456322,204.55,0.7097541093826294,0.7038671374320984,1,0.0,0.5304920727427204,5,0,off,0,0,0.0,0.0,0.0,0.8754187503793799,0.3600278583876788,0.27902956340089435,0.5650165473129599,0.43455989684583607,0.6688998201295733,0.5304920727427204,0.6365904872912644
hrl,multi,0,weighted_cka,1,864,3.0467313731961174,244.5,0.7072508931159973,0.700232744216919,1,0.0,0.5077885621993529,5,0,off,0,0,0.0,0.0,0.0,0.8923156149577115,0.5134247246719896,0.4921575802636796,0.3315839365423307,0.39611783685669055,0.4211316799037158,0.5077885621993529,0.6093462746392235
hrl,multi,0,weighted_cka,1,865,3.153812287473724,213.6,0.709160327911377,0.7050472497940063,1,0.0,0.5256353812456207,5,0,off,0,0,0.0,0.0,0.0,0.9130832731248809,0.34758823537826533,0.5992024751536081,0.12718707007728502,0.42226257701870046,0.7444886567209847,0.5256353812456207,0.6307624574947448
hrl,multi,0,weighted_cka,1,866,3.2154199247954893,200.5,0.7071378231048584,0.7001063227653503,1,0.0,0.5359033207992482,5,0,off,0,0,0.0,0.0,0.0,0.9011415625270455,0.3617606170997023,0.6043448058986104,0.6088649021496529,0.3596466653063916,0.379661371814087,0.5359033207992482,0.6430839849590979
hrl,multi,0,weighted_cka,1,867,3.1829005485901773,212.4,0.7050601840019226,0.7003533244132996,1,0.0,0.5304834247650295,5,0,off,0,0,0.0,0.0,0.0,0.9131404385331551,0.36423897077888245,0.5022248606914653,0.4199246819828112,0.23599071708333197,0.7473808795205317,0.5304834247650295,0.6365801097180355
hrl,multi,0,weighted_cka,1,868,3.1762150157250337,213.4,0.7038978338241577,0.7002723813056946,1,0.0,0.5293691692875057,5,0,off,0,0,0.0,0.0,0.0,0.9953239257978274,0.3595802414324134,0.6978871950046158,0.34455469721354887,0.42296685950070956,0.35590209677591916,0.5293691692875057,0.6352430031450067
hrl,multi,0,weighted_cka,1,869,3.0950711095875816,219.1,0.7052043080329895,0.7021441459655762,1,0.0,0.5158451849312636,5,0,off,0,0,0.0,0.0,0.0,1.0588807789379495,0.8363241383474086,0.4088040434762369,0.0014318597934615297,0.3936184953078918,0.39601179372463374,0.5158451849312636,0.6190142219175163
hrl,multi,0,weighted_cka,1,870,3.112557964421144,228.4,0.7060611844062805,0.7018646001815796,1,0.0,0.5187596607368573,5,0,off,0,0,0.0,0.0,0.0,0.8343786816683713,0.3613681234978139,0.5451163917076772,0.5922103546622673,0.4419530432905302,0.33753136959448454,0.5187596607368573,0.6225115928842289
hrl,multi,0,weighted_cka,1,871,3.1054557060603973,228.5,0.7081328630447388,0.7013149261474609,1,0.0,0.5175759510100663,5,0,off,0,0,0.0,0.0,0.0,1.0450040010809896,0.34742016541399057,0.2335011357138863,0.3783249184631276,0.3926713764809537,0.7085341089074499,0.5175759510100663,0.6210911412120794
hrl,multi,0,weighted_cka,1,872,3.2451392645277424,193.65,0.7078267931938171,0.7003719210624695,1,0.0,0.540856544087957,5,0,off,0,0,0.0,0.0,0.0,0.8655756256505845,0.3560043637230992,0.6445791952642611,0.48365013470774276,0.5703737627267836,0.3249561824552714,0.540856544087957,0.6490278529055484
hrl,multi,0,weighted_cka,1,873,3.192474140049749,218.4,0.7079371213912964,0.7023922801017761,1,0.0,0.5320790233416248,5,0,off,0,0,0.0,0.0,0.0,0.9242624085540881,0.5130315063111484,0.4903357436596415,0.5028969759421887,0.48686101854126884,0.27508648704141375,0.5320790233416248,0.6384948280099498
hrl,multi,0,weighted_cka,1,874,3.002204167353867,254.4,0.7045938372612,0.7033011317253113,1,0.0,0.5003673612256445,5,0,off,0,0,0.0,0.0,0.0,0.8011215099636463,0.3615884001888334,0.6007716299132443,0.5258765610791741,0.3771351148810644,0.33571095132790507,0.5003673612256445,0.6004408334707734
hrl,multi,0,weighted_cka,1,875,3.123428327981783,223.35,0.7037789225578308,0.7001248002052307,1,0.0,0.5205713879969639,5,0,off,0,0,0.0,0.0,0.0,0.9963110241860266,0.3605777224116027,0.5904361606440506,0.3903144094454764,0.43575764989876176,0.35003136139586566,0.5205713879969639,0.6246856655963566
hrl,multi,0,weighted_cka,1,876,3.096989035257376,224.4,0.7082539200782776,0.7031790018081665,1,0.0,0.5161648392095627,5,0,off,0,0,0.0,0.0,0.0,0.8256213961970059,0.3605777224116027,0.6550087274732067,0.5845051648095249,0.3966668404525261,0.27460918391351,0.5161648392095627,0.6193978070514752
hrl,multi,0,weighted_cka,1,877,3.149053893072425,214.3,0.7031204104423523,0.700526773929596,1,0.0,0.5248423155120708,5,0,off,0,0,0.0,0.0,0.0,0.641453869845718,0.35909738704189653,0.6065850310474633,0.3593136518199753,0.4073056682286841,0.7752982850886881,0.5248423155120708,0.6298107786144851
hrl,multi,0,weighted_cka,1,878,3.099642688625654,233.45,0.7053297758102417,0.7028307318687439,1,0.0,0.5166071147709423,5,0,off,0,0,0.0,0.0,0.0,0.941262505544815,0.2758050038069486,0.5180230261432005,0.6209001462068408,0.42125900158181306,0.32239300534203646,0.5166071147709423,0.6199285377251308
hrl,multi,0,weighted_cka,1,879,3.132585026882032,220.3,0.7077764272689819,0.7048009037971497,1,0.0,0.5220975044803388,5,0,off,0,0,0.0,0.0,0.0,0.46515280164475536,0.25107496866025025,0.5107394276945559,1.1995952104506866,0.3727229709350503,0.3332996474967338,0.5220975044803388,0.6265170053764064
hrl,multi,0,weighted_cka,1,880,3.205777070872666,205.45,0.7065256834030151,0.7009237408638,1,0.0,0.5342961784787776,5,0,off,0,0,0.0,0.0,0.0,0.9364014545001554,0.35390167130157346,0.5930766555462031,0.5933105721613391,0.3941885570655576,0.33489816029783753,0.5342961784787776,0.6411554141745331
hrl,multi,0,weighted_cka,1,881,3.1048067390417087,231.3,0.7060601711273193,0.7001087069511414,1,0.0,0.5174677898402847,5,0,off,0,0,0.0,0.0,0.0,0.772447200481314,0.3150843375883996,0.6504342039338079,0.5832399575524613,0.4436049837050958,0.3399960557806305,0.5174677898402847,0.6209613478083418
hrl,multi,0,weighted_cka,1,882,2.8532757477886044,289.1,0.7079519033432007,0.7041336297988892,1,0.0,0.47554595796476756,5,0,off,0,0,0.0,0.0,0.0,0.9490628700191152,0.407309703150764,0.3773432167626451,0.391761417223839,0.3523831172293066,0.37541542340293527,0.47554595796476756,0.570655149557721
hrl,multi,0,weighted_cka,1,883,3.1930625232747776,211.60000000000002,0.7042754292488098,0.7023488879203796,1,0.0,0.5321770872124629,5,0,off,0,0,0.0,0.0,0.0,1.0940364713530286,0.36741343360021705,0.5842476150667061,0.36643441725149745,0.416706577308665,0.36422400869466365,0.5321770872124629,0.6386125046549556
hrl,multi,0,weighted_cka,1,884,3.083413168685928,232.5,0.707704484462738,0.7014774680137634,1,0.0,0.5139021947809881,5,0,off,0,0,0.0,0.0,0.0,0.4996192001543821,0.36174932993575926,0.4738010858285523,0.36021932348867985,1.063184865470277,0.32483936380827794,0.5139021947809881,0.6166826337371857
hrl,multi,0,weighted_cka,1,885,3.145312178427853,218.4,0.7064186334609985,0.7012901306152344,1,0.0,0.5242186964046421,5,0,off,0,0,0.0,0.0,0.0,0.4145351503342388,0.28715960007533425,1.1563424468836745,0.5249656211886903,0.3988647832153364,0.3634445767305791,0.5242186964046421,0.6290624356855706
hrl,multi,0,weighted_cka,1,886,3.2263206523697,203.5,0.7086380124092102,0.7039097547531128,1,0.0,0.5377201087282834,5,0,off,0,0,0.0,0.0,0.0,0.9287569336104206,0.3615507542677223,0.7297677429083268,0.4267531686972942,0.45153763379459255,0.3279544190913439,0.5377201087282834,0.6452641304739399
hrl,multi,0,weighted_cka,1,887,3.1860350874108954,210.04999999999998,0.7104086875915527,0.7000665068626404,1,0.0,0.5310058479018158,5,0,off,0,0,0.0,0.0,0.0,0.3952348061937372,0.365091454103589,1.1329511041278018,0.12507271997723723,0.4401487703399033,0.727536232668627,0.5310058479018158,0.637207017482179
hrl,multi,0,weighted_cka,1,888,3.15839696604291,212.3,0.7032228708267212,0.7001757025718689,1,0.0,0.5263994943404849,5,0,off,0,0,0.0,0.0,0.0,0.9317534652021712,0.3353575254790484,0.4150741554981795,0.6516717585004225,0.4416656973751959,0.3828743639878929,0.5263994943404849,0.631679393208582
hrl,multi,0,weighted_cka,1,889,3.156962261412472,207.4,0.7059979438781738,0.701248049736023,1,0.0,0.5261603769020787,5,0,off,0,0,0.0,0.0,0.0,0.44948580468399435,0.21464881287515158,1.2086185064613817,0.5464435421151573,0.40313596326051615,0.33462963201627133,0.5261603769020787,0.6313924522824944
hrl,multi,0,weighted_cka,1,890,3.1254510318320206,222.55,0.7036772966384888,0.7004730105400085,1,0.0,0.5209085053053367,5,0,off,0,0,0.0,0.0,0.0,1.058793703653893,0.3737666367646306,0.5607562752529046,0.41733834680821735,0.39157325115357516,0.32322281819880005,0.5209085053053367,0.6250902063664041
hrl,multi,0,weighted_cka,1,891,3.123520397581782,221.3,0.7037558555603027,0.7022058367729187,1,0.0,0.520586732930297,5,0,off,0,0,0.0,0.0,0.0,0.8411090085898466,0.36176093114539976,0.6440576918544246,0.6066712199766188,0.3648167668770765,0.30510477913841605,0.520586732930297,0.6247040795163563
hrl,multi,0,weighted_cka,1,892,2.9182722291697707,274.5,0.7063724398612976,0.7034180164337158,1,0.0,0.48637870486162854,5,0,off,0,0,0.0,0.0,0.0,0.9207568571250883,0.7894580851234495,0.5883295688945799,0.3806341787521232,-0.050196014937712,0.28928955421224234,0.48637870486162854,0.5836544458339542
hrl,multi,0,weighted_cka,1,893,3.1395357789060614,218.3,0.7021649479866028,0.7004686594009399,1,0.0,0.5232559631510102,5,0,off,0,0,0.0,0.0,0.0,0.8578210467483439,0.3439819196760654,0.5817064803256652,0.5980093296784906,0.4127464416213332,0.3452705608561635,0.5232559631510102,0.6279071557812123
hrl,multi,0,weighted_cka,1,894,3.168345117122912,212.45000000000002,0.7052744626998901,0.7007491588592529,1,0.0,0.5280575195204853,5,0,off,0,0,0.0,0.0,0.0,1.0495961856275096,0.3424296964667737,0.5840189277583266,0.37841422379727,0.4479459605326409,0.3659401229403913,0.5280575195204853,0.6336690234245823
hrl,multi,0,weighted_cka,1,895,3.1390195284859383,219.45,0.7061647176742554,0.7017855048179626,1,0.0,0.5231699214143231,5,0,off,0,0,0.0,0.0,0.0,0.8421024012654669,0.357254751548171,0.6262326712526846,0.5920489695244467,0.3697695121280848,0.35161122276708484,0.5231699214143231,0.6278039056971877
hrl,multi,0,weighted_cka,1,896,3.146543911287339,216.3,0.7052708864212036,0.7023488879203796,1,0.0,0.5244239852145565,5,0,off,0,0,0.0,0.0,0.0,0.9899086163993923,0.3520025084856897,0.6251317864730953,0.3296589389974833,0.45980824031447975,0.39003382061719893,0.5244239852145565,0.6293087822574678
hrl,multi,0,weighted_cka,1,897,3.16070249498299,214.3,0.70610111951828,0.70035719871521,1,0.0,0.5267837491638316,5,0,off,0,0,0.0,0.0,0.0,0.47163408322166633,0.33741222206875676,0.6367765181562862,0.5662087773934471,0.3892426728954887,0.7594282212473452,0.5267837491638316,0.632140498996598
hrl,multi,0,weighted_cka,1,898,3.148199809625255,225.4,0.7037898302078247,0.7013287544250488,1,0.0,0.5246999682708758,5,0,off,0,0,0.0,0.0,0.0,0.9247643911566118,0.2971020260602235,0.74428075571754,0.3738707195374881,0.40631163623975575,0.4018702809136361,0.5246999682708758,0.629639961925051
hrl,multi,0,weighted_cka,1,899,3.150077669355991,217.45,0.7045170068740845,0.7022318840026855,1,0.0,0.5250129448926651,5,0,off,0,0,0.0,0.0,0.0,1.0867165152672675,0.22247227875143283,0.5518667932674287,0.46571656851399157,0.4629688566326512,0.36033665692321953,0.5250129448926651,0.6300155338711982
hrl,multi,0,weighted_cka,1,900,3.199003218248247,205.35,0.7025392055511475,0.7003841400146484,1,0.0,0.5331672030413744,5,0,off,0,0,0.0,0.0,0.0,0.9675542899871942,0.32311256207898253,0.6372238379768095,0.5014438723782076,0.3822852734261832,0.38738338240087034,0.5331672030413744,0.6398006436496494
hrl,multi,0,weighted_cka,1,901,3.1011947818584322,225.45,0.7039660811424255,0.7006663084030151,1,0.0,0.5168657969764053,5,0,off,0,0,0.0,0.0,0.0,0.9544931269929801,0.5443098962157964,0.4018175163869745,0.4296723402962087,0.46113183755660414,0.3097700644098688,0.5168657969764053,0.6202389563716865
hrl,multi,0,weighted_cka,1,902,2.3974060657646596,300.40000000000003,0.6983780860900879,0.6692897081375122,0,0.0,0.3995676776274433,5,0,off,0,0,0.0,0.0,0.0,0.6694033552918698,0.20373003865592176,1.1932434955229398,0.3577189696601126,-0.36346006040150713,0.33677026703532315,0.3995676776274433,0.4794812131529319
hrl,multi,0,weighted_cka,1,903,3.1364939805601946,223.4,0.7046107649803162,0.7001757025718689,1,0.0,0.5227489967600324,5,0,off,0,0,0.0,0.0,0.0,0.8395375313797265,0.35616688082367176,0.5608714375668203,0.19789173292368645,0.4527155934027395,0.7293108044635503,0.5227489967600324,0.6272987961120389
hrl,multi,0,weighted_cka,1,904,3.1640835379614862,211.25,0.7066420316696167,0.7023488879203796,1,0.0,0.5273472563269145,5,0,off,0,0,0.0,0.0,0.0,0.5339384898459537,0.38675557382777326,1.0773407436148261,0.4966495039127766,-0.008644187106154392,0.6780434138663114,0.5273472563269145,0.6328167075922974
hrl,multi,0,weighted_cka,1,905,3.2210395523594975,203.65,0.7069154977798462,0.700767457485199,1,0.0,0.5368399253932495,5,0,off,0,0,0.0,0.0,0.0,0.8940887172972724,0.361735943570733,0.7651116152454632,0.36210757795482634,0.4829166822710539,0.355079016020149,0.5368399253932495,0.6442079104718995
hrl,multi,0,weighted_cka,1,906,3.135147362380171,223.5,0.7059715986251831,0.7010380625724792,1,0.0,0.5225245603966953,5,0,off,0,0,0.0,0.0,0.0,1.0578966173138467,0.3290919173136353,0.1894482412044889,0.3405616563683142,0.48905887484783295,0.7290900553320534,0.5225245603966953,0.6270294724760344
hrl,multi,0,weighted_cka,1,907,3.19105502394745,206.3,0.7061842679977417,0.702440619468689,1,0.0,0.5318425039912417,5,0,off,0,0,0.0,0.0,0.0,1.1609274141071362,0.17882314842194313,0.5226838251049629,0.6140062110899015,0.39131549629103385,0.32329892893247303,0.5318425039912417,0.63821100478949
hrl,multi,0,weighted_cka,1,908,3.0511437027214,238.95,0.7080525159835815,0.7005850672721863,1,0.0,0.5085239504535666,5,0,off,0,0,0.0,0.0,0.0,0.492382576169737,0.12166463599726551,1.11338666418771,0.5591509883757243,0.4081287806552136,0.3564300573357497,0.5085239504535666,0.6102287405442799
hrl,multi,0,weighted_cka,1,909,3.132252019299519,220.4,0.707607090473175,0.7035282850265503,1,0.0,0.5220420032165866,5,0,off,0,0,0.0,0.0,0.0,0.5564952752040697,0.326718447510153,0.6144085413757711,0.5000202588122337,0.3649515426817815,0.7696579537155106,0.5220420032165866,0.6264504038599038
hrl,multi,0,weighted_cka,1,910,3.1484063171898238,228.6,0.7096108198165894,0.7010239362716675,1,0.0,0.5247343861983039,5,0,off,0,0,0.0,0.0,0.0,0.8354809377323834,0.34970156798884267,0.702062544827233,0.06854477630765166,0.5230190758202223,0.6695974145134911,0.5247343861983039,0.6296812634379647
hrl,multi,0,weighted_cka,1,911,3.139271715125778,217.3,0.7036152482032776,0.7006903886795044,1,0.0,0.523211952520963,5,0,off,0,0,0.0,0.0,0.0,0.8408891096402656,0.3560939089059829,0.5831736083771101,0.6151127662956714,0.40416039556422023,0.3398419263425283,0.523211952520963,0.6278543430251556
hrl,multi,0,weighted_cka,1,912,3.1542196835596483,217.6,0.7055113911628723,0.7008963823318481,1,0.0,0.5257032805932748,5,0,off,0,0,0.0,0.0,0.0,0.6488439589081098,0.36078182920441026,1.0816428422327151,0.31580337010265785,0.38536738347205385,0.3617802996397018,0.5257032805932748,0.6308439367119296
hrl,multi,0,weighted_cka,1,913,3.103676367341342,225.65,0.7080286741256714,0.7022548913955688,1,0.0,0.5172793945568903,5,0,off,0,0,0.0,0.0,0.0,0.9802970959795637,0.24351521800830955,0.729584189706249,0.4440108397947623,0.3852645128568983,0.3210045109955594,0.5172793945568903,0.6207352734682684
hrl,multi,0,weighted_cka,1,914,3.104378977353632,229.45,0.7057904005050659,0.7007765769958496,1,0.0,0.5173964962256054,5,0,off,0,0,0.0,0.0,0.0,0.9793538212492129,0.37354439633712166,0.595681191029609,0.3643472483386467,0.4728482975936493,0.31860402280539274,0.5173964962256054,0.6208757954707264
hrl,multi,0,weighted_cka,1,915,3.092193285612703,224.6,0.708870530128479,0.7051070928573608,1,0.0,0.5153655476021172,5,0,off,0,0,0.0,0.0,0.0,0.48457820951816377,0.22132152282260353,1.1998994022065306,0.14636798162758335,0.3151706889844499,0.724855480453372,0.5153655476021172,0.6184386571225406
hrl,multi,0,weighted_cka,1,916,3.1464242775402487,216.3,0.7049298286437988,0.7034493684768677,1,0.0,0.5244040462567081,5,0,off,0,0,0.0,0.0,0.0,0.913784088147804,0.37350156256929035,0.6472920050942338,0.4979772322271018,0.36523574831080613,0.34863364119101314,0.5244040462567081,0.6292848555080497
hrl,multi,0,weighted_cka,1,917,3.1706473892966915,218.45,0.7070077657699585,0.7001969218254089,1,0.0,0.5284412315494486,5,0,off,0,0,0.0,0.0,0.0,0.8199912847963567,0.3549789219219237,0.6189145471649243,0.6233454415564191,0.025822294233599507,0.7275948996234685,0.5284412315494486,0.6341294778593383
hrl,multi,0,weighted_cka,1,918,3.147649077618796,225.3,0.7030452489852905,0.700767457485199,1,0.0,0.5246081796031327,5,0,off,0,0,0.0,0.0,0.0,0.8404444726059445,0.3510658108256757,0.7068051611636764,0.4885721012563443,0.4475749351433477,0.3131865966238081,0.5246081796031327,0.6295298155237592
hrl,multi,0,weighted_cka,1,919,3.1948056987499225,205.1,0.7040773630142212,0.701203465461731,1,0.0,0.5324676164583204,5,0,off,0,0,0.0,0.0,0.0,1.0079772241003226,0.3548166045043617,0.6059988419199361,0.4632004269333555,0.3902792360875755,0.3725333652043715,0.5324676164583204,0.6389611397499845
hrl,multi,0,weighted_cka,1,920,3.092223224174396,229.4,0.7073227167129517,0.70035719871521,1,0.0,0.5153705373623995,5,0,off,0,0,0.0,0.0,0.0,0.6068793851715744,0.3583112730234861,0.6263145127762108,0.32105352292301537,0.41097239154714027,0.7686921387329697,0.5153705373623995,0.6184446448348793
hrl,multi,0,weighted_cka,1,921,3.1739036215924794,212.59999999999997,0.7095249891281128,0.7011724710464478,1,0.0,0.5289839369320799,5,0,off,0,0,0.0,0.0,0.0,0.8880967328545083,0.3548166045043617,0.7015811359917278,0.12412940435763442,0.4048836665303678,0.7003960773538798,0.5289839369320799,0.6347807243184959
hrl,multi,0,weighted_cka,1,922,3.0978452726953303,232.4,0.7060077786445618,0.702714204788208,1,0.0,0.5163075454492217,5,0,off,0,0,0.0,0.0,0.0,0.8229098810339345,0.27981746705994004,0.6584679619635861,0.5991779685844666,0.3642255681941459,0.37324642585925755,0.5163075454492217,0.6195690545390661
hrl,multi,0,weighted_cka,1,923,3.1813673782330927,231.4,0.7077420353889465,0.7020567655563354,1,0.0,0.5302278963721822,5,0,off,0,0,0.0,0.0,0.0,0.868944082835689,0.4708293618187307,0.5269989269941578,0.4392763963846954,0.4648642341769299,0.4104543760228902,0.5302278963721822,0.6362734756466185
hrl,multi,0,weighted_cka,1,924,3.0194282507940984,252.3,0.7036333084106445,0.7009981274604797,1,0.0,0.5032380417990164,5,0,off,0,0,0.0,0.0,0.0,0.8639725320653159,0.3108500463739037,0.6408417690559288,0.46305281410971644,0.3612185593581525,0.3794925298310816,0.5032380417990164,0.6038856501588197
hrl,multi,0,weighted_cka,1,925,3.1771583933537255,208.3,0.704402506351471,0.7020869851112366,1,0.0,0.5295263988922877,5,0,off,0,0,0.0,0.0,0.0,1.1046361666987647,0.37251462420448656,0.6427031873369341,0.4009888698165304,0.34236544257827695,0.31395010271873325,0.5295263988922877,0.6354316786707452
hrl,multi,0,weighted_cka,1,926,3.15238188704783,216.45,0.7030816674232483,0.7004520297050476,1,0.0,0.5253969811746383,5,0,off,0,0,0.0,0.0,0.0,0.9650576330828479,0.36154832072183485,0.617849220601376,0.4313141019241883,0.43094404600607217,0.3456685647115111,0.5253969811746383,0.630476377409566
hrl,multi,0,weighted_cka,1,927,3.1684676930988838,209.4,0.7072979211807251,0.7023488879203796,1,0.0,0.528077948849814,5,0,off,0,0,0.0,0.0,0.0,0.4648656639471299,0.2827267023362219,1.1734907737332394,0.5970570046552456,0.3596505696809908,0.2906769787460565,0.528077948849814,0.6336935386197767
hrl,multi,0,weighted_cka,1,928,3.169219481925845,215.4,0.7083964347839355,0.7023488879203796,1,0.0,0.5282032469876409,5,0,off,0,0,0.0,0.0,0.0,1.0094627805436027,0.3502948580831289,0.6115741347421425,0.44507084505679073,0.41006589355230594,0.3427509699478745,0.5282032469876409,0.633843896385169
hrl,multi,0,weighted_cka,1,929,3.185953772449725,212.15,0.7019917964935303,0.7002825736999512,1,0.0,0.5309922954082876,5,0,off,0,0,0.0,0.0,0.0,1.086534534136066,0.5132901178263127,0.3744148445180617,0.42120955158118145,0.4499849900268017,0.34051973436130206,0.5309922954082876,0.6371907544899451
hrl,multi,0,weighted_cka,1,930,2.8652556573715104,289.0,0.7053757905960083,0.7012379169464111,1,0.0,0.47754260956191846,5,0,off,0,0,0.0,0.0,0.0,0.15438083696644717,0.3602448751740157,1.040140951481182,0.5907933393307029,0.39531827340080045,0.3243773810183629,0.47754260956191846,0.5730511314743022
hrl,multi,0,weighted_cka,1,931,3.1572023223777523,212.2,0.7028080224990845,0.7003593444824219,1,0.0,0.5262003870629587,5,0,off,0,0,0.0,0.0,0.0,0.8689824063329868,0.323410283781588,0.7000578359030186,0.5606808228236476,0.3897965419290121,0.3142744316074997,0.5262003870629587,0.6314404644755505
hrl,multi,0,weighted_cka,1,932,3.209171438740612,210.2,0.7070838212966919,0.7006282210350037,1,0.0,0.5348619064567687,5,0,off,0,0,0.0,0.0,0.0,0.8364201315171084,0.33560276902839536,0.6335145649132318,0.5938084680638275,0.45100025075837025,0.3588252544596791,0.5348619064567687,0.6418342877481223
hrl,multi,0,weighted_cka,1,933,3.1838828156333405,210.1,0.7044380903244019,0.7001758217811584,1,0.0,0.5306471359388901,5,0,off,0,0,0.0,0.0,0.0,0.4749510137443429,0.3320541570987552,0.6124365428052841,0.5552757697268388,0.4288523269630967,0.7803130052950233,0.5306471359388901,0.6367765631266682
hrl,multi,0,weighted_cka,1,934,3.1784709754666354,215.1,0.7037595510482788,0.7009700536727905,1,0.0,0.5297451625777726,5,0,off,0,0,0.0,0.0,0.0,0.8140345618293671,0.357784119490534,0.6134119035960174,0.5622544426559469,0.45915320731932285,0.3718327405754477,0.5297451625777726,0.635694195093327
hrl,multi,0,weighted_cka,1,935,3.1545948587804054,211.1,0.7074515223503113,0.7039525508880615,1,0.0,0.5257658097967344,5,0,off,0,0,0.0,0.0,0.0,0.5334505810635163,0.23076637607067818,0.6382828958663157,1.0715907964004434,0.3449659599814294,0.3355382493980229,0.5257658097967344,0.6309189717560812
hrl,multi,0,weighted_cka,1,936,3.110857179630059,224.0,0.7022892236709595,0.7006690502166748,1,0.0,0.5184761966050099,5,0,off,0,0,0.0,0.0,0.0,1.0352490384592672,0.3564724431894719,0.5769028585141421,0.43666536972526215,0.37410400036652564,0.3314634693753905,0.5184761966050099,0.6221714359260118
hrl,multi,0,weighted_cka,1,937,2.3043079345131745,300.15,0.6532308459281921,0.45142748951911926,0,0.0,0.3840513224188624,5,0,off,0,0,0.0,0.0,0.0,0.8467544231596401,0.3543356874547898,0.6101658541564828,0.567384590886766,-0.3663834640756253,0.29205084293112155,0.3840513224188624,0.4608615869026349
hrl,multi,0,weighted_cka,1,938,3.1963920439570375,205.2,0.7046193480491638,0.7017679214477539,1,0.0,0.5327320073261729,5,0,off,0,0,0.0,0.0,0.0,0.973326167729654,0.3605608777701854,0.5834163425990845,0.3926488654352724,0.5593573520742355,0.3270824383486062,0.5327320073261729,0.6392784087914075
hrl,multi,0,weighted_cka,1,939,3.0825299576421665,231.5,0.7074076533317566,0.7023488879203796,1,0.0,0.5137549929403611,5,0,off,0,0,0.0,0.0,0.0,1.0332183931804026,0.2791178730372339,0.6658935907282865,0.3896166260929312,0.05384321620242538,0.6608402584008872,0.5137549929403611,0.6165059915284333
hrl,multi,0,weighted_cka,1,940,3.109452550267525,229.5,0.7063658833503723,0.7014883160591125,1,0.0,0.5182420917112541,5,0,off,0,0,0.0,0.0,0.0,0.44289094731034295,0.2595557913705706,1.0463377499259074,0.4758491121146361,0.17301798142991887,0.7118009681161492,0.5182420917112541,0.621890510053505
hrl,multi,0,weighted_cka,1,941,3.093642475917678,234.4,0.7073341608047485,0.701261579990387,1,0.0,0.515607079319613,5,0,off,0,0,0.0,0.0,0.0,1.0825739401145835,0.2218171093426644,0.6097072205080184,0.3792714117707218,0.4703756750399478,0.3298971191417426,0.515607079319613,0.6187284951835357
hrl,multi,0,weighted_cka,1,942,3.0853650969860715,245.55,0.7065975069999695,0.7029802203178406,1,0.0,0.5142275161643453,5,0,off,0,0,0.0,0.0,0.0,0.8581187197978141,0.4238686650991439,0.48025118142645795,0.48831418706494134,0.43420625134569113,0.4006060922520235,0.5142275161643453,0.6170730193972143
hrl,multi,0,weighted_cka,1,943,2.3994967669032734,300.3,0.7036018967628479,0.6986381411552429,0,0.0,0.39991612781721225,5,0,off,0,0,0.0,0.0,0.0,0.9320923167580039,0.4607879355326294,0.5576437116295564,0.3872749740383587,-0.3049789064598739,0.36667673540459944,0.39991612781721225,0.4798993533806547
hrl,multi,0,weighted_cka,1,944,3.151887096204136,222.3,0.7047539353370667,0.7025973200798035,1,0.0,0.5253145160340227,5,0,off,0,0,0.0,0.0,0.0,0.8709911432764491,0.3483639819324016,0.6324841761593706,0.5725700299805029,0.37763165272035976,0.3498461121350527,0.5253145160340227,0.6303774192408272
hrl,multi,0,weighted_cka,1,945,3.0734777408936136,237.1,0.7038144469261169,0.7009078860282898,1,0.0,0.5122462901489356,5,0,off,0,0,0.0,0.0,0.0,1.0775907813609371,0.22283448123373084,0.5293798934060613,0.47221076870849343,0.3994788471197534,0.371982969064638,0.5122462901489356,0.6146955481787227
hrl,multi,0,weighted_cka,1,946,3.122110581044898,221.15,0.7066664695739746,0.7029215097427368,1,0.0,0.5203517635074831,5,0,off,0,0,0.0,0.0,0.0,0.6322289513024733,0.3465500928983092,0.19068777303723605,0.4381234699520281,0.3939803603842155,1.1205399334706367,0.5203517635074831,0.6244221162089797
hrl,multi,0,weighted_cka,1,947,3.164947313127363,211.1,0.7038467526435852,0.700139045715332,1,0.0,0.5274912188545605,5,0,off,0,0,0.0,0.0,0.0,0.8680880817892028,0.2870343723893165,0.6037973187230526,0.631268701602239,0.4053675885092233,0.36939125011432916,0.5274912188545605,0.6329894626254726
hrl,multi,0,weighted_cka,1,948,3.1541376188690413,218.1,0.7045556306838989,0.7002692222595215,1,0.0,0.5256896031448404,5,0,off,0,0,0.0,0.0,0.0,0.3400022234076167,0.26866362509876485,0.7547688200061674,0.3649815838649519,1.0705562649499623,0.35516510154157876,0.5256896031448404,0.6308275237738085
hrl,multi,0,weighted_cka,1,949,3.143477392469312,217.4,0.7067132592201233,0.7000910639762878,1,0.0,0.5239128987448853,5,0,off,0,0,0.0,0.0,0.0,0.9288522229568842,0.5083811693452298,0.49090926263190326,0.3840208588190143,0.059752563580623086,0.7715613151356577,0.5239128987448853,0.6286954784938624
hrl,multi,0,weighted_cka,1,950,3.0437290963636947,237.3,0.7035574316978455,0.7003023028373718,1,0.0,0.5072881827272825,5,0,off,0,0,0.0,0.0,0.0,0.8251001324951647,0.4524333432912826,0.5359177243513985,0.47171205082163203,0.43397388910243884,0.3245919563017785,0.5072881827272825,0.608745819272739
hrl,multi,0,weighted_cka,1,951,3.135225150753996,219.4,0.7039890289306641,0.7003408074378967,1,0.0,0.522537525125666,5,0,off,0,0,0.0,0.0,0.0,0.8283270665849557,0.5322707592286169,0.45949424619134505,0.5536674124250857,0.4605677599874324,0.3008979063365608,0.522537525125666,0.6270450301507993
hrl,multi,0,weighted_cka,1,952,3.1237414714831266,223.45,0.707599937915802,0.7023488879203796,1,0.0,0.5206235785805211,5,0,off,0,0,0.0,0.0,0.0,0.6271833045091478,0.31605220070853823,1.004978640017565,0.40631760957697394,0.3751876672990037,0.3940220493718982,0.5206235785805211,0.6247482942966254
hrl,multi,0,weighted_cka,1,953,3.149687957414949,218.5,0.707680881023407,0.7009313106536865,1,0.0,0.5249479929024915,5,0,off,0,0,0.0,0.0,0.0,0.8805780755458398,0.4751703765764832,0.4276625984853598,0.6364547907542436,0.343633876717009,0.3861882393360138,0.5249479929024915,0.6299375914829898
hrl,multi,0,weighted_cka,1,954,3.128185581159637,222.15,0.7020395994186401,0.7002862095832825,1,0.0,0.5213642635266061,5,0,off,0,0,0.0,0.0,0.0,0.9091268858276306,0.3255274402610957,0.5823432397539726,0.5038393096874932,0.41353156935702995,0.39381713627241555,0.5213642635266061,0.6256371162319274
hrl,multi,0,weighted_cka,1,955,3.142330922675449,214.0,0.7031634449958801,0.7021064758300781,1,0.0,0.5237218204459082,5,0,off,0,0,0.0,0.0,0.0,0.9907170994957558,0.8490032169902696,0.44555547918286165,0.3942555817670363,0.46318870327887984,-0.00038915803935378815,0.5237218204459082,0.6284661845350898
hrl,multi,0,weighted_cka,1,956,3.154725343332753,218.3,0.7053893208503723,0.7041677236557007,1,0.0,0.5257875572221256,5,0,off,0,0,0.0,0.0,0.0,0.398246930527035,0.35633692457899446,1.0321486851822117,0.6069273697612806,0.42745882321678785,0.33360661006644365,0.5257875572221256,0.6309450686665506
hrl,multi,0,weighted_cka,1,957,3.120544051015729,225.3,0.7051209211349487,0.7017161846160889,1,0.0,0.5200906751692882,5,0,off,0,0,0.0,0.0,0.0,0.8544368857350199,0.33488076437637204,0.6203390987571328,0.583151506140828,0.016897953153382186,0.7108378428529948,0.5200906751692882,0.6241088102031458
hrl,multi,0,weighted_cka,1,958,2.915413538845275,275.4,0.7089619040489197,0.7019150257110596,1,0.0,0.48590225647421253,5,0,off,0,0,0.0,0.0,0.0,0.3614011085421076,0.32660068661719555,0.6181034341785124,0.4348906014335806,0.41190283901341884,0.7625148690604604,0.48590225647421253,0.583082707769055
hrl,multi,0,weighted_cka,1,959,3.164220207027214,216.3,0.7069352865219116,0.7013658881187439,1,0.0,0.5273700345045357,5,0,off,0,0,0.0,0.0,0.0,0.9578316628520841,0.5661993467286228,0.3977666194303892,0.5074241772927343,0.4194086950803465,0.31558970564303745,0.5273700345045357,0.6328440414054428
hrl,multi,0,weighted_cka,1,960,3.156056651586037,214.55,0.7075003385543823,0.7020325064659119,1,0.0,0.5260094419310062,5,0,off,0,0,0.0,0.0,0.0,1.0862546302148837,0.23892750439792865,0.7391927433414384,0.33247355506685555,0.35562149579310787,0.4035867227718234,0.5260094419310062,0.6312113303172074
hrl,multi,0,weighted_cka,1,961,3.1831083534990485,220.45,0.7034274339675903,0.7014326453208923,1,0.0,0.530518058916508,5,0,off,0,0,0.0,0.0,0.0,0.9700718708992061,0.43408205015957346,0.4014747054239268,0.408991067085415,0.5561955302550922,0.41229312967583537,0.530518058916508,0.6366216706998097
hrl,multi,0,weighted_cka,1,962,3.1521882634084895,219.5,0.7104947566986084,0.7018529772758484,1,0.0,0.5253647105680815,5,0,off,0,0,0.0,0.0,0.0,0.9830875127959297,0.23001845095306628,0.6100316540901548,0.5504261792800388,-0.0032788073639386482,0.781903273653239,0.5253647105680815,0.6304376526816979
hrl,multi,0,weighted_cka,1,963,3.1772505981588726,209.3,0.7030719518661499,0.7004636526107788,1,0.0,0.5295417663598121,5,0,off,0,0,0.0,0.0,0.0,0.9050149307316168,0.49141697210073465,0.46786780506186176,0.57798349804827,0.3351553650440182,0.39981202717237174,0.5295417663598121,0.6354501196317746
hrl,multi,0,weighted_cka,1,964,3.1507400180640794,212.3,0.7051135301589966,0.7009027600288391,1,0.0,0.5251233363440132,5,0,off,0,0,0.0,0.0,0.0,1.075542231694795,0.4553164295479655,0.4948589557376689,0.40777186369453544,0.4199805702641314,0.29726996712498366,0.5251233363440132,0.6301480036128159
hrl,multi,0,weighted_cka,1,965,3.1294121310737903,221.1,0.7030637860298157,0.7011026740074158,1,0.0,0.5215686885122984,5,0,off,0,0,0.0,0.0,0.0,0.44718853869615105,0.2100742501765489,1.21097526081698,0.5701608438333495,0.34248092447733497,0.34853231307342647,0.5215686885122984,0.6258824262147581
hrl,multi,0,weighted_cka,1,966,3.0487803906521136,236.0,0.705432116985321,0.7048417329788208,1,0.0,0.5081300651086856,5,0,off,0,0,0.0,0.0,0.0,1.0057551938797111,0.8591675347080453,0.4368577340133487,0.3669892782861279,0.38001064976488114,0.0,0.5081300651086856,0.6097560781304228
hrl,multi,0,weighted_cka,1,967,3.1146894791477058,223.3,0.7058332562446594,0.7023488879203796,1,0.0,0.5191149131912843,5,0,off,0,0,0.0,0.0,0.0,0.46079898221039894,0.3562976769730448,0.9969424529979004,0.5112363390908575,0.4203736833362198,0.3690403445392847,0.5191149131912843,0.6229378958295413
hrl,multi,0,weighted_cka,1,968,3.1775926447334224,203.45,0.7036586403846741,0.7009671330451965,1,0.0,0.5295987741222371,5,0,off,0,0,0.0,0.0,0.0,0.8474330279040149,0.356450403207913,0.6611250899946316,0.6078862415302427,0.3750802957863197,0.32961758631030097,0.5295987741222371,0.6355185289466845
hrl,multi,0,weighted_cka,1,969,2.9816160804957605,264.5,0.7084336876869202,0.7006148099899292,1,0.0,0.4969360134159601,5,0,off,0,0,0.0,0.0,0.0,0.45774096756055915,0.3616463461481034,1.0416076828183138,0.33654053507419296,0.4492441722238435,0.33483637667074795,0.4969360134159601,0.5963232160991521
hrl,multi,0,weighted_cka,1,970,3.141071168698998,226.45,0.7053553462028503,0.7023488879203796,1,0.0,0.523511861449833,5,0,off,0,0,0.0,0.0,0.0,0.8819325168649664,0.35977430628240104,0.6095143414572811,0.5717055732089792,0.35398120965575797,0.3641632212296128,0.523511861449833,0.6282142337397996
hrl,multi,0,weighted_cka,1,971,3.1089452441107848,224.0,0.7056609988212585,0.7038192749023438,1,0.0,0.5181575406851308,5,0,off,0,0,0.0,0.0,0.0,1.178515460798633,0.8016177970627322,0.37938666668745274,0.4011480939334723,0.3841299830824136,-0.03585275745391846,0.5181575406851308,0.6217890488221569
hrl,multi,0,weighted_cka,1,972,3.1721960828231173,210.6,0.7074577212333679,0.7006388902664185,1,0.0,0.5286993471371862,5,0,off,0,0,0.0,0.0,0.0,0.8764996538865378,0.3077217574901878,0.637299889021553,0.5835110510343219,0.41791563131241116,0.3492481000781059,0.5286993471371862,0.6344392165646234
hrl,multi,0,weighted_cka,1,973,3.1386813840960497,218.2,0.7058868408203125,0.7048308849334717,1,0.0,0.5231135640160084,5,0,off,0,0,0.0,0.0,0.0,1.0489755117325785,0.5393405543267726,0.4063447028088848,0.017208163765404474,0.41041085343049766,0.7164015980319121,0.5231135640160084,0.6277362768192101
hrl,multi,0,weighted_cka,1,974,3.137267972047789,218.5,0.7083749175071716,0.7033731937408447,1,0.0,0.5228779953412982,5,0,off,0,0,0.0,0.0,0.0,0.4827367890859021,0.36059172065556044,1.0273598928393328,0.5189394288742913,0.39374363974446885,0.3538965008482337,0.5228779953412982,0.6274535944095578
hrl,multi,0,weighted_cka,1,975,3.1368950675417424,218.0,0.7042331695556641,0.7008949518203735,1,0.0,0.5228158445902905,5,0,off,0,0,0.0,0.0,0.0,0.9166341496582607,0.852816768337041,0.5864184799643698,0.3890268852665321,0.3993693273107054,-0.007370542995166034,0.5228158445902905,0.6273790135083486
hrl,multi,0,weighted_cka,1,976,3.165783468380261,221.8,0.7069622278213501,0.7005663514137268,1,0.0,0.5276305780633769,5,0,off,0,0,0.0,0.0,0.0,1.0301789720305239,0.35627024393528695,0.6092625107299244,0.4211922372160478,0.44468470740085453,0.30419479706762353,0.5276305780633769,0.6331566936760522
hrl,multi,0,weighted_cka,1,977,3.127767308944806,221.5,0.7060880661010742,0.700469970703125,1,0.0,0.5212945514908011,5,0,off,0,0,0.0,0.0,0.0,0.8873045468011403,0.33145573639124626,0.7512363553214817,0.3774313367600552,0.4238046394239353,0.3565346942469478,0.5212945514908011,0.6255534617889612
hrl,multi,0,weighted_cka,1,978,3.144678395181858,216.1,0.7056950330734253,0.7032575607299805,1,0.0,0.524113065863643,5,0,off,0,0,0.0,0.0,0.0,0.9023586326702496,0.32714496414549643,0.5770403734063728,0.5194942647055721,0.44511862783232925,0.3735215324218385,0.524113065863643,0.6289356790363716
hrl,multi,0,weighted_cka,1,979,3.140686661428215,215.3,0.7058547139167786,0.7034595012664795,1,0.0,0.5234477769047025,5,0,off,0,0,0.0,0.0,0.0,1.007694152947515,0.34345042059198017,0.6635020289900712,0.3998458459808025,0.3790746008767309,0.34711961204111574,0.5234477769047025,0.628137332285643
hrl,multi,0,weighted_cka,1,980,3.095677403377342,234.1,0.7052825689315796,0.7032593488693237,1,0.0,0.5159462338962236,5,0,off,0,0,0.0,0.0,0.0,0.8220879424748216,0.4317478093169629,0.6033370806467718,0.5938779409443958,0.3684026583607773,0.2762239716336131,0.5159462338962236,0.6191354806754684
hrl,multi,0,weighted_cka,1,981,3.1796910667703475,207.0,0.7040228843688965,0.7007761001586914,1,0.0,0.5299485111283913,5,0,off,0,0,0.0,0.0,0.0,0.9875813698491546,0.3615507542677223,0.6630458139912224,0.445690581236733,0.35173971751611677,0.37008282990939917,0.5299485111283913,0.6359382133540695
hrl,multi,0,weighted_cka,1,982,3.0645224393896817,234.1,0.7015092968940735,0.7002242207527161,1,0.0,0.5107537398982803,5,0,off,0,0,0.0,0.0,0.0,1.122866629554395,0.2716920178905129,0.5828303143421653,0.4149520337864768,0.3331210585857624,0.33906038523036985,0.5107537398982803,0.6129044878779364
hrl,multi,0,weighted_cka,1,983,2.9866523669271383,264.4,0.707546591758728,0.7021360397338867,1,0.0,0.4977753944878564,5,0,off,0,0,0.0,0.0,0.0,0.8145327753477029,0.3616831380464136,0.5298123666641766,0.49543251063371996,0.42661640642447296,0.35857516981065274,0.4977753944878564,0.5973304733854277
hrl,multi,0,weighted_cka,1,984,3.106252127096463,226.0,0.7044585943222046,0.700036883354187,1,0.0,0.5177086878494106,5,0,off,0,0,0.0,0.0,0.0,0.4052025715457274,0.20612896453216667,1.1823808443211599,0.5937478656386955,0.3784604513797675,0.3403314296789467,0.5177086878494106,0.6212504254192928
hrl,multi,0,weighted_cka,1,985,3.1565014693268623,222.45,0.7065717577934265,0.7002068161964417,1,0.0,0.5260835782211438,5,0,off,0,0,0.0,0.0,0.0,1.063536216620181,0.5085957412198185,0.39199318141420364,0.3703039794066571,0.5026522517178963,0.31942009894810613,0.5260835782211438,0.6313002938653726
hrl,multi,0,weighted_cka,1,986,2.9409691652537893,265.2,0.7076002359390259,0.7001756429672241,1,0.0,0.4901615275422983,5,0,off,0,0,0.0,0.0,0.0,0.30937834561505556,0.24812890529260034,0.6246512682333122,1.0134283770858308,0.3876808742186985,0.3577013948082924,0.4901615275422983,0.5881938330507579
hrl,multi,0,weighted_cka,1,987,3.1845898648892113,212.6,0.7076350450515747,0.7023488879203796,1,0.0,0.5307649774815352,5,0,off,0,0,0.0,0.0,0.0,0.6670880179825761,0.34488770771399135,1.0513310169549657,0.3306591910477727,0.4082228894238359,0.3824010417660698,0.5307649774815352,0.6369179729778423
hrl,multi,0,weighted_cka,1,988,3.1390657449363895,219.3,0.7059903144836426,0.7001927495002747,1,0.0,0.523177624156065,5,0,off,0,0,0.0,0.0,0.0,0.38330492034478797,0.22827111655846233,1.1892164610540492,0.5965298585025592,0.3934782620515033,0.3482651264250278,0.523177624156065,0.627813148987278
hrl,multi,0,weighted_cka,1,989,3.2222721586340097,198.4,0.7034515142440796,0.7023294568061829,1,0.0,0.537045359772335,5,0,off,0,0,0.0,0.0,0.0,0.4011339833876117,0.3548166045043617,1.103841961033642,0.6100741952480747,0.4157762223561293,0.33662919210419057,0.537045359772335,0.6444544317268021
hrl,multi,0,weighted_cka,1,990,3.149626688923102,221.4,0.7050279378890991,0.7004849314689636,1,0.0,0.5249377814871837,5,0,off,0,0,0.0,0.0,0.0,1.0918869849518957,0.3420072612911462,0.5842885475936345,0.3454361100938767,0.4121184278787112,0.37388935711383814,0.5249377814871837,0.6299253377846205
hrl,multi,0,weighted_cka,1,991,3.0800852944802948,227.39999999999998,0.7059779763221741,0.7012676000595093,1,0.0,0.5133475490800491,5,0,off,0,0,0.0,0.0,0.0,0.42827523599215767,0.11121969709359103,1.2692466727737335,0.48843305160501027,0.43101210834691284,0.35189852866888977,0.5133475490800491,0.616017058896059
hrl,multi,0,weighted_cka,1,992,3.3103772666985627,181.7,0.7075275182723999,0.7013387084007263,1,0.0,0.5517295444497604,5,0,off,0,0,0.0,0.0,0.0,0.5514768432793207,0.5132901178263127,0.6122886587905231,0.4942469119643792,0.43273013118887305,0.7063446036491542,0.5517295444497604,0.6620754533397125
hrl,multi,0,weighted_cka,1,993,3.1930132357519954,217.4,0.7059789299964905,0.7000911831855774,1,0.0,0.5321688726253325,5,0,off,0,0,0.0,0.0,0.0,0.9360474835440981,0.5132901178263127,0.40889570488035665,0.4907914026104844,0.4819633827653159,0.36202514412542797,0.5321688726253325,0.638602647150399
hrl,multi,0,weighted_cka,1,994,3.174158735209524,206.4,0.7048665881156921,0.7016997933387756,1,0.0,0.5290264558682541,5,0,off,0,0,0.0,0.0,0.0,1.0788841478551037,0.49634070979431266,0.3979819985029753,0.33557441618060685,0.4611733310389644,0.4042041318375617,0.5290264558682541,0.6348317470419049
hrl,multi,0,weighted_cka,1,995,3.195590892206504,206.4,0.7066782116889954,0.7021188139915466,1,0.0,0.5325984820344173,5,0,off,0,0,0.0,0.0,0.0,0.5241120760608463,0.2011417803168296,1.0625668585048986,0.6075331641295924,0.38735587622597806,0.4128811369683593,0.5325984820344173,0.6391181784413008
hrl,multi,0,weighted_cka,1,996,3.242223547768035,215.55,0.7079753875732422,0.7022190690040588,1,0.0,0.5403705912946725,5,0,off,0,0,0.0,0.0,0.0,0.8623402826969976,0.48168773825466626,0.6293004440590738,0.4036068794667079,0.45076647160641914,0.41452173168417056,0.5403705912946725,0.648444709553607
hrl,multi,0,weighted_cka,1,997,3.122580244719102,227.1,0.705711841583252,0.7010408043861389,1,0.0,0.520430040786517,5,0,off,0,0,0.0,0.0,0.0,0.9313361559132171,0.47166958644986146,0.55947113659163,0.35314107393915756,0.41323220206168465,0.39373008976355195,0.520430040786517,0.6245160489438204
hrl,multi,0,weighted_cka,1,998,3.2019133096997687,214.1,0.7041575312614441,0.7018401026725769,1,0.0,0.5336522182832948,5,0,off,0,0,0.0,0.0,0.0,0.8779749853082538,0.5002633994147181,0.45573591704992567,0.5439621144724077,0.41182908561197096,0.41214780784249305,0.5336522182832948,0.6403826619399537
hrl,multi,0,weighted_cka,1,999,3.1459866039859636,216.0,0.7060562372207642,0.7023488879203796,1,0.0,0.5243311006643273,5,0,off,0,0,0.0,0.0,0.0,1.0675445382856994,0.5067298629842698,0.43945113440672856,0.35644794695179954,0.43192137304833145,0.3438917483091354,0.5243311006643273,0.6291973207971927
hrl,multi,0,weighted_cka,1,1000,3.1677434400919116,216.3,0.7036731839179993,0.7020649313926697,1,0.0,0.5279572400153186,5,0,off,0,0,0.0,0.0,0.0,0.5043253753874449,0.2772932311184704,1.072975175767671,0.5950177035520318,0.3850631591336568,0.333068795132637,0.5279572400153186,0.6335486880183823
hrl,multi,0,weighted_cka,1,1001,3.1456885919839657,221.3,0.7046045064926147,0.7023488879203796,1,0.0,0.5242814319973276,5,0,off,0,0,0.0,0.0,0.0,0.8540061629526315,0.3318615101873874,0.5981579979339148,0.6013777561129535,0.39593995345957217,0.36434521133750675,0.5242814319973276,0.6291377183967931
hrl,multi,0,weighted_cka,1,1002,3.1601104197836296,215.4,0.7069506049156189,0.7037912607192993,1,0.0,0.5266850699639383,5,0,off,0,0,0.0,0.0,0.0,0.6645152669311499,0.294394539553672,1.110304439942003,0.3302824641707411,0.3802398643598425,0.38037384482622144,0.5266850699639383,0.6320220839567259
hrl,multi,0,weighted_cka,1,1003,3.197153599552553,208.4,0.706537127494812,0.7003660798072815,1,0.0,0.5328589332587589,5,0,off,0,0,0.0,0.0,0.0,0.42515374705754205,0.3537417849116027,1.1838728722282683,0.48565442963084193,0.4206511397307039,0.32807962599359447,0.5328589332587589,0.6394307199105106
hrl,multi,0,weighted_cka,1,1004,3.1711583327711317,211.4,0.7058924436569214,0.7006296515464783,1,0.0,0.5285263887951887,5,0,off,0,0,0.0,0.0,0.0,1.0907139569815478,0.3615507542677223,0.5931859095795079,0.34818153365189203,0.40668833715817876,0.3708378411322832,0.5285263887951887,0.6342316665542264
hrl,multi,0,weighted_cka,1,1005,3.0870319062627374,227.0,0.7056221961975098,0.7012636065483093,1,0.0,0.5145053177104563,5,0,off,0,0,0.0,0.0,0.0,0.45240907994564605,0.546678477748297,1.3080597022380678,0.44520765471155743,0.3367115707593038,-0.002034579140134156,0.5145053177104563,0.6174063812525474
hrl,multi,0,weighted_cka,1,1006,2.981984295065525,276.3,0.7057140469551086,0.7027015686035156,1,0.0,0.49699738251092085,5,0,off,0,0,0.0,0.0,0.0,0.842423424786655,0.5364829735457897,0.5887460601293714,0.40148378423618836,0.3234932267374824,0.2893548256300389,0.49699738251092085,0.596396859013105
hrl,multi,0,weighted_cka,1,1007,3.153985241914493,218.4,0.7074853181838989,0.7026408910751343,1,0.0,0.5256642069857488,5,0,off,0,0,0.0,0.0,0.0,0.9636339103919452,0.3663220890425145,0.5991749283659736,0.5821034771220291,0.32974780396162523,0.3130030330304056,0.5256642069857488,0.6307970483828986
hrl,multi,0,weighted_cka,1,1008,3.2119687641048125,202.4,0.7086063623428345,0.7023488879203796,1,0.0,0.535328127350802,5,0,off,0,0,0.0,0.0,0.0,0.9167419359353369,0.3615507542677223,0.6234805639432742,0.5349311306995804,0.4331297515445184,0.3421346277143806,0.535328127350802,0.6423937528209624
hrl,multi,0,weighted_cka,1,1009,3.1596589088877884,209.1,0.7025460004806519,0.7000673413276672,1,0.0,0.5266098181479647,5,0,off,0,0,0.0,0.0,0.0,0.4531640120824739,0.15184023888781661,1.3015624031173063,0.5638574639132711,0.3314276707291428,0.35780712015777827,0.5266098181479647,0.6319317817775577
hrl,multi,0,weighted_cka,1,1010,3.1525535078574833,217.1,0.707951009273529,0.703033983707428,1,0.0,0.5254255846429139,5,0,off,0,0,0.0,0.0,0.0,1.0329530159426792,0.34237577566504473,0.6111854336846153,0.3921576405519153,0.4510513190152122,0.32283032299801706,0.5254255846429139,0.6305107015714967
hrl,multi,0,weighted_cka,1,1011,3.1137756182213767,223.0,0.704088032245636,0.7008071541786194,1,0.0,0.5189626030368961,5,0,off,0,0,0.0,0.0,0.0,0.6364417276568709,0.36011872143484647,1.107107037316542,0.3242675683121196,0.31675601716549123,0.3690845463355072,0.5189626030368961,0.6227551236442753
hrl,multi,0,weighted_cka,1,1012,3.143065850673446,220.0,0.7048966884613037,0.7015878558158875,1,0.0,0.5238443084455743,5,0,off,0,0,0.0,0.0,0.0,0.9076697140971081,0.3334710498005151,0.6359831606892402,0.522737445164268,0.36511695363605384,0.3780875272862613,0.5238443084455743,0.6286131701346892
hrl,multi,0,weighted_cka,1,1013,3.0452027977914713,243.45,0.7052386999130249,0.7002730965614319,1,0.0,0.5075337996319119,5,0,off,0,0,0.0,0.0,0.0,1.0835095479339358,0.3406520477123558,0.57687878147047,0.3049818858944053,0.41293905003322273,0.326241484747082,0.5075337996319119,0.6090405595582943
hrl,multi,0,weighted_cka,1,1014,3.1709925956150857,210.70000000000002,0.7073934674263,0.7002946734428406,1,0.0,0.5284987659358477,5,0,off,0,0,0.0,0.0,0.0,0.569803698692005,0.33163932549208397,0.6495610616635094,0.5951382503048516,0.4095510459546784,0.6152992135079577,0.5284987659358477,0.6341985191230172
hrl,multi,0,weighted_cka,1,1015,3.1519093454098317,212.0,0.7050867080688477,0.7005333304405212,1,0.0,0.525318224234972,5,0,off,0,0,0.0,0.0,0.0,0.4768327540252356,0.10598309186846011,1.2207971665989605,0.6146156872794962,0.3683930833055637,0.36528756233211607,0.525318224234972,0.6303818690819664
hrl,multi,0,weighted_cka,1,1016,3.1626120517632854,222.15,0.7056680917739868,0.7012636065483093,1,0.0,0.5271020086272142,5,0,off,0,0,0.0,0.0,0.0,0.8824723522327839,0.3137470766678452,0.6201695491541176,0.5447111310483886,0.4034962105491139,0.39801573211103675,0.5271020086272142,0.6325224103526571
hrl,multi,0,weighted_cka,1,1017,3.134480891841684,227.7,0.7030583620071411,0.7000260949134827,1,0.0,0.522413481973614,5,0,off,0,0,0.0,0.0,0.0,0.8933799054734407,0.3095857790485024,0.2175308550498447,0.5083580549815668,0.45005244332872085,0.7555738539596089,0.522413481973614,0.6268961783683368
hrl,multi,0,weighted_cka,1,1018,3.185553539847164,212.45,0.7018217444419861,0.7008829712867737,1,0.0,0.5309255899745273,5,0,off,0,0,0.0,0.0,0.0,1.2311005879306465,0.22829783828649663,0.5719480066986288,-0.039910209492663926,0.3880166405600975,0.8061006758639588,0.5309255899745273,0.6371107079694328
hrl,multi,0,weighted_cka,1,1019,3.079222238875103,236.3,0.7048811912536621,0.7023488879203796,1,0.0,0.5132037064791838,5,0,off,0,0,0.0,0.0,0.0,0.9157130547663545,0.3552787798084318,0.5716900397678836,0.5403707179790361,0.3860894440752271,0.31008020247817036,0.5132037064791838,0.6158444477750206
hrl,multi,0,weighted_cka,1,1020,3.0881172322952017,236.4,0.7076881527900696,0.7023488879203796,1,0.0,0.5146862053825336,5,0,off,0,0,0.0,0.0,0.0,1.0365755249414357,0.3615507542677223,0.6291313659963197,0.33005475236498744,0.395654491301866,0.33515034342287103,0.5146862053825336,0.6176234464590403
hrl,multi,0,weighted_cka,1,1021,3.0240146825002276,252.4,0.7063300013542175,0.7001927495002747,1,0.0,0.5040024470833713,5,0,off,0,0,0.0,0.0,0.0,0.8506430873009082,0.276506766077131,0.6154949150728061,0.5489949721333104,0.37328653388587546,0.359088408030197,0.5040024470833713,0.6048029365000456
hrl,multi,0,weighted_cka,1,1022,2.9083936328753817,273.4,0.7057915925979614,0.7004686594009399,1,0.0,0.48473227214589704,5,0,off,0,0,0.0,0.0,0.0,0.247765549564501,0.3135766065809875,1.1878053379401097,0.4461663660877383,0.38999002503789953,0.32308974766414605,0.48473227214589704,0.5816787265750765
hrl,multi,0,weighted_cka,1,1023,3.083755841601825,224.3,0.70447838306427,0.7007536292076111,1,0.0,0.5139593069336376,5,0,off,0,0,0.0,0.0,0.0,0.5088506811934056,0.24691378358379001,1.0856277567036448,0.4786719043506308,0.08490923777199333,0.678782477998361,0.5139593069336376,0.616751168320365
hrl,multi,0,weighted_cka,1,1024,3.177072959099473,206.0,0.7041646838188171,0.7009642124176025,1,0.0,0.5295121598499122,5,0,off,0,0,0.0,0.0,0.0,1.0949856795718076,0.3566403278820216,0.591170483755879,0.3790710831917094,0.41762002598709647,0.3375853587109595,0.5295121598499122,0.6354145918198946
hrl,multi,0,weighted_cka,1,1025,3.1710628000815038,216.0,0.7064771056175232,0.7023488879203796,1,0.0,0.5285104666802506,5,0,off,0,0,0.0,0.0,0.0,0.9087385718393196,0.3603495926186442,0.612089439072908,0.5235338469910201,0.40999681006651356,0.3563545394930988,0.5285104666802506,0.6342125600163008
hrl,multi,0,weighted_cka,1,1026,2.918091965963961,280.25,0.7058412432670593,0.7026033997535706,1,0.0,0.48634866099399354,5,0,off,0,0,0.0,0.0,0.0,0.32004817416047415,0.3608369742110371,1.078628962326329,0.4422125922988488,0.3986246435218198,0.3177406194454524,0.48634866099399354,0.5836183931927923
hrl,multi,0,weighted_cka,1,1027,3.14155023319852,220.4,0.70823073387146,0.7023488879203796,1,0.0,0.5235917055330866,5,0,off,0,0,0.0,0.0,0.0,0.4164434951725414,0.3617580927498638,1.034827696908498,0.58314674892975,0.39007951421044335,0.35529468522742386,0.5235917055330866,0.628310046639704
hrl,multi,0,weighted_cka,1,1028,3.147264889420408,218.4,0.7060526013374329,0.7018699645996094,1,0.0,0.5245441482367347,5,0,off,0,0,0.0,0.0,0.0,1.0756201454622785,0.3450550426319241,0.6542582788020371,0.345868049223849,0.39385716452736225,0.33260620877295727,0.5245441482367347,0.6294529778840816
hrl,multi,0,weighted_cka,1,1029,3.1510455451140054,211.4,0.7064623832702637,0.7023488879203796,1,0.0,0.5251742575190009,5,0,off,0,0,0.0,0.0,0.0,0.391280607362918,0.36382491119578475,1.0527379305078646,0.6182030696012079,0.019573772248811863,0.7054252541974186,0.5251742575190009,0.6302091090228011
hrl,multi,0,weighted_cka,1,1030,3.127993915174889,223.4,0.707303524017334,0.7013623118400574,1,0.0,0.5213323191958148,5,0,off,0,0,0.0,0.0,0.0,0.4674861011011524,0.44331479990482325,0.4908926179669214,0.5909710248650516,0.41951954595232366,0.7158098253846168,0.5213323191958148,0.6255987830349777
hrl,multi,0,weighted_cka,1,1031,3.1615081153752738,214.4,0.7082772254943848,0.7029972076416016,1,0.0,0.5269180192292123,5,0,off,0,0,0.0,0.0,0.0,1.0713852280480785,0.507444647938013,0.4234684405629522,0.40361752321408123,0.44006723584653795,0.31552503976561125,0.5269180192292123,0.6323016230750548
hrl,multi,0,weighted_cka,1,1032,3.1313982149004227,222.35,0.7060636281967163,0.7037739753723145,1,0.0,0.5218997024834038,5,0,off,0,0,0.0,0.0,0.0,0.49736893398174997,0.31657879125699395,0.6157682322587351,0.6114655868550761,0.41459266575321074,0.6756240047946572,0.5218997024834038,0.6262796429800845
hrl,multi,0,weighted_cka,1,1033,3.1192669291096378,229.0,0.7064483761787415,0.7037697434425354,1,0.0,0.519877821518273,5,0,off,0,0,0.0,0.0,0.0,1.0648799409938507,0.33940319574251765,0.613703396993107,0.340922894924035,0.3993034644348953,0.3610540360212326,0.519877821518273,0.6238533858219275
hrl,multi,0,weighted_cka,1,1034,2.325544981790152,300.0,0.6740338206291199,0.5525755882263184,0,0.0,0.3875908302983588,5,0,off,0,0,0.0,0.0,0.0,0.9161887256354092,0.9507412172593176,0.4580764138740486,0.5732076926623703,-0.4985267597960487,-0.07414230784494433,0.3875908302983588,0.4651089963580305
hrl,multi,0,weighted_cka,1,1035,2.9345454730109473,260.0,0.7043217420578003,0.7007846832275391,1,0.0,0.48909091216849127,5,0,off,0,0,0.0,0.0,0.0,0.38981088701903327,0.14214431025832885,1.2545107926921917,0.33190518868653446,0.4972759127547032,0.3188983816001564,0.48909091216849127,0.5869090946021895
hrl,multi,0,weighted_cka,1,1036,3.1934336851976393,208.0,0.703304648399353,0.700106143951416,1,0.0,0.5322389475329399,5,0,off,0,0,0.0,0.0,0.0,0.9143466436605957,0.5431760788634419,0.5211874895794316,0.46340450930967914,0.45430468339612695,0.2970142803883645,0.5322389475329399,0.6386867370395278
hrl,multi,0,weighted_cka,1,1037,3.044294385784204,240.1,0.7040715217590332,0.7023488879203796,1,0.0,0.5073823976307007,5,0,off,0,0,0.0,0.0,0.0,1.0754450034232574,0.26497133869118983,0.629007071119733,0.3668893523544538,0.37537773373733935,0.33260388645823113,0.5073823976307007,0.6088588771568408
hrl,multi,0,weighted_cka,1,1038,3.1976288013214496,208.0,0.705742597579956,0.7001236081123352,1,0.0,0.532938133553575,5,0,off,0,0,0.0,0.0,0.0,1.0626719701763938,0.5029177579693496,0.37793694572569797,0.41801463945698913,0.4633600702669499,0.37272741772606965,0.532938133553575,0.63952576026429
hrl,multi,0,weighted_cka,1,1039,3.1787088498807385,205.3,0.7047135233879089,0.7021147012710571,1,0.0,0.5297848083134564,5,0,off,0,0,0.0,0.0,0.0,0.46570779408048824,0.35159595800936216,1.1448070403053423,0.4851561193754895,0.4259529492463333,0.30548898886372333,0.5297848083134564,0.6357417699761477
hrl,multi,0,weighted_cka,1,1040,3.112896193830584,233.35,0.7034080624580383,0.7010506391525269,1,0.0,0.5188160323050973,5,0,off,0,0,0.0,0.0,0.0,0.8659277110156834,0.3571519202217459,0.6342380594210698,0.49839495165602765,0.429222728011431,0.32796082350462674,0.5188160323050973,0.6225792387661169
hrl,multi,0,weighted_cka,1,1041,3.0819973245410703,232.4,0.7061702013015747,0.7023488879203796,1,0.0,0.5136662207568451,5,0,off,0,0,0.0,0.0,0.0,0.8190076475371605,0.5651998774856328,0.45424462567432766,0.4891131078600882,0.43917818044312285,0.3152538855407387,0.5136662207568451,0.6163994649082141
hrl,multi,0,weighted_cka,1,1042,3.1741693062699565,210.60000000000002,0.703891932964325,0.7005848288536072,1,0.0,0.5290282177116594,5,0,off,0,0,0.0,0.0,0.0,0.44266938954684865,0.3615507542677223,1.0675164515296927,0.6038375989410559,0.4932290246793999,0.20536608730523734,0.5290282177116594,0.6348338612539913
hrl,multi,0,weighted_cka,1,1043,3.0512479513298243,243.35,0.7060738801956177,0.7014800906181335,1,0.0,0.5085413252216374,5,0,off,0,0,0.0,0.0,0.0,0.9604831260438075,0.5012070688940584,0.4699663533461279,0.43374395090807216,0.3556761226400267,0.3301713294977322,0.5085413252216374,0.6102495902659649
hrl,multi,0,weighted_cka,1,1044,3.155754165685221,219.70000000000002,0.7072046995162964,0.7053227424621582,1,0.0,0.5259590276142035,5,0,off,0,0,0.0,0.0,0.0,0.48368990030620607,0.35089574880525465,0.6287088325694202,0.5475504204795724,0.4320871368449005,0.7128221266798676,0.5259590276142035,0.6311508331370442
hrl,multi,0,weighted_cka,1,1045,3.1471308858856197,219.0,0.7060707807540894,0.7045997977256775,1,0.0,0.5245218143142699,5,0,off,0,0,0.0,0.0,0.0,0.514856247224612,0.3617212361246347,0.4332614190566818,1.0874330317128913,0.42436705559567767,0.32549189617112273,0.5245218143142699,0.6294261771771239
hrl,multi,0,weighted_cka,1,1046,3.1456024088862806,218.15,0.7043004631996155,0.7002996206283569,1,0.0,0.5242670681477135,5,0,off,0,0,0.0,0.0,0.0,0.4088365549466106,0.3607579766362905,1.0607385445906545,0.6083256156776332,0.36562363647809243,0.34132008055699986,0.5242670681477135,0.6291204817772562
hrl,multi,0,weighted_cka,1,1047,3.028818275401417,262.4,0.7076383829116821,0.7009446024894714,1,0.0,0.5048030459002362,5,0,off,0,0,0.0,0.0,0.0,0.6594951836005781,0.5088128231987357,0.4355095934527925,0.5963682137717404,0.47317616721201905,0.35545629416555163,0.5048030459002362,0.6057636550802834
hrl,multi,0,weighted_cka,1,1048,3.2117336571259414,212.4,0.7075563669204712,0.7023488879203796,1,0.0,0.5352889428543236,5,0,off,0,0,0.0,0.0,0.0,0.8456579943648538,0.49745751112326975,0.420561817689333,0.5831653242902829,0.5059971001986413,0.35889390945956107,0.5352889428543236,0.6423467314251883
hrl,multi,0,weighted_cka,1,1049,3.1101497657668413,226.3,0.7040426731109619,0.7016357779502869,1,0.0,0.5183582942944736,5,0,off,0,0,0.0,0.0,0.0,0.9223185959784749,0.36136102569848294,0.5739137896716128,0.4830824825266983,0.4193800958152859,0.350093776076287,0.5183582942944736,0.6220299531533683
hrl,multi,0,weighted_cka,1,1050,3.1600519524862047,211.2,0.7043277025222778,0.7022076845169067,1,0.0,0.5266753254143675,5,0,off,0,0,0.0,0.0,0.0,0.548351519837044,0.4331442586667835,1.0054330476070752,0.45325234441366036,0.38885419142153105,0.33101659054011107,0.5266753254143675,0.632010390497241
hrl,multi,0,weighted_cka,1,1051,3.116269871779705,223.45,0.7040916085243225,0.7020753026008606,1,0.0,0.5193783119632841,5,0,off,0,0,0.0,0.0,0.0,0.5050142370145184,0.32476313502341503,1.1277877944153731,0.4983633576456922,0.3640010592681355,0.29634028841257093,0.5193783119632841,0.623253974355941
hrl,multi,0,weighted_cka,1,1052,3.154320381467567,215.2,0.7037011384963989,0.7011452913284302,1,0.0,0.5257200635779279,5,0,off,0,0,0.0,0.0,0.0,1.0207653817315,0.27321192744188005,0.6380857949475757,0.5444224570750956,0.348619886035798,0.32921493423571807,0.5257200635779279,0.6308640762935134
hrl,multi,0,weighted_cka,1,1053,3.1901412931358664,207.2,0.7074040174484253,0.7055044770240784,1,0.0,0.5316902155226445,5,0,off,0,0,0.0,0.0,0.0,0.39849500561878076,0.353722769357264,1.1099698480607474,0.5787542972769587,0.3803763975322944,0.3688229752898216,0.5316902155226445,0.6380282586271734
hrl,multi,0,weighted_cka,1,1054,3.1917509546248035,212.3,0.705062985420227,0.7022989988327026,1,0.0,0.5319584924374673,5,0,off,0,0,0.0,0.0,0.0,0.8808987888079135,0.607372073996812,0.5015223451574019,0.5893386656814253,0.34205766765290163,0.27056141332834954,0.5319584924374673,0.6383501909249607
hrl,multi,0,weighted_cka,1,1055,3.213112954406346,207.45,0.7043309211730957,0.7009692788124084,1,0.0,0.535518825734391,5,0,off,0,0,0.0,0.0,0.0,0.8496976639892672,0.5108194710314273,0.4086443200572393,0.6158631144737591,0.5086992363783064,0.31938914847634725,0.535518825734391,0.6426225908812693
hrl,multi,0,weighted_cka,1,1056,3.1494086629045417,220.1,0.7040308713912964,0.7009080052375793,1,0.0,0.5249014438174237,5,0,off,0,0,0.0,0.0,0.0,0.8665917344532207,0.3058417275324463,0.6127528734630904,0.5703929570503968,0.4035319342962028,0.3902974361091852,0.5249014438174237,0.6298817325809083
hrl,multi,0,weighted_cka,1,1057,3.319832496788817,241.0,0.703976035118103,0.7004355192184448,1,0.0,0.5533054161314696,5,0,off,0,0,0.0,0.0,0.0,0.8479216852749231,0.5554257529675959,0.45383731627184887,0.5704042977547213,0.4411763400106282,0.4510671045091003,0.5533054161314696,0.6639664993577634
hrl,multi,0,weighted_cka,1,1058,3.14746614343499,214.0,0.704468846321106,0.7004007697105408,1,0.0,0.5245776905724984,5,0,off,0,0,0.0,0.0,0.0,0.9807715947339309,0.47624736549938085,0.403561872800812,0.45493203986110153,0.46001864883316046,0.37193462170660496,0.5245776905724984,0.6294932286869981
hrl,multi,0,weighted_cka,1,1059,3.20335631744312,215.2,0.7036769986152649,0.7015268802642822,1,0.0,0.5338927195738533,5,0,off,0,0,0.0,0.0,0.0,0.844746505454066,0.5133181115202605,0.45561581302131515,0.6058421666485955,0.41470481694350003,0.36912890385538333,0.5338927195738533,0.640671263488624
hrl,multi,0,weighted_cka,1,1060,3.197554133011756,214.1,0.7040449380874634,0.7005274891853333,1,0.0,0.5329256888352928,5,0,off,0,0,0.0,0.0,0.0,0.9880914693661033,0.4365240753218531,0.4329867307618259,0.2580105239897965,0.4050311353294017,0.6769101982427761,0.5329256888352928,0.6395108266023513
hrl,multi,0,weighted_cka,1,1061,3.1081812666866218,239.15,0.7068604230880737,0.7037903666496277,1,0.0,0.5180302111144369,5,0,off,0,0,0.0,0.0,0.0,0.869198246210464,0.5104965151809155,0.5499894224845338,0.37792457270273,0.40984027268178747,0.3907322374261915,0.5180302111144369,0.6216362533373243
hrl,multi,0,weighted_cka,1,1062,3.1416179893569836,224.4,0.7044304609298706,0.7010423541069031,1,0.0,0.523602998226164,5,0,off,0,0,0.0,0.0,0.0,1.0143707016776604,0.5076731600388884,0.3970138059356249,0.45388533307053136,0.43809791635884887,0.33057707227543,0.523602998226164,0.6283235978713968
hrl,multi,0,weighted_cka,1,1063,3.158826348004757,216.55,0.7029281854629517,0.7003079056739807,1,0.0,0.5264710580007929,5,0,off,0,0,0.0,0.0,0.0,0.8533039317987275,0.5050710277259349,0.4545310472236014,0.5537521662162616,0.41510039422311806,0.3770677808171138,0.5264710580007929,0.6317652696009514
hrl,multi,0,weighted_cka,1,1064,2.8445093507654704,293.3,0.7040137648582458,0.7018448710441589,1,0.0,0.47408489179424507,5,0,off,0,0,0.0,0.0,0.0,0.7295758380268521,0.35475669974088664,0.7042333011813461,0.3503252420467324,0.37606028974707434,0.3295579800225794,0.47408489179424507,0.5689018701530941
hrl,multi,0,weighted_cka,1,1065,2.5184810621485276,300.4,0.705159068107605,0.6998485326766968,0,0.0,0.4197468436914213,5,0,off,0,0,0.0,0.0,0.0,0.18696614918089427,0.4712342471443116,0.4679386239363811,0.5877686412839683,0.3932096163767855,0.4113637842261872,0.4197468436914213,0.5036962124297055
hrl,multi,0,weighted_cka,1,1066,3.2232505600353227,204.4,0.703277587890625,0.7001757025718689,1,0.0,0.5372084266725538,5,0,off,0,0,0.0,0.0,0.0,1.0029699084702877,0.5348950567431747,0.44132835571467866,0.607298834114801,0.34992924424097865,0.28682916075140236,0.5372084266725538,0.6446501120070646
hrl,multi,0,weighted_cka,1,1067,3.215410143224242,211.55,0.7057572603225708,0.7004686594009399,1,0.0,0.5359016905373737,5,0,off,0,0,0.0,0.0,0.0,0.8117299637286922,0.4938667336069047,0.5539712874083779,0.617681194732664,0.38926320201228365,0.34889776173532006,0.5359016905373737,0.6430820286448484
hrl,multi,0,weighted_cka,1,1068,3.132735862275794,218.65,0.7066837549209595,0.701043426990509,1,0.0,0.5221226437126324,5,0,off,0,0,0.0,0.0,0.0,1.0201496979551736,0.5048773864805698,0.4195646243384107,0.44573580276611013,0.41422554895654307,0.328182801778987,0.5221226437126324,0.6265471724551588
hrl,multi,0,weighted_cka,1,1069,3.113991397031064,222.1,0.7050756812095642,0.7000454068183899,1,0.0,0.518998566171844,5,0,off,0,0,0.0,0.0,0.0,0.8314038186424876,0.4525311186034231,0.4674585727257653,0.5914992664721793,0.3649144953776095,0.40618412520959973,0.518998566171844,0.6227982794062128
hrl,multi,0,weighted_cka,1,1070,3.228351162564608,212.45000000000002,0.7048983573913574,0.7007485032081604,1,0.0,0.5380585270941013,5,0,off,0,0,0.0,0.0,0.0,0.8818509203496504,0.5134792550057172,0.15869443187955756,0.6091383681725709,0.363688619973167,0.7014995671839452,0.5380585270941013,0.6456702325129215
hrl,multi,0,weighted_cka,1,1071,3.207896587218928,210.0,0.7074028253555298,0.7024991512298584,1,0.0,0.5346494312031548,5,0,off,0,0,0.0,0.0,0.0,0.6466922567766158,0.5135046884939074,0.4525308356383465,0.432258142385166,0.4116756911331466,0.7512349727917462,0.5346494312031548,0.6415793174437857
hrl,multi,0,weighted_cka,1,1072,3.1900253401656276,215.4,0.7051094174385071,0.7004450559616089,1,0.0,0.5316708900276046,5,0,off,0,0,0.0,0.0,0.0,0.8925479210759512,0.36080227965116496,0.2865822375090792,0.5754051367585197,0.3636821657852269,0.7110055993856861,0.5316708900276046,0.6380050680331255
hrl,multi,0,weighted_cka,1,1073,3.1547924948277406,219.15,0.703357994556427,0.7002309560775757,1,0.0,0.5257987491379568,5,0,off,0,0,0.0,0.0,0.0,1.0804823064161462,0.5719510181508958,0.4621209581904112,0.35455994850094424,0.40184379673609494,0.2838344668332487,0.5257987491379568,0.6309584989655481
hrl,multi,0,weighted_cka,1,1074,3.150374429505748,215.35,0.7037429809570312,0.7008816599845886,1,0.0,0.5250624049176247,5,0,off,0,0,0.0,0.0,0.0,0.8339320628417043,0.3340183741934597,0.6519441144131123,0.5914288756566092,0.4052738175136327,0.3337771848872304,0.5250624049176247,0.6300748859011496
hrl,multi,0,weighted_cka,1,1075,3.096640342074536,224.0,0.7035821676254272,0.7001966238021851,1,0.0,0.5161067236790894,5,0,off,0,0,0.0,0.0,0.0,1.0805593083428682,0.8537727336334063,0.47863836520450775,0.32779808646958547,0.35722264198886106,-0.0013507935646921397,0.5161067236790894,0.6193280684149072
hrl,multi,0,weighted_cka,1,1076,3.212378388285454,197.75,0.706285834312439,0.7006263136863708,1,0.0,0.5353963980475757,5,0,off,0,0,0.0,0.0,0.0,0.8451371727727818,0.5128907010480761,0.10867702793143685,0.616478628868237,0.43330129217221824,0.6958935654927045,0.5353963980475757,0.6424756776570908
hrl,multi,0,weighted_cka,1,1077,3.030380075500128,243.6,0.7064224481582642,0.7003841400146484,1,0.0,0.505063345916688,5,0,off,0,0,0.0,0.0,0.0,0.9358207840330431,0.3523994338288903,0.6097051250031217,0.3827704486988576,0.37670363878962226,0.37298064514659346,0.505063345916688,0.6060760151000256
hrl,multi,0,weighted_cka,1,1078,3.1980135466883706,207.4,0.7074673771858215,0.7023488879203796,1,0.0,0.5330022577813951,5,0,off,0,0,0.0,0.0,0.0,0.9617997863910858,0.49582601371780033,0.4365581667148507,0.4587299693485255,0.49685784644601505,0.34824176407009366,0.5330022577813951,0.6396027093376742
hrl,multi,0,weighted_cka,1,1079,3.137159698187032,215.0,0.7062891125679016,0.7029939293861389,1,0.0,0.5228599496978387,5,0,off,0,0,0.0,0.0,0.0,0.45413374652678595,0.161126497416757,1.2734675025644244,0.5405337028133307,0.37252838356373824,0.3353698653019964,0.5228599496978387,0.6274319396374064
hrl,multi,0,weighted_cka,1,1080,3.187309510840515,213.15,0.7039865255355835,0.7012676000595093,1,0.0,0.5312182518067525,5,0,off,0,0,0.0,0.0,0.0,0.8568622335940598,0.506749930191785,0.430407407918712,0.6200077979395281,0.4378839611478905,0.3353981800485403,0.5312182518067525,0.6374619021681031
hrl,multi,0,weighted_cka,1,1081,2.7990085734189036,300.0,0.7038553953170776,0.7002365589141846,1,0.0,0.46650142890315066,5,0,off,0,0,0.0,0.0,0.0,0.7516162847056981,0.7775282246805727,0.5761693171174264,0.40823671367073244,0.3940690199084346,-0.10861098666395995,0.46650142890315066,0.5598017146837808
hrl,multi,0,weighted_cka,1,1082,3.1459574168926325,225.0,0.7063155174255371,0.7039336562156677,1,0.0,0.5243262361487722,5,0,off,0,0,0.0,0.0,0.0,0.8861766435233874,0.481836808245629,0.3501954265986568,0.6081959163530263,0.4066859147873473,0.41286670738458636,0.5243262361487722,0.6291914833785266
hrl,multi,0,weighted_cka,1,1083,3.1513023861494136,216.0,0.7025343179702759,0.7004883885383606,1,0.0,0.5252170643582356,5,0,off,0,0,0.0,0.0,0.0,0.9461422757947583,0.3553844977691769,0.5959560808627865,0.5338118515715468,0.40797986362269134,0.31202781652845435,0.5252170643582356,0.6302604772298828
hrl,multi,0,weighted_cka,1,1084,2.4467464264875147,300.0,0.6971246004104614,0.6631626486778259,0,0.0,0.40779107108125245,5,0,off,0,0,0.0,0.0,0.0,0.19046908756805303,0.4841834979057311,0.441894229767844,0.4930375114462803,0.43691791287111104,0.4002441869284958,0.40779107108125245,0.48934928529750293
hrl,multi,0,weighted_cka,1,1085,2.9686919233315345,265.0,0.7031965255737305,0.7004029154777527,1,0.0,0.4947819872219225,5,0,off,0,0,0.0,0.0,0.0,0.21949937716580445,0.045597935588098965,1.2301360022881997,0.5877623373320758,0.5153323539372067,0.37036391702014954,0.4947819872219225,0.593738384666307
hrl,multi,0,weighted_cka,1,1086,3.190050566934956,213.4,0.7064023613929749,0.7016252875328064,1,0.0,0.5316750944891594,5,0,off,0,0,0.0,0.0,0.0,0.9622295003117759,0.38425629089772695,0.48716447051707645,0.5959389208522624,0.4272872342267072,0.3331741501294076,0.5316750944891594,0.6380101133869912
hrl,multi,0,weighted_cka,1,1087,3.1592478747182224,214.4,0.7061029076576233,0.7010591626167297,1,0.0,0.526541312453037,5,0,off,0,0,0.0,0.0,0.0,0.9041148479641122,0.27629550463147456,0.6112799614998511,0.623632481753826,0.3958434423399157,0.3480816365290433,0.526541312453037,0.6318495749436445
hrl,multi,0,weighted_cka,1,1088,3.130274353441176,221.4,0.707072913646698,0.7001658082008362,1,0.0,0.5217123922401959,5,0,off,0,0,0.0,0.0,0.0,0.8431451494467909,0.33809332349896426,0.614213904983946,0.5510913535226135,0.36919806835928454,0.41453255362957714,0.5217123922401959,0.6260548706882352
hrl,multi,0,weighted_cka,1,1089,3.1631622186173938,218.7,0.7067520022392273,0.7016006708145142,1,0.0,0.5271937031028989,5,0,off,0,0,0.0,0.0,0.0,0.8566228886254829,0.4946783216260373,0.507058469105279,0.5057343453627544,0.4197518441262217,0.3793163497716188,0.5271937031028989,0.6326324437234787
hrl,multi,0,weighted_cka,1,1090,3.108850698204262,220.45,0.7059260606765747,0.7007447481155396,1,0.0,0.5181417830340437,5,0,off,0,0,0.0,0.0,0.0,0.832904733608011,0.3594098161961883,0.6876511154910548,0.5431464919873977,0.3783187346667691,0.30741980625484133,0.5181417830340437,0.6217701396408524
hrl,multi,0,weighted_cka,1,1091,3.1583095612503898,223.35,0.7051129341125488,0.7023488879203796,1,0.0,0.526384926875065,5,0,off,0,0,0.0,0.0,0.0,0.8449565762911223,0.4335179835148155,0.5463174228745046,0.5848932609923648,0.424519699245793,0.3241046183317899,0.526384926875065,0.631661912250078
hrl,multi,0,weighted_cka,1,1092,2.4026351678869906,300.1,0.6917880773544312,0.638450562953949,0,0.0,0.4004391946478318,5,0,off,0,0,0.0,0.0,0.0,-0.2984052931003393,0.3597704685349017,1.0495870484726035,0.5615823294554719,0.3820459003453142,0.348054714179039,0.4004391946478318,0.4805270335773981
hrl,multi,0,weighted_cka,1,1093,3.192633075505564,212.3,0.7069593667984009,0.7016744017601013,1,0.0,0.5321055125842606,5,0,off,0,0,0.0,0.0,0.0,0.8618061468915547,0.5025809685289859,0.4940995501638389,0.5966625365824437,0.44844296457571897,0.28904090876302213,0.5321055125842606,0.6385266151011127
hrl,multi,0,weighted_cka,1,1094,3.205931427363608,205.79999999999998,0.7105714082717896,0.7036181092262268,1,0.0,0.5343219045606014,5,0,off,0,0,0.0,0.0,0.0,0.8865763600791104,0.3616828814670443,0.36122764140530483,0.5501370438421144,0.44091063602990455,0.6053968645401299,0.5343219045606014,0.6411862854727216
hrl,multi,0,weighted_cka,1,1095,3.07644082099744,232.4,0.7067027688026428,0.7004636526107788,1,0.0,0.5127401368329068,5,0,off,0,0,0.0,0.0,0.0,0.9259078150074928,0.36077587479352946,0.6120920012104324,0.5526755133166442,0.30590470291301597,0.3190849137563258,0.5127401368329068,0.6152881641994881
hrl,multi,0,weighted_cka,1,1096,3.1895436309574627,211.4,0.7039780020713806,0.7002999782562256,1,0.0,0.5315906051595771,5,0,off,0,0,0.0,0.0,0.0,0.8894968030683229,0.3587883886042982,0.6097585257468744,0.5649279787722042,0.4380222544735296,0.3285496802922338,0.5315906051595771,0.6379087261914925
hrl,multi,0,weighted_cka,1,1097,3.0706775492042757,239.3,0.7044178247451782,0.7016746997833252,1,0.0,0.511779591534046,5,0,off,0,0,0.0,0.0,0.0,0.8875566259616751,0.25687245964631433,0.6309190005045383,0.5632655407806159,0.35735516943014217,0.3747087528809905,0.511779591534046,0.6141355098408552
hrl,multi,0,weighted_cka,1,1098,3.1540072259167897,208.3,0.7038396596908569,0.7016927003860474,1,0.0,0.5256678709861317,5,0,off,0,0,0.0,0.0,0.0,0.8850846237818476,0.3319488172978162,0.6386193262510932,0.5802037189104593,0.37714641741942606,0.34100432225614785,0.5256678709861317,0.6308014451833579
hrl,multi,0,weighted_cka,1,1099,3.175156174992696,205.4,0.7081823945045471,0.7024300694465637,1,0.0,0.529192695832116,5,0,off,0,0,0.0,0.0,0.0,0.9904933245849096,0.31924606791138643,0.6297494434034451,0.4885614819341134,0.371612442668731,0.37549341449011114,0.529192695832116,0.6350312349985392
hrl,multi,0,weighted_cka,1,1100,2.9546904428333787,270.0,0.7035983800888062,0.7000651955604553,1,0.0,0.4924484071388964,5,0,off,0,0,0.0,0.0,0.0,0.7024586335533819,0.30016485992074005,0.6156207673116586,0.5082459610813529,0.39062352225510394,0.43757669871114196,0.4924484071388964,0.5909380885666757
hrl,multi,0,weighted_cka,1,1101,3.059207686091306,249.0,0.7041241526603699,0.7009685635566711,1,0.0,0.5098679476818844,5,0,off,0,0,0.0,0.0,0.0,0.8039215082097796,0.3716970319002866,0.4177078396254218,0.6977987055955454,0.37644493310619137,0.3916376676540822,0.5098679476818844,0.6118415372182613
hrl,multi,0,weighted_cka,1,1102,3.1435105236214573,221.0,0.7049382925033569,0.7001927495002747,1,0.0,0.5239184206035762,5,0,off,0,0,0.0,0.0,0.0,0.9225067303120157,0.23365919047594064,0.6062782761231064,0.6099961902319918,0.36673561064735977,0.40433452583104373,0.5239184206035762,0.6287021047242914
hrl,multi,0,weighted_cka,1,1103,3.1555019819186785,222.1,0.7038387060165405,0.7012676000595093,1,0.0,0.5259169969864465,5,0,off,0,0,0.0,0.0,0.0,0.8539755029128863,0.3354996035471558,0.632850912653841,0.5652331109003425,0.5354698763166087,0.23247297558784483,0.5259169969864465,0.6311003963837357
hrl,multi,0,weighted_cka,1,1104,3.162148329970769,217.1,0.7048357725143433,0.7023488879203796,1,0.0,0.5270247216617948,5,0,off,0,0,0.0,0.0,0.0,0.9360162914143874,0.2550531657002866,0.5968838465556036,0.6142658487632869,0.3958700081680144,0.3640591693691909,0.5270247216617948,0.6324296659941538
hrl,multi,0,weighted_cka,1,1105,3.20773010707143,214.5,0.7054627537727356,0.7002630829811096,1,0.0,0.5346216845119051,5,0,off,0,0,0.0,0.0,0.0,0.8459940041766966,0.511119014725089,0.5374999586124903,0.5621372181740588,0.4923584295547042,0.2586214818283915,0.5346216845119051,0.6415460214142861
hrl,multi,0,weighted_cka,1,1106,3.161268185520753,213.4,0.7063488960266113,0.7004055976867676,1,0.0,0.5268780309201255,5,0,off,0,0,0.0,0.0,0.0,0.41652304986410293,0.249432986235246,0.6197077441946602,1.1701653125035807,0.3647731906850821,0.3406659020380815,0.5268780309201255,0.6322536371041506
hrl,multi,0,weighted_cka,1,1107,3.012246343447872,251.2,0.7035574913024902,0.7003127336502075,1,0.0,0.502041057241312,5,0,off,0,0,0.0,0.0,0.0,0.9085223714192395,0.35481016184762115,0.5663915626360102,0.40389037581556464,0.46133144678408267,0.3173004249453544,0.502041057241312,0.6024492686895744
hrl,multi,0,weighted_cka,1,1108,3.2085902956567285,223.0,0.7048699259757996,0.700271725654602,1,0.0,0.5347650492761215,5,0,off,0,0,0.0,0.0,0.0,0.5003033543058262,0.5132901178263127,0.43326767891226325,0.5872681059995665,0.4397111198911442,0.7347499187216162,0.5347650492761215,0.6417180591313457
hrl,multi,0,weighted_cka,1,1109,3.148736539288539,222.0,0.7048391103744507,0.7002415657043457,1,0.0,0.5247894232147565,5,0,off,0,0,0.0,0.0,0.0,0.8208567019680048,0.36136102569848294,0.623527602081187,0.6015192522144642,0.41983883783267795,0.32163311949372286,0.5247894232147565,0.6297473078577078
hrl,multi,0,weighted_cka,1,1110,2.9899218314722167,268.1,0.7066215872764587,0.7017855048179626,1,0.0,0.4983203052453695,5,0,off,0,0,0.0,0.0,0.0,0.6193222762991787,0.3591206784881651,0.6601230662008747,0.5942400058148777,0.43455256483913385,0.32256323982998725,0.4983203052453695,0.5979843662944434
hrl,multi,0,weighted_cka,1,1111,3.1607882680437767,213.0,0.7055512070655823,0.7037020921707153,1,0.0,0.5267980446739627,5,0,off,0,0,0.0,0.0,0.0,0.9131510130813402,0.4171652033515274,0.4565386056561255,0.6010592605537967,0.43250222818457573,0.34037195721641184,0.5267980446739627,0.6321576536087553
hrl,multi,0,weighted_cka,1,1112,3.1903223272906605,207.0,0.7052223682403564,0.700106143951416,1,0.0,0.5317203878817768,5,0,off,0,0,0.0,0.0,0.0,0.9263688297672196,0.3595609909947961,0.6165855984650551,0.44975079146190533,0.49525365223200046,0.3428024643696844,0.5317203878817768,0.6380644654581321
hrl,multi,0,weighted_cka,1,1113,3.182866483565705,228.4,0.7043004035949707,0.7005292177200317,1,0.0,0.5304777472609509,5,0,off,0,0,0.0,0.0,0.0,0.9445670357039196,0.4752129360698163,0.37833830581605427,0.5908926424426025,0.4160059795856542,0.37784958394765855,0.5304777472609509,0.6365732967131411
hrl,multi,0,weighted_cka,1,1114,3.006218720065913,253.3,0.7054162621498108,0.7000866532325745,1,0.0,0.5010364533443189,5,0,off,0,0,0.0,0.0,0.0,0.8671052907179108,0.4075447282184812,0.48033610568661234,0.5457625424199667,0.368601306966535,0.3368687460564077,0.5010364533443189,0.6012437440131826
hrl,multi,0,weighted_cka,1,1115,3.1710636539159274,214.3,0.7033261060714722,0.7009109258651733,1,0.0,0.5285106089859879,5,0,off,0,0,0.0,0.0,0.0,0.888275653474382,0.2432154480889439,0.620599337642081,0.5574626118869054,0.4963898080363577,0.3651207947872579,0.5285106089859879,0.6342127307831855
hrl,multi,0,weighted_cka,1,1116,3.1981655767336696,210.5,0.7070633172988892,0.7041962742805481,1,0.0,0.5330275961222782,5,0,off,0,0,0.0,0.0,0.0,0.8885672701281654,0.5067298629842698,0.4281736448970622,0.6116457351758143,0.3906260268026089,0.3724230367457494,0.5330275961222782,0.639633115346734
hrl,multi,0,weighted_cka,1,1117,3.102121324978401,231.3,0.7047511339187622,0.7019274830818176,1,0.0,0.5170202208297335,5,0,off,0,0,0.0,0.0,0.0,0.8434472789454738,0.3549078608453273,0.5613624609732067,0.5778809255478553,0.4063535116115526,0.35816928705498574,0.5170202208297335,0.6204242649956802
hrl,multi,0,weighted_cka,1,1118,3.181753312547146,211.6,0.7040063738822937,0.7011727094650269,1,0.0,0.5302922187578577,5,0,off,0,0,0.0,0.0,0.0,0.8400370734336319,0.5609728730916976,0.5090486973272635,0.6009277444945181,0.3590958109973143,0.3116711132027209,0.5302922187578577,0.6363506625094292
hrl,multi,0,weighted_cka,1,1119,3.1708271846876417,222.1,0.7023701071739197,0.7005274891853333,1,0.0,0.5284711974479402,5,0,off,0,0,0.0,0.0,0.0,0.9765075887122073,0.5093758007101714,0.41478660234017284,0.45147620801646904,0.5222242114651016,0.29645677344352006,0.5284711974479402,0.6341654369375284
hrl,multi,0,weighted_cka,1,1120,3.1722967461111318,210.0,0.7054193019866943,0.7016119360923767,1,0.0,0.5287161243518553,5,0,off,0,0,0.0,0.0,0.0,0.34961975695122954,0.8632623645067214,0.6855945425522513,0.5577345302894244,0.3714004550745084,0.3446850967369973,0.5287161243518553,0.6344593492222265
hrl,multi,0,weighted_cka,1,1121,3.174711594975494,213.0,0.7043293714523315,0.7027530074119568,1,0.0,0.5291185991625823,5,0,off,0,0,0.0,0.0,0.0,0.9122295636371708,0.5132168965041637,0.44023542247992,0.585103018005262,0.3677776655746274,0.3561490287743509,0.5291185991625823,0.6349423189950988
hrl,multi,0,weighted_cka,1,1122,3.184096742248802,221.25,0.7054317593574524,0.703101396560669,1,0.0,0.5306827903748003,5,0,off,0,0,0.0,0.0,0.0,0.8412142322458674,0.5033878821544349,0.48269147462956596,0.6107198726462665,0.35224116176739323,0.3938421188052743,0.5306827903748003,0.6368193484497604
hrl,multi,0,weighted_cka,1,1123,3.1808817773269245,214.0,0.7050560712814331,0.7003217935562134,1,0.0,0.5301469628878207,5,0,off,0,0,0.0,0.0,0.0,0.9195041567748411,0.5273855459503829,0.47465819646418084,0.5906336311273043,0.38035403738357115,0.2883462096266448,0.5301469628878207,0.6361763554653849
hrl,multi,0,weighted_cka,1,1124,3.206051260060065,210.2,0.705262303352356,0.7001757621765137,1,0.0,0.5343418766766775,5,0,off,0,0,0.0,0.0,0.0,0.9484122524466364,0.5109861693903803,0.4802712078304029,0.4537063198331742,0.44853947516260073,0.36413583539687094,0.5343418766766775,0.641210252012013
hrl,multi,0,weighted_cka,1,1125,3.1747854272249247,209.6,0.7054625749588013,0.7012934684753418,1,0.0,0.5291309045374875,5,0,off,0,0,0.0,0.0,0.0,0.9368283613524034,0.4402838978543877,0.45215684590907756,0.5715317687448113,0.42055031297425727,0.35343424038998783,0.5291309045374875,0.634957085444985
hrl,multi,0,weighted_cka,1,1126,3.147131314535345,222.3,0.7036669254302979,0.701702892780304,1,0.0,0.5245218857558908,5,0,off,0,0,0.0,0.0,0.0,0.8462545972790393,0.3595739002898335,0.5928929892838931,0.5961764265792443,0.4266509610146457,0.3255824400886893,0.5245218857558908,0.6294262629070689
hrl,multi,0,weighted_cka,1,1127,3.1654062527751132,216.4,0.7066625952720642,0.7010462880134583,1,0.0,0.5275677087958522,5,0,off,0,0,0.0,0.0,0.0,0.834559886024799,0.49898900461196893,0.534819988420233,0.5946593671385197,0.07270662112315751,0.6296713854564353,0.5275677087958522,0.6330812505550226
hrl,multi,0,weighted_cka,1,1128,3.1951774141616176,212.0,0.7033242583274841,0.7002177834510803,1,0.0,0.5325295690269363,5,0,off,0,0,0.0,0.0,0.0,0.8669698881604707,0.5014901936650276,0.43694970363099117,0.6157964489632285,0.45720016572205335,0.31677101401984686,0.5325295690269363,0.6390354828323235
hrl,multi,0,weighted_cka,1,1129,3.1890865916199544,207.2,0.7061898112297058,0.7049198746681213,1,0.0,0.531514431936659,5,0,off,0,0,0.0,0.0,0.0,0.8513719235718288,0.35386077017523343,0.668506269655656,0.6091327502327039,0.3564964472919236,0.3497184306926094,0.531514431936659,0.6378173183239909
hrl,multi,0,weighted_cka,1,1130,3.1944589783221473,215.45,0.7045872211456299,0.7002729773521423,1,0.0,0.5324098297203579,5,0,off,0,0,0.0,0.0,0.0,0.9752401973581871,0.48004767350852484,0.5148695499612949,0.4919275092515162,0.3637777946121059,0.3685962536305189,0.5324098297203579,0.6388917956644294
hrl,multi,0,weighted_cka,1,1131,3.1218074396925855,224.3,0.705479621887207,0.7015471458435059,1,0.0,0.5203012399487642,5,0,off,0,0,0.0,0.0,0.0,1.011196264824124,0.4689776268489658,0.42499919490003946,0.4928463335999621,0.3863142352299855,0.337473784289509,0.5203012399487642,0.6243614879385171
hrl,multi,0,weighted_cka,1,1132,3.1322743601116487,226.55,0.7031097412109375,0.7020697593688965,1,0.0,0.5220457266852748,5,0,off,0,0,0.0,0.0,0.0,0.8120232169574445,0.3038281516954302,0.6194991903826593,0.6314874780885874,0.370609010231943,0.3948273127555847,0.5220457266852748,0.6264548720223297
hrl,multi,0,weighted_cka,1,1133,3.128631590642686,228.3,0.705565333366394,0.7023431658744812,1,0.0,0.5214385984404476,5,0,off,0,0,0.0,0.0,0.0,0.8114634891492313,0.4784641105346381,0.45509911902993905,0.6039588344255461,0.4009562315344809,0.3786898059688508,0.5214385984404476,0.6257263181285372
hrl,multi,0,weighted_cka,1,1134,3.1374268232178943,219.3,0.7031430006027222,0.7005917429924011,1,0.0,0.5229044705363157,5,0,off,0,0,0.0,0.0,0.0,0.941091776674846,0.34896190815046424,0.6111289558559655,0.46154089732729686,0.40682337306463145,0.36787991214469073,0.5229044705363157,0.6274853646435788
hrl,multi,0,weighted_cka,1,1135,3.1504847919143697,214.4,0.7060089707374573,0.7005698680877686,1,0.0,0.525080798652395,5,0,off,0,0,0.0,0.0,0.0,0.3214873568402108,0.35540847234055395,1.1352318550436755,0.6079914149567484,0.40837763497303226,0.3219880577601492,0.525080798652395,0.630096958382874
hrl,multi,0,weighted_cka,1,1136,3.2163625013756962,211.25,0.7025575041770935,0.7003102898597717,1,0.0,0.5360604168959494,5,0,off,0,0,0.0,0.0,0.0,0.9353101588410789,0.5132901178263127,0.48720780401304353,0.5010945842744549,0.43395485002521295,0.3455049863955937,0.5360604168959494,0.6432725002751393
hrl,multi,0,weighted_cka,1,1137,3.1612252810237917,219.1,0.7057965397834778,0.7038410902023315,1,0.0,0.526870880170632,5,0,off,0,0,0.0,0.0,0.0,0.889040045536123,0.3615507542677223,0.6043228630365337,0.5918276046290992,0.376170048644999,0.3383139649093151,0.526870880170632,0.6322450562047583
hrl,multi,0,weighted_cka,1,1138,3.1974483026333025,212.0,0.7046002745628357,0.7023488879203796,1,0.0,0.5329080504388838,5,0,off,0,0,0.0,0.0,0.0,0.8196190001525682,0.5132901178263127,0.43553666889015574,0.610067978308536,0.47862102492182734,0.3403135125339031,0.5329080504388838,0.6394896605266605
hrl,multi,0,weighted_cka,1,1139,3.1513826255152573,212.15,0.7030240297317505,0.7023488879203796,1,0.0,0.5252304375858762,5,0,off,0,0,0.0,0.0,0.0,0.9403050361350177,0.3683993695862591,0.6097628116472623,0.5043620778415351,0.40233258349128287,0.32622074681390073,0.5252304375858762,0.6302765251030514
hrl,multi,0,weighted_cka,1,1140,3.155708794077019,218.15,0.7041211128234863,0.7001756429672241,1,0.0,0.5259514656795031,5,0,off,0,0,0.0,0.0,0.0,0.835097835394088,0.5134498806260526,0.4780945966579019,0.599774331464432,0.36380530411936335,0.3654868458151817,0.5259514656795031,0.6311417588154038
hrl,multi,0,weighted_cka,1,1141,3.1645320526119427,221.3,0.7069538831710815,0.7028235197067261,1,0.0,0.5274220087686571,5,0,off,0,0,0.0,0.0,0.0,0.5182237965288512,0.5099678378142416,0.4273120601675472,0.5102407371439038,0.4650842462854633,0.733703374671936,0.5274220087686571,0.6329064105223885
hrl,multi,0,weighted_cka,1,1142,3.17087751357836,216.5,0.7074272036552429,0.7030203938484192,1,0.0,0.5284795855963933,5,0,off,0,0,0.0,0.0,0.0,0.8817208932558668,0.3596886395066976,0.5939650696329771,0.5751549032975453,0.43307655352819696,0.32727145435707644,0.5284795855963933,0.6341755027156719
hrl,multi,0,weighted_cka,1,1143,3.0784423844916153,235.5,0.7077499628067017,0.7005221247673035,1,0.0,0.5130737307486025,5,0,off,0,0,0.0,0.0,0.0,0.8328280599515417,0.3579497302975505,0.577338372122438,0.5610308476733042,0.4164886012275236,0.3328067732192576,0.5130737307486025,0.6156884768983231
hrl,multi,0,weighted_cka,1,1144,3.191163721934519,210.65,0.7075119018554688,0.7030854225158691,1,0.0,0.5318606203224198,5,0,off,0,0,0.0,0.0,0.0,0.8095948236826805,0.5086190803535282,0.1497086474653333,0.6093752506393938,0.383779543804936,0.7300863759886473,0.5318606203224198,0.6382327443869038
hrl,multi,0,weighted_cka,1,1145,3.158942707633366,215.5,0.7066048979759216,0.7007079720497131,1,0.0,0.5264904512722276,5,0,off,0,0,0.0,0.0,0.0,0.8859814891852437,0.35340435016900296,0.6561596530587411,0.5341392927330452,0.3792020550314336,0.3500558674558997,0.5264904512722276,0.6317885415266732
hrl,multi,0,weighted_cka,1,1146,3.1519517367107492,219.45,0.7062190175056458,0.7023488879203796,1,0.0,0.5253252894517916,5,0,off,0,0,0.0,0.0,0.0,0.816957743574574,0.5146000800281763,0.39466151571553193,0.6066253001308067,0.4688935383044007,0.35021355895726003,0.5253252894517916,0.6303903473421499
hrl,multi,0,weighted_cka,1,1147,3.214412763744417,206.0,0.7046924829483032,0.7018755674362183,1,0.0,0.5357354606240695,5,0,off,0,0,0.0,0.0,0.0,1.072798773662187,0.5079813981987535,0.3788230710589559,0.4132461131897288,0.4844917489564394,0.3570716586783528,0.5357354606240695,0.6428825527488835
hrl,multi,0,weighted_cka,1,1148,3.1620221470368257,219.0,0.7055084109306335,0.7023488879203796,1,0.0,0.5270036911728043,5,0,off,0,0,0.0,0.0,0.0,0.8641791721655753,0.509948780350387,0.455406303370837,0.554593686275184,0.38535773499062626,0.39253646988421675,0.5270036911728043,0.6324044294073652
hrl,multi,0,weighted_cka,1,1149,3.1631092702463723,211.1,0.7035232186317444,0.7003523111343384,1,0.0,0.5271848783743954,5,0,off,0,0,0.0,0.0,0.0,0.9973729706921147,0.35932311584241683,0.632772249714937,0.4593185663030016,0.38722845024359404,0.3270939174503088,0.5271848783743954,0.6326218540492745
hrl,multi,0,weighted_cka,1,1150,3.1205706225509044,222.0,0.705592691898346,0.7028407454490662,1,0.0,0.5200951037584841,5,0,off,0,0,0.0,0.0,0.0,0.8404106842731124,0.48006258433312166,0.4267479034238494,0.6183825665175681,0.37949667216208754,0.375470211841166,0.5200951037584841,0.6241141245101809
hrl,multi,0,weighted_cka,1,1151,3.1671358569247077,214.2,0.7036171555519104,0.7000682353973389,1,0.0,0.527855976154118,5,0,off,0,0,0.0,0.0,0.0,0.8373636960117327,0.3615507542677223,0.6535075129573232,0.59792574996475,0.4130376492981812,0.30375049442499874,0.527855976154118,0.6334271713849415
hrl,multi,0,weighted_cka,1,1152,3.115361109456279,232.5,0.7032643556594849,0.7004686594009399,1,0.0,0.5192268515760465,5,0,off,0,0,0.0,0.0,0.0,0.9725903662536292,0.4327996325269341,0.4942201919099315,0.5822898922646417,0.3815444835762027,0.2519165429249405,0.5192268515760465,0.6230722218912559
hrl,multi,0,weighted_cka,1,1153,3.163523540600355,214.5,0.708366334438324,0.702686607837677,1,0.0,0.5272539234333925,5,0,off,0,0,0.0,0.0,0.0,0.35973507957594836,0.4153406249955296,1.108494222069159,0.5708614719426258,0.33239407059317444,0.376698071423918,0.5272539234333925,0.6327047081200711
hrl,multi,0,weighted_cka,1,1154,3.183629266800218,209.4,0.7083331346511841,0.700629472732544,1,0.0,0.5306048778000364,5,0,off,0,0,0.0,0.0,0.0,0.8695219417621846,0.3605777224116027,0.6478280705765355,0.5760164286876096,0.4159070702141615,0.31377803314812475,0.5306048778000364,0.6367258533600436
hrl,multi,0,weighted_cka,1,1155,3.1582684425476084,216.4,0.7026609778404236,0.7003099918365479,1,0.0,0.5263780737579348,5,0,off,0,0,0.0,0.0,0.0,0.86559348910721,0.5003482623547315,0.4805926683875731,0.5878690996760559,0.45904772242876046,0.26481720059327785,0.5263780737579348,0.6316536885095216
hrl,multi,0,weighted_cka,1,1156,3.157036562005342,212.1,0.7034851908683777,0.7015845775604248,1,0.0,0.5261727603342237,5,0,off,0,0,0.0,0.0,0.0,0.44477880106741197,0.159330752544105,1.2862234502313656,0.5369141353266312,0.36464476569672105,0.3651446571391076,0.5261727603342237,0.6314073124010684
hrl,multi,0,weighted_cka,1,1157,3.2377344848634664,195.0,0.7035830616950989,0.700467050075531,1,0.0,0.5396224141439111,5,0,off,0,0,0.0,0.0,0.0,0.860839634141419,0.3615507542677223,0.6156636658920905,0.611924059244804,0.4541301716174929,0.33362619969993823,0.5396224141439111,0.6475468969726933
hrl,multi,0,weighted_cka,1,1158,3.1583983665338007,215.0,0.7052005529403687,0.7025381922721863,1,0.0,0.5263997277556335,5,0,off,0,0,0.0,0.0,0.0,0.4107267262771492,0.42963819285482163,1.0613730121497063,0.4938086743766906,0.4021161589226684,0.36073560195276516,0.5263997277556335,0.6316796733067602
hrl,multi,0,weighted_cka,1,1159,3.115366938744685,224.0,0.705081582069397,0.7025875449180603,1,0.0,0.5192278231241142,5,0,off,0,0,0.0,0.0,0.0,0.8712478097397832,0.5017571069896221,0.5015651584775186,0.5624460208118106,0.3700891068871132,0.3082617358388379,0.5192278231241142,0.623073387748937
hrl,multi,0,weighted_cka,1,1160,3.1497684085418953,217.1,0.704515278339386,0.7023488879203796,1,0.0,0.5249614014236492,5,0,off,0,0,0.0,0.0,0.0,0.8938938191039486,0.3589988730940967,0.6252320433482527,0.5405538085587321,0.37819342129486894,0.35289644314199686,0.5249614014236492,0.6299536817083791
hrl,multi,0,weighted_cka,1,1161,3.162388085202691,215.0,0.7050268054008484,0.7016409635543823,1,0.0,0.5270646808671152,5,0,off,0,0,0.0,0.0,0.0,0.8391672019231772,0.3579497302975505,0.6866920184907502,0.5940146111352368,0.35481410573556776,0.32975041762040924,0.5270646808671152,0.6324776170405382
hrl,multi,0,weighted_cka,1,1162,3.125027638712722,221.0,0.7061225175857544,0.7020964622497559,1,0.0,0.5208379397854537,5,0,off,0,0,0.0,0.0,0.0,0.8999969950945231,0.35743010235950345,0.6138270557676441,0.5649803633694536,0.36285928182816124,0.3259338402934372,0.5208379397854537,0.6250055277425444
hrl,multi,0,weighted_cka,1,1163,3.108887292133825,229.0,0.7065656185150146,0.7030302882194519,1,0.0,0.5181478820223043,5,0,off,0,0,0.0,0.0,0.0,0.4816541829046326,0.4930580387413501,0.39874499764805654,0.5260581341116338,0.45901243955305093,0.7503594991751015,0.5181478820223043,0.6217774584267651
hrl,multi,0,weighted_cka,1,1164,3.095476797389958,229.1,0.7038048505783081,0.7023472189903259,1,0.0,0.5159127995649931,5,0,off,0,0,0.0,0.0,0.0,0.8913690156498922,0.5236661639995872,0.3648180373385547,0.5900112891058887,0.3440556972051272,0.3815565940909088,0.5159127995649931,0.6190953594779918
hrl,multi,0,weighted_cka,1,1165,3.1909005424096355,207.3,0.704628586769104,0.7002953886985779,1,0.0,0.5318167570682726,5,0,off,0,0,0.0,0.0,0.0,1.040015596935758,0.3574571882896125,0.28362808069027956,0.4511781802838667,0.4092651482849031,0.6493563479252159,0.5318167570682726,0.6381801084819271
hrl,multi,0,weighted_cka,1,1166,3.1603271890176914,224.1,0.7020968794822693,0.7003028988838196,1,0.0,0.5267211981696153,5,0,off,0,0,0.0,0.0,0.0,0.8937001835491972,0.49603919159248466,0.40551542392862017,0.5929589086384511,0.4341089923421385,0.33800448896680024,0.5267211981696153,0.6320654378035383
hrl,multi,0,weighted_cka,1,1167,3.183955254302752,208.0,0.7049395442008972,0.7002382874488831,1,0.0,0.5306592090504586,5,0,off,0,0,0.0,0.0,0.0,0.5065491147143765,0.5136041760966181,0.9590713962344452,0.4333653946875128,0.39158560809974724,0.37977956447005273,0.5306592090504586,0.6367910508605503
hrl,multi,0,weighted_cka,1,1168,3.203147993279358,221.0,0.7046939134597778,0.7004686594009399,1,0.0,0.5338579988798929,5,0,off,0,0,0.0,0.0,0.0,0.8163025092978203,0.5158644056469202,0.5184910212811081,0.6004260422475635,0.4488453796491957,0.3032186351567506,0.5338579988798929,0.6406295986558715
hrl,multi,0,weighted_cka,1,1169,2.9874358150175246,260.0,0.7053885459899902,0.7019582390785217,1,0.0,0.4979059691695875,5,0,off,0,0,0.0,0.0,0.0,0.6287305468734119,0.41051904005557294,0.44780766373360514,0.4138079344706057,0.37077784135572517,0.7157927885286044,0.4979059691695875,0.597487163003505
hrl,multi,0,weighted_cka,1,1170,3.205805877713689,213.0,0.7053729295730591,0.7023488879203796,1,0.0,0.5343009796189482,5,0,off,0,0,0.0,0.0,0.0,0.8347180334730072,0.5132901178263127,0.5222059175353496,0.5919047825708984,0.37001019896307835,0.3736768273450434,0.5343009796189482,0.6411611755427378
hrl,multi,0,weighted_cka,1,1171,3.0426859617113355,246.0,0.7049216032028198,0.7014733552932739,1,0.0,0.5071143269518893,5,0,off,0,0,0.0,0.0,0.0,0.8212279735078335,0.5087885599173605,0.4538791185999288,0.5037956527842905,0.39721016245521595,0.35778449444670696,0.5071143269518893,0.6085371923422671
hrl,multi,0,weighted_cka,1,1172,3.1512989432506644,218.0,0.7052205204963684,0.7023488879203796,1,0.0,0.5252164905417774,5,0,off,0,0,0.0,0.0,0.0,0.8329865341834882,0.340335809957236,0.6577106784716015,0.6097655804296954,0.40618979162746094,0.3043105485811829,0.5252164905417774,0.6302597886501329
hrl,multi,0,weighted_cka,1,1173,3.04841140973497,271.4,0.7064616084098816,0.7023488879203796,1,0.0,0.5080685682891617,5,0,off,0,0,0.0,0.0,0.0,0.944544891220983,0.6100399072878062,0.5177826590252806,0.2877231092235439,0.5597134407269767,0.12860740225038014,0.5080685682891617,0.609682281946994
hrl,multi,0,weighted_cka,1,1174,2.8418415270524897,294.6,0.7070811986923218,0.7015516757965088,1,0.0,0.47364025450874836,5,0,off,0,0,0.0,0.0,0.0,0.3470111275131346,0.24950398165360088,0.5537721784126478,1.0145316776799844,0.3566729006865061,0.3203496611066162,0.47364025450874836,0.568368305410498
hrl,multi,0,weighted_cka,1,1175,3.1247426200360775,222.0,0.7050539255142212,0.7029109597206116,1,0.0,0.5207904366726797,5,0,off,0,0,0.0,0.0,0.0,0.8550857351978919,0.848195176495239,0.4305721812597475,0.5511269838134757,0.4414451610141549,-0.0016826177444308997,0.5207904366726797,0.6249485240072156
hrl,multi,0,weighted_cka,1,1176,3.176954884034723,209.3,0.7041767239570618,0.702386736869812,1,0.0,0.5294924806724538,5,0,off,0,0,0.0,0.0,0.0,1.0350869540752607,0.2741241888701915,0.6562884748196228,0.5051381169150116,0.3599727238913328,0.3463444254633039,0.5294924806724538,0.6353909768069446
hrl,multi,0,weighted_cka,1,1177,3.20523305313108,224.1,0.704103946685791,0.7007200121879578,1,0.0,0.53420550885518,5,0,off,0,0,0.0,0.0,0.0,0.8055934330018061,0.5105897617153823,0.5102551466217263,0.6217313565394141,0.4250866210928651,0.33197673415988677,0.53420550885518,0.641046610626216
hrl,multi,0,weighted_cka,1,1178,3.1189761245156626,223.1,0.7059831619262695,0.7023488879203796,1,0.0,0.5198293540859438,5,0,off,0,0,0.0,0.0,0.0,0.8989009452979079,0.35342227207496757,0.5988438611663877,0.5873752800063229,0.40997936976747573,0.2704543962026015,0.5198293540859438,0.6237952249031326
hrl,multi,0,weighted_cka,1,1179,3.179853962832391,223.0,0.7066324949264526,0.7039148211479187,1,0.0,0.5299756604720652,5,0,off,0,0,0.0,0.0,0.0,0.8819223842313512,0.5135018488913774,0.4124267726256511,0.571332338214357,0.44196323795412884,0.35870738091552623,0.5299756604720652,0.6359707925664783
hrl,multi,0,weighted_cka,1,1180,3.132027018030298,221.1,0.7042480707168579,0.7014278173446655,1,0.0,0.5220045030050496,5,0,off,0,0,0.0,0.0,0.0,0.8422942324334143,0.38163655408844344,0.6912690793764776,0.5759907562909646,0.3400549081615172,0.30078148767948154,0.5220045030050496,0.6264054036060596
hrl,multi,0,weighted_cka,1,1181,3.1778657854291366,213.0,0.7040791511535645,0.7001087665557861,1,0.0,0.5296442975715228,5,0,off,0,0,0.0,0.0,0.0,0.859718814774067,0.245900397054851,0.6060146215236745,0.7132780184438451,0.3836818276036064,0.3692721060290932,0.5296442975715228,0.6355731570858273
hrl,multi,0,weighted_cka,1,1182,3.172957976165366,216.1,0.702546238899231,0.7001814246177673,1,0.0,0.5288263293608944,5,0,off,0,0,0.0,0.0,0.0,0.8265132306313606,0.5125869776643812,0.4989714562757871,0.6050206200852989,0.410697728791274,0.31916796271726483,0.5288263293608944,0.6345915952330732
hrl,multi,0,weighted_cka,1,1183,2.926093312824703,269.1,0.704831063747406,0.7018935680389404,1,0.0,0.4876822188041172,5,0,off,0,0,0.0,0.0,0.0,0.8943707196474714,0.5122931137271225,0.38865959424385793,0.32084495143251573,0.4272536047314205,0.3826713290423155,0.4876822188041172,0.5852186625649407
hrl,multi,0,weighted_cka,1,1184,3.2040246483409067,213.1,0.706307053565979,0.7003757357597351,1,0.0,0.5340041080568179,5,0,off,0,0,0.0,0.0,0.0,0.8544150270516983,0.5120369464680552,0.09484009395260351,0.5926804429590701,-0.03652656387293256,1.186578701782413,0.5340041080568179,0.6408049296681815
hrl,multi,0,weighted_cka,1,1185,3.1079480732298967,228.0,0.703711986541748,0.7000091075897217,1,0.0,0.5179913455383162,5,0,off,0,0,0.0,0.0,0.0,1.0290413861736303,0.3615507542677223,0.5788027870678342,0.36315280707887715,0.3882962057958356,0.38710413284599776,0.5179913455383162,0.6215896146459794
hrl,multi,0,weighted_cka,1,1186,3.1653641594285133,211.0,0.7057608962059021,0.7023488879203796,1,0.0,0.5275606932380855,5,0,off,0,0,0.0,0.0,0.0,0.9259976330283096,0.2751178600415587,0.6243948039696551,0.6046601273091509,0.3816298034787177,0.353563931601122,0.5275606932380855,0.6330728318857026
hrl,multi,0,weighted_cka,1,1187,3.180509691369387,220.2,0.7043119668960571,0.7023488879203796,1,0.0,0.5300849485615645,5,0,off,0,0,0.0,0.0,0.0,0.8192996966298668,0.5114935560673475,0.5163841222929767,0.5937100844288651,0.46302521438384414,0.27659701756648714,0.5300849485615645,0.6361019382738774
hrl,multi,0,weighted_cka,1,1188,3.168523727409258,214.1,0.7067159414291382,0.7012676000595093,1,0.0,0.5280872879015431,5,0,off,0,0,0.0,0.0,0.0,0.3766841110544046,0.8621902883574366,0.6407466411106287,0.5299629170188417,0.44354946637316595,0.3153903034947812,0.5280872879015431,0.6337047454818517
hrl,multi,0,weighted_cka,1,1189,3.167740541551261,211.0,0.7065459489822388,0.7054629921913147,1,0.0,0.5279567569252102,5,0,off,0,0,0.0,0.0,0.0,1.0928902568732153,0.26136354390159244,0.619391308012884,0.4487416018201037,0.379786251143203,0.36556757980026305,0.5279567569252102,0.6335481083102522
hrl,multi,0,weighted_cka,1,1190,2.8349063453222567,298.2,0.7050085663795471,0.7008944749832153,1,0.0,0.4724843908870428,5,0,off,0,0,0.0,0.0,0.0,0.8426476498173395,0.463032764904201,0.42459952204767604,0.3007163123407041,0.44208908192184737,0.36182101429048924,0.4724843908870428,0.5669812690644513
hrl,multi,0,weighted_cka,1,1191,3.255833105707118,206.5,0.7073475122451782,0.7023488879203796,1,0.0,0.5426388509511864,5,0,off,0,0,0.0,0.0,0.0,1.0150211821654809,0.5377272691242396,0.48600487878825505,0.4511400915705598,0.4780609319797221,0.28787875207886093,0.5426388509511864,0.6511666211414237
hrl,multi,0,weighted_cka,1,1192,3.137621470803036,221.4,0.7068775296211243,0.7004686594009399,1,0.0,0.5229369118005059,5,0,off,0,0,0.0,0.0,0.0,0.9211166480006648,0.4342240238152444,0.4771681112991645,0.5525451074054143,0.4004514179958495,0.3521161622866988,0.5229369118005059,0.6275242941606072
hrl,multi,0,weighted_cka,1,1193,3.140425753159046,221.4,0.7075040340423584,0.7002015113830566,1,0.0,0.5234042921931743,5,0,off,0,0,0.0,0.0,0.0,0.8939856769386677,0.5099334875680506,0.42229184923740093,0.5061818009680136,0.42388117762884925,0.3841517608180642,0.5234042921931743,0.6280851506318091
hrl,multi,0,weighted_cka,1,1194,3.115342378961381,226.1,0.7060309648513794,0.7033945322036743,1,0.0,0.5192237298268969,5,0,off,0,0,0.0,0.0,0.0,0.8804450725524219,0.4987140619754791,0.45918175142491224,0.5332057880405335,0.0033831082036193394,0.7404125967644155,0.5192237298268969,0.6230684757922763
hrl,multi,0,weighted_cka,1,1195,3.0958490049920666,231.0,0.7039703130722046,0.7023488879203796,1,0.0,0.5159748341653444,5,0,off,0,0,0.0,0.0,0.0,0.8208964288882729,0.35608687024563546,0.6294503602180629,0.524675478319972,0.4216126534769572,0.3431272138431668,0.5159748341653444,0.6191698009984133
hrl,multi,0,weighted_cka,1,1196,3.1589902564113133,218.0,0.7046183347702026,0.7009559273719788,1,0.0,0.5264983760685523,5,0,off,0,0,0.0,0.0,0.0,0.3004260841897921,0.433090415649116,1.1155114396456627,0.6068519508671014,0.3863673663085209,0.31674299975112075,0.5264983760685523,0.6317980512822627
hrl,multi,0,weighted_cka,1,1197,3.1351004038555885,220.15,0.7032687067985535,0.7003757357597351,1,0.0,0.5225167339759315,5,0,off,0,0,0.0,0.0,0.0,0.8220019996464251,0.5132901178263127,0.07897475511813523,0.5946118314084013,0.36191689716326064,0.7643048026930541,0.5225167339759315,0.6270200807711177
hrl,multi,0,weighted_cka,1,1198,3.1706064549196005,214.0,0.7044114470481873,0.7000454068183899,1,0.0,0.5284344091532668,5,0,off,0,0,0.0,0.0,0.0,0.8673894238952778,0.37415790284052486,0.6468781217331997,0.5719202485880813,0.3852177341616915,0.32504302370082583,0.5284344091532668,0.6341212909839201
hrl,multi,0,weighted_cka,1,1199,3.13930729648632,230.3,0.7032415270805359,0.7008812427520752,1,0.0,0.52321788274772,5,0,off,0,0,0.0,0.0,0.0,0.8048151016375048,0.34471392600983375,0.6706590185854583,0.6057536472771315,0.39444193896235075,0.3189236640140414,0.52321788274772,0.627861459297264
hrl,multi,0,weighted_cka,1,1200,3.1896620280451655,205.4,0.707930326461792,0.7038233280181885,1,0.0,0.5316103380075275,5,0,off,0,0,0.0,0.0,0.0,0.9765200325783515,0.4333851388357579,0.4822869949489831,0.5656680921493097,0.36700867450301294,0.3647930950297508,0.5316103380075275,0.6379324056090331
hrl,multi,0,weighted_cka,1,1201,2.4344486280005704,300.4,0.7064488530158997,0.697015643119812,0,0.0,0.40574143800009516,5,0,off,0,0,0.0,0.0,0.0,0.42591501973304524,0.5132901178263127,0.5379758433478418,0.250698276662151,0.3939745988606009,0.3125947715706192,0.40574143800009516,0.4868897256001142
hrl,multi,0,weighted_cka,1,1202,3.1082723417678575,229.35,0.7054600119590759,0.7004303336143494,1,0.0,0.5180453902946429,5,0,off,0,0,0.0,0.0,0.0,0.8914877600672187,0.522358955681324,0.45732338123302896,0.5344903845587249,0.3629665921306004,0.33964526809696105,0.5180453902946429,0.6216544683535715
hrl,multi,0,weighted_cka,1,1203,3.1102947339604436,230.1,0.7053589224815369,0.7009634971618652,1,0.0,0.5183824556600739,5,0,off,0,0,0.0,0.0,0.0,0.7997623530660128,0.5105804320015013,0.570416041554883,0.6042212615434545,0.38219960532104585,0.24311504047354676,0.5183824556600739,0.6220589467920887
hrl,multi,0,weighted_cka,1,1204,3.1681413048828824,210.0,0.7060233354568481,0.7023488879203796,1,0.0,0.5280235508138137,5,0,off,0,0,0.0,0.0,0.0,0.8332709090816787,0.35752232685312624,0.6070691279815509,0.6182903666570781,0.37231729323248136,0.3796712810769677,0.5280235508138137,0.6336282609765764
hrl,multi,0,weighted_cka,1,1205,3.1845500107085947,212.15,0.7057088613510132,0.7010236382484436,1,0.0,0.5307583351180991,5,0,off,0,0,0.0,0.0,0.0,0.8478899632347746,0.5067298629842698,0.4756452970295212,0.6079903835598378,0.4116657976353234,0.3346287062648684,0.5307583351180991,0.6369100021417189
hrl,multi,0,weighted_cka,1,1206,3.1698332716324864,210.0,0.705335259437561,0.7001802325248718,1,0.0,0.5283055452720812,5,0,off,0,0,0.0,0.0,0.0,0.830085229815071,0.5067298629842698,0.12621740727312858,0.5842060954402767,0.468541607899824,0.6540530682199168,0.5283055452720812,0.6339666543264973
hrl,multi,0,weighted_cka,1,1207,3.1304578427837533,223.45000000000002,0.7059974670410156,0.7023488879203796,1,0.0,0.5217429737972922,5,0,off,0,0,0.0,0.0,0.0,0.8871716544879599,0.3577281484007835,0.3178334792312234,0.534303611286621,0.359362510427134,0.6740584389500319,0.5217429737972922,0.6260915685567506
hrl,multi,0,weighted_cka,1,1208,3.143307819669256,221.4,0.7034550905227661,0.7006775140762329,1,0.0,0.5238846366115427,5,0,off,0,0,0.0,0.0,0.0,0.8185863463049753,0.48093365464359517,0.4736750380466691,0.5872255915896966,0.365636906709551,0.4172502823747694,0.5238846366115427,0.6286615639338512
hrl,multi,0,weighted_cka,1,1209,3.1291773859231604,219.0,0.704438328742981,0.7011779546737671,1,0.0,0.5215295643205268,5,0,off,0,0,0.0,0.0,0.0,0.8506071997396064,0.3616919506862759,0.20299977652216317,0.57002480797749,0.3861584321029949,0.7576952188946307,0.5215295643205268,0.6258354771846321
hrl,multi,0,weighted_cka,1,1210,3.1106698992382795,228.0,0.7034924030303955,0.7023371458053589,1,0.0,0.5184449832063801,5,0,off,0,0,0.0,0.0,0.0,0.8293662106497212,0.877534612440504,0.5051002996377646,0.5808373405756427,0.3357627354944197,-0.017931299559772015,0.5184449832063801,0.6221339798476561
hrl,multi,0,weighted_cka,1,1211,3.1361572772979622,217.0,0.7049042582511902,0.7004686594009399,1,0.0,0.5226928795496604,5,0,off,0,0,0.0,0.0,0.0,0.7983158657003294,0.5046776145286858,0.5034223503530956,0.5914914607480749,0.37185803197791384,0.3663919539898634,0.5226928795496604,0.6272314554595925
hrl,multi,0,weighted_cka,1,1212,3.1347175608508993,241.0,0.7027527093887329,0.7000851631164551,1,0.0,0.5224529268084832,5,0,off,0,0,0.0,0.0,0.0,0.8750645498784141,0.482281500339508,0.46856715080048883,0.485935707510858,0.3962491070686373,0.4266195452529936,0.5224529268084832,0.6269435121701799
hrl,multi,0,weighted_cka,1,1213,3.1730833773306064,214.0,0.704113781452179,0.7015554308891296,1,0.0,0.5288472295551011,5,0,off,0,0,0.0,0.0,0.0,0.8161840499699463,0.5381893553398549,0.5166606094907037,0.595445281373686,0.3852070989857747,0.3213969821706414,0.5288472295551011,0.6346166754661213
hrl,multi,0,weighted_cka,1,1214,3.1528135177494248,213.0,0.7049363851547241,0.7007721662521362,1,0.0,0.5254689196249042,5,0,off,0,0,0.0,0.0,0.0,0.9434361771180991,0.26787934182770545,0.6566081497799604,0.6022136591754387,0.37491324981767676,0.30776294003054494,0.5254689196249042,0.630562703549885
hrl,multi,0,weighted_cka,1,1215,3.1535550385190803,217.1,0.70290207862854,0.7007808685302734,1,0.0,0.5255925064198467,5,0,off,0,0,0.0,0.0,0.0,0.8588573889643883,0.3615424636341631,0.6346082861786707,0.6136954851499757,0.3446309793055697,0.3402204352863133,0.5255925064198467,0.630711007703816
hrl,multi,0,weighted_cka,1,1216,3.14200015736909,219.35,0.7034580707550049,0.7007812857627869,1,0.0,0.5236666928948484,5,0,off,0,0,0.0,0.0,0.0,0.9785127532439072,0.4330826223418116,0.5332890803979243,0.5221453455153094,0.38245308236547854,0.2925172735046595,0.5236666928948484,0.6284000314738181
hrl,multi,0,weighted_cka,1,1217,3.1809369237652736,210.2,0.7049845457077026,0.7002288699150085,1,0.0,0.5301561539608789,5,0,off,0,0,0.0,0.0,0.0,0.8886784913400186,0.4895539147369563,0.4054243853529914,0.6422980938906547,0.34863989254645994,0.4063421458981931,0.5301561539608789,0.6361873847530547
hrl,multi,0,weighted_cka,1,1218,3.2037199277168535,208.0,0.7052611112594604,0.7009343504905701,1,0.0,0.5339533212861423,5,0,off,0,0,0.0,0.0,0.0,0.8683931419563012,0.3529277977198362,0.6563435619678347,0.571805287670344,0.3655047333814145,0.3887454050211236,0.5339533212861423,0.6407439855433708
hrl,multi,0,weighted_cka,1,1219,3.1977769976694823,219.0,0.7049968838691711,0.7004686594009399,1,0.0,0.5329628329449138,5,0,off,0,0,0.0,0.0,0.0,0.8267025955652351,0.5117155163139104,0.4236059383470564,0.5939275457030161,0.4322739344510481,0.40955146728921676,0.5329628329449138,0.6395553995338965
hrl,multi,0,weighted_cka,1,1220,3.190421479599433,203.0,0.7058393359184265,0.7004686594009399,1,0.0,0.5317369132665721,5,0,off,0,0,0.0,0.0,0.0,0.836997541315737,0.5150493151135742,0.4799073170889169,0.6280977767128496,0.3972393635902553,0.33313016577810045,0.5317369132665721,0.6380842959198866
hrl,multi,0,weighted_cka,1,1221,3.133089408650178,224.0,0.703676164150238,0.701971709728241,1,0.0,0.522181568108363,5,0,off,0,0,0.0,0.0,0.0,0.8365138455172999,0.3552099632620811,0.6523828070854069,0.5591326225157826,0.3806575683690607,0.3491926019005477,0.522181568108363,0.6266178817300356
hrl,multi,0,weighted_cka,1,1222,3.005060887579768,261.1,0.7041476368904114,0.7001215815544128,1,0.0,0.5008434812632947,5,0,off,0,0,0.0,0.0,0.0,0.871870401921449,0.510777788568288,0.44612720069522027,0.4088081296946019,0.4576450958868953,0.3098322708133142,0.5008434812632947,0.6010121775159536
hrl,multi,0,weighted_cka,1,1223,3.1777693719866122,210.4,0.7058389782905579,0.7023488879203796,1,0.0,0.5296282286644354,5,0,off,0,0,0.0,0.0,0.0,0.8245977850218768,0.3615507542677223,0.6444173125997185,0.6092314027383835,0.42184337667888017,0.31612874068003144,0.5296282286644354,0.6355538743973225
hrl,multi,0,weighted_cka,1,1224,3.1720815405809892,213.4,0.7076174020767212,0.7001756429672241,1,0.0,0.5286802567634982,5,0,off,0,0,0.0,0.0,0.0,0.8307649013494373,0.36132920194044704,0.6627804668876341,0.5830332763811455,0.3759004584851208,0.35827323553720486,0.5286802567634982,0.6344163081161979
hrl,multi,0,weighted_cka,1,1225,3.0789985714447674,233.5,0.7070948481559753,0.7023488879203796,1,0.0,0.5131664285741279,5,0,off,0,0,0.0,0.0,0.0,0.854321094468003,0.35825458074733607,0.617509442467708,0.5374160934472455,0.3506498114031273,0.36084754891134796,0.5131664285741279,0.6157997142889535
hrl,multi,0,weighted_cka,1,1226,3.182210443319612,206.4,0.7061207890510559,0.7004686594009399,1,0.0,0.5303684072199354,5,0,off,0,0,0.0,0.0,0.0,0.9226654345747082,0.2751178600415587,0.6892200699993408,0.6092615483030676,0.367403147754725,0.3185423826462123,0.5303684072199354,0.6364420886639224
hrl,multi,0,weighted_cka,1,1227,3.1998408607029463,201.4,0.7076760530471802,0.7035070657730103,1,0.0,0.5333068101171577,5,0,off,0,0,0.0,0.0,0.0,0.8832143211851943,0.36021027979999776,0.625966226063203,0.5677678323518484,0.42206401386531056,0.34061818743739275,0.5333068101171577,0.6399681721405892
hrl,multi,0,weighted_cka,1,1228,2.404441873346321,300.1,0.694193959236145,0.6567416191101074,0,0.0,0.40074031222438683,5,0,off,0,0,0.0,0.0,0.0,0.17169350818998597,0.5132901178263127,0.43372048320900636,0.5912105385857466,0.37209300484275437,0.3224342206925153,0.40074031222438683,0.48088837466926415
hrl,multi,0,weighted_cka,1,1229,3.1813195963574445,218.15,0.7045387625694275,0.7021026015281677,1,0.0,0.5302199327262408,5,0,off,0,0,0.0,0.0,0.0,0.8406773581944288,0.5763918991871178,0.607710152637679,0.6020421977280638,0.37481794647919003,0.17968004213096575,0.5302199327262408,0.636263919271489
hrl,multi,0,weighted_cka,1,1230,3.21376833491912,203.0,0.707419753074646,0.7039719820022583,1,0.0,0.5356280558198533,5,0,off,0,0,0.0,0.0,0.0,0.6021178708998485,0.28773715519905085,0.4518184067197143,0.6360492504071443,0.5457708991295657,0.6902747525637969,0.5356280558198533,0.642753666983824
hrl,multi,0,weighted_cka,1,1231,3.1971085179795034,210.0,0.7051193118095398,0.7004945874214172,1,0.0,0.5328514196632506,5,0,off,0,0,0.0,0.0,0.0,0.8153198790958266,0.5134247246719896,0.49402547332970415,0.6067873622342012,0.3826726082120439,0.3848784704357386,0.5328514196632506,0.6394217035959007
hrl,multi,0,weighted_cka,1,1232,3.202292209686099,208.0,0.7040156126022339,0.7004323601722717,1,0.0,0.5337153682810166,5,0,off,0,0,0.0,0.0,0.0,0.8139625433594918,0.35903886133432383,0.3342378622815012,0.6123551396704278,0.379843293148413,0.7028545098919421,0.5337153682810166,0.6404584419372199
hrl,multi,0,weighted_cka,1,1233,3.166994447049218,215.0,0.7027451395988464,0.7001196146011353,1,0.0,0.5278324078415363,5,0,off,0,0,0.0,0.0,0.0,0.8308245230316823,0.36019677795097227,0.3134178783334791,0.5786324072805581,0.4040709763463527,0.679851884106174,0.5278324078415363,0.6333988894098436
hrl,multi,0,weighted_cka,1,1234,3.1732559007652936,222.15,0.7051201462745667,0.703761875629425,1,0.0,0.5288759834608823,5,0,off,0,0,0.0,0.0,0.0,0.8276601112112983,0.511922499962151,0.5156872909683733,0.5895218235251521,0.3750985965562285,0.35336557854209094,0.5288759834608823,0.6346511801530588
hrl,multi,0,weighted_cka,1,1235,3.162400640734607,215.15,0.7072474360466003,0.7023488879203796,1,0.0,0.5270667734557678,5,0,off,0,0,0.0,0.0,0.0,1.0408394733010788,0.4399847680293023,0.45004177866736417,0.471853760533966,0.4331468032584961,0.3265340569444001,0.5270667734557678,0.6324801281469214
hrl,multi,0,weighted_cka,1,1236,3.1532377566523198,216.0,0.7046214938163757,0.7017686367034912,1,0.0,0.52553962610872,5,0,off,0,0,0.0,0.0,0.0,0.933316998061753,0.3080237082727253,0.6911437038616276,0.4732612196486442,0.39414985271170727,0.35334227409586305,0.52553962610872,0.6306475513304639
hrl,multi,0,weighted_cka,1,1237,3.1512900597192335,219.0,0.7030001878738403,0.7004739046096802,1,0.0,0.5252150099532056,5,0,off,0,0,0.0,0.0,0.0,0.8609852192220276,0.47417164972051973,0.42647224020725105,0.6262088879719375,0.4004290422741323,0.3630230203233659,0.5252150099532056,0.6302580119438467
hrl,multi,0,weighted_cka,1,1238,3.1452411505773186,218.0,0.7053057551383972,0.7007933259010315,1,0.0,0.5242068584295531,5,0,off,0,0,0.0,0.0,0.0,0.8105551060358992,0.5060645815506577,0.478543988410849,0.6073321448303758,0.38485457519511684,0.3578907545544207,0.5242068584295531,0.6290482301154637
hrl,multi,0,weighted_cka,1,1239,3.174240968728758,211.3,0.7035824060440063,0.7007536292076111,1,0.0,0.5290401614547929,5,0,off,0,0,0.0,0.0,0.0,0.4203067597146326,0.3603648039102554,0.6601407653284258,0.6057863736613652,0.3662838488385313,0.761358417275548,0.5290401614547929,0.6348481937457515
hrl,multi,0,weighted_cka,1,1240,3.0745169380224153,237.4,0.7073783874511719,0.7027952075004578,1,0.0,0.5124194896704025,5,0,off,0,0,0.0,0.0,0.0,0.764596475557875,0.3577582024559378,0.6517636791504918,0.5885826918259262,0.38183023382630193,0.329985655205883,0.5124194896704025,0.614903387604483
hrl,multi,0,weighted_cka,1,1241,3.0858483887062804,242.4,0.7074004411697388,0.7010735869407654,1,0.0,0.5143080647843801,5,0,off,0,0,0.0,0.0,0.0,0.8171506912962939,0.3617101296372711,0.5731125330426728,0.5886315382381434,0.38496705329581155,0.3602764431960881,0.5143080647843801,0.6171696777412561
hrl,multi,0,weighted_cka,1,1242,3.0133994317163753,253.4,0.7070413827896118,0.7017161846160889,1,0.0,0.5022332386193958,5,0,off,0,0,0.0,0.0,0.0,1.0301585043300872,0.21930940622091288,0.4529799886145628,0.4743839037335308,0.523658296935282,0.31290933188199993,0.5022332386193958,0.6026798863432751
hrl,multi,0,weighted_cka,1,1243,3.1918944947799717,203.55,0.7078303098678589,0.7017161846160889,1,0.0,0.531982415796662,5,0,off,0,0,0.0,0.0,0.0,0.8047914548492116,0.5097856012023985,0.16477880664356048,0.6122564744409172,0.3617366362325846,0.7385455214112997,0.531982415796662,0.6383788989559943
hrl,multi,0,weighted_cka,1,1244,2.976214302998093,263.0,0.7065580487251282,0.7044282555580139,1,0.0,0.4960357171663488,5,0,off,0,0,0.0,0.0,0.0,0.8931108185979536,0.36019677795097227,0.5895895084254442,0.4346658262583075,0.36837445892207316,0.3302769128433428,0.4960357171663488,0.5952428605996186
hrl,multi,0,weighted_cka,1,1245,3.1193839613360748,231.0,0.7033969163894653,0.7016960382461548,1,0.0,0.5198973268893458,5,0,off,0,0,0.0,0.0,0.0,0.41612230198178424,0.3557954440452158,1.0615072124730793,0.561690316940192,0.3576987598192353,0.3665699260765686,0.5198973268893458,0.6238767922672149
hrl,multi,0,weighted_cka,1,1246,3.112675362104156,227.0,0.7058088183403015,0.7023488879203796,1,0.0,0.5187792270173593,5,0,off,0,0,0.0,0.0,0.0,0.8224791165473869,0.5120703492835164,0.4379098512288909,0.5488748110742306,0.41467273179581376,0.37666850217431785,0.5187792270173593,0.6225350724208312
hrl,multi,0,weighted_cka,1,1247,3.0365965223603113,249.25,0.7048882842063904,0.7036519646644592,1,0.0,0.5060994203933852,5,0,off,0,0,0.0,0.0,0.0,0.8104057951492721,0.5117155163139104,0.5529445761367678,0.46369914798831424,0.3886328229003119,0.3091986638717352,0.5060994203933852,0.6073193044720623
hrl,multi,0,weighted_cka,1,1248,3.030647028798405,245.35,0.702546238899231,0.7000740766525269,1,0.0,0.5051078381330675,5,0,off,0,0,0.0,0.0,0.0,0.8441770706806563,0.5086370504982769,0.40119244713708746,0.5115010099011995,0.38751001242827615,0.3776294381529093,0.5051078381330675,0.606129405759681
hrl,multi,0,weighted_cka,1,1249,3.1297969438111166,234.5,0.7073687314987183,0.7005662322044373,1,0.0,0.5216328239685195,5,0,off,0,0,0.0,0.0,0.0,0.31374288870545564,0.40462210379913444,1.0902521600830366,0.6078208149075507,0.37654872173280446,0.33681025458313524,0.5216328239685195,0.6259593887622235
hrl,multi,0,weighted_cka,1,1250,3.197269337705906,216.2,0.703690230846405,0.7004686594009399,1,0.0,0.5328782229509843,5,0,off,0,0,0.0,0.0,0.0,0.8876748139726113,0.5058336494080722,0.5026549928220919,0.6028134705238043,0.38608554565673686,0.3122068653225898,0.5328782229509843,0.6394538675411812
hrl,multi,0,weighted_cka,1,1251,3.1037192023925004,248.0,0.7059276103973389,0.7011366486549377,1,0.0,0.5172865337320834,5,0,off,0,0,0.0,0.0,0.0,0.848548877970199,0.5132901178263127,0.44364357375120733,0.5168924588067455,0.45261340691859353,0.32873076711944293,0.5172865337320834,0.6207438404785001
hrl,multi,0,weighted_cka,1,1252,3.1158992493362008,234.0,0.7051235437393188,0.7002996206283569,1,0.0,0.5193165415560335,5,0,off,0,0,0.0,0.0,0.0,0.8578964790282769,0.36083525219559665,0.6332963324082083,0.5449491849195472,0.3926450836645962,0.3262769171199761,0.5193165415560335,0.6231798498672402
hrl,multi,0,weighted_cka,1,1253,3.151195211945828,226.0,0.704721212387085,0.7019258737564087,1,0.0,0.5251992019909714,5,0,off,0,0,0.0,0.0,0.0,1.027877029023133,0.41383100543729956,0.4156619808916001,0.5998565225519995,0.41057525224098923,0.28339342180080707,0.5251992019909714,0.6302390423891656
hrl,multi,0,weighted_cka,1,1254,3.0642894878386624,240.15,0.7028716802597046,0.7000600695610046,1,0.0,0.510714914639777,5,0,off,0,0,0.0,0.0,0.0,0.941075935427565,0.361223407421261,0.5114862340170073,0.4731496813567354,0.4323021357846445,0.3450520938314497,0.510714914639777,0.6128578975677325
hrl,multi,0,weighted_cka,1,1255,3.22165915896166,196.2,0.7023656368255615,0.70095294713974,1,0.0,0.5369431931602767,5,0,off,0,0,0.0,0.0,0.0,0.888664969277568,0.5067590580843389,0.16473573930375274,0.6348945763921364,0.38100541754066936,0.6455993983631954,0.5369431931602767,0.6443318317923321
hrl,multi,0,weighted_cka,1,1256,3.252590020922949,198.4,0.707202136516571,0.7004317045211792,1,0.0,0.5420983368204915,5,0,off,0,0,0.0,0.0,0.0,0.8414515233328564,0.3607954316362738,0.4073434949945658,0.661736188262701,0.3825416346396377,0.5987217480569145,0.5420983368204915,0.6505180041845897
hrl,multi,0,weighted_cka,1,1257,3.1555595066194746,217.2,0.7044851183891296,0.7029440999031067,1,0.0,0.5259265844365791,5,0,off,0,0,0.0,0.0,0.0,0.8310021781723479,0.511787058185786,0.48000262813689176,0.581037618045695,0.4607882207269648,0.2909418033517897,0.5259265844365791,0.6311119013238949
hrl,multi,0,weighted_cka,1,1258,3.084308138459458,235.1,0.7052083015441895,0.7023488879203796,1,0.0,0.5140513564099097,5,0,off,0,0,0.0,0.0,0.0,0.8668272333360508,0.35865280158445234,0.6494185672705061,0.5190119422927771,0.3536661530521232,0.33673144092354923,0.5140513564099097,0.6168616276918917
hrl,multi,0,weighted_cka,1,1259,3.1624897014130826,216.0,0.7035727500915527,0.7005700469017029,1,0.0,0.5270816169021805,5,0,off,0,0,0.0,0.0,0.0,0.8116997848019235,0.3606853874921798,0.625877195344772,0.6546061956100165,0.3430118543956195,0.3666092837685718,0.5270816169021805,0.6324979402826165
hrl,multi,0,weighted_cka,1,1260,3.182293522936611,211.0,0.705157458782196,0.7023488879203796,1,0.0,0.5303822538227685,5,0,off,0,0,0.0,0.0,0.0,0.8298602612801768,0.3615848793238401,0.6725310915713197,0.6074426299573387,0.42681413715728544,0.2840605236466508,0.5303822538227685,0.6364587045873222
hrl,multi,0,weighted_cka,1,1261,3.231907722997496,199.0,0.7033094167709351,0.7004169225692749,1,0.0,0.5386512871662493,5,0,off,0,0,0.0,0.0,0.0,0.8115512765206111,0.5132901178263127,0.13371405280008908,0.6596125520262867,0.38043138229404566,0.7333083415301516,0.5386512871662493,0.6463815445994993
hrl,multi,0,weighted_cka,1,1262,3.093305477454195,230.0,0.7039157152175903,0.7017044425010681,1,0.0,0.5155509129090324,5,0,off,0,0,0.0,0.0,0.0,0.8668562664296476,0.31678259350731963,0.6421651705964467,0.5291564037273636,0.3846084274760068,0.35373661571741105,0.5155509129090324,0.6186610954908389
hrl,multi,0,weighted_cka,1,1263,3.1818314034151105,214.0,0.705162525177002,0.7018688321113586,1,0.0,0.5303052339025184,5,0,off,0,0,0.0,0.0,0.0,0.8546143712645861,0.36057440643757577,0.664987627176335,0.5598232156695447,0.3988772489734546,0.342954533893615,0.5303052339025184,0.6363662806830221
hrl,multi,0,weighted_cka,1,1264,3.1727229252810054,212.0,0.7066693305969238,0.7012676000595093,1,0.0,0.5287871542135009,5,0,off,0,0,0.0,0.0,0.0,0.8444674492983612,0.36033684793487186,0.660615068792831,0.5805845515541731,0.3886069196863972,0.3381120880143717,0.5287871542135009,0.634544585056201
hrl,multi,0,weighted_cka,1,1265,3.1537993117793306,217.1,0.7046788930892944,0.7023488879203796,1,0.0,0.5256332186298884,5,0,off,0,0,0.0,0.0,0.0,0.923941395998452,0.27722135778143997,0.6392951904777436,0.6035297692995517,0.3413186078304424,0.36849299039170147,0.5256332186298884,0.6307598623558661
hrl,multi,0,weighted_cka,1,1266,3.154927552866236,215.3,0.7039752006530762,0.7018890380859375,1,0.0,0.5258212588110394,5,0,off,0,0,0.0,0.0,0.0,0.9387961099884704,0.3548166045043617,0.5275467884708195,0.5752607351173645,0.38313826677168245,0.3753690480135381,0.5258212588110394,0.6309855105732473
hrl,multi,0,weighted_cka,1,1267,2.948638053889674,269.3,0.7035110592842102,0.7027179002761841,1,0.0,0.491439675648279,5,0,off,0,0,0.0,0.0,0.0,0.7882106388243845,0.350992451287806,0.7175806367881595,0.38287223712432067,0.3815182942522514,0.3274637956127524,0.491439675648279,0.5897276107779348
hrl,multi,0,weighted_cka,1,1268,2.944627806315121,278.55,0.7019928097724915,0.7004686594009399,1,0.0,0.49077130105252015,5,0,off,0,0,0.0,0.0,0.0,0.8187145080387125,0.35618401817604894,0.6135199451395309,0.43405475848293185,0.38371957732189904,0.3384349991559982,0.49077130105252015,0.5889255612630242
hrl,multi,0,weighted_cka,1,1269,3.182022729982458,206.3,0.7040972113609314,0.7021939158439636,1,0.0,0.530337121663743,5,0,off,0,0,0.0,0.0,0.0,0.8253730336053994,0.3580928499400615,0.6525059351911767,0.6077274429081007,0.36668458518362596,0.3716388831540942,0.530337121663743,0.6364045459964915
hrl,multi,0,weighted_cka,1,1270,3.1833954208043393,206.3,0.7026896476745605,0.7004849314689636,1,0.0,0.5305659034673899,5,0,off,0,0,0.0,0.0,0.0,0.8618873547737019,0.3426515020951628,0.6754297984633594,0.5727517861770465,0.3907480370702687,0.3399269422248006,0.5305659034673899,0.6366790841608678
hrl,multi,0,weighted_cka,1,1271,3.18988992295041,206.1,0.7042757272720337,0.7023488879203796,1,0.0,0.5316483204917349,5,0,off,0,0,0.0,0.0,0.0,0.8682429212257264,0.3506719501279294,0.6216799394674598,0.5896390428934245,0.4043080210346669,0.35534804820120336,0.5316483204917349,0.6379779845900819
hrl,multi,0,weighted_cka,1,1272,3.0134376789196717,256.0,0.7032532691955566,0.7000911831855774,1,0.0,0.5022396131532786,5,0,off,0,0,0.0,0.0,0.0,0.9698519049324094,0.2530948971956968,0.6136006665979511,0.4562663417321807,0.3780099567861452,0.34261391167528926,0.5022396131532786,0.6026875357839343
hrl,multi,0,weighted_cka,1,1273,2.9728396434816213,265.0,0.7052974104881287,0.7012612223625183,1,0.0,0.4954732739136036,5,0,off,0,0,0.0,0.0,0.0,0.816217155862956,0.35725498744845385,0.6002796634999102,0.4361533263358198,0.41523671303977594,0.34769779729470607,0.4954732739136036,0.5945679286963242
hrl,multi,0,weighted_cka,1,1274,3.1226748142886196,225.0,0.705126166343689,0.7008695006370544,1,0.0,0.5204458023814366,5,0,off,0,0,0.0,0.0,0.0,0.9388124216878785,0.42335985215008254,0.5198466930753783,0.6216330326800233,0.36256045418651767,0.25646236050873983,0.5204458023814366,0.6245349628577239
hrl,multi,0,weighted_cka,1,1275,3.2081223876158966,205.45,0.7042795419692993,0.7023488879203796,1,0.0,0.5346870646026495,5,0,off,0,0,0.0,0.0,0.0,0.8248151354867185,0.3649240325726568,0.6920025966460815,0.6155605549975297,0.3807435382975381,0.33007652961537237,0.5346870646026495,0.6416244775231793
hrl,multi,0,weighted_cka,1,1276,3.202951987430646,206.3,0.707577109336853,0.7009478807449341,1,0.0,0.533825331238441,5,0,off,0,0,0.0,0.0,0.0,0.8560540710783388,0.7993980354256928,0.6972577340998686,0.6046851828420766,0.37142179964631933,-0.12586483566164972,0.533825331238441,0.6405903974861292
hrl,multi,0,weighted_cka,1,1277,3.2268731040527627,200.5,0.7084916234016418,0.7020130157470703,1,0.0,0.5378121840087938,5,0,off,0,0,0.0,0.0,0.0,0.8606522127076458,0.3605946901775896,0.6695518971686251,0.6544477196168154,0.38764364540559465,0.29398293897649264,0.5378121840087938,0.6453746208105525
hrl,multi,0,weighted_cka,1,1278,3.1723478213950487,210.4,0.7042515873908997,0.7004686594009399,1,0.0,0.5287246368991748,5,0,off,0,0,0.0,0.0,0.0,0.8097064589709478,0.5731882714293897,0.5184969954639672,0.5944272837219758,0.36622469861852,0.3103041131902486,0.5287246368991748,0.6344695642790097
hrl,multi,0,weighted_cka,1,1279,3.1994346309897304,216.1,0.7029234766960144,0.7003757357597351,1,0.0,0.5332391051649551,5,0,off,0,0,0.0,0.0,0.0,0.8138323757408942,0.48305657539144153,0.5230549821034073,0.6103648101380094,0.4261896513178943,0.34293623629808423,0.5332391051649551,0.6398869261979461
hrl,multi,0,weighted_cka,1,1280,3.1056712596827873,229.2,0.7047812938690186,0.7001757621765137,1,0.0,0.5176118766137979,5,0,off,0,0,0.0,0.0,0.0,0.32738696924503885,0.31532667936384673,1.174244561497471,0.5697273818324319,0.3902954270723275,0.3286902406716719,0.5176118766137979,0.6211342519365576
hrl,multi,0,weighted_cka,1,1281,3.218273142033046,200.6,0.7079903483390808,0.7023488879203796,1,0.0,0.5363788570055077,5,0,off,0,0,0.0,0.0,0.0,0.822159157548216,0.560669652622193,0.5336757650701328,0.6503949325224384,0.34989373719436107,0.30147989707570516,0.5363788570055077,0.6436546284066093
hrl,multi,0,weighted_cka,1,1282,3.2047760986096683,209.75,0.7082828283309937,0.7021360397338867,1,0.0,0.5341293497682781,5,0,off,0,0,0.0,0.0,0.0,0.8272187310864682,0.506749930191785,0.09034252790547903,0.6404897217769175,0.4478856574129312,0.6920895302360877,0.5341293497682781,0.6409552197219337
hrl,multi,0,weighted_cka,1,1283,3.1929106643869356,201.15,0.7054067850112915,0.702730119228363,1,0.0,0.5321517773978227,5,0,off,0,0,0.0,0.0,0.0,0.36631220747670157,0.10419924753345544,1.2368120439322663,0.7893689128714613,0.37726886482097316,0.3189493877520785,0.5321517773978227,0.6385821328773872
hrl,multi,0,weighted_cka,1,1284,3.157181998692801,223.0,0.7061237096786499,0.7003841400146484,1,0.0,0.5261969997821335,5,0,off,0,0,0.0,0.0,0.0,0.8307463933367979,0.5022656733766198,0.4707268226165323,0.18304566671606137,0.41626503769541146,0.7541324049513787,0.5261969997821335,0.6314363997385601
hrl,multi,0,weighted_cka,1,1285,3.138076304586996,214.0,0.706764817237854,0.701932966709137,1,0.0,0.5230127174311661,5,0,off,0,0,0.0,0.0,0.0,0.00750782376044648,0.14435903248935933,1.2607358721438793,0.6181980418991296,0.3684683960206893,0.7388071382734924,0.5230127174311661,0.6276152609173993
hrl,multi,0,weighted_cka,1,1286,3.26346241650186,216.25,0.7046705484390259,0.7008480429649353,1,0.0,0.54391040275031,5,0,off,0,0,0.0,0.0,0.0,0.8227178568693342,0.5067997270785272,0.4647494958590249,0.6572369669377803,0.378569011128653,0.4333893586285411,0.54391040275031,0.652692483300372
hrl,multi,0,weighted_cka,1,1287,3.238554350639448,213.2,0.705051839351654,0.7000507712364197,1,0.0,0.539759058439908,5,0,off,0,0,0.0,0.0,0.0,0.8703769968468694,0.5087339995484799,0.4383149648415855,0.6465828675553201,0.4251825969465425,0.34936292490065096,0.539759058439908,0.6477108701278895
hrl,multi,0,weighted_cka,1,1288,3.0154819514856466,254.5,0.7060421109199524,0.7000913023948669,1,0.0,0.5025803252476078,5,0,off,0,0,0.0,0.0,0.0,0.9103738555039743,0.3412638621926307,0.6434693355052731,0.3490637317706981,0.3676670129413832,0.40364415357168765,0.5025803252476078,0.6030963902971294
hrl,multi,0,weighted_cka,1,1289,3.0964601143929626,238.3,0.7042333483695984,0.700969398021698,1,0.0,0.5160766857321605,5,0,off,0,0,0.0,0.0,0.0,0.8568027116122537,0.5115587800368666,0.45952906031627194,0.5416934968375752,0.36786251059672387,0.3590135549932718,0.5160766857321605,0.6192920228785925
hrl,multi,0,weighted_cka,1,1290,2.9319633304436548,278.4,0.7058770060539246,0.7010380625724792,1,0.0,0.48866055507394246,5,0,off,0,0,0.0,0.0,0.0,0.94546344984835,0.4152863119542598,0.4438995254584587,0.40154271072390085,0.34895149299828326,0.3768198394604027,0.48866055507394246,0.586392666088731
hrl,multi,0,weighted_cka,1,1291,3.0614979279798664,247.4,0.7082040309906006,0.7048566937446594,1,0.0,0.5102496546633111,5,0,off,0,0,0.0,0.0,0.0,0.7149290087329324,0.3434726824611425,0.6628756498591973,0.5946441731732338,0.3951228018741239,0.3504536118792369,0.5102496546633111,0.6122995855959733
hrl,multi,0,weighted_cka,1,1292,3.266621466728951,196.4,0.7070005536079407,0.7006040215492249,1,0.0,0.5444369111214918,5,0,off,0,0,0.0,0.0,0.0,0.9107083242274819,0.45758982893079514,0.45682388959499065,0.6601416249964386,0.32792920710891477,0.4534285918703302,0.5444369111214918,0.6533242933457901
hrl,multi,0,weighted_cka,1,1293,3.2410437384970243,198.3,0.7039040327072144,0.7001757621765137,1,0.0,0.5401739564161707,5,0,off,0,0,0.0,0.0,0.0,0.8412656948547809,0.5272360996007919,0.22711228807270523,0.619656638495624,0.39551856188138473,0.6302544555917381,0.5401739564161707,0.6482087476994048
hrl,multi,0,weighted_cka,1,1294,3.0759475694005656,238.0,0.7047219276428223,0.700447678565979,1,0.0,0.5126579282334277,5,0,off,0,0,0.0,0.0,0.0,0.44133619288884784,0.3613630662262439,0.3991032354971102,0.5801909435027045,1.0113575545244382,0.2825965767612214,0.5126579282334277,0.6151895138801132
hrl,multi,0,weighted_cka,1,1295,3.200411270482668,211.0,0.7067950963973999,0.7018425464630127,1,0.0,0.5334018784137781,5,0,off,0,0,0.0,0.0,0.0,0.8246163684106139,0.36240315004810686,0.667938073334284,0.6719923189766704,0.3350073832178022,0.3384539764951914,0.5334018784137781,0.6400822540965337
hrl,multi,0,weighted_cka,1,1296,3.2242893495233136,200.0,0.7059286236763,0.7014151215553284,1,0.0,0.5373815582538857,5,0,off,0,0,0.0,0.0,0.0,0.45227890291478234,0.3534854071736335,1.0490609950716605,0.20255232514813537,0.38736662878002964,0.7795450904350727,0.5373815582538857,0.6448578699046628
hrl,multi,0,weighted_cka,1,1297,3.260583182616158,189.0,0.7050031423568726,0.7004686594009399,1,0.0,0.5434305304360265,5,0,off,0,0,0.0,0.0,0.0,0.31697911401279266,0.29187937859073276,1.2228581532468086,0.2280996752493083,0.38827480004495,0.8124920614715665,0.5434305304360265,0.6521166365232318
hrl,multi,0,weighted_cka,1,1298,3.0380623890101766,244.0,0.7052770853042603,0.701850950717926,1,0.0,0.5063437315016962,5,0,off,0,0,0.0,0.0,0.0,0.7153910882105917,0.5070912068299949,0.4590263777803628,0.2325306933894753,0.40513141458807506,0.7188916082116774,0.5063437315016962,0.6076124778020354
hrl,multi,0,weighted_cka,1,1299,3.226185062320014,201.0,0.7056641578674316,0.7029435038566589,1,0.0,0.537697510386669,5,0,off,0,0,0.0,0.0,0.0,0.8641566382450981,0.504273484725505,0.5864617215334437,0.23034736640378828,0.3935263201971974,0.6474195312149822,0.537697510386669,0.6452370124640028
hrl,multi,0,weighted_cka,1,1300,3.181900129440187,203.4,0.7063689231872559,0.7021361589431763,1,0.0,0.5303166882400313,5,0,off,0,0,0.0,0.0,0.0,0.3719879388571716,0.2964247682653367,1.1960020723850464,0.6230254618190229,0.34195705054546116,0.35250283756814893,0.5303166882400313,0.6363800258880375
hrl,multi,0,weighted_cka,1,1301,3.3056363843693854,187.45,0.7081259489059448,0.701617419719696,1,0.0,0.5509393973948976,5,0,off,0,0,0.0,0.0,0.0,0.8938936749938874,0.547057549059391,0.6839077804377302,0.649427927903831,0.3626014591965358,0.16874799277801056,0.5509393973948976,0.6611272768738771
hrl,multi,0,weighted_cka,1,1302,3.2541740191810056,198.3,0.7051194310188293,0.7016746997833252,1,0.0,0.5423623365301676,5,0,off,0,0,0.0,0.0,0.0,0.857768768626265,0.5112893654555082,0.14182011226844038,0.6244462063489481,0.4093980933196143,0.70945147316223,0.5423623365301676,0.6508348038362011
hrl,multi,0,weighted_cka,1,1303,3.17285591922514,212.0,0.7047072649002075,0.7007085680961609,1,0.0,0.5288093198708567,5,0,off,0,0,0.0,0.0,0.0,0.9176959686330518,0.24744554316252465,0.6374738758252932,0.677559360525105,0.3616385134216397,0.3310426576575264,0.5288093198708567,0.6345711838450281
hrl,multi,0,weighted_cka,1,1304,3.1611903044096725,210.2,0.7069007158279419,0.703158974647522,1,0.0,0.5268650507349454,5,0,off,0,0,0.0,0.0,0.0,0.8089406144860548,0.490731765131466,0.4939165684841572,0.6539979463368654,0.341483039522749,0.3721203704483807,0.5268650507349454,0.6322380608819345
hrl,multi,0,weighted_cka,1,1305,3.2486232411271883,192.3,0.7042399644851685,0.7029660940170288,1,0.0,0.5414372068545313,5,0,off,0,0,0.0,0.0,0.0,0.8398962690590414,0.3548166045043617,0.6728167388569563,0.6366690241657197,0.3767459464131388,0.36767865812797096,0.5414372068545313,0.6497246482254376
hrl,multi,0,weighted_cka,1,1306,3.2193445406435512,202.2,0.7071439027786255,0.7045881152153015,1,0.0,0.536557423440592,5,0,off,0,0,0.0,0.0,0.0,0.9611151727801187,0.4262436720132827,0.42443274400243525,0.24587852466851468,0.39046935918997033,0.7712050679892302,0.536557423440592,0.6438689081287103
hrl,multi,0,weighted_cka,1,1307,3.2561227111801494,200.1,0.7089829444885254,0.7023488879203796,1,0.0,0.5426871185300249,5,0,off,0,0,0.0,0.0,0.0,0.8450733760171568,0.4302921270541846,0.6552230872544459,0.22498350521922106,0.34688951791077843,0.7536610977243632,0.5426871185300249,0.65122454223603
hrl,multi,0,weighted_cka,1,1308,3.0539121271018654,246.25,0.7043802738189697,0.7023488879203796,1,0.0,0.5089853545169776,5,0,off,0,0,0.0,0.0,0.0,0.7608067913099364,0.5121661455892026,0.5264401898817158,0.575575924715842,0.37921441301888253,0.2997086625862866,0.5089853545169776,0.6107824254203731
hrl,multi,0,weighted_cka,1,1309,3.142470272795564,223.15,0.704940676689148,0.7005976438522339,1,0.0,0.5237450454659273,5,0,off,0,0,0.0,0.0,0.0,1.010135419134516,0.27629550463147456,0.5983921582936308,0.5794350575278512,0.35931460320035685,0.31889753000773485,0.5237450454659273,0.6284940545591128
hrl,multi,0,weighted_cka,1,1310,3.107431114018175,234.0,0.7046775221824646,0.7023488879203796,1,0.0,0.5179051856696958,5,0,off,0,0,0.0,0.0,0.0,0.8158311544192928,0.3365980627536773,0.6150457859900779,0.5779344267378327,0.37478197202054425,0.38723971209675073,0.5179051856696958,0.621486222803635
hrl,multi,0,weighted_cka,1,1311,2.3712178915476407,300.3,0.6451414823532104,0.4088088572025299,0,0.0,0.3952029819246068,5,0,off,0,0,0.0,0.0,0.0,0.9537059485362841,0.2597179066482931,0.6322134395809843,-0.1489333482257304,0.3615286315732373,0.3129853134345728,0.3952029819246068,0.4742435783095281
hrl,multi,0,weighted_cka,1,1312,3.1870391953983566,207.1,0.7047666311264038,0.7004686594009399,1,0.0,0.5311731992330594,5,0,off,0,0,0.0,0.0,0.0,0.8355789437511701,0.35299849786609405,0.28008234870526927,0.6088771599279715,0.3765286411342676,0.7329736040135846,0.5311731992330594,0.6374078390796714
hrl,multi,0,weighted_cka,1,1313,3.2078458714702025,211.3,0.7040838003158569,0.7019761800765991,1,0.0,0.5346409785783671,5,0,off,0,0,0.0,0.0,0.0,0.8179861098295876,0.4942896098494529,0.5531834165081381,0.610694633982377,0.3723708110188599,0.3593212902817875,0.5346409785783671,0.6415691742940405
hrl,multi,0,weighted_cka,1,1314,3.2276456777799267,200.2,0.7061318159103394,0.7002996206283569,1,0.0,0.5379409462966545,5,0,off,0,0,0.0,0.0,0.0,0.8229077244602957,0.38299956271424884,0.6655255921864881,0.6581887860903516,0.4182581867705447,0.2797658255579983,0.5379409462966545,0.6455291355559853
hrl,multi,0,weighted_cka,1,1315,3.2068367182248028,200.0,0.7054024934768677,0.7000913619995117,1,0.0,0.5344727863708005,5,0,off,0,0,0.0,0.0,0.0,0.8169169449745676,0.36221647528558965,0.35818969076685603,0.6218871993579668,0.39480575808440327,0.6528206497554201,0.5344727863708005,0.6413673436449606
hrl,multi,0,weighted_cka,1,1316,3.181731931237392,208.15,0.7037150263786316,0.700852632522583,1,0.0,0.530288655206232,5,0,off,0,0,0.0,0.0,0.0,0.7905829111624915,0.32304294324107463,0.691551101415418,0.6705059441085904,0.3673920192010118,0.3386570121088065,0.530288655206232,0.6363463862474784
hrl,multi,0,weighted_cka,1,1317,3.249107729870039,202.0,0.7054674625396729,0.7005029320716858,1,0.0,0.5415179549783399,5,0,off,0,0,0.0,0.0,0.0,0.8370651575457303,0.5132901178263127,0.5335049097989685,0.644728083692491,0.36993717776206897,0.35058228324446816,0.5415179549783399,0.6498215459740078
hrl,multi,0,weighted_cka,1,1318,3.184493300616705,212.1,0.7056335210800171,0.7023488879203796,1,0.0,0.5307488834361176,5,0,off,0,0,0.0,0.0,0.0,0.8291277359948143,0.3615507542677223,0.6635613346220924,0.24555927687883372,0.39513163121556855,0.6895625676376744,0.5307488834361176,0.6368986601233411
hrl,multi,0,weighted_cka,1,1319,3.188653947461023,205.4,0.7084385752677917,0.7004686594009399,1,0.0,0.5314423245768372,5,0,off,0,0,0.0,0.0,0.0,0.8464359036076347,0.35539855980873103,0.6200991387227549,0.21144998405128712,0.4075979464522096,0.747672414818406,0.5314423245768372,0.6377307894922046
hrl,multi,0,weighted_cka,1,1320,3.2275929005118718,197.4,0.7078952193260193,0.7006675601005554,1,0.0,0.5379321500853119,5,0,off,0,0,0.0,0.0,0.0,0.9205245923711917,0.27629550463147456,0.6778359966333954,0.25255108564719553,0.37287986211196394,0.727505859116651,0.5379321500853119,0.6455185801023744
hrl,multi,0,weighted_cka,1,1321,3.219346124524753,205.1,0.7047280073165894,0.7023488879203796,1,0.0,0.5365576874207921,5,0,off,0,0,0.0,0.0,0.0,0.8636148177818394,0.49224004406854505,0.4796137987500987,0.2758907766370102,0.3573002446434838,0.7506864426437765,0.5365576874207921,0.6438692249049506
hrl,multi,0,weighted_cka,1,1322,3.180669471587321,213.4,0.7038282155990601,0.7005868554115295,1,0.0,0.5301115785978868,5,0,off,0,0,0.0,0.0,0.0,0.9006184963450067,0.4364093219451606,0.1356388100944459,0.24937947444990272,0.37148707906418704,1.0871362896886185,0.5301115785978868,0.6361338943174643
hrl,multi,0,weighted_cka,1,1323,3.2387118902099803,193.15,0.7056571841239929,0.7006767988204956,1,0.0,0.5397853150349968,5,0,off,0,0,0.0,0.0,0.0,0.8551346625807926,0.3832143094018101,0.3035575500205159,0.23429714800789947,0.3566531367402785,1.1058550834586844,0.5397853150349968,0.6477423780419962
hrl,multi,0,weighted_cka,1,1324,3.148550571020331,213.15,0.7046507596969604,0.7007436752319336,1,0.0,0.5247584285033885,5,0,off,0,0,0.0,0.0,0.0,1.0054437122086526,0.36491596492379896,0.43607154077431176,0.6145389415295793,0.3695239719947107,0.3580564395892783,0.5247584285033885,0.6297101142040662
hrl,multi,0,weighted_cka,1,1325,3.135287543802779,222.0,0.7051364183425903,0.7023488879203796,1,0.0,0.5225479239671299,5,0,off,0,0,0.0,0.0,0.0,0.8288313954193544,0.36075457824021573,0.6706301165027543,0.5896254062969236,0.38967610622405474,0.2957699411194771,0.5225479239671299,0.6270575087605559
hrl,multi,0,weighted_cka,1,1326,3.189443216833896,210.0,0.7072324156761169,0.703575849533081,1,0.0,0.5315738694723161,5,0,off,0,0,0.0,0.0,0.0,0.8639281618736275,0.35687519731931383,0.6608166518486104,0.5945102938385679,0.016244394345208874,0.697068517608568,0.5315738694723161,0.6378886433667793
hrl,multi,0,weighted_cka,1,1327,3.166295995731837,214.0,0.7071598768234253,0.7023488879203796,1,0.0,0.5277159992886394,5,0,off,0,0,0.0,0.0,0.0,0.8385772936434367,0.3595739002898335,0.678868398382794,0.5659930518260224,0.3848483085826155,0.33843504300713534,0.5277159992886394,0.6332591991463674
hrl,multi,0,weighted_cka,1,1328,3.19610453285375,211.25,0.7045377492904663,0.702420175075531,1,0.0,0.5326840888089585,5,0,off,0,0,0.0,0.0,0.0,0.7987964333172056,0.5115587800368666,0.17365868221782144,0.6404447062890976,0.39818473322768105,0.6734611977650784,0.5326840888089585,0.6392209065707501
hrl,multi,0,weighted_cka,1,1329,3.2638097821358683,187.1,0.7026271820068359,0.7000046968460083,1,0.0,0.5439682970226447,5,0,off,0,0,0.0,0.0,0.0,0.8894028248894027,0.31878998205997044,0.702779671606142,0.6297400695979595,0.35572461449467657,0.3673726194877177,0.5439682970226447,0.6527619564271736
hrl,multi,0,weighted_cka,1,1330,3.207842635644523,201.3,0.7038784623146057,0.701180100440979,1,0.0,0.5346404392740872,5,0,off,0,0,0.0,0.0,0.0,0.9693874219698771,0.27321192744188005,0.29310404783859845,0.23942389298230404,0.3470352833097567,1.085680062102107,0.5346404392740872,0.6415685271289047
hrl,multi,0,weighted_cka,1,1331,3.212056667836788,200.65,0.7060167789459229,0.7020015120506287,1,0.0,0.5353427779727981,5,0,off,0,0,0.0,0.0,0.0,0.8296172426510601,0.3534298695288598,0.6767682398417963,0.24790478577464814,0.36928201955052636,0.7350545104898978,0.5353427779727981,0.6424113335673576
hrl,multi,0,weighted_cka,1,1332,3.1414849471892046,222.55,0.7040811777114868,0.7006686925888062,1,0.0,0.5235808245315342,5,0,off,0,0,0.0,0.0,0.0,0.839247089400538,0.7702769140340388,0.6428688803850672,0.1913670229390263,0.376782049137575,0.3209429912929597,0.5235808245315342,0.628296989437841
hrl,multi,0,weighted_cka,1,1333,3.209298013577338,200.45000000000002,0.7088723182678223,0.7023488879203796,1,0.0,0.5348830022628897,5,0,off,0,0,0.0,0.0,0.0,0.8502371822013518,0.30970794298313553,0.3128023459091782,0.2789089782722294,0.3389211988249407,1.1187203653865028,0.5348830022628897,0.6418596027154676
hrl,multi,0,weighted_cka,1,1334,3.184613316131667,211.0,0.7066686153411865,0.7023488879203796,1,0.0,0.5307688860219445,5,0,off,0,0,0.0,0.0,0.0,0.894473134240601,0.353843576606363,0.6225068540270439,0.5881352310739457,0.3634587468429526,0.36219577334076164,0.5307688860219445,0.6369226632263334
hrl,multi,0,weighted_cka,1,1335,3.2574612201178086,193.0,0.707190990447998,0.7028088569641113,1,0.0,0.5429102033529681,5,0,off,0,0,0.0,0.0,0.0,0.8162372569072175,0.5067298629842698,0.1448511373698711,0.24946782883256668,0.4022751498839351,1.137899984139949,0.5429102033529681,0.6514922440235618
hrl,multi,0,weighted_cka,1,1336,3.193089511359444,213.5,0.7032724618911743,0.7006515264511108,1,0.0,0.532181585226574,5,0,off,0,0,0.0,0.0,0.0,0.8192232037885986,0.5050658523663878,0.49614827130548644,0.24260915942117567,0.39814703082550834,0.7318959936522877,0.532181585226574,0.6386179022718889
hrl,multi,0,weighted_cka,1,1337,3.241573202022391,192.3,0.706782341003418,0.703575849533081,1,0.0,0.5402622003370652,5,0,off,0,0,0.0,0.0,0.0,0.8875812272345646,0.3615507542677223,0.6248946723276748,0.22606508198007935,0.3952779256930807,0.7462035405192698,0.5402622003370652,0.6483146404044782
hrl,multi,0,weighted_cka,1,1338,3.1814631431000295,209.0,0.7074877023696899,0.7004686594009399,1,0.0,0.5302438571833382,5,0,off,0,0,0.0,0.0,0.0,0.8515690194105262,0.33717563967779274,0.5027381804171017,0.26626463472843165,0.5742147534745744,0.6495009153916034,0.5302438571833382,0.6362926286200059
hrl,multi,0,weighted_cka,1,1339,3.1647271536517048,210.15,0.7071101069450378,0.7023488879203796,1,0.0,0.5274545256086175,5,0,off,0,0,0.0,0.0,0.0,0.8228091828904215,0.3520621340423822,0.3255379712898283,0.6510178818032145,0.3955550038509827,0.6177449797748761,0.5274545256086175,0.6329454307303409
hrl,multi,0,weighted_cka,1,1340,3.197026122689704,209.0,0.7051020860671997,0.7007890939712524,1,0.0,0.5328376871149506,5,0,off,0,0,0.0,0.0,0.0,0.8573065527356151,0.34108102028816933,0.6514880801094695,0.6274629999343305,0.3712303386423736,0.34845713097974657,0.5328376871149506,0.6394052245379408
hrl,multi,0,weighted_cka,1,1341,3.0759047838028133,233.0,0.7076969146728516,0.7003706693649292,1,0.0,0.5126507973004689,5,0,off,0,0,0.0,0.0,0.0,0.8397976149488239,0.35646574749338633,0.4414094527419655,0.243996589500457,0.4093948153899981,0.784840563728183,0.5126507973004689,0.6151809567605626
hrl,multi,0,weighted_cka,1,1342,3.1689361210246267,212.0,0.7059868574142456,0.7023488879203796,1,0.0,0.5281560201707712,5,0,off,0,0,0.0,0.0,0.0,0.8246393721837083,0.3564103817157447,0.613988196459133,0.24084431888908142,0.41275603066125754,0.7202978211157023,0.5281560201707712,0.6337872242049254
hrl,multi,0,weighted_cka,1,1343,3.2011818534759793,208.0,0.7073222398757935,0.7023488879203796,1,0.0,0.5335303089126633,5,0,off,0,0,0.0,0.0,0.0,0.826086090011522,0.3617101296372711,0.6898077264409511,0.23346352163702244,0.346232172644697,0.7438822131045162,0.5335303089126633,0.6402363706951959
hrl,multi,0,weighted_cka,1,1344,3.228340942407774,189.15,0.7062634229660034,0.7013365626335144,1,0.0,0.538056823734629,5,0,off,0,0,0.0,0.0,0.0,0.8215974687125561,0.3603516093976795,0.2952035245932638,0.2645566841643303,-0.005207000016234937,1.4918386555561796,0.538056823734629,0.6456681884815548
hrl,multi,0,weighted_cka,1,1345,3.1662156907235173,218.0,0.7047234773635864,0.7004686594009399,1,0.0,0.5277026151205862,5,0,off,0,0,0.0,0.0,0.0,0.8839327522436068,0.470925246188417,0.3991360214080194,0.6692798724789172,0.3618895255911629,0.3810522728133946,0.5277026151205862,0.6332431381447035
hrl,multi,0,weighted_cka,1,1346,3.156541170415962,221.0,0.7040722966194153,0.7016786336898804,1,0.0,0.526090195069327,5,0,off,0,0,0.0,0.0,0.0,0.8345270029038946,0.35167146953940387,0.6642299451846628,0.5689671757472677,0.3545514350582379,0.3825941419824958,0.526090195069327,0.6313082340831924
hrl,multi,0,weighted_cka,1,1347,2.9799781214928767,256.0,0.7032172083854675,0.7000904083251953,1,0.0,0.49666302024881276,5,0,off,0,0,0.0,0.0,0.0,0.8225465526812475,0.49848259739205236,0.52870495363418,0.39241022042767576,0.37744922992934143,0.3603845674283802,0.49666302024881276,0.5959956242985753
hrl,multi,0,weighted_cka,1,1348,2.9168596516366323,289.0,0.7054027915000916,0.7015781998634338,1,0.0,0.48614327527277207,5,0,off,0,0,0.0,0.0,0.0,0.997593974961899,0.4271855823285877,0.44047652518004166,0.322512831178795,0.3589645917378365,0.37012614624947304,0.48614327527277207,0.5833719303273265
hrl,multi,0,weighted_cka,1,1349,3.1713956221275486,223.15,0.7042971849441528,0.7010594606399536,1,0.0,0.5285659370212581,5,0,off,0,0,0.0,0.0,0.0,0.8329458905141799,0.3605329113602638,0.6797646441478281,0.5944293001550248,0.39206787917367175,0.3116549967765808,0.5285659370212581,0.6342791244255097
hrl,multi,0,weighted_cka,1,1350,3.136709463127502,224.0,0.7071508169174194,0.7023488879203796,1,0.0,0.5227849105212504,5,0,off,0,0,0.0,0.0,0.0,0.9259092144409659,0.269874034082517,0.4581720752972177,0.1676205747549755,0.5565966916470787,0.7585368729047477,0.5227849105212504,0.6273418926255004
hrl,multi,0,weighted_cka,1,1351,3.1231234369418863,221.15,0.706343948841095,0.7037301063537598,1,0.0,0.5205205728236477,5,0,off,0,0,0.0,0.0,0.0,0.8275378415282756,0.49674822162836785,0.5297230733675532,0.5920374751444905,0.34358552054909514,0.33349130472410465,0.5205205728236477,0.6246246873883773
hrl,multi,0,weighted_cka,1,1352,3.2622999538073043,190.0,0.7071869373321533,0.7039555907249451,1,0.0,0.5437166589678841,5,0,off,0,0,0.0,0.0,0.0,0.842301126043283,0.5050677269287407,0.1618190269041806,0.6511136912088841,0.38006531496149537,0.7219330677607212,0.5437166589678841,0.652459990761461
hrl,multi,0,weighted_cka,1,1353,3.1228111919168895,232.2,0.7049481272697449,0.7015536427497864,1,0.0,0.5204685319861483,5,0,off,0,0,0.0,0.0,0.0,0.831312961402349,0.361703160084784,0.6569534027023473,0.5704535557133493,0.37427267558095617,0.3281154364331043,0.5204685319861483,0.6245622383833779
hrl,multi,0,weighted_cka,1,1354,3.1313183510277525,226.1,0.7031275033950806,0.7003757357597351,1,0.0,0.5218863918379587,5,0,off,0,0,0.0,0.0,0.0,0.8545726479728472,0.3615474378280341,0.6937443586280568,0.5577305306041961,0.3659935340220108,0.2977298419726081,0.5218863918379587,0.6262636702055505
hrl,multi,0,weighted_cka,1,1355,3.2333755333819765,206.15,0.7068662643432617,0.7001756429672241,1,0.0,0.5388959222303294,5,0,off,0,0,0.0,0.0,0.0,0.8448770548660539,0.5120369464680552,0.5507063688350026,0.2112843134067952,0.39052437078300856,0.7239464790230616,0.5388959222303294,0.6466751066763953
hrl,multi,0,weighted_cka,1,1356,3.233610159037779,215.0,0.7062074542045593,0.7032390236854553,1,0.0,0.5389350265062967,5,0,off,0,0,0.0,0.0,0.0,0.8240262792647407,0.4880681994967162,0.5005413051908835,0.2393681870438158,0.35637423730688167,0.8252319507347419,0.5389350265062967,0.6467220318075559
hrl,multi,0,weighted_cka,1,1357,3.1950027097152476,214.0,0.7071623206138611,0.7012615203857422,1,0.0,0.532500451619208,5,0,off,0,0,0.0,0.0,0.0,0.809262024791198,0.48312950446829195,0.41791622039256604,0.23623431272921147,0.43244416884110237,0.8160164784928783,0.532500451619208,0.6390005419430496
hrl,multi,0,weighted_cka,1,1358,3.0935352871255093,231.1,0.7027941942214966,0.7014523148536682,1,0.0,0.5155892145209182,5,0,off,0,0,0.0,0.0,0.0,0.8548793375138192,0.3659471085388213,0.6190781609746626,0.5895618545906617,0.3401647774349985,0.3239040480725467,0.5155892145209182,0.6187070574251019
hrl,multi,0,weighted_cka,1,1359,3.1929712403286703,212.2,0.7029576897621155,0.7000876069068909,1,0.0,0.5321618733881117,5,0,off,0,0,0.0,0.0,0.0,0.8109939312365603,0.36076291311159725,0.6715121398079208,0.6032030820678919,0.37155895223550023,0.37494022186920045,0.5321618733881117,0.6385942480657341
hrl,multi,0,weighted_cka,1,1360,3.187985725212879,206.1,0.705973744392395,0.7016933560371399,1,0.0,0.5313309542021465,5,0,off,0,0,0.0,0.0,0.0,0.8328634096250315,0.5028619596399366,0.5345334083754568,0.6092422573529183,0.37960825433768325,0.3288764358818531,0.5313309542021465,0.6375971450425758
hrl,multi,0,weighted_cka,1,1361,3.1849364602260017,219.0,0.7057012319564819,0.7004089951515198,1,0.0,0.5308227433710003,5,0,off,0,0,0.0,0.0,0.0,0.816366529238803,0.3587989155761897,0.6865993057359009,0.620584696833277,0.37230384253663934,0.3302831703051924,0.5308227433710003,0.6369872920452003
hrl,multi,0,weighted_cka,1,1362,3.2428821503919947,205.4,0.708581805229187,0.7005125880241394,1,0.0,0.5404803583986658,5,0,off,0,0,0.0,0.0,0.0,0.8535098923300973,0.5114386122263967,0.17884661404415958,0.6547688102051615,0.3682815692725125,0.6760366523136674,0.5404803583986658,0.6485764300783989
hrl,multi,0,weighted_cka,1,1363,3.189659140623246,209.0,0.7035189867019653,0.7017855048179626,1,0.0,0.5316098567705411,5,0,off,0,0,0.0,0.0,0.0,0.801366338609543,0.5985211213678121,0.12116091390885408,0.6256497347895055,0.442168173812577,0.6007928581349551,0.5316098567705411,0.6379318281246492
hrl,multi,0,weighted_cka,1,1364,3.100774246593645,230.0,0.7058786153793335,0.7006517052650452,1,0.0,0.5167957077656075,5,0,off,0,0,0.0,0.0,0.0,0.822353779988014,0.35946945972368116,0.6683217376093379,0.5680857179602606,0.37630045888811575,0.3062430924242362,0.5167957077656075,0.620154849318729
hrl,multi,0,weighted_cka,1,1365,3.141820108920387,216.1,0.7062281966209412,0.7041110992431641,1,0.0,0.5236366848200645,5,0,off,0,0,0.0,0.0,0.0,0.848180751475971,0.35946945972368116,0.6956695274198427,0.5474664320104928,0.3873983699785894,0.3036355683118105,0.5236366848200645,0.6283640217840774
hrl,multi,0,weighted_cka,1,1366,3.203237989640999,213.0,0.7041308283805847,0.7021175026893616,1,0.0,0.5338729982734999,5,0,off,0,0,0.0,0.0,0.0,0.8866806063642724,0.4823670848831534,0.5437814989923498,0.5488834216808899,0.3593125136119506,0.3822128641083837,0.5338729982734999,0.6406475979281999
hrl,multi,0,weighted_cka,1,1367,2.3611362098340747,300.0,0.658244788646698,0.4698173999786377,0,0.0,0.39352270163901254,5,0,off,0,0,0.0,0.0,0.0,0.18305268195242358,0.22915281085856254,1.1501631388305684,-0.05428169227577756,0.5287499936074017,0.32429927686089643,0.39352270163901254,0.47222724196681504
hrl,multi,0,weighted_cka,1,1368,3.2338500741386658,214.0,0.7070213556289673,0.7023488879203796,1,0.0,0.5389750123564444,5,0,off,0,0,0.0,0.0,0.0,0.8355533905468181,0.5132874058149755,0.17835715780779715,0.5823508159071787,0.4689304877510293,0.6553708163108676,0.5389750123564444,0.6467700148277332
hrl,multi,0,weighted_cka,1,1369,3.16208605338128,240.0,0.7075579762458801,0.7046661376953125,1,0.0,0.5270143422302133,5,0,off,0,0,0.0,0.0,0.0,0.8604221987072377,0.5183197830468416,0.5233345326483249,0.5293320526397581,0.3561223731106146,0.37455511322850354,0.5270143422302133,0.632417210676256
hrl,multi,0,weighted_cka,1,1370,3.204186148354317,208.0,0.7050663828849792,0.7003503441810608,1,0.0,0.5340310247257195,5,0,off,0,0,0.0,0.0,0.0,0.864824743948411,0.49658653080090875,0.5785440358663908,0.6079332113671115,0.34873898306861517,0.30755864330288024,0.5340310247257195,0.6408372296708633
hrl,multi,0,weighted_cka,1,1371,3.2540373816073163,205.15,0.7023814916610718,0.7004686594009399,1,0.0,0.5423395636012195,5,0,off,0,0,0.0,0.0,0.0,0.8159115011728134,0.5422316836751997,0.18728310861811037,0.612842450656928,0.3969552377655636,0.6988133997187018,0.5423395636012195,0.6508074763214633
hrl,multi,0,weighted_cka,1,1372,3.1450612407503638,215.0,0.7040950655937195,0.7004686594009399,1,0.0,0.5241768734583939,5,0,off,0,0,0.0,0.0,0.0,0.8331792034835087,0.5461290577054023,0.4753317471691406,0.6142900630217044,0.36450483962637364,0.31162632974423465,0.5241768734583939,0.6290122481500727
hrl,multi,0,weighted_cka,1,1373,3.2509006334200956,216.25,0.7043132781982422,0.7005274891853333,1,0.0,0.5418167722366826,5,0,off,0,0,0.0,0.0,0.0,0.8333207456232047,0.5076117761023342,0.559756989437621,0.6258080306656192,0.3667276439224369,0.35767544766888015,0.5418167722366826,0.6501801266840191
hrl,multi,0,weighted_cka,1,1374,3.1131314565086434,225.1,0.7070709466934204,0.7023488879203796,1,0.0,0.5188552427514406,5,0,off,0,0,0.0,0.0,0.0,0.8591951948800559,0.3156643736697733,0.6981554964259266,0.5834293824591731,0.34074652791676624,0.31594048115694895,0.5188552427514406,0.6226262913017286
hrl,multi,0,weighted_cka,1,1375,3.099271498825554,235.1,0.7030149698257446,0.7004982233047485,1,0.0,0.516545249804259,5,0,off,0,0,0.0,0.0,0.0,0.7966463456832132,0.5132901178263127,0.5171621155552565,0.5416978811001752,0.3854903343296609,0.3449847043309361,0.516545249804259,0.6198542997651109
hrl,multi,0,weighted_cka,1,1376,3.0619088654128537,246.0,0.7065765261650085,0.7023488879203796,1,0.0,0.5103181442354756,5,0,off,0,0,0.0,0.0,0.0,0.8415365730924239,0.4945860429257154,0.5116411007300484,0.43912507282883706,0.4292129538772459,0.34580712195858354,0.5103181442354756,0.6123817730825707
hrl,multi,0,weighted_cka,1,1377,3.15775527299306,213.0,0.7041599154472351,0.701741635799408,1,0.0,0.5262925454988433,5,0,off,0,0,0.0,0.0,0.0,0.9364979250050963,0.2805139481183141,0.6231273589781484,0.6222546858265995,0.35951776275644076,0.3358435923084616,0.5262925454988433,0.631551054598612
hrl,multi,0,weighted_cka,1,1378,3.126641310347825,219.0,0.7050148248672485,0.7004686594009399,1,0.0,0.5211068850579709,5,0,off,0,0,0.0,0.0,0.0,0.8127889815600354,0.5342432454507797,0.45310765915084616,0.6073625514218582,0.3548610346459317,0.36427783811837433,0.5211068850579709,0.625328262069565
hrl,multi,0,weighted_cka,1,1379,3.0690202662391335,244.0,0.707127571105957,0.7034837603569031,1,0.0,0.5115033777065222,5,0,off,0,0,0.0,0.0,0.0,0.8419148465227334,0.3587883886042982,0.6807076685545034,0.47232354036958324,0.3633048498737625,0.3519809723142534,0.5115033777065222,0.6138040532478267
hrl,multi,0,weighted_cka,1,1380,3.211921992607086,212.0,0.7047364115715027,0.702205240726471,1,0.0,0.535320332101181,5,0,off,0,0,0.0,0.0,0.0,0.8461480783950536,0.5047266100123524,0.5015784411439671,0.5786701009310781,0.381032950286426,0.3997658118382096,0.535320332101181,0.6423843985214173
hrl,multi,0,weighted_cka,1,1381,3.119290936772732,222.0,0.7094441652297974,0.7002933621406555,1,0.0,0.5198818227954555,5,0,off,0,0,0.0,0.0,0.0,0.8668054582122712,0.4550249376001956,0.5347492282537277,0.5834142183994989,-0.009335934794377068,0.6886330291014164,0.5198818227954555,0.6238581873545466
hrl,multi,0,weighted_cka,1,1382,3.1307786170956,214.15,0.7036311030387878,0.7002160549163818,1,0.0,0.5217964361826,5,0,off,0,0,0.0,0.0,0.0,0.8689229790645184,0.2855660909377038,0.7366069119521416,0.5749567627180366,0.3192063676622491,0.3455195047609508,0.5217964361826,0.62615572341912
hrl,multi,0,weighted_cka,1,1383,3.2400909226088848,194.35,0.7059117555618286,0.7004686594009399,1,0.0,0.5400151537681475,5,0,off,0,0,0.0,0.0,0.0,0.9533912032991646,0.43397205914929504,0.12198190095182504,0.2463690171539783,0.3721935462714245,1.1121831957831978,0.5400151537681475,0.648018184521777
hrl,multi,0,weighted_cka,1,1384,3.1390757151471527,219.15,0.7059465646743774,0.7025731801986694,1,0.0,0.5231792858578588,5,0,off,0,0,0.0,0.0,0.0,0.9360056756790726,0.41996644889563317,0.4432303240151231,0.6407548708776011,0.37261546764103687,0.32650292803868647,0.5231792858578588,0.6278151430294305
hrl,multi,0,weighted_cka,1,1385,3.2162934899870295,202.0,0.7045722007751465,0.7001650333404541,1,0.0,0.5360489149978384,5,0,off,0,0,0.0,0.0,0.0,0.8604477575917261,0.5123836345560848,0.22429744727816425,0.5902420877800322,0.3648154717322904,0.6641070910487323,0.5360489149978384,0.643258697997406
hrl,multi,0,weighted_cka,1,1386,3.1335450911929716,230.0,0.704929769039154,0.7023488879203796,1,0.0,0.5222575151988286,5,0,off,0,0,0.0,0.0,0.0,0.8248152720942815,0.3561349609494209,0.6509640196086838,0.5644369470251839,0.36812487229090757,0.36906901922449464,0.5222575151988286,0.6267090182385944
hrl,multi,0,weighted_cka,1,1387,3.0103160861000653,257.1,0.7030455470085144,0.7012636065483093,1,0.0,0.5017193476833443,5,0,off,0,0,0.0,0.0,0.0,0.3717375272880307,0.4276047169826924,0.9966869133468715,0.49979441346563525,0.356869286829722,0.357623228187114,0.5017193476833443,0.6020632172200131
hrl,multi,0,weighted_cka,1,1388,3.1458937965692533,227.1,0.7034053802490234,0.7004690766334534,1,0.0,0.5243156327615422,5,0,off,0,0,0.0,0.0,0.0,0.8313398373054804,0.5133220775574445,0.5150602536164223,0.5938009570103603,0.3677051152239145,0.3246655558556318,0.5243156327615422,0.6291787593138507
hrl,multi,0,weighted_cka,1,1389,3.1285717558313717,227.2,0.7027069926261902,0.7012147903442383,1,0.0,0.5214286259718953,5,0,off,0,0,0.0,0.0,0.0,0.9553786608381195,0.4365240753218531,0.4781762159485369,0.5221003206376552,0.4204663927364162,0.31592609034879127,0.5214286259718953,0.6257143511662744
hrl,multi,0,weighted_cka,1,1390,3.1161343586479857,257.2,0.7036145925521851,0.7005050182342529,1,0.0,0.519355726441331,5,0,off,0,0,0.0,0.0,0.0,0.8263106860206461,0.5132901178263127,0.4589963714578188,0.571281063430381,0.38857056639209614,0.3576855535207315,0.519355726441331,0.6232268717295971
hrl,multi,0,weighted_cka,1,1391,3.1748763222265977,213.0,0.7067732810974121,0.7023488879203796,1,0.0,0.5291460537044329,5,0,off,0,0,0.0,0.0,0.0,0.9421772503755054,0.413078364316374,0.475936971831601,0.6069716069707646,0.3511923519857227,0.3855197767466307,0.5291460537044329,0.6349752644453195
hrl,multi,0,weighted_cka,1,1392,3.160199743389733,214.0,0.7066583037376404,0.7003425359725952,1,0.0,0.5266999572316221,5,0,off,0,0,0.0,0.0,0.0,0.9669309276122365,0.2695613578949123,0.6339631866710259,0.5665740074291824,0.383568424567813,0.3396018392145634,0.5266999572316221,0.6320399486779466
hrl,multi,0,weighted_cka,1,1393,3.1903785054695315,208.0,0.7071455717086792,0.7018342614173889,1,0.0,0.5317297509115887,5,0,off,0,0,0.0,0.0,0.0,0.9387445211708544,0.4357995776049792,0.24755806513316925,0.6339596005212514,0.3900768107993062,0.5442399302399716,0.5317297509115887,0.6380757010939064
hrl,multi,0,weighted_cka,1,1394,2.958662414573738,262.0,0.7031530141830444,0.7004178166389465,1,0.0,0.4931104024289563,5,0,off,0,0,0.0,0.0,0.0,0.8293685867405728,0.3007132592193469,0.5141344568906351,0.5780012842340364,0.3582594728428521,0.3781853546462953,0.4931104024289563,0.5917324829147476
hrl,multi,0,weighted_cka,1,1395,3.0680554001260956,238.0,0.7050825953483582,0.7032405734062195,1,0.0,0.5113425666876826,5,0,off,0,0,0.0,0.0,0.0,0.8276133438556715,0.3607127392819307,0.5336475480212829,0.6365571636063977,0.3920829021772369,0.31744170318357645,0.5113425666876826,0.6136110800252191
hrl,multi,0,weighted_cka,1,1396,3.270034640686628,203.0,0.7063627243041992,0.700264036655426,1,0.0,0.5450057734477715,5,0,off,0,0,0.0,0.0,0.0,0.8181450956936304,0.5129062656909227,0.538213349259924,0.6500397035353817,0.359435405081429,0.391294821425341,0.5450057734477715,0.6540069281373257
hrl,multi,0,weighted_cka,1,1397,2.4747468717629673,300.0,0.7008312940597534,0.6769548654556274,0,0.0,0.4124578119604945,5,0,off,0,0,0.0,0.0,0.0,0.836882691756531,0.3587883886042982,0.6191999453129245,-0.08328279622373407,0.40781813791065347,0.3353405044022947,0.4124578119604945,0.49494937435259345
hrl,multi,0,weighted_cka,1,1398,3.155910275948613,221.0,0.7034551501274109,0.7013643980026245,1,0.0,0.5259850459914356,5,0,off,0,0,0.0,0.0,0.0,0.8479992985962889,0.5460942134968936,0.49926229096995656,0.5959965391363947,0.32958412402999415,0.33697380971908564,0.5259850459914356,0.6311820551897227
hrl,multi,0,weighted_cka,1,1399,2.419855991479109,300.15,0.6744626760482788,0.5465025901794434,0,0.0,0.4033093319131849,5,0,off,0,0,0.0,0.0,0.0,0.7882881486784316,0.9208368409052491,0.5264962929985485,-0.13212641210859113,0.35206252962118006,-0.035701408615708405,0.4033093319131849,0.4839711982958219
hrl,multi,0,weighted_cka,1,1400,3.209362096279407,233.0,0.7046240568161011,0.7020843029022217,1,0.0,0.5348936827132346,5,0,off,0,0,0.0,0.0,0.0,0.8316377639628479,0.5132901178263127,0.5820218874355777,0.6011757287737126,0.3592034639737103,0.32203313430724656,0.5348936827132346,0.6418724192558815
hrl,multi,0,weighted_cka,1,1401,2.8160587812619453,300.0,0.7052310705184937,0.7007947564125061,1,0.0,0.4693431302103243,5,0,off,0,0,0.0,0.0,0.0,0.80260710280115,0.8576588963288813,0.48877640536334355,0.29725527259609724,0.36985657995604554,-9.547578357160108e-05,0.4693431302103243,0.5632117562523892
hrl,multi,0,weighted_cka,1,1402,2.932988873960841,286.0,0.7052017450332642,0.7020195722579956,1,0.0,0.4888314789934735,5,0,off,0,0,0.0,0.0,0.0,0.8309046507595338,0.5308857760950922,0.5377219157740473,0.36208806349777917,0.34895072466443516,0.322437743169954,0.4888314789934735,0.5865977747921682
hrl,multi,0,weighted_cka,1,1403,3.185958142832925,213.15,0.7070277333259583,0.7006534337997437,1,0.0,0.5309930238054875,5,0,off,0,0,0.0,0.0,0.0,0.8252617579355809,0.5067125166356563,0.17528378437831993,0.6120642079440876,0.40072260168872875,0.665913274250552,0.5309930238054875,0.6371916285665851
hrl,multi,0,weighted_cka,1,1404,3.1622650352593324,220.0,0.7057375907897949,0.7009525299072266,1,0.0,0.5270441725432221,5,0,off,0,0,0.0,0.0,0.0,0.8738608218968437,0.4270048982985317,0.5299684931794181,0.6635206865496001,0.34421270708891094,0.32369742824602865,0.5270441725432221,0.6324530070518665
hrl,multi,0,weighted_cka,1,1405,3.2315980715289467,206.0,0.7069328427314758,0.7020009756088257,1,0.0,0.5385996785881578,5,0,off,0,0,0.0,0.0,0.0,0.8344820132605962,0.5069005506634712,0.5664192692125215,0.23829856175556774,0.34566163999144917,0.7398360366453416,0.5385996785881578,0.6463196143057894
hrl,multi,0,weighted_cka,1,1406,3.3044190386825143,193.1,0.705640971660614,0.7023488879203796,1,0.0,0.5507365064470857,5,0,off,0,0,0.0,0.0,0.0,0.8254635628698305,0.48268921166658396,0.5270318551673553,0.23852815372496838,0.39857537349639455,0.8321308817573823,0.5507365064470857,0.6608838077365029
hrl,multi,0,weighted_cka,1,1407,3.1392785251662123,214.0,0.7073192596435547,0.7013168931007385,1,0.0,0.5232130875277021,5,0,off,0,0,0.0,0.0,0.0,0.8790075899092479,0.4577782679069786,0.43711315920157345,0.23934816388413305,0.3727783332155085,0.7532530110487714,0.5232130875277021,0.6278557050332425
hrl,multi,0,weighted_cka,1,1408,3.2166478227421798,202.1,0.7059357166290283,0.7019729614257812,1,0.0,0.5361079704570301,5,0,off,0,0,0.0,0.0,0.0,1.0542883372744543,0.3336229811944067,0.180603999890387,0.26555069979652757,0.3658239155948794,1.0167578889915254,0.5361079704570301,0.643329564548436
hrl,multi,0,weighted_cka,1,1409,3.203002746603916,207.0,0.7064217329025269,0.7003217935562134,1,0.0,0.5338337911006527,5,0,off,0,0,0.0,0.0,0.0,0.8770881453258915,0.36154832072183485,0.6740083590480498,0.21770290616899723,0.3393251646044664,0.733329850734677,0.5338337911006527,0.6406005493207833
hrl,multi,0,weighted_cka,1,1410,3.140358509595912,221.0,0.704084575176239,0.7005918622016907,1,0.0,0.5233930849326521,5,0,off,0,0,0.0,0.0,0.0,0.4068346793708623,0.9419008822701871,0.5169475568323395,0.5584892226055379,0.3651535864463076,0.3510325820706785,0.5233930849326521,0.6280717019191825
hrl,multi,0,weighted_cka,1,1411,2.986652992179907,256.0,0.7052181959152222,0.7004686594009399,1,0.0,0.49777549869665116,5,0,off,0,0,0.0,0.0,0.0,0.8251526760154518,0.2989671729726249,0.45979626921284933,0.6230499033201485,0.3967115296816918,0.3829754409771412,0.49777549869665116,0.5973305984359814
hrl,multi,0,weighted_cka,1,1412,3.2148383492607437,211.15,0.7038050889968872,0.7009658217430115,1,0.0,0.5358063915434573,5,0,off,0,0,0.0,0.0,0.0,0.8317537833278764,0.35891506528109307,0.6810108725051395,0.24266340802982445,0.34412145354109813,0.7563737665757129,0.5358063915434573,0.6429676698521488
hrl,multi,0,weighted_cka,1,1413,3.161648345998225,223.0,0.7049230337142944,0.7007917761802673,1,0.0,0.5269413909997042,5,0,off,0,0,0.0,0.0,0.0,0.8470503194464835,0.3570565067753195,0.6665711471792309,0.22501528446376318,0.32706001453869965,0.7388950735947291,0.5269413909997042,0.6323296691996451
hrl,multi,0,weighted_cka,1,1414,3.2421219132476082,204.15,0.7031697034835815,0.70072340965271,1,0.0,0.5403536522079347,5,0,off,0,0,0.0,0.0,0.0,0.8528545412172096,0.5227861700244247,0.5273766315290703,0.20177795809134835,0.35806529575121376,0.7792613166343421,0.5403536522079347,0.6484243826495216
hrl,multi,0,weighted_cka,1,1415,3.1327404621817756,219.0,0.7061065435409546,0.7023488879203796,1,0.0,0.5221234103636293,5,0,off,0,0,0.0,0.0,0.0,0.9043781773168883,0.29612687565945084,0.6349441261785104,0.2311333928778767,0.3547556937896951,0.7114021963593549,0.5221234103636293,0.6265480924363551
hrl,multi,0,weighted_cka,1,1416,3.1592346188715648,217.15,0.7086056470870972,0.7032261490821838,1,0.0,0.5265391031452609,5,0,off,0,0,0.0,0.0,0.0,0.5420509925764052,0.4235979964546859,0.48914771069353435,0.21618590901046986,0.3504541007420048,1.1377979093944655,0.5265391031452609,0.6318469237743131
hrl,multi,0,weighted_cka,1,1417,3.2220394462642714,197.0,0.7061042785644531,0.7023488879203796,1,0.0,0.5370065743773785,5,0,off,0,0,0.0,0.0,0.0,0.8570777839256914,0.5457690542228519,0.126043892417103,0.6076083236795383,0.42141210818430397,0.6641282838347833,0.5370065743773785,0.6444078892528543
hrl,multi,0,weighted_cka,1,1418,3.1698237571575434,218.0,0.7047518491744995,0.7006494402885437,1,0.0,0.5283039595262572,5,0,off,0,0,0.0,0.0,0.0,0.8110291940487221,0.5261133839935064,0.5001055600219405,0.6066261797205078,0.39029620791599146,0.33565323145687576,0.5283039595262572,0.6339647514315087
hrl,multi,0,weighted_cka,1,1419,3.230171095095341,209.0,0.7066382765769958,0.7023488879203796,1,0.0,0.5383618491825569,5,0,off,0,0,0.0,0.0,0.0,0.837478201726917,0.5073406068235635,0.5252803120161406,0.6090740230223163,0.349341068881331,0.40165688262507315,0.5383618491825569,0.6460342190190682
hrl,multi,0,weighted_cka,1,1420,2.950749430625498,263.0,0.7034870982170105,0.7012147903442383,1,0.0,0.4917915717709164,5,0,off,0,0,0.0,0.0,0.0,0.8804773777799563,0.7283253540161493,0.10744073865748938,0.5676872868056014,0.3437432501815201,0.3230754231847822,0.4917915717709164,0.5901498861250997
hrl,multi,0,weighted_cka,1,1421,3.12687904887324,228.0,0.7066611051559448,0.7016053199768066,1,0.0,0.52114650814554,5,0,off,0,0,0.0,0.0,0.0,0.8407027946334563,0.36125372523069377,0.6574444301291368,0.5465326071762245,0.35964729537119994,0.36129819633252913,0.52114650814554,0.625375809774648
hrl,multi,0,weighted_cka,1,1422,2.3210174126237675,300.0,0.6349085569381714,0.3598141074180603,0,0.0,0.3868362354372947,5,0,off,0,0,0.0,0.0,0.0,1.0129217248521742,0.41148562400415534,0.4362678428511134,-0.22356605069906837,0.3490839114906265,0.3348243601247668,0.3868362354372947,0.4642034825247536
hrl,multi,0,weighted_cka,1,1423,3.201368571832775,204.0,0.7068783640861511,0.7018864750862122,1,0.0,0.5335614286387959,5,0,off,0,0,0.0,0.0,0.0,0.8378566808449103,0.5045897144414484,0.18079758942872282,0.5945445664115249,0.3907300094543024,0.6928500112518667,0.5335614286387959,0.6402737143665551
hrl,multi,0,weighted_cka,1,1424,3.1230099372504907,222.0,0.7063652276992798,0.7023488879203796,1,0.0,0.5205016562084152,5,0,off,0,0,0.0,0.0,0.0,0.8194452004816265,0.4315826598145067,0.584603899296373,0.5781173674352466,0.36385666719198334,0.3454041430307552,0.5205016562084152,0.6246019874500981
hrl,multi,0,weighted_cka,1,1425,2.4103865068533903,300.2,0.6868886351585388,0.6161413192749023,0,0.0,0.4017310844755651,5,0,off,0,0,0.0,0.0,0.0,0.4528322115754998,0.27504372090101237,0.5510575414644553,0.47081724127603186,-0.016774884635076988,0.6774106762714684,0.4017310844755651,0.48207730137067817
hrl,multi,0,weighted_cka,1,1426,3.1511703110406164,235.35,0.7066935300827026,0.7020761370658875,1,0.0,0.5251950518401028,5,0,off,0,0,0.0,0.0,0.0,0.44554274900164437,0.5064372444152831,0.5389797182502224,0.5841772840840275,0.3140915467452723,0.7619417685441672,0.5251950518401028,0.6302340622081234
hrl,multi,0,weighted_cka,1,1427,3.213289462819898,206.0,0.7039349675178528,0.7002861499786377,1,0.0,0.5355482438033163,5,0,off,0,0,0.0,0.0,0.0,0.8664622501872944,0.4992252437919378,0.5250515673352055,0.615382999613881,0.3929010306884592,0.31426637120312073,0.5355482438033163,0.6426578925639796
hrl,multi,0,weighted_cka,1,1428,3.1873350723566243,208.0,0.7052274942398071,0.7004686594009399,1,0.0,0.5312225120594374,5,0,off,0,0,0.0,0.0,0.0,0.8285013917683389,0.34983820427209134,0.6510746821509673,0.6222591673661954,0.36678533984906964,0.3688762869499624,0.5312225120594374,0.6374670144713248
hrl,multi,0,weighted_cka,1,1429,2.3319763243965994,300.0,0.6318268775939941,0.345558226108551,0,0.0,0.3886627207327666,5,0,off,0,0,0.0,0.0,0.0,0.828352871195413,0.3599640609286725,0.47934617616515596,-0.252179903353332,0.57155236208548,0.34494075737521046,0.3886627207327666,0.46639526487931987
hrl,multi,0,weighted_cka,1,1430,2.3182037385762655,300.0,0.6263898611068726,0.31096136569976807,0,0.0,0.3863672897627109,5,0,off,0,0,0.0,0.0,0.0,0.823559680902399,0.5132901178263127,0.5867731712274252,-0.2860414454415444,0.378590305072721,0.3020319089889526,0.3863672897627109,0.4636407477152531
hrl,multi,0,weighted_cka,1,1431,2.395482284992248,300.0,0.6832786798477173,0.6027798652648926,0,0.0,0.399247047498708,5,0,off,0,0,0.0,0.0,0.0,0.8801312144258989,0.49001073899865144,0.4624579869806765,-0.18317320310836696,0.3693719112535618,0.37668363644182684,0.399247047498708,0.4790964569984496
hrl,multi,0,weighted_cka,1,1432,3.168770860775498,216.1,0.7042502164840698,0.7005146145820618,1,0.0,0.5281284767959163,5,0,off,0,0,0.0,0.0,0.0,0.8218582042380002,0.3605065344423055,0.726981201655697,0.5708566585571969,0.3586886174786923,0.3298796444036066,0.5281284767959163,0.6337541721550995
hrl,multi,0,weighted_cka,1,1433,3.1812302497513523,207.1,0.7058607339859009,0.7012636065483093,1,0.0,0.5302050416252254,5,0,off,0,0,0.0,0.0,0.0,0.8880988647204356,0.45610329658351834,0.49060063281608735,0.6567667478015645,0.35021710129114214,0.33944360653860495,0.5302050416252254,0.6362460499502706
hrl,multi,0,weighted_cka,1,1434,3.136999075308674,219.25,0.704936683177948,0.7020233273506165,1,0.0,0.5228331792181123,5,0,off,0,0,0.0,0.0,0.0,0.8664375015138647,0.50999445380643,0.5157982724765314,0.5594589264336972,0.3427649373484309,0.34254498372972014,0.5228331792181123,0.6273998150617348
hrl,multi,0,weighted_cka,1,1435,3.156350435139133,216.2,0.7047310471534729,0.7019830346107483,1,0.0,0.5260584058565222,5,0,off,0,0,0.0,0.0,0.0,0.8531780479838488,0.3501180890575051,0.6619022902988362,0.5941403060387819,0.3584308853303082,0.33858081642985344,0.5260584058565222,0.6312700870278266
hrl,multi,0,weighted_cka,1,1436,2.419085753480693,300.1,0.6518837213516235,0.4374416768550873,0,0.0,0.4031809589134488,5,0,off,0,0,0.0,0.0,0.0,0.8426116103571838,0.5108807523325085,0.5896385074686258,-0.23284316407889166,0.3946037459241924,0.3141943014770746,0.4031809589134488,0.48381715069613856
hrl,multi,0,weighted_cka,1,1437,2.38969878531352,300.0,0.6713154911994934,0.5396631360054016,0,0.0,0.3982831308855867,5,0,off,0,0,0.0,0.0,0.0,0.8974161361455916,0.46659340230375523,0.41842772089596825,-0.21666498195007475,0.40148839466366903,0.4224381132546112,0.3982831308855867,0.47793975706270403
hrl,multi,0,weighted_cka,1,1438,2.38546345620707,300.0,0.6829515695571899,0.5909205079078674,0,0.0,0.39757724270117833,5,0,off,0,0,0.0,0.0,0.0,0.8500112436357884,0.4440695070987566,0.4940846195309422,-0.17074251377198416,0.3838989740854594,0.38414162562810816,0.39757724270117833,0.477092691241414
hrl,multi,0,weighted_cka,1,1439,3.2192791230535938,212.0,0.7039391398429871,0.7023488879203796,1,0.0,0.5365465205089323,5,0,off,0,0,0.0,0.0,0.0,0.8603589362518395,0.5012268292307853,0.5013557782145216,0.556418687715195,0.38869078492646797,0.41122810671478505,0.5365465205089323,0.6438558246107188
hrl,multi,0,weighted_cka,1,1440,3.151623360553755,218.0,0.7054473757743835,0.702664852142334,1,0.0,0.5252705600922926,5,0,off,0,0,0.0,0.0,0.0,0.7936498052251989,0.36150321490690107,0.6511883386624976,0.6105098163643851,0.4128213421164545,0.3219508432783186,0.5252705600922926,0.630324672110751
hrl,multi,0,weighted_cka,1,1441,3.1034899932668765,227.0,0.702851414680481,0.7004106044769287,1,0.0,0.5172483322111462,5,0,off,0,0,0.0,0.0,0.0,0.8597558623075018,0.8359544975542229,0.4947300083064473,0.6008731065485625,0.3333949244394898,-0.021218405889347196,0.5172483322111462,0.6206979986533755
hrl,multi,0,weighted_cka,1,1442,3.1643792504793216,214.0,0.7061655521392822,0.7023488879203796,1,0.0,0.5273965417465536,5,0,off,0,0,0.0,0.0,0.0,0.8261822729994154,0.3922909452207386,0.4690950140110216,0.603580571242608,0.5022450654712155,0.3709853815343231,0.5273965417465536,0.6328758500958643
hrl,multi,0,weighted_cka,1,1443,3.1788178498020194,219.0,0.7050036787986755,0.7014963626861572,1,0.0,0.5298029749670032,5,0,off,0,0,0.0,0.0,0.0,0.8414400224913187,0.5181868945769965,0.4972734410762786,0.5676765979770569,0.3521969002035912,0.40204399347677827,0.5298029749670032,0.6357635699604038
hrl,multi,0,weighted_cka,1,1444,2.449325276719172,300.0,0.6866887807846069,0.6124376654624939,0,0.0,0.40822087945319535,5,0,off,0,0,0.0,0.0,0.0,0.8374767108969389,0.5127833512201905,0.5342096284944563,-0.1704114106800411,0.3503452439315151,0.38492175285611296,0.40822087945319535,0.4898650553438344
hrl,multi,0,weighted_cka,1,1445,2.401099367217951,300.15,0.6756168007850647,0.5477333664894104,0,0.0,0.4001832278696586,5,0,off,0,0,0.0,0.0,0.0,0.7417700315238905,0.5111593458391726,0.5284106182246467,-0.0451012200042608,0.3583662192707415,0.30649437236376104,0.4001832278696586,0.4802198734435903
hrl,multi,0,weighted_cka,1,1446,3.141478266626937,222.0,0.7054270505905151,0.70208340883255,1,0.0,0.5235797111044896,5,0,off,0,0,0.0,0.0,0.0,0.7982836942860302,0.5128809482380747,0.5258485129084437,0.611359633036889,0.34327581893394377,0.34982965922355647,0.5235797111044896,0.6282956533253875
hrl,multi,0,weighted_cka,1,1447,2.3756648246808467,300.0,0.6650112867355347,0.5015827417373657,0,0.0,0.3959441374468078,5,0,off,0,0,0.0,0.0,0.0,0.8621400603901864,0.5114386122263967,0.5642166310236788,-0.2579325559046123,0.37300203740235877,0.3228000395428389,0.3959441374468078,0.47513296493616936
hrl,multi,0,weighted_cka,1,1448,2.33069232883863,300.0,0.6399453282356262,0.37189435958862305,0,0.0,0.3884487214731051,5,0,off,0,0,0.0,0.0,0.0,0.8575377586737739,0.5108194710314273,0.5042532623172736,-0.2838339245491665,0.3682724577363114,0.3736433036290109,0.3884487214731051,0.4661384657677261
hrl,multi,0,weighted_cka,1,1449,2.292598218045349,300.0,0.6338380575180054,0.34405672550201416,0,0.0,0.3820997030075582,5,0,off,0,0,0.0,0.0,0.0,0.8263654003820046,0.36744370270520443,0.6712999132210388,-0.29260321397706907,0.36601228473475195,0.3540801309794187,0.3820997030075582,0.4585196436090698
hrl,multi,0,weighted_cka,1,1450,2.269729598605771,300.0,0.6340366005897522,0.3558448255062103,0,0.0,0.37828826643429525,5,0,off,0,0,0.0,0.0,0.0,0.8227879221874753,0.4443526693708262,0.4317922628361265,-0.2533746349639262,0.39267715848074286,0.43149422069452703,0.37828826643429525,0.4539459197211543
hrl,multi,0,weighted_cka,1,1451,3.202413276855047,208.0,0.7052006721496582,0.7010422348976135,1,0.0,0.5337355461425078,5,0,off,0,0,0.0,0.0,0.0,0.8452927539099472,0.4953397103212773,0.5163701033084652,0.184246525414288,0.357319735052908,0.8038444488481618,0.5337355461425078,0.6404826553710095
hrl,multi,0,weighted_cka,1,1452,3.026678522027242,242.0,0.7050712704658508,0.7009171843528748,1,0.0,0.5044464203378737,5,0,off,0,0,0.0,0.0,0.0,0.8571067145657142,0.3615424636341631,0.6803605765085666,-0.05291160188429077,0.3559095562353904,0.824670812967699,0.5044464203378737,0.6053357044054485
hrl,multi,0,weighted_cka,1,1453,3.257800025826319,202.0,0.7083382606506348,0.7040014863014221,1,0.0,0.5429666709710532,5,0,off,0,0,0.0,0.0,0.0,0.8913612225754185,0.5737842955254018,0.5119553176551125,0.23983668700233096,0.34620048684766513,0.6946620162203907,0.5429666709710532,0.6515600051652639
hrl,multi,0,weighted_cka,1,1454,2.4268832599266106,300.15,0.6845844388008118,0.6020023226737976,0,0.0,0.40448054332110184,5,0,off,0,0,0.0,0.0,0.0,0.8452296335255413,0.36469082101806993,0.27980927070835593,-0.1186141125420112,0.37754476543143384,0.6782228817852214,0.40448054332110184,0.4853766519853222
hrl,multi,0,weighted_cka,1,1455,2.3376632595231044,300.0,0.65224689245224,0.4384024441242218,0,0.0,0.38961054325385075,5,0,off,0,0,0.0,0.0,0.0,0.7991134154117897,0.5819359115995466,0.5291490371087565,-0.23323172153485977,0.37932454404374577,0.28137207289412614,0.38961054325385075,0.4675326519046209
hrl,multi,0,weighted_cka,1,1456,2.400041385508665,300.0,0.6759744882583618,0.5574877262115479,0,0.0,0.40000689758477753,5,0,off,0,0,0.0,0.0,0.0,0.8691371670062652,0.5097939170487225,0.369802859926829,-0.07626480322517484,0.34093173896410733,0.3866405057879165,0.40000689758477753,0.48000827710173305
hrl,multi,0,weighted_cka,1,1457,2.3571318746748133,300.0,0.6587144136428833,0.46954816579818726,0,0.0,0.39285531244580224,5,0,off,0,0,0.0,0.0,0.0,0.807924082045676,0.3548166045043617,0.6664015428610145,-0.1945356744690802,0.3666969553140224,0.3558283644188195,0.39285531244580224,0.47142637493496264
hrl,multi,0,weighted_cka,1,1458,3.1798854666871597,211.1,0.7029081583023071,0.700053870677948,1,0.0,0.5299809111145266,5,0,off,0,0,0.0,0.0,0.0,0.8167650245908479,0.35850587473809714,0.676103549114894,0.609940589794889,0.37246156974535544,0.34610885870307684,0.5299809111145266,0.6359770933374319
hrl,multi,0,weighted_cka,1,1459,3.178990614854089,213.0,0.7040318846702576,0.7017999887466431,1,0.0,0.5298317691423483,5,0,off,0,0,0.0,0.0,0.0,0.8175015855543896,0.5265978147089481,0.5143810467193833,0.600188546694815,0.3577545403956901,0.36256708078086375,0.5298317691423483,0.635798122970818
hrl,multi,0,weighted_cka,1,1460,3.200155847477609,202.0,0.706615149974823,0.7020130157470703,1,0.0,0.533359307912935,5,0,off,0,0,0.0,0.0,0.0,0.8200363720426102,0.4267838337514549,0.6078192754280752,0.22191414447873825,0.3673910794593393,0.7562111423173918,0.533359307912935,0.6400311694955219
hrl,multi,0,weighted_cka,1,1461,3.160834110161274,218.0,0.7067739367485046,0.7023488879203796,1,0.0,0.526805685026879,5,0,off,0,0,0.0,0.0,0.0,0.831266494196723,0.5067298629842698,0.5382999165663495,0.5635506837678693,0.36995280114817425,0.3510343514978886,0.526805685026879,0.6321668220322547
hrl,multi,0,weighted_cka,1,1462,2.2529029447381603,300.0,0.6281810402870178,0.31444644927978516,0,0.0,0.3754838241230268,5,0,off,0,0,0.0,0.0,0.0,0.8453018498602322,0.3227441872991621,0.3983339734114706,-0.33419235349068227,0.35849021716468266,0.6622250704932957,0.3754838241230268,0.45058058894763214
hrl,multi,0,weighted_cka,1,1463,3.179149435947648,212.0,0.7064026594161987,0.7023488879203796,1,0.0,0.5298582393246081,5,0,off,0,0,0.0,0.0,0.0,0.9297398095147217,0.26765752803161735,0.6670905878050252,0.6094132265825755,0.34740115923224946,0.3578471247814595,0.5298582393246081,0.6358298871895297
hrl,multi,0,weighted_cka,1,1464,3.2449240025050883,204.0,0.7035405039787292,0.7010110020637512,1,0.0,0.5408206670841814,5,0,off,0,0,0.0,0.0,0.0,0.8441504110140957,0.5530657265894114,0.20412881620973344,0.6042779268007724,0.402177772494564,0.6371233493965118,0.5408206670841814,0.6489848005010177
hrl,multi,0,weighted_cka,1,1465,3.1887619024869625,216.0,0.7048587799072266,0.7017651200294495,1,0.0,0.5314603170811604,5,0,off,0,0,0.0,0.0,0.0,0.7967033293839193,0.5132183640785515,0.5471586068375035,0.6082386821480467,0.37245425660395987,0.35098866343498225,0.5314603170811604,0.6377523804973925
hrl,multi,0,weighted_cka,1,1466,3.221904399775433,214.0,0.704700231552124,0.700743556022644,1,0.0,0.5369840666292388,5,0,off,0,0,0.0,0.0,0.0,0.8437070507551542,0.5132901178263127,0.5626177400331943,0.6223287159167229,0.3415622297329828,0.33839854551106685,0.5369840666292388,0.6443808799550866
hrl,multi,0,weighted_cka,1,1467,3.1727792124209797,213.0,0.7028975486755371,0.7001885175704956,1,0.0,0.5287965354034966,5,0,off,0,0,0.0,0.0,0.0,0.8952028932533574,0.3601015879362821,0.463883950583171,0.7458755999933927,0.36503588862135067,0.34267929203342645,0.5287965354034966,0.6345558424841959
hrl,multi,0,weighted_cka,1,1468,3.087780528115233,233.0,0.7072117328643799,0.7040544152259827,1,0.0,0.5146300880192055,5,0,off,0,0,0.0,0.0,0.0,0.9207608402362092,0.5093074043802917,0.37736124808294685,0.6332854742743074,0.3361379320785727,0.31092762906290583,0.5146300880192055,0.6175561056230466
hrl,multi,0,weighted_cka,1,1469,2.4077897279186598,300.2,0.6560100317001343,0.4598769545555115,0,0.0,0.4012982879864433,5,0,off,0,0,0.0,0.0,0.0,0.8356248654198569,0.5134527034647762,0.5311254275362006,-0.2062943463833075,0.3382954159214859,0.3955856619596481,0.4012982879864433,0.48155794558373194
hrl,multi,0,weighted_cka,1,1470,2.323466412389341,300.29999999999995,0.6601017713546753,0.47401610016822815,0,0.0,0.3872444020648902,5,0,off,0,0,0.0,0.0,0.0,0.8130814715046434,0.451158558879746,0.551951609655749,-0.14425380958477066,0.39472532148167366,0.25680326045230023,0.3872444020648902,0.46469328247786823
hrl,multi,0,weighted_cka,1,1471,2.3379284532094218,300.0,0.6444858312606812,0.40535372495651245,0,0.0,0.3896547422015703,5,0,off,0,0,0.0,0.0,0.0,0.8279279366972246,0.35985694672539825,0.6886242777905426,-0.23130762263946275,0.3769227535801473,0.3159041610555723,0.3896547422015703,0.4675856906418844
hrl,multi,0,weighted_cka,1,1472,2.38735722416677,300.0,0.6781577467918396,0.5708544850349426,0,0.0,0.3978928706944617,5,0,off,0,0,0.0,0.0,0.0,0.8264820327548367,0.36141868481039996,0.7259681588835082,-0.18817978029977572,0.37495594890834755,0.2867121791094541,0.3978928706944617,0.477471444833354
hrl,multi,0,weighted_cka,1,1473,3.157808629381155,215.15,0.7053390145301819,0.7012106776237488,1,0.0,0.5263014382301926,5,0,off,0,0,0.0,0.0,0.0,0.9115443142688308,0.27629550463147456,0.6696963785397819,0.6045115506248547,0.3493667776032525,0.34639410371296103,0.5263014382301926,0.631561725876231
hrl,multi,0,weighted_cka,1,1474,3.2247864622967306,203.0,0.7059205770492554,0.7035976648330688,1,0.0,0.5374644103827886,5,0,off,0,0,0.0,0.0,0.0,0.8927074594423173,0.3615507542677223,0.6645631469069048,0.21603180873766537,0.329994028609246,0.7599392643328755,0.5374644103827886,0.6449572924593463
hrl,multi,0,weighted_cka,1,1475,3.1458022250466553,222.0,0.7054387927055359,0.7004446387290955,1,0.0,0.5243003708411093,5,0,off,0,0,0.0,0.0,0.0,0.954963420730084,0.4365622749142348,0.5127275581136345,0.22210874003870407,0.3908971682059163,0.6285430630440823,0.5243003708411093,0.6291604450093311
hrl,multi,0,weighted_cka,1,1476,3.228709681066404,204.3,0.7031044960021973,0.7020009756088257,1,0.0,0.5381182801777341,5,0,off,0,0,0.0,0.0,0.0,0.8359350625029763,0.5107458730749785,0.48389778268476935,0.6467106918776407,0.33910896643530575,0.41231130449073383,0.5381182801777341,0.6457419362132809
hrl,multi,0,weighted_cka,1,1477,2.432061129047632,300.0,0.6935798525810242,0.6432877779006958,0,0.0,0.4053435215079387,5,0,off,0,0,0.0,0.0,0.0,0.8533454810899964,0.5116173972897231,0.5183421118049881,-0.1724279392777247,0.3582755851955153,0.3629084929451346,0.4053435215079387,0.4864122258095264
hrl,multi,0,weighted_cka,1,1478,2.4244518912986663,300.0,0.6986535787582397,0.6738459467887878,0,0.0,0.40407531521644446,5,0,off,0,0,0.0,0.0,0.0,0.7617089973767285,0.2672847307808697,0.24431904921168446,0.09869932163367023,0.3702816500615153,0.6821581422341987,0.40407531521644446,0.48489037825973336
hrl,multi,0,weighted_cka,1,1479,2.4397101495655065,300.0,0.6945671439170837,0.6319037675857544,0,0.0,0.4066183582609178,5,0,off,0,0,0.0,0.0,0.0,0.789329864018189,0.5131195045243948,0.12032571763871225,-0.11584229058079692,0.354398338257597,0.7783790157074109,0.4066183582609178,0.48794202991310137
hrl,multi,0,weighted_cka,1,1480,2.359424290689033,300.15,0.6468766927719116,0.4104728400707245,0,0.0,0.3932373817815055,5,0,off,0,0,0.0,0.0,0.0,0.8444050885224713,0.5054277748391032,0.4773248997731133,-0.20533609648066375,0.42160725819406786,0.3159953658409416,0.3932373817815055,0.4718848581378066
hrl,multi,0,weighted_cka,1,1481,3.146782916330085,222.1,0.7038027048110962,0.7008649110794067,1,0.0,0.5244638193883476,5,0,off,0,0,0.0,0.0,0.0,0.8031618739584517,0.5067298629842698,0.5348623784468508,0.5971550781093536,0.3459999822117388,0.35887374061942096,0.5244638193883476,0.6293565832660171
hrl,multi,0,weighted_cka,1,1482,3.1409026504259545,221.2,0.7057431936264038,0.7019780874252319,1,0.0,0.5234837750709924,5,0,off,0,0,0.0,0.0,0.0,0.4497131168313788,0.35316435979306693,0.6536445411657913,0.595839816302061,0.3784959615429397,0.7100448547907174,0.5234837750709924,0.6281805300851909
hrl,multi,0,weighted_cka,1,1483,3.2363993763409544,201.2,0.7043042182922363,0.7029316425323486,1,0.0,0.5393998960568259,5,0,off,0,0,0.0,0.0,0.0,0.8754543317381757,0.3548166045043617,0.7008648778027854,0.21296766852587456,0.34835151705075984,0.7439443767189979,0.5393998960568259,0.6472798752681911
hrl,multi,0,weighted_cka,1,1484,2.409474039921163,300.15,0.6893618702888489,0.6202778220176697,0,0.0,0.4015790066535272,5,0,off,0,0,0.0,0.0,0.0,0.8403499299866378,0.35508693415299053,0.6618124604804906,-0.14968653266585932,0.3412903184075839,0.36062092955932024,0.4015790066535272,0.4818948079842326
hrl,multi,0,weighted_cka,1,1485,3.1470507038843922,216.0,0.7068210244178772,0.7023488879203796,1,0.0,0.5245084506473988,5,0,off,0,0,0.0,0.0,0.0,0.8171932313150899,0.36150321490690107,0.6609989305357448,0.6049640374812296,-0.038028045859915524,0.740419335505343,0.5245084506473988,0.6294101407768785
hrl,multi,0,weighted_cka,1,1486,3.302616497223037,194.0,0.703892171382904,0.7023488879203796,1,0.0,0.5504360828705063,5,0,off,0,0,0.0,0.0,0.0,0.905003984027542,0.5173244375288486,0.10646014958433803,0.2747028082199394,0.40964261807618263,1.089482499786187,0.5504360828705063,0.6605232994446075
hrl,multi,0,weighted_cka,1,1487,3.132763085835634,224.0,0.705289363861084,0.7005179524421692,1,0.0,0.5221271809726057,5,0,off,0,0,0.0,0.0,0.0,0.7699202693225159,0.35089574880525465,0.6562750764638184,0.6077345334743148,0.36073631603605455,0.3872011417336762,0.5221271809726057,0.6265526171671267
hrl,multi,0,weighted_cka,1,1488,3.236737953302973,197.0,0.7075502276420593,0.7055925130844116,1,0.0,0.5394563255504955,5,0,off,0,0,0.0,0.0,0.0,0.9594650218120658,0.4365240753218531,0.15179931801371271,0.6088134491555391,0.3516131986257387,0.7285228903740644,0.5394563255504955,0.6473475906605947
hrl,multi,0,weighted_cka,1,1489,2.3655185129304286,300.0,0.6744975447654724,0.5480785369873047,0,0.0,0.3942530854884048,5,0,off,0,0,0.0,0.0,0.0,0.5999814639032698,0.3615507542677223,0.6422106125243007,0.04791420434974114,0.001490173097699759,0.7123713047876954,0.3942530854884048,0.4731037025860858
hrl,multi,0,weighted_cka,1,1490,3.072404193768262,250.1,0.7056030631065369,0.7020613551139832,1,0.0,0.5120673656280438,5,0,off,0,0,0.0,0.0,0.0,0.9513960105951408,0.43976744157820935,0.18290282425098114,0.533432023475025,0.33353744178148914,0.6313684520874172,0.5120673656280438,0.6144808387536524
hrl,multi,0,weighted_cka,1,1491,3.073485996651053,248.15,0.7060493230819702,0.7014849185943604,1,0.0,0.5122476661085089,5,0,off,0,0,0.0,0.0,0.0,0.8143097552096804,0.5536227585561573,0.5633296981318853,0.514587100520235,0.35332646748438123,0.2743102167487144,0.5122476661085089,0.6146971993302107
hrl,multi,0,weighted_cka,1,1492,3.1972953485008317,204.0,0.7050378322601318,0.7007062435150146,1,0.0,0.5328825580834721,5,0,off,0,0,0.0,0.0,0.0,0.41157995913224277,0.3508176969215273,1.0703924245531669,0.20413418007642026,0.40863168783392745,0.7517393999835476,0.5328825580834721,0.6394590697001664
hrl,multi,0,weighted_cka,1,1493,3.218216899607446,196.0,0.7080518007278442,0.7021079659461975,1,0.0,0.5363694832679077,5,0,off,0,0,0.0,0.0,0.0,0.8421128968367119,0.5029474522583186,0.4835825400291941,0.22924516960978503,0.356686636309605,0.8036422045638318,0.5363694832679077,0.6436433799214892
hrl,multi,0,weighted_cka,1,1494,3.235887437171709,206.0,0.707971453666687,0.7023488879203796,1,0.0,0.5393145728619516,5,0,off,0,0,0.0,0.0,0.0,0.8422955694530972,0.5108194710314273,0.5389960961979813,0.2221992209218442,0.36455268534948115,0.7570243942178785,0.5393145728619516,0.6471774874343419
hrl,multi,0,weighted_cka,1,1495,3.1972595832398283,202.5,0.7103735208511353,0.7040718197822571,1,0.0,0.532876597206638,5,0,off,0,0,0.0,0.0,0.0,0.9703922209274022,0.41788169029727573,0.11750787925533945,0.23384315600246186,0.37411161882212757,1.0835230179352218,0.532876597206638,0.6394519166479656
hrl,multi,0,weighted_cka,1,1496,3.207561871280386,212.2,0.7080037593841553,0.7044250965118408,1,0.0,0.5345936452133978,5,0,off,0,0,0.0,0.0,0.0,0.9220457376590928,0.423143809441477,0.46175931093562383,0.22894787747412915,0.39298069605059566,0.7786844397194683,0.5345936452133978,0.6415123742560773
hrl,multi,0,weighted_cka,1,1497,3.2213541764471,208.0,0.706735372543335,0.7015607357025146,1,0.0,0.5368923627411833,5,0,off,0,0,0.0,0.0,0.0,0.8844299597910138,0.5132901178263127,0.49093555224640284,0.25264304462820286,0.33961163630157526,0.740443865653593,0.5368923627411833,0.6442708352894201
hrl,multi,0,weighted_cka,1,1498,3.135285437240264,217.0,0.7052204608917236,0.7011104226112366,1,0.0,0.5225475728733775,5,0,off,0,0,0.0,0.0,0.0,0.8563575569801031,0.8739493441013618,0.1356714916862547,0.2228149495609104,0.3492517910511232,0.6972403038605115,0.5225475728733775,0.627057087448053
hrl,multi,0,weighted_cka,1,1499,3.1539300897612255,213.25,0.7061136364936829,0.7012293934822083,1,0.0,0.5256550149602043,5,0,off,0,0,0.0,0.0,0.0,0.8443639563933246,0.4980246757511049,0.48290157576696935,0.2237068141549825,0.351378547655724,0.7535545200391207,0.5256550149602043,0.6307860179522452
hrl,multi,0,weighted_cka,1,1500,3.2010715062611492,205.1,0.7112675905227661,0.7020758986473083,1,0.0,0.5335119177101916,5,0,off,0,0,0.0,0.0,0.0,0.8381368850036522,0.5074681147243827,0.6380834611225873,0.641879872972262,-0.012676820934750269,0.5881799933730159,0.5335119177101916,0.6402143012522299
hrl,multi,0,weighted_cka,1,1501,3.1545522313387964,216.5,0.7059842944145203,0.7027033567428589,1,0.0,0.5257587052231327,5,0,off,0,0,0.0,0.0,0.0,0.8179631605801895,0.5126101680621504,0.48655347795970727,0.22042617158405475,0.41119968574523214,0.7057995674074626,0.5257587052231327,0.6309104462677593
hrl,multi,0,weighted_cka,1,1502,3.225598585472949,202.15,0.7042040824890137,0.7003996968269348,1,0.0,0.5375997642454916,5,0,off,0,0,0.0,0.0,0.0,0.8893162651872261,0.37580787349492306,0.658053005310241,0.18240746255964035,0.3549989094868724,0.7650150694340467,0.5375997642454916,0.6451197170945899
hrl,multi,0,weighted_cka,1,1503,3.25133474436422,205.1,0.7048369646072388,0.7026171684265137,1,0.0,0.5418891240607033,5,0,off,0,0,0.0,0.0,0.0,0.817049232071149,0.5221069958619773,0.5283794013299047,0.6716668723039328,0.3715206459354958,0.340611596861761,0.5418891240607033,0.650266948872844
hrl,multi,0,weighted_cka,1,1504,3.168654381702551,218.0,0.7048522233963013,0.7008753418922424,1,0.0,0.5281090636170919,5,0,off,0,0,0.0,0.0,0.0,0.8205295334780965,0.5050677269287407,0.5120438608359544,0.6094104511830954,0.3289712105507496,0.3926315987259149,0.5281090636170919,0.6337308763405103
hrl,multi,0,weighted_cka,1,1505,3.2028278458575183,217.29999999999998,0.7053426504135132,0.703302264213562,1,0.0,0.533804640976253,5,0,off,0,0,0.0,0.0,0.0,0.8612504723391902,0.5074623258374631,0.5100799676838795,0.6114902799110858,0.3645611903618555,0.34798360972404474,0.533804640976253,0.6405655691715036
hrl,multi,0,weighted_cka,1,1506,3.2226800636042365,200.4,0.7068134546279907,0.7017161846160889,1,0.0,0.5371133439340394,5,0,off,0,0,0.0,0.0,0.0,0.8781081252759321,0.5033948293891735,0.5328354061376303,0.23941617783252145,0.3552040870317723,0.7137214379372074,0.5371133439340394,0.6445360127208473
hrl,multi,0,weighted_cka,1,1507,3.226198026186742,199.0,0.7060102224349976,0.7017161846160889,1,0.0,0.5376996710311238,5,0,off,0,0,0.0,0.0,0.0,0.8200837540138016,0.3775456905141472,0.6767461082995868,0.2494356293715536,0.359109389976511,0.7432774540111422,0.5376996710311238,0.6452396052373486
hrl,multi,0,weighted_cka,1,1508,3.1918022782016098,209.15,0.7065893411636353,0.7023488879203796,1,0.0,0.531967046366935,5,0,off,0,0,0.0,0.0,0.0,0.9351811075520234,0.3974947726037352,0.4472267528977244,0.2338772519733756,0.3732579223156935,0.8047644708590582,0.531967046366935,0.6383604556403221
hrl,multi,0,weighted_cka,1,1509,3.2253160311484814,201.0,0.7034074068069458,0.7001793384552002,1,0.0,0.5375526718580802,5,0,off,0,0,0.0,0.0,0.0,0.8504633260515982,0.5360508914310484,0.5177959675416349,0.23517146024107927,0.34819218709046246,0.7376421987926587,0.5375526718580802,0.6450632062296963
hrl,multi,0,weighted_cka,1,1510,3.202353038817736,206.15,0.7063751220703125,0.7004686594009399,1,0.0,0.5337255064696227,5,0,off,0,0,0.0,0.0,0.0,0.9352212891597299,0.42923702817410225,0.42560754118114696,0.2476431388035416,0.4057453112453221,0.7588987302538939,0.5337255064696227,0.6404706077635473
hrl,multi,0,weighted_cka,1,1511,2.3422850111732245,300.0,0.6722296476364136,0.5400041341781616,0,0.0,0.3903808351955375,5,0,off,0,0,0.0,0.0,0.0,0.8334212555497068,0.8840259774769655,0.5027318848632275,-0.18846670056035544,0.3669562141590285,-0.0563836203153478,0.3903808351955375,0.468457002234645
hrl,multi,0,weighted_cka,1,1512,3.167527139913098,220.1,0.7066037058830261,0.7007651925086975,1,0.0,0.5279211899855164,5,0,off,0,0,0.0,0.0,0.0,0.8209609221212048,0.5421062838844954,0.500638264666777,0.2022262127771972,0.3803692494358401,0.7212262070275843,0.5279211899855164,0.6335054279826198
hrl,multi,0,weighted_cka,1,1513,3.2200072494008567,208.1,0.7031474709510803,0.7000621557235718,1,0.0,0.5366678749001428,5,0,off,0,0,0.0,0.0,0.0,0.8528055705882142,0.5158644056469202,0.5376499656336381,0.607909914728254,0.36938209303445174,0.3363952997693792,0.5366678749001428,0.6440014498801714
hrl,multi,0,weighted_cka,1,1514,2.3649594684015014,300.0,0.6673535704612732,0.5087457299232483,0,0.0,0.3941599114002503,5,0,off,0,0,0.0,0.0,0.0,0.8790711810026549,0.8386304197318385,0.5011775162698467,-0.14401376452669543,-0.06720663916156637,0.3573007550854236,0.3941599114002503,0.47299189368030037
hrl,multi,0,weighted_cka,1,1515,3.1837924983012478,219.0,0.7045155167579651,0.7005990147590637,1,0.0,0.5306320830502079,5,0,off,0,0,0.0,0.0,0.0,0.8249700499344615,0.49063607636839146,0.5384417658606543,0.24258017619699235,0.359454378222581,0.7277100517181678,0.5306320830502079,0.6367584996602496
hrl,multi,0,weighted_cka,1,1516,3.254804420156258,199.25,0.7052816152572632,0.7020009756088257,1,0.0,0.5424674033593764,5,0,off,0,0,0.0,0.0,0.0,0.8616339477065483,0.5067298629842698,0.5252958825072273,0.2335790370255708,0.3397703201905824,0.7877953697420599,0.5424674033593764,0.6509608840312516
hrl,multi,0,weighted_cka,1,1517,3.082114920441386,232.15,0.7033006548881531,0.7004686594009399,1,0.0,0.5136858200735644,5,0,off,0,0,0.0,0.0,0.0,0.8077523477119392,0.838537936371751,0.41109505739388974,0.24009138956665987,0.4019947607137727,0.3826434286833741,0.5136858200735644,0.6164229840882773
hrl,multi,0,weighted_cka,1,1518,3.247661913834511,199.0,0.7069306373596191,0.7033283114433289,1,0.0,0.5412769856390852,5,0,off,0,0,0.0,0.0,0.0,0.8320247967443427,0.9340794255584478,0.5357725352728738,0.20988286462519312,0.39027895274478935,0.3456233388888649,0.5412769856390852,0.6495323827669023
hrl,multi,0,weighted_cka,1,1519,3.1280915565178717,218.0,0.7049981951713562,0.7028491497039795,1,0.0,0.5213485927529786,5,0,off,0,0,0.0,0.0,0.0,0.8435038742694886,0.5097591803651302,0.4702922474863006,0.6102221199944614,0.361647714929888,0.33266641947260356,0.5213485927529786,0.6256183113035744
hrl,multi,0,weighted_cka,1,1520,3.2182038218056284,212.0,0.706477165222168,0.7023488879203796,1,0.0,0.5363673036342714,5,0,off,0,0,0.0,0.0,0.0,0.8484720294653815,0.5067298629842698,0.50517633949453,0.6037445801012217,0.33862613689872156,0.4154548728615045,0.5363673036342714,0.6436407643611257
hrl,multi,0,weighted_cka,1,1521,3.1898966585452424,199.0,0.7046306133270264,0.7007976174354553,1,0.0,0.5316494430908737,5,0,off,0,0,0.0,0.0,0.0,0.8419878168567082,0.4814657235201447,0.47041974795097474,0.21976458360999818,0.3933737850566394,0.7828850015507778,0.5316494430908737,0.6379793317090485
hrl,multi,0,weighted_cka,1,1522,3.206411690738901,202.15,0.7065180540084839,0.7003161907196045,1,0.0,0.5344019484564835,5,0,off,0,0,0.0,0.0,0.0,0.8114833352743297,0.5165657495763152,0.5430268272510729,0.23486794956028456,0.38385291899251744,0.7166149100843817,0.5344019484564835,0.6412823381477801
hrl,multi,0,weighted_cka,1,1523,3.2198917617729097,206.1,0.7056055665016174,0.7023488879203796,1,0.0,0.5366486269621517,5,0,off,0,0,0.0,0.0,0.0,0.8330136098246729,0.359905931033194,0.6676755715101025,0.22637473266199226,0.3679232972778845,0.7649986194650642,0.5366486269621517,0.643978352354582
hrl,multi,0,weighted_cka,1,1524,3.2460311680341536,184.0,0.7073155641555786,0.7023488879203796,1,0.0,0.541005194672359,5,0,off,0,0,0.0,0.0,0.0,0.8473749329440469,0.5041912997663021,0.09214984108507629,0.2616804389804601,0.40256501914584064,1.1380696361124283,0.541005194672359,0.6492062336068308
hrl,multi,0,weighted_cka,1,1525,3.1012418463977798,232.0,0.7077654600143433,0.7041264176368713,1,0.0,0.5168736410662967,5,0,off,0,0,0.0,0.0,0.0,0.8214836516124194,0.359905931033194,0.6159722253493963,0.19732204205915327,0.3528758198267605,0.7536821765168569,0.5168736410662967,0.6202483692795561
hrl,multi,0,weighted_cka,1,1526,3.223849921398411,198.1,0.7077725529670715,0.7013586759567261,1,0.0,0.5373083202330685,5,0,off,0,0,0.0,0.0,0.0,0.8663960009464061,0.4940847450457513,0.470363343796227,0.2293072552978992,0.3996741934457676,0.7640243828663602,0.5373083202330685,0.6447699842796822
hrl,multi,0,weighted_cka,1,1527,3.1045532419433135,237.0,0.706084132194519,0.7023756504058838,1,0.0,0.5174255403238855,5,0,off,0,0,0.0,0.0,0.0,0.8182921039257779,0.36026991331577296,0.6174039135258643,0.6112826844146474,0.32863551419066783,0.36866911257058377,0.5174255403238855,0.6209106483886627
hrl,multi,0,weighted_cka,1,1528,3.0217437134544958,244.0,0.7058417201042175,0.7015745639801025,1,0.0,0.5036239522424161,5,0,off,0,0,0.0,0.0,0.0,0.8235544855024198,0.7809502509228557,0.4549119618455878,0.22796259500086302,0.3395856448782142,0.3947787753045559,0.5036239522424161,0.6043487426908993
hrl,multi,0,weighted_cka,1,1529,3.1942352944480215,201.0,0.7086678743362427,0.7041109204292297,1,0.0,0.5323725490746704,5,0,off,0,0,0.0,0.0,0.0,0.8662802398126367,0.4649497730247676,0.49024186228821043,0.23132482083514327,0.35174889746532423,0.7896897010219399,0.5323725490746704,0.6388470588896045
hrl,multi,0,weighted_cka,1,1530,3.228158192619686,208.15,0.7030383348464966,0.7004961967468262,1,0.0,0.5380263654366144,5,0,off,0,0,0.0,0.0,0.0,0.8351674005940147,0.5322603342793881,0.6114241074565797,0.5947238883515819,0.3607628088353667,0.29381965310275554,0.5380263654366144,0.6456316385239373
hrl,multi,0,weighted_cka,1,1531,3.1703112243519502,213.1,0.7049539089202881,0.7023488879203796,1,0.0,0.5283852040586584,5,0,off,0,0,0.0,0.0,0.0,0.8886477855765259,0.47700439818203444,0.500552586941514,0.6564978467468171,0.3419638858828111,0.30564472102224827,0.5283852040586584,0.6340622448703901
hrl,multi,0,weighted_cka,1,1532,3.1802075561282788,215.0,0.7031970024108887,0.7008038759231567,1,0.0,0.5300345926880464,5,0,off,0,0,0.0,0.0,0.0,0.8390482062326444,0.49814932240173215,0.4539801163114606,0.6069999383427201,0.40454132534479126,0.3774886474949307,0.5300345926880464,0.6360415112256558
hrl,multi,0,weighted_cka,1,1533,3.2167422924448026,203.0,0.7038836479187012,0.7012060284614563,1,0.0,0.5361237154074672,5,0,off,0,0,0.0,0.0,0.0,0.8932041075779124,0.5141679191309958,0.4902014214801601,0.6051650861599481,0.36364704473374876,0.3503567133620381,0.5361237154074672,0.6433484584889606
hrl,multi,0,weighted_cka,1,1534,3.148288963236641,216.0,0.7056540250778198,0.7007074356079102,1,0.0,0.5247148272061068,5,0,off,0,0,0.0,0.0,0.0,0.8933260212568565,0.5067298629842698,0.5646916062901727,0.5293394099422729,0.3408735533950675,0.31332850936800244,0.5247148272061068,0.6296577926473282
hrl,multi,0,weighted_cka,1,1535,3.183044319620681,212.15,0.7053191065788269,0.7023324370384216,1,0.0,0.5305073866034468,5,0,off,0,0,0.0,0.0,0.0,0.899774541383609,0.45024797325953836,0.49121789531595994,0.6053317722799255,0.358524664187571,0.3779474731940776,0.5305073866034468,0.6366088639241362
hrl,multi,0,weighted_cka,1,1536,3.147086447483137,215.15,0.7050767540931702,0.7023488879203796,1,0.0,0.5245144079138562,5,0,off,0,0,0.0,0.0,0.0,0.8127490635731954,0.3576308343149721,0.6684283094578422,0.6105454534227027,0.35446120219468136,0.3432715845197439,0.5245144079138562,0.6294172894966275
hrl,multi,0,weighted_cka,1,1537,3.1537504362193856,213.0,0.7028372883796692,0.7006515264511108,1,0.0,0.525625072703231,5,0,off,0,0,0.0,0.0,0.0,0.8313836220239753,0.8666000582836567,0.490135237188544,0.5950600862484424,0.3700458818336482,0.00052555064111948,0.525625072703231,0.6307500872438772
hrl,multi,0,weighted_cka,1,1538,3.160916181790292,214.0,0.7072542905807495,0.7023488879203796,1,0.0,0.5268193636317154,5,0,off,0,0,0.0,0.0,0.0,0.8405902595749356,0.5115587800368666,0.5166699421028605,0.20632997883297488,0.3445897669885307,0.7411774542541243,0.5268193636317154,0.6321832363580585
hrl,multi,0,weighted_cka,1,1539,3.141398869125826,219.0,0.7065731287002563,0.7040888071060181,1,0.0,0.5235664781876377,5,0,off,0,0,0.0,0.0,0.0,0.8148963924125999,0.3579497302975505,0.6702466024649328,0.6067239778749643,0.35403955012008365,0.33754261595569546,0.5235664781876377,0.6282797738251652
hrl,multi,0,weighted_cka,1,1540,3.2714841238687735,198.1,0.7067952156066895,0.7002922296524048,1,0.0,0.545247353978129,5,0,off,0,0,0.0,0.0,0.0,0.8229709075018762,0.5114386122263967,0.6071695625768042,0.23714134009554977,0.36299483763333407,0.7297688638348132,0.545247353978129,0.6542968247737548
hrl,multi,0,weighted_cka,1,1541,3.2415810507080973,204.35,0.7074192762374878,0.7023488879203796,1,0.0,0.5402635084513495,5,0,off,0,0,0.0,0.0,0.0,0.8267080863351001,0.5102732544466853,0.5103256705547682,0.2345091773718595,0.3833680207135621,0.7763968412861227,0.5402635084513495,0.6483162101416194
hrl,multi,0,weighted_cka,1,1542,3.2088913640337475,201.0,0.7073023319244385,0.701999843120575,1,0.0,0.5348152273389579,5,0,off,0,0,0.0,0.0,0.0,0.8647661598930206,0.5052280463408678,0.20905608973093326,0.6127551322970538,0.3762725339535972,0.6408134018182754,0.5348152273389579,0.6417782728067495
hrl,multi,0,weighted_cka,1,1543,3.247206948692001,202.1,0.708260178565979,0.7018335461616516,1,0.0,0.5412011581153336,5,0,off,0,0,0.0,0.0,0.0,0.8687444075804668,0.48120506932586427,0.5295371417519635,0.21016213582828636,0.337182928139111,0.82037526606631,0.5412011581153336,0.6494413897384004
hrl,multi,0,weighted_cka,1,1544,3.103079920586017,234.1,0.7057926058769226,0.7023488879203796,1,0.0,0.5171799867643362,5,0,off,0,0,0.0,0.0,0.0,0.8470894482376751,0.36366526722535486,0.6322082012181635,0.6006970145944505,0.3070338560582895,0.35238613325208423,0.5171799867643362,0.6206159841172034
hrl,multi,0,weighted_cka,1,1545,3.2478394250944245,215.0,0.7057418823242188,0.7023488879203796,1,0.0,0.5413065708490709,5,0,off,0,0,0.0,0.0,0.0,0.8301986484064253,0.5042216348052024,0.504712808374781,0.6204959500096737,0.3625890678365249,0.4256213156618177,0.5413065708490709,0.649567885018885
hrl,multi,0,weighted_cka,1,1546,3.2322269606895646,208.1,0.7031956315040588,0.7002825736999512,1,0.0,0.5387044934482608,5,0,off,0,0,0.0,0.0,0.0,0.8420099823123454,0.5132901178263127,0.5287334125973283,0.6035894685746169,0.398237178591662,0.3463668007872998,0.5387044934482608,0.646445392137913
hrl,multi,0,weighted_cka,1,1547,3.2103445132699573,208.15,0.7072807550430298,0.7042462825775146,1,0.0,0.5350574188783263,5,0,off,0,0,0.0,0.0,0.0,0.8525405049477702,0.49203638179227704,0.5464681822522542,0.2555526188202202,0.375048598331632,0.6886982271258042,0.5350574188783263,0.6420689026539914
hrl,multi,0,weighted_cka,1,1548,3.1386677973259927,221.0,0.7091063857078552,0.7043435573577881,1,0.0,0.5231112995543321,5,0,off,0,0,0.0,0.0,0.0,0.7052308292351661,0.28171969866938884,0.4361649409616365,0.6236964789435732,0.3712349670237162,0.7206208824925124,0.5231112995543321,0.6277335594651985
hrl,multi,0,weighted_cka,1,1549,3.141813394927442,219.1,0.7068492770195007,0.7002707123756409,1,0.0,0.5236355658212403,5,0,off,0,0,0.0,0.0,0.0,0.8584195916071474,0.5059654166512191,0.563810287700966,0.5076359772030262,0.3883371133003674,0.3176450084647163,0.5236355658212403,0.6283626789854884
hrl,multi,0,weighted_cka,1,1550,3.219628763955551,200.0,0.7054909467697144,0.7011505365371704,1,0.0,0.5366047939925919,5,0,off,0,0,0.0,0.0,0.0,0.8175484879382419,0.3528831897825002,0.6894737055040895,0.24747036635875697,0.3865194483615923,0.7257335660103708,0.5366047939925919,0.6439257527911103
hrl,multi,0,weighted_cka,1,1551,3.169713285695606,211.15,0.7041488885879517,0.7004686594009399,1,0.0,0.5282855476159344,5,0,off,0,0,0.0,0.0,0.0,0.8252105849657526,0.4806356791071593,0.4935588097064755,0.604395161539316,0.450930469914805,0.3149825804620981,0.5282855476159344,0.6339426571391212
hrl,multi,0,weighted_cka,1,1552,3.1716716430378953,218.0,0.7075661420822144,0.7021501064300537,1,0.0,0.528611940506316,5,0,off,0,0,0.0,0.0,0.0,0.910085085228269,0.4357995776049792,0.49318916084989894,0.2093984414953738,0.3274850749567994,0.7957143029025755,0.528611940506316,0.6343343286075791
hrl,multi,0,weighted_cka,1,1553,3.2440681732963643,197.1,0.7047799229621887,0.7015987634658813,1,0.0,0.5406780288827274,5,0,off,0,0,0.0,0.0,0.0,1.0316260062735525,0.3746414257306605,0.5386559923923341,0.22059219913929695,0.39550539414916414,0.6830471556113566,0.5406780288827274,0.6488136346592729
hrl,multi,0,weighted_cka,1,1554,3.2050764364472317,209.15,0.7090741991996765,0.7056190371513367,1,0.0,0.5341794060745387,5,0,off,0,0,0.0,0.0,0.0,0.8009767043078316,0.38891209546849126,0.6752682272559031,0.2307404443249106,0.3875862548078148,0.721592710282281,0.5341794060745387,0.6410152872894465
hrl,multi,0,weighted_cka,1,1555,3.169929375332546,213.0,0.7073454260826111,0.7023372054100037,1,0.0,0.5283215625554244,5,0,off,0,0,0.0,0.0,0.0,0.8477434648275374,0.5054413686133921,0.522684262504801,0.5922219479540362,0.3378881665708031,0.3639501648619771,0.5283215625554244,0.6339858750665093
hrl,multi,0,weighted_cka,1,1556,3.1519130770629697,214.25,0.7029274702072144,0.7016706466674805,1,0.0,0.5253188461771616,5,0,off,0,0,0.0,0.0,0.0,0.8718259120769215,0.3579497302975505,0.6190497980266808,0.5957671849525067,0.3439624923964583,0.3633579593128524,0.5253188461771616,0.630382615412594
hrl,multi,0,weighted_cka,1,1557,3.096994229861061,246.0,0.7066472172737122,0.7026171684265137,1,0.0,0.5161657049768436,5,0,off,0,0,0.0,0.0,0.0,0.8929862152659332,0.35702382150106127,0.7089428822076879,0.07330106372338907,0.33421085051796395,0.7305293966450261,0.5161657049768436,0.6193988459722123
hrl,multi,0,weighted_cka,1,1558,2.986391211488865,259.0,0.7064283490180969,0.7016554474830627,1,0.0,0.4977318685814775,5,0,off,0,0,0.0,0.0,0.0,0.4280656970898852,0.24723459040746087,0.5761936368318273,1.0684148161159825,0.34527421393315305,0.32120825711055645,0.4977318685814775,0.5972782422977729
hrl,multi,0,weighted_cka,1,1559,3.1775665579510375,218.0,0.7041927576065063,0.7004915475845337,1,0.0,0.529594426325173,5,0,off,0,0,0.0,0.0,0.0,0.9361324645681305,0.428404822345823,0.515395384303294,0.6064042407488449,0.3586931540619116,0.33253649192303414,0.529594426325173,0.6355133115902076
hrl,multi,0,weighted_cka,1,1560,3.190882116520894,218.1,0.7040494084358215,0.7008915543556213,1,0.0,0.5318136860868157,5,0,off,0,0,0.0,0.0,0.0,0.8331840240042655,0.5101797644570469,0.5347592737157828,0.6073080699825658,0.36738572252190344,0.33806526183933017,0.5318136860868157,0.6381764233041788
hrl,multi,0,weighted_cka,1,1561,3.2610418263620686,200.2,0.7059615850448608,0.700715184211731,1,0.0,0.5435069710603448,5,0,off,0,0,0.0,0.0,0.0,0.8208567236827219,0.5129449026249349,0.1325503705013542,0.22998610451444979,0.38078346855402917,1.1839202564845794,0.5435069710603448,0.6522083652724138
hrl,multi,0,weighted_cka,1,1562,3.1928975215741073,205.25,0.7056440711021423,0.7019999027252197,1,0.0,0.5321495869290179,5,0,off,0,0,0.0,0.0,0.0,0.9255102918772607,0.425137694325298,0.5225233737942762,0.2358893622271716,0.3638477042247541,0.7199890951253474,0.5321495869290179,0.6385795043148216
hrl,multi,0,weighted_cka,1,1563,3.2694637428254345,210.5,0.7080146670341492,0.7004636526107788,1,0.0,0.544910623804239,5,0,off,0,0,0.0,0.0,0.0,0.8635472276231738,0.5108194710314273,0.5461782810376025,0.2318538441881537,0.36547977928305037,0.7515851396620272,0.544910623804239,0.653892748565087
hrl,multi,0,weighted_cka,1,1564,3.25551061658071,193.2,0.7032614946365356,0.7011474967002869,1,0.0,0.5425851027634517,5,0,off,0,0,0.0,0.0,0.0,0.8901865243837236,0.5148696245290338,0.5233199661229736,0.20449791136756534,0.3441092528386507,0.7785273373387637,0.5425851027634517,0.651102123316142
hrl,multi,0,weighted_cka,1,1565,3.171586317719195,214.2,0.7082374691963196,0.704849898815155,1,0.0,0.5285977196198658,5,0,off,0,0,0.0,0.0,0.0,0.8651527441297656,0.5113912777565419,0.524346160490997,0.24468019889667625,0.3688147437665174,0.6572011926786973,0.5285977196198658,0.634317263543839
hrl,multi,0,weighted_cka,1,1566,3.2485137105283695,208.15,0.7087339162826538,0.7025312781333923,1,0.0,0.5414189517547282,5,0,off,0,0,0.0,0.0,0.0,0.8753744264270643,0.5093527546674013,0.5557797295255585,0.20715097925625736,0.37528878965032336,0.7255670310017652,0.5414189517547282,0.6497027421056739
hrl,multi,0,weighted_cka,1,1567,3.003719190537308,241.0,0.7036795616149902,0.7014052271842957,1,0.0,0.5006198650895514,5,0,off,0,0,0.0,0.0,0.0,0.9010879413889487,0.7363829107757681,0.11019473564624782,0.6088216831376775,0.35519257393680154,0.29203934565186496,0.5006198650895514,0.6007438381074617
hrl,multi,0,weighted_cka,1,1568,3.1753307864802616,210.0,0.7045318484306335,0.7009038329124451,1,0.0,0.5292217977467103,5,0,off,0,0,0.0,0.0,0.0,0.8461408429327856,0.2494099243599921,0.6534141363215166,0.722374772123061,0.3986589554798555,0.30533215526305135,0.5292217977467103,0.6350661572960523
hrl,multi,0,weighted_cka,1,1569,3.1718510118457477,207.0,0.7067912817001343,0.7010223865509033,1,0.0,0.5286418353076248,5,0,off,0,0,0.0,0.0,0.0,0.8886166051141916,0.5088500905372202,0.43925745675899075,0.23442017292603845,0.3434386109402403,0.7572680755690671,0.5286418353076248,0.6343702023691498
hrl,multi,0,weighted_cka,1,1570,3.197326584532914,209.0,0.7056804895401001,0.7020325064659119,1,0.0,0.532887764088819,5,0,off,0,0,0.0,0.0,0.0,0.8578782195922102,0.5094811800252645,0.49542564691323776,0.5939465609542093,0.3759447210028301,0.36465025604516266,0.532887764088819,0.6394653169065828
hrl,multi,0,weighted_cka,1,1571,3.2121514851279196,201.0,0.7087985873222351,0.705048143863678,1,0.0,0.5353585808546533,5,0,off,0,0,0.0,0.0,0.0,0.8651401400530593,0.5092762749418616,0.4975252976506016,0.19841932697221631,0.3484638701771618,0.7933265753330196,0.5353585808546533,0.642430297025584
hrl,multi,0,weighted_cka,1,1572,3.1095093060512085,232.35,0.707132875919342,0.7036852836608887,1,0.0,0.5182515510085347,5,0,off,0,0,0.0,0.0,0.0,0.8053378936704246,0.3548166045043617,0.6004347182344644,0.2439580433517694,0.39742442909767844,0.7075376171925104,0.5182515510085347,0.6219018612102417
hrl,multi,0,weighted_cka,1,1573,2.846318284870473,293.0,0.7049039602279663,0.7035968899726868,1,0.0,0.47438638081174567,5,0,off,0,0,0.0,0.0,0.0,0.8950752920545636,0.84848397881072,0.42995922134816633,-0.3328987542930992,0.3355494044667575,0.6701491424833657,0.47438638081174567,0.5692636569740948
hrl,multi,0,weighted_cka,1,1574,3.1169806889815943,228.25,0.7029719948768616,0.7003533244132996,1,0.0,0.5194967814969323,5,0,off,0,0,0.0,0.0,0.0,0.8339450903356772,0.5337931902743875,0.46382335738651437,0.611513219507411,0.3787168680271133,0.2951889634504914,0.5194967814969323,0.6233961377963189
hrl,multi,0,weighted_cka,1,1575,3.2176820934112245,209.0,0.7070940136909485,0.7050346732139587,1,0.0,0.5362803489018707,5,0,off,0,0,0.0,0.0,0.0,0.8168617917094451,0.512809179123491,0.5197040558191947,0.6116806056909262,0.3707477570679038,0.3858787040002644,0.5362803489018707,0.6435364186822449
hrl,multi,0,weighted_cka,1,1576,3.177498795969003,210.0,0.7058688402175903,0.7023488879203796,1,0.0,0.5295831326615006,5,0,off,0,0,0.0,0.0,0.0,0.8756884192105497,0.36125372523069377,0.6569908344750292,0.5996764897108077,0.3217618855985347,0.36212744174338873,0.5295831326615006,0.6354997591938008
hrl,multi,0,weighted_cka,1,1577,3.1395993137255997,213.0,0.705769419670105,0.7007790207862854,1,0.0,0.5232665522876,5,0,off,0,0,0.0,0.0,0.0,0.8622733670875894,0.49063016540557136,0.5304326794790103,0.547490384120494,0.3720169348182389,0.3367557828146964,0.5232665522876,0.6279198627451199
hrl,multi,0,weighted_cka,1,1578,3.217018633856786,225.0,0.7039254903793335,0.7001532912254333,1,0.0,0.5361697723094644,5,0,off,0,0,0.0,0.0,0.0,0.8300780115566156,0.4912906732037663,0.5929332887385971,0.627947557659383,0.3504480739668942,0.32432102873153046,0.5361697723094644,0.6434037267713573
hrl,multi,0,weighted_cka,1,1579,3.1683373519169766,213.1,0.7029500007629395,0.7003301382064819,1,0.0,0.5280562253194961,5,0,off,0,0,0.0,0.0,0.0,0.8375635271866338,0.5002310548485256,0.5324700511624104,0.6076075665129027,0.34948090690770184,0.34098424529880283,0.5280562253194961,0.6336674703833954
hrl,multi,0,weighted_cka,1,1580,3.1253089302184804,227.0,0.7051373720169067,0.7008379697799683,1,0.0,0.52088482170308,5,0,off,0,0,0.0,0.0,0.0,0.8232311055104945,0.4816794858910143,0.5081333439233712,0.574345499482937,0.33924063321892745,0.3986788621917367,0.52088482170308,0.6250617860436961
hrl,multi,0,weighted_cka,1,1581,3.14025213471442,222.0,0.7034600377082825,0.7005323171615601,1,0.0,0.5233753557857367,5,0,off,0,0,0.0,0.0,0.0,0.9285100140532011,0.45652573514729733,0.4839622942013665,0.56002419318413,0.3585890588571783,0.35264083927124734,0.5233753557857367,0.628050426942884
hrl,multi,0,weighted_cka,1,1582,3.1612773054077046,209.1,0.7046416401863098,0.7020009756088257,1,0.0,0.5268795509012841,5,0,off,0,0,0.0,0.0,0.0,0.8284640166729221,0.4786086639054119,0.5132155377444577,0.5942987196706234,0.3708914077130611,0.3757989597012289,0.5268795509012841,0.632255461081541
hrl,multi,0,weighted_cka,1,1583,3.133459560194974,222.15,0.7045471668243408,0.7019588351249695,1,0.0,0.5222432600324957,5,0,off,0,0,0.0,0.0,0.0,0.8133328793132676,0.3456972111575305,0.6709158530789426,0.5885336777279152,0.34242490451679614,0.37255503440052273,0.5222432600324957,0.6266919120389949
hrl,multi,0,weighted_cka,1,1584,3.215602307086227,215.0,0.7071430087089539,0.703105092048645,1,0.0,0.5359337178477045,5,0,off,0,0,0.0,0.0,0.0,0.8351478297648717,0.5021869128234684,0.5815519672101362,0.24648344596475358,0.32962685944512476,0.7206052918778731,0.5359337178477045,0.6431204614172454
hrl,multi,0,weighted_cka,1,1585,3.2038579536882814,203.0,0.706754207611084,0.701689600944519,1,0.0,0.5339763256147135,5,0,off,0,0,0.0,0.0,0.0,0.8724128049351637,0.5208583106845617,0.47318527788715425,0.2536994326487183,0.34806845139130016,0.735633676141384,0.5339763256147135,0.6407715907376563
hrl,multi,0,weighted_cka,1,1586,3.273268344399134,211.1,0.7057141065597534,0.7011601328849792,1,0.0,0.5455447240665224,5,0,off,0,0,0.0,0.0,0.0,0.8457504877552272,0.49254160957783455,0.5370472426919731,0.23949463978037233,0.3486368933797348,0.8097974712139926,0.5455447240665224,0.654653668879827
hrl,multi,0,weighted_cka,1,1587,3.1483620874150353,212.0,0.7064501047134399,0.7023488879203796,1,0.0,0.5247270145691727,5,0,off,0,0,0.0,0.0,0.0,0.9728632944333074,0.7640231867954134,0.4741409825142472,0.21447111206129188,0.328745401201304,0.39411811040947214,0.5247270145691727,0.6296724174830073
hrl,multi,0,weighted_cka,1,1588,3.2438983013474605,205.3,0.709560215473175,0.7048462629318237,1,0.0,0.5406497168912434,5,0,off,0,0,0.0,0.0,0.0,0.8193083479496416,0.4807039457932114,0.5106242886609397,0.23710848908871407,0.37380787147697986,0.8223453583779745,0.5406497168912434,0.6487796602694921
hrl,multi,0,weighted_cka,1,1589,3.1469867121342965,219.0,0.7040058970451355,0.7000251412391663,1,0.0,0.5244977853557161,5,0,off,0,0,0.0,0.0,0.0,0.8267638529829854,0.5114386122263967,0.5140804440812207,0.5914235409004612,0.33675488384452174,0.36652537809871133,0.5244977853557161,0.6293973424268593
hrl,multi,0,weighted_cka,1,1590,2.2655865322683284,300.15,0.6277668476104736,0.3104352355003357,0,0.0,0.3775977553780548,5,0,off,0,0,0.0,0.0,0.0,0.8022388762750486,0.5067298629842698,0.5234215966407209,-0.29360916520655195,0.3621150855894666,0.36469027598537507,0.3775977553780548,0.45311730645366577
hrl,multi,0,weighted_cka,1,1591,3.1428851297648204,224.0,0.7057152986526489,0.7023488879203796,1,0.0,0.5238141882941367,5,0,off,0,0,0.0,0.0,0.0,0.817887187552318,0.5067298629842698,0.4655887521500698,0.6064670794112607,0.3453065522210672,0.4009056954458356,0.5238141882941367,0.628577025952964
hrl,multi,0,weighted_cka,1,1592,3.1634704539899237,214.0,0.7031553983688354,0.7003607749938965,1,0.0,0.5272450756649872,5,0,off,0,0,0.0,0.0,0.0,0.8513657342188524,0.47860922669991846,0.4856026442749425,0.5603967296471818,0.39771592577546827,0.3897801933735609,0.5272450756649872,0.6326940907979848
hrl,multi,0,weighted_cka,1,1593,3.176059229760779,209.0,0.7057164907455444,0.7023488879203796,1,0.0,0.5293432049601298,5,0,off,0,0,0.0,0.0,0.0,0.8326382094145518,0.49449395654350514,0.4630353633179328,0.6147634846642612,0.4025730493599548,0.3685551664605736,0.5293432049601298,0.6352118459521557
hrl,multi,0,weighted_cka,1,1594,3.090885506699348,238.0,0.7044159770011902,0.7005984783172607,1,0.0,0.5151475844498913,5,0,off,0,0,0.0,0.0,0.0,0.7839655522344399,0.3426236443743109,0.6942510435688308,0.5604926649527623,0.3637232062897164,0.3458293952792883,0.5151475844498913,0.6181771013398696
hrl,multi,0,weighted_cka,1,1595,3.168122450990601,208.0,0.7053275108337402,0.7000538110733032,1,0.0,0.5280204084984336,5,0,off,0,0,0.0,0.0,0.0,0.827049844104098,0.5224721385482698,0.49727926713926707,0.5887178194611332,0.3540722271723206,0.3785311545655131,0.5280204084984336,0.6336244901981203
hrl,multi,0,weighted_cka,1,1596,3.1667126347824643,210.15,0.7025020122528076,0.7002825736999512,1,0.0,0.5277854391304108,5,0,off,0,0,0.0,0.0,0.0,0.8804866890383708,0.5132901178263127,0.4605464553092605,0.5936771354451774,0.3361430548180724,0.3825691823452711,0.5277854391304108,0.633342526956493
hrl,multi,0,weighted_cka,1,1597,3.1765181707454455,208.0,0.7038568258285522,0.7000491619110107,1,0.0,0.529419695124241,5,0,off,0,0,0.0,0.0,0.0,0.8215520734224554,0.4539011368835344,0.49077170813968396,0.2106580386497079,0.43858437762339586,0.7610508360266686,0.529419695124241,0.6353036341490892
hrl,multi,0,weighted_cka,1,1598,3.1335490035105455,214.0,0.7036765217781067,0.7002902626991272,1,0.0,0.5222581672517577,5,0,off,0,0,0.0,0.0,0.0,0.8475304371356468,0.8523869490111246,0.4888491866509429,0.6021901930617167,0.34432841999060465,-0.0017361823394894602,0.5222581672517577,0.6267098007021092
hrl,multi,0,weighted_cka,1,1599,3.264102802759501,199.0,0.7084195613861084,0.7022832036018372,1,0.0,0.5440171337932501,5,0,off,0,0,0.0,0.0,0.0,0.8388432905708904,0.5002678482383489,0.5067177549535408,0.23487429000437254,0.3995276211907621,0.7838719978015869,0.5440171337932501,0.6528205605519002
hrl,multi,0,weighted_cka,1,1600,3.191094106449395,206.0,0.7087699770927429,0.7023488879203796,1,0.0,0.5318490177415659,5,0,off,0,0,0.0,0.0,0.0,0.9315545207263202,0.4298358054254203,0.48730344117898483,0.21661044448986644,-0.03061732415971355,1.1564072187885177,0.5318490177415659,0.6382188212898792
hrl,multi,0,weighted_cka,1,1601,3.1658863862840505,211.0,0.7052996158599854,0.7025237679481506,1,0.0,0.5276477310473418,5,0,off,0,0,0.0,0.0,0.0,0.8201205518668574,0.511391067167744,0.5218652069084345,0.6160310409124939,0.35331039028870864,0.34316812913981265,0.5276477310473418,0.6331772772568101
hrl,multi,0,weighted_cka,1,1602,3.149878732613476,213.0,0.7074469327926636,0.7056851983070374,1,0.0,0.5249797887689126,5,0,off,0,0,0.0,0.0,0.0,0.8001790779665169,0.5093918243665247,0.5212489546299911,0.6009747402984648,0.3644264640997134,0.3536576712522656,0.5249797887689126,0.6299757465226952
hrl,multi,0,weighted_cka,1,1603,3.1243541019065293,232.0,0.7065117955207825,0.7025852799415588,1,0.0,0.5207256836510883,5,0,off,0,0,0.0,0.0,0.0,0.820495332050137,0.34240342375263566,0.6645754207950084,0.1876983901150524,0.384751527742017,0.7244300074516794,0.5207256836510883,0.6248708203813059
hrl,multi,0,weighted_cka,1,1604,2.9691134910722017,255.0,0.7039027810096741,0.700125515460968,1,0.0,0.49485224851203374,5,0,off,0,0,0.0,0.0,0.0,0.8213707604515365,0.8531858612506183,0.48862887373939146,0.4785125343994002,0.32741546123125587,0.0,0.49485224851203374,0.5938226982144406
hrl,multi,0,weighted_cka,1,1605,3.194256303311406,204.1,0.7060869932174683,0.701856255531311,1,0.0,0.5323760505519011,5,0,off,0,0,0.0,0.0,0.0,0.8753709262476185,0.5107289410363882,0.48619356724480156,0.6105386343216522,0.34479283043649045,0.3666314040244557,0.5323760505519011,0.6388512606622813
hrl,multi,0,weighted_cka,1,1606,3.126626986519316,219.0,0.7056789398193359,0.7013365030288696,1,0.0,0.5211044977532194,5,0,off,0,0,0.0,0.0,0.0,0.416964780224487,0.9350320115070789,0.4944005513312294,0.5837371864477171,0.3192332539641065,0.3772592030446977,0.5211044977532194,0.6253253973038633
hrl,multi,0,weighted_cka,1,1607,3.183713025094649,207.0,0.7048504948616028,0.702290952205658,1,0.0,0.5306188375157749,5,0,off,0,0,0.0,0.0,0.0,0.8368591008027432,0.4849255754202604,0.48162333023641246,0.6381463083764537,0.40065111638861695,0.34150759387016294,0.5306188375157749,0.6367426050189298
hrl,multi,0,weighted_cka,1,1608,0.9827274731011117,300.0,0.44906583428382874,0.00023148769105318934,0,0.0,0.1637879121835187,5,0,off,0,0,0.0,0.0,0.0,-0.41879642387642585,0.3548166045043617,0.6775847508320584,0.044400592058897015,-0.024713941916590636,0.3494358914988115,0.1637879121835187,0.19654549462022244
hrl,multi,0,weighted_cka,1,1609,3.209347799645177,199.1,0.7064189910888672,0.7020009756088257,1,0.0,0.5348912999408629,5,0,off,0,0,0.0,0.0,0.0,0.5438917585611343,0.47280732164345673,0.4947461687782778,0.6137366074193268,0.3419794971402734,0.7421864461027086,0.5348912999408629,0.6418695599290356
hrl,multi,0,weighted_cka,1,1610,3.239671101681328,196.1,0.7039151191711426,0.7010712623596191,1,0.0,0.5399451836135548,5,0,off,0,0,0.0,0.0,0.0,0.8369187047599406,0.5083488813415169,0.5514027948062866,0.2441919339448213,0.34939925986374143,0.749409526965022,0.5399451836135548,0.6479342203362657
hrl,multi,0,weighted_cka,1,1611,3.110381525346397,221.0,0.7049524188041687,0.7022780179977417,1,0.0,0.5183969208910663,5,0,off,0,0,0.0,0.0,0.0,0.8281009580448734,0.8658932194290682,0.4633927418249658,0.5942815067525952,0.36170196956265127,-0.0029888702677562835,0.5183969208910663,0.6220763050692795
hrl,multi,0,weighted_cka,1,1612,3.191686727805586,206.0,0.7051693797111511,0.7012155055999756,1,0.0,0.5319477879675977,5,0,off,0,0,0.0,0.0,0.0,0.8479905559018369,0.49976946074143047,0.529962845400907,0.6055509053803979,0.3751180647357832,0.333294895645231,0.5319477879675977,0.6383373455611172
hrl,multi,0,weighted_cka,1,1613,3.2066140837210453,190.15,0.7068686485290527,0.7031520009040833,1,0.0,0.5344356806201742,5,0,off,0,0,0.0,0.0,0.0,0.8296335371015592,0.4703106729205464,0.1112474628705531,0.25334326202422375,0.3878460411785635,1.1542331076255998,0.5344356806201742,0.6413228167442091
hrl,multi,0,weighted_cka,1,1614,2.8940699425013223,289.0,0.7056070566177368,0.7008476257324219,1,0.0,0.4823449904168872,5,0,off,0,0,0.0,0.0,0.0,0.8592657985364577,0.5065756636727601,0.4977172129191457,0.35065711482707385,0.3217114069113449,0.35814274563454085,0.4823449904168872,0.5788139885002647
hrl,multi,0,weighted_cka,1,1615,3.1067870095375913,220.1,0.7058440446853638,0.7013061046600342,1,0.0,0.517797834922932,5,0,off,0,0,0.0,0.0,0.0,0.8176014828719197,0.8382493587378411,0.4499605315718799,0.24541291204281146,0.35611721291253334,0.3994455114006065,0.517797834922932,0.6213574019075183
hrl,multi,0,weighted_cka,1,1616,3.186696583877782,205.0,0.7069093585014343,0.7009615302085876,1,0.0,0.5311160973129638,5,0,off,0,0,0.0,0.0,0.0,0.8662186033120377,0.5021534897089004,0.4808993772235698,0.24624477379024023,0.3381057609072886,0.753074578935746,0.5311160973129638,0.6373393167755566
hrl,multi,0,weighted_cka,1,1617,3.292833493224158,188.2,0.7051908373832703,0.7020667195320129,1,0.0,0.5488055822040264,5,0,off,0,0,0.0,0.0,0.0,0.8537785878051071,0.5114386122263967,0.5323075145864858,0.23881820501759643,0.3376305992994457,0.8188599742891267,0.5488055822040264,0.6585666986448316
hrl,multi,0,weighted_cka,1,1618,3.1647424377197737,211.0,0.7042838335037231,0.7021560668945312,1,0.0,0.5274570729532957,5,0,off,0,0,0.0,0.0,0.0,0.8354721291241584,0.8495371258440426,0.48031554780714203,0.23849213109910483,0.3497951499582268,0.4111303538870998,0.5274570729532957,0.6329484875439548
hrl,multi,0,weighted_cka,1,1619,3.209734194984788,205.15,0.7057731747627258,0.7023488879203796,1,0.0,0.5349556991641314,5,0,off,0,0,0.0,0.0,0.0,0.964758539847833,0.4337044498510658,0.4989692603335715,0.22371297055855388,0.33600343426107426,0.7525855401326902,0.5349556991641314,0.6419468389969577
hrl,multi,0,weighted_cka,1,1620,3.2149946753857646,206.0,0.7052370309829712,0.7017096281051636,1,0.0,0.5358324458976275,5,0,off,0,0,0.0,0.0,0.0,0.8398393939784726,0.3615424636341631,0.6612466032598167,0.23582309056259687,0.33832799919648093,0.778215124754235,0.5358324458976275,0.642998935077153
hrl,multi,0,weighted_cka,1,1621,3.2148015502266487,197.0,0.7092945575714111,0.7050853967666626,1,0.0,0.5358002583711081,5,0,off,0,0,0.0,0.0,0.0,0.9107851848704739,0.40245606325753025,0.4896989718177355,0.6456436362676322,0.373019323352244,0.3931983706610335,0.5358002583711081,0.6429603100453297
hrl,multi,0,weighted_cka,1,1622,3.1491694888597728,219.0,0.706725001335144,0.7001757025718689,1,0.0,0.5248615814766288,5,0,off,0,0,0.0,0.0,0.0,0.8576620793526525,0.5132874058149755,0.49352449937304466,0.2543843429125845,0.3942373536850245,0.6360738077214918,0.5248615814766288,0.6298338977719545
hrl,multi,0,weighted_cka,1,1623,3.217771055332995,205.0,0.7057119607925415,0.7009159326553345,1,0.0,0.5362951758888325,5,0,off,0,0,0.0,0.0,0.0,0.8078901035855522,0.5114386122263967,0.6104069269709288,0.22535578782856458,0.38316618704996647,0.6795134376715868,0.5362951758888325,0.643554211066599
hrl,multi,0,weighted_cka,1,1624,3.18967186339246,212.0,0.7071884274482727,0.7023488879203796,1,0.0,0.5316119772320768,5,0,off,0,0,0.0,0.0,0.0,0.8267028587050734,0.49213250154256816,0.4858763305209576,0.22737811262626195,0.36319749665446577,0.7943845633431337,0.5316119772320768,0.6379343726784921
hrl,multi,0,weighted_cka,1,1625,3.186690853593928,212.0,0.7052525281906128,0.7023488879203796,1,0.0,0.5311151422656547,5,0,off,0,0,0.0,0.0,0.0,0.847467162164219,0.4895095700025558,0.5019925750889814,0.22199257775768633,0.3503853521135169,0.7753436164669691,0.5311151422656547,0.6373381707187857
hrl,multi,0,weighted_cka,1,1626,3.203165473717198,205.0,0.7056742906570435,0.7023488879203796,1,0.0,0.5338609122861997,5,0,off,0,0,0.0,0.0,0.0,0.831551998230483,0.511184108775109,0.5245972362677566,0.6116166676757856,0.38279837399216915,0.3414170887758955,0.5338609122861997,0.6406330947434397
hrl,multi,0,weighted_cka,1,1627,3.212940570321253,207.0,0.7053753733634949,0.7023488879203796,1,0.0,0.5354900950535422,5,0,off,0,0,0.0,0.0,0.0,0.8189090478389406,0.5114386122263967,0.4907729027541353,0.613846311979927,0.3796483246438728,0.3983253708779812,0.5354900950535422,0.6425881140642506
hrl,multi,0,weighted_cka,1,1628,2.4250953600188936,300.0,0.67079758644104,0.537087619304657,0,0.0,0.404182560003149,5,0,off,0,0,0.0,0.0,0.0,0.8409519922349135,0.5259406843818724,0.5046553863459265,-0.1547535837073814,0.3413722024266608,0.36692867833690246,0.404182560003149,0.4850190720037788
hrl,multi,0,weighted_cka,1,1629,3.1542591427033755,220.0,0.7069648504257202,0.7046324014663696,1,0.0,0.5257098571172293,5,0,off,0,0,0.0,0.0,0.0,0.830592361926101,0.3468652077540755,0.6973560048132202,0.23971446962654586,0.37108531470550216,0.6686457838779314,0.5257098571172293,0.6308518285406752
hrl,multi,0,weighted_cka,1,1630,3.078026029759784,230.0,0.7038356065750122,0.7004169225692749,1,0.0,0.5130043382932974,5,0,off,0,0,0.0,0.0,0.0,0.8443579699173568,0.8264006444374098,0.0870395606723613,0.5681249073827638,0.36089609371148973,0.39120685363840313,0.5130043382932974,0.6156052059519569
hrl,multi,0,weighted_cka,1,1631,3.1373803078400018,215.1,0.7032051086425781,0.7013940811157227,1,0.0,0.5228967179733336,5,0,off,0,0,0.0,0.0,0.0,0.8695136469413117,0.4649956129863857,0.49646318340860296,0.5705215875580906,0.35232601140043696,0.3835602655451745,0.5228967179733336,0.6274760615680004
hrl,multi,0,weighted_cka,1,1632,3.2338729800513235,211.0,0.7048255205154419,0.7003849148750305,1,0.0,0.538978830008554,5,0,off,0,0,0.0,0.0,0.0,0.8545126134321325,0.513324854761362,0.5896375702088698,0.6101592918676323,0.35234217547951263,0.313896474301815,0.538978830008554,0.6467745960102648
hrl,multi,0,weighted_cka,1,1633,3.2557745323129104,205.15,0.7044944763183594,0.7004089951515198,1,0.0,0.5426290887188184,5,0,off,0,0,0.0,0.0,0.0,0.8604876007703713,0.5113568896017968,0.5497449955344199,0.2217478698715567,0.3530929803096223,0.7593441962251439,0.5426290887188184,0.6511549064625821
hrl,multi,0,weighted_cka,1,1634,3.2570700907523267,196.0,0.7072196006774902,0.7004686594009399,1,0.0,0.5428450151253879,5,0,off,0,0,0.0,0.0,0.0,0.8439696362083776,0.49519381006807084,0.5115921384692191,0.23629002445936198,0.4040273672852198,0.7659971142620778,0.5428450151253879,0.6514140181504654
hrl,multi,0,weighted_cka,1,1635,3.2520548942249468,205.0,0.7080981135368347,0.7023488879203796,1,0.0,0.5420091490374912,5,0,off,0,0,0.0,0.0,0.0,0.8168096201244951,0.926188290733844,0.5202420002529397,0.2356505417823791,0.3695098678125068,0.3836545735187828,0.5420091490374912,0.6504109788449894
hrl,multi,0,weighted_cka,1,1636,3.220129570992942,199.2,0.7046936750411987,0.7004636526107788,1,0.0,0.536688261832157,5,0,off,0,0,0.0,0.0,0.0,0.9663313334770499,0.4363917367123067,0.5224125253949313,0.6144663471281527,0.3525630773208104,0.3279645509596914,0.536688261832157,0.6440259141985885
hrl,multi,0,weighted_cka,1,1637,3.2349236049770083,203.1,0.7055801153182983,0.7006901502609253,1,0.0,0.5391539341628347,5,0,off,0,0,0.0,0.0,0.0,0.5103836523988465,0.5266243238560855,0.48920336048351587,0.21984202892146998,0.3638489131550304,1.1250213261620607,0.5391539341628347,0.6469847209954017
hrl,multi,0,weighted_cka,1,1638,3.219570835310467,205.3,0.7093133926391602,0.7023142576217651,1,0.0,0.5365951392184112,5,0,off,0,0,0.0,0.0,0.0,0.6758291930707054,0.43652134840935464,0.543729861171916,0.628460048571229,0.3383088708237773,0.5967215132634851,0.5365951392184112,0.6439141670620934
hrl,multi,0,weighted_cka,1,1639,3.3019562297856657,198.15,0.7049457430839539,0.7005413770675659,1,0.0,0.5503260382976111,5,0,off,0,0,0.0,0.0,0.0,0.5322905759847489,0.5133283169530332,0.5697589155966415,0.6116219396600499,0.34558250824804415,0.7293739733431488,0.5503260382976111,0.6603912459571333
hrl,multi,0,weighted_cka,1,1640,3.1861736756809975,211.0,0.7046324014663696,0.700759768486023,1,0.0,0.5310289459468329,5,0,off,0,0,0.0,0.0,0.0,0.862118818537332,0.3616828814670443,0.6602030876888892,0.6005806837473063,0.33465548924915484,0.3669327149912715,0.5310289459468329,0.6372347351361995
hrl,multi,0,weighted_cka,1,1641,3.1852343517901365,207.15,0.7083247303962708,0.7022984623908997,1,0.0,0.5308723919650228,5,0,off,0,0,0.0,0.0,0.0,0.85370930153504,0.5084016528539359,0.11935113360732785,0.6133231562655418,0.3777418116074986,0.712707295920793,0.5308723919650228,0.6370468703580274
hrl,multi,0,weighted_cka,1,1642,3.1531233044747684,214.0,0.7045971751213074,0.7003887891769409,1,0.0,0.5255205507457947,5,0,off,0,0,0.0,0.0,0.0,0.8136847424499482,0.4842372935786843,0.5890922121223993,0.6045816826643421,0.3627039549303881,0.2988234187290072,0.5255205507457947,0.6306246608949537
hrl,multi,0,weighted_cka,1,1643,3.196772343381074,219.0,0.7057176232337952,0.7008543610572815,1,0.0,0.5327953905635124,5,0,off,0,0,0.0,0.0,0.0,0.8272713584953452,0.511793280351907,0.5500860543902962,0.624117652049288,0.33824782329984004,0.3452561747943982,0.5327953905635124,0.6393544686762149
hrl,multi,0,weighted_cka,1,1644,3.0682421010643144,230.0,0.7041283845901489,0.700962245464325,1,0.0,0.5113736835107191,5,0,off,0,0,0.0,0.0,0.0,0.8135527607176917,0.8349979987086261,0.10730551038775582,0.5608612506134812,0.35952443131874307,0.3920001493180171,0.5113736835107191,0.6136484202128629
hrl,multi,0,weighted_cka,1,1645,3.154789740547711,215.0,0.7059999704360962,0.7016865611076355,1,0.0,0.5257982900912852,5,0,off,0,0,0.0,0.0,0.0,0.8765596730676478,0.4801976834377273,0.41549816944752804,0.6548964375425129,0.364385395127756,0.3632523819245398,0.5257982900912852,0.6309579481095422
hrl,multi,0,weighted_cka,1,1646,3.195612525174207,203.2,0.7053849101066589,0.7023488879203796,1,0.0,0.5326020875290346,5,0,off,0,0,0.0,0.0,0.0,0.8559067873628808,0.5067125166356563,0.522465483656153,0.20774869672954077,0.3526273960601538,0.7501516447298229,0.5326020875290346,0.6391225050348416
hrl,multi,0,weighted_cka,1,1647,3.1632057167621435,210.15,0.7088763117790222,0.7047514915466309,1,0.0,0.5272009527936906,5,0,off,0,0,0.0,0.0,0.0,0.8387381523139773,0.476567505448358,0.11778413323685522,0.1814246241524815,0.4785037770234629,1.0701875245870092,0.5272009527936906,0.6326411433524288
hrl,multi,0,weighted_cka,1,1648,3.136781789819825,222.0,0.7072755694389343,0.7013897895812988,1,0.0,0.522796964969971,5,0,off,0,0,0.0,0.0,0.0,0.42644848406349756,0.9551073823880869,0.510430171990767,0.5671148770339786,0.3390960691156797,0.3385848052278161,0.522796964969971,0.6273563579639652
hrl,multi,0,weighted_cka,1,1649,3.0876381721906134,227.25,0.707173764705658,0.7022600173950195,1,0.0,0.514606362031769,5,0,off,0,0,0.0,0.0,0.0,0.8521280674246371,0.4069468378822565,0.5238344539171084,0.2384901292212307,0.3488131962638581,0.7174254874815232,0.514606362031769,0.6175276344381228
hrl,multi,0,weighted_cka,1,1650,3.2713993862078223,202.2,0.7053215503692627,0.7012106776237488,1,0.0,0.5452332310346371,5,0,off,0,0,0.0,0.0,0.0,0.822399264473075,0.4833316864073276,0.5245828764378092,0.23320059325173492,0.36490557790304584,0.8429793877348303,0.5452332310346371,0.6542798772415644
hrl,multi,0,weighted_cka,1,1651,3.1509220686558157,214.15,0.703665554523468,0.7012636065483093,1,0.0,0.5251536781093027,5,0,off,0,0,0.0,0.0,0.0,0.8423466302836312,0.8403755326261743,0.4940860875281504,0.19076989308744663,0.3590684962833765,0.4242754288470373,0.5251536781093027,0.6301844137311632
hrl,multi,0,weighted_cka,1,1652,3.1784521354928135,223.0,0.7058943510055542,0.7016591429710388,1,0.0,0.5297420225821355,5,0,off,0,0,0.0,0.0,0.0,0.8530487547789233,0.49000892961025233,0.5081204115385188,0.5768901562369427,0.37376505098212504,0.37661883234605187,0.5297420225821355,0.6356904270985627
hrl,multi,0,weighted_cka,1,1653,3.146316645512356,221.0,0.7055045366287231,0.7012636065483093,1,0.0,0.5243861075853927,5,0,off,0,0,0.0,0.0,0.0,0.846039972566068,0.5067125166356563,0.5150593104986473,0.6043783226450904,0.32982681626453986,0.3442997069023549,0.5243861075853927,0.6292633291024712
hrl,multi,0,weighted_cka,1,1654,3.1741855718021386,209.0,0.7068964838981628,0.7023488879203796,1,0.0,0.5290309286336897,5,0,off,0,0,0.0,0.0,0.0,0.8764887171618173,0.50631818953529,0.4496747549399732,0.267721810856834,0.33936430370487497,0.7346177956033497,0.5290309286336897,0.6348371143604277
hrl,multi,0,weighted_cka,1,1655,3.2926950802920607,212.0,0.7054834365844727,0.7006622552871704,1,0.0,0.5487825133820102,5,0,off,0,0,0.0,0.0,0.0,0.8725189486193702,0.5073416110649704,0.6379564829925074,0.6091942857420071,0.3693668485167436,0.29631690335646266,0.5487825133820102,0.6585390160584123
hrl,multi,0,weighted_cka,1,1656,2.2794158217715434,300.0,0.6316044926643372,0.3280003070831299,0,0.0,0.379902636961924,5,0,off,0,0,0.0,0.0,0.0,0.8273318417419212,0.5098493465930223,0.43528272092761455,-0.21937763567181567,0.35196096951770595,0.37436857866309586,0.379902636961924,0.45588316435430876
hrl,multi,0,weighted_cka,1,1657,3.222605769376735,214.0,0.7068554759025574,0.7015938758850098,1,0.0,0.5371009615627892,5,0,off,0,0,0.0,0.0,0.0,0.8107290765705982,0.5078257031403481,0.5525427469001151,0.6091519724978133,0.3679870858893263,0.3743691843785345,0.5371009615627892,0.644521153875347
hrl,multi,0,weighted_cka,1,1658,3.141669618685772,225.0,0.7043155431747437,0.7007976174354553,1,0.0,0.5236116031142953,5,0,off,0,0,0.0,0.0,0.0,0.8976109535767899,0.5132901178263127,0.4877496274206786,0.61489326125395,0.3333836441012099,0.2947420145068317,0.5236116031142953,0.6283339237371545
hrl,multi,0,weighted_cka,1,1659,3.164222344949331,217.0,0.7038697004318237,0.7005584836006165,1,0.0,0.5273703908248885,5,0,off,0,0,0.0,0.0,0.0,0.9158520065800838,0.4365240753218531,0.5093968523493967,0.6088334846245124,0.3612813769966305,0.3323345490768551,0.5273703908248885,0.6328444689898662
hrl,multi,0,weighted_cka,1,1660,3.045079414711245,237.0,0.7042352557182312,0.7004915475845337,1,0.0,0.5075132357852076,5,0,off,0,0,0.0,0.0,0.0,0.8459625888294539,0.7785607939263862,0.07259429679764429,0.599835728028789,0.37963053567009036,0.3684954714588821,0.5075132357852076,0.6090158829422492
hrl,multi,0,weighted_cka,1,1661,3.261121186290424,201.1,0.7051870822906494,0.7015355825424194,1,0.0,0.5435201977150707,5,0,off,0,0,0.0,0.0,0.0,0.8125097163943572,0.51215557895042,0.5969940451504662,0.2546354432255029,0.38627451148652464,0.6985518910831539,0.5435201977150707,0.6522242372580849
hrl,multi,0,weighted_cka,1,1662,3.241088200494413,200.0,0.7054845690727234,0.7020130157470703,1,0.0,0.5401813667490689,5,0,off,0,0,0.0,0.0,0.0,0.4123460580478421,0.358257892364636,0.4811043691220692,0.2220141965956426,1.015956245808629,0.7514094385555945,0.5401813667490689,0.6482176400988827
hrl,multi,0,weighted_cka,1,1663,3.1945432689937285,210.0,0.7062799334526062,0.700735867023468,1,0.0,0.5324238781656215,5,0,off,0,0,0.0,0.0,0.0,0.8599863062317016,0.5117053518593311,0.5046105894285718,0.22642866834625597,0.3417144256515894,0.7500979274762793,0.5324238781656215,0.6389086537987458
hrl,multi,0,weighted_cka,1,1664,3.202280353762674,224.0,0.7077028751373291,0.7010973691940308,1,0.0,0.533713392293779,5,0,off,0,0,0.0,0.0,0.0,0.8374051162452668,0.5067125166356563,0.54802911115624,0.2156707297870888,0.3612740259127458,0.7331888540256768,0.533713392293779,0.6404560707525349
hrl,multi,0,weighted_cka,1,1665,3.058275154274949,238.0,0.706093430519104,0.7023488879203796,1,0.0,0.5097125257124915,5,0,off,0,0,0.0,0.0,0.0,0.7011592030060162,0.444965486979112,0.5348110735160297,0.6072464521676301,0.4165016195592469,0.3535913190469146,0.5097125257124915,0.6116550308549897
hrl,multi,0,weighted_cka,1,1666,3.2301640716249578,206.15,0.7031761407852173,0.700252890586853,1,0.0,0.5383606786041596,5,0,off,0,0,0.0,0.0,0.0,0.8555117631384636,0.5386492843367159,0.5362351573053746,0.5937576586361973,0.37324368659639723,0.3327665216118097,0.5383606786041596,0.6460328143249916
hrl,multi,0,weighted_cka,1,1667,3.1859751272000127,216.0,0.7051115036010742,0.701490581035614,1,0.0,0.5309958545333354,5,0,off,0,0,0.0,0.0,0.0,0.8603891554138389,0.513157788529992,0.5433205825486219,0.6059867424899711,0.34866496865171936,0.3144558895658701,0.5309958545333354,0.6371950254400025
hrl,multi,0,weighted_cka,1,1668,3.1309832521419727,221.0,0.7074031233787537,0.7057427167892456,1,0.0,0.5218305420236621,5,0,off,0,0,0.0,0.0,0.0,0.8375391729274996,0.4617013740185647,0.543676930442918,0.6011883056890218,0.3507097221587318,0.33616774690523743,0.5218305420236621,0.6261966504283946
hrl,multi,0,weighted_cka,1,1669,2.3103420455136456,300.0,0.6455995440483093,0.4029940664768219,0,0.0,0.3850570075856077,5,0,off,0,0,0.0,0.0,0.0,0.4443142833757445,0.20469828630389308,0.48501472730236117,0.021293184660815118,0.36101494220085434,0.7940066216699779,0.3850570075856077,0.4620684091027292
hrl,multi,0,weighted_cka,1,1670,3.128960209029056,232.0,0.7066140174865723,0.7023488879203796,1,0.0,0.5214933681715094,5,0,off,0,0,0.0,0.0,0.0,0.8341499403230844,0.5067298629842698,0.46228764641564324,0.5941760894190519,0.35423252791471893,0.3773841419722884,0.5214933681715094,0.6257920418058113
hrl,multi,0,weighted_cka,1,1671,3.187333735720559,207.0,0.7074206471443176,0.7023488879203796,1,0.0,0.5312222892867599,5,0,off,0,0,0.0,0.0,0.0,0.846293962740572,0.47573819324001665,0.5376188740697688,0.22588608694635326,0.3604403537178877,0.7413562650059611,0.5312222892867599,0.6374667471441118
hrl,multi,0,weighted_cka,1,1672,3.181592965750901,211.1,0.70562744140625,0.7004686594009399,1,0.0,0.5302654942918168,5,0,off,0,0,0.0,0.0,0.0,0.8542697819248241,0.3551293209716677,0.4778924623602069,0.6091379265235736,0.5546173138553275,0.3305461601153016,0.5302654942918168,0.6363185931501801
hrl,multi,0,weighted_cka,1,1673,3.2030243092055595,224.0,0.7065649628639221,0.7057609558105469,1,0.0,0.5338373848675934,5,0,off,0,0,0.0,0.0,0.0,0.810186051293247,0.5117774229124188,0.5989564538099802,0.5994024022063239,-0.02256146312854261,0.7052634421121329,0.5338373848675934,0.640604861841112
hrl,multi,0,weighted_cka,1,1674,3.1813490211071915,209.1,0.7058960199356079,0.7014365792274475,1,0.0,0.5302248368511987,5,0,off,0,0,0.0,0.0,0.0,0.5437096370758954,0.5132224928215146,0.5043297033039852,0.5391893084401743,0.33723295231140216,0.7436649271542206,0.5302248368511987,0.6362698042214385
hrl,multi,0,weighted_cka,1,1675,3.176562337029142,213.0,0.7075229287147522,0.7012894153594971,1,0.0,0.5294270561715239,5,0,off,0,0,0.0,0.0,0.0,0.8533017821226966,0.5132901178263127,0.5049500213051213,0.2212042473815381,0.3613163335253484,0.7224998348681255,0.5294270561715239,0.6353124674058286
hrl,multi,0,weighted_cka,1,1676,3.278132280680734,202.15,0.7060860395431519,0.7009602785110474,1,0.0,0.5463553801134556,5,0,off,0,0,0.0,0.0,0.0,0.8243910015400614,0.5132901178263127,0.6153155443822033,0.24437660012021656,0.369933799390681,0.7108252174212597,0.5463553801134556,0.6556264561361468
hrl,multi,0,weighted_cka,1,1677,3.199774614763794,209.0,0.7077537775039673,0.7023488879203796,1,0.0,0.533295769127299,5,0,off,0,0,0.0,0.0,0.0,0.8408667315578785,0.3445048684775829,0.661788590739481,0.2563167176106944,0.3823483404950238,0.7139493658831342,0.533295769127299,0.6399549229527588
hrl,multi,0,weighted_cka,1,1678,3.2483601343067883,194.0,0.7077410817146301,0.7023488879203796,1,0.0,0.5413933557177981,5,0,off,0,0,0.0,0.0,0.0,0.8423833006152416,0.38342555711045856,0.15996990281902246,0.22983109285682435,0.5594620346056361,1.0732882462996058,0.5413933557177981,0.6496720268613577
hrl,multi,0,weighted_cka,1,1679,3.182810169302917,208.1,0.703816294670105,0.7008458971977234,1,0.0,0.5304683615504863,5,0,off,0,0,0.0,0.0,0.0,0.4307135784690034,0.9689810323156416,0.48801941124070425,0.2194341875277459,0.32982382528417653,0.745838134465646,0.5304683615504863,0.6365620338605835
hrl,multi,0,weighted_cka,1,1680,3.1345248908492724,229.1,0.7054177522659302,0.7020396590232849,1,0.0,0.5224208151415455,5,0,off,0,0,0.0,0.0,0.0,0.9766661327122709,0.4335776626653969,0.4570200892821884,0.5911542859785258,0.3618015309148468,0.3143051892960443,0.5224208151415455,0.6269049781698546
hrl,multi,0,weighted_cka,1,1681,3.182162620697251,203.1,0.705987811088562,0.7027375102043152,1,0.0,0.5303604367828753,5,0,off,0,0,0.0,0.0,0.0,0.5105071976534089,0.2715875325351953,0.12849203248508267,0.6277095667961984,0.9956407243941793,0.6482255668331869,0.5303604367828753,0.6364325241394504
hrl,multi,0,weighted_cka,1,1682,3.1248882715109345,220.0,0.7026059031486511,0.7001526355743408,1,0.0,0.520814711918489,5,0,off,0,0,0.0,0.0,0.0,0.8149138158400745,0.5034151454530655,0.4463543470026924,0.5575627456819637,0.4309649659436544,0.3716772515894845,0.520814711918489,0.6249776543021869
hrl,multi,0,weighted_cka,1,1683,3.1553451874139706,224.0,0.704142689704895,0.7008621096611023,1,0.0,0.5258908645689951,5,0,off,0,0,0.0,0.0,0.0,0.8275420262860133,0.5095354379713535,0.49903814379451783,0.5589223531428723,0.40153377346042535,0.358773452758789,0.5258908645689951,0.6310690374827941
hrl,multi,0,weighted_cka,1,1684,3.1347495305654,221.0,0.7044343948364258,0.7006767988204956,1,0.0,0.5224582550942333,5,0,off,0,0,0.0,0.0,0.0,0.8142338180240475,0.48227382619865233,0.46108191450871516,0.19048026376659966,0.4291530718543216,0.7575266362130642,0.5224582550942333,0.62694990611308
hrl,multi,0,weighted_cka,1,1685,3.2546982191557956,199.15,0.7087762951850891,0.7002890706062317,1,0.0,0.5424497031926326,5,0,off,0,0,0.0,0.0,0.0,0.8918340556289476,0.5032002113424241,0.5305023934557102,0.2396588967815041,0.3770626851892593,0.712439976757951,0.5424497031926326,0.6509396438311592
hrl,multi,0,weighted_cka,1,1686,3.228944203877471,200.0,0.706118106842041,0.7011860013008118,1,0.0,0.538157367312912,5,0,off,0,0,0.0,0.0,0.0,0.8341510201495838,0.5122619018480181,0.5247218127814121,0.2368401401303708,0.3339830601185094,0.7869862688495777,0.538157367312912,0.6457888407754944
hrl,multi,0,weighted_cka,1,1687,3.2300246530442167,208.1,0.7031911611557007,0.7000911831855774,1,0.0,0.5383374421740362,5,0,off,0,0,0.0,0.0,0.0,0.8565512258425586,0.5003796400092542,0.5114970564362592,0.1991322871036827,0.4186236803295468,0.7438407633229158,0.5383374421740362,0.6460049306088435
hrl,multi,0,weighted_cka,1,1688,3.2934965182606586,192.15,0.7091572880744934,0.7051988244056702,1,0.0,0.5489160863767766,5,0,off,0,0,0.0,0.0,0.0,0.4821905269704292,0.518296860024333,0.5335302671515382,0.23472216032445425,0.3660639690016396,1.1586927347882652,0.5489160863767766,0.6586993036521319
hrl,multi,0,weighted_cka,1,1689,3.286587183417312,190.3,0.7085437178611755,0.7040426731109619,1,0.0,0.5477645305695521,5,0,off,0,0,0.0,0.0,0.0,0.5194635284894611,0.5139810859821736,0.15081522818468507,0.23436330124735827,0.40977845281369796,1.4581855866999365,0.5477645305695521,0.6573174366834624
hrl,multi,0,weighted_cka,1,1690,3.219259661777107,210.45000000000002,0.7072829008102417,0.7012566328048706,1,0.0,0.5365432769628512,5,0,off,0,0,0.0,0.0,0.0,0.8368379233948652,0.5050677269287407,0.15032150305435055,0.22828496318683023,0.3503088911809027,1.148438654031418,0.5365432769628512,0.6438519323554214
hrl,multi,0,weighted_cka,1,1691,3.1590034882980387,215.0,0.7053894996643066,0.7020009756088257,1,0.0,0.5265005813830065,5,0,off,0,0,0.0,0.0,0.0,0.8395814829326699,0.424757781304419,0.46830895952694107,0.6679193324223159,0.42163791740196743,0.3367980147097259,0.5265005813830065,0.6318006976596078
hrl,multi,0,weighted_cka,1,1692,3.1516911404778587,220.1,0.7045725584030151,0.7030277252197266,1,0.0,0.5252818567463098,5,0,off,0,0,0.0,0.0,0.0,0.8514111041947033,0.49816635610163207,0.47607512409705655,0.6075755465673282,0.32451138452725714,0.3939516249898821,0.5252818567463098,0.6303382280955717
hrl,multi,0,weighted_cka,1,1693,3.194245787773746,214.0,0.7065542936325073,0.7023488879203796,1,0.0,0.5323742979622911,5,0,off,0,0,0.0,0.0,0.0,0.8382328952928072,0.5032490551061928,0.4969751535039394,0.6143275046718771,0.3583691820374224,0.38309199716150755,0.5323742979622911,0.6388491575547492
hrl,multi,0,weighted_cka,1,1694,3.2586270374179573,199.0,0.7036060094833374,0.7008770704269409,1,0.0,0.5431045062363262,5,0,off,0,0,0.0,0.0,0.0,0.8510091503191505,0.5082946936301886,0.21880026427656407,0.6248266341220586,0.3806549338870681,0.675041361182928,0.5431045062363262,0.6517254074835914
hrl,multi,0,weighted_cka,1,1695,3.1626380399569523,208.0,0.70514976978302,0.7006139159202576,1,0.0,0.5271063399928254,5,0,off,0,0,0.0,0.0,0.0,0.820959651477089,0.5127619074322283,0.5447523403745144,0.5808946322929113,0.3582105450037633,0.3450589633764466,0.5271063399928254,0.6325276079913904
hrl,multi,0,weighted_cka,1,1696,3.228228819818549,200.1,0.7067886590957642,0.7023488879203796,1,0.0,0.5380381366364249,5,0,off,0,0,0.0,0.0,0.0,0.9041464935634284,0.5153794563934206,0.4975981923267244,0.5723915410251356,0.41278646786225714,0.3259266686475835,0.5380381366364249,0.6456457639637099
hrl,multi,0,weighted_cka,1,1697,3.2042504465277295,205.0,0.7058021426200867,0.7020753622055054,1,0.0,0.5340417410879549,5,0,off,0,0,0.0,0.0,0.0,0.8719509725752285,0.3375280462764203,0.7408790927361696,0.6119379585138521,0.3896153521309606,0.2523390242950991,0.5340417410879549,0.6408500893055459
hrl,multi,0,weighted_cka,1,1698,3.086377830490596,231.0,0.7043660283088684,0.7004686594009399,1,0.0,0.514396305081766,5,0,off,0,0,0.0,0.0,0.0,0.8796599401884012,0.28475934868864705,0.49033821723377324,0.5746763351021907,0.5457361358983907,0.31120785337919366,0.514396305081766,0.6172755660981192
hrl,multi,0,weighted_cka,1,1699,3.172109018580402,225.3,0.7066874504089355,0.7030860781669617,1,0.0,0.528684836430067,5,0,off,0,0,0.0,0.0,0.0,0.824188585607102,0.4946712481454014,0.5296615590830333,0.5840212395465786,0.34070537265471645,0.39886101354357084,0.528684836430067,0.6344218037160804
hrl,multi,0,weighted_cka,1,1700,3.202214570602328,202.0,0.7033029794692993,0.7000409364700317,1,0.0,0.5337024284337214,5,0,off,0,0,0.0,0.0,0.0,0.9186729143569244,0.5115967368297278,0.5118250000737606,0.5474308748934417,0.35472391367696393,0.3579651307715103,0.5337024284337214,0.6404429141204656
hrl,multi,0,weighted_cka,1,1701,3.1600780410588474,223.0,0.7056015729904175,0.7023488879203796,1,0.0,0.5266796735098079,5,0,off,0,0,0.0,0.0,0.0,0.9398678473861654,0.43542435193061824,0.4982579710409044,0.5789306499464436,0.3369292986379004,0.370667922116816,0.5266796735098079,0.6320156082117695
hrl,multi,0,weighted_cka,1,1702,3.1707066401211765,223.0,0.7046732902526855,0.7023488879203796,1,0.0,0.5284511066868628,5,0,off,0,0,0.0,0.0,0.0,0.8367261538277379,0.5125428739525377,0.494109036664944,0.6079179119952022,0.3645562669687205,0.3548543967120349,0.5284511066868628,0.6341413280242353
hrl,multi,0,weighted_cka,1,1703,3.251503679674816,222.0,0.7046491503715515,0.7006942629814148,1,0.0,0.5419172799458027,5,0,off,0,0,0.0,0.0,0.0,0.433203803567332,0.5060431511625647,0.5578548195404,0.6063425787696614,0.3560425396423088,0.7920167869925498,0.5419172799458027,0.6503007359349633
hrl,multi,0,weighted_cka,1,1704,3.2430819438325695,199.0,0.7069787979125977,0.7023488879203796,1,0.0,0.5405136573054282,5,0,off,0,0,0.0,0.0,0.0,0.8507545457740778,0.5099576212055981,0.56380242478149,0.23569437094405288,0.34865825416520235,0.7342147269621491,0.5405136573054282,0.648616388766514
hrl,multi,0,weighted_cka,1,1705,3.2430686976178538,200.0,0.7073595523834229,0.7012035846710205,1,0.0,0.5405114496029757,5,0,off,0,0,0.0,0.0,0.0,0.8210802965094334,0.5120703492835164,0.4810375165757722,0.23093743488192553,0.38879620878817506,0.8091468915790319,0.5405114496029757,0.6486137395235708
hrl,multi,0,weighted_cka,1,1706,3.1905616810576514,201.15,0.7033063173294067,0.7011436820030212,1,0.0,0.5317602801762753,5,0,off,0,0,0.0,0.0,0.0,0.8442740326367782,0.4670199514336417,0.14864958055689925,0.6347205211110413,0.3882855337688233,0.7076120615504682,0.5317602801762753,0.6381123362115304
hrl,multi,0,weighted_cka,1,1707,3.2539643032359167,192.1,0.706118106842041,0.702358603477478,1,0.0,0.5423273838726529,5,0,off,0,0,0.0,0.0,0.0,0.9595281337366904,0.5120703492835164,0.5238518929202108,0.18275077572464937,0.35666919643736755,0.7190939551334827,0.5423273838726529,0.6507928606471834
hrl,multi,0,weighted_cka,1,1708,3.136435748460198,231.15,0.7052212357521057,0.7018849849700928,1,0.0,0.5227392914100331,5,0,off,0,0,0.0,0.0,0.0,0.857467277402873,0.5067298629842698,0.5026063749622552,0.5790393532387387,0.33959045090306605,0.35100242896899575,0.5227392914100331,0.6272871496920397
hrl,multi,0,weighted_cka,1,1709,3.09144179908986,232.0,0.705101490020752,0.7023488879203796,1,0.0,0.51524029984831,5,0,off,0,0,0.0,0.0,0.0,0.8441792330903698,0.5122409221343696,0.5474718439723364,0.49567042034116027,0.3586473262270446,0.33323205332458017,0.51524029984831,0.618288359817972
hrl,multi,0,weighted_cka,1,1710,3.2298824861653603,216.15,0.7036239504814148,0.7023488879203796,1,0.0,0.5383137476942267,5,0,off,0,0,0.0,0.0,0.0,0.862717542265076,0.5090758004784584,0.5624023035145364,0.6088385966541244,0.34011095794313584,0.34673728531002995,0.5383137476942267,0.645976497233072
hrl,multi,0,weighted_cka,1,1711,3.1711057722168032,214.25,0.7038238644599915,0.7002825736999512,1,0.0,0.5285176287028005,5,0,off,0,0,0.0,0.0,0.0,0.8026156987815628,0.5132901178263127,0.5173610736629924,0.6068956203497945,0.36595202395948573,0.36499123763665553,0.5285176287028005,0.6342211544433607
hrl,multi,0,weighted_cka,1,1712,3.1680762835574248,221.0,0.7068935632705688,0.7044600248336792,1,0.0,0.5280127139262375,5,0,off,0,0,0.0,0.0,0.0,0.8296124895081155,0.5139192178435623,0.4932321774512528,0.6060359443472697,0.3357083951043586,0.3895680593028664,0.5280127139262375,0.633615256711485
hrl,multi,0,weighted_cka,1,1713,3.2156351640415366,211.0,0.7055078744888306,0.7004169225692749,1,0.0,0.5359391940069228,5,0,off,0,0,0.0,0.0,0.0,0.8227421156436902,0.5121466632708906,0.5143169572292826,0.6052403980102389,0.3467054022439988,0.41448362764343616,0.5359391940069228,0.6431270328083074
hrl,multi,0,weighted_cka,1,1714,3.1653356432666757,216.0,0.7056142687797546,0.7023488879203796,1,0.0,0.527555940544446,5,0,off,0,0,0.0,0.0,0.0,0.9467287655333055,0.4365240753218531,0.49092831412376825,0.6067964553622295,0.32257295564468946,0.36178507728083054,0.527555940544446,0.6330671286533351
hrl,multi,0,weighted_cka,1,1715,3.1742131395399094,210.15,0.7055829167366028,0.7004686594009399,1,0.0,0.5290355232566516,5,0,off,0,0,0.0,0.0,0.0,0.9211562795476055,0.40971794469654554,0.44819740574853484,0.21349013057164834,0.40905563735379824,0.7725957416217775,0.5290355232566516,0.6348426279079818
hrl,multi,0,weighted_cka,1,1716,3.193080160285558,206.0,0.7070382833480835,0.7023488879203796,1,0.0,0.5321800267142597,5,0,off,0,0,0.0,0.0,0.0,0.4008265307995133,0.3587883886042982,1.1015189020759424,0.5876533700870349,0.38431749368316187,0.35997547503560784,0.5321800267142597,0.6386160320571117
hrl,multi,0,weighted_cka,1,1717,3.1894495776650484,215.15,0.7052479386329651,0.7004007697105408,1,0.0,0.5315749296108415,5,0,off,0,0,0.0,0.0,0.0,0.8621426507190334,0.5108194710314273,0.521279186206404,0.6002566008372231,0.34219823276973327,0.35275343610122795,0.5315749296108415,0.6378899155330098
hrl,multi,0,weighted_cka,1,1718,3.1910485394852297,214.1,0.7066923379898071,0.7023488879203796,1,0.0,0.5318414232475382,5,0,off,0,0,0.0,0.0,0.0,0.8341717440979554,0.500245003465563,0.5095484380358829,0.5913084691795519,0.3697701899106686,0.3860046947956085,0.5318414232475382,0.6382097078970459
hrl,multi,0,weighted_cka,1,1719,3.1607181742735486,223.1,0.7043349146842957,0.7020009756088257,1,0.0,0.5267863623789248,5,0,off,0,0,0.0,0.0,0.0,0.8823185523422433,0.35702382150106127,0.7360132414828985,0.5978280251426621,0.3432820847407274,0.24425244906395668,0.5267863623789248,0.6321436348547098
hrl,multi,0,weighted_cka,1,1720,3.136997366420225,243.0,0.7074211835861206,0.7023488879203796,1,0.0,0.5228328944033708,5,0,off,0,0,0.0,0.0,0.0,0.8512177643494213,0.5083691650629043,0.5455870115195866,0.6007351662237196,0.36432555818348183,0.2667627010811119,0.5228328944033708,0.627399473284045
hrl,multi,0,weighted_cka,1,1721,3.177419644121123,211.0,0.7074002027511597,0.7031520009040833,1,0.0,0.5295699406868538,5,0,off,0,0,0.0,0.0,0.0,0.8762086717507335,0.49380025552585716,0.5429221251211419,0.5695826049474998,0.42650765125757595,0.26839833551831543,0.5295699406868538,0.6354839288242247
hrl,multi,0,weighted_cka,1,1722,3.009064801883622,263.0,0.7060132026672363,0.7023488879203796,1,0.0,0.501510800313937,5,0,off,0,0,0.0,0.0,0.0,0.8528287023272131,0.5120703492835164,0.5364181244145146,0.4008666074665685,0.34666528380941597,0.3602157345823943,0.501510800313937,0.6018129603767244
hrl,multi,0,weighted_cka,1,1723,3.18699320673854,208.2,0.7037949562072754,0.7002454400062561,1,0.0,0.5311655344564233,5,0,off,0,0,0.0,0.0,0.0,0.8239028300964272,0.5117155163139104,0.5059528842316939,0.6072142665907739,0.352978421312524,0.38522928819321095,0.5311655344564233,0.637398641347708
hrl,multi,0,weighted_cka,1,1724,3.1878551695838326,208.1,0.7081631422042847,0.7000119686126709,1,0.0,0.5313091949306389,5,0,off,0,0,0.0,0.0,0.0,0.5295227333434158,0.4925266456380486,0.5487523767114616,0.616084478919627,0.3458702301299199,0.6550987048413603,0.5313091949306389,0.6375710339167666
hrl,multi,0,weighted_cka,1,1725,3.117870254538952,226.0,0.7047853469848633,0.7041447162628174,1,0.0,0.5196450424231588,5,0,off,0,0,0.0,0.0,0.0,0.8187745948596855,0.47553359257057304,0.5021670772908254,0.5940102351997046,0.3574654924883507,0.3699192621298134,0.5196450424231588,0.6235740509077905
hrl,multi,0,weighted_cka,1,1726,3.096789908199919,229.0,0.704064130783081,0.7021784782409668,1,0.0,0.5161316513666533,5,0,off,0,0,0.0,0.0,0.0,0.9035594720380612,0.8594386082505806,0.39104111843463024,0.6198241119794546,0.3274600463050883,-0.004533448807895184,0.5161316513666533,0.619357981639984
hrl,multi,0,weighted_cka,1,1727,3.1872389455023646,208.0,0.7087761759757996,0.7043920755386353,1,0.0,0.5312064909170608,5,0,off,0,0,0.0,0.0,0.0,0.6512753792864677,0.8497657457888126,0.3907594878729432,0.6341875688461586,0.34648218775838896,0.3147685759495943,0.5312064909170608,0.6374477891004731
hrl,multi,0,weighted_cka,1,1728,3.2129887715794756,197.25,0.7050178647041321,0.7011854648590088,1,0.0,0.5354981285965793,5,0,off,0,0,0.0,0.0,0.0,0.5541471087378449,0.5066677911374717,0.4666520831156521,0.6028365338388829,0.4020640351215842,0.6806212196280402,0.5354981285965793,0.6425977543158952
hrl,multi,0,weighted_cka,1,1729,3.2015909228601482,210.29999999999998,0.7033025026321411,0.7009705305099487,1,0.0,0.5335984871433581,5,0,off,0,0,0.0,0.0,0.0,0.5540938537768088,0.5112893654555082,0.5215356531678698,0.5634574208958073,0.3557876315596513,0.6954269980045035,0.5335984871433581,0.6403181845720297
hrl,multi,0,weighted_cka,1,1730,3.141121855593169,221.0,0.7042701244354248,0.7009822130203247,1,0.0,0.5235203092655282,5,0,off,0,0,0.0,0.0,0.0,0.8619588864463147,0.5120703492835164,0.5220026309620588,0.5764400614826007,0.3234989948570728,0.3451509325616061,0.5235203092655282,0.6282243711186337
hrl,multi,0,weighted_cka,1,1731,3.236939914671616,207.25,0.7053065299987793,0.7003070712089539,1,0.0,0.5394899857786026,5,0,off,0,0,0.0,0.0,0.0,0.8212882966368632,0.5126951959505677,0.561859430475626,0.24812087096273894,0.36197621589846674,0.7309999047473538,0.5394899857786026,0.6473879829343232
hrl,multi,0,weighted_cka,1,1732,3.1859469348366303,213.15,0.7049250602722168,0.7002654075622559,1,0.0,0.5309911558061051,5,0,off,0,0,0.0,0.0,0.0,0.804982075851847,0.48493284991383545,0.5156943911784327,0.2429645099304616,0.3593889705521287,0.7779841374099254,0.5309911558061051,0.6371893869673262
hrl,multi,0,weighted_cka,1,1733,3.1678184788662462,220.0,0.7042044997215271,0.7012566328048706,1,0.0,0.5279697464777077,5,0,off,0,0,0.0,0.0,0.0,0.8478584698101038,0.5042585976012051,0.5294344932404346,0.5775971896352711,0.34390278345672404,0.36476694512250835,0.5279697464777077,0.6335636957732492
hrl,multi,0,weighted_cka,1,1734,3.015686911456402,248.0,0.7034700512886047,0.7002286314964294,1,0.0,0.5026144852427338,5,0,off,0,0,0.0,0.0,0.0,0.8171306930506833,0.4734665183611213,0.029491774115711286,0.6208376708459108,0.35754853681894017,0.7172117182640358,0.5026144852427338,0.6031373822912804
hrl,multi,0,weighted_cka,1,1735,3.238256937475618,198.15,0.7087308764457703,0.7051660418510437,1,0.0,0.5397094895792697,5,0,off,0,0,0.0,0.0,0.0,0.49841579723765594,0.5243336798287928,0.5048392922249622,0.21795860879681994,0.33292931645666246,1.1597802429307253,0.5397094895792697,0.6476513874951236
hrl,multi,0,weighted_cka,1,1736,3.191616578871383,214.0,0.7076036334037781,0.7020009756088257,1,0.0,0.5319360964785639,5,0,off,0,0,0.0,0.0,0.0,0.849713175100507,0.5086941358298063,0.5179509055665693,0.23371909079700703,0.33610780740738844,0.7454314641701056,0.5319360964785639,0.6383233157742767
hrl,multi,0,weighted_cka,1,1737,3.2252063678876195,199.15,0.7078828811645508,0.7020325064659119,1,0.0,0.5375343946479366,5,0,off,0,0,0.0,0.0,0.0,0.8379752432957465,0.5132901178263127,0.5391314606745726,0.2276621060147881,0.35335505662043576,0.7537923834557645,0.5375343946479366,0.6450412735775239
hrl,multi,0,weighted_cka,1,1738,3.248231654149942,209.3,0.7039282917976379,0.7002825736999512,1,0.0,0.5413719423583236,5,0,off,0,0,0.0,0.0,0.0,0.8252554131845243,0.5099917290322482,0.5858147258618845,0.2156347856484353,0.3725761660893185,0.7389588343335315,0.5413719423583236,0.6496463308299883
hrl,multi,0,weighted_cka,1,1739,3.1929974356958457,200.15,0.7064864039421082,0.7007917761802673,1,0.0,0.532166239282641,5,0,off,0,0,0.0,0.0,0.0,0.8172814888628489,0.5127052776645868,0.5017985870577394,0.2306342598572373,0.3562513108316343,0.7743265114217996,0.532166239282641,0.6385994871391691
hrl,multi,0,weighted_cka,1,1740,3.121316406295226,225.0,0.7061439156532288,0.7002679705619812,1,0.0,0.5202194010492045,5,0,off,0,0,0.0,0.0,0.0,0.842434818653215,0.5220446692369878,0.07857076752837733,0.5968516266718505,0.33230584660614837,0.7491086775986477,0.5202194010492045,0.6242632812590454
hrl,multi,0,weighted_cka,1,1741,3.2667629198435684,208.35,0.7053878903388977,0.701694905757904,1,0.0,0.5444604866405948,5,0,off,0,0,0.0,0.0,0.0,0.8533170267252715,0.5095322028324007,0.5397012136159464,0.6690987229160964,0.36245884333085265,0.33265491042300116,0.5444604866405948,0.6533525839687138
hrl,multi,0,weighted_cka,1,1742,3.119963286784104,221.15,0.7080428600311279,0.7023488879203796,1,0.0,0.519993881130684,5,0,off,0,0,0.0,0.0,0.0,0.817907834692858,0.5042066317256539,0.49666689524473606,0.24465841735713179,0.3714919438357464,0.6850315639279783,0.519993881130684,0.6239926573568209
hrl,multi,0,weighted_cka,1,1743,3.147521712757522,218.0,0.7038463950157166,0.7012636065483093,1,0.0,0.5245869521262537,5,0,off,0,0,0.0,0.0,0.0,0.8828721364032243,0.5145225251950323,0.5106957939201965,0.5718849136917777,0.35422099017444997,0.31332535337284206,0.5245869521262537,0.6295043425515046
hrl,multi,0,weighted_cka,1,1744,3.2912275024221733,189.0,0.7100880146026611,0.704548180103302,1,0.0,0.5485379170703623,5,0,off,0,0,0.0,0.0,0.0,0.5279195823557674,0.5067298629842698,0.5207300730613059,0.24040486576035613,0.3537388379324693,1.1417042803280055,0.5485379170703623,0.6582455004844348
hrl,multi,0,weighted_cka,1,1745,3.25972365417343,210.0,0.7084442377090454,0.702092170715332,1,0.0,0.5432872756955717,5,0,off,0,0,0.0,0.0,0.0,0.4713620982166611,0.5045897144414484,0.5363223618660121,0.5868390436368062,0.3444747987366281,0.8161356372758746,0.5432872756955717,0.6519447308346861
hrl,multi,0,weighted_cka,1,1746,3.2127247762195754,207.0,0.7063782811164856,0.7020009756088257,1,0.0,0.5354541293699292,5,0,off,0,0,0.0,0.0,0.0,0.824828014758881,0.5067298629842698,0.5553688980503938,0.5596220615217461,0.402754037901759,0.36342190100252625,0.5354541293699292,0.6425449552439151
hrl,multi,0,weighted_cka,1,1747,3.2067609382951403,210.25,0.7058237791061401,0.701355516910553,1,0.0,0.5344601563825234,5,0,off,0,0,0.0,0.0,0.0,0.4391301231386895,0.49816635610163207,0.5210895021078176,0.6148497429341077,0.3539890604840547,0.7795361535288394,0.5344601563825234,0.641352187659028
hrl,multi,0,weighted_cka,1,1748,3.204399149714537,218.15,0.7063993215560913,0.7023488879203796,1,0.0,0.5340665249524229,5,0,off,0,0,0.0,0.0,0.0,0.8319951523651833,0.5112893654555082,0.49574700512271364,0.583220079072751,0.3611094146977993,0.4210381330005824,0.5340665249524229,0.6408798299429075
hrl,multi,0,weighted_cka,1,1749,3.1766630211327853,216.0,0.7057221531867981,0.700874388217926,1,0.0,0.5294438368554643,5,0,off,0,0,0.0,0.0,0.0,0.8456457950165494,0.5062400975860655,0.538352000389248,0.599153639120981,0.3495906038540124,0.3376808851659298,0.5294438368554643,0.6353326042265571
hrl,multi,0,weighted_cka,1,1750,3.1691520435315894,211.0,0.7059671878814697,0.7023488879203796,1,0.0,0.5281920072552649,5,0,off,0,0,0.0,0.0,0.0,0.8128603472276007,0.4983735139071941,0.5418070610519498,0.6075207224749027,0.36167869387893004,0.34691170499101276,0.5281920072552649,0.6338304087063179
hrl,multi,0,weighted_cka,1,1751,3.200357556159316,212.0,0.7041834592819214,0.7002587914466858,1,0.0,0.5333929260265526,5,0,off,0,0,0.0,0.0,0.0,0.8476483469693338,0.48760604538023467,0.5229388603502884,0.6011533033577724,0.4098351212900596,0.3311758788116276,0.5333929260265526,0.6400715112318631
hrl,multi,0,weighted_cka,1,1752,3.1141862306932877,229.0,0.7051457762718201,0.7008011937141418,1,0.0,0.5190310384488813,5,0,off,0,0,0.0,0.0,0.0,0.8323754354041301,0.48973909688368433,0.4816192070352844,0.5618082228495039,0.3384955248316254,0.41014874368906024,0.5190310384488813,0.6228372461386575
hrl,multi,0,weighted_cka,1,1753,3.209435315446694,206.0,0.7042088508605957,0.7005605697631836,1,0.0,0.5349058859077824,5,0,off,0,0,0.0,0.0,0.0,0.8440817391881718,0.4978498160466551,0.503450087991543,0.6276252575702964,0.3367533275147434,0.39967508713528516,0.5349058859077824,0.641887063089339
hrl,multi,0,weighted_cka,1,1754,3.2174523774880788,205.0,0.7060827612876892,0.7004400491714478,1,0.0,0.5362420629146798,5,0,off,0,0,0.0,0.0,0.0,0.8451355301930451,0.5179225837048143,0.540061986609362,0.5917792965471743,0.41182734429417167,0.310725636139512,0.5362420629146798,0.6434904754976157
hrl,multi,0,weighted_cka,1,1755,3.207388641322205,217.0,0.7066549062728882,0.7023488879203796,1,0.0,0.5345647735537008,5,0,off,0,0,0.0,0.0,0.0,0.8422707250264355,0.46158488678187126,0.5659175568940117,0.5842172667160629,0.3650036869808099,0.38839451892301435,0.5345647735537008,0.641477728264441
hrl,multi,0,weighted_cka,1,1756,3.168662266660015,214.0,0.7058641910552979,0.7022292613983154,1,0.0,0.5281103777766691,5,0,off,0,0,0.0,0.0,0.0,0.9472711872421203,0.4018127636648714,0.5026865771105512,0.5626188265010713,0.3546988083557225,0.39957410378567876,0.5281103777766691,0.633732453332003
hrl,multi,0,weighted_cka,1,1757,3.137867835132695,224.0,0.706213116645813,0.7003678679466248,1,0.0,0.5229779725221159,5,0,off,0,0,0.0,0.0,0.0,0.844581670922227,0.5132901178263127,0.5211437587491236,0.5882284559148828,0.3339192732023657,0.3367045585177838,0.5229779725221159,0.627573567026539
hrl,multi,0,weighted_cka,1,1758,3.0668158220057258,244.15,0.7049030065536499,0.7002416253089905,1,0.0,0.5111359703342876,5,0,off,0,0,0.0,0.0,0.0,0.8090406396595734,0.5132901178263127,0.5355562350228428,0.11079310284834332,0.3626233236264051,0.7355124030222491,0.5111359703342876,0.6133631644011451
hrl,multi,0,weighted_cka,1,1759,3.161638730431731,215.0,0.7052727341651917,0.7013979554176331,1,0.0,0.5269397884052885,5,0,off,0,0,0.0,0.0,0.0,0.9282347867254283,0.4373980172500014,0.45306729824328784,0.568258731316775,0.41699457264831274,0.35768532424792643,0.5269397884052885,0.6323277460863462
hrl,multi,0,weighted_cka,1,1760,3.1044770066791667,231.0,0.7049530744552612,0.701246976852417,1,0.0,0.5174128344465277,5,0,off,0,0,0.0,0.0,0.0,0.8418115389994344,0.5158720806762576,0.4503949469965881,0.5821771353064104,0.3370471095263492,0.3771741951741278,0.5174128344465277,0.6208954013358333
hrl,multi,0,weighted_cka,1,1761,3.1782054309415386,211.0,0.7056030035018921,0.7020276784896851,1,0.0,0.5297009051569231,5,0,off,0,0,0.0,0.0,0.0,0.8348290101337478,0.3550637181438505,0.665921198924072,0.5683555009281261,0.3976548658793326,0.35638113693241025,0.5297009051569231,0.6356410861883077
hrl,multi,0,weighted_cka,1,1762,3.268189894020824,206.15,0.7054809331893921,0.7002426981925964,1,0.0,0.5446983156701374,5,0,off,0,0,0.0,0.0,0.0,0.8698234746306551,0.5060177464596927,0.5789123895443044,0.6136946202851831,0.39644637512904585,0.30329528797194355,0.5446983156701374,0.6536379788041649
hrl,multi,0,weighted_cka,1,1763,3.116199812218662,223.0,0.7058066129684448,0.7005380392074585,1,0.0,0.519366635369777,5,0,off,0,0,0.0,0.0,0.0,0.8310751796466064,0.5056550506092607,0.4887617235076612,0.55975315278396,0.391590675209416,0.33936403046175834,0.519366635369777,0.6232399624437324
hrl,multi,0,weighted_cka,1,1764,3.142485656392934,218.0,0.7035499811172485,0.7007566094398499,1,0.0,0.5237476093988224,5,0,off,0,0,0.0,0.0,0.0,0.8294465763049664,0.5076958312857895,0.46000746402051285,0.6048182827625422,0.3689929662404465,0.37152453577867706,0.5237476093988224,0.6284971312785868
hrl,multi,0,weighted_cka,1,1765,3.124704852245747,228.0,0.7049997448921204,0.7009755373001099,1,0.0,0.5207841420409578,5,0,off,0,0,0.0,0.0,0.0,0.8598328551352022,0.4925266456380486,0.48827173246256994,0.5461076159421353,0.3638043081313371,0.3741616949364543,0.5207841420409578,0.6249409704491493
hrl,multi,0,weighted_cka,1,1766,3.1470636303038324,221.0,0.7053810358047485,0.7015339136123657,1,0.0,0.5245106050506387,5,0,off,0,0,0.0,0.0,0.0,0.8957266891170291,0.4350193434916436,0.5144499625526368,0.6100606626104562,0.3821135893049649,0.3096933832271024,0.5245106050506387,0.6294127260607665
hrl,multi,0,weighted_cka,1,1767,3.190794208959908,214.0,0.7053192853927612,0.7015663385391235,1,0.0,0.5317990348266514,5,0,off,0,0,0.0,0.0,0.0,0.8641143523431382,0.5117155163139104,0.5364565491452812,0.6071815241994335,0.36587451165425583,0.30545175530388946,0.5317990348266514,0.6381588417919816
hrl,multi,0,weighted_cka,1,1768,3.1813712671041943,215.1,0.7062123417854309,0.7023488879203796,1,0.0,0.5302285445173657,5,0,off,0,0,0.0,0.0,0.0,0.8225016758423297,0.5117155163139104,0.49641439314978186,0.6035591338421217,0.35509516323474233,0.39208538472130894,0.5302285445173657,0.6362742534208389
hrl,multi,0,weighted_cka,1,1769,3.1884303254573885,221.0,0.7058950662612915,0.7023488879203796,1,0.0,0.5314050542428981,5,0,off,0,0,0.0,0.0,0.0,0.8661246641775359,0.4492158414497971,0.5028683149479619,0.5816635572519152,0.3566691859309794,0.43188876169919965,0.5314050542428981,0.6376860650914777
hrl,multi,0,weighted_cka,1,1770,3.1516471359010017,230.0,0.7054389119148254,0.701576292514801,1,0.0,0.5252745226501669,5,0,off,0,0,0.0,0.0,0.0,0.800821234215953,0.4968261432498693,0.5244267646553925,0.5973446045387535,0.3387704167144838,0.39345797252655024,0.5252745226501669,0.6303294271802004
hrl,multi,0,weighted_cka,1,1771,3.102524143843401,225.0,0.7049341201782227,0.7014215588569641,1,0.0,0.5170873573072335,5,0,off,0,0,0.0,0.0,0.0,0.8499341703383833,0.5119878421854227,0.4527696752068585,0.6418249594373627,0.34174606059958745,0.30426143607578704,0.5170873573072335,0.6205048287686803
hrl,multi,0,weighted_cka,1,1772,3.0629662175036634,237.0,0.7028096914291382,0.7004636526107788,1,0.0,0.5104943695839439,5,0,off,0,0,0.0,0.0,0.0,0.8477859303688163,0.4928681741344043,0.5416847026753239,0.48721219994653053,0.38713544532028016,0.3062797650583088,0.5104943695839439,0.6125932435007326
hrl,multi,0,weighted_cka,1,1773,3.1636250483128507,211.15,0.7054842114448547,0.7023488879203796,1,0.0,0.5272708413854751,5,0,off,0,0,0.0,0.0,0.0,0.8245579399033739,0.4978498160466551,0.5405010194852947,0.6028738156128673,0.36680914772897805,0.3310333095356822,0.5272708413854751,0.6327250096625702
hrl,multi,0,weighted_cka,1,1774,3.1650762816212943,215.0,0.7059381008148193,0.7022544741630554,1,0.0,0.527512713603549,5,0,off,0,0,0.0,0.0,0.0,0.823961285856203,0.5108194710314273,0.5280594737483187,0.6119636227898299,0.3302664077277877,0.36000602046772834,0.527512713603549,0.6330152563242588
hrl,multi,0,weighted_cka,1,1775,3.20479005953423,202.15,0.7061362266540527,0.7006975412368774,1,0.0,0.5341316765890384,5,0,off,0,0,0.0,0.0,0.0,0.8551363717007915,0.5531486152298748,0.17675522364489726,0.5944639812437816,0.4287953980192577,0.5964904696956277,0.5341316765890384,0.640958011906846
hrl,multi,0,weighted_cka,1,1776,3.132561862623178,226.15,0.7052339315414429,0.7012526988983154,1,0.0,0.5220936437705298,5,0,off,0,0,0.0,0.0,0.0,0.8365606136007698,0.5073302442729473,0.5387711713397875,0.5882351572513579,0.32529045628942543,0.3363742198688909,0.5220936437705298,0.6265123725246358
hrl,multi,0,weighted_cka,1,1777,3.203712491750643,211.0,0.705025315284729,0.700874388217926,1,0.0,0.5339520819584406,5,0,off,0,0,0.0,0.0,0.0,0.843691472238497,0.513254111032933,0.534178986002691,0.6206588643928989,0.33969498838233986,0.3522340697012841,0.5339520819584406,0.6407424983501286
hrl,multi,0,weighted_cka,1,1778,3.176191584262041,211.15,0.7053554654121399,0.7023488879203796,1,0.0,0.5293652640436736,5,0,off,0,0,0.0,0.0,0.0,0.8157489104650156,0.5144426229931414,0.5029421912254765,0.6112216654401271,-0.012534327056579142,0.7443705211948604,0.5293652640436736,0.6352383168524083
hrl,multi,0,weighted_cka,1,1779,3.215124392652941,210.0,0.7078591585159302,0.7023488879203796,1,0.0,0.535854065442157,5,0,off,0,0,0.0,0.0,0.0,0.9154996895284856,0.5117454322576522,0.480877433253161,0.6188608428739243,0.005612877542152932,0.6825281171975657,0.535854065442157,0.6430248785305883
hrl,multi,0,weighted_cka,1,1780,3.1451860893040418,220.0,0.7024526596069336,0.700187623500824,1,0.0,0.5241976815506736,5,0,off,0,0,0.0,0.0,0.0,0.8307107612884136,0.5220605875924229,0.4824059409070759,0.5892881992012261,0.3628331780512816,0.35788742226362225,0.5241976815506736,0.6290372178608084
hrl,multi,0,weighted_cka,1,1781,3.1548639942583674,222.0,0.7059727907180786,0.7001532912254333,1,0.0,0.5258106657097279,5,0,off,0,0,0.0,0.0,0.0,0.8225496587337983,0.5236908817291259,0.46519175984384475,0.6296121698748319,0.34743781913258126,0.36638170494418587,0.5258106657097279,0.6309727988516735
hrl,multi,0,weighted_cka,1,1782,3.1817685042105306,208.0,0.7055233120918274,0.7001987099647522,1,0.0,0.5302947507017551,5,0,off,0,0,0.0,0.0,0.0,0.9551840202254241,0.4154733753353357,0.4978845445807091,0.6095457716085947,0.3534740056304895,0.35020678682997824,0.5302947507017551,0.6363537008421062
hrl,multi,0,weighted_cka,1,1783,3.2161484914679215,203.15,0.7069754600524902,0.7023488879203796,1,0.0,0.536024748577987,5,0,off,0,0,0.0,0.0,0.0,0.8402225380039307,0.5067125166356563,0.5025184272886253,0.23689428303390736,0.3394928094966307,0.7903079170091718,0.536024748577987,0.6432296982935843
hrl,multi,0,weighted_cka,1,1784,3.2065247876425844,202.0,0.7072238922119141,0.7036311030387878,1,0.0,0.5344207979404307,5,0,off,0,0,0.0,0.0,0.0,0.8423767356908646,0.48034102363139386,0.4800894161085597,0.6651343757398426,0.42532678563258364,0.31325645083934067,0.5344207979404307,0.6413049575285169
hrl,multi,0,weighted_cka,1,1785,3.186497104012872,224.0,0.7057695388793945,0.7027327418327332,1,0.0,0.531082850668812,5,0,off,0,0,0.0,0.0,0.0,0.8336830471321007,0.5067125166356563,0.5548408470563589,0.6088252863972446,0.3439316410073079,0.33850376578420394,0.531082850668812,0.6372994208025744
hrl,multi,0,weighted_cka,1,1786,3.135926052447582,223.0,0.7053167819976807,0.7021862268447876,1,0.0,0.5226543420745969,5,0,off,0,0,0.0,0.0,0.0,0.9059787286449571,0.38467368423566217,0.4795957142531405,0.6143703774251043,0.4343715392602606,0.3169360086284577,0.5226543420745969,0.6271852104895164
hrl,multi,0,weighted_cka,1,1787,3.2203312358863174,209.0,0.7036752104759216,0.7001333832740784,1,0.0,0.5367218726477196,5,0,off,0,0,0.0,0.0,0.0,0.8510308147869071,0.5116456335932016,0.5477631636648438,0.6167049304563551,0.3419510729440953,0.35123562044091516,0.5367218726477196,0.6440662471772636
hrl,multi,0,weighted_cka,1,1788,3.2484574228229106,210.1,0.7060773372650146,0.7023488879203796,1,0.0,0.5414095704704851,5,0,off,0,0,0.0,0.0,0.0,0.8522058437282684,0.5130190293826162,0.5484407365434453,0.6134124679621308,0.3494077333877794,0.3719716118186712,0.5414095704704851,0.6496914845645821
hrl,multi,0,weighted_cka,1,1789,3.096188795465247,223.0,0.7040401697158813,0.7010762095451355,1,0.0,0.5160314659108746,5,0,off,0,0,0.0,0.0,0.0,0.7836177449463865,0.5114116193000227,0.4757600995027459,0.607687236257363,0.3385253266145882,0.37918676884414165,0.5160314659108746,0.6192377590930495
hrl,multi,0,weighted_cka,1,1790,3.1825957723437215,218.15,0.7065653204917908,0.7031114101409912,1,0.0,0.5304326287239536,5,0,off,0,0,0.0,0.0,0.0,0.8688532266037071,0.48710421609506005,0.5031325582163407,0.5371278747152536,0.3584116579356486,0.42796623877771195,0.5304326287239536,0.6365191544687443
hrl,multi,0,weighted_cka,1,1791,3.126485125991631,228.25,0.7049623131752014,0.7023488879203796,1,0.0,0.5210808543319385,5,0,off,0,0,0.0,0.0,0.0,0.9650927466343854,0.40858669914864,0.4573675136412493,0.6319694111561401,0.3333433628363999,0.3301253925748169,0.5210808543319385,0.6252970251983262
hrl,multi,0,weighted_cka,1,1792,3.230947347105305,199.0,0.709030270576477,0.7050346732139587,1,0.0,0.5384912245175509,5,0,off,0,0,0.0,0.0,0.0,0.8255559912679599,0.526473905481398,0.08895681900344776,0.24340965166315431,0.399580256299232,1.1469707233901136,0.5384912245175509,0.646189469421061
hrl,multi,0,weighted_cka,1,1793,3.2733027398071357,201.1,0.7061976790428162,0.7016428709030151,1,0.0,0.5455504566345227,5,0,off,0,0,0.0,0.0,0.0,0.8072543892523388,0.509160072132945,0.5306309045040979,0.23988512350246305,-0.00014339624345309845,1.1865156466587448,0.5455504566345227,0.6546605479614273
hrl,multi,0,weighted_cka,1,1794,3.2431729095265025,197.0,0.7075192928314209,0.7023488879203796,1,0.0,0.5405288182544171,5,0,off,0,0,0.0,0.0,0.0,0.8420588388169415,0.5108194710314273,0.5638047033203765,0.21122424468770618,0.38272068314719937,0.7325449685228522,0.5405288182544171,0.6486345819053005
hrl,multi,0,weighted_cka,1,1795,3.2531975340177643,198.15,0.7109481692314148,0.7005484104156494,1,0.0,0.5421995890029608,5,0,off,0,0,0.0,0.0,0.0,0.8585452642426242,0.5108194710314273,0.6126658820603043,0.21541951974853868,-0.005547969115898128,1.0612953660507687,0.5421995890029608,0.650639506803553
hrl,multi,0,weighted_cka,1,1796,3.241223615478752,211.0,0.7073742747306824,0.7013543844223022,1,0.0,0.5402039359131253,5,0,off,0,0,0.0,0.0,0.0,0.8115919817578977,0.5108194710314273,0.5293952123704365,0.24662474269047374,0.3670612052908108,0.7757310023377066,0.5402039359131253,0.6482447230957504
hrl,multi,0,weighted_cka,1,1797,3.224165567703474,200.2,0.7053797841072083,0.7012155055999756,1,0.0,0.5373609279505791,5,0,off,0,0,0.0,0.0,0.0,0.9433927439544348,0.4136074902620166,0.564459991138894,0.22641123557463283,0.3729433409741613,0.7033507657993352,0.5373609279505791,0.644833113540695
hrl,multi,0,weighted_cka,1,1798,3.207278246875633,204.0,0.7034878730773926,0.7005549669265747,1,0.0,0.5345463744792722,5,0,off,0,0,0.0,0.0,0.0,0.8594658129066227,0.5251976826824247,0.5140168599532916,0.24595184032991524,0.3372671416378725,0.7253789093655068,0.5345463744792722,0.6414556493751267
hrl,multi,0,weighted_cka,1,1799,3.192358632948481,212.0,0.7048461437225342,0.7023488879203796,1,0.0,0.5320597721580803,5,0,off,0,0,0.0,0.0,0.0,0.8469425352883989,0.4943846877254545,0.5005036873137577,0.2400245017893612,0.3274076704268809,0.7830955504046286,0.5320597721580803,0.6384717265896963
hrl,multi,0,weighted_cka,1,1800,3.1980511001530383,201.0,0.7071857452392578,0.7025951743125916,1,0.0,0.5330085166921731,5,0,off,0,0,0.0,0.0,0.0,0.8150442168958542,0.4997831780696287,0.5521232545357196,0.2465744615742005,0.36652105330687473,0.7180049357707612,0.5330085166921731,0.6396102200306076
hrl,multi,0,weighted_cka,1,1801,3.2296239646064397,207.15,0.7081454992294312,0.7034950852394104,1,0.0,0.53827066076774,5,0,off,0,0,0.0,0.0,0.0,0.8322351722556048,0.5177657217420637,0.5462764383195898,0.2145537853916175,0.406406773369148,0.7123860735284164,0.53827066076774,0.645924792921288
hrl,multi,0,weighted_cka,1,1802,3.1819742238929076,217.15,0.7077297568321228,0.70383620262146,1,0.0,0.5303290373154846,5,0,off,0,0,0.0,0.0,0.0,0.8687252251924945,0.5074144688956439,0.10877088417578484,0.2720679580792784,0.390402323352202,1.0345933641975045,0.5303290373154846,0.6363948447785817
hrl,multi,0,weighted_cka,1,1803,3.2176756834587565,202.0,0.7063563466072083,0.7023488879203796,1,0.0,0.5362792805764595,5,0,off,0,0,0.0,0.0,0.0,0.8172502161094451,0.5011008408442139,0.5401341554457321,0.2468397755697369,0.37948031427916423,0.7328703812104649,0.5362792805764595,0.6435351366917514
hrl,multi,0,weighted_cka,1,1804,3.2143260558656697,204.1,0.7051403522491455,0.7007935643196106,1,0.0,0.535721009310945,5,0,off,0,0,0.0,0.0,0.0,0.8259948350258927,0.4710485803484916,0.5074165883630047,0.24126132769510145,0.353480775171658,0.8151239492615219,0.535721009310945,0.642865211173134
hrl,multi,0,weighted_cka,1,1805,3.1544475172003255,219.3,0.70698082447052,0.7020009756088257,1,0.0,0.5257412528667209,5,0,off,0,0,0.0,0.0,0.0,0.8480553272769319,0.5103352620322257,0.49813727259729046,0.21873083000630134,0.3342578455037437,0.744930979783833,0.5257412528667209,0.6308895034400651
hrl,multi,0,weighted_cka,1,1806,3.240357388083275,201.15,0.706889271736145,0.7021100521087646,1,0.0,0.5400595646805458,5,0,off,0,0,0.0,0.0,0.0,0.8363879686873404,0.5177588638439774,0.5035607872046529,0.6370188066037371,0.3672708993161213,0.3783600624274462,0.5400595646805458,0.648071477616655
hrl,multi,0,weighted_cka,1,1807,3.152000976404407,212.0,0.7056463956832886,0.7001637816429138,1,0.0,0.5253334960674011,5,0,off,0,0,0.0,0.0,0.0,0.8343386590355074,0.46622264511510725,0.5850907495692371,0.603932891459437,0.34081884636590254,0.32159718485921623,0.5253334960674011,0.6304001952808813
hrl,multi,0,weighted_cka,1,1808,3.226057134388945,208.0,0.7070753574371338,0.7023488879203796,1,0.0,0.5376761890648242,5,0,off,0,0,0.0,0.0,0.0,0.8716448942776768,0.5009389378651976,0.5786736058350651,0.20865399982407684,0.3738549299738369,0.6922907666130922,0.5376761890648242,0.6452114268777891
hrl,multi,0,weighted_cka,1,1809,3.183360016938903,215.1,0.7083967924118042,0.7017691731452942,1,0.0,0.5305600028231505,5,0,off,0,0,0.0,0.0,0.0,0.8403468789439646,0.4930499464794993,0.6059096787627786,0.24617083729803557,0.3891294376368168,0.6087532378178089,0.5305600028231505,0.6366720033877806
hrl,multi,0,weighted_cka,1,1810,3.223258112582464,214.0,0.7069978713989258,0.7004730105400085,1,0.0,0.5372096854304108,5,0,off,0,0,0.0,0.0,0.0,0.8573251398161809,0.5170537743382155,0.5748728539147413,0.23391803966509173,0.3835228332637925,0.6565654715844429,0.5372096854304108,0.6446516225164929
hrl,multi,0,weighted_cka,1,1811,3.2223486400435783,201.0,0.707464337348938,0.7022087574005127,1,0.0,0.5370581066739297,5,0,off,0,0,0.0,0.0,0.0,0.8187712835656128,0.5099586703404784,0.4910678680385462,0.22119358001276845,0.42634153764531935,0.7550157004408538,0.5370581066739297,0.6444697280087157
hrl,multi,0,weighted_cka,1,1812,3.187727212318058,205.0,0.7051223516464233,0.7019335031509399,1,0.0,0.5312878687196764,5,0,off,0,0,0.0,0.0,0.0,0.8114381294232588,0.4316214549876749,0.6086295152995734,0.6299167479677125,0.3923881394823547,0.31373322515748436,0.5312878687196764,0.6375454424636116
hrl,multi,0,weighted_cka,1,1813,3.203944398503866,204.0,0.7047158479690552,0.7007778286933899,1,0.0,0.5339907330839777,5,0,off,0,0,0.0,0.0,0.0,0.8750142767002106,0.5133255946971476,0.49568631263496343,0.5890647058933972,0.35151558561204,0.3793379229661077,0.5339907330839777,0.6407888797007733
hrl,multi,0,weighted_cka,1,1814,3.156603116979348,220.1,0.7049942016601562,0.7037933468818665,1,0.0,0.526100519496558,5,0,off,0,0,0.0,0.0,0.0,0.9392065988145767,0.4312022178024053,0.4839501247750594,0.608562489196658,0.35288055583656924,0.34080113055408,0.526100519496558,0.6313206233958696
hrl,multi,0,weighted_cka,1,1815,3.2268796519473417,201.2,0.706272304058075,0.7023488879203796,1,0.0,0.5378132753245569,5,0,off,0,0,0.0,0.0,0.0,0.8488230878482571,0.5091571257039904,0.5083553989166393,0.6118755070893093,0.048432598265004234,0.700235934124142,0.5378132753245569,0.6453759303894684
hrl,multi,0,weighted_cka,1,1816,3.2572703479340754,210.15,0.7066280841827393,0.7017378807067871,1,0.0,0.5428783913223459,5,0,off,0,0,0.0,0.0,0.0,0.848822993568843,0.5019256727360188,0.499702766151633,0.607584595138207,0.033303910211659925,0.7659304101277142,0.5428783913223459,0.6514540695868151
hrl,multi,0,weighted_cka,1,1817,3.1970430355689943,211.15,0.7056215405464172,0.7015678882598877,1,0.0,0.5328405059281658,5,0,off,0,0,0.0,0.0,0.0,0.8578056050970916,0.3470939756929874,0.45382825602148646,0.4155890793167054,0.3357111772045027,0.7870149422362214,0.5328405059281658,0.639408607113799
hrl,multi,0,weighted_cka,1,1818,3.254556010290979,200.0,0.7048057317733765,0.7003217935562134,1,0.0,0.5424260017151633,5,0,off,0,0,0.0,0.0,0.0,1.018855344011448,0.5082324752109124,0.47702205811580634,0.24159181961789722,0.34526126211741937,0.6635930512174963,0.5424260017151633,0.650911202058196
hrl,multi,0,weighted_cka,1,1819,3.1736039764907606,214.0,0.7063433527946472,0.7053859829902649,1,0.0,0.5289339960817935,5,0,off,0,0,0.0,0.0,0.0,0.42103183915940445,0.35117458650842304,1.0923681169729678,0.24176773163676257,0.306567984099267,0.7606937181139364,0.5289339960817935,0.6347207952981522
hrl,multi,0,weighted_cka,1,1820,3.2342635999697715,201.15,0.7071587443351746,0.7023488879203796,1,0.0,0.5390439333282954,5,0,off,0,0,0.0,0.0,0.0,0.8263163322170729,0.513157788529992,0.499961691697128,0.23919311664625997,0.35631666971277437,0.7993180011665448,0.5390439333282954,0.6468527199939544
hrl,multi,0,weighted_cka,1,1821,3.242499712154588,199.0,0.7048113346099854,0.7013347744941711,1,0.0,0.5404166186924314,5,0,off,0,0,0.0,0.0,0.0,0.8437816300652919,0.5092584028430283,0.5714290259853004,0.2478650715760886,0.37869904115362435,0.6914665405312552,0.5404166186924314,0.6484999424309177
hrl,multi,0,weighted_cka,1,1822,3.206396738244349,208.15,0.7053565979003906,0.7023488879203796,1,0.0,0.5343994563740582,5,0,off,0,0,0.0,0.0,0.0,0.8278774094705003,0.5088265043273568,0.5223591716708614,0.25155460393428797,0.3611658217201838,0.7346132271211594,0.5343994563740582,0.6412793476488698
hrl,multi,0,weighted_cka,1,1823,3.220892790557955,207.1,0.7048062682151794,0.7002825736999512,1,0.0,0.5368154650929927,5,0,off,0,0,0.0,0.0,0.0,0.8395335135805652,0.5132901178263127,0.5469954060604795,0.22945079007744784,0.34474338474648536,0.7468795782666653,0.5368154650929927,0.6441785581115912
hrl,multi,0,weighted_cka,1,1824,3.2726966241032858,186.3,0.7088476419448853,0.7014032602310181,1,0.0,0.5454494373505476,5,0,off,0,0,0.0,0.0,0.0,0.5082886662592645,0.5288219526968896,0.5115735150057407,0.234508084654808,0.05627988992165768,1.4332245155649255,0.5454494373505476,0.6545393248206571
hrl,multi,0,weighted_cka,1,1825,3.1766308980155724,215.0,0.7055843472480774,0.7023488879203796,1,0.0,0.5294384830025954,5,0,off,0,0,0.0,0.0,0.0,0.9355295384218915,0.4355048154070973,0.5180405953065491,0.23735900023579592,0.3540493136239238,0.6961476350203155,0.5294384830025954,0.6353261796031144
hrl,multi,0,weighted_cka,1,1826,3.1877332371056593,208.15,0.7050603628158569,0.7023488879203796,1,0.0,0.5312888728509432,5,0,off,0,0,0.0,0.0,0.0,0.8303817203649376,0.5114386122263967,0.5135936003858222,0.5974879492549224,0.38442854316602454,0.35040281170755627,0.5312888728509432,0.6375466474211319
hrl,multi,0,weighted_cka,1,1827,3.1664413615473883,219.0,0.7057517766952515,0.7003388404846191,1,0.0,0.5277402269245647,5,0,off,0,0,0.0,0.0,0.0,0.8197777028388226,0.48692525909841056,0.5093851633351295,0.5979561689621767,0.3268033094375859,0.42559375787526366,0.5277402269245647,0.6332882723094777
hrl,multi,0,weighted_cka,1,1828,3.1626821524091184,220.15,0.7040867209434509,0.7000914216041565,1,0.0,0.5271136920681864,5,0,off,0,0,0.0,0.0,0.0,0.9476579194960212,0.41244827728718514,0.4944925019731744,0.580655763523653,0.35714466668079686,0.3702830234482884,0.5271136920681864,0.6325364304818237
hrl,multi,0,weighted_cka,1,1829,3.0924943996683347,226.0,0.7076364755630493,0.7048379778862,1,0.0,0.5154157332780558,5,0,off,0,0,0.0,0.0,0.0,0.7781668686501214,0.5022508700899779,0.4673452341444789,0.6368934258753433,0.3701442162505481,0.33769378465786576,0.5154157332780558,0.6184988799336669
hrl,multi,0,weighted_cka,1,1830,3.1663378334032592,212.0,0.7056037187576294,0.7023488879203796,1,0.0,0.5277229722338765,5,0,off,0,0,0.0,0.0,0.0,0.9321988539649172,0.4299638083726167,0.49952275715908023,0.5875879361229016,0.380923649715376,0.3361408280683681,0.5277229722338765,0.6332675666806519
hrl,multi,0,weighted_cka,1,1831,3.219704636479638,218.15,0.7059439420700073,0.7008915543556213,1,0.0,0.536617439413273,5,0,off,0,0,0.0,0.0,0.0,0.8135276292301349,0.5067298629842698,0.5178826977130956,0.5951622614767401,0.36268196207922293,0.42372022299617523,0.536617439413273,0.6439409272959276
hrl,multi,0,weighted_cka,1,1832,3.139393322314309,222.0,0.7070630192756653,0.7017061710357666,1,0.0,0.5232322203857181,5,0,off,0,0,0.0,0.0,0.0,0.8650344517216434,0.5054593466743826,0.4466947434400207,0.5653256616089491,0.39351181791466655,0.3633673009546473,0.5232322203857181,0.6278786644628618
hrl,multi,0,weighted_cka,1,1833,3.186602788842864,210.0,0.7046410441398621,0.7023488879203796,1,0.0,0.531100464807144,5,0,off,0,0,0.0,0.0,0.0,0.8099767658185445,0.4760890086740255,0.5176051132944411,0.6016292041875421,0.36407042664242906,0.4172322702258825,0.531100464807144,0.6373205577685728
hrl,multi,0,weighted_cka,1,1834,3.156171159648801,220.0,0.7053639888763428,0.7017892003059387,1,0.0,0.5260285266081335,5,0,off,0,0,0.0,0.0,0.0,0.8711358675844966,0.5067298629842698,0.45815930044092223,0.5404962833551689,0.3641961674136109,0.4154536778703332,0.5260285266081335,0.6312342319297601
hrl,multi,0,weighted_cka,1,1835,2.376774191600269,300.0,0.660632848739624,0.4796307682991028,0,0.0,0.3961290319333782,5,0,off,0,0,0.0,0.0,0.0,0.817270915460307,0.5067298629842698,0.4340221431618555,-0.1036282928399745,0.3471122879697941,0.3752672748640179,0.3961290319333782,0.4753548383200538
hrl,multi,0,weighted_cka,1,1836,2.3371922270511263,300.0,0.6368656158447266,0.36884695291519165,0,0.0,0.3895320378418545,5,0,off,0,0,0.0,0.0,0.0,0.8521739610640796,0.5111308053303509,0.5226215402577071,-0.23600921606132802,0.3399204935401212,0.3473546429201961,0.3895320378418545,0.46743844541022533
hrl,multi,0,weighted_cka,1,1837,2.4051066144569617,300.0,0.6653028726577759,0.5037516951560974,0,0.0,0.4008511024094936,5,0,off,0,0,0.0,0.0,0.0,0.9469430362592682,0.4400018657147884,0.5304712861757724,-0.25976404083240817,0.36990806306559526,0.37754640407394613,0.4008511024094936,0.4810213228913923
hrl,multi,0,weighted_cka,1,1838,2.93334831563426,276.0,0.7055150270462036,0.7012636065483093,1,0.0,0.48889138593904335,5,0,off,0,0,0.0,0.0,0.0,0.8148632407025432,0.518296860024333,0.5380461162757127,0.36405236802557783,0.375545518066181,0.32254421253991306,0.48889138593904335,0.586669663126852
hrl,multi,0,weighted_cka,1,1839,3.160707721073412,225.0,0.7036145329475403,0.7013030648231506,1,0.0,0.526784620178902,5,0,off,0,0,0.0,0.0,0.0,0.946146963547915,0.4365240753218531,0.5318630348867736,0.580633540782146,0.3602981103917117,0.3052419961430132,0.526784620178902,0.6321415442146824
hrl,multi,0,weighted_cka,1,1840,3.128844831305603,219.0,0.7050701975822449,0.7029997110366821,1,0.0,0.5214741385509338,5,0,off,0,0,0.0,0.0,0.0,0.7956947746901176,0.5046741695664823,0.5262602205956354,0.5778091618716715,0.35160912159645513,0.37279738298524173,0.5214741385509338,0.6257689662611206
hrl,multi,0,weighted_cka,1,1841,3.140695015546172,223.15,0.7057453393936157,0.7019072771072388,1,0.0,0.5234491692576954,5,0,off,0,0,0.0,0.0,0.0,0.9226217448580135,0.4365240753218531,0.5052812189892865,0.6061474383859894,0.33255040203430686,0.33757013595672325,0.5234491692576954,0.6281390031092344
hrl,multi,0,weighted_cka,1,1842,3.177231156265362,212.0,0.7070615291595459,0.7044779658317566,1,0.0,0.529538526044227,5,0,off,0,0,0.0,0.0,0.0,0.8276406863383016,0.5050748053602874,0.5635388936218805,0.587174902146682,0.37548397996462873,0.3183178888335824,0.529538526044227,0.6354462312530724
hrl,multi,0,weighted_cka,1,1843,3.1466170624224166,223.0,0.7041586637496948,0.7019751667976379,1,0.0,0.5244361770704028,5,0,off,0,0,0.0,0.0,0.0,0.8655545278950593,0.5125428739525377,0.45063947169191654,0.5804635205790399,0.43881011296864003,0.2986065553352236,0.5244361770704028,0.6293234124844833
hrl,multi,0,weighted_cka,1,1844,3.176441895724599,224.15,0.7032033205032349,0.7008412480354309,1,0.0,0.5294069826207665,5,0,off,0,0,0.0,0.0,0.0,0.8199702358968205,0.5105897617153823,0.5058996008289977,0.5874905717028304,0.3780657644161837,0.37442596116438503,0.5294069826207665,0.6352883791449198
hrl,multi,0,weighted_cka,1,1845,3.1380783090242406,222.1,0.7050933837890625,0.7020009756088257,1,0.0,0.5230130515040402,5,0,off,0,0,0.0,0.0,0.0,0.836764926679083,0.5145413359869271,0.48909479219466434,0.608796155120246,0.3439012639853172,0.3449798350580036,0.5230130515040402,0.6276156618048482
hrl,multi,0,weighted_cka,1,1846,2.4441309556801776,300.25,0.6576719284057617,0.4617038667201996,0,0.0,0.4073551592800296,5,0,off,0,0,0.0,0.0,0.0,0.8338770752230992,0.508957497831434,0.5272841593804768,-0.18215961305005507,0.3737365431795478,0.3824352931156754,0.4073551592800296,0.48882619113603554
hrl,multi,0,weighted_cka,1,1847,3.2397516974428133,198.0,0.7054799795150757,0.7015379071235657,1,0.0,0.5399586162404689,5,0,off,0,0,0.0,0.0,0.0,1.0326961506204677,0.42649262481927863,0.1264723988231271,0.6009118835916741,0.37725943949291824,0.675919200095348,0.5399586162404689,0.6479503394885627
hrl,multi,0,weighted_cka,1,1848,3.1289157769697473,221.0,0.7036724090576172,0.7009483575820923,1,0.0,0.5214859628282912,5,0,off,0,0,0.0,0.0,0.0,0.85260453493183,0.5024099173769354,0.4917129076207055,0.6066976700648664,0.3662403844925574,0.3092503624828532,0.5214859628282912,0.6257831553939495
hrl,multi,0,weighted_cka,1,1849,3.1452735052886407,215.0,0.7049593925476074,0.7001970410346985,1,0.0,0.5242122508814401,5,0,off,0,0,0.0,0.0,0.0,0.8325481423013842,0.5111531744301319,0.5238388214432633,0.5928910687891765,0.3425097497995011,0.34233254852518435,0.5242122508814401,0.6290547010577281
hrl,multi,0,weighted_cka,1,1850,3.220512806355952,203.0,0.7062363624572754,0.7023488879203796,1,0.0,0.5367521343926587,5,0,off,0,0,0.0,0.0,0.0,0.8543304403191431,0.5112893654555082,0.5927044566087424,0.5726274511516093,0.3876415798412635,0.3019195129796862,0.5367521343926587,0.6441025612711904
hrl,multi,0,weighted_cka,1,1851,3.1431496862510673,216.0,0.7038522362709045,0.7012636065483093,1,0.0,0.5238582810418445,5,0,off,0,0,0.0,0.0,0.0,0.8115545012475921,0.5602575699612498,0.4969814026081002,0.6084040522510185,0.3511401866858359,0.3148119734972715,0.5238582810418445,0.6286299372502134
hrl,multi,0,weighted_cka,1,1852,3.1357886032522644,218.0,0.7044825553894043,0.7006273865699768,1,0.0,0.5226314338753774,5,0,off,0,0,0.0,0.0,0.0,0.8582242117163258,0.39669995770417144,0.4398026939537375,0.6931117555210365,0.3820263919758144,0.36592359238117933,0.5226314338753774,0.6271577206504528
hrl,multi,0,weighted_cka,1,1853,2.9360189939934194,268.0,0.7049005627632141,0.7023488879203796,1,0.0,0.4893364989989033,5,0,off,0,0,0.0,0.0,0.0,0.9497541031631843,0.6081693160674183,0.4334673047755203,0.6020061058625578,0.35790963614557403,-0.015287472020834685,0.4893364989989033,0.587203798798684
hrl,multi,0,weighted_cka,1,1854,3.1660605834923032,211.0,0.703091561794281,0.7016151547431946,1,0.0,0.5276767639153839,5,0,off,0,0,0.0,0.0,0.0,0.4147410339841443,1.360113936625421,0.5237966025229542,0.5811640082057564,0.38674281987152054,-0.10049781771749264,0.5276767639153839,0.6332121166984607
hrl,multi,0,weighted_cka,1,1855,3.2520535424285066,191.1,0.7041879892349243,0.7004523277282715,1,0.0,0.5420089237380845,5,0,off,0,0,0.0,0.0,0.0,0.8320328847986619,0.5114611260797828,0.46539464068785297,0.2230204062201082,0.0491610073652118,1.1709834772768897,0.5420089237380845,0.6504107084857014
hrl,multi,0,weighted_cka,1,1856,3.2616267613347376,192.1,0.706541121006012,0.7023488879203796,1,0.0,0.5436044602224563,5,0,off,0,0,0.0,0.0,0.0,0.8542586740866535,0.5114386122263967,0.5190920679350383,0.2168336622975766,0.3438702436967287,0.8161335010923445,0.5436044602224563,0.6523253522669477
hrl,multi,0,weighted_cka,1,1857,3.228531595711703,203.15,0.7090998888015747,0.703264057636261,1,0.0,0.5380885992852839,5,0,off,0,0,0.0,0.0,0.0,0.8256796995043986,0.5057720079608261,0.460987736084964,0.22980073751881713,0.40823905194121457,0.798052362701483,0.5380885992852839,0.6457063191423407
hrl,multi,0,weighted_cka,1,1858,3.2509752373872605,191.0,0.7045031785964966,0.7004875540733337,1,0.0,0.5418292062312101,5,0,off,0,0,0.0,0.0,0.0,0.8767592521529003,0.5008385414145886,0.5201103149079717,0.6464602037137374,0.39816711116023357,0.3086398140378296,0.5418292062312101,0.650195047477452
hrl,multi,0,weighted_cka,1,1859,3.220842927564691,207.0,0.7059890031814575,0.7015678882598877,1,0.0,0.5368071545941152,5,0,off,0,0,0.0,0.0,0.0,0.8486163918639066,0.4877599597498774,0.46405144276609633,0.6413930723182856,0.021136814371216978,0.7578852464953088,0.5368071545941152,0.6441685855129382
hrl,multi,0,weighted_cka,1,1860,3.2919849235340646,178.45000000000002,0.7076038122177124,0.7045121788978577,1,0.0,0.5486641539223441,5,0,off,0,0,0.0,0.0,0.0,0.177116933180252,0.9394269253648817,0.5206691396520472,0.2283022005707025,0.3752209029476325,1.051248821818549,0.5486641539223441,0.658396984706813
hrl,multi,0,weighted_cka,1,1861,3.278006363471748,190.3,0.7079446315765381,0.7000314593315125,1,0.0,0.546334393911958,5,0,off,0,0,0.0,0.0,0.0,0.8280321590319507,0.5094849419370293,0.5350317724146879,0.23894825862720603,0.041552361806854524,1.1249568696540198,0.546334393911958,0.6556012726943496
hrl,multi,0,weighted_cka,1,1862,3.2394511855655717,201.0,0.7059758901596069,0.7023488879203796,1,0.0,0.5399085309275953,5,0,off,0,0,0.0,0.0,0.0,0.8816613463848478,0.48148197341337795,0.5271815239316783,0.16650444069504733,0.35500331582590294,0.827618585314718,0.5399085309275953,0.6478902371131143
hrl,multi,0,weighted_cka,1,1863,3.2274083334795653,211.1,0.7055521011352539,0.7015424370765686,1,0.0,0.5379013889132609,5,0,off,0,0,0.0,0.0,0.0,0.8282811065927379,0.5022456452846527,0.5868541690502315,0.21623994062095875,0.3713862239533336,0.7224012479776516,0.5379013889132609,0.6454816666959131
hrl,multi,0,weighted_cka,1,1864,3.2079367138514634,202.25,0.7074500322341919,0.7046712636947632,1,0.0,0.5346561189752439,5,0,off,0,0,0.0,0.0,0.0,0.9054520463490042,0.5132901178263127,0.4963919068900867,0.25322028515487904,0.34214107112959025,0.6974412865015911,0.5346561189752439,0.6415873427702927
hrl,multi,0,weighted_cka,1,1865,3.2372531877991557,201.0,0.7042449712753296,0.7023488879203796,1,0.0,0.5395421979665259,5,0,off,0,0,0.0,0.0,0.0,0.8234742233460418,0.5168712216094136,0.5812762903729453,0.2435379417277872,0.36912312067180747,0.702970390071161,0.5395421979665259,0.6474506375598311
hrl,multi,0,weighted_cka,1,1866,3.242964101545465,195.3,0.7050366997718811,0.7004842758178711,1,0.0,0.5404940169242441,5,0,off,0,0,0.0,0.0,0.0,0.43052331682830103,0.3717223287224769,0.5128249210703651,0.837686194628477,0.3679986168269533,0.7222087234688922,0.5404940169242441,0.648592820309093
hrl,multi,0,weighted_cka,1,1867,3.2206296758915984,209.0,0.7063314318656921,0.7019175887107849,1,0.0,0.5367716126485998,5,0,off,0,0,0.0,0.0,0.0,0.8601877285470253,0.47137412900105113,0.567686183341313,0.20982059441879386,0.3448339743178803,0.7667270662655354,0.5367716126485998,0.6441259351783198
hrl,multi,0,weighted_cka,1,1868,3.1678292172524367,225.0,0.7060471773147583,0.7004328370094299,1,0.0,0.5279715362087396,5,0,off,0,0,0.0,0.0,0.0,0.8742498540221711,0.5067298629842698,0.4819129616012795,0.17005705214664335,0.35028484368987844,0.7845946428081951,0.5279715362087396,0.6335658434504875
hrl,multi,0,weighted_cka,1,1869,3.2269890786224034,210.15,0.7063539624214172,0.7006795406341553,1,0.0,0.537831513103734,5,0,off,0,0,0.0,0.0,0.0,0.4795300954682751,0.5067819090150296,0.5311012563151306,0.2386616482958197,0.33758835383970287,1.1333258156884463,0.537831513103734,0.6453978157244807
hrl,multi,0,weighted_cka,1,1870,3.234675668289651,206.0,0.7075451612472534,0.7020009756088257,1,0.0,0.5391126113816086,5,0,off,0,0,0.0,0.0,0.0,0.8414049710761754,0.5050677269287407,0.5111390548041089,0.20398351357784117,0.37700181337888344,0.7960785885239019,0.5391126113816086,0.6469351336579303
hrl,multi,0,weighted_cka,1,1871,3.2420920043770627,205.0,0.7084684371948242,0.7023488879203796,1,0.0,0.5403486673961772,5,0,off,0,0,0.0,0.0,0.0,0.8194136938462032,0.5080710634179413,0.5449118594620376,0.24412156619504088,0.36705522404019203,0.7585185974156483,0.5403486673961772,0.6484184008754126
hrl,multi,0,weighted_cka,1,1872,3.1798555679619533,216.1,0.7062015533447266,0.7028307318687439,1,0.0,0.529975927993659,5,0,off,0,0,0.0,0.0,0.0,0.8436578861022134,0.5376867224089801,0.5244828597274608,0.597680034842342,0.3526034411338623,0.32374462374709545,0.529975927993659,0.6359711135923908
hrl,multi,0,weighted_cka,1,1873,3.1527488737046707,215.15,0.7055383920669556,0.7038397789001465,1,0.0,0.5254581456174451,5,0,off,0,0,0.0,0.0,0.0,0.915160369550518,0.3977006781846284,0.5099509988427161,0.6032540653375907,0.3664641607809462,0.3602186010082718,0.5254581456174451,0.6305497747409341
hrl,multi,0,weighted_cka,1,1874,3.1697773350155436,214.3,0.7040360569953918,0.7020102143287659,1,0.0,0.5282962225025906,5,0,off,0,0,0.0,0.0,0.0,0.9125416238009928,0.5109012004509568,0.473486908441875,0.563236200340092,0.3434565522035118,0.36615484977811574,0.5282962225025906,0.6339554670031087
hrl,multi,0,weighted_cka,1,1875,3.183627139766385,211.15,0.7044798731803894,0.7004337906837463,1,0.0,0.5306045232943976,5,0,off,0,0,0.0,0.0,0.0,0.9556790831473189,0.42899597378075116,0.4556318938189651,0.6311511863803606,0.35303438869235104,0.359134613946639,0.5306045232943976,0.636725427953277
hrl,multi,0,weighted_cka,1,1876,3.107769465469172,235.0,0.7062543034553528,0.7020421624183655,1,0.0,0.5179615775781954,5,0,off,0,0,0.0,0.0,0.0,0.9252972402542362,0.42999592735990877,0.46637050662329405,0.5820501573524669,0.3647571286698803,0.3392985052093863,0.5179615775781954,0.6215538930938345
hrl,multi,0,weighted_cka,1,1877,3.246048735171439,206.0,0.7052256464958191,0.7004424929618835,1,0.0,0.5410081225285732,5,0,off,0,0,0.0,0.0,0.0,0.8477677613754057,0.5067125166356563,0.5059775126650928,0.6366612314931116,0.3474571005932521,0.40147261240892107,0.5410081225285732,0.6492097470342879
hrl,multi,0,weighted_cka,1,1878,3.2139319519849074,219.0,0.7055472731590271,0.7040888071060181,1,0.0,0.5356553253308179,5,0,off,0,0,0.0,0.0,0.0,0.8145667814073675,0.47892029821872706,0.5461012656083329,0.6106013327771797,0.38407817308045916,0.37966410089284175,0.5356553253308179,0.6427863903969815
hrl,multi,0,weighted_cka,1,1879,2.357118903757872,300.0,0.6773951053619385,0.5632852911949158,0,0.0,0.39285315062631204,5,0,off,0,0,0.0,0.0,0.0,0.8100319329630873,0.5033042309507727,0.5056712328437715,-0.2005871681459252,0.34058112396842616,0.3981175511777401,0.39285315062631204,0.4714237807515745
hrl,multi,0,weighted_cka,1,1880,3.16824526089616,216.0,0.7037404775619507,0.700465202331543,1,0.0,0.5280408768160266,5,0,off,0,0,0.0,0.0,0.0,0.8599761185967362,0.4482850481420755,0.4744018292617983,0.6981006855498998,0.39135182780958705,0.2961297515360638,0.5280408768160266,0.633649052179232
hrl,multi,0,weighted_cka,1,1881,2.2872090550016315,300.1,0.6704397797584534,0.5152174830436707,0,0.0,0.38120150916693857,5,0,off,0,0,0.0,0.0,0.0,0.9192148526851086,0.4713190746335312,0.5742625110242515,-0.26645493303234064,0.3361246604412444,0.25274288924983696,0.38120150916693857,0.4574418110003263
hrl,multi,0,weighted_cka,1,1882,3.0705177549513976,242.1,0.705913782119751,0.70340895652771,1,0.0,0.5117529591585662,5,0,off,0,0,0.0,0.0,0.0,0.8215329620116388,0.5132901178263127,0.5522437710496596,0.4962776639163492,0.3667382676783017,0.3204349724691361,0.5117529591585662,0.6141035509902795
hrl,multi,0,weighted_cka,1,1883,3.0908541888879832,226.0,0.7043279409408569,0.7023488879203796,1,0.0,0.5151423648146639,5,0,off,0,0,0.0,0.0,0.0,0.8665823813406749,0.8133667976981959,0.4233118054321966,0.6054489503549411,0.38282292050647077,-0.0006786664444953204,0.5151423648146639,0.6181708377775967
hrl,multi,0,weighted_cka,1,1884,3.1452147392812755,219.0,0.7060621976852417,0.7040058970451355,1,0.0,0.5242024565468792,5,0,off,0,0,0.0,0.0,0.0,0.8144872316937543,0.5011304238401353,0.5078919683215207,0.616911877513863,0.3728187845251522,0.3319744533868506,0.5242024565468792,0.6290429478562551
hrl,multi,0,weighted_cka,1,1885,3.224580837517906,202.15,0.705379843711853,0.7023586630821228,1,0.0,0.5374301395863177,5,0,off,0,0,0.0,0.0,0.0,0.8278136068277525,0.513254111032933,0.6193430561926215,0.6140445191385223,0.3781696000342027,0.2719559442918747,0.5374301395863177,0.6449161675035813
hrl,multi,0,weighted_cka,1,1886,3.216224349437286,209.15,0.7093090415000916,0.7039525508880615,1,0.0,0.5360373915728811,5,0,off,0,0,0.0,0.0,0.0,0.8528697421846153,0.513157788529992,0.5349733745893462,0.2064582356885074,0.3641115551941911,0.7446536532506347,0.5360373915728811,0.6432448698874573
hrl,multi,0,weighted_cka,1,1887,3.1548958024441602,210.1,0.7051304578781128,0.700833261013031,1,0.0,0.5258159670740267,5,0,off,0,0,0.0,0.0,0.0,0.8079007729665025,0.5064569218400865,0.48606306030182156,0.6235335538880898,0.3616653510233154,0.369276142424345,0.5258159670740267,0.6309791604888321
hrl,multi,0,weighted_cka,1,1888,3.1595781438712107,215.3,0.7066141963005066,0.701411783695221,1,0.0,0.5265963573118685,5,0,off,0,0,0.0,0.0,0.0,0.4875507196527904,0.48642225177027276,0.475934303438058,0.5941670297272502,0.38064481990724736,0.7348590193755925,0.5265963573118685,0.6319156287742421
hrl,multi,0,weighted_cka,1,1889,3.2102679903927975,215.15,0.7049330472946167,0.7006801962852478,1,0.0,0.5350446650654663,5,0,off,0,0,0.0,0.0,0.0,0.4390230183511301,0.509771120134741,0.5417651754319667,0.6057125656334682,0.36088341254764233,0.7531126982938499,0.5350446650654663,0.6420535980785596
hrl,multi,0,weighted_cka,1,1890,3.168449023962136,234.25,0.7065500020980835,0.7004686594009399,1,0.0,0.5280748373270227,5,0,off,0,0,0.0,0.0,0.0,0.8174820026847299,0.511910342477262,0.42880422828812137,0.6325880844730417,0.4841635994506067,0.2935007665883749,0.5280748373270227,0.6336898047924272
hrl,multi,0,weighted_cka,1,1891,3.1705381613806227,216.0,0.7064691781997681,0.7011935710906982,1,0.0,0.5284230268967706,5,0,off,0,0,0.0,0.0,0.0,0.8564535703114232,0.5064531993679702,0.4631834519309922,0.5549926595110445,0.007191969476581874,0.7822633107826114,0.5284230268967706,0.6341076322761247
hrl,multi,0,weighted_cka,1,1892,3.168321790313347,225.0,0.7054166197776794,0.701617956161499,1,0.0,0.5280536317188912,5,0,off,0,0,0.0,0.0,0.0,0.800704738152446,0.5093790959194302,0.5013275337037629,0.603705415775068,0.36391163212549865,0.38929337463714175,0.5280536317188912,0.6336643580626694
hrl,multi,0,weighted_cka,1,1893,3.069279460380202,230.0,0.7033880352973938,0.7000924348831177,1,0.0,0.5115465767300337,5,0,off,0,0,0.0,0.0,0.0,0.7952396951236295,0.4726452907733618,0.48619693651283147,0.5934934503599069,0.34847482139721975,0.37322926621325314,0.5115465767300337,0.6138558920760404
hrl,multi,0,weighted_cka,1,1894,3.1897871331260528,208.0,0.7062859535217285,0.7024790048599243,1,0.0,0.5316311888543421,5,0,off,0,0,0.0,0.0,0.0,0.8103919688568274,0.5066328372899442,0.5551942036468535,0.6364419455546885,0.36327762639449784,0.31784855138324203,0.5316311888543421,0.6379574266252106
hrl,multi,0,weighted_cka,1,1895,3.176411715940309,228.0,0.7050378918647766,0.7023488879203796,1,0.0,0.5294019526567183,5,0,off,0,0,0.0,0.0,0.0,0.821997695154714,0.3626068113390355,0.5431325021414085,0.5997496175393461,-0.00020844796439640004,0.8491335377302021,0.5294019526567183,0.6352823431880619
hrl,multi,0,weighted_cka,1,1896,3.1866196944677725,217.1,0.7060114741325378,0.7023488879203796,1,0.0,0.5311032824112955,5,0,off,0,0,0.0,0.0,0.0,0.8242980004632844,0.4349016710072755,0.5226542555242776,0.6082579509210772,0.36685356305562883,0.42965425349622965,0.5311032824112955,0.6373239388935545
hrl,multi,0,weighted_cka,1,1897,3.244655174609063,189.1,0.7025641202926636,0.7000024914741516,1,0.0,0.540775862434844,5,0,off,0,0,0.0,0.0,0.0,0.898298928964068,0.5100447748377919,0.18188451968319708,0.590687879925128,0.3576557224139105,0.7060833487849683,0.540775862434844,0.6489310349218128
hrl,multi,0,weighted_cka,1,1898,3.230320070497225,203.0,0.7089803218841553,0.7023488879203796,1,0.0,0.5383866784162042,5,0,off,0,0,0.0,0.0,0.0,0.8522284432891755,0.5044675530493259,0.5095950575992464,0.6460510805808007,0.3294996329355053,0.3884783030431717,0.5383866784162042,0.646064014099445
hrl,multi,0,weighted_cka,1,1899,3.1665879684579896,223.15,0.7068289518356323,0.7018793821334839,1,0.0,0.5277646614096649,5,0,off,0,0,0.0,0.0,0.0,0.9358311154441324,0.4299464559704065,0.4234548539272508,0.5912716749869286,0.3936893438776023,0.3923945242516696,0.5277646614096649,0.6333175936915979
hrl,multi,0,weighted_cka,1,1900,3.1107058713017453,224.1,0.7067867517471313,0.7044779658317566,1,0.0,0.518450978550291,5,0,off,0,0,0.0,0.0,0.0,0.8435275720926,0.42700473914202286,0.46988413758948433,0.19798284188285464,0.351230274111469,0.8210763064833151,0.518450978550291,0.6221411742603491
hrl,multi,0,weighted_cka,1,1901,3.220824562968825,203.1,0.7060478925704956,0.7023488879203796,1,0.0,0.5368040938281374,5,0,off,0,0,0.0,0.0,0.0,0.8507619403597199,0.5106562844999134,0.5377043630792758,0.220454303137958,0.34356875100766765,0.7576789208842907,0.5368040938281374,0.644164912593765
hrl,multi,0,weighted_cka,1,1902,3.191725510395648,202.0,0.7042373418807983,0.7028994560241699,1,0.0,0.531954251732608,5,0,off,0,0,0.0,0.0,0.0,0.8314055316456873,0.4955545129682868,0.4810496471719815,0.245551830869168,0.3527241418637567,0.7854398458767682,0.531954251732608,0.6383451020791296
hrl,multi,0,weighted_cka,1,1903,3.264354454027744,202.1,0.707604706287384,0.7017760872840881,1,0.0,0.5440590756712907,5,0,off,0,0,0.0,0.0,0.0,0.8286402647852663,0.5130491148270666,0.5906582228397018,0.23416226176545019,0.37389376372331745,0.7239508260869421,0.5440590756712907,0.6528708908055488
hrl,multi,0,weighted_cka,1,1904,3.107323638081928,230.25,0.7059787511825562,0.7002825736999512,1,0.0,0.5178872730136547,5,0,off,0,0,0.0,0.0,0.0,0.8268426269586487,0.5132901178263127,0.0902620371039955,0.22498910712450737,0.36790691691450766,1.0840328321539563,0.5178872730136547,0.6214647276163856
hrl,multi,0,weighted_cka,1,1905,3.150081180586362,211.0,0.7074416875839233,0.7023488879203796,1,0.0,0.5250135300977271,5,0,off,0,0,0.0,0.0,0.0,0.8279407135039799,0.4887172067030332,0.09056053390773,0.2242542805746197,0.32998003915627483,1.1886284067407251,0.5250135300977271,0.6300162361172725
hrl,multi,0,weighted_cka,1,1906,3.1954105024981643,204.0,0.7050186395645142,0.7012636065483093,1,0.0,0.5325684170830275,5,0,off,0,0,0.0,0.0,0.0,0.3363517626766115,1.0024940188936888,0.5688976548388599,0.23504586737230415,0.3595020722952722,0.6931191264214285,0.5325684170830275,0.639082100499633
hrl,multi,0,weighted_cka,1,1907,3.0992728989819853,227.15,0.7067794799804688,0.7009981870651245,1,0.0,0.5165454831636643,5,0,off,0,0,0.0,0.0,0.0,0.4241550859635752,0.8687422452708705,0.4757930089961736,0.21339258448127651,0.36101975004158876,0.7561702242285013,0.5165454831636643,0.6198545797963971
hrl,multi,0,weighted_cka,1,1908,3.2635672605611896,201.0,0.7070093750953674,0.7018225789070129,1,0.0,0.5439278767601983,5,0,off,0,0,0.0,0.0,0.0,0.843547560778359,0.5120733099579811,0.5139495539111084,0.21941116457805032,0.3576443590868729,0.8169413122488185,0.5439278767601983,0.652713452112238
hrl,multi,0,weighted_cka,1,1909,3.183105165429645,214.0,0.7082222700119019,0.7005029320716858,1,0.0,0.5305175275716075,5,0,off,0,0,0.0,0.0,0.0,0.8365143745101521,0.5084686203021556,0.4758286499115637,0.20953342929482455,0.38618859178642734,0.7665714996245223,0.5305175275716075,0.6366210330859291
hrl,multi,0,weighted_cka,1,1910,3.1194819435621017,223.0,0.7073810696601868,0.7037317156791687,1,0.0,0.5199136572603503,5,0,off,0,0,0.0,0.0,0.0,0.38182321231631783,1.2735574775268321,0.4608226169613189,0.22863200079649681,0.3590325812551891,0.41561405470594764,0.5199136572603503,0.6238963887124205
hrl,multi,0,weighted_cka,1,1911,3.2185535974317685,196.1,0.7051060795783997,0.7016549110412598,1,0.0,0.5364255995719615,5,0,off,0,0,0.0,0.0,0.0,0.860062453916529,0.513157788529992,0.5195519859767518,0.21223372421413655,0.34573021685238925,0.7678174279419705,0.5364255995719615,0.6437107194863538
hrl,multi,0,weighted_cka,1,1912,3.190211931791314,212.15,0.7050074338912964,0.7023488879203796,1,0.0,0.5317019886318857,5,0,off,0,0,0.0,0.0,0.0,0.9359623779072425,0.4062483783476054,0.48617120439989947,0.6025006591286509,0.35211292581208536,0.40721638619583095,0.5317019886318857,0.6380423863582628
hrl,multi,0,weighted_cka,1,1913,3.1057799699521698,248.0,0.7048186659812927,0.7005491256713867,1,0.0,0.5176299949920283,5,0,off,0,0,0.0,0.0,0.0,0.8319589966612401,0.5121483424268662,0.5383224719185381,0.4825850252024827,0.35804691665327115,0.38271821708977216,0.5176299949920283,0.621155993990434
hrl,multi,0,weighted_cka,1,1914,3.2393085766215797,212.0,0.7053011059761047,0.7018964886665344,1,0.0,0.5398847627702633,5,0,off,0,0,0.0,0.0,0.0,0.8708846828429958,0.5032179439999163,0.6074071831749751,0.6143213483402504,0.3390875512855127,0.30438986697793,0.5398847627702633,0.647861715324316
hrl,multi,0,weighted_cka,1,1915,3.177387320758832,208.0,0.70540452003479,0.7002162933349609,1,0.0,0.5295645534598054,5,0,off,0,0,0.0,0.0,0.0,0.8233751648300093,0.48034102363139386,0.549261276351055,0.600955504703801,0.42385199118027217,0.2996023600623012,0.5295645534598054,0.6354774641517664
hrl,multi,0,weighted_cka,1,1916,3.184358296262006,210.1,0.7077730298042297,0.7050354480743408,1,0.0,0.5307263827103345,5,0,off,0,0,0.0,0.0,0.0,0.97979215503484,0.4299464559704065,0.516034493593499,0.58859446218051,0.3278082330091856,0.34218249647356563,0.5307263827103345,0.6368716592524013
hrl,multi,0,weighted_cka,1,1917,3.117758883097694,226.15,0.7033348083496094,0.7004820704460144,1,0.0,0.5196264805162824,5,0,off,0,0,0.0,0.0,0.0,0.9070586533100721,0.4299464559704065,0.5032574545019305,0.5969404634367673,0.3666905559108417,0.3138652999676764,0.5196264805162824,0.6235517766195388
hrl,multi,0,weighted_cka,1,1918,3.142989454140385,223.1,0.705746054649353,0.7017825245857239,1,0.0,0.5238315756900641,5,0,off,0,0,0.0,0.0,0.0,0.930016501681879,0.4573773784190416,0.49345907472120587,0.6056770713003351,0.3261802189644076,0.3302792090535164,0.5238315756900641,0.6285978908280769
hrl,multi,0,weighted_cka,1,1919,3.167226088696853,213.0,0.7074667811393738,0.7031639218330383,1,0.0,0.5278710147828088,5,0,off,0,0,0.0,0.0,0.0,0.7899903111503225,0.508055239316076,0.4695108467410317,0.6788699215631931,0.35318994952772814,0.36760982039850204,0.5278710147828088,0.6334452177393706
hrl,multi,0,weighted_cka,1,1920,3.227784103683777,213.0,0.7043498754501343,0.7004628777503967,1,0.0,0.5379640172806296,5,0,off,0,0,0.0,0.0,0.0,0.865947784105432,0.5116366188563406,0.5601608631489797,0.6070691595487295,0.33999589136475694,0.3429737866595387,0.5379640172806296,0.6455568207367555
hrl,multi,0,weighted_cka,1,1921,3.214092333610696,210.0,0.7055923938751221,0.7026494145393372,1,0.0,0.5356820556017827,5,0,off,0,0,0.0,0.0,0.0,0.8213106880508129,0.5129930943772196,0.49807337615452696,0.6130441377693786,0.360708619585439,0.40796241767331953,0.5356820556017827,0.6428184667221393
hrl,multi,0,weighted_cka,1,1922,3.0190007387832143,255.0,0.7014611959457397,0.7000965476036072,1,0.0,0.5031667897972024,5,0,off,0,0,0.0,0.0,0.0,0.810959350683668,0.5128176452256739,0.5409963637758045,0.43856714549055303,0.3694401874523609,0.34622004615515467,0.5031667897972024,0.6038001477566428
hrl,multi,0,weighted_cka,1,1923,3.162799737992835,220.1,0.7041851282119751,0.7004169225692749,1,0.0,0.5271332896654725,5,0,off,0,0,0.0,0.0,0.0,0.920156198649667,0.4337628081962466,0.5145462802825495,0.6040194893847218,0.37564747045817776,0.31466749102147296,0.5271332896654725,0.632559947598567
hrl,multi,0,weighted_cka,1,1924,3.277911685715644,197.3,0.7033720016479492,0.7005581855773926,1,0.0,0.5463186142859406,5,0,off,0,0,0.0,0.0,0.0,0.9323630786049178,0.5142264355495572,0.5428981164800933,0.5845360410381107,0.3307660295153327,0.37312198452763257,0.5463186142859406,0.6555823371431287
hrl,multi,0,weighted_cka,1,1925,3.0956436069020152,224.0,0.7035835981369019,0.7023465037345886,1,0.0,0.5159406011503359,5,0,off,0,0,0.0,0.0,0.0,0.363833318832796,0.808427984282567,0.10370890465378757,0.6294939478915184,0.5274577946562348,0.6627216565851122,0.5159406011503359,0.6191287213804031
hrl,multi,0,weighted_cka,1,1926,3.2041584915400296,207.0,0.7046852111816406,0.7022832036018372,1,0.0,0.5340264152566717,5,0,off,0,0,0.0,0.0,0.0,0.3910104423352749,0.9705243561193346,0.5379585531987249,0.6159247304527088,-0.027779044922295812,0.716519454356283,0.5340264152566717,0.6408316983080061
hrl,multi,0,weighted_cka,1,1927,3.217970928347168,212.1,0.7045437693595886,0.7023488879203796,1,0.0,0.5363284880578614,5,0,off,0,0,0.0,0.0,0.0,0.83030845261208,0.5266613399274647,0.5320154773285611,0.6063360424414276,0.35131696501257825,0.3713326510250568,0.5363284880578614,0.6435941856694336
hrl,multi,0,weighted_cka,1,1928,3.1988616765259055,209.0,0.7066712379455566,0.7023488879203796,1,0.0,0.5331436127543177,5,0,off,0,0,0.0,0.0,0.0,0.8447692207609069,0.5099283739514648,0.5621603774703107,0.6022934230403042,0.3549623511487152,0.32474793015420433,0.5331436127543177,0.6397723353051812
hrl,multi,0,weighted_cka,1,1929,2.3745033978108245,300.25,0.651961624622345,0.43916165828704834,0,0.0,0.39575056630180416,5,0,off,0,0,0.0,0.0,0.0,0.8572943159303393,0.5028227260038256,0.526602785531897,-0.2370518104297811,0.34650247376467447,0.3783329070098698,0.39575056630180416,0.474900679562165
hrl,multi,0,weighted_cka,1,1930,2.419843401140759,300.1,0.6577162742614746,0.4746963381767273,0,0.0,0.4033072335234598,5,0,off,0,0,0.0,0.0,0.0,0.8463921206765807,0.502938574321568,0.5527910025771706,-0.2000275702998046,0.3594455341178399,0.35830373974740504,0.4033072335234598,0.4839686802281518
hrl,multi,0,weighted_cka,1,1931,3.188979074173642,209.0,0.7038425207138062,0.7001317143440247,1,0.0,0.5314965123622737,5,0,off,0,0,0.0,0.0,0.0,0.8289759961434245,0.49011683329939837,0.49231676533678537,0.6049308665068819,0.4582970730432133,0.3143415398439392,0.5314965123622737,0.6377958148347285
hrl,multi,0,weighted_cka,1,1932,3.1290481323552073,218.0,0.704651415348053,0.7011732459068298,1,0.0,0.5215080220592013,5,0,off,0,0,0.0,0.0,0.0,0.32479470012721134,1.2880404206181408,0.49538510415283954,0.6917812943393363,0.361718535831198,-0.03267192271351814,0.5215080220592013,0.6258096264710415
hrl,multi,0,weighted_cka,1,1933,3.0966232730881953,238.0,0.7063716053962708,0.7016164064407349,1,0.0,0.5161038788480327,5,0,off,0,0,0.0,0.0,0.0,0.8236865629148086,0.5067125166356563,0.5333979879138059,0.5289202955669096,0.35100142072979357,0.35290448932722207,0.5161038788480327,0.6193246546176392
hrl,multi,0,weighted_cka,1,1934,3.1633853599252837,218.1,0.7061691284179688,0.7026090621948242,1,0.0,0.5272308933208806,5,0,off,0,0,0.0,0.0,0.0,0.7926785905257564,0.5041969680283218,0.519379484228324,0.6301723327548242,0.36677691766600756,0.3501810667220503,0.5272308933208806,0.6326770719850567
hrl,multi,0,weighted_cka,1,1935,3.096596537649281,228.0,0.7057062983512878,0.7046324014663696,1,0.0,0.5160994229415469,5,0,off,0,0,0.0,0.0,0.0,0.8288595177377572,0.5107778898682445,0.5171198562234639,0.5495030931275103,0.3420897394677158,0.3482464412245899,0.5160994229415469,0.6193193075298563
hrl,multi,0,weighted_cka,1,1936,3.1554131145152775,217.0,0.70667964220047,0.7023488879203796,1,0.0,0.5259021857525464,5,0,off,0,0,0.0,0.0,0.0,0.3605935642199183,0.4262581578046083,1.1282116596335543,0.6115129586942493,0.32450670702755446,0.30433006713539357,0.5259021857525464,0.6310826229030557
hrl,multi,0,weighted_cka,1,1937,3.1729713007050293,226.25,0.705695629119873,0.7019138336181641,1,0.0,0.528828550117505,5,0,off,0,0,0.0,0.0,0.0,0.9413718395796603,0.5067125166356563,0.35413836704427365,0.6256783540993928,0.3812525282210408,0.3638176951250061,0.528828550117505,0.634594260141006
hrl,multi,0,weighted_cka,1,1938,3.218194347263167,213.0,0.7072640061378479,0.7024819254875183,1,0.0,0.5363657245438612,5,0,off,0,0,0.0,0.0,0.0,0.9309198588822035,0.5067125166356563,0.44849785064393644,0.5140815059514715,0.4301202432220742,0.3878623719278257,0.5363657245438612,0.6436388694526334
hrl,multi,0,weighted_cka,1,1939,3.166212017409306,215.0,0.7058278322219849,0.7023488879203796,1,0.0,0.527702002901551,5,0,off,0,0,0.0,0.0,0.0,0.8259007961812893,0.46510650110989804,0.5506964615993201,0.5708410596009342,0.3631006611157572,0.3905665378021076,0.527702002901551,0.6332424034818611
hrl,multi,0,weighted_cka,1,1940,3.1826068860340153,208.0,0.705623984336853,0.7038525342941284,1,0.0,0.5304344810056693,5,0,off,0,0,0.0,0.0,0.0,0.8989714607391505,0.45389215124398463,0.44634249150799576,0.21094693454354996,0.417719705899828,0.7547341420995071,0.5304344810056693,0.6365213772068031
hrl,multi,0,weighted_cka,1,1941,3.225952911962172,192.25,0.7036631107330322,0.7003880143165588,1,0.0,0.537658818660362,5,0,off,0,0,0.0,0.0,0.0,0.38871776673197733,0.889825882524601,0.1322160568404942,0.3307445916831493,0.3765658243780489,1.1078827898039016,0.537658818660362,0.6451905823924344
hrl,multi,0,weighted_cka,1,1942,3.217835066475357,205.15,0.7070634365081787,0.7012463212013245,1,0.0,0.5363058444125596,5,0,off,0,0,0.0,0.0,0.0,0.8255553951147593,0.5124730210341513,0.4949602950303814,0.23066207865253086,0.358022882195306,0.7961613944482291,0.5363058444125596,0.6435670132950715
hrl,multi,0,weighted_cka,1,1943,3.2301615073206764,216.0,0.7064166069030762,0.7001132965087891,1,0.0,0.5383602512201128,5,0,off,0,0,0.0,0.0,0.0,0.8389691969533449,0.5050962016507983,0.5213457684363237,0.5980578769356942,0.35713313096258203,0.40955933238193387,0.5383602512201128,0.6460323014641353
hrl,multi,0,weighted_cka,1,1944,3.1773186457314866,209.0,0.7045855522155762,0.7023488879203796,1,0.0,0.5295531076219144,5,0,off,0,0,0.0,0.0,0.0,0.8740700929755693,0.4994877558946609,0.5213421239964663,0.5443948259316383,0.3953648312999866,0.3426590156331658,0.5295531076219144,0.6354637291462973
hrl,multi,0,weighted_cka,1,1945,3.0892970021328443,237.0,0.7066343426704407,0.7023488879203796,1,0.0,0.5148828336888074,5,0,off,0,0,0.0,0.0,0.0,0.9390329218531331,0.42429129533097143,0.5046663179742171,0.4941002977942569,0.3690604675893409,0.3581457015909254,0.5148828336888074,0.6178594004265688
hrl,multi,0,weighted_cka,1,1946,3.2270538738105667,199.0,0.7058364748954773,0.7016505002975464,1,0.0,0.5378423123017612,5,0,off,0,0,0.0,0.0,0.0,0.8623708025331142,0.5254804906137287,0.6071845013238489,0.5838813504027202,0.3703130869831656,0.2778236419539898,0.5378423123017612,0.6454107747621134
hrl,multi,0,weighted_cka,1,1947,2.455410120570285,300.0,0.6783314943313599,0.5773488879203796,0,0.0,0.4092350200950475,5,0,off,0,0,0.0,0.0,0.0,0.8235039792878377,0.5344633842445909,0.538405580700375,-0.18582674617692865,0.3657216172743755,0.379142305240035,0.4092350200950475,0.491082024114057
hrl,multi,0,weighted_cka,1,1948,2.9898103905065914,255.15,0.7071396112442017,0.7041512727737427,1,0.0,0.49830173175109865,5,0,off,0,0,0.0,0.0,0.0,0.34720124202640723,0.1267148326067029,0.45233293322194357,1.1776624948257228,0.554899500128813,0.3309993876970024,0.49830173175109865,0.5979620781013184
hrl,multi,0,weighted_cka,1,1949,3.1941505411723616,221.0,0.7056377530097961,0.7023488879203796,1,0.0,0.532358423528727,5,0,off,0,0,0.0,0.0,0.0,0.834750476925168,0.5263484442234039,0.5556438281172885,0.6032333215516991,0.37079637228418133,0.30337809807062144,0.532358423528727,0.6388301082344723
hrl,multi,0,weighted_cka,1,1950,3.1506835335181083,216.0,0.7078057527542114,0.7002162933349609,1,0.0,0.5251139222530181,5,0,off,0,0,0.0,0.0,0.0,0.829268094814848,0.4948922898322343,0.12868031352758402,0.5609328145701437,0.4080825104154645,0.7288275103578343,0.5251139222530181,0.6301367067036218
hrl,multi,0,weighted_cka,1,1951,3.2918762232871717,192.4,0.7071748971939087,0.7041772603988647,1,0.0,0.5486460372145286,5,0,off,0,0,0.0,0.0,0.0,0.9969996120082213,0.5429052338562905,0.4385840016398578,0.2359974803961813,0.03420440581906582,1.0431854895675552,0.5486460372145286,0.6583752446574344
hrl,multi,0,weighted_cka,1,1952,3.239832576632912,192.15,0.7070732712745667,0.7023488879203796,1,0.0,0.5399720961054854,5,0,off,0,0,0.0,0.0,0.0,0.870439526543021,0.5028651626976206,0.1421137162931263,0.23914955003187055,0.35873683639112275,1.1265277846761514,0.5399720961054854,0.6479665153265824
hrl,multi,0,weighted_cka,1,1953,3.261189746476598,187.15,0.7069453597068787,0.7008915543556213,1,0.0,0.5435316244127665,5,0,off,0,0,0.0,0.0,0.0,0.920290871267556,0.43504876974970097,0.10064631784521039,0.24893171000853176,0.4210614866194372,1.1352105909861625,0.5435316244127665,0.6522379492953198
hrl,multi,0,weighted_cka,1,1954,3.2248666193971864,203.0,0.7059803605079651,0.7012676000595093,1,0.0,0.5374777698995311,5,0,off,0,0,0.0,0.0,0.0,0.8268645344567483,0.5093041484765708,0.5031524077854118,0.2158494251482188,0.35388265458424567,0.8158134489459916,0.5374777698995311,0.6449733238794373
hrl,multi,0,weighted_cka,1,1955,3.203880965108371,213.0,0.7056440711021423,0.7011348605155945,1,0.0,0.5339801608513951,5,0,off,0,0,0.0,0.0,0.0,0.9210247341564389,0.5050677269287407,0.49750987081602205,0.6063264665398745,0.33061477760047997,0.3433373890668153,0.5339801608513951,0.6407761930216742
hrl,multi,0,weighted_cka,1,1956,3.2561634331085285,213.0,0.7089322209358215,0.7023488879203796,1,0.0,0.5426939055180882,5,0,off,0,0,0.0,0.0,0.0,0.8261917408506486,0.5067298629842698,0.12080260851699842,0.2481930275075137,0.3762835640308621,1.1779626292182366,0.5426939055180882,0.6512326866217057
hrl,multi,0,weighted_cka,1,1957,3.194909377203991,208.0,0.70685213804245,0.7032381296157837,1,0.0,0.5324848962006653,5,0,off,0,0,0.0,0.0,0.0,0.8638421947173845,0.5112893654555082,0.4792909323016282,0.2388372438549995,0.33788896944525176,0.7637606714292196,0.5324848962006653,0.6389818754407983
hrl,multi,0,weighted_cka,1,1958,3.25667638100509,203.75000000000003,0.7030302286148071,0.7001153230667114,1,0.0,0.5427793968341817,5,0,off,0,0,0.0,0.0,0.0,0.835667977788369,0.5127227547168731,0.5271767790177836,0.2407069712467491,0.3329899584355298,0.8074119397997856,0.5427793968341817,0.651335276201018
hrl,multi,0,weighted_cka,1,1959,3.1525924347092853,212.4,0.7056487798690796,0.7015312910079956,1,0.0,0.5254320724515475,5,0,off,0,0,0.0,0.0,0.0,0.8536939167603849,0.5223374529201537,0.4570535566522739,0.6085039611607789,0.36988230481767087,0.3411212423980236,0.5254320724515475,0.6305184869418571
hrl,multi,0,weighted_cka,1,1960,2.4324696975567366,300.45,0.6824844479560852,0.5995979309082031,0,0.0,0.40541161625945615,5,0,off,0,0,0.0,0.0,0.0,0.9562215409828349,0.5034795262627303,0.4470778738828375,-0.21219362153182778,0.3497889559969771,0.3880954219631851,0.40541161625945615,0.4864939395113474
hrl,multi,0,weighted_cka,1,1961,3.2087719328056314,211.9,0.7102822661399841,0.7018570303916931,1,0.0,0.5347953221342719,5,0,off,0,0,0.0,0.0,0.0,0.8388293770457383,0.5054641250148415,0.5373556284098885,0.19716064275428646,0.3610246184968855,0.7689375410839915,0.5347953221342719,0.6417543865611264
hrl,multi,0,weighted_cka,1,1962,3.194831224211898,208.5,0.7067915201187134,0.7006381154060364,1,0.0,0.532471870701983,5,0,off,0,0,0.0,0.0,0.0,0.43988737587514315,0.513157788529992,0.5613073180061764,0.2384884823672473,0.35172536705195667,1.090264892381383,0.532471870701983,0.6389662448423796
hrl,multi,0,weighted_cka,1,1963,3.200837983118136,207.0,0.7079135179519653,0.7044626474380493,1,0.0,0.5334729971863561,5,0,off,0,0,0.0,0.0,0.0,0.8699157561864702,0.5017139497771859,0.1056166071286424,0.25955598015338177,0.38787928504426955,1.076156404828187,0.5334729971863561,0.6401675966236273
hrl,multi,0,weighted_cka,1,1964,3.217992090213548,202.0,0.7071971893310547,0.7013946771621704,1,0.0,0.5363320150355914,5,0,off,0,0,0.0,0.0,0.0,0.8332426879958655,0.5129930943772196,0.49040632644714777,0.25799627188593144,0.38007226280635215,0.743281446701032,0.5363320150355914,0.6435984180427097
hrl,multi,0,weighted_cka,1,1965,3.244458681259884,207.4,0.7051407098770142,0.7007700204849243,1,0.0,0.540743113543314,5,0,off,0,0,0.0,0.0,0.0,0.8815166638884692,0.4979222771339118,0.5099972610692493,0.22990258928388352,0.3647650627959737,0.760354827088397,0.540743113543314,0.6488917362519768
hrl,multi,0,weighted_cka,1,1966,2.968320132361897,258.15,0.7050570249557495,0.7005269527435303,1,0.0,0.4947200220603161,5,0,off,0,0,0.0,0.0,0.0,0.8474255644183138,0.5128075487762689,0.49469538768567134,0.3569712454853577,0.380090506328117,0.3763298796681687,0.4947200220603161,0.5936640264723794
hrl,multi,0,weighted_cka,1,1967,3.2033988592187166,221.60000000000002,0.7059870958328247,0.7005386352539062,1,0.0,0.5338998098697861,5,0,off,0,0,0.0,0.0,0.0,0.8768822186625328,0.5067125166356563,0.5079172922556753,0.1875264123640954,0.34939871690794816,0.774961702392809,0.5338998098697861,0.6406797718437434
hrl,multi,0,weighted_cka,1,1968,3.23464773942627,200.60000000000002,0.7098199129104614,0.7023488879203796,1,0.0,0.5391079565710449,5,0,off,0,0,0.0,0.0,0.0,0.9335411816481499,0.5323505964763462,0.4775031262361443,0.2427782964482903,0.35267686294684236,0.6957976756704971,0.5391079565710449,0.6469295478852539
hrl,multi,0,weighted_cka,1,1969,3.2433090427137437,207.60000000000002,0.7083011865615845,0.7021434307098389,1,0.0,0.5405515071189574,5,0,off,0,0,0.0,0.0,0.0,0.8788497185949234,0.48374034004285926,0.3981665965956635,0.24668695789063344,0.38263623514934436,0.8532291944403201,0.5405515071189574,0.6486618085427488
hrl,multi,0,weighted_cka,1,1970,3.2399179385963586,198.60000000000002,0.7072005867958069,0.7030678391456604,1,0.0,0.5399863230993931,5,0,off,0,0,0.0,0.0,0.0,0.9520681585479759,0.4364880592152476,0.5385573900053277,0.25733675231225783,0.3316372860285919,0.7238302924869582,0.5399863230993931,0.6479835877192717
hrl,multi,0,weighted_cka,1,1971,3.2233092062109723,211.60000000000002,0.70573490858078,0.70450758934021,1,0.0,0.537218201035162,5,0,off,0,0,0.0,0.0,0.0,0.8974667062936349,0.513157788529992,0.4264906686944886,0.2755324150025844,0.36245582874963284,0.7482057989406399,0.537218201035162,0.6446618412421945
hrl,multi,0,weighted_cka,1,1972,3.1682080365934335,205.75,0.7049294710159302,0.7023488879203796,1,0.0,0.5280346727655723,5,0,off,0,0,0.0,0.0,0.0,0.8711174692488274,0.4872378712147474,0.5269292788212186,0.21227556313946838,0.37047216631091934,0.7001756878582528,0.5280346727655723,0.6336416073186867
hrl,multi,0,weighted_cka,1,1973,2.355878674252947,300.25,0.6620014309883118,0.4874922037124634,0,0.0,0.3926464457088245,5,0,off,0,0,0.0,0.0,0.0,0.9471399101074783,0.47142060999386004,0.441172889583744,-0.2094597475128252,0.41272292929800447,0.29288208278268574,0.3926464457088245,0.4711757348505894
hrl,multi,0,weighted_cka,1,1974,3.167558030392828,210.0,0.7042557597160339,0.7023488879203796,1,0.0,0.5279263383988047,5,0,off,0,0,0.0,0.0,0.0,0.8680311238847788,0.523990497238934,0.4496873499806969,0.6286106674633919,0.35263350797168086,0.34460488385334614,0.5279263383988047,0.6335116060785656
hrl,multi,0,weighted_cka,1,1975,3.2432136584034876,206.0,0.7060931921005249,0.7023488879203796,1,0.0,0.5405356097339147,5,0,off,0,0,0.0,0.0,0.0,0.8714036410145926,0.511380188498646,0.16193570299632842,0.600976423896849,0.371695388530963,0.7258223134661093,0.5405356097339147,0.6486427316806976
hrl,multi,0,weighted_cka,1,1976,3.271730692753451,194.25,0.7041592597961426,0.7002162933349609,1,0.0,0.5452884487922419,5,0,off,0,0,0.0,0.0,0.0,1.0224825252820735,0.5112145090065896,0.12255250858142963,0.25243289346620434,0.3994289945238269,0.9636192618933274,0.5452884487922419,0.6543461385506902
hrl,multi,0,weighted_cka,1,1977,3.204725332667002,205.0,0.7066816687583923,0.7044792175292969,1,0.0,0.5341208887778338,5,0,off,0,0,0.0,0.0,0.0,0.8464091321298618,0.5124430883266031,0.5082639617826789,0.1714642897844314,0.3555789774986915,0.8105658831447362,0.5341208887778338,0.6409450665334007
hrl,multi,0,weighted_cka,1,1978,3.2203556292113373,216.7,0.7107241749763489,0.7044995427131653,1,0.0,0.5367259382018895,5,0,off,0,0,0.0,0.0,0.0,1.014030223109759,0.5127227547168731,0.03811192178330369,0.2797175169512629,0.3966917379864025,0.9790814746637362,0.5367259382018895,0.6440711258422674
hrl,multi,0,weighted_cka,1,1979,3.2198259930460096,206.3,0.7082551717758179,0.7018948793411255,1,0.0,0.5366376655076683,5,0,off,0,0,0.0,0.0,0.0,0.8448538847483668,0.512809179123491,0.5188323007407597,0.24529005239158863,-0.03167470822489131,1.1297152842666953,0.5366376655076683,0.643965198609202
hrl,multi,0,weighted_cka,1,1980,3.2049783002969203,203.60000000000002,0.7055824398994446,0.7015257477760315,1,0.0,0.5341630500494867,5,0,off,0,0,0.0,0.0,0.0,0.8780449171905055,0.5130190293826162,0.4559798722107661,0.2519923342019319,0.32257200173744777,0.7833701455736533,0.5341630500494867,0.640995660059384
hrl,multi,0,weighted_cka,1,1981,3.1509261624731812,216.60000000000002,0.7056785821914673,0.7023488879203796,1,0.0,0.5251543604121969,5,0,off,0,0,0.0,0.0,0.0,0.8679149108426644,0.5111470388770103,0.43117425006860854,0.2747242213785648,0.3410887694065458,0.7248769718997878,0.5251543604121969,0.6301852324946362
hrl,multi,0,weighted_cka,1,1982,3.259349276541698,203.45000000000002,0.7091801762580872,0.7017949819564819,1,0.0,0.5432248794236163,5,0,off,0,0,0.0,0.0,0.0,0.9330766542032359,0.5011008408442139,0.4244174063128884,0.2393517076093703,0.3611344343595337,0.800268233212456,0.5432248794236163,0.6518698553083395
hrl,multi,0,weighted_cka,1,1983,3.287219880037521,205.45000000000002,0.7070411443710327,0.7009307146072388,1,0.0,0.5478699800062535,5,0,off,0,0,0.0,0.0,0.0,0.8877781860441899,0.5132874058149755,0.514967518061865,0.22341083771456027,0.3579200620285701,0.7898558703733607,0.5478699800062535,0.6574439760075041
hrl,multi,0,weighted_cka,1,1984,2.232649267335002,300.45,0.6123098134994507,0.23883606493473053,0,0.0,0.3721082112225003,5,0,off,0,0,0.0,0.0,0.0,0.8331890189200638,0.5115362301990389,0.49767648508353146,-0.35593332770559977,0.3571703774493653,0.3890104833886027,0.3721082112225003,0.4465298534670004
hrl,multi,0,weighted_cka,1,1985,3.0645439688976843,255.60000000000002,0.7041772603988647,0.7005717158317566,1,0.0,0.510757328149614,5,0,off,0,0,0.0,0.0,0.0,0.8032649737689642,0.4966887838803231,0.5188674802407621,0.0031210941746829084,0.38244749423395835,0.860154142598994,0.510757328149614,0.6129087937795369
hrl,multi,0,weighted_cka,1,1986,3.245778226349921,204.8,0.7070159912109375,0.7038665413856506,1,0.0,0.5409630377249869,5,0,off,0,0,0.0,0.0,0.0,0.8202544733395333,0.5067298629842698,0.5088275147350504,0.2398282022736966,0.3632403643848374,0.8068978086325339,0.5409630377249869,0.6491556452699843
hrl,multi,0,weighted_cka,1,1987,3.2006243496443627,203.60000000000002,0.7080397605895996,0.7004686594009399,1,0.0,0.5334373916073938,5,0,off,0,0,0.0,0.0,0.0,0.826621548743269,0.505386245554313,0.4737271784902549,0.23581253416836256,0.40460376522853025,0.7544730774596333,0.5334373916073938,0.6401248699288725
hrl,multi,0,weighted_cka,1,1988,3.3370870570039135,177.45000000000002,0.706086277961731,0.7018009424209595,1,0.0,0.556181176167319,5,0,off,0,0,0.0,0.0,0.0,0.6562578166713937,0.5125656326822936,0.45598336520884175,0.22806308443099255,0.038280040228739334,1.4459371177816531,0.556181176167319,0.6674174114007828
hrl,multi,0,weighted_cka,1,1989,3.213911187202529,202.4,0.7060597538948059,0.702290952205658,1,0.0,0.5356518645337548,5,0,off,0,0,0.0,0.0,0.0,0.8466772614989894,0.3585531854592263,0.6542149598458781,0.14421187170967453,0.37406000835355363,0.8361939003352076,0.5356518645337548,0.6427822374405058
hrl,multi,0,weighted_cka,1,1990,3.1773247727200147,211.60000000000002,0.7084124684333801,0.7038824558258057,1,0.0,0.5295541287866692,5,0,off,0,0,0.0,0.0,0.0,0.8935190830474019,0.43683374333754177,0.501421793327201,0.2442962411846965,0.35417897769412954,0.7470749341290444,0.5295541287866692,0.635464954544003
hrl,multi,0,weighted_cka,1,1991,3.1525525449140455,223.90000000000003,0.7063050270080566,0.7014904618263245,1,0.0,0.525425424152341,5,0,off,0,0,0.0,0.0,0.0,0.9394218492433427,0.5093296937420964,0.10198992710281152,0.2139893243480473,0.31454259496531445,1.0732791555124335,0.525425424152341,0.6305105089828091
hrl,multi,0,weighted_cka,1,1992,3.21573490050921,199.75000000000003,0.7047898173332214,0.7023488879203796,1,0.0,0.535955816751535,5,0,off,0,0,0.0,0.0,0.0,0.844499540520599,0.53511920940876,0.4438045314378104,0.2602622191011905,0.3755022480869374,0.7565471519539133,0.535955816751535,0.643146980101842
hrl,multi,0,weighted_cka,1,1993,3.0308241741499504,252.75,0.7059999704360962,0.701196014881134,1,0.0,0.5051373623583251,5,0,off,0,0,0.0,0.0,0.0,0.8530496478315907,0.43365257080271835,0.39029900931101275,0.32705523172393436,0.34091765511085387,0.6858500593698409,0.5051373623583251,0.6061648348299901
hrl,multi,0,weighted_cka,1,1994,3.2467991711262605,206.70000000000002,0.7075697779655457,0.7033177614212036,1,0.0,0.5411331951877102,5,0,off,0,0,0.0,0.0,0.0,0.9251899321870877,0.51106019397825,0.4508104173215105,0.24575973568111653,0.33369441091828045,0.7802844810400158,0.5411331951877102,0.6493598342252522
hrl,multi,0,weighted_cka,1,1995,3.193983564398623,210.85000000000002,0.7073831558227539,0.7003857493400574,1,0.0,0.5323305940664372,5,0,off,0,0,0.0,0.0,0.0,0.9365728665366767,0.5056066311486065,0.4150048539373091,0.2643643350861966,0.3840114454906433,0.6884234321991912,0.5323305940664372,0.6387967128797246
hrl,multi,0,weighted_cka,1,1996,3.216258529580081,208.75000000000003,0.7097821235656738,0.7036580443382263,1,0.0,0.5360430882633468,5,0,off,0,0,0.0,0.0,0.0,0.8337118820738977,0.5125656326822936,0.5247944760667159,0.17859144840389485,0.35396945694574966,0.8126256334075297,0.5360430882633468,0.6432517059160162
hrl,multi,0,weighted_cka,1,1997,3.1398649640621694,227.85,0.7076297998428345,0.7023488879203796,1,0.0,0.5233108273436949,5,0,off,0,0,0.0,0.0,0.0,0.8530880091723364,0.5076358638294041,0.045314749695466006,0.2739185965750366,0.40653927664208445,1.0533684681478421,0.5233108273436949,0.6279729928124339
hrl,multi,0,weighted_cka,1,1998,2.4520951845430554,300.70000000000005,0.6386770009994507,0.3503769338130951,0,0.0,0.408682530757176,5,0,off,0,0,0.0,0.0,0.0,0.9409419296770355,0.422574226334691,0.09208634653873737,-0.05895372407438146,0.34333855447712985,0.7121078515898436,0.408682530757176,0.49041903690861116
hrl,multi,0,weighted_cka,1,1999,2.4474600271883604,300.3,0.6855136752128601,0.6066246032714844,0,0.0,0.4079100045313934,5,0,off,0,0,0.0,0.0,0.0,0.8118618967974506,0.5112781975008547,0.653002412138041,-0.14008037942952842,0.4056346443051006,0.2057632558764424,0.4079100045313934,0.4894920054376721
hrl,multi,0,weighted_cka,1,2000,3.018898115993681,255.75000000000003,0.7093618512153625,0.7055419087409973,1,0.0,0.5031496859989468,5,0,off,0,0,0.0,0.0,0.0,0.794882433110324,0.3598899462781846,0.6786551448963581,0.06033713741932356,0.34905979527367154,0.7760736590158195,0.5031496859989468,0.6037796231987362
